ISO-10303-21;
HEADER;
/* Generated by software containing ST-Developer
 * from STEP Tools, Inc. (www.steptools.com) 
 */

FILE_DESCRIPTION(
/* description */ (''),
/* implementation_level */ '2;1');

FILE_NAME(
/* name */ 
'X:/KiCad/HyperICE Programmer/HyperICE Programmer/lib/HyperICE Program
mer.pretty/3D models/ABM10W.step',
/* time_stamp */ '2021-06-03T13:38:25+02:00',
/* author */ (''),
/* organization */ (''),
/* preprocessor_version */ 'ST-DEVELOPER v18.1',
/* originating_system */ 'Autodesk Translation Framework v10.9.0.1377',

/* authorisation */ '');

FILE_SCHEMA (('AUTOMOTIVE_DESIGN { 1 0 10303 214 3 1 1 }'));
ENDSEC;

DATA;
#10=MECHANICAL_DESIGN_GEOMETRIC_PRESENTATION_REPRESENTATION('',(#58,#59,
#60,#61,#62,#63,#64,#65,#66,#67,#68,#69,#70,#71,#72,#73,#74,#75,#76,#77,
#78),#5491);
#11=SHAPE_REPRESENTATION_RELATIONSHIP('SRR','None',#5498,#12);
#12=ADVANCED_BREP_SHAPE_REPRESENTATION('',(#13),#5490);
#13=MANIFOLD_SOLID_BREP('K\X\F6rper1',#2476);
#14=B_SPLINE_SURFACE_WITH_KNOTS('',3,1,((#3767,#3768),(#3769,#3770),(#3771,
#3772),(#3773,#3774),(#3775,#3776),(#3777,#3778),(#3779,#3780)),
 .UNSPECIFIED.,.F.,.F.,.F.,(4,1,1,1,4),(2,2),(0.,0.247294050035337,0.49560777090905,
0.746359172773196,1.),(0.,0.000360000000000035),.UNSPECIFIED.);
#15=B_SPLINE_SURFACE_WITH_KNOTS('',3,1,((#3790,#3791),(#3792,#3793),(#3794,
#3795),(#3796,#3797),(#3798,#3799),(#3800,#3801),(#3802,#3803),(#3804,#3805),
(#3806,#3807),(#3808,#3809),(#3810,#3811)),.UNSPECIFIED.,.F.,.F.,.F.,(4,
1,1,1,1,1,1,1,4),(2,2),(0.,0.153148108592631,0.299433468832906,0.436426351456751,
0.565670572956358,0.686508310287872,0.799268516063003,0.903394740801343,
1.),(0.,0.000360000000000027),.UNSPECIFIED.);
#16=B_SPLINE_SURFACE_WITH_KNOTS('',3,1,((#3846,#3847),(#3848,#3849),(#3850,
#3851),(#3852,#3853),(#3854,#3855),(#3856,#3857),(#3858,#3859),(#3860,#3861),
(#3862,#3863),(#3864,#3865),(#3866,#3867),(#3868,#3869),(#3870,#3871),(#3872,
#3873),(#3874,#3875),(#3876,#3877),(#3878,#3879),(#3880,#3881),(#3882,#3883)),
 .UNSPECIFIED.,.F.,.F.,.F.,(4,1,1,1,1,1,1,1,1,1,1,1,1,1,1,1,4),(2,2),(0.,
0.0587320371008648,0.114602900846982,0.167656810044612,0.217966707090844,
0.265775205629375,0.311170651053696,0.353791804664669,0.394744908000307,
0.472805951082463,0.549192366561608,0.624780107579555,0.702624764024226,
0.779741432194039,0.854063463988625,0.92715526641035,1.),(0.,0.000360000000000027),
 .UNSPECIFIED.);
#17=B_SPLINE_SURFACE_WITH_KNOTS('',3,1,((#3905,#3906),(#3907,#3908),(#3909,
#3910),(#3911,#3912),(#3913,#3914),(#3915,#3916),(#3917,#3918),(#3919,#3920),
(#3921,#3922),(#3923,#3924),(#3925,#3926)),.UNSPECIFIED.,.F.,.F.,.F.,(4,
1,1,1,1,1,1,1,4),(2,2),(0.,0.115842690601018,0.230568548482884,0.347354604520544,
0.468252746734463,0.592302571480084,0.719970165620697,0.85560038113491,
1.),(0.,0.000359999999999985),.UNSPECIFIED.);
#18=B_SPLINE_SURFACE_WITH_KNOTS('',3,1,((#3940,#3941),(#3942,#3943),(#3944,
#3945),(#3946,#3947),(#3948,#3949),(#3950,#3951),(#3952,#3953),(#3954,#3955),
(#3956,#3957),(#3958,#3959),(#3960,#3961),(#3962,#3963),(#3964,#3965),(#3966,
#3967),(#3968,#3969),(#3970,#3971),(#3972,#3973),(#3974,#3975),(#3976,#3977)),
 .UNSPECIFIED.,.F.,.F.,.F.,(4,1,1,1,1,1,1,1,1,1,1,1,1,1,1,1,4),(2,2),(0.,
0.0704642259291745,0.137956965604268,0.203578563614284,0.267691680244943,
0.330185864859375,0.39153376408982,0.452663773487035,0.513153788089214,
0.573453553100029,0.632967559389193,0.692331907420622,0.75147419157163,
0.81218744552943,0.872961717848316,0.935420306759491,1.),(0.,0.00036000000000001),
 .UNSPECIFIED.);
#19=B_SPLINE_SURFACE_WITH_KNOTS('',3,1,((#3999,#4000),(#4001,#4002),(#4003,
#4004),(#4005,#4006),(#4007,#4008),(#4009,#4010),(#4011,#4012),(#4013,#4014),
(#4015,#4016),(#4017,#4018),(#4019,#4020),(#4021,#4022),(#4023,#4024),(#4025,
#4026),(#4027,#4028),(#4029,#4030),(#4031,#4032),(#4033,#4034),(#4035,#4036)),
 .UNSPECIFIED.,.F.,.F.,.F.,(4,1,1,1,1,1,1,1,1,1,1,1,1,1,1,1,4),(2,2),(0.,
0.0642545754247029,0.127360386832097,0.189471842092642,0.251720762933201,
0.312027284089002,0.368674657115051,0.422681491805548,0.474060425225151,
0.525773772273917,0.579622104857714,0.637375285530865,0.698400381820801,
0.764357331012257,0.836314767979149,0.914677794254047,1.),(0.,0.000360000000000027),
 .UNSPECIFIED.);
#20=B_SPLINE_SURFACE_WITH_KNOTS('',3,1,((#4163,#4164),(#4165,#4166),(#4167,
#4168),(#4169,#4170),(#4171,#4172),(#4173,#4174),(#4175,#4176),(#4177,#4178),
(#4179,#4180),(#4181,#4182),(#4183,#4184),(#4185,#4186),(#4187,#4188),(#4189,
#4190),(#4191,#4192),(#4193,#4194),(#4195,#4196),(#4197,#4198),(#4199,#4200)),
 .UNSPECIFIED.,.F.,.F.,.F.,(4,1,1,1,1,1,1,1,1,1,1,1,1,1,1,1,4),(2,2),(0.,
0.0760105192062329,0.148135736243448,0.217788177833154,0.286767898497234,
0.354043463243919,0.41861084002348,0.483636438855344,0.550229562646152,
0.586927811313815,0.629157825026965,0.67723822428767,0.73004263974373,0.788862566116924,
0.853750451461094,0.924109766538456,1.),(0.,0.000360000000000027),
 .UNSPECIFIED.);
#21=B_SPLINE_SURFACE_WITH_KNOTS('',3,1,((#4222,#4223),(#4224,#4225),(#4226,
#4227),(#4228,#4229),(#4230,#4231),(#4232,#4233),(#4234,#4235),(#4236,#4237),
(#4238,#4239),(#4240,#4241),(#4242,#4243)),.UNSPECIFIED.,.F.,.F.,.F.,(4,
1,1,1,1,1,1,1,4),(2,2),(0.,0.132376878438657,0.255194919767069,0.373722141653669,
0.490011315447416,0.607812421423934,0.731109815901543,0.859997377757584,
1.),(0.,0.00036000000000001),.UNSPECIFIED.);
#22=B_SPLINE_SURFACE_WITH_KNOTS('',3,1,((#4257,#4258),(#4259,#4260),(#4261,
#4262),(#4263,#4264),(#4265,#4266),(#4267,#4268),(#4269,#4270),(#4271,#4272),
(#4273,#4274),(#4275,#4276),(#4277,#4278)),.UNSPECIFIED.,.F.,.F.,.F.,(4,
1,1,1,1,1,1,1,4),(2,2),(0.,0.16698017440603,0.320806632884816,0.463134504870317,
0.59424805397852,0.712367152539742,0.81945495104275,0.915752266581352,1.),
(0.,0.000360000000000027),.UNSPECIFIED.);
#23=B_SPLINE_SURFACE_WITH_KNOTS('',3,1,((#4304,#4305),(#4306,#4307),(#4308,
#4309),(#4310,#4311),(#4312,#4313),(#4314,#4315),(#4316,#4317),(#4318,#4319),
(#4320,#4321),(#4322,#4323),(#4324,#4325),(#4326,#4327),(#4328,#4329),(#4330,
#4331),(#4332,#4333)),.UNSPECIFIED.,.F.,.F.,.F.,(4,1,1,1,1,1,1,1,1,1,1,
1,4),(2,2),(0.,0.0801399024652514,0.156280990619095,0.229406049012902,0.301798696972306,
0.372742862769578,0.442667609902629,0.513320964612697,0.586547692363209,
0.668322508229505,0.763676625525905,0.874080756718549,1.),(0.,0.000359999999999994),
 .UNSPECIFIED.);
#24=B_SPLINE_SURFACE_WITH_KNOTS('',3,1,((#4351,#4352),(#4353,#4354),(#4355,
#4356),(#4357,#4358),(#4359,#4360),(#4361,#4362),(#4363,#4364),(#4365,#4366),
(#4367,#4368),(#4369,#4370),(#4371,#4372),(#4373,#4374),(#4375,#4376),(#4377,
#4378),(#4379,#4380)),.UNSPECIFIED.,.F.,.F.,.F.,(4,1,1,1,1,1,1,1,1,1,1,
1,4),(2,2),(0.,0.0889709576989539,0.172270776773314,0.250312030463709,0.324655199621551,
0.397844450180295,0.473300880718533,0.551825888744448,0.634749483498253,
0.721766011892386,0.810392665561119,0.903175236799419,1.),(0.,0.000360000000000027),
 .UNSPECIFIED.);
#25=B_SPLINE_SURFACE_WITH_KNOTS('',3,1,((#4398,#4399),(#4400,#4401),(#4402,
#4403),(#4404,#4405),(#4406,#4407),(#4408,#4409),(#4410,#4411)),
 .UNSPECIFIED.,.F.,.F.,.F.,(4,1,1,1,4),(2,2),(0.,0.329395464129182,0.605190346852802,
0.827886578694736,1.),(0.,0.00036000000000001),.UNSPECIFIED.);
#26=B_SPLINE_SURFACE_WITH_KNOTS('',3,1,((#4443,#4444),(#4445,#4446),(#4447,
#4448),(#4449,#4450),(#4451,#4452),(#4453,#4454),(#4455,#4456),(#4457,#4458),
(#4459,#4460),(#4461,#4462),(#4463,#4464)),.UNSPECIFIED.,.F.,.F.,.F.,(4,
1,1,1,1,1,1,1,4),(2,2),(0.,0.162525521704187,0.314314898039236,0.454978490546575,
0.584519237366199,0.704567103309073,0.813494989728929,0.911681259682606,
1.),(0.,0.00036000000000001),.UNSPECIFIED.);
#27=B_SPLINE_SURFACE_WITH_KNOTS('',3,1,((#4478,#4479),(#4480,#4481),(#4482,
#4483),(#4484,#4485),(#4486,#4487),(#4488,#4489),(#4490,#4491),(#4492,#4493),
(#4494,#4495),(#4496,#4497),(#4498,#4499)),.UNSPECIFIED.,.F.,.F.,.F.,(4,
1,1,1,1,1,1,1,4),(2,2),(0.,0.0892047702332458,0.189833455664349,0.299232591974981,
0.419260937842907,0.549207390190939,0.689074363684349,0.839579197948318,
1.),(0.,0.00036000000000001),.UNSPECIFIED.);
#28=B_SPLINE_SURFACE_WITH_KNOTS('',3,1,((#4562,#4563),(#4564,#4565),(#4566,
#4567),(#4568,#4569),(#4570,#4571),(#4572,#4573),(#4574,#4575),(#4576,#4577),
(#4578,#4579),(#4580,#4581),(#4582,#4583)),.UNSPECIFIED.,.F.,.F.,.F.,(4,
1,1,1,1,1,1,1,4),(2,2),(0.,0.111670300101587,0.232094480856018,0.362743459104553,
0.502557509710885,0.641525103331281,0.771098495299669,0.890161757373253,
1.),(0.,0.000360000000000027),.UNSPECIFIED.);
#29=B_SPLINE_SURFACE_WITH_KNOTS('',3,1,((#4601,#4602),(#4603,#4604),(#4605,
#4606),(#4607,#4608),(#4609,#4610),(#4611,#4612),(#4613,#4614),(#4615,#4616),
(#4617,#4618),(#4619,#4620),(#4621,#4622)),.UNSPECIFIED.,.F.,.F.,.F.,(4,
1,1,1,1,1,1,1,4),(2,2),(0.,0.142657250700614,0.281168993905444,0.416977192367974,
0.550852492747558,0.678364170261812,0.795032443007095,0.901998178347352,
1.),(0.,0.00036000000000001),.UNSPECIFIED.);
#30=B_SPLINE_SURFACE_WITH_KNOTS('',3,1,((#4639,#4640),(#4641,#4642),(#4643,
#4644),(#4645,#4646),(#4647,#4648),(#4649,#4650),(#4651,#4652),(#4653,#4654),
(#4655,#4656),(#4657,#4658),(#4659,#4660)),.UNSPECIFIED.,.F.,.F.,.F.,(4,
1,1,1,1,1,1,1,4),(2,2),(0.,0.0974206681772146,0.20088558803932,0.31117197017265,
0.429797945825373,0.557739926364587,0.694715269364158,0.842129910206055,
1.),(0.,0.000360000000000035),.UNSPECIFIED.);
#31=B_SPLINE_SURFACE_WITH_KNOTS('',3,1,((#4676,#4677),(#4678,#4679),(#4680,
#4681),(#4682,#4683),(#4684,#4685),(#4686,#4687),(#4688,#4689),(#4690,#4691),
(#4692,#4693),(#4694,#4695),(#4696,#4697),(#4698,#4699),(#4700,#4701),(#4702,
#4703),(#4704,#4705),(#4706,#4707),(#4708,#4709),(#4710,#4711),(#4712,#4713),
(#4714,#4715),(#4716,#4717),(#4718,#4719),(#4720,#4721),(#4722,#4723),(#4724,
#4725),(#4726,#4727),(#4728,#4729)),.UNSPECIFIED.,.F.,.F.,.F.,(4,1,1,1,
1,1,1,1,1,1,1,1,1,1,1,1,1,1,1,1,1,1,1,1,4),(2,2),(0.,0.0631144583947933,
0.12361464576949,0.180973711185958,0.235261455008322,0.287100701833872,
0.336030736303444,0.382382348585066,0.426334083659707,0.46821069479816,
0.508249601261805,0.546628336606585,0.583649539230446,0.618994315030162,
0.653583018620596,0.687156136190332,0.720422191978808,0.753230218811817,
0.7862601560779,0.819503983498884,0.853545274712018,0.88830828033973,0.923995860740695,
0.961350304754645,1.),(0.,0.000359999999999919),.UNSPECIFIED.);
#32=B_SPLINE_SURFACE_WITH_KNOTS('',3,1,((#4759,#4760),(#4761,#4762),(#4763,
#4764),(#4765,#4766),(#4767,#4768),(#4769,#4770),(#4771,#4772),(#4773,#4774),
(#4775,#4776),(#4777,#4778),(#4779,#4780),(#4781,#4782),(#4783,#4784),(#4785,
#4786),(#4787,#4788),(#4789,#4790),(#4791,#4792),(#4793,#4794),(#4795,#4796),
(#4797,#4798),(#4799,#4800),(#4801,#4802),(#4803,#4804)),.UNSPECIFIED.,
 .F.,.F.,.F.,(4,1,1,1,1,1,1,1,1,1,1,1,1,1,1,1,1,1,1,1,4),(2,2),(0.,0.0567243372181505,
0.111437235737011,0.164367822222902,0.21643537246209,0.267641490321925,
0.317359779969028,0.367473063332281,0.418210397052808,0.47140428264702,
0.527965720129049,0.588061115823214,0.652134262993714,0.686344836335305,
0.723263680316965,0.762610250771542,0.804738936645218,0.84943033879095,
0.896711258386492,0.946889638053476,1.),(0.,0.00035999999999996),
 .UNSPECIFIED.);
#33=B_SPLINE_SURFACE_WITH_KNOTS('',3,1,((#4830,#4831),(#4832,#4833),(#4834,
#4835),(#4836,#4837),(#4838,#4839),(#4840,#4841),(#4842,#4843),(#4844,#4845),
(#4846,#4847),(#4848,#4849),(#4850,#4851),(#4852,#4853),(#4854,#4855),(#4856,
#4857),(#4858,#4859),(#4860,#4861),(#4862,#4863),(#4864,#4865),(#4866,#4867),
(#4868,#4869),(#4870,#4871),(#4872,#4873),(#4874,#4875),(#4876,#4877),(#4878,
#4879),(#4880,#4881),(#4882,#4883)),.UNSPECIFIED.,.F.,.F.,.F.,(4,1,1,1,
1,1,1,1,1,1,1,1,1,1,1,1,1,1,1,1,1,1,1,1,4),(2,2),(0.,0.0628739462114326,
0.122836629991913,0.179656567443031,0.233960012230862,0.285595018695559,
0.334513106078381,0.380904825906176,0.424894591939335,0.466529034765487,
0.506488294069247,0.545031553644754,0.581831179823134,0.617448279949443,
0.652066912769046,0.685879714246511,0.719174554791392,0.752181646206393,
0.785240163918091,0.818656449777083,0.852547740653311,0.887626342258519,
0.923635078068751,0.961021844476989,1.),(0.,0.000360000000000027),
 .UNSPECIFIED.);
#34=B_SPLINE_SURFACE_WITH_KNOTS('',3,1,((#4913,#4914),(#4915,#4916),(#4917,
#4918),(#4919,#4920),(#4921,#4922),(#4923,#4924),(#4925,#4926),(#4927,#4928),
(#4929,#4930),(#4931,#4932),(#4933,#4934)),.UNSPECIFIED.,.F.,.F.,.F.,(4,
1,1,1,1,1,1,1,4),(2,2),(0.,0.137903229993393,0.268873342600293,0.395178127346113,
0.517089238130888,0.636743026513548,0.756221816463797,0.876628359463679,
1.),(0.,0.000360000000000027),.UNSPECIFIED.);
#35=B_SPLINE_SURFACE_WITH_KNOTS('',3,1,((#5031,#5032),(#5033,#5034),(#5035,
#5036),(#5037,#5038),(#5039,#5040),(#5041,#5042),(#5043,#5044),(#5045,#5046),
(#5047,#5048),(#5049,#5050),(#5051,#5052)),.UNSPECIFIED.,.F.,.F.,.F.,(4,
1,1,1,1,1,1,1,4),(2,2),(0.,0.0838881132795453,0.177154032753969,0.282513635561722,
0.399399860660163,0.52949080619122,0.672802177675833,0.82953576161967,1.),
(0.,0.00036000000000001),.UNSPECIFIED.);
#36=B_SPLINE_SURFACE_WITH_KNOTS('',3,1,((#5068,#5069),(#5070,#5071),(#5072,
#5073),(#5074,#5075),(#5076,#5077),(#5078,#5079),(#5080,#5081),(#5082,#5083),
(#5084,#5085),(#5086,#5087),(#5088,#5089)),.UNSPECIFIED.,.F.,.F.,.F.,(4,
1,1,1,1,1,1,1,4),(2,2),(0.,0.127664767896223,0.251738563008049,0.37275334938739,
0.492146758972386,0.614069621309244,0.737197324412109,0.865606990601117,
1.),(0.,0.00036000000000001),.UNSPECIFIED.);
#37=B_SPLINE_SURFACE_WITH_KNOTS('',3,1,((#5103,#5104),(#5105,#5106),(#5107,
#5108),(#5109,#5110),(#5111,#5112),(#5113,#5114),(#5115,#5116),(#5117,#5118),
(#5119,#5120),(#5121,#5122),(#5123,#5124),(#5125,#5126),(#5127,#5128),(#5129,
#5130),(#5131,#5132),(#5133,#5134),(#5135,#5136),(#5137,#5138),(#5139,#5140)),
 .UNSPECIFIED.,.F.,.F.,.F.,(4,1,1,1,1,1,1,1,1,1,1,1,1,1,1,1,4),(2,2),(0.,
0.115629130925441,0.221541039119877,0.317047856219042,0.403150875639616,
0.480181216716279,0.54764936614819,0.607035842842181,0.658652408063507,
0.705722890353645,0.749804087979647,0.792586815345274,0.83387396101026,
0.874768393303432,0.915222698891638,0.95688070373048,1.),(0.,0.00036000000000001),
 .UNSPECIFIED.);
#38=B_SPLINE_SURFACE_WITH_KNOTS('',3,1,((#5162,#5163),(#5164,#5165),(#5166,
#5167),(#5168,#5169),(#5170,#5171),(#5172,#5173),(#5174,#5175),(#5176,#5177),
(#5178,#5179),(#5180,#5181),(#5182,#5183),(#5184,#5185),(#5186,#5187),(#5188,
#5189),(#5190,#5191),(#5192,#5193),(#5194,#5195),(#5196,#5197),(#5198,#5199)),
 .UNSPECIFIED.,.F.,.F.,.F.,(4,1,1,1,1,1,1,1,1,1,1,1,1,1,1,1,4),(2,2),(0.,
0.0407818458722599,0.0808695887215869,0.120268165788267,0.160186850455352,
0.200459737638639,0.242265177897908,0.286459261549468,0.332952083749263,
0.38443053404953,0.443389125360106,0.511681472213683,0.589020025549008,
0.676245190650772,0.773705191472824,0.881567767781983,1.),(0.,0.00035999999999996),
 .UNSPECIFIED.);
#39=B_SPLINE_SURFACE_WITH_KNOTS('',3,1,((#5221,#5222),(#5223,#5224),(#5225,
#5226),(#5227,#5228),(#5229,#5230),(#5231,#5232),(#5233,#5234),(#5235,#5236),
(#5237,#5238),(#5239,#5240),(#5241,#5242),(#5243,#5244),(#5245,#5246),(#5247,
#5248),(#5249,#5250),(#5251,#5252),(#5253,#5254),(#5255,#5256),(#5257,#5258)),
 .UNSPECIFIED.,.F.,.F.,.F.,(4,1,1,1,1,1,1,1,1,1,1,1,1,1,1,1,4),(2,2),(0.,
0.11840550815377,0.226654332816702,0.324092341928602,0.411704803005322,
0.489025905006416,0.556909397343076,0.616233344492707,0.667349281277075,
0.713512393201348,0.757696504520978,0.799492511442291,0.839976064743939,
0.879885741816776,0.919148659385742,0.959227356493083,1.),(0.,0.000359999999999994),
 .UNSPECIFIED.);
#40=B_SPLINE_SURFACE_WITH_KNOTS('',3,1,((#5297,#5298),(#5299,#5300),(#5301,
#5302),(#5303,#5304),(#5305,#5306)),.UNSPECIFIED.,.F.,.F.,.F.,(4,1,4),(2,
2),(0.,0.502565389921804,1.),(0.,0.00036000000000001),.UNSPECIFIED.);
#41=B_SPLINE_SURFACE_WITH_KNOTS('',3,1,((#5314,#5315),(#5316,#5317),(#5318,
#5319),(#5320,#5321),(#5322,#5323),(#5324,#5325),(#5326,#5327),(#5328,#5329),
(#5330,#5331),(#5332,#5333),(#5334,#5335)),.UNSPECIFIED.,.F.,.F.,.F.,(4,
1,1,1,1,1,1,1,4),(2,2),(0.,0.20422615407791,0.385541764806322,0.544547923962639,
0.680944400424359,0.794731570821503,0.886211806481934,0.953740507841452,
1.),(0.,0.000360000000000035),.UNSPECIFIED.);
#42=B_SPLINE_SURFACE_WITH_KNOTS('',3,1,((#5361,#5362),(#5363,#5364),(#5365,
#5366),(#5367,#5368),(#5369,#5370),(#5371,#5372),(#5373,#5374)),
 .UNSPECIFIED.,.F.,.F.,.F.,(4,1,1,1,4),(2,2),(0.,0.260386142524085,0.513425120504667,
0.759973621525999,1.),(0.,0.00036000000000001),.UNSPECIFIED.);
#43=B_SPLINE_SURFACE_WITH_KNOTS('',3,1,((#5384,#5385),(#5386,#5387),(#5388,
#5389),(#5390,#5391),(#5392,#5393),(#5394,#5395),(#5396,#5397)),
 .UNSPECIFIED.,.F.,.F.,.F.,(4,1,1,1,4),(2,2),(0.,0.215532681682429,0.453567141799078,
0.715533819933291,1.),(0.,0.000360000000000019),.UNSPECIFIED.);
#44=B_SPLINE_SURFACE_WITH_KNOTS('',3,1,((#5427,#5428),(#5429,#5430),(#5431,
#5432),(#5433,#5434),(#5435,#5436),(#5437,#5438),(#5439,#5440),(#5441,#5442),
(#5443,#5444),(#5445,#5446),(#5447,#5448)),.UNSPECIFIED.,.F.,.F.,.F.,(4,
1,1,1,1,1,1,1,4),(2,2),(0.,0.195279953533648,0.370959195878059,0.526302240592788,
0.662039984591536,0.776996421772982,0.871173310115106,0.945756934130325,
1.),(0.,0.000360000000000027),.UNSPECIFIED.);
#45=B_SPLINE_SURFACE_WITH_KNOTS('',3,1,((#5462,#5463),(#5464,#5465),(#5466,
#5467),(#5468,#5469),(#5470,#5471),(#5472,#5473),(#5474,#5475)),
 .UNSPECIFIED.,.F.,.F.,.F.,(4,1,1,1,4),(2,2),(0.,0.299432583520025,0.565780425350045,
0.799636814169341,1.),(0.,0.000360000000000027),.UNSPECIFIED.);
#46=CYLINDRICAL_SURFACE('',#2513,0.2);
#47=CYLINDRICAL_SURFACE('',#2516,0.2);
#48=CYLINDRICAL_SURFACE('',#2519,0.2);
#49=CYLINDRICAL_SURFACE('',#2522,0.2);
#50=CYLINDRICAL_SURFACE('',#2546,0.125);
#51=CYLINDRICAL_SURFACE('',#2547,0.125);
#52=CYLINDRICAL_SURFACE('',#2548,0.125);
#53=CYLINDRICAL_SURFACE('',#2549,0.125);
#54=CYLINDRICAL_SURFACE('',#2550,0.125);
#55=CYLINDRICAL_SURFACE('',#2551,0.125);
#56=CYLINDRICAL_SURFACE('',#2552,0.125);
#57=CYLINDRICAL_SURFACE('',#2553,0.125);
#58=STYLED_ITEM('',(#5509),#2352);
#59=STYLED_ITEM('',(#5509),#2353);
#60=STYLED_ITEM('',(#5510),#2354);
#61=STYLED_ITEM('',(#5509),#2355);
#62=STYLED_ITEM('',(#5510),#2356);
#63=STYLED_ITEM('',(#5509),#2357);
#64=STYLED_ITEM('',(#5510),#2358);
#65=STYLED_ITEM('',(#5509),#2359);
#66=STYLED_ITEM('',(#5510),#2360);
#67=STYLED_ITEM('',(#5509),#2361);
#68=STYLED_ITEM('',(#5510),#2362);
#69=STYLED_ITEM('',(#5510),#2363);
#70=STYLED_ITEM('',(#5510),#2364);
#71=STYLED_ITEM('',(#5510),#2365);
#72=STYLED_ITEM('',(#5509),#2391);
#73=STYLED_ITEM('',(#5509),#2405);
#74=STYLED_ITEM('',(#5509),#2435);
#75=STYLED_ITEM('',(#5509),#2443);
#76=STYLED_ITEM('',(#5509),#2449);
#77=STYLED_ITEM('',(#5509),#2475);
#78=STYLED_ITEM('',(#5508),#13);
#79=FACE_BOUND('',#281,.T.);
#80=FACE_BOUND('',#282,.T.);
#81=FACE_BOUND('',#283,.T.);
#82=FACE_BOUND('',#284,.T.);
#83=FACE_BOUND('',#285,.T.);
#84=FACE_BOUND('',#286,.T.);
#85=FACE_BOUND('',#288,.T.);
#86=FACE_BOUND('',#307,.T.);
#87=FACE_BOUND('',#329,.T.);
#88=FACE_BOUND('',#344,.T.);
#89=FACE_BOUND('',#345,.T.);
#90=FACE_BOUND('',#390,.T.);
#91=B_SPLINE_CURVE_WITH_KNOTS('',3,(#3151,#3152,#3153,#3154,#3155,#3156,
#3157,#3158,#3159,#3160,#3161,#3162,#3163,#3164,#3165,#3166,#3167,#3168,
#3169),.UNSPECIFIED.,.F.,.F.,(4,1,1,1,1,1,1,1,1,1,1,1,1,1,1,1,4),(0.,0.0587320371008648,
0.114602900846982,0.167656810044612,0.217966707090844,0.265775205629375,
0.311170651053696,0.353791804664669,0.394744908000307,0.472805951082463,
0.549192366561608,0.624780107579555,0.702624764024226,0.779741432194039,
0.854063463988625,0.92715526641035,1.),.UNSPECIFIED.);
#92=B_SPLINE_CURVE_WITH_KNOTS('',3,(#3171,#3172,#3173,#3174,#3175,#3176,
#3177,#3178,#3179,#3180,#3181),.UNSPECIFIED.,.F.,.F.,(4,1,1,1,1,1,1,1,4),
(0.,0.115842690601018,0.230568548482884,0.347354604520544,0.468252746734463,
0.592302571480084,0.719970165620697,0.85560038113491,1.),.UNSPECIFIED.);
#93=B_SPLINE_CURVE_WITH_KNOTS('',3,(#3183,#3184,#3185,#3186,#3187,#3188,
#3189,#3190,#3191,#3192,#3193,#3194,#3195,#3196,#3197,#3198,#3199,#3200,
#3201),.UNSPECIFIED.,.F.,.F.,(4,1,1,1,1,1,1,1,1,1,1,1,1,1,1,1,4),(0.,0.0704642259291745,
0.137956965604268,0.203578563614284,0.267691680244943,0.330185864859375,
0.39153376408982,0.452663773487035,0.513153788089214,0.573453553100029,
0.632967559389193,0.692331907420622,0.75147419157163,0.81218744552943,0.872961717848316,
0.935420306759491,1.),.UNSPECIFIED.);
#94=B_SPLINE_CURVE_WITH_KNOTS('',3,(#3202,#3203,#3204,#3205,#3206,#3207,
#3208,#3209,#3210,#3211,#3212,#3213,#3214,#3215,#3216,#3217,#3218,#3219,
#3220),.UNSPECIFIED.,.F.,.F.,(4,1,1,1,1,1,1,1,1,1,1,1,1,1,1,1,4),(0.,0.0642545754247029,
0.127360386832097,0.189471842092642,0.251720762933201,0.312027284089002,
0.368674657115051,0.422681491805548,0.474060425225151,0.525773772273917,
0.579622104857714,0.637375285530865,0.698400381820801,0.764357331012257,
0.836314767979149,0.914677794254047,1.),.UNSPECIFIED.);
#95=B_SPLINE_CURVE_WITH_KNOTS('',3,(#3229,#3230,#3231,#3232,#3233,#3234,
#3235,#3236,#3237,#3238,#3239),.UNSPECIFIED.,.F.,.F.,(4,1,1,1,1,1,1,1,4),
(0.,0.111670300101587,0.232094480856018,0.362743459104553,0.502557509710885,
0.641525103331281,0.771098495299669,0.890161757373253,1.),.UNSPECIFIED.);
#96=B_SPLINE_CURVE_WITH_KNOTS('',3,(#3243,#3244,#3245,#3246,#3247,#3248,
#3249,#3250,#3251,#3252,#3253),.UNSPECIFIED.,.F.,.F.,(4,1,1,1,1,1,1,1,4),
(0.,0.142657250700614,0.281168993905444,0.416977192367974,0.550852492747558,
0.678364170261812,0.795032443007095,0.901998178347352,1.),.UNSPECIFIED.);
#97=B_SPLINE_CURVE_WITH_KNOTS('',3,(#3265,#3266,#3267,#3268,#3269),
 .UNSPECIFIED.,.F.,.F.,(4,1,4),(0.,0.502565389921804,1.),.UNSPECIFIED.);
#98=B_SPLINE_CURVE_WITH_KNOTS('',3,(#3271,#3272,#3273,#3274,#3275,#3276,
#3277,#3278,#3279,#3280,#3281),.UNSPECIFIED.,.F.,.F.,(4,1,1,1,1,1,1,1,4),
(0.,0.20422615407791,0.385541764806322,0.544547923962639,0.680944400424359,
0.794731570821503,0.886211806481934,0.953740507841452,1.),.UNSPECIFIED.);
#99=B_SPLINE_CURVE_WITH_KNOTS('',3,(#3289,#3290,#3291,#3292,#3293,#3294,
#3295),.UNSPECIFIED.,.F.,.F.,(4,1,1,1,4),(0.,0.260386142524085,0.513425120504667,
0.759973621525999,1.),.UNSPECIFIED.);
#100=B_SPLINE_CURVE_WITH_KNOTS('',3,(#3297,#3298,#3299,#3300,#3301,#3302,
#3303),.UNSPECIFIED.,.F.,.F.,(4,1,1,1,4),(0.,0.215532681682429,0.453567141799078,
0.715533819933291,1.),.UNSPECIFIED.);
#101=B_SPLINE_CURVE_WITH_KNOTS('',3,(#3315,#3316,#3317,#3318,#3319,#3320,
#3321,#3322,#3323,#3324,#3325),.UNSPECIFIED.,.F.,.F.,(4,1,1,1,1,1,1,1,4),
(0.,0.195279953533648,0.370959195878059,0.526302240592788,0.662039984591536,
0.776996421772982,0.871173310115106,0.945756934130325,1.),.UNSPECIFIED.);
#102=B_SPLINE_CURVE_WITH_KNOTS('',3,(#3327,#3328,#3329,#3330,#3331,#3332,
#3333),.UNSPECIFIED.,.F.,.F.,(4,1,1,1,4),(0.,0.299432583520025,0.565780425350045,
0.799636814169341,1.),.UNSPECIFIED.);
#103=B_SPLINE_CURVE_WITH_KNOTS('',3,(#3337,#3338,#3339,#3340,#3341,#3342,
#3343,#3344,#3345,#3346,#3347),.UNSPECIFIED.,.F.,.F.,(4,1,1,1,1,1,1,1,4),
(0.,0.0974206681772146,0.20088558803932,0.31117197017265,0.429797945825373,
0.557739926364587,0.694715269364158,0.842129910206055,1.),.UNSPECIFIED.);
#104=B_SPLINE_CURVE_WITH_KNOTS('',3,(#3349,#3350,#3351,#3352,#3353,#3354,
#3355,#3356,#3357,#3358,#3359,#3360,#3361,#3362,#3363,#3364,#3365,#3366,
#3367,#3368,#3369,#3370,#3371,#3372,#3373,#3374,#3375),.UNSPECIFIED.,.F.,
 .F.,(4,1,1,1,1,1,1,1,1,1,1,1,1,1,1,1,1,1,1,1,1,1,1,1,4),(0.,0.0631144583947933,
0.12361464576949,0.180973711185958,0.235261455008322,0.287100701833872,
0.336030736303444,0.382382348585066,0.426334083659707,0.46821069479816,
0.508249601261805,0.546628336606585,0.583649539230446,0.618994315030162,
0.653583018620596,0.687156136190332,0.720422191978808,0.753230218811817,
0.7862601560779,0.819503983498884,0.853545274712018,0.88830828033973,0.923995860740695,
0.961350304754645,1.),.UNSPECIFIED.);
#105=B_SPLINE_CURVE_WITH_KNOTS('',3,(#3377,#3378,#3379,#3380,#3381,#3382,
#3383,#3384,#3385,#3386,#3387,#3388,#3389,#3390,#3391,#3392,#3393,#3394,
#3395,#3396,#3397,#3398,#3399),.UNSPECIFIED.,.F.,.F.,(4,1,1,1,1,1,1,1,1,
1,1,1,1,1,1,1,1,1,1,1,4),(0.,0.0567243372181505,0.111437235737011,0.164367822222902,
0.21643537246209,0.267641490321925,0.317359779969028,0.367473063332281,
0.418210397052808,0.47140428264702,0.527965720129049,0.588061115823214,
0.652134262993714,0.686344836335305,0.723263680316965,0.762610250771542,
0.804738936645218,0.84943033879095,0.896711258386492,0.946889638053476,
1.),.UNSPECIFIED.);
#106=B_SPLINE_CURVE_WITH_KNOTS('',3,(#3401,#3402,#3403,#3404,#3405,#3406,
#3407,#3408,#3409,#3410,#3411,#3412,#3413,#3414,#3415,#3416,#3417,#3418,
#3419,#3420,#3421,#3422,#3423,#3424,#3425,#3426,#3427),.UNSPECIFIED.,.F.,
 .F.,(4,1,1,1,1,1,1,1,1,1,1,1,1,1,1,1,1,1,1,1,1,1,1,1,4),(0.,0.0628739462114326,
0.122836629991913,0.179656567443031,0.233960012230862,0.285595018695559,
0.334513106078381,0.380904825906176,0.424894591939335,0.466529034765487,
0.506488294069247,0.545031553644754,0.581831179823134,0.617448279949443,
0.652066912769046,0.685879714246511,0.719174554791392,0.752181646206393,
0.785240163918091,0.818656449777083,0.852547740653311,0.887626342258519,
0.923635078068751,0.961021844476989,1.),.UNSPECIFIED.);
#107=B_SPLINE_CURVE_WITH_KNOTS('',3,(#3428,#3429,#3430,#3431,#3432,#3433,
#3434,#3435,#3436,#3437,#3438),.UNSPECIFIED.,.F.,.F.,(4,1,1,1,1,1,1,1,4),
(0.,0.137903229993393,0.268873342600293,0.395178127346113,0.517089238130888,
0.636743026513548,0.756221816463797,0.876628359463679,1.),.UNSPECIFIED.);
#108=B_SPLINE_CURVE_WITH_KNOTS('',3,(#3449,#3450,#3451,#3452,#3453,#3454,
#3455,#3456,#3457,#3458,#3459),.UNSPECIFIED.,.F.,.F.,(4,1,1,1,1,1,1,1,4),
(0.,0.162525521704187,0.314314898039236,0.454978490546575,0.584519237366199,
0.704567103309073,0.813494989728929,0.911681259682606,1.),.UNSPECIFIED.);
#109=B_SPLINE_CURVE_WITH_KNOTS('',3,(#3461,#3462,#3463,#3464,#3465,#3466,
#3467,#3468,#3469,#3470,#3471),.UNSPECIFIED.,.F.,.F.,(4,1,1,1,1,1,1,1,4),
(0.,0.0892047702332458,0.189833455664349,0.299232591974981,0.419260937842907,
0.549207390190939,0.689074363684349,0.839579197948318,1.),.UNSPECIFIED.);
#110=B_SPLINE_CURVE_WITH_KNOTS('',3,(#3739,#3740,#3741,#3742,#3743,#3744,
#3745),.UNSPECIFIED.,.F.,.F.,(4,1,1,1,4),(0.,0.247294050035337,0.49560777090905,
0.746359172773196,1.),.UNSPECIFIED.);
#111=B_SPLINE_CURVE_WITH_KNOTS('',3,(#3747,#3748,#3749,#3750,#3751,#3752,
#3753,#3754,#3755,#3756,#3757),.UNSPECIFIED.,.F.,.F.,(4,1,1,1,1,1,1,1,4),
(0.,0.153148108592631,0.299433468832906,0.436426351456751,0.565670572956358,
0.686508310287872,0.799268516063003,0.903394740801343,1.),.UNSPECIFIED.);
#112=B_SPLINE_CURVE_WITH_KNOTS('',3,(#3782,#3783,#3784,#3785,#3786,#3787,
#3788),.UNSPECIFIED.,.F.,.F.,(4,1,1,1,4),(0.,0.247294050035337,0.49560777090905,
0.746359172773196,1.),.UNSPECIFIED.);
#113=B_SPLINE_CURVE_WITH_KNOTS('',3,(#3813,#3814,#3815,#3816,#3817,#3818,
#3819,#3820,#3821,#3822,#3823),.UNSPECIFIED.,.F.,.F.,(4,1,1,1,1,1,1,1,4),
(0.,0.153148108592631,0.299433468832906,0.436426351456751,0.565670572956358,
0.686508310287872,0.799268516063003,0.903394740801343,1.),.UNSPECIFIED.);
#114=B_SPLINE_CURVE_WITH_KNOTS('',3,(#3885,#3886,#3887,#3888,#3889,#3890,
#3891,#3892,#3893,#3894,#3895,#3896,#3897,#3898,#3899,#3900,#3901,#3902,
#3903),.UNSPECIFIED.,.F.,.F.,(4,1,1,1,1,1,1,1,1,1,1,1,1,1,1,1,4),(0.,0.0587320371008648,
0.114602900846982,0.167656810044612,0.217966707090844,0.265775205629375,
0.311170651053696,0.353791804664669,0.394744908000307,0.472805951082463,
0.549192366561608,0.624780107579555,0.702624764024226,0.779741432194039,
0.854063463988625,0.92715526641035,1.),.UNSPECIFIED.);
#115=B_SPLINE_CURVE_WITH_KNOTS('',3,(#3928,#3929,#3930,#3931,#3932,#3933,
#3934,#3935,#3936,#3937,#3938),.UNSPECIFIED.,.F.,.F.,(4,1,1,1,1,1,1,1,4),
(0.,0.115842690601018,0.230568548482884,0.347354604520544,0.468252746734463,
0.592302571480084,0.719970165620697,0.85560038113491,1.),.UNSPECIFIED.);
#116=B_SPLINE_CURVE_WITH_KNOTS('',3,(#3979,#3980,#3981,#3982,#3983,#3984,
#3985,#3986,#3987,#3988,#3989,#3990,#3991,#3992,#3993,#3994,#3995,#3996,
#3997),.UNSPECIFIED.,.F.,.F.,(4,1,1,1,1,1,1,1,1,1,1,1,1,1,1,1,4),(0.,0.0704642259291745,
0.137956965604268,0.203578563614284,0.267691680244943,0.330185864859375,
0.39153376408982,0.452663773487035,0.513153788089214,0.573453553100029,
0.632967559389193,0.692331907420622,0.75147419157163,0.81218744552943,0.872961717848316,
0.935420306759491,1.),.UNSPECIFIED.);
#117=B_SPLINE_CURVE_WITH_KNOTS('',3,(#4037,#4038,#4039,#4040,#4041,#4042,
#4043,#4044,#4045,#4046,#4047,#4048,#4049,#4050,#4051,#4052,#4053,#4054,
#4055),.UNSPECIFIED.,.F.,.F.,(4,1,1,1,1,1,1,1,1,1,1,1,1,1,1,1,4),(0.,0.0642545754247029,
0.127360386832097,0.189471842092642,0.251720762933201,0.312027284089002,
0.368674657115051,0.422681491805548,0.474060425225151,0.525773772273917,
0.579622104857714,0.637375285530865,0.698400381820801,0.764357331012257,
0.836314767979149,0.914677794254047,1.),.UNSPECIFIED.);
#118=B_SPLINE_CURVE_WITH_KNOTS('',3,(#4061,#4062,#4063,#4064,#4065,#4066,
#4067,#4068,#4069,#4070,#4071,#4072,#4073,#4074,#4075),.UNSPECIFIED.,.F.,
 .F.,(4,1,1,1,1,1,1,1,1,1,1,1,4),(0.,0.0801399024652514,0.156280990619095,
0.229406049012902,0.301798696972306,0.372742862769578,0.442667609902629,
0.513320964612697,0.586547692363209,0.668322508229505,0.763676625525905,
0.874080756718549,1.),.UNSPECIFIED.);
#119=B_SPLINE_CURVE_WITH_KNOTS('',3,(#4077,#4078,#4079,#4080,#4081,#4082,
#4083,#4084,#4085,#4086,#4087,#4088,#4089,#4090,#4091),.UNSPECIFIED.,.F.,
 .F.,(4,1,1,1,1,1,1,1,1,1,1,1,4),(0.,0.0889709576989539,0.172270776773314,
0.250312030463709,0.324655199621551,0.397844450180295,0.473300880718533,
0.551825888744448,0.634749483498253,0.721766011892386,0.810392665561119,
0.903175236799419,1.),.UNSPECIFIED.);
#120=B_SPLINE_CURVE_WITH_KNOTS('',3,(#4093,#4094,#4095,#4096,#4097,#4098,
#4099),.UNSPECIFIED.,.F.,.F.,(4,1,1,1,4),(0.,0.329395464129182,0.605190346852802,
0.827886578694736,1.),.UNSPECIFIED.);
#121=B_SPLINE_CURVE_WITH_KNOTS('',3,(#4107,#4108,#4109,#4110,#4111,#4112,
#4113,#4114,#4115,#4116,#4117,#4118,#4119,#4120,#4121,#4122,#4123,#4124,
#4125),.UNSPECIFIED.,.F.,.F.,(4,1,1,1,1,1,1,1,1,1,1,1,1,1,1,1,4),(0.,0.0760105192062329,
0.148135736243448,0.217788177833154,0.286767898497234,0.354043463243919,
0.41861084002348,0.483636438855344,0.550229562646152,0.586927811313815,
0.629157825026965,0.67723822428767,0.73004263974373,0.788862566116924,0.853750451461094,
0.924109766538456,1.),.UNSPECIFIED.);
#122=B_SPLINE_CURVE_WITH_KNOTS('',3,(#4127,#4128,#4129,#4130,#4131,#4132,
#4133,#4134,#4135,#4136,#4137),.UNSPECIFIED.,.F.,.F.,(4,1,1,1,1,1,1,1,4),
(0.,0.132376878438657,0.255194919767069,0.373722141653669,0.490011315447416,
0.607812421423934,0.731109815901543,0.859997377757584,1.),.UNSPECIFIED.);
#123=B_SPLINE_CURVE_WITH_KNOTS('',3,(#4139,#4140,#4141,#4142,#4143,#4144,
#4145,#4146,#4147,#4148,#4149),.UNSPECIFIED.,.F.,.F.,(4,1,1,1,1,1,1,1,4),
(0.,0.16698017440603,0.320806632884816,0.463134504870317,0.59424805397852,
0.712367152539742,0.81945495104275,0.915752266581352,1.),.UNSPECIFIED.);
#124=B_SPLINE_CURVE_WITH_KNOTS('',3,(#4202,#4203,#4204,#4205,#4206,#4207,
#4208,#4209,#4210,#4211,#4212,#4213,#4214,#4215,#4216,#4217,#4218,#4219,
#4220),.UNSPECIFIED.,.F.,.F.,(4,1,1,1,1,1,1,1,1,1,1,1,1,1,1,1,4),(0.,0.0760105192062329,
0.148135736243448,0.217788177833154,0.286767898497234,0.354043463243919,
0.41861084002348,0.483636438855344,0.550229562646152,0.586927811313815,
0.629157825026965,0.67723822428767,0.73004263974373,0.788862566116924,0.853750451461094,
0.924109766538456,1.),.UNSPECIFIED.);
#125=B_SPLINE_CURVE_WITH_KNOTS('',3,(#4245,#4246,#4247,#4248,#4249,#4250,
#4251,#4252,#4253,#4254,#4255),.UNSPECIFIED.,.F.,.F.,(4,1,1,1,1,1,1,1,4),
(0.,0.132376878438657,0.255194919767069,0.373722141653669,0.490011315447416,
0.607812421423934,0.731109815901543,0.859997377757584,1.),.UNSPECIFIED.);
#126=B_SPLINE_CURVE_WITH_KNOTS('',3,(#4280,#4281,#4282,#4283,#4284,#4285,
#4286,#4287,#4288,#4289,#4290),.UNSPECIFIED.,.F.,.F.,(4,1,1,1,1,1,1,1,4),
(0.,0.16698017440603,0.320806632884816,0.463134504870317,0.59424805397852,
0.712367152539742,0.81945495104275,0.915752266581352,1.),.UNSPECIFIED.);
#127=B_SPLINE_CURVE_WITH_KNOTS('',3,(#4335,#4336,#4337,#4338,#4339,#4340,
#4341,#4342,#4343,#4344,#4345,#4346,#4347,#4348,#4349),.UNSPECIFIED.,.F.,
 .F.,(4,1,1,1,1,1,1,1,1,1,1,1,4),(0.,0.0801399024652514,0.156280990619095,
0.229406049012902,0.301798696972306,0.372742862769578,0.442667609902629,
0.513320964612697,0.586547692363209,0.668322508229505,0.763676625525905,
0.874080756718549,1.),.UNSPECIFIED.);
#128=B_SPLINE_CURVE_WITH_KNOTS('',3,(#4382,#4383,#4384,#4385,#4386,#4387,
#4388,#4389,#4390,#4391,#4392,#4393,#4394,#4395,#4396),.UNSPECIFIED.,.F.,
 .F.,(4,1,1,1,1,1,1,1,1,1,1,1,4),(0.,0.0889709576989539,0.172270776773314,
0.250312030463709,0.324655199621551,0.397844450180295,0.473300880718533,
0.551825888744448,0.634749483498253,0.721766011892386,0.810392665561119,
0.903175236799419,1.),.UNSPECIFIED.);
#129=B_SPLINE_CURVE_WITH_KNOTS('',3,(#4413,#4414,#4415,#4416,#4417,#4418,
#4419),.UNSPECIFIED.,.F.,.F.,(4,1,1,1,4),(0.,0.329395464129182,0.605190346852802,
0.827886578694736,1.),.UNSPECIFIED.);
#130=B_SPLINE_CURVE_WITH_KNOTS('',3,(#4466,#4467,#4468,#4469,#4470,#4471,
#4472,#4473,#4474,#4475,#4476),.UNSPECIFIED.,.F.,.F.,(4,1,1,1,1,1,1,1,4),
(0.,0.162525521704187,0.314314898039236,0.454978490546575,0.584519237366199,
0.704567103309073,0.813494989728929,0.911681259682606,1.),.UNSPECIFIED.);
#131=B_SPLINE_CURVE_WITH_KNOTS('',3,(#4501,#4502,#4503,#4504,#4505,#4506,
#4507,#4508,#4509,#4510,#4511),.UNSPECIFIED.,.F.,.F.,(4,1,1,1,1,1,1,1,4),
(0.,0.0892047702332458,0.189833455664349,0.299232591974981,0.419260937842907,
0.549207390190939,0.689074363684349,0.839579197948318,1.),.UNSPECIFIED.);
#132=B_SPLINE_CURVE_WITH_KNOTS('',3,(#4585,#4586,#4587,#4588,#4589,#4590,
#4591,#4592,#4593,#4594,#4595),.UNSPECIFIED.,.F.,.F.,(4,1,1,1,1,1,1,1,4),
(0.,0.111670300101587,0.232094480856018,0.362743459104553,0.502557509710885,
0.641525103331281,0.771098495299669,0.890161757373253,1.),.UNSPECIFIED.);
#133=B_SPLINE_CURVE_WITH_KNOTS('',3,(#4624,#4625,#4626,#4627,#4628,#4629,
#4630,#4631,#4632,#4633,#4634),.UNSPECIFIED.,.F.,.F.,(4,1,1,1,1,1,1,1,4),
(0.,0.142657250700614,0.281168993905444,0.416977192367974,0.550852492747558,
0.678364170261812,0.795032443007095,0.901998178347352,1.),.UNSPECIFIED.);
#134=B_SPLINE_CURVE_WITH_KNOTS('',3,(#4664,#4665,#4666,#4667,#4668,#4669,
#4670,#4671,#4672,#4673,#4674),.UNSPECIFIED.,.F.,.F.,(4,1,1,1,1,1,1,1,4),
(0.,0.0974206681772146,0.20088558803932,0.31117197017265,0.429797945825373,
0.557739926364587,0.694715269364158,0.842129910206055,1.),.UNSPECIFIED.);
#135=B_SPLINE_CURVE_WITH_KNOTS('',3,(#4731,#4732,#4733,#4734,#4735,#4736,
#4737,#4738,#4739,#4740,#4741,#4742,#4743,#4744,#4745,#4746,#4747,#4748,
#4749,#4750,#4751,#4752,#4753,#4754,#4755,#4756,#4757),.UNSPECIFIED.,.F.,
 .F.,(4,1,1,1,1,1,1,1,1,1,1,1,1,1,1,1,1,1,1,1,1,1,1,1,4),(0.,0.0631144583947933,
0.12361464576949,0.180973711185958,0.235261455008322,0.287100701833872,
0.336030736303444,0.382382348585066,0.426334083659707,0.46821069479816,
0.508249601261805,0.546628336606585,0.583649539230446,0.618994315030162,
0.653583018620596,0.687156136190332,0.720422191978808,0.753230218811817,
0.7862601560779,0.819503983498884,0.853545274712018,0.88830828033973,0.923995860740695,
0.961350304754645,1.),.UNSPECIFIED.);
#136=B_SPLINE_CURVE_WITH_KNOTS('',3,(#4806,#4807,#4808,#4809,#4810,#4811,
#4812,#4813,#4814,#4815,#4816,#4817,#4818,#4819,#4820,#4821,#4822,#4823,
#4824,#4825,#4826,#4827,#4828),.UNSPECIFIED.,.F.,.F.,(4,1,1,1,1,1,1,1,1,
1,1,1,1,1,1,1,1,1,1,1,4),(0.,0.0567243372181505,0.111437235737011,0.164367822222902,
0.21643537246209,0.267641490321925,0.317359779969028,0.367473063332281,
0.418210397052808,0.47140428264702,0.527965720129049,0.588061115823214,
0.652134262993714,0.686344836335305,0.723263680316965,0.762610250771542,
0.804738936645218,0.84943033879095,0.896711258386492,0.946889638053476,
1.),.UNSPECIFIED.);
#137=B_SPLINE_CURVE_WITH_KNOTS('',3,(#4885,#4886,#4887,#4888,#4889,#4890,
#4891,#4892,#4893,#4894,#4895,#4896,#4897,#4898,#4899,#4900,#4901,#4902,
#4903,#4904,#4905,#4906,#4907,#4908,#4909,#4910,#4911),.UNSPECIFIED.,.F.,
 .F.,(4,1,1,1,1,1,1,1,1,1,1,1,1,1,1,1,1,1,1,1,1,1,1,1,4),(0.,0.0628739462114326,
0.122836629991913,0.179656567443031,0.233960012230862,0.285595018695559,
0.334513106078381,0.380904825906176,0.424894591939335,0.466529034765487,
0.506488294069247,0.545031553644754,0.581831179823134,0.617448279949443,
0.652066912769046,0.685879714246511,0.719174554791392,0.752181646206393,
0.785240163918091,0.818656449777083,0.852547740653311,0.887626342258519,
0.923635078068751,0.961021844476989,1.),.UNSPECIFIED.);
#138=B_SPLINE_CURVE_WITH_KNOTS('',3,(#4935,#4936,#4937,#4938,#4939,#4940,
#4941,#4942,#4943,#4944,#4945),.UNSPECIFIED.,.F.,.F.,(4,1,1,1,1,1,1,1,4),
(0.,0.137903229993393,0.268873342600293,0.395178127346113,0.517089238130888,
0.636743026513548,0.756221816463797,0.876628359463679,1.),.UNSPECIFIED.);
#139=B_SPLINE_CURVE_WITH_KNOTS('',3,(#4949,#4950,#4951,#4952,#4953,#4954,
#4955,#4956,#4957,#4958,#4959),.UNSPECIFIED.,.F.,.F.,(4,1,1,1,1,1,1,1,4),
(0.,0.127664767896223,0.251738563008049,0.37275334938739,0.492146758972386,
0.614069621309244,0.737197324412109,0.865606990601117,1.),.UNSPECIFIED.);
#140=B_SPLINE_CURVE_WITH_KNOTS('',3,(#4961,#4962,#4963,#4964,#4965,#4966,
#4967,#4968,#4969,#4970,#4971,#4972,#4973,#4974,#4975,#4976,#4977,#4978,
#4979),.UNSPECIFIED.,.F.,.F.,(4,1,1,1,1,1,1,1,1,1,1,1,1,1,1,1,4),(0.,0.115629130925441,
0.221541039119877,0.317047856219042,0.403150875639616,0.480181216716279,
0.54764936614819,0.607035842842181,0.658652408063507,0.705722890353645,
0.749804087979647,0.792586815345274,0.83387396101026,0.874768393303432,
0.915222698891638,0.95688070373048,1.),.UNSPECIFIED.);
#141=B_SPLINE_CURVE_WITH_KNOTS('',3,(#4981,#4982,#4983,#4984,#4985,#4986,
#4987,#4988,#4989,#4990,#4991,#4992,#4993,#4994,#4995,#4996,#4997,#4998,
#4999),.UNSPECIFIED.,.F.,.F.,(4,1,1,1,1,1,1,1,1,1,1,1,1,1,1,1,4),(0.,0.0407818458722599,
0.0808695887215869,0.120268165788267,0.160186850455352,0.200459737638639,
0.242265177897908,0.286459261549468,0.332952083749263,0.38443053404953,
0.443389125360106,0.511681472213683,0.589020025549008,0.676245190650772,
0.773705191472824,0.881567767781983,1.),.UNSPECIFIED.);
#142=B_SPLINE_CURVE_WITH_KNOTS('',3,(#5001,#5002,#5003,#5004,#5005,#5006,
#5007,#5008,#5009,#5010,#5011,#5012,#5013,#5014,#5015,#5016,#5017,#5018,
#5019),.UNSPECIFIED.,.F.,.F.,(4,1,1,1,1,1,1,1,1,1,1,1,1,1,1,1,4),(0.,0.11840550815377,
0.226654332816702,0.324092341928602,0.411704803005322,0.489025905006416,
0.556909397343076,0.616233344492707,0.667349281277075,0.713512393201348,
0.757696504520978,0.799492511442291,0.839976064743939,0.879885741816776,
0.919148659385742,0.959227356493083,1.),.UNSPECIFIED.);
#143=B_SPLINE_CURVE_WITH_KNOTS('',3,(#5020,#5021,#5022,#5023,#5024,#5025,
#5026,#5027,#5028,#5029,#5030),.UNSPECIFIED.,.F.,.F.,(4,1,1,1,1,1,1,1,4),
(0.,0.0838881132795453,0.177154032753969,0.282513635561722,0.399399860660163,
0.52949080619122,0.672802177675833,0.82953576161967,1.),.UNSPECIFIED.);
#144=B_SPLINE_CURVE_WITH_KNOTS('',3,(#5055,#5056,#5057,#5058,#5059,#5060,
#5061,#5062,#5063,#5064,#5065),.UNSPECIFIED.,.F.,.F.,(4,1,1,1,1,1,1,1,4),
(0.,0.0838881132795453,0.177154032753969,0.282513635561722,0.399399860660163,
0.52949080619122,0.672802177675833,0.82953576161967,1.),.UNSPECIFIED.);
#145=B_SPLINE_CURVE_WITH_KNOTS('',3,(#5091,#5092,#5093,#5094,#5095,#5096,
#5097,#5098,#5099,#5100,#5101),.UNSPECIFIED.,.F.,.F.,(4,1,1,1,1,1,1,1,4),
(0.,0.127664767896223,0.251738563008049,0.37275334938739,0.492146758972386,
0.614069621309244,0.737197324412109,0.865606990601117,1.),.UNSPECIFIED.);
#146=B_SPLINE_CURVE_WITH_KNOTS('',3,(#5142,#5143,#5144,#5145,#5146,#5147,
#5148,#5149,#5150,#5151,#5152,#5153,#5154,#5155,#5156,#5157,#5158,#5159,
#5160),.UNSPECIFIED.,.F.,.F.,(4,1,1,1,1,1,1,1,1,1,1,1,1,1,1,1,4),(0.,0.115629130925441,
0.221541039119877,0.317047856219042,0.403150875639616,0.480181216716279,
0.54764936614819,0.607035842842181,0.658652408063507,0.705722890353645,
0.749804087979647,0.792586815345274,0.83387396101026,0.874768393303432,
0.915222698891638,0.95688070373048,1.),.UNSPECIFIED.);
#147=B_SPLINE_CURVE_WITH_KNOTS('',3,(#5201,#5202,#5203,#5204,#5205,#5206,
#5207,#5208,#5209,#5210,#5211,#5212,#5213,#5214,#5215,#5216,#5217,#5218,
#5219),.UNSPECIFIED.,.F.,.F.,(4,1,1,1,1,1,1,1,1,1,1,1,1,1,1,1,4),(0.,0.0407818458722599,
0.0808695887215869,0.120268165788267,0.160186850455352,0.200459737638639,
0.242265177897908,0.286459261549468,0.332952083749263,0.38443053404953,
0.443389125360106,0.511681472213683,0.589020025549008,0.676245190650772,
0.773705191472824,0.881567767781983,1.),.UNSPECIFIED.);
#148=B_SPLINE_CURVE_WITH_KNOTS('',3,(#5259,#5260,#5261,#5262,#5263,#5264,
#5265,#5266,#5267,#5268,#5269,#5270,#5271,#5272,#5273,#5274,#5275,#5276,
#5277),.UNSPECIFIED.,.F.,.F.,(4,1,1,1,1,1,1,1,1,1,1,1,1,1,1,1,4),(0.,0.11840550815377,
0.226654332816702,0.324092341928602,0.411704803005322,0.489025905006416,
0.556909397343076,0.616233344492707,0.667349281277075,0.713512393201348,
0.757696504520978,0.799492511442291,0.839976064743939,0.879885741816776,
0.919148659385742,0.959227356493083,1.),.UNSPECIFIED.);
#149=B_SPLINE_CURVE_WITH_KNOTS('',3,(#5308,#5309,#5310,#5311,#5312),
 .UNSPECIFIED.,.F.,.F.,(4,1,4),(0.,0.502565389921804,1.),.UNSPECIFIED.);
#150=B_SPLINE_CURVE_WITH_KNOTS('',3,(#5337,#5338,#5339,#5340,#5341,#5342,
#5343,#5344,#5345,#5346,#5347),.UNSPECIFIED.,.F.,.F.,(4,1,1,1,1,1,1,1,4),
(0.,0.20422615407791,0.385541764806322,0.544547923962639,0.680944400424359,
0.794731570821503,0.886211806481934,0.953740507841452,1.),.UNSPECIFIED.);
#151=B_SPLINE_CURVE_WITH_KNOTS('',3,(#5376,#5377,#5378,#5379,#5380,#5381,
#5382),.UNSPECIFIED.,.F.,.F.,(4,1,1,1,4),(0.,0.260386142524085,0.513425120504667,
0.759973621525999,1.),.UNSPECIFIED.);
#152=B_SPLINE_CURVE_WITH_KNOTS('',3,(#5399,#5400,#5401,#5402,#5403,#5404,
#5405),.UNSPECIFIED.,.F.,.F.,(4,1,1,1,4),(0.,0.215532681682429,0.453567141799078,
0.715533819933291,1.),.UNSPECIFIED.);
#153=B_SPLINE_CURVE_WITH_KNOTS('',3,(#5450,#5451,#5452,#5453,#5454,#5455,
#5456,#5457,#5458,#5459,#5460),.UNSPECIFIED.,.F.,.F.,(4,1,1,1,1,1,1,1,4),
(0.,0.195279953533648,0.370959195878059,0.526302240592788,0.662039984591536,
0.776996421772982,0.871173310115106,0.945756934130325,1.),.UNSPECIFIED.);
#154=B_SPLINE_CURVE_WITH_KNOTS('',3,(#5477,#5478,#5479,#5480,#5481,#5482,
#5483),.UNSPECIFIED.,.F.,.F.,(4,1,1,1,4),(0.,0.299432583520025,0.565780425350045,
0.799636814169341,1.),.UNSPECIFIED.);
#155=FACE_OUTER_BOUND('',#280,.T.);
#156=FACE_OUTER_BOUND('',#287,.T.);
#157=FACE_OUTER_BOUND('',#289,.T.);
#158=FACE_OUTER_BOUND('',#290,.T.);
#159=FACE_OUTER_BOUND('',#291,.T.);
#160=FACE_OUTER_BOUND('',#292,.T.);
#161=FACE_OUTER_BOUND('',#293,.T.);
#162=FACE_OUTER_BOUND('',#294,.T.);
#163=FACE_OUTER_BOUND('',#295,.T.);
#164=FACE_OUTER_BOUND('',#296,.T.);
#165=FACE_OUTER_BOUND('',#297,.T.);
#166=FACE_OUTER_BOUND('',#298,.T.);
#167=FACE_OUTER_BOUND('',#299,.T.);
#168=FACE_OUTER_BOUND('',#300,.T.);
#169=FACE_OUTER_BOUND('',#301,.T.);
#170=FACE_OUTER_BOUND('',#302,.T.);
#171=FACE_OUTER_BOUND('',#303,.T.);
#172=FACE_OUTER_BOUND('',#304,.T.);
#173=FACE_OUTER_BOUND('',#305,.T.);
#174=FACE_OUTER_BOUND('',#306,.T.);
#175=FACE_OUTER_BOUND('',#308,.T.);
#176=FACE_OUTER_BOUND('',#309,.T.);
#177=FACE_OUTER_BOUND('',#310,.T.);
#178=FACE_OUTER_BOUND('',#311,.T.);
#179=FACE_OUTER_BOUND('',#312,.T.);
#180=FACE_OUTER_BOUND('',#313,.T.);
#181=FACE_OUTER_BOUND('',#314,.T.);
#182=FACE_OUTER_BOUND('',#315,.T.);
#183=FACE_OUTER_BOUND('',#316,.T.);
#184=FACE_OUTER_BOUND('',#317,.T.);
#185=FACE_OUTER_BOUND('',#318,.T.);
#186=FACE_OUTER_BOUND('',#319,.T.);
#187=FACE_OUTER_BOUND('',#320,.T.);
#188=FACE_OUTER_BOUND('',#321,.T.);
#189=FACE_OUTER_BOUND('',#322,.T.);
#190=FACE_OUTER_BOUND('',#323,.T.);
#191=FACE_OUTER_BOUND('',#324,.T.);
#192=FACE_OUTER_BOUND('',#325,.T.);
#193=FACE_OUTER_BOUND('',#326,.T.);
#194=FACE_OUTER_BOUND('',#327,.T.);
#195=FACE_OUTER_BOUND('',#328,.T.);
#196=FACE_OUTER_BOUND('',#330,.T.);
#197=FACE_OUTER_BOUND('',#331,.T.);
#198=FACE_OUTER_BOUND('',#332,.T.);
#199=FACE_OUTER_BOUND('',#333,.T.);
#200=FACE_OUTER_BOUND('',#334,.T.);
#201=FACE_OUTER_BOUND('',#335,.T.);
#202=FACE_OUTER_BOUND('',#336,.T.);
#203=FACE_OUTER_BOUND('',#337,.T.);
#204=FACE_OUTER_BOUND('',#338,.T.);
#205=FACE_OUTER_BOUND('',#339,.T.);
#206=FACE_OUTER_BOUND('',#340,.T.);
#207=FACE_OUTER_BOUND('',#341,.T.);
#208=FACE_OUTER_BOUND('',#342,.T.);
#209=FACE_OUTER_BOUND('',#343,.T.);
#210=FACE_OUTER_BOUND('',#346,.T.);
#211=FACE_OUTER_BOUND('',#347,.T.);
#212=FACE_OUTER_BOUND('',#348,.T.);
#213=FACE_OUTER_BOUND('',#349,.T.);
#214=FACE_OUTER_BOUND('',#350,.T.);
#215=FACE_OUTER_BOUND('',#351,.T.);
#216=FACE_OUTER_BOUND('',#352,.T.);
#217=FACE_OUTER_BOUND('',#353,.T.);
#218=FACE_OUTER_BOUND('',#354,.T.);
#219=FACE_OUTER_BOUND('',#355,.T.);
#220=FACE_OUTER_BOUND('',#356,.T.);
#221=FACE_OUTER_BOUND('',#357,.T.);
#222=FACE_OUTER_BOUND('',#358,.T.);
#223=FACE_OUTER_BOUND('',#359,.T.);
#224=FACE_OUTER_BOUND('',#360,.T.);
#225=FACE_OUTER_BOUND('',#361,.T.);
#226=FACE_OUTER_BOUND('',#362,.T.);
#227=FACE_OUTER_BOUND('',#363,.T.);
#228=FACE_OUTER_BOUND('',#364,.T.);
#229=FACE_OUTER_BOUND('',#365,.T.);
#230=FACE_OUTER_BOUND('',#366,.T.);
#231=FACE_OUTER_BOUND('',#367,.T.);
#232=FACE_OUTER_BOUND('',#368,.T.);
#233=FACE_OUTER_BOUND('',#369,.T.);
#234=FACE_OUTER_BOUND('',#370,.T.);
#235=FACE_OUTER_BOUND('',#371,.T.);
#236=FACE_OUTER_BOUND('',#372,.T.);
#237=FACE_OUTER_BOUND('',#373,.T.);
#238=FACE_OUTER_BOUND('',#374,.T.);
#239=FACE_OUTER_BOUND('',#375,.T.);
#240=FACE_OUTER_BOUND('',#376,.T.);
#241=FACE_OUTER_BOUND('',#377,.T.);
#242=FACE_OUTER_BOUND('',#378,.T.);
#243=FACE_OUTER_BOUND('',#379,.T.);
#244=FACE_OUTER_BOUND('',#380,.T.);
#245=FACE_OUTER_BOUND('',#381,.T.);
#246=FACE_OUTER_BOUND('',#382,.T.);
#247=FACE_OUTER_BOUND('',#383,.T.);
#248=FACE_OUTER_BOUND('',#384,.T.);
#249=FACE_OUTER_BOUND('',#385,.T.);
#250=FACE_OUTER_BOUND('',#386,.T.);
#251=FACE_OUTER_BOUND('',#387,.T.);
#252=FACE_OUTER_BOUND('',#388,.T.);
#253=FACE_OUTER_BOUND('',#389,.T.);
#254=FACE_OUTER_BOUND('',#391,.T.);
#255=FACE_OUTER_BOUND('',#392,.T.);
#256=FACE_OUTER_BOUND('',#393,.T.);
#257=FACE_OUTER_BOUND('',#394,.T.);
#258=FACE_OUTER_BOUND('',#395,.T.);
#259=FACE_OUTER_BOUND('',#396,.T.);
#260=FACE_OUTER_BOUND('',#397,.T.);
#261=FACE_OUTER_BOUND('',#398,.T.);
#262=FACE_OUTER_BOUND('',#399,.T.);
#263=FACE_OUTER_BOUND('',#400,.T.);
#264=FACE_OUTER_BOUND('',#401,.T.);
#265=FACE_OUTER_BOUND('',#402,.T.);
#266=FACE_OUTER_BOUND('',#403,.T.);
#267=FACE_OUTER_BOUND('',#404,.T.);
#268=FACE_OUTER_BOUND('',#405,.T.);
#269=FACE_OUTER_BOUND('',#406,.T.);
#270=FACE_OUTER_BOUND('',#407,.T.);
#271=FACE_OUTER_BOUND('',#408,.T.);
#272=FACE_OUTER_BOUND('',#409,.T.);
#273=FACE_OUTER_BOUND('',#410,.T.);
#274=FACE_OUTER_BOUND('',#411,.T.);
#275=FACE_OUTER_BOUND('',#412,.T.);
#276=FACE_OUTER_BOUND('',#413,.T.);
#277=FACE_OUTER_BOUND('',#414,.T.);
#278=FACE_OUTER_BOUND('',#415,.T.);
#279=FACE_OUTER_BOUND('',#416,.T.);
#280=EDGE_LOOP('',(#1562,#1563,#1564,#1565,#1566,#1567,#1568,#1569));
#281=EDGE_LOOP('',(#1570,#1571,#1572,#1573,#1574,#1575,#1576));
#282=EDGE_LOOP('',(#1577,#1578,#1579,#1580,#1581,#1582,#1583));
#283=EDGE_LOOP('',(#1584,#1585,#1586,#1587,#1588,#1589,#1590,#1591,#1592,
#1593,#1594,#1595,#1596,#1597,#1598,#1599,#1600,#1601,#1602));
#284=EDGE_LOOP('',(#1603,#1604,#1605,#1606,#1607));
#285=EDGE_LOOP('',(#1608,#1609,#1610,#1611,#1612,#1613,#1614,#1615,#1616,
#1617,#1618,#1619,#1620,#1621,#1622));
#286=EDGE_LOOP('',(#1623,#1624,#1625,#1626,#1627,#1628,#1629,#1630));
#287=EDGE_LOOP('',(#1631,#1632,#1633,#1634,#1635,#1636,#1637,#1638));
#288=EDGE_LOOP('',(#1639,#1640,#1641,#1642,#1643,#1644,#1645,#1646));
#289=EDGE_LOOP('',(#1647,#1648,#1649,#1650,#1651,#1652,#1653,#1654,#1655,
#1656,#1657,#1658,#1659,#1660,#1661,#1662,#1663,#1664,#1665,#1666,#1667,
#1668,#1669,#1670,#1671,#1672,#1673,#1674,#1675));
#290=EDGE_LOOP('',(#1676,#1677,#1678,#1679));
#291=EDGE_LOOP('',(#1680,#1681,#1682,#1683,#1684,#1685));
#292=EDGE_LOOP('',(#1686,#1687,#1688,#1689));
#293=EDGE_LOOP('',(#1690,#1691,#1692,#1693,#1694,#1695));
#294=EDGE_LOOP('',(#1696,#1697,#1698,#1699));
#295=EDGE_LOOP('',(#1700,#1701,#1702,#1703,#1704,#1705));
#296=EDGE_LOOP('',(#1706,#1707,#1708,#1709));
#297=EDGE_LOOP('',(#1710,#1711,#1712,#1713,#1714,#1715));
#298=EDGE_LOOP('',(#1716,#1717,#1718,#1719,#1720,#1721,#1722,#1723,#1724,
#1725));
#299=EDGE_LOOP('',(#1726,#1727,#1728,#1729,#1730,#1731,#1732,#1733,#1734));
#300=EDGE_LOOP('',(#1735,#1736,#1737,#1738,#1739,#1740,#1741,#1742,#1743));
#301=EDGE_LOOP('',(#1744,#1745,#1746,#1747,#1748,#1749,#1750,#1751,#1752));
#302=EDGE_LOOP('',(#1753,#1754,#1755,#1756));
#303=EDGE_LOOP('',(#1757,#1758,#1759,#1760));
#304=EDGE_LOOP('',(#1761,#1762,#1763,#1764));
#305=EDGE_LOOP('',(#1765,#1766,#1767,#1768));
#306=EDGE_LOOP('',(#1769,#1770,#1771,#1772,#1773,#1774,#1775,#1776));
#307=EDGE_LOOP('',(#1777,#1778,#1779,#1780,#1781,#1782,#1783,#1784));
#308=EDGE_LOOP('',(#1785,#1786,#1787,#1788));
#309=EDGE_LOOP('',(#1789,#1790,#1791,#1792));
#310=EDGE_LOOP('',(#1793,#1794,#1795,#1796));
#311=EDGE_LOOP('',(#1797,#1798,#1799,#1800));
#312=EDGE_LOOP('',(#1801,#1802,#1803,#1804));
#313=EDGE_LOOP('',(#1805,#1806,#1807,#1808));
#314=EDGE_LOOP('',(#1809,#1810,#1811,#1812));
#315=EDGE_LOOP('',(#1813,#1814,#1815,#1816));
#316=EDGE_LOOP('',(#1817,#1818,#1819,#1820));
#317=EDGE_LOOP('',(#1821,#1822,#1823,#1824));
#318=EDGE_LOOP('',(#1825,#1826,#1827,#1828));
#319=EDGE_LOOP('',(#1829,#1830,#1831,#1832));
#320=EDGE_LOOP('',(#1833,#1834,#1835,#1836));
#321=EDGE_LOOP('',(#1837,#1838,#1839,#1840));
#322=EDGE_LOOP('',(#1841,#1842,#1843,#1844));
#323=EDGE_LOOP('',(#1845,#1846,#1847,#1848));
#324=EDGE_LOOP('',(#1849,#1850,#1851,#1852));
#325=EDGE_LOOP('',(#1853,#1854,#1855,#1856));
#326=EDGE_LOOP('',(#1857,#1858,#1859,#1860));
#327=EDGE_LOOP('',(#1861,#1862,#1863,#1864));
#328=EDGE_LOOP('',(#1865,#1866,#1867,#1868,#1869,#1870,#1871,#1872));
#329=EDGE_LOOP('',(#1873,#1874,#1875,#1876,#1877));
#330=EDGE_LOOP('',(#1878,#1879,#1880,#1881));
#331=EDGE_LOOP('',(#1882,#1883,#1884,#1885));
#332=EDGE_LOOP('',(#1886,#1887,#1888,#1889));
#333=EDGE_LOOP('',(#1890,#1891,#1892,#1893));
#334=EDGE_LOOP('',(#1894,#1895,#1896,#1897));
#335=EDGE_LOOP('',(#1898,#1899,#1900,#1901,#1902));
#336=EDGE_LOOP('',(#1903,#1904,#1905,#1906));
#337=EDGE_LOOP('',(#1907,#1908,#1909,#1910));
#338=EDGE_LOOP('',(#1911,#1912,#1913,#1914));
#339=EDGE_LOOP('',(#1915,#1916,#1917,#1918));
#340=EDGE_LOOP('',(#1919,#1920,#1921,#1922));
#341=EDGE_LOOP('',(#1923,#1924,#1925,#1926));
#342=EDGE_LOOP('',(#1927,#1928,#1929,#1930));
#343=EDGE_LOOP('',(#1931,#1932,#1933,#1934,#1935,#1936,#1937));
#344=EDGE_LOOP('',(#1938,#1939,#1940,#1941,#1942,#1943));
#345=EDGE_LOOP('',(#1944,#1945,#1946,#1947,#1948,#1949));
#346=EDGE_LOOP('',(#1950,#1951,#1952,#1953));
#347=EDGE_LOOP('',(#1954,#1955,#1956,#1957));
#348=EDGE_LOOP('',(#1958,#1959,#1960,#1961));
#349=EDGE_LOOP('',(#1962,#1963,#1964,#1965));
#350=EDGE_LOOP('',(#1966,#1967,#1968,#1969));
#351=EDGE_LOOP('',(#1970,#1971,#1972,#1973));
#352=EDGE_LOOP('',(#1974,#1975,#1976,#1977));
#353=EDGE_LOOP('',(#1978,#1979,#1980,#1981));
#354=EDGE_LOOP('',(#1982,#1983,#1984,#1985));
#355=EDGE_LOOP('',(#1986,#1987,#1988,#1989));
#356=EDGE_LOOP('',(#1990,#1991,#1992,#1993));
#357=EDGE_LOOP('',(#1994,#1995,#1996,#1997));
#358=EDGE_LOOP('',(#1998,#1999,#2000,#2001,#2002,#2003));
#359=EDGE_LOOP('',(#2004,#2005,#2006,#2007,#2008,#2009));
#360=EDGE_LOOP('',(#2010,#2011,#2012,#2013));
#361=EDGE_LOOP('',(#2014,#2015,#2016,#2017));
#362=EDGE_LOOP('',(#2018,#2019,#2020,#2021));
#363=EDGE_LOOP('',(#2022,#2023,#2024,#2025));
#364=EDGE_LOOP('',(#2026,#2027,#2028,#2029));
#365=EDGE_LOOP('',(#2030,#2031,#2032,#2033));
#366=EDGE_LOOP('',(#2034,#2035,#2036,#2037));
#367=EDGE_LOOP('',(#2038,#2039,#2040,#2041));
#368=EDGE_LOOP('',(#2042,#2043,#2044,#2045));
#369=EDGE_LOOP('',(#2046,#2047,#2048,#2049));
#370=EDGE_LOOP('',(#2050,#2051,#2052,#2053));
#371=EDGE_LOOP('',(#2054,#2055,#2056,#2057));
#372=EDGE_LOOP('',(#2058,#2059,#2060,#2061));
#373=EDGE_LOOP('',(#2062,#2063,#2064,#2065));
#374=EDGE_LOOP('',(#2066,#2067,#2068,#2069));
#375=EDGE_LOOP('',(#2070,#2071,#2072,#2073,#2074,#2075,#2076,#2077,#2078,
#2079,#2080,#2081,#2082,#2083,#2084));
#376=EDGE_LOOP('',(#2085,#2086,#2087,#2088));
#377=EDGE_LOOP('',(#2089,#2090,#2091,#2092));
#378=EDGE_LOOP('',(#2093,#2094,#2095,#2096));
#379=EDGE_LOOP('',(#2097,#2098,#2099,#2100));
#380=EDGE_LOOP('',(#2101,#2102,#2103,#2104));
#381=EDGE_LOOP('',(#2105,#2106,#2107,#2108));
#382=EDGE_LOOP('',(#2109,#2110,#2111,#2112));
#383=EDGE_LOOP('',(#2113,#2114,#2115,#2116,#2117,#2118,#2119));
#384=EDGE_LOOP('',(#2120,#2121,#2122,#2123));
#385=EDGE_LOOP('',(#2124,#2125,#2126,#2127));
#386=EDGE_LOOP('',(#2128,#2129,#2130,#2131));
#387=EDGE_LOOP('',(#2132,#2133,#2134,#2135));
#388=EDGE_LOOP('',(#2136,#2137,#2138,#2139));
#389=EDGE_LOOP('',(#2140,#2141,#2142,#2143,#2144));
#390=EDGE_LOOP('',(#2145,#2146,#2147,#2148,#2149));
#391=EDGE_LOOP('',(#2150,#2151,#2152,#2153));
#392=EDGE_LOOP('',(#2154,#2155,#2156,#2157));
#393=EDGE_LOOP('',(#2158,#2159,#2160,#2161));
#394=EDGE_LOOP('',(#2162,#2163,#2164,#2165));
#395=EDGE_LOOP('',(#2166,#2167,#2168,#2169));
#396=EDGE_LOOP('',(#2170,#2171,#2172,#2173,#2174));
#397=EDGE_LOOP('',(#2175,#2176,#2177,#2178));
#398=EDGE_LOOP('',(#2179,#2180,#2181,#2182));
#399=EDGE_LOOP('',(#2183,#2184,#2185,#2186));
#400=EDGE_LOOP('',(#2187,#2188,#2189,#2190));
#401=EDGE_LOOP('',(#2191,#2192,#2193,#2194));
#402=EDGE_LOOP('',(#2195,#2196,#2197,#2198));
#403=EDGE_LOOP('',(#2199,#2200,#2201,#2202));
#404=EDGE_LOOP('',(#2203,#2204,#2205,#2206));
#405=EDGE_LOOP('',(#2207,#2208,#2209,#2210));
#406=EDGE_LOOP('',(#2211,#2212,#2213,#2214));
#407=EDGE_LOOP('',(#2215,#2216,#2217,#2218));
#408=EDGE_LOOP('',(#2219,#2220,#2221,#2222));
#409=EDGE_LOOP('',(#2223,#2224,#2225,#2226));
#410=EDGE_LOOP('',(#2227,#2228,#2229,#2230));
#411=EDGE_LOOP('',(#2231,#2232,#2233,#2234));
#412=EDGE_LOOP('',(#2235,#2236,#2237,#2238));
#413=EDGE_LOOP('',(#2239,#2240,#2241,#2242));
#414=EDGE_LOOP('',(#2243,#2244,#2245,#2246));
#415=EDGE_LOOP('',(#2247,#2248,#2249,#2250));
#416=EDGE_LOOP('',(#2251,#2252,#2253,#2254,#2255,#2256,#2257,#2258,#2259,
#2260,#2261,#2262,#2263,#2264,#2265,#2266,#2267,#2268,#2269));
#417=CIRCLE('',#2491,0.125);
#418=CIRCLE('',#2492,0.125);
#419=CIRCLE('',#2493,0.125);
#420=CIRCLE('',#2494,0.125);
#421=CIRCLE('',#2496,0.2);
#422=CIRCLE('',#2497,0.2);
#423=CIRCLE('',#2498,0.2);
#424=CIRCLE('',#2499,0.2);
#425=CIRCLE('',#2500,0.125);
#426=CIRCLE('',#2501,0.125);
#427=CIRCLE('',#2502,0.125);
#428=CIRCLE('',#2503,0.125);
#429=CIRCLE('',#2505,0.3);
#430=CIRCLE('',#2506,0.3);
#431=CIRCLE('',#2507,0.299999999999999);
#432=CIRCLE('',#2508,0.299999999999999);
#433=CIRCLE('',#2509,0.3);
#434=CIRCLE('',#2510,0.3);
#435=CIRCLE('',#2511,0.3);
#436=CIRCLE('',#2512,0.3);
#437=CIRCLE('',#2514,0.2);
#438=CIRCLE('',#2517,0.2);
#439=CIRCLE('',#2520,0.2);
#440=CIRCLE('',#2523,0.2);
#441=CIRCLE('',#2534,0.125);
#442=CIRCLE('',#2535,0.125);
#443=CIRCLE('',#2536,0.125);
#444=CIRCLE('',#2537,0.125);
#445=CIRCLE('',#2538,0.125);
#446=CIRCLE('',#2539,0.125);
#447=CIRCLE('',#2540,0.125);
#448=CIRCLE('',#2541,0.125);
#449=LINE('',#3129,#707);
#450=LINE('',#3133,#708);
#451=LINE('',#3137,#709);
#452=LINE('',#3141,#710);
#453=LINE('',#3145,#711);
#454=LINE('',#3147,#712);
#455=LINE('',#3149,#713);
#456=LINE('',#3223,#714);
#457=LINE('',#3225,#715);
#458=LINE('',#3227,#716);
#459=LINE('',#3241,#717);
#460=LINE('',#3254,#718);
#461=LINE('',#3257,#719);
#462=LINE('',#3259,#720);
#463=LINE('',#3261,#721);
#464=LINE('',#3263,#722);
#465=LINE('',#3283,#723);
#466=LINE('',#3285,#724);
#467=LINE('',#3287,#725);
#468=LINE('',#3305,#726);
#469=LINE('',#3307,#727);
#470=LINE('',#3309,#728);
#471=LINE('',#3311,#729);
#472=LINE('',#3313,#730);
#473=LINE('',#3334,#731);
#474=LINE('',#3441,#732);
#475=LINE('',#3443,#733);
#476=LINE('',#3445,#734);
#477=LINE('',#3447,#735);
#478=LINE('',#3473,#736);
#479=LINE('',#3475,#737);
#480=LINE('',#3477,#738);
#481=LINE('',#3479,#739);
#482=LINE('',#3481,#740);
#483=LINE('',#3483,#741);
#484=LINE('',#3485,#742);
#485=LINE('',#3487,#743);
#486=LINE('',#3488,#744);
#487=LINE('',#3491,#745);
#488=LINE('',#3493,#746);
#489=LINE('',#3495,#747);
#490=LINE('',#3497,#748);
#491=LINE('',#3499,#749);
#492=LINE('',#3501,#750);
#493=LINE('',#3503,#751);
#494=LINE('',#3504,#752);
#495=LINE('',#3508,#753);
#496=LINE('',#3512,#754);
#497=LINE('',#3516,#755);
#498=LINE('',#3520,#756);
#499=LINE('',#3524,#757);
#500=LINE('',#3528,#758);
#501=LINE('',#3532,#759);
#502=LINE('',#3536,#760);
#503=LINE('',#3541,#761);
#504=LINE('',#3545,#762);
#505=LINE('',#3547,#763);
#506=LINE('',#3549,#764);
#507=LINE('',#3551,#765);
#508=LINE('',#3555,#766);
#509=LINE('',#3559,#767);
#510=LINE('',#3561,#768);
#511=LINE('',#3563,#769);
#512=LINE('',#3565,#770);
#513=LINE('',#3569,#771);
#514=LINE('',#3573,#772);
#515=LINE('',#3575,#773);
#516=LINE('',#3577,#774);
#517=LINE('',#3579,#775);
#518=LINE('',#3581,#776);
#519=LINE('',#3585,#777);
#520=LINE('',#3589,#778);
#521=LINE('',#3591,#779);
#522=LINE('',#3593,#780);
#523=LINE('',#3595,#781);
#524=LINE('',#3599,#782);
#525=LINE('',#3601,#783);
#526=LINE('',#3605,#784);
#527=LINE('',#3606,#785);
#528=LINE('',#3607,#786);
#529=LINE('',#3610,#787);
#530=LINE('',#3614,#788);
#531=LINE('',#3615,#789);
#532=LINE('',#3616,#790);
#533=LINE('',#3619,#791);
#534=LINE('',#3623,#792);
#535=LINE('',#3624,#793);
#536=LINE('',#3625,#794);
#537=LINE('',#3628,#795);
#538=LINE('',#3631,#796);
#539=LINE('',#3632,#797);
#540=LINE('',#3639,#798);
#541=LINE('',#3641,#799);
#542=LINE('',#3642,#800);
#543=LINE('',#3645,#801);
#544=LINE('',#3647,#802);
#545=LINE('',#3648,#803);
#546=LINE('',#3652,#804);
#547=LINE('',#3653,#805);
#548=LINE('',#3654,#806);
#549=LINE('',#3657,#807);
#550=LINE('',#3659,#808);
#551=LINE('',#3660,#809);
#552=LINE('',#3668,#810);
#553=LINE('',#3672,#811);
#554=LINE('',#3676,#812);
#555=LINE('',#3680,#813);
#556=LINE('',#3683,#814);
#557=LINE('',#3684,#815);
#558=LINE('',#3686,#816);
#559=LINE('',#3687,#817);
#560=LINE('',#3689,#818);
#561=LINE('',#3690,#819);
#562=LINE('',#3692,#820);
#563=LINE('',#3693,#821);
#564=LINE('',#3704,#822);
#565=LINE('',#3706,#823);
#566=LINE('',#3707,#824);
#567=LINE('',#3710,#825);
#568=LINE('',#3711,#826);
#569=LINE('',#3714,#827);
#570=LINE('',#3715,#828);
#571=LINE('',#3718,#829);
#572=LINE('',#3719,#830);
#573=LINE('',#3722,#831);
#574=LINE('',#3723,#832);
#575=LINE('',#3726,#833);
#576=LINE('',#3727,#834);
#577=LINE('',#3730,#835);
#578=LINE('',#3731,#836);
#579=LINE('',#3733,#837);
#580=LINE('',#3737,#838);
#581=LINE('',#3759,#839);
#582=LINE('',#3760,#840);
#583=LINE('',#3764,#841);
#584=LINE('',#3765,#842);
#585=LINE('',#3766,#843);
#586=LINE('',#3789,#844);
#587=LINE('',#3824,#845);
#588=LINE('',#3827,#846);
#589=LINE('',#3828,#847);
#590=LINE('',#3830,#848);
#591=LINE('',#3834,#849);
#592=LINE('',#3836,#850);
#593=LINE('',#3837,#851);
#594=LINE('',#3840,#852);
#595=LINE('',#3841,#853);
#596=LINE('',#3844,#854);
#597=LINE('',#3845,#855);
#598=LINE('',#3904,#856);
#599=LINE('',#3939,#857);
#600=LINE('',#3998,#858);
#601=LINE('',#4059,#859);
#602=LINE('',#4101,#860);
#603=LINE('',#4102,#861);
#604=LINE('',#4105,#862);
#605=LINE('',#4151,#863);
#606=LINE('',#4152,#864);
#607=LINE('',#4156,#865);
#608=LINE('',#4157,#866);
#609=LINE('',#4158,#867);
#610=LINE('',#4161,#868);
#611=LINE('',#4162,#869);
#612=LINE('',#4221,#870);
#613=LINE('',#4256,#871);
#614=LINE('',#4291,#872);
#615=LINE('',#4293,#873);
#616=LINE('',#4297,#874);
#617=LINE('',#4298,#875);
#618=LINE('',#4299,#876);
#619=LINE('',#4302,#877);
#620=LINE('',#4303,#878);
#621=LINE('',#4350,#879);
#622=LINE('',#4397,#880);
#623=LINE('',#4420,#881);
#624=LINE('',#4422,#882);
#625=LINE('',#4427,#883);
#626=LINE('',#4429,#884);
#627=LINE('',#4430,#885);
#628=LINE('',#4433,#886);
#629=LINE('',#4434,#887);
#630=LINE('',#4437,#888);
#631=LINE('',#4438,#889);
#632=LINE('',#4441,#890);
#633=LINE('',#4442,#891);
#634=LINE('',#4477,#892);
#635=LINE('',#4512,#893);
#636=LINE('',#4515,#894);
#637=LINE('',#4516,#895);
#638=LINE('',#4519,#896);
#639=LINE('',#4520,#897);
#640=LINE('',#4523,#898);
#641=LINE('',#4524,#899);
#642=LINE('',#4527,#900);
#643=LINE('',#4528,#901);
#644=LINE('',#4531,#902);
#645=LINE('',#4532,#903);
#646=LINE('',#4535,#904);
#647=LINE('',#4536,#905);
#648=LINE('',#4539,#906);
#649=LINE('',#4540,#907);
#650=LINE('',#4543,#908);
#651=LINE('',#4544,#909);
#652=LINE('',#4546,#910);
#653=LINE('',#4550,#911);
#654=LINE('',#4552,#912);
#655=LINE('',#4553,#913);
#656=LINE('',#4556,#914);
#657=LINE('',#4557,#915);
#658=LINE('',#4560,#916);
#659=LINE('',#4561,#917);
#660=LINE('',#4596,#918);
#661=LINE('',#4599,#919);
#662=LINE('',#4600,#920);
#663=LINE('',#4635,#921);
#664=LINE('',#4637,#922);
#665=LINE('',#4662,#923);
#666=LINE('',#4675,#924);
#667=LINE('',#4758,#925);
#668=LINE('',#4829,#926);
#669=LINE('',#4912,#927);
#670=LINE('',#5066,#928);
#671=LINE('',#5067,#929);
#672=LINE('',#5102,#930);
#673=LINE('',#5161,#931);
#674=LINE('',#5220,#932);
#675=LINE('',#5281,#933);
#676=LINE('',#5283,#934);
#677=LINE('',#5284,#935);
#678=LINE('',#5287,#936);
#679=LINE('',#5288,#937);
#680=LINE('',#5291,#938);
#681=LINE('',#5292,#939);
#682=LINE('',#5295,#940);
#683=LINE('',#5296,#941);
#684=LINE('',#5313,#942);
#685=LINE('',#5348,#943);
#686=LINE('',#5351,#944);
#687=LINE('',#5352,#945);
#688=LINE('',#5355,#946);
#689=LINE('',#5356,#947);
#690=LINE('',#5359,#948);
#691=LINE('',#5360,#949);
#692=LINE('',#5383,#950);
#693=LINE('',#5406,#951);
#694=LINE('',#5409,#952);
#695=LINE('',#5410,#953);
#696=LINE('',#5413,#954);
#697=LINE('',#5414,#955);
#698=LINE('',#5417,#956);
#699=LINE('',#5418,#957);
#700=LINE('',#5421,#958);
#701=LINE('',#5422,#959);
#702=LINE('',#5425,#960);
#703=LINE('',#5426,#961);
#704=LINE('',#5461,#962);
#705=LINE('',#5484,#963);
#706=LINE('',#5486,#964);
#707=VECTOR('',#2619,1000.);
#708=VECTOR('',#2622,1000.);
#709=VECTOR('',#2625,1000.);
#710=VECTOR('',#2628,1000.);
#711=VECTOR('',#2631,1000.);
#712=VECTOR('',#2632,1000.);
#713=VECTOR('',#2633,1000.);
#714=VECTOR('',#2634,1000.);
#715=VECTOR('',#2635,1000.);
#716=VECTOR('',#2636,1000.);
#717=VECTOR('',#2637,1000.);
#718=VECTOR('',#2638,1000.);
#719=VECTOR('',#2639,1000.);
#720=VECTOR('',#2640,1000.);
#721=VECTOR('',#2641,1000.);
#722=VECTOR('',#2642,1000.);
#723=VECTOR('',#2643,1000.);
#724=VECTOR('',#2644,1000.);
#725=VECTOR('',#2645,1000.);
#726=VECTOR('',#2646,1000.);
#727=VECTOR('',#2647,1000.);
#728=VECTOR('',#2648,1000.);
#729=VECTOR('',#2649,1000.);
#730=VECTOR('',#2650,1000.);
#731=VECTOR('',#2651,1000.);
#732=VECTOR('',#2652,1000.);
#733=VECTOR('',#2653,1000.);
#734=VECTOR('',#2654,1000.);
#735=VECTOR('',#2655,1000.);
#736=VECTOR('',#2656,1000.);
#737=VECTOR('',#2657,1000.);
#738=VECTOR('',#2658,1000.);
#739=VECTOR('',#2659,1000.);
#740=VECTOR('',#2660,1000.);
#741=VECTOR('',#2661,1000.);
#742=VECTOR('',#2662,1000.);
#743=VECTOR('',#2663,1000.);
#744=VECTOR('',#2664,1000.);
#745=VECTOR('',#2665,1000.);
#746=VECTOR('',#2666,1000.);
#747=VECTOR('',#2667,1000.);
#748=VECTOR('',#2668,1000.);
#749=VECTOR('',#2669,1000.);
#750=VECTOR('',#2670,1000.);
#751=VECTOR('',#2671,1000.);
#752=VECTOR('',#2672,1000.);
#753=VECTOR('',#2675,1000.);
#754=VECTOR('',#2678,1000.);
#755=VECTOR('',#2681,1000.);
#756=VECTOR('',#2684,1000.);
#757=VECTOR('',#2687,1000.);
#758=VECTOR('',#2690,1000.);
#759=VECTOR('',#2693,1000.);
#760=VECTOR('',#2696,1000.);
#761=VECTOR('',#2701,1000.);
#762=VECTOR('',#2704,1000.);
#763=VECTOR('',#2705,1000.);
#764=VECTOR('',#2706,1000.);
#765=VECTOR('',#2707,1000.);
#766=VECTOR('',#2710,1000.);
#767=VECTOR('',#2713,1000.);
#768=VECTOR('',#2714,1000.);
#769=VECTOR('',#2715,1000.);
#770=VECTOR('',#2716,1000.);
#771=VECTOR('',#2719,1000.);
#772=VECTOR('',#2722,1000.);
#773=VECTOR('',#2723,1000.);
#774=VECTOR('',#2724,1000.);
#775=VECTOR('',#2725,1000.);
#776=VECTOR('',#2726,1000.);
#777=VECTOR('',#2729,1000.);
#778=VECTOR('',#2732,1000.);
#779=VECTOR('',#2733,1000.);
#780=VECTOR('',#2734,1000.);
#781=VECTOR('',#2735,1000.);
#782=VECTOR('',#2740,1000.);
#783=VECTOR('',#2741,1000.);
#784=VECTOR('',#2746,1000.);
#785=VECTOR('',#2747,1000.);
#786=VECTOR('',#2748,1000.);
#787=VECTOR('',#2751,1000.);
#788=VECTOR('',#2756,1000.);
#789=VECTOR('',#2757,1000.);
#790=VECTOR('',#2758,1000.);
#791=VECTOR('',#2761,1000.);
#792=VECTOR('',#2766,1000.);
#793=VECTOR('',#2767,1000.);
#794=VECTOR('',#2768,1000.);
#795=VECTOR('',#2771,1000.);
#796=VECTOR('',#2776,1000.);
#797=VECTOR('',#2777,1000.);
#798=VECTOR('',#2788,1000.);
#799=VECTOR('',#2789,1000.);
#800=VECTOR('',#2790,1000.);
#801=VECTOR('',#2793,1000.);
#802=VECTOR('',#2794,1000.);
#803=VECTOR('',#2795,1000.);
#804=VECTOR('',#2798,1000.);
#805=VECTOR('',#2799,1000.);
#806=VECTOR('',#2800,1000.);
#807=VECTOR('',#2803,1000.);
#808=VECTOR('',#2804,1000.);
#809=VECTOR('',#2805,1000.);
#810=VECTOR('',#2816,1000.);
#811=VECTOR('',#2819,1000.);
#812=VECTOR('',#2822,1000.);
#813=VECTOR('',#2825,1000.);
#814=VECTOR('',#2830,1000.);
#815=VECTOR('',#2831,1000.);
#816=VECTOR('',#2834,1000.);
#817=VECTOR('',#2835,1000.);
#818=VECTOR('',#2838,1000.);
#819=VECTOR('',#2839,1000.);
#820=VECTOR('',#2842,1000.);
#821=VECTOR('',#2843,1000.);
#822=VECTOR('',#2862,1000.);
#823=VECTOR('',#2863,1000.);
#824=VECTOR('',#2864,1000.);
#825=VECTOR('',#2867,1000.);
#826=VECTOR('',#2868,1000.);
#827=VECTOR('',#2871,1000.);
#828=VECTOR('',#2872,1000.);
#829=VECTOR('',#2875,1000.);
#830=VECTOR('',#2876,1000.);
#831=VECTOR('',#2879,1000.);
#832=VECTOR('',#2880,1000.);
#833=VECTOR('',#2883,1000.);
#834=VECTOR('',#2884,1000.);
#835=VECTOR('',#2887,1000.);
#836=VECTOR('',#2888,1000.);
#837=VECTOR('',#2891,1000.);
#838=VECTOR('',#2894,1000.);
#839=VECTOR('',#2895,1000.);
#840=VECTOR('',#2896,1000.);
#841=VECTOR('',#2899,1000.);
#842=VECTOR('',#2900,1000.);
#843=VECTOR('',#2901,1000.);
#844=VECTOR('',#2902,1000.);
#845=VECTOR('',#2903,1000.);
#846=VECTOR('',#2906,1000.);
#847=VECTOR('',#2907,1000.);
#848=VECTOR('',#2910,1000.);
#849=VECTOR('',#2915,1000.);
#850=VECTOR('',#2916,1000.);
#851=VECTOR('',#2917,1000.);
#852=VECTOR('',#2920,1000.);
#853=VECTOR('',#2921,1000.);
#854=VECTOR('',#2924,1000.);
#855=VECTOR('',#2925,1000.);
#856=VECTOR('',#2926,1000.);
#857=VECTOR('',#2927,1000.);
#858=VECTOR('',#2928,1000.);
#859=VECTOR('',#2931,1000.);
#860=VECTOR('',#2932,1000.);
#861=VECTOR('',#2933,1000.);
#862=VECTOR('',#2934,1000.);
#863=VECTOR('',#2935,1000.);
#864=VECTOR('',#2936,1000.);
#865=VECTOR('',#2939,1000.);
#866=VECTOR('',#2940,1000.);
#867=VECTOR('',#2941,1000.);
#868=VECTOR('',#2944,1000.);
#869=VECTOR('',#2945,1000.);
#870=VECTOR('',#2946,1000.);
#871=VECTOR('',#2947,1000.);
#872=VECTOR('',#2948,1000.);
#873=VECTOR('',#2951,1000.);
#874=VECTOR('',#2954,1000.);
#875=VECTOR('',#2955,1000.);
#876=VECTOR('',#2956,1000.);
#877=VECTOR('',#2959,1000.);
#878=VECTOR('',#2960,1000.);
#879=VECTOR('',#2961,1000.);
#880=VECTOR('',#2962,1000.);
#881=VECTOR('',#2963,1000.);
#882=VECTOR('',#2966,1000.);
#883=VECTOR('',#2973,1000.);
#884=VECTOR('',#2974,1000.);
#885=VECTOR('',#2975,1000.);
#886=VECTOR('',#2978,1000.);
#887=VECTOR('',#2979,1000.);
#888=VECTOR('',#2982,1000.);
#889=VECTOR('',#2983,1000.);
#890=VECTOR('',#2986,1000.);
#891=VECTOR('',#2987,1000.);
#892=VECTOR('',#2988,1000.);
#893=VECTOR('',#2989,1000.);
#894=VECTOR('',#2992,1000.);
#895=VECTOR('',#2993,1000.);
#896=VECTOR('',#2996,1000.);
#897=VECTOR('',#2997,1000.);
#898=VECTOR('',#3000,1000.);
#899=VECTOR('',#3001,1000.);
#900=VECTOR('',#3004,1000.);
#901=VECTOR('',#3005,1000.);
#902=VECTOR('',#3008,1000.);
#903=VECTOR('',#3009,1000.);
#904=VECTOR('',#3012,1000.);
#905=VECTOR('',#3013,1000.);
#906=VECTOR('',#3016,1000.);
#907=VECTOR('',#3017,1000.);
#908=VECTOR('',#3020,1000.);
#909=VECTOR('',#3021,1000.);
#910=VECTOR('',#3024,1000.);
#911=VECTOR('',#3029,1000.);
#912=VECTOR('',#3030,1000.);
#913=VECTOR('',#3031,1000.);
#914=VECTOR('',#3034,1000.);
#915=VECTOR('',#3035,1000.);
#916=VECTOR('',#3038,1000.);
#917=VECTOR('',#3039,1000.);
#918=VECTOR('',#3040,1000.);
#919=VECTOR('',#3043,1000.);
#920=VECTOR('',#3044,1000.);
#921=VECTOR('',#3045,1000.);
#922=VECTOR('',#3048,1000.);
#923=VECTOR('',#3051,1000.);
#924=VECTOR('',#3052,1000.);
#925=VECTOR('',#3053,1000.);
#926=VECTOR('',#3054,1000.);
#927=VECTOR('',#3055,1000.);
#928=VECTOR('',#3058,1000.);
#929=VECTOR('',#3059,1000.);
#930=VECTOR('',#3060,1000.);
#931=VECTOR('',#3061,1000.);
#932=VECTOR('',#3062,1000.);
#933=VECTOR('',#3067,1000.);
#934=VECTOR('',#3068,1000.);
#935=VECTOR('',#3069,1000.);
#936=VECTOR('',#3072,1000.);
#937=VECTOR('',#3073,1000.);
#938=VECTOR('',#3076,1000.);
#939=VECTOR('',#3077,1000.);
#940=VECTOR('',#3080,1000.);
#941=VECTOR('',#3081,1000.);
#942=VECTOR('',#3082,1000.);
#943=VECTOR('',#3083,1000.);
#944=VECTOR('',#3086,1000.);
#945=VECTOR('',#3087,1000.);
#946=VECTOR('',#3090,1000.);
#947=VECTOR('',#3091,1000.);
#948=VECTOR('',#3094,1000.);
#949=VECTOR('',#3095,1000.);
#950=VECTOR('',#3096,1000.);
#951=VECTOR('',#3097,1000.);
#952=VECTOR('',#3100,1000.);
#953=VECTOR('',#3101,1000.);
#954=VECTOR('',#3104,1000.);
#955=VECTOR('',#3105,1000.);
#956=VECTOR('',#3108,1000.);
#957=VECTOR('',#3109,1000.);
#958=VECTOR('',#3112,1000.);
#959=VECTOR('',#3113,1000.);
#960=VECTOR('',#3116,1000.);
#961=VECTOR('',#3117,1000.);
#962=VECTOR('',#3118,1000.);
#963=VECTOR('',#3119,1000.);
#964=VECTOR('',#3122,1000.);
#965=VERTEX_POINT('',#3127);
#966=VERTEX_POINT('',#3128);
#967=VERTEX_POINT('',#3130);
#968=VERTEX_POINT('',#3132);
#969=VERTEX_POINT('',#3134);
#970=VERTEX_POINT('',#3136);
#971=VERTEX_POINT('',#3138);
#972=VERTEX_POINT('',#3140);
#973=VERTEX_POINT('',#3143);
#974=VERTEX_POINT('',#3144);
#975=VERTEX_POINT('',#3146);
#976=VERTEX_POINT('',#3148);
#977=VERTEX_POINT('',#3150);
#978=VERTEX_POINT('',#3170);
#979=VERTEX_POINT('',#3182);
#980=VERTEX_POINT('',#3221);
#981=VERTEX_POINT('',#3222);
#982=VERTEX_POINT('',#3224);
#983=VERTEX_POINT('',#3226);
#984=VERTEX_POINT('',#3228);
#985=VERTEX_POINT('',#3240);
#986=VERTEX_POINT('',#3242);
#987=VERTEX_POINT('',#3255);
#988=VERTEX_POINT('',#3256);
#989=VERTEX_POINT('',#3258);
#990=VERTEX_POINT('',#3260);
#991=VERTEX_POINT('',#3262);
#992=VERTEX_POINT('',#3264);
#993=VERTEX_POINT('',#3270);
#994=VERTEX_POINT('',#3282);
#995=VERTEX_POINT('',#3284);
#996=VERTEX_POINT('',#3286);
#997=VERTEX_POINT('',#3288);
#998=VERTEX_POINT('',#3296);
#999=VERTEX_POINT('',#3304);
#1000=VERTEX_POINT('',#3306);
#1001=VERTEX_POINT('',#3308);
#1002=VERTEX_POINT('',#3310);
#1003=VERTEX_POINT('',#3312);
#1004=VERTEX_POINT('',#3314);
#1005=VERTEX_POINT('',#3326);
#1006=VERTEX_POINT('',#3335);
#1007=VERTEX_POINT('',#3336);
#1008=VERTEX_POINT('',#3348);
#1009=VERTEX_POINT('',#3376);
#1010=VERTEX_POINT('',#3400);
#1011=VERTEX_POINT('',#3439);
#1012=VERTEX_POINT('',#3440);
#1013=VERTEX_POINT('',#3442);
#1014=VERTEX_POINT('',#3444);
#1015=VERTEX_POINT('',#3446);
#1016=VERTEX_POINT('',#3448);
#1017=VERTEX_POINT('',#3460);
#1018=VERTEX_POINT('',#3472);
#1019=VERTEX_POINT('',#3474);
#1020=VERTEX_POINT('',#3476);
#1021=VERTEX_POINT('',#3478);
#1022=VERTEX_POINT('',#3480);
#1023=VERTEX_POINT('',#3482);
#1024=VERTEX_POINT('',#3484);
#1025=VERTEX_POINT('',#3486);
#1026=VERTEX_POINT('',#3489);
#1027=VERTEX_POINT('',#3490);
#1028=VERTEX_POINT('',#3492);
#1029=VERTEX_POINT('',#3494);
#1030=VERTEX_POINT('',#3496);
#1031=VERTEX_POINT('',#3498);
#1032=VERTEX_POINT('',#3500);
#1033=VERTEX_POINT('',#3502);
#1034=VERTEX_POINT('',#3506);
#1035=VERTEX_POINT('',#3507);
#1036=VERTEX_POINT('',#3509);
#1037=VERTEX_POINT('',#3511);
#1038=VERTEX_POINT('',#3513);
#1039=VERTEX_POINT('',#3515);
#1040=VERTEX_POINT('',#3517);
#1041=VERTEX_POINT('',#3519);
#1042=VERTEX_POINT('',#3522);
#1043=VERTEX_POINT('',#3523);
#1044=VERTEX_POINT('',#3525);
#1045=VERTEX_POINT('',#3527);
#1046=VERTEX_POINT('',#3529);
#1047=VERTEX_POINT('',#3531);
#1048=VERTEX_POINT('',#3533);
#1049=VERTEX_POINT('',#3535);
#1050=VERTEX_POINT('',#3539);
#1051=VERTEX_POINT('',#3540);
#1052=VERTEX_POINT('',#3542);
#1053=VERTEX_POINT('',#3544);
#1054=VERTEX_POINT('',#3546);
#1055=VERTEX_POINT('',#3548);
#1056=VERTEX_POINT('',#3550);
#1057=VERTEX_POINT('',#3552);
#1058=VERTEX_POINT('',#3554);
#1059=VERTEX_POINT('',#3556);
#1060=VERTEX_POINT('',#3558);
#1061=VERTEX_POINT('',#3560);
#1062=VERTEX_POINT('',#3562);
#1063=VERTEX_POINT('',#3564);
#1064=VERTEX_POINT('',#3566);
#1065=VERTEX_POINT('',#3568);
#1066=VERTEX_POINT('',#3570);
#1067=VERTEX_POINT('',#3572);
#1068=VERTEX_POINT('',#3574);
#1069=VERTEX_POINT('',#3576);
#1070=VERTEX_POINT('',#3578);
#1071=VERTEX_POINT('',#3580);
#1072=VERTEX_POINT('',#3582);
#1073=VERTEX_POINT('',#3584);
#1074=VERTEX_POINT('',#3586);
#1075=VERTEX_POINT('',#3588);
#1076=VERTEX_POINT('',#3590);
#1077=VERTEX_POINT('',#3592);
#1078=VERTEX_POINT('',#3594);
#1079=VERTEX_POINT('',#3598);
#1080=VERTEX_POINT('',#3600);
#1081=VERTEX_POINT('',#3604);
#1082=VERTEX_POINT('',#3609);
#1083=VERTEX_POINT('',#3613);
#1084=VERTEX_POINT('',#3618);
#1085=VERTEX_POINT('',#3622);
#1086=VERTEX_POINT('',#3627);
#1087=VERTEX_POINT('',#3638);
#1088=VERTEX_POINT('',#3640);
#1089=VERTEX_POINT('',#3644);
#1090=VERTEX_POINT('',#3646);
#1091=VERTEX_POINT('',#3650);
#1092=VERTEX_POINT('',#3651);
#1093=VERTEX_POINT('',#3656);
#1094=VERTEX_POINT('',#3658);
#1095=VERTEX_POINT('',#3666);
#1096=VERTEX_POINT('',#3667);
#1097=VERTEX_POINT('',#3669);
#1098=VERTEX_POINT('',#3671);
#1099=VERTEX_POINT('',#3673);
#1100=VERTEX_POINT('',#3675);
#1101=VERTEX_POINT('',#3677);
#1102=VERTEX_POINT('',#3679);
#1103=VERTEX_POINT('',#3703);
#1104=VERTEX_POINT('',#3705);
#1105=VERTEX_POINT('',#3709);
#1106=VERTEX_POINT('',#3713);
#1107=VERTEX_POINT('',#3717);
#1108=VERTEX_POINT('',#3721);
#1109=VERTEX_POINT('',#3725);
#1110=VERTEX_POINT('',#3729);
#1111=VERTEX_POINT('',#3735);
#1112=VERTEX_POINT('',#3736);
#1113=VERTEX_POINT('',#3738);
#1114=VERTEX_POINT('',#3746);
#1115=VERTEX_POINT('',#3758);
#1116=VERTEX_POINT('',#3762);
#1117=VERTEX_POINT('',#3763);
#1118=VERTEX_POINT('',#3781);
#1119=VERTEX_POINT('',#3812);
#1120=VERTEX_POINT('',#3826);
#1121=VERTEX_POINT('',#3833);
#1122=VERTEX_POINT('',#3835);
#1123=VERTEX_POINT('',#3839);
#1124=VERTEX_POINT('',#3843);
#1125=VERTEX_POINT('',#3884);
#1126=VERTEX_POINT('',#3927);
#1127=VERTEX_POINT('',#3978);
#1128=VERTEX_POINT('',#4057);
#1129=VERTEX_POINT('',#4058);
#1130=VERTEX_POINT('',#4060);
#1131=VERTEX_POINT('',#4076);
#1132=VERTEX_POINT('',#4092);
#1133=VERTEX_POINT('',#4100);
#1134=VERTEX_POINT('',#4103);
#1135=VERTEX_POINT('',#4104);
#1136=VERTEX_POINT('',#4106);
#1137=VERTEX_POINT('',#4126);
#1138=VERTEX_POINT('',#4138);
#1139=VERTEX_POINT('',#4150);
#1140=VERTEX_POINT('',#4154);
#1141=VERTEX_POINT('',#4155);
#1142=VERTEX_POINT('',#4160);
#1143=VERTEX_POINT('',#4201);
#1144=VERTEX_POINT('',#4244);
#1145=VERTEX_POINT('',#4279);
#1146=VERTEX_POINT('',#4295);
#1147=VERTEX_POINT('',#4296);
#1148=VERTEX_POINT('',#4301);
#1149=VERTEX_POINT('',#4334);
#1150=VERTEX_POINT('',#4381);
#1151=VERTEX_POINT('',#4412);
#1152=VERTEX_POINT('',#4426);
#1153=VERTEX_POINT('',#4428);
#1154=VERTEX_POINT('',#4432);
#1155=VERTEX_POINT('',#4436);
#1156=VERTEX_POINT('',#4440);
#1157=VERTEX_POINT('',#4465);
#1158=VERTEX_POINT('',#4500);
#1159=VERTEX_POINT('',#4514);
#1160=VERTEX_POINT('',#4518);
#1161=VERTEX_POINT('',#4522);
#1162=VERTEX_POINT('',#4526);
#1163=VERTEX_POINT('',#4530);
#1164=VERTEX_POINT('',#4534);
#1165=VERTEX_POINT('',#4538);
#1166=VERTEX_POINT('',#4542);
#1167=VERTEX_POINT('',#4549);
#1168=VERTEX_POINT('',#4551);
#1169=VERTEX_POINT('',#4555);
#1170=VERTEX_POINT('',#4559);
#1171=VERTEX_POINT('',#4584);
#1172=VERTEX_POINT('',#4598);
#1173=VERTEX_POINT('',#4623);
#1174=VERTEX_POINT('',#4661);
#1175=VERTEX_POINT('',#4663);
#1176=VERTEX_POINT('',#4730);
#1177=VERTEX_POINT('',#4805);
#1178=VERTEX_POINT('',#4884);
#1179=VERTEX_POINT('',#4947);
#1180=VERTEX_POINT('',#4948);
#1181=VERTEX_POINT('',#4960);
#1182=VERTEX_POINT('',#4980);
#1183=VERTEX_POINT('',#5000);
#1184=VERTEX_POINT('',#5053);
#1185=VERTEX_POINT('',#5054);
#1186=VERTEX_POINT('',#5090);
#1187=VERTEX_POINT('',#5141);
#1188=VERTEX_POINT('',#5200);
#1189=VERTEX_POINT('',#5280);
#1190=VERTEX_POINT('',#5282);
#1191=VERTEX_POINT('',#5286);
#1192=VERTEX_POINT('',#5290);
#1193=VERTEX_POINT('',#5294);
#1194=VERTEX_POINT('',#5307);
#1195=VERTEX_POINT('',#5336);
#1196=VERTEX_POINT('',#5350);
#1197=VERTEX_POINT('',#5354);
#1198=VERTEX_POINT('',#5358);
#1199=VERTEX_POINT('',#5375);
#1200=VERTEX_POINT('',#5398);
#1201=VERTEX_POINT('',#5408);
#1202=VERTEX_POINT('',#5412);
#1203=VERTEX_POINT('',#5416);
#1204=VERTEX_POINT('',#5420);
#1205=VERTEX_POINT('',#5424);
#1206=VERTEX_POINT('',#5449);
#1207=VERTEX_POINT('',#5476);
#1208=EDGE_CURVE('',#965,#966,#449,.T.);
#1209=EDGE_CURVE('',#966,#967,#417,.T.);
#1210=EDGE_CURVE('',#967,#968,#450,.T.);
#1211=EDGE_CURVE('',#968,#969,#418,.T.);
#1212=EDGE_CURVE('',#969,#970,#451,.T.);
#1213=EDGE_CURVE('',#970,#971,#419,.T.);
#1214=EDGE_CURVE('',#971,#972,#452,.T.);
#1215=EDGE_CURVE('',#972,#965,#420,.T.);
#1216=EDGE_CURVE('',#973,#974,#453,.T.);
#1217=EDGE_CURVE('',#974,#975,#454,.T.);
#1218=EDGE_CURVE('',#975,#976,#455,.T.);
#1219=EDGE_CURVE('',#976,#977,#91,.T.);
#1220=EDGE_CURVE('',#977,#978,#92,.T.);
#1221=EDGE_CURVE('',#978,#979,#93,.T.);
#1222=EDGE_CURVE('',#979,#973,#94,.T.);
#1223=EDGE_CURVE('',#980,#981,#456,.T.);
#1224=EDGE_CURVE('',#981,#982,#457,.T.);
#1225=EDGE_CURVE('',#982,#983,#458,.T.);
#1226=EDGE_CURVE('',#983,#984,#95,.T.);
#1227=EDGE_CURVE('',#984,#985,#459,.T.);
#1228=EDGE_CURVE('',#985,#986,#96,.T.);
#1229=EDGE_CURVE('',#986,#980,#460,.T.);
#1230=EDGE_CURVE('',#987,#988,#461,.T.);
#1231=EDGE_CURVE('',#988,#989,#462,.T.);
#1232=EDGE_CURVE('',#989,#990,#463,.T.);
#1233=EDGE_CURVE('',#990,#991,#464,.T.);
#1234=EDGE_CURVE('',#991,#992,#97,.T.);
#1235=EDGE_CURVE('',#992,#993,#98,.T.);
#1236=EDGE_CURVE('',#993,#994,#465,.T.);
#1237=EDGE_CURVE('',#994,#995,#466,.T.);
#1238=EDGE_CURVE('',#995,#996,#467,.T.);
#1239=EDGE_CURVE('',#996,#997,#99,.T.);
#1240=EDGE_CURVE('',#997,#998,#100,.T.);
#1241=EDGE_CURVE('',#998,#999,#468,.T.);
#1242=EDGE_CURVE('',#999,#1000,#469,.T.);
#1243=EDGE_CURVE('',#1000,#1001,#470,.T.);
#1244=EDGE_CURVE('',#1001,#1002,#471,.T.);
#1245=EDGE_CURVE('',#1002,#1003,#472,.T.);
#1246=EDGE_CURVE('',#1003,#1004,#101,.T.);
#1247=EDGE_CURVE('',#1004,#1005,#102,.T.);
#1248=EDGE_CURVE('',#1005,#987,#473,.T.);
#1249=EDGE_CURVE('',#1006,#1007,#103,.T.);
#1250=EDGE_CURVE('',#1007,#1008,#104,.T.);
#1251=EDGE_CURVE('',#1008,#1009,#105,.T.);
#1252=EDGE_CURVE('',#1009,#1010,#106,.T.);
#1253=EDGE_CURVE('',#1010,#1006,#107,.T.);
#1254=EDGE_CURVE('',#1011,#1012,#474,.T.);
#1255=EDGE_CURVE('',#1012,#1013,#475,.T.);
#1256=EDGE_CURVE('',#1013,#1014,#476,.T.);
#1257=EDGE_CURVE('',#1014,#1015,#477,.T.);
#1258=EDGE_CURVE('',#1015,#1016,#108,.T.);
#1259=EDGE_CURVE('',#1016,#1017,#109,.T.);
#1260=EDGE_CURVE('',#1017,#1018,#478,.T.);
#1261=EDGE_CURVE('',#1018,#1019,#479,.T.);
#1262=EDGE_CURVE('',#1019,#1020,#480,.T.);
#1263=EDGE_CURVE('',#1020,#1021,#481,.T.);
#1264=EDGE_CURVE('',#1021,#1022,#482,.T.);
#1265=EDGE_CURVE('',#1022,#1023,#483,.T.);
#1266=EDGE_CURVE('',#1023,#1024,#484,.T.);
#1267=EDGE_CURVE('',#1024,#1025,#485,.T.);
#1268=EDGE_CURVE('',#1025,#1011,#486,.T.);
#1269=EDGE_CURVE('',#1026,#1027,#487,.T.);
#1270=EDGE_CURVE('',#1027,#1028,#488,.T.);
#1271=EDGE_CURVE('',#1028,#1029,#489,.T.);
#1272=EDGE_CURVE('',#1029,#1030,#490,.T.);
#1273=EDGE_CURVE('',#1030,#1031,#491,.T.);
#1274=EDGE_CURVE('',#1031,#1032,#492,.T.);
#1275=EDGE_CURVE('',#1032,#1033,#493,.T.);
#1276=EDGE_CURVE('',#1033,#1026,#494,.T.);
#1277=EDGE_CURVE('',#1034,#1035,#495,.T.);
#1278=EDGE_CURVE('',#1035,#1036,#421,.T.);
#1279=EDGE_CURVE('',#1036,#1037,#496,.T.);
#1280=EDGE_CURVE('',#1037,#1038,#422,.T.);
#1281=EDGE_CURVE('',#1038,#1039,#497,.T.);
#1282=EDGE_CURVE('',#1039,#1040,#423,.T.);
#1283=EDGE_CURVE('',#1040,#1041,#498,.T.);
#1284=EDGE_CURVE('',#1041,#1034,#424,.T.);
#1285=EDGE_CURVE('',#1042,#1043,#499,.T.);
#1286=EDGE_CURVE('',#1042,#1044,#425,.T.);
#1287=EDGE_CURVE('',#1045,#1044,#500,.T.);
#1288=EDGE_CURVE('',#1045,#1046,#426,.T.);
#1289=EDGE_CURVE('',#1047,#1046,#501,.T.);
#1290=EDGE_CURVE('',#1047,#1048,#427,.T.);
#1291=EDGE_CURVE('',#1049,#1048,#502,.T.);
#1292=EDGE_CURVE('',#1049,#1043,#428,.T.);
#1293=EDGE_CURVE('',#1050,#1051,#503,.T.);
#1294=EDGE_CURVE('',#1052,#1050,#429,.T.);
#1295=EDGE_CURVE('',#1052,#1053,#504,.T.);
#1296=EDGE_CURVE('',#1053,#1054,#505,.T.);
#1297=EDGE_CURVE('',#1055,#1054,#506,.T.);
#1298=EDGE_CURVE('',#1056,#1055,#507,.T.);
#1299=EDGE_CURVE('',#1057,#1056,#430,.T.);
#1300=EDGE_CURVE('',#1058,#1057,#508,.T.);
#1301=EDGE_CURVE('',#1058,#1059,#431,.T.);
#1302=EDGE_CURVE('',#1059,#1060,#509,.T.);
#1303=EDGE_CURVE('',#1060,#1061,#510,.T.);
#1304=EDGE_CURVE('',#1062,#1061,#511,.T.);
#1305=EDGE_CURVE('',#1063,#1062,#512,.T.);
#1306=EDGE_CURVE('',#1063,#1064,#432,.T.);
#1307=EDGE_CURVE('',#1065,#1064,#513,.T.);
#1308=EDGE_CURVE('',#1066,#1065,#433,.T.);
#1309=EDGE_CURVE('',#1066,#1067,#514,.T.);
#1310=EDGE_CURVE('',#1067,#1068,#515,.T.);
#1311=EDGE_CURVE('',#1069,#1068,#516,.T.);
#1312=EDGE_CURVE('',#1070,#1069,#517,.T.);
#1313=EDGE_CURVE('',#1071,#1070,#518,.T.);
#1314=EDGE_CURVE('',#1072,#1071,#434,.T.);
#1315=EDGE_CURVE('',#1073,#1072,#519,.T.);
#1316=EDGE_CURVE('',#1073,#1074,#435,.T.);
#1317=EDGE_CURVE('',#1074,#1075,#520,.T.);
#1318=EDGE_CURVE('',#1075,#1076,#521,.T.);
#1319=EDGE_CURVE('',#1077,#1076,#522,.T.);
#1320=EDGE_CURVE('',#1078,#1077,#523,.T.);
#1321=EDGE_CURVE('',#1078,#1051,#436,.T.);
#1322=EDGE_CURVE('',#1040,#1079,#524,.T.);
#1323=EDGE_CURVE('',#1039,#1080,#525,.T.);
#1324=EDGE_CURVE('',#1080,#1079,#437,.T.);
#1325=EDGE_CURVE('',#1051,#1081,#526,.T.);
#1326=EDGE_CURVE('',#1041,#1081,#527,.T.);
#1327=EDGE_CURVE('',#1050,#1079,#528,.T.);
#1328=EDGE_CURVE('',#1034,#1082,#529,.T.);
#1329=EDGE_CURVE('',#1082,#1081,#438,.T.);
#1330=EDGE_CURVE('',#1072,#1083,#530,.T.);
#1331=EDGE_CURVE('',#1035,#1083,#531,.T.);
#1332=EDGE_CURVE('',#1082,#1073,#532,.T.);
#1333=EDGE_CURVE('',#1036,#1084,#533,.T.);
#1334=EDGE_CURVE('',#1083,#1084,#439,.T.);
#1335=EDGE_CURVE('',#1064,#1085,#534,.T.);
#1336=EDGE_CURVE('',#1037,#1085,#535,.T.);
#1337=EDGE_CURVE('',#1065,#1084,#536,.T.);
#1338=EDGE_CURVE('',#1038,#1086,#537,.T.);
#1339=EDGE_CURVE('',#1086,#1085,#440,.T.);
#1340=EDGE_CURVE('',#1057,#1080,#538,.T.);
#1341=EDGE_CURVE('',#1086,#1058,#539,.T.);
#1342=EDGE_CURVE('',#1043,#1087,#540,.T.);
#1343=EDGE_CURVE('',#1088,#1087,#541,.T.);
#1344=EDGE_CURVE('',#1088,#1042,#542,.T.);
#1345=EDGE_CURVE('',#1048,#1089,#543,.T.);
#1346=EDGE_CURVE('',#1090,#1089,#544,.T.);
#1347=EDGE_CURVE('',#1090,#1049,#545,.T.);
#1348=EDGE_CURVE('',#1091,#1092,#546,.T.);
#1349=EDGE_CURVE('',#1091,#1047,#547,.T.);
#1350=EDGE_CURVE('',#1046,#1092,#548,.T.);
#1351=EDGE_CURVE('',#1044,#1093,#549,.T.);
#1352=EDGE_CURVE('',#1094,#1093,#550,.T.);
#1353=EDGE_CURVE('',#1094,#1045,#551,.T.);
#1354=EDGE_CURVE('',#1089,#1091,#441,.T.);
#1355=EDGE_CURVE('',#1092,#1094,#442,.T.);
#1356=EDGE_CURVE('',#1093,#1088,#443,.T.);
#1357=EDGE_CURVE('',#1087,#1090,#444,.T.);
#1358=EDGE_CURVE('',#1095,#1096,#552,.T.);
#1359=EDGE_CURVE('',#1096,#1097,#445,.T.);
#1360=EDGE_CURVE('',#1097,#1098,#553,.T.);
#1361=EDGE_CURVE('',#1098,#1099,#446,.T.);
#1362=EDGE_CURVE('',#1099,#1100,#554,.T.);
#1363=EDGE_CURVE('',#1100,#1101,#447,.T.);
#1364=EDGE_CURVE('',#1101,#1102,#555,.T.);
#1365=EDGE_CURVE('',#1102,#1095,#448,.T.);
#1366=EDGE_CURVE('',#1097,#966,#556,.T.);
#1367=EDGE_CURVE('',#965,#1098,#557,.T.);
#1368=EDGE_CURVE('',#967,#1096,#558,.T.);
#1369=EDGE_CURVE('',#1095,#968,#559,.T.);
#1370=EDGE_CURVE('',#969,#1102,#560,.T.);
#1371=EDGE_CURVE('',#1101,#970,#561,.T.);
#1372=EDGE_CURVE('',#971,#1100,#562,.T.);
#1373=EDGE_CURVE('',#1099,#972,#563,.T.);
#1374=EDGE_CURVE('',#1103,#1026,#564,.T.);
#1375=EDGE_CURVE('',#1103,#1104,#565,.T.);
#1376=EDGE_CURVE('',#1104,#1027,#566,.T.);
#1377=EDGE_CURVE('',#1104,#1105,#567,.T.);
#1378=EDGE_CURVE('',#1105,#1028,#568,.T.);
#1379=EDGE_CURVE('',#1105,#1106,#569,.T.);
#1380=EDGE_CURVE('',#1106,#1029,#570,.T.);
#1381=EDGE_CURVE('',#1106,#1107,#571,.T.);
#1382=EDGE_CURVE('',#1107,#1030,#572,.T.);
#1383=EDGE_CURVE('',#1107,#1108,#573,.T.);
#1384=EDGE_CURVE('',#1108,#1031,#574,.T.);
#1385=EDGE_CURVE('',#1108,#1109,#575,.T.);
#1386=EDGE_CURVE('',#1109,#1032,#576,.T.);
#1387=EDGE_CURVE('',#1109,#1110,#577,.T.);
#1388=EDGE_CURVE('',#1110,#1033,#578,.T.);
#1389=EDGE_CURVE('',#1110,#1103,#579,.T.);
#1390=EDGE_CURVE('',#1111,#1112,#580,.T.);
#1391=EDGE_CURVE('',#1113,#1111,#110,.T.);
#1392=EDGE_CURVE('',#1114,#1113,#111,.T.);
#1393=EDGE_CURVE('',#1115,#1114,#581,.T.);
#1394=EDGE_CURVE('',#1112,#1115,#582,.T.);
#1395=EDGE_CURVE('',#1116,#1117,#583,.T.);
#1396=EDGE_CURVE('',#1111,#1116,#584,.T.);
#1397=EDGE_CURVE('',#1112,#1117,#585,.T.);
#1398=EDGE_CURVE('',#1118,#1116,#112,.T.);
#1399=EDGE_CURVE('',#1113,#1118,#586,.T.);
#1400=EDGE_CURVE('',#1119,#1118,#113,.T.);
#1401=EDGE_CURVE('',#1114,#1119,#587,.T.);
#1402=EDGE_CURVE('',#1120,#1119,#588,.T.);
#1403=EDGE_CURVE('',#1115,#1120,#589,.T.);
#1404=EDGE_CURVE('',#1117,#1120,#590,.T.);
#1405=EDGE_CURVE('',#1121,#973,#591,.T.);
#1406=EDGE_CURVE('',#1121,#1122,#592,.T.);
#1407=EDGE_CURVE('',#1122,#974,#593,.T.);
#1408=EDGE_CURVE('',#1122,#1123,#594,.T.);
#1409=EDGE_CURVE('',#1123,#975,#595,.T.);
#1410=EDGE_CURVE('',#1123,#1124,#596,.T.);
#1411=EDGE_CURVE('',#1124,#976,#597,.T.);
#1412=EDGE_CURVE('',#1124,#1125,#114,.T.);
#1413=EDGE_CURVE('',#1125,#977,#598,.T.);
#1414=EDGE_CURVE('',#1125,#1126,#115,.T.);
#1415=EDGE_CURVE('',#1126,#978,#599,.T.);
#1416=EDGE_CURVE('',#1126,#1127,#116,.T.);
#1417=EDGE_CURVE('',#1127,#979,#600,.T.);
#1418=EDGE_CURVE('',#1127,#1121,#117,.T.);
#1419=EDGE_CURVE('',#1128,#1129,#601,.T.);
#1420=EDGE_CURVE('',#1130,#1128,#118,.T.);
#1421=EDGE_CURVE('',#1131,#1130,#119,.T.);
#1422=EDGE_CURVE('',#1132,#1131,#120,.T.);
#1423=EDGE_CURVE('',#1133,#1132,#602,.T.);
#1424=EDGE_CURVE('',#1129,#1133,#603,.T.);
#1425=EDGE_CURVE('',#1134,#1135,#604,.T.);
#1426=EDGE_CURVE('',#1136,#1134,#121,.T.);
#1427=EDGE_CURVE('',#1137,#1136,#122,.T.);
#1428=EDGE_CURVE('',#1138,#1137,#123,.T.);
#1429=EDGE_CURVE('',#1139,#1138,#605,.T.);
#1430=EDGE_CURVE('',#1135,#1139,#606,.T.);
#1431=EDGE_CURVE('',#1140,#1141,#607,.T.);
#1432=EDGE_CURVE('',#1135,#1140,#608,.T.);
#1433=EDGE_CURVE('',#1139,#1141,#609,.T.);
#1434=EDGE_CURVE('',#1142,#1140,#610,.T.);
#1435=EDGE_CURVE('',#1134,#1142,#611,.T.);
#1436=EDGE_CURVE('',#1143,#1142,#124,.T.);
#1437=EDGE_CURVE('',#1136,#1143,#612,.T.);
#1438=EDGE_CURVE('',#1144,#1143,#125,.T.);
#1439=EDGE_CURVE('',#1137,#1144,#613,.T.);
#1440=EDGE_CURVE('',#1145,#1144,#126,.T.);
#1441=EDGE_CURVE('',#1138,#1145,#614,.T.);
#1442=EDGE_CURVE('',#1141,#1145,#615,.T.);
#1443=EDGE_CURVE('',#1146,#1147,#616,.T.);
#1444=EDGE_CURVE('',#1129,#1146,#617,.T.);
#1445=EDGE_CURVE('',#1133,#1147,#618,.T.);
#1446=EDGE_CURVE('',#1148,#1146,#619,.T.);
#1447=EDGE_CURVE('',#1128,#1148,#620,.T.);
#1448=EDGE_CURVE('',#1149,#1148,#127,.T.);
#1449=EDGE_CURVE('',#1130,#1149,#621,.T.);
#1450=EDGE_CURVE('',#1150,#1149,#128,.T.);
#1451=EDGE_CURVE('',#1131,#1150,#622,.T.);
#1452=EDGE_CURVE('',#1151,#1150,#129,.T.);
#1453=EDGE_CURVE('',#1132,#1151,#623,.T.);
#1454=EDGE_CURVE('',#1147,#1151,#624,.T.);
#1455=EDGE_CURVE('',#1152,#1011,#625,.T.);
#1456=EDGE_CURVE('',#1152,#1153,#626,.T.);
#1457=EDGE_CURVE('',#1153,#1012,#627,.T.);
#1458=EDGE_CURVE('',#1153,#1154,#628,.T.);
#1459=EDGE_CURVE('',#1154,#1013,#629,.T.);
#1460=EDGE_CURVE('',#1154,#1155,#630,.T.);
#1461=EDGE_CURVE('',#1155,#1014,#631,.T.);
#1462=EDGE_CURVE('',#1155,#1156,#632,.T.);
#1463=EDGE_CURVE('',#1156,#1015,#633,.T.);
#1464=EDGE_CURVE('',#1156,#1157,#130,.T.);
#1465=EDGE_CURVE('',#1157,#1016,#634,.T.);
#1466=EDGE_CURVE('',#1157,#1158,#131,.T.);
#1467=EDGE_CURVE('',#1158,#1017,#635,.T.);
#1468=EDGE_CURVE('',#1158,#1159,#636,.T.);
#1469=EDGE_CURVE('',#1159,#1018,#637,.T.);
#1470=EDGE_CURVE('',#1159,#1160,#638,.T.);
#1471=EDGE_CURVE('',#1160,#1019,#639,.T.);
#1472=EDGE_CURVE('',#1160,#1161,#640,.T.);
#1473=EDGE_CURVE('',#1161,#1020,#641,.T.);
#1474=EDGE_CURVE('',#1161,#1162,#642,.T.);
#1475=EDGE_CURVE('',#1162,#1021,#643,.T.);
#1476=EDGE_CURVE('',#1162,#1163,#644,.T.);
#1477=EDGE_CURVE('',#1163,#1022,#645,.T.);
#1478=EDGE_CURVE('',#1163,#1164,#646,.T.);
#1479=EDGE_CURVE('',#1164,#1023,#647,.T.);
#1480=EDGE_CURVE('',#1164,#1165,#648,.T.);
#1481=EDGE_CURVE('',#1165,#1024,#649,.T.);
#1482=EDGE_CURVE('',#1165,#1166,#650,.T.);
#1483=EDGE_CURVE('',#1166,#1025,#651,.T.);
#1484=EDGE_CURVE('',#1166,#1152,#652,.T.);
#1485=EDGE_CURVE('',#1167,#980,#653,.T.);
#1486=EDGE_CURVE('',#1167,#1168,#654,.T.);
#1487=EDGE_CURVE('',#1168,#981,#655,.T.);
#1488=EDGE_CURVE('',#1168,#1169,#656,.T.);
#1489=EDGE_CURVE('',#1169,#982,#657,.T.);
#1490=EDGE_CURVE('',#1169,#1170,#658,.T.);
#1491=EDGE_CURVE('',#1170,#983,#659,.T.);
#1492=EDGE_CURVE('',#1170,#1171,#132,.T.);
#1493=EDGE_CURVE('',#1171,#984,#660,.T.);
#1494=EDGE_CURVE('',#1171,#1172,#661,.T.);
#1495=EDGE_CURVE('',#1172,#985,#662,.T.);
#1496=EDGE_CURVE('',#1172,#1173,#133,.T.);
#1497=EDGE_CURVE('',#1173,#986,#663,.T.);
#1498=EDGE_CURVE('',#1173,#1167,#664,.T.);
#1499=EDGE_CURVE('',#1174,#1006,#665,.T.);
#1500=EDGE_CURVE('',#1174,#1175,#134,.T.);
#1501=EDGE_CURVE('',#1175,#1007,#666,.T.);
#1502=EDGE_CURVE('',#1175,#1176,#135,.T.);
#1503=EDGE_CURVE('',#1176,#1008,#667,.T.);
#1504=EDGE_CURVE('',#1176,#1177,#136,.T.);
#1505=EDGE_CURVE('',#1177,#1009,#668,.T.);
#1506=EDGE_CURVE('',#1177,#1178,#137,.T.);
#1507=EDGE_CURVE('',#1178,#1010,#669,.T.);
#1508=EDGE_CURVE('',#1178,#1174,#138,.T.);
#1509=EDGE_CURVE('',#1179,#1180,#139,.T.);
#1510=EDGE_CURVE('',#1181,#1179,#140,.T.);
#1511=EDGE_CURVE('',#1182,#1181,#141,.T.);
#1512=EDGE_CURVE('',#1183,#1182,#142,.T.);
#1513=EDGE_CURVE('',#1180,#1183,#143,.T.);
#1514=EDGE_CURVE('',#1184,#1185,#144,.T.);
#1515=EDGE_CURVE('',#1180,#1184,#670,.T.);
#1516=EDGE_CURVE('',#1183,#1185,#671,.T.);
#1517=EDGE_CURVE('',#1186,#1184,#145,.T.);
#1518=EDGE_CURVE('',#1179,#1186,#672,.T.);
#1519=EDGE_CURVE('',#1187,#1186,#146,.T.);
#1520=EDGE_CURVE('',#1181,#1187,#673,.T.);
#1521=EDGE_CURVE('',#1188,#1187,#147,.T.);
#1522=EDGE_CURVE('',#1182,#1188,#674,.T.);
#1523=EDGE_CURVE('',#1185,#1188,#148,.T.);
#1524=EDGE_CURVE('',#1189,#987,#675,.T.);
#1525=EDGE_CURVE('',#1189,#1190,#676,.T.);
#1526=EDGE_CURVE('',#1190,#988,#677,.T.);
#1527=EDGE_CURVE('',#1190,#1191,#678,.T.);
#1528=EDGE_CURVE('',#1191,#989,#679,.T.);
#1529=EDGE_CURVE('',#1191,#1192,#680,.T.);
#1530=EDGE_CURVE('',#1192,#990,#681,.T.);
#1531=EDGE_CURVE('',#1192,#1193,#682,.T.);
#1532=EDGE_CURVE('',#1193,#991,#683,.T.);
#1533=EDGE_CURVE('',#1193,#1194,#149,.T.);
#1534=EDGE_CURVE('',#1194,#992,#684,.T.);
#1535=EDGE_CURVE('',#1194,#1195,#150,.T.);
#1536=EDGE_CURVE('',#1195,#993,#685,.T.);
#1537=EDGE_CURVE('',#1195,#1196,#686,.T.);
#1538=EDGE_CURVE('',#1196,#994,#687,.T.);
#1539=EDGE_CURVE('',#1196,#1197,#688,.T.);
#1540=EDGE_CURVE('',#1197,#995,#689,.T.);
#1541=EDGE_CURVE('',#1197,#1198,#690,.T.);
#1542=EDGE_CURVE('',#1198,#996,#691,.T.);
#1543=EDGE_CURVE('',#1198,#1199,#151,.T.);
#1544=EDGE_CURVE('',#1199,#997,#692,.T.);
#1545=EDGE_CURVE('',#1199,#1200,#152,.T.);
#1546=EDGE_CURVE('',#1200,#998,#693,.T.);
#1547=EDGE_CURVE('',#1200,#1201,#694,.T.);
#1548=EDGE_CURVE('',#1201,#999,#695,.T.);
#1549=EDGE_CURVE('',#1201,#1202,#696,.T.);
#1550=EDGE_CURVE('',#1202,#1000,#697,.T.);
#1551=EDGE_CURVE('',#1202,#1203,#698,.T.);
#1552=EDGE_CURVE('',#1203,#1001,#699,.T.);
#1553=EDGE_CURVE('',#1203,#1204,#700,.T.);
#1554=EDGE_CURVE('',#1204,#1002,#701,.T.);
#1555=EDGE_CURVE('',#1204,#1205,#702,.T.);
#1556=EDGE_CURVE('',#1205,#1003,#703,.T.);
#1557=EDGE_CURVE('',#1205,#1206,#153,.T.);
#1558=EDGE_CURVE('',#1206,#1004,#704,.T.);
#1559=EDGE_CURVE('',#1206,#1207,#154,.T.);
#1560=EDGE_CURVE('',#1207,#1005,#705,.T.);
#1561=EDGE_CURVE('',#1207,#1189,#706,.T.);
#1562=ORIENTED_EDGE('',*,*,#1208,.T.);
#1563=ORIENTED_EDGE('',*,*,#1209,.T.);
#1564=ORIENTED_EDGE('',*,*,#1210,.T.);
#1565=ORIENTED_EDGE('',*,*,#1211,.T.);
#1566=ORIENTED_EDGE('',*,*,#1212,.T.);
#1567=ORIENTED_EDGE('',*,*,#1213,.T.);
#1568=ORIENTED_EDGE('',*,*,#1214,.T.);
#1569=ORIENTED_EDGE('',*,*,#1215,.T.);
#1570=ORIENTED_EDGE('',*,*,#1216,.T.);
#1571=ORIENTED_EDGE('',*,*,#1217,.T.);
#1572=ORIENTED_EDGE('',*,*,#1218,.T.);
#1573=ORIENTED_EDGE('',*,*,#1219,.T.);
#1574=ORIENTED_EDGE('',*,*,#1220,.T.);
#1575=ORIENTED_EDGE('',*,*,#1221,.T.);
#1576=ORIENTED_EDGE('',*,*,#1222,.T.);
#1577=ORIENTED_EDGE('',*,*,#1223,.T.);
#1578=ORIENTED_EDGE('',*,*,#1224,.T.);
#1579=ORIENTED_EDGE('',*,*,#1225,.T.);
#1580=ORIENTED_EDGE('',*,*,#1226,.T.);
#1581=ORIENTED_EDGE('',*,*,#1227,.T.);
#1582=ORIENTED_EDGE('',*,*,#1228,.T.);
#1583=ORIENTED_EDGE('',*,*,#1229,.T.);
#1584=ORIENTED_EDGE('',*,*,#1230,.T.);
#1585=ORIENTED_EDGE('',*,*,#1231,.T.);
#1586=ORIENTED_EDGE('',*,*,#1232,.T.);
#1587=ORIENTED_EDGE('',*,*,#1233,.T.);
#1588=ORIENTED_EDGE('',*,*,#1234,.T.);
#1589=ORIENTED_EDGE('',*,*,#1235,.T.);
#1590=ORIENTED_EDGE('',*,*,#1236,.T.);
#1591=ORIENTED_EDGE('',*,*,#1237,.T.);
#1592=ORIENTED_EDGE('',*,*,#1238,.T.);
#1593=ORIENTED_EDGE('',*,*,#1239,.T.);
#1594=ORIENTED_EDGE('',*,*,#1240,.T.);
#1595=ORIENTED_EDGE('',*,*,#1241,.T.);
#1596=ORIENTED_EDGE('',*,*,#1242,.T.);
#1597=ORIENTED_EDGE('',*,*,#1243,.T.);
#1598=ORIENTED_EDGE('',*,*,#1244,.T.);
#1599=ORIENTED_EDGE('',*,*,#1245,.T.);
#1600=ORIENTED_EDGE('',*,*,#1246,.T.);
#1601=ORIENTED_EDGE('',*,*,#1247,.T.);
#1602=ORIENTED_EDGE('',*,*,#1248,.T.);
#1603=ORIENTED_EDGE('',*,*,#1249,.T.);
#1604=ORIENTED_EDGE('',*,*,#1250,.T.);
#1605=ORIENTED_EDGE('',*,*,#1251,.T.);
#1606=ORIENTED_EDGE('',*,*,#1252,.T.);
#1607=ORIENTED_EDGE('',*,*,#1253,.T.);
#1608=ORIENTED_EDGE('',*,*,#1254,.T.);
#1609=ORIENTED_EDGE('',*,*,#1255,.T.);
#1610=ORIENTED_EDGE('',*,*,#1256,.T.);
#1611=ORIENTED_EDGE('',*,*,#1257,.T.);
#1612=ORIENTED_EDGE('',*,*,#1258,.T.);
#1613=ORIENTED_EDGE('',*,*,#1259,.T.);
#1614=ORIENTED_EDGE('',*,*,#1260,.T.);
#1615=ORIENTED_EDGE('',*,*,#1261,.T.);
#1616=ORIENTED_EDGE('',*,*,#1262,.T.);
#1617=ORIENTED_EDGE('',*,*,#1263,.T.);
#1618=ORIENTED_EDGE('',*,*,#1264,.T.);
#1619=ORIENTED_EDGE('',*,*,#1265,.T.);
#1620=ORIENTED_EDGE('',*,*,#1266,.T.);
#1621=ORIENTED_EDGE('',*,*,#1267,.T.);
#1622=ORIENTED_EDGE('',*,*,#1268,.T.);
#1623=ORIENTED_EDGE('',*,*,#1269,.T.);
#1624=ORIENTED_EDGE('',*,*,#1270,.T.);
#1625=ORIENTED_EDGE('',*,*,#1271,.T.);
#1626=ORIENTED_EDGE('',*,*,#1272,.T.);
#1627=ORIENTED_EDGE('',*,*,#1273,.T.);
#1628=ORIENTED_EDGE('',*,*,#1274,.T.);
#1629=ORIENTED_EDGE('',*,*,#1275,.T.);
#1630=ORIENTED_EDGE('',*,*,#1276,.T.);
#1631=ORIENTED_EDGE('',*,*,#1277,.T.);
#1632=ORIENTED_EDGE('',*,*,#1278,.T.);
#1633=ORIENTED_EDGE('',*,*,#1279,.T.);
#1634=ORIENTED_EDGE('',*,*,#1280,.T.);
#1635=ORIENTED_EDGE('',*,*,#1281,.T.);
#1636=ORIENTED_EDGE('',*,*,#1282,.T.);
#1637=ORIENTED_EDGE('',*,*,#1283,.T.);
#1638=ORIENTED_EDGE('',*,*,#1284,.T.);
#1639=ORIENTED_EDGE('',*,*,#1285,.F.);
#1640=ORIENTED_EDGE('',*,*,#1286,.T.);
#1641=ORIENTED_EDGE('',*,*,#1287,.F.);
#1642=ORIENTED_EDGE('',*,*,#1288,.T.);
#1643=ORIENTED_EDGE('',*,*,#1289,.F.);
#1644=ORIENTED_EDGE('',*,*,#1290,.T.);
#1645=ORIENTED_EDGE('',*,*,#1291,.F.);
#1646=ORIENTED_EDGE('',*,*,#1292,.T.);
#1647=ORIENTED_EDGE('',*,*,#1293,.F.);
#1648=ORIENTED_EDGE('',*,*,#1294,.F.);
#1649=ORIENTED_EDGE('',*,*,#1295,.T.);
#1650=ORIENTED_EDGE('',*,*,#1296,.T.);
#1651=ORIENTED_EDGE('',*,*,#1297,.F.);
#1652=ORIENTED_EDGE('',*,*,#1298,.F.);
#1653=ORIENTED_EDGE('',*,*,#1299,.F.);
#1654=ORIENTED_EDGE('',*,*,#1300,.F.);
#1655=ORIENTED_EDGE('',*,*,#1301,.T.);
#1656=ORIENTED_EDGE('',*,*,#1302,.T.);
#1657=ORIENTED_EDGE('',*,*,#1303,.T.);
#1658=ORIENTED_EDGE('',*,*,#1304,.F.);
#1659=ORIENTED_EDGE('',*,*,#1305,.F.);
#1660=ORIENTED_EDGE('',*,*,#1306,.T.);
#1661=ORIENTED_EDGE('',*,*,#1307,.F.);
#1662=ORIENTED_EDGE('',*,*,#1308,.F.);
#1663=ORIENTED_EDGE('',*,*,#1309,.T.);
#1664=ORIENTED_EDGE('',*,*,#1310,.T.);
#1665=ORIENTED_EDGE('',*,*,#1311,.F.);
#1666=ORIENTED_EDGE('',*,*,#1312,.F.);
#1667=ORIENTED_EDGE('',*,*,#1313,.F.);
#1668=ORIENTED_EDGE('',*,*,#1314,.F.);
#1669=ORIENTED_EDGE('',*,*,#1315,.F.);
#1670=ORIENTED_EDGE('',*,*,#1316,.T.);
#1671=ORIENTED_EDGE('',*,*,#1317,.T.);
#1672=ORIENTED_EDGE('',*,*,#1318,.T.);
#1673=ORIENTED_EDGE('',*,*,#1319,.F.);
#1674=ORIENTED_EDGE('',*,*,#1320,.F.);
#1675=ORIENTED_EDGE('',*,*,#1321,.T.);
#1676=ORIENTED_EDGE('',*,*,#1322,.F.);
#1677=ORIENTED_EDGE('',*,*,#1282,.F.);
#1678=ORIENTED_EDGE('',*,*,#1323,.T.);
#1679=ORIENTED_EDGE('',*,*,#1324,.T.);
#1680=ORIENTED_EDGE('',*,*,#1293,.T.);
#1681=ORIENTED_EDGE('',*,*,#1325,.T.);
#1682=ORIENTED_EDGE('',*,*,#1326,.F.);
#1683=ORIENTED_EDGE('',*,*,#1283,.F.);
#1684=ORIENTED_EDGE('',*,*,#1322,.T.);
#1685=ORIENTED_EDGE('',*,*,#1327,.F.);
#1686=ORIENTED_EDGE('',*,*,#1328,.F.);
#1687=ORIENTED_EDGE('',*,*,#1284,.F.);
#1688=ORIENTED_EDGE('',*,*,#1326,.T.);
#1689=ORIENTED_EDGE('',*,*,#1329,.F.);
#1690=ORIENTED_EDGE('',*,*,#1315,.T.);
#1691=ORIENTED_EDGE('',*,*,#1330,.T.);
#1692=ORIENTED_EDGE('',*,*,#1331,.F.);
#1693=ORIENTED_EDGE('',*,*,#1277,.F.);
#1694=ORIENTED_EDGE('',*,*,#1328,.T.);
#1695=ORIENTED_EDGE('',*,*,#1332,.T.);
#1696=ORIENTED_EDGE('',*,*,#1333,.F.);
#1697=ORIENTED_EDGE('',*,*,#1278,.F.);
#1698=ORIENTED_EDGE('',*,*,#1331,.T.);
#1699=ORIENTED_EDGE('',*,*,#1334,.T.);
#1700=ORIENTED_EDGE('',*,*,#1335,.T.);
#1701=ORIENTED_EDGE('',*,*,#1336,.F.);
#1702=ORIENTED_EDGE('',*,*,#1279,.F.);
#1703=ORIENTED_EDGE('',*,*,#1333,.T.);
#1704=ORIENTED_EDGE('',*,*,#1337,.F.);
#1705=ORIENTED_EDGE('',*,*,#1307,.T.);
#1706=ORIENTED_EDGE('',*,*,#1338,.F.);
#1707=ORIENTED_EDGE('',*,*,#1280,.F.);
#1708=ORIENTED_EDGE('',*,*,#1336,.T.);
#1709=ORIENTED_EDGE('',*,*,#1339,.F.);
#1710=ORIENTED_EDGE('',*,*,#1340,.T.);
#1711=ORIENTED_EDGE('',*,*,#1323,.F.);
#1712=ORIENTED_EDGE('',*,*,#1281,.F.);
#1713=ORIENTED_EDGE('',*,*,#1338,.T.);
#1714=ORIENTED_EDGE('',*,*,#1341,.T.);
#1715=ORIENTED_EDGE('',*,*,#1300,.T.);
#1716=ORIENTED_EDGE('',*,*,#1312,.T.);
#1717=ORIENTED_EDGE('',*,*,#1311,.T.);
#1718=ORIENTED_EDGE('',*,*,#1310,.F.);
#1719=ORIENTED_EDGE('',*,*,#1309,.F.);
#1720=ORIENTED_EDGE('',*,*,#1308,.T.);
#1721=ORIENTED_EDGE('',*,*,#1337,.T.);
#1722=ORIENTED_EDGE('',*,*,#1334,.F.);
#1723=ORIENTED_EDGE('',*,*,#1330,.F.);
#1724=ORIENTED_EDGE('',*,*,#1314,.T.);
#1725=ORIENTED_EDGE('',*,*,#1313,.T.);
#1726=ORIENTED_EDGE('',*,*,#1301,.F.);
#1727=ORIENTED_EDGE('',*,*,#1341,.F.);
#1728=ORIENTED_EDGE('',*,*,#1339,.T.);
#1729=ORIENTED_EDGE('',*,*,#1335,.F.);
#1730=ORIENTED_EDGE('',*,*,#1306,.F.);
#1731=ORIENTED_EDGE('',*,*,#1305,.T.);
#1732=ORIENTED_EDGE('',*,*,#1304,.T.);
#1733=ORIENTED_EDGE('',*,*,#1303,.F.);
#1734=ORIENTED_EDGE('',*,*,#1302,.F.);
#1735=ORIENTED_EDGE('',*,*,#1316,.F.);
#1736=ORIENTED_EDGE('',*,*,#1332,.F.);
#1737=ORIENTED_EDGE('',*,*,#1329,.T.);
#1738=ORIENTED_EDGE('',*,*,#1325,.F.);
#1739=ORIENTED_EDGE('',*,*,#1321,.F.);
#1740=ORIENTED_EDGE('',*,*,#1320,.T.);
#1741=ORIENTED_EDGE('',*,*,#1319,.T.);
#1742=ORIENTED_EDGE('',*,*,#1318,.F.);
#1743=ORIENTED_EDGE('',*,*,#1317,.F.);
#1744=ORIENTED_EDGE('',*,*,#1298,.T.);
#1745=ORIENTED_EDGE('',*,*,#1297,.T.);
#1746=ORIENTED_EDGE('',*,*,#1296,.F.);
#1747=ORIENTED_EDGE('',*,*,#1295,.F.);
#1748=ORIENTED_EDGE('',*,*,#1294,.T.);
#1749=ORIENTED_EDGE('',*,*,#1327,.T.);
#1750=ORIENTED_EDGE('',*,*,#1324,.F.);
#1751=ORIENTED_EDGE('',*,*,#1340,.F.);
#1752=ORIENTED_EDGE('',*,*,#1299,.T.);
#1753=ORIENTED_EDGE('',*,*,#1285,.T.);
#1754=ORIENTED_EDGE('',*,*,#1342,.T.);
#1755=ORIENTED_EDGE('',*,*,#1343,.F.);
#1756=ORIENTED_EDGE('',*,*,#1344,.T.);
#1757=ORIENTED_EDGE('',*,*,#1291,.T.);
#1758=ORIENTED_EDGE('',*,*,#1345,.T.);
#1759=ORIENTED_EDGE('',*,*,#1346,.F.);
#1760=ORIENTED_EDGE('',*,*,#1347,.T.);
#1761=ORIENTED_EDGE('',*,*,#1348,.F.);
#1762=ORIENTED_EDGE('',*,*,#1349,.T.);
#1763=ORIENTED_EDGE('',*,*,#1289,.T.);
#1764=ORIENTED_EDGE('',*,*,#1350,.T.);
#1765=ORIENTED_EDGE('',*,*,#1287,.T.);
#1766=ORIENTED_EDGE('',*,*,#1351,.T.);
#1767=ORIENTED_EDGE('',*,*,#1352,.F.);
#1768=ORIENTED_EDGE('',*,*,#1353,.T.);
#1769=ORIENTED_EDGE('',*,*,#1346,.T.);
#1770=ORIENTED_EDGE('',*,*,#1354,.T.);
#1771=ORIENTED_EDGE('',*,*,#1348,.T.);
#1772=ORIENTED_EDGE('',*,*,#1355,.T.);
#1773=ORIENTED_EDGE('',*,*,#1352,.T.);
#1774=ORIENTED_EDGE('',*,*,#1356,.T.);
#1775=ORIENTED_EDGE('',*,*,#1343,.T.);
#1776=ORIENTED_EDGE('',*,*,#1357,.T.);
#1777=ORIENTED_EDGE('',*,*,#1358,.T.);
#1778=ORIENTED_EDGE('',*,*,#1359,.T.);
#1779=ORIENTED_EDGE('',*,*,#1360,.T.);
#1780=ORIENTED_EDGE('',*,*,#1361,.T.);
#1781=ORIENTED_EDGE('',*,*,#1362,.T.);
#1782=ORIENTED_EDGE('',*,*,#1363,.T.);
#1783=ORIENTED_EDGE('',*,*,#1364,.T.);
#1784=ORIENTED_EDGE('',*,*,#1365,.T.);
#1785=ORIENTED_EDGE('',*,*,#1360,.F.);
#1786=ORIENTED_EDGE('',*,*,#1366,.T.);
#1787=ORIENTED_EDGE('',*,*,#1208,.F.);
#1788=ORIENTED_EDGE('',*,*,#1367,.T.);
#1789=ORIENTED_EDGE('',*,*,#1210,.F.);
#1790=ORIENTED_EDGE('',*,*,#1368,.T.);
#1791=ORIENTED_EDGE('',*,*,#1358,.F.);
#1792=ORIENTED_EDGE('',*,*,#1369,.T.);
#1793=ORIENTED_EDGE('',*,*,#1212,.F.);
#1794=ORIENTED_EDGE('',*,*,#1370,.T.);
#1795=ORIENTED_EDGE('',*,*,#1364,.F.);
#1796=ORIENTED_EDGE('',*,*,#1371,.T.);
#1797=ORIENTED_EDGE('',*,*,#1214,.F.);
#1798=ORIENTED_EDGE('',*,*,#1372,.T.);
#1799=ORIENTED_EDGE('',*,*,#1362,.F.);
#1800=ORIENTED_EDGE('',*,*,#1373,.T.);
#1801=ORIENTED_EDGE('',*,*,#1354,.F.);
#1802=ORIENTED_EDGE('',*,*,#1345,.F.);
#1803=ORIENTED_EDGE('',*,*,#1290,.F.);
#1804=ORIENTED_EDGE('',*,*,#1349,.F.);
#1805=ORIENTED_EDGE('',*,*,#1357,.F.);
#1806=ORIENTED_EDGE('',*,*,#1342,.F.);
#1807=ORIENTED_EDGE('',*,*,#1292,.F.);
#1808=ORIENTED_EDGE('',*,*,#1347,.F.);
#1809=ORIENTED_EDGE('',*,*,#1356,.F.);
#1810=ORIENTED_EDGE('',*,*,#1351,.F.);
#1811=ORIENTED_EDGE('',*,*,#1286,.F.);
#1812=ORIENTED_EDGE('',*,*,#1344,.F.);
#1813=ORIENTED_EDGE('',*,*,#1355,.F.);
#1814=ORIENTED_EDGE('',*,*,#1350,.F.);
#1815=ORIENTED_EDGE('',*,*,#1288,.F.);
#1816=ORIENTED_EDGE('',*,*,#1353,.F.);
#1817=ORIENTED_EDGE('',*,*,#1359,.F.);
#1818=ORIENTED_EDGE('',*,*,#1368,.F.);
#1819=ORIENTED_EDGE('',*,*,#1209,.F.);
#1820=ORIENTED_EDGE('',*,*,#1366,.F.);
#1821=ORIENTED_EDGE('',*,*,#1365,.F.);
#1822=ORIENTED_EDGE('',*,*,#1370,.F.);
#1823=ORIENTED_EDGE('',*,*,#1211,.F.);
#1824=ORIENTED_EDGE('',*,*,#1369,.F.);
#1825=ORIENTED_EDGE('',*,*,#1363,.F.);
#1826=ORIENTED_EDGE('',*,*,#1372,.F.);
#1827=ORIENTED_EDGE('',*,*,#1213,.F.);
#1828=ORIENTED_EDGE('',*,*,#1371,.F.);
#1829=ORIENTED_EDGE('',*,*,#1361,.F.);
#1830=ORIENTED_EDGE('',*,*,#1367,.F.);
#1831=ORIENTED_EDGE('',*,*,#1215,.F.);
#1832=ORIENTED_EDGE('',*,*,#1373,.F.);
#1833=ORIENTED_EDGE('',*,*,#1269,.F.);
#1834=ORIENTED_EDGE('',*,*,#1374,.F.);
#1835=ORIENTED_EDGE('',*,*,#1375,.T.);
#1836=ORIENTED_EDGE('',*,*,#1376,.T.);
#1837=ORIENTED_EDGE('',*,*,#1270,.F.);
#1838=ORIENTED_EDGE('',*,*,#1376,.F.);
#1839=ORIENTED_EDGE('',*,*,#1377,.T.);
#1840=ORIENTED_EDGE('',*,*,#1378,.T.);
#1841=ORIENTED_EDGE('',*,*,#1271,.F.);
#1842=ORIENTED_EDGE('',*,*,#1378,.F.);
#1843=ORIENTED_EDGE('',*,*,#1379,.T.);
#1844=ORIENTED_EDGE('',*,*,#1380,.T.);
#1845=ORIENTED_EDGE('',*,*,#1272,.F.);
#1846=ORIENTED_EDGE('',*,*,#1380,.F.);
#1847=ORIENTED_EDGE('',*,*,#1381,.T.);
#1848=ORIENTED_EDGE('',*,*,#1382,.T.);
#1849=ORIENTED_EDGE('',*,*,#1273,.F.);
#1850=ORIENTED_EDGE('',*,*,#1382,.F.);
#1851=ORIENTED_EDGE('',*,*,#1383,.T.);
#1852=ORIENTED_EDGE('',*,*,#1384,.T.);
#1853=ORIENTED_EDGE('',*,*,#1274,.F.);
#1854=ORIENTED_EDGE('',*,*,#1384,.F.);
#1855=ORIENTED_EDGE('',*,*,#1385,.T.);
#1856=ORIENTED_EDGE('',*,*,#1386,.T.);
#1857=ORIENTED_EDGE('',*,*,#1275,.F.);
#1858=ORIENTED_EDGE('',*,*,#1386,.F.);
#1859=ORIENTED_EDGE('',*,*,#1387,.T.);
#1860=ORIENTED_EDGE('',*,*,#1388,.T.);
#1861=ORIENTED_EDGE('',*,*,#1276,.F.);
#1862=ORIENTED_EDGE('',*,*,#1388,.F.);
#1863=ORIENTED_EDGE('',*,*,#1389,.T.);
#1864=ORIENTED_EDGE('',*,*,#1374,.T.);
#1865=ORIENTED_EDGE('',*,*,#1375,.F.);
#1866=ORIENTED_EDGE('',*,*,#1389,.F.);
#1867=ORIENTED_EDGE('',*,*,#1387,.F.);
#1868=ORIENTED_EDGE('',*,*,#1385,.F.);
#1869=ORIENTED_EDGE('',*,*,#1383,.F.);
#1870=ORIENTED_EDGE('',*,*,#1381,.F.);
#1871=ORIENTED_EDGE('',*,*,#1379,.F.);
#1872=ORIENTED_EDGE('',*,*,#1377,.F.);
#1873=ORIENTED_EDGE('',*,*,#1390,.F.);
#1874=ORIENTED_EDGE('',*,*,#1391,.F.);
#1875=ORIENTED_EDGE('',*,*,#1392,.F.);
#1876=ORIENTED_EDGE('',*,*,#1393,.F.);
#1877=ORIENTED_EDGE('',*,*,#1394,.F.);
#1878=ORIENTED_EDGE('',*,*,#1395,.F.);
#1879=ORIENTED_EDGE('',*,*,#1396,.F.);
#1880=ORIENTED_EDGE('',*,*,#1390,.T.);
#1881=ORIENTED_EDGE('',*,*,#1397,.T.);
#1882=ORIENTED_EDGE('',*,*,#1398,.F.);
#1883=ORIENTED_EDGE('',*,*,#1399,.F.);
#1884=ORIENTED_EDGE('',*,*,#1391,.T.);
#1885=ORIENTED_EDGE('',*,*,#1396,.T.);
#1886=ORIENTED_EDGE('',*,*,#1400,.F.);
#1887=ORIENTED_EDGE('',*,*,#1401,.F.);
#1888=ORIENTED_EDGE('',*,*,#1392,.T.);
#1889=ORIENTED_EDGE('',*,*,#1399,.T.);
#1890=ORIENTED_EDGE('',*,*,#1402,.F.);
#1891=ORIENTED_EDGE('',*,*,#1403,.F.);
#1892=ORIENTED_EDGE('',*,*,#1393,.T.);
#1893=ORIENTED_EDGE('',*,*,#1401,.T.);
#1894=ORIENTED_EDGE('',*,*,#1404,.F.);
#1895=ORIENTED_EDGE('',*,*,#1397,.F.);
#1896=ORIENTED_EDGE('',*,*,#1394,.T.);
#1897=ORIENTED_EDGE('',*,*,#1403,.T.);
#1898=ORIENTED_EDGE('',*,*,#1395,.T.);
#1899=ORIENTED_EDGE('',*,*,#1404,.T.);
#1900=ORIENTED_EDGE('',*,*,#1402,.T.);
#1901=ORIENTED_EDGE('',*,*,#1400,.T.);
#1902=ORIENTED_EDGE('',*,*,#1398,.T.);
#1903=ORIENTED_EDGE('',*,*,#1216,.F.);
#1904=ORIENTED_EDGE('',*,*,#1405,.F.);
#1905=ORIENTED_EDGE('',*,*,#1406,.T.);
#1906=ORIENTED_EDGE('',*,*,#1407,.T.);
#1907=ORIENTED_EDGE('',*,*,#1217,.F.);
#1908=ORIENTED_EDGE('',*,*,#1407,.F.);
#1909=ORIENTED_EDGE('',*,*,#1408,.T.);
#1910=ORIENTED_EDGE('',*,*,#1409,.T.);
#1911=ORIENTED_EDGE('',*,*,#1218,.F.);
#1912=ORIENTED_EDGE('',*,*,#1409,.F.);
#1913=ORIENTED_EDGE('',*,*,#1410,.T.);
#1914=ORIENTED_EDGE('',*,*,#1411,.T.);
#1915=ORIENTED_EDGE('',*,*,#1219,.F.);
#1916=ORIENTED_EDGE('',*,*,#1411,.F.);
#1917=ORIENTED_EDGE('',*,*,#1412,.T.);
#1918=ORIENTED_EDGE('',*,*,#1413,.T.);
#1919=ORIENTED_EDGE('',*,*,#1220,.F.);
#1920=ORIENTED_EDGE('',*,*,#1413,.F.);
#1921=ORIENTED_EDGE('',*,*,#1414,.T.);
#1922=ORIENTED_EDGE('',*,*,#1415,.T.);
#1923=ORIENTED_EDGE('',*,*,#1221,.F.);
#1924=ORIENTED_EDGE('',*,*,#1415,.F.);
#1925=ORIENTED_EDGE('',*,*,#1416,.T.);
#1926=ORIENTED_EDGE('',*,*,#1417,.T.);
#1927=ORIENTED_EDGE('',*,*,#1222,.F.);
#1928=ORIENTED_EDGE('',*,*,#1417,.F.);
#1929=ORIENTED_EDGE('',*,*,#1418,.T.);
#1930=ORIENTED_EDGE('',*,*,#1405,.T.);
#1931=ORIENTED_EDGE('',*,*,#1406,.F.);
#1932=ORIENTED_EDGE('',*,*,#1418,.F.);
#1933=ORIENTED_EDGE('',*,*,#1416,.F.);
#1934=ORIENTED_EDGE('',*,*,#1414,.F.);
#1935=ORIENTED_EDGE('',*,*,#1412,.F.);
#1936=ORIENTED_EDGE('',*,*,#1410,.F.);
#1937=ORIENTED_EDGE('',*,*,#1408,.F.);
#1938=ORIENTED_EDGE('',*,*,#1419,.F.);
#1939=ORIENTED_EDGE('',*,*,#1420,.F.);
#1940=ORIENTED_EDGE('',*,*,#1421,.F.);
#1941=ORIENTED_EDGE('',*,*,#1422,.F.);
#1942=ORIENTED_EDGE('',*,*,#1423,.F.);
#1943=ORIENTED_EDGE('',*,*,#1424,.F.);
#1944=ORIENTED_EDGE('',*,*,#1425,.F.);
#1945=ORIENTED_EDGE('',*,*,#1426,.F.);
#1946=ORIENTED_EDGE('',*,*,#1427,.F.);
#1947=ORIENTED_EDGE('',*,*,#1428,.F.);
#1948=ORIENTED_EDGE('',*,*,#1429,.F.);
#1949=ORIENTED_EDGE('',*,*,#1430,.F.);
#1950=ORIENTED_EDGE('',*,*,#1431,.F.);
#1951=ORIENTED_EDGE('',*,*,#1432,.F.);
#1952=ORIENTED_EDGE('',*,*,#1430,.T.);
#1953=ORIENTED_EDGE('',*,*,#1433,.T.);
#1954=ORIENTED_EDGE('',*,*,#1434,.F.);
#1955=ORIENTED_EDGE('',*,*,#1435,.F.);
#1956=ORIENTED_EDGE('',*,*,#1425,.T.);
#1957=ORIENTED_EDGE('',*,*,#1432,.T.);
#1958=ORIENTED_EDGE('',*,*,#1436,.F.);
#1959=ORIENTED_EDGE('',*,*,#1437,.F.);
#1960=ORIENTED_EDGE('',*,*,#1426,.T.);
#1961=ORIENTED_EDGE('',*,*,#1435,.T.);
#1962=ORIENTED_EDGE('',*,*,#1438,.F.);
#1963=ORIENTED_EDGE('',*,*,#1439,.F.);
#1964=ORIENTED_EDGE('',*,*,#1427,.T.);
#1965=ORIENTED_EDGE('',*,*,#1437,.T.);
#1966=ORIENTED_EDGE('',*,*,#1440,.F.);
#1967=ORIENTED_EDGE('',*,*,#1441,.F.);
#1968=ORIENTED_EDGE('',*,*,#1428,.T.);
#1969=ORIENTED_EDGE('',*,*,#1439,.T.);
#1970=ORIENTED_EDGE('',*,*,#1442,.F.);
#1971=ORIENTED_EDGE('',*,*,#1433,.F.);
#1972=ORIENTED_EDGE('',*,*,#1429,.T.);
#1973=ORIENTED_EDGE('',*,*,#1441,.T.);
#1974=ORIENTED_EDGE('',*,*,#1443,.F.);
#1975=ORIENTED_EDGE('',*,*,#1444,.F.);
#1976=ORIENTED_EDGE('',*,*,#1424,.T.);
#1977=ORIENTED_EDGE('',*,*,#1445,.T.);
#1978=ORIENTED_EDGE('',*,*,#1446,.F.);
#1979=ORIENTED_EDGE('',*,*,#1447,.F.);
#1980=ORIENTED_EDGE('',*,*,#1419,.T.);
#1981=ORIENTED_EDGE('',*,*,#1444,.T.);
#1982=ORIENTED_EDGE('',*,*,#1448,.F.);
#1983=ORIENTED_EDGE('',*,*,#1449,.F.);
#1984=ORIENTED_EDGE('',*,*,#1420,.T.);
#1985=ORIENTED_EDGE('',*,*,#1447,.T.);
#1986=ORIENTED_EDGE('',*,*,#1450,.F.);
#1987=ORIENTED_EDGE('',*,*,#1451,.F.);
#1988=ORIENTED_EDGE('',*,*,#1421,.T.);
#1989=ORIENTED_EDGE('',*,*,#1449,.T.);
#1990=ORIENTED_EDGE('',*,*,#1452,.F.);
#1991=ORIENTED_EDGE('',*,*,#1453,.F.);
#1992=ORIENTED_EDGE('',*,*,#1422,.T.);
#1993=ORIENTED_EDGE('',*,*,#1451,.T.);
#1994=ORIENTED_EDGE('',*,*,#1454,.F.);
#1995=ORIENTED_EDGE('',*,*,#1445,.F.);
#1996=ORIENTED_EDGE('',*,*,#1423,.T.);
#1997=ORIENTED_EDGE('',*,*,#1453,.T.);
#1998=ORIENTED_EDGE('',*,*,#1431,.T.);
#1999=ORIENTED_EDGE('',*,*,#1442,.T.);
#2000=ORIENTED_EDGE('',*,*,#1440,.T.);
#2001=ORIENTED_EDGE('',*,*,#1438,.T.);
#2002=ORIENTED_EDGE('',*,*,#1436,.T.);
#2003=ORIENTED_EDGE('',*,*,#1434,.T.);
#2004=ORIENTED_EDGE('',*,*,#1443,.T.);
#2005=ORIENTED_EDGE('',*,*,#1454,.T.);
#2006=ORIENTED_EDGE('',*,*,#1452,.T.);
#2007=ORIENTED_EDGE('',*,*,#1450,.T.);
#2008=ORIENTED_EDGE('',*,*,#1448,.T.);
#2009=ORIENTED_EDGE('',*,*,#1446,.T.);
#2010=ORIENTED_EDGE('',*,*,#1254,.F.);
#2011=ORIENTED_EDGE('',*,*,#1455,.F.);
#2012=ORIENTED_EDGE('',*,*,#1456,.T.);
#2013=ORIENTED_EDGE('',*,*,#1457,.T.);
#2014=ORIENTED_EDGE('',*,*,#1255,.F.);
#2015=ORIENTED_EDGE('',*,*,#1457,.F.);
#2016=ORIENTED_EDGE('',*,*,#1458,.T.);
#2017=ORIENTED_EDGE('',*,*,#1459,.T.);
#2018=ORIENTED_EDGE('',*,*,#1256,.F.);
#2019=ORIENTED_EDGE('',*,*,#1459,.F.);
#2020=ORIENTED_EDGE('',*,*,#1460,.T.);
#2021=ORIENTED_EDGE('',*,*,#1461,.T.);
#2022=ORIENTED_EDGE('',*,*,#1257,.F.);
#2023=ORIENTED_EDGE('',*,*,#1461,.F.);
#2024=ORIENTED_EDGE('',*,*,#1462,.T.);
#2025=ORIENTED_EDGE('',*,*,#1463,.T.);
#2026=ORIENTED_EDGE('',*,*,#1258,.F.);
#2027=ORIENTED_EDGE('',*,*,#1463,.F.);
#2028=ORIENTED_EDGE('',*,*,#1464,.T.);
#2029=ORIENTED_EDGE('',*,*,#1465,.T.);
#2030=ORIENTED_EDGE('',*,*,#1259,.F.);
#2031=ORIENTED_EDGE('',*,*,#1465,.F.);
#2032=ORIENTED_EDGE('',*,*,#1466,.T.);
#2033=ORIENTED_EDGE('',*,*,#1467,.T.);
#2034=ORIENTED_EDGE('',*,*,#1260,.F.);
#2035=ORIENTED_EDGE('',*,*,#1467,.F.);
#2036=ORIENTED_EDGE('',*,*,#1468,.T.);
#2037=ORIENTED_EDGE('',*,*,#1469,.T.);
#2038=ORIENTED_EDGE('',*,*,#1261,.F.);
#2039=ORIENTED_EDGE('',*,*,#1469,.F.);
#2040=ORIENTED_EDGE('',*,*,#1470,.T.);
#2041=ORIENTED_EDGE('',*,*,#1471,.T.);
#2042=ORIENTED_EDGE('',*,*,#1262,.F.);
#2043=ORIENTED_EDGE('',*,*,#1471,.F.);
#2044=ORIENTED_EDGE('',*,*,#1472,.T.);
#2045=ORIENTED_EDGE('',*,*,#1473,.T.);
#2046=ORIENTED_EDGE('',*,*,#1263,.F.);
#2047=ORIENTED_EDGE('',*,*,#1473,.F.);
#2048=ORIENTED_EDGE('',*,*,#1474,.T.);
#2049=ORIENTED_EDGE('',*,*,#1475,.T.);
#2050=ORIENTED_EDGE('',*,*,#1264,.F.);
#2051=ORIENTED_EDGE('',*,*,#1475,.F.);
#2052=ORIENTED_EDGE('',*,*,#1476,.T.);
#2053=ORIENTED_EDGE('',*,*,#1477,.T.);
#2054=ORIENTED_EDGE('',*,*,#1265,.F.);
#2055=ORIENTED_EDGE('',*,*,#1477,.F.);
#2056=ORIENTED_EDGE('',*,*,#1478,.T.);
#2057=ORIENTED_EDGE('',*,*,#1479,.T.);
#2058=ORIENTED_EDGE('',*,*,#1266,.F.);
#2059=ORIENTED_EDGE('',*,*,#1479,.F.);
#2060=ORIENTED_EDGE('',*,*,#1480,.T.);
#2061=ORIENTED_EDGE('',*,*,#1481,.T.);
#2062=ORIENTED_EDGE('',*,*,#1267,.F.);
#2063=ORIENTED_EDGE('',*,*,#1481,.F.);
#2064=ORIENTED_EDGE('',*,*,#1482,.T.);
#2065=ORIENTED_EDGE('',*,*,#1483,.T.);
#2066=ORIENTED_EDGE('',*,*,#1268,.F.);
#2067=ORIENTED_EDGE('',*,*,#1483,.F.);
#2068=ORIENTED_EDGE('',*,*,#1484,.T.);
#2069=ORIENTED_EDGE('',*,*,#1455,.T.);
#2070=ORIENTED_EDGE('',*,*,#1456,.F.);
#2071=ORIENTED_EDGE('',*,*,#1484,.F.);
#2072=ORIENTED_EDGE('',*,*,#1482,.F.);
#2073=ORIENTED_EDGE('',*,*,#1480,.F.);
#2074=ORIENTED_EDGE('',*,*,#1478,.F.);
#2075=ORIENTED_EDGE('',*,*,#1476,.F.);
#2076=ORIENTED_EDGE('',*,*,#1474,.F.);
#2077=ORIENTED_EDGE('',*,*,#1472,.F.);
#2078=ORIENTED_EDGE('',*,*,#1470,.F.);
#2079=ORIENTED_EDGE('',*,*,#1468,.F.);
#2080=ORIENTED_EDGE('',*,*,#1466,.F.);
#2081=ORIENTED_EDGE('',*,*,#1464,.F.);
#2082=ORIENTED_EDGE('',*,*,#1462,.F.);
#2083=ORIENTED_EDGE('',*,*,#1460,.F.);
#2084=ORIENTED_EDGE('',*,*,#1458,.F.);
#2085=ORIENTED_EDGE('',*,*,#1223,.F.);
#2086=ORIENTED_EDGE('',*,*,#1485,.F.);
#2087=ORIENTED_EDGE('',*,*,#1486,.T.);
#2088=ORIENTED_EDGE('',*,*,#1487,.T.);
#2089=ORIENTED_EDGE('',*,*,#1224,.F.);
#2090=ORIENTED_EDGE('',*,*,#1487,.F.);
#2091=ORIENTED_EDGE('',*,*,#1488,.T.);
#2092=ORIENTED_EDGE('',*,*,#1489,.T.);
#2093=ORIENTED_EDGE('',*,*,#1225,.F.);
#2094=ORIENTED_EDGE('',*,*,#1489,.F.);
#2095=ORIENTED_EDGE('',*,*,#1490,.T.);
#2096=ORIENTED_EDGE('',*,*,#1491,.T.);
#2097=ORIENTED_EDGE('',*,*,#1226,.F.);
#2098=ORIENTED_EDGE('',*,*,#1491,.F.);
#2099=ORIENTED_EDGE('',*,*,#1492,.T.);
#2100=ORIENTED_EDGE('',*,*,#1493,.T.);
#2101=ORIENTED_EDGE('',*,*,#1227,.F.);
#2102=ORIENTED_EDGE('',*,*,#1493,.F.);
#2103=ORIENTED_EDGE('',*,*,#1494,.T.);
#2104=ORIENTED_EDGE('',*,*,#1495,.T.);
#2105=ORIENTED_EDGE('',*,*,#1228,.F.);
#2106=ORIENTED_EDGE('',*,*,#1495,.F.);
#2107=ORIENTED_EDGE('',*,*,#1496,.T.);
#2108=ORIENTED_EDGE('',*,*,#1497,.T.);
#2109=ORIENTED_EDGE('',*,*,#1229,.F.);
#2110=ORIENTED_EDGE('',*,*,#1497,.F.);
#2111=ORIENTED_EDGE('',*,*,#1498,.T.);
#2112=ORIENTED_EDGE('',*,*,#1485,.T.);
#2113=ORIENTED_EDGE('',*,*,#1486,.F.);
#2114=ORIENTED_EDGE('',*,*,#1498,.F.);
#2115=ORIENTED_EDGE('',*,*,#1496,.F.);
#2116=ORIENTED_EDGE('',*,*,#1494,.F.);
#2117=ORIENTED_EDGE('',*,*,#1492,.F.);
#2118=ORIENTED_EDGE('',*,*,#1490,.F.);
#2119=ORIENTED_EDGE('',*,*,#1488,.F.);
#2120=ORIENTED_EDGE('',*,*,#1249,.F.);
#2121=ORIENTED_EDGE('',*,*,#1499,.F.);
#2122=ORIENTED_EDGE('',*,*,#1500,.T.);
#2123=ORIENTED_EDGE('',*,*,#1501,.T.);
#2124=ORIENTED_EDGE('',*,*,#1250,.F.);
#2125=ORIENTED_EDGE('',*,*,#1501,.F.);
#2126=ORIENTED_EDGE('',*,*,#1502,.T.);
#2127=ORIENTED_EDGE('',*,*,#1503,.T.);
#2128=ORIENTED_EDGE('',*,*,#1251,.F.);
#2129=ORIENTED_EDGE('',*,*,#1503,.F.);
#2130=ORIENTED_EDGE('',*,*,#1504,.T.);
#2131=ORIENTED_EDGE('',*,*,#1505,.T.);
#2132=ORIENTED_EDGE('',*,*,#1252,.F.);
#2133=ORIENTED_EDGE('',*,*,#1505,.F.);
#2134=ORIENTED_EDGE('',*,*,#1506,.T.);
#2135=ORIENTED_EDGE('',*,*,#1507,.T.);
#2136=ORIENTED_EDGE('',*,*,#1253,.F.);
#2137=ORIENTED_EDGE('',*,*,#1507,.F.);
#2138=ORIENTED_EDGE('',*,*,#1508,.T.);
#2139=ORIENTED_EDGE('',*,*,#1499,.T.);
#2140=ORIENTED_EDGE('',*,*,#1500,.F.);
#2141=ORIENTED_EDGE('',*,*,#1508,.F.);
#2142=ORIENTED_EDGE('',*,*,#1506,.F.);
#2143=ORIENTED_EDGE('',*,*,#1504,.F.);
#2144=ORIENTED_EDGE('',*,*,#1502,.F.);
#2145=ORIENTED_EDGE('',*,*,#1509,.F.);
#2146=ORIENTED_EDGE('',*,*,#1510,.F.);
#2147=ORIENTED_EDGE('',*,*,#1511,.F.);
#2148=ORIENTED_EDGE('',*,*,#1512,.F.);
#2149=ORIENTED_EDGE('',*,*,#1513,.F.);
#2150=ORIENTED_EDGE('',*,*,#1514,.F.);
#2151=ORIENTED_EDGE('',*,*,#1515,.F.);
#2152=ORIENTED_EDGE('',*,*,#1513,.T.);
#2153=ORIENTED_EDGE('',*,*,#1516,.T.);
#2154=ORIENTED_EDGE('',*,*,#1517,.F.);
#2155=ORIENTED_EDGE('',*,*,#1518,.F.);
#2156=ORIENTED_EDGE('',*,*,#1509,.T.);
#2157=ORIENTED_EDGE('',*,*,#1515,.T.);
#2158=ORIENTED_EDGE('',*,*,#1519,.F.);
#2159=ORIENTED_EDGE('',*,*,#1520,.F.);
#2160=ORIENTED_EDGE('',*,*,#1510,.T.);
#2161=ORIENTED_EDGE('',*,*,#1518,.T.);
#2162=ORIENTED_EDGE('',*,*,#1521,.F.);
#2163=ORIENTED_EDGE('',*,*,#1522,.F.);
#2164=ORIENTED_EDGE('',*,*,#1511,.T.);
#2165=ORIENTED_EDGE('',*,*,#1520,.T.);
#2166=ORIENTED_EDGE('',*,*,#1523,.F.);
#2167=ORIENTED_EDGE('',*,*,#1516,.F.);
#2168=ORIENTED_EDGE('',*,*,#1512,.T.);
#2169=ORIENTED_EDGE('',*,*,#1522,.T.);
#2170=ORIENTED_EDGE('',*,*,#1514,.T.);
#2171=ORIENTED_EDGE('',*,*,#1523,.T.);
#2172=ORIENTED_EDGE('',*,*,#1521,.T.);
#2173=ORIENTED_EDGE('',*,*,#1519,.T.);
#2174=ORIENTED_EDGE('',*,*,#1517,.T.);
#2175=ORIENTED_EDGE('',*,*,#1230,.F.);
#2176=ORIENTED_EDGE('',*,*,#1524,.F.);
#2177=ORIENTED_EDGE('',*,*,#1525,.T.);
#2178=ORIENTED_EDGE('',*,*,#1526,.T.);
#2179=ORIENTED_EDGE('',*,*,#1231,.F.);
#2180=ORIENTED_EDGE('',*,*,#1526,.F.);
#2181=ORIENTED_EDGE('',*,*,#1527,.T.);
#2182=ORIENTED_EDGE('',*,*,#1528,.T.);
#2183=ORIENTED_EDGE('',*,*,#1232,.F.);
#2184=ORIENTED_EDGE('',*,*,#1528,.F.);
#2185=ORIENTED_EDGE('',*,*,#1529,.T.);
#2186=ORIENTED_EDGE('',*,*,#1530,.T.);
#2187=ORIENTED_EDGE('',*,*,#1233,.F.);
#2188=ORIENTED_EDGE('',*,*,#1530,.F.);
#2189=ORIENTED_EDGE('',*,*,#1531,.T.);
#2190=ORIENTED_EDGE('',*,*,#1532,.T.);
#2191=ORIENTED_EDGE('',*,*,#1234,.F.);
#2192=ORIENTED_EDGE('',*,*,#1532,.F.);
#2193=ORIENTED_EDGE('',*,*,#1533,.T.);
#2194=ORIENTED_EDGE('',*,*,#1534,.T.);
#2195=ORIENTED_EDGE('',*,*,#1235,.F.);
#2196=ORIENTED_EDGE('',*,*,#1534,.F.);
#2197=ORIENTED_EDGE('',*,*,#1535,.T.);
#2198=ORIENTED_EDGE('',*,*,#1536,.T.);
#2199=ORIENTED_EDGE('',*,*,#1236,.F.);
#2200=ORIENTED_EDGE('',*,*,#1536,.F.);
#2201=ORIENTED_EDGE('',*,*,#1537,.T.);
#2202=ORIENTED_EDGE('',*,*,#1538,.T.);
#2203=ORIENTED_EDGE('',*,*,#1237,.F.);
#2204=ORIENTED_EDGE('',*,*,#1538,.F.);
#2205=ORIENTED_EDGE('',*,*,#1539,.T.);
#2206=ORIENTED_EDGE('',*,*,#1540,.T.);
#2207=ORIENTED_EDGE('',*,*,#1238,.F.);
#2208=ORIENTED_EDGE('',*,*,#1540,.F.);
#2209=ORIENTED_EDGE('',*,*,#1541,.T.);
#2210=ORIENTED_EDGE('',*,*,#1542,.T.);
#2211=ORIENTED_EDGE('',*,*,#1239,.F.);
#2212=ORIENTED_EDGE('',*,*,#1542,.F.);
#2213=ORIENTED_EDGE('',*,*,#1543,.T.);
#2214=ORIENTED_EDGE('',*,*,#1544,.T.);
#2215=ORIENTED_EDGE('',*,*,#1240,.F.);
#2216=ORIENTED_EDGE('',*,*,#1544,.F.);
#2217=ORIENTED_EDGE('',*,*,#1545,.T.);
#2218=ORIENTED_EDGE('',*,*,#1546,.T.);
#2219=ORIENTED_EDGE('',*,*,#1241,.F.);
#2220=ORIENTED_EDGE('',*,*,#1546,.F.);
#2221=ORIENTED_EDGE('',*,*,#1547,.T.);
#2222=ORIENTED_EDGE('',*,*,#1548,.T.);
#2223=ORIENTED_EDGE('',*,*,#1242,.F.);
#2224=ORIENTED_EDGE('',*,*,#1548,.F.);
#2225=ORIENTED_EDGE('',*,*,#1549,.T.);
#2226=ORIENTED_EDGE('',*,*,#1550,.T.);
#2227=ORIENTED_EDGE('',*,*,#1243,.F.);
#2228=ORIENTED_EDGE('',*,*,#1550,.F.);
#2229=ORIENTED_EDGE('',*,*,#1551,.T.);
#2230=ORIENTED_EDGE('',*,*,#1552,.T.);
#2231=ORIENTED_EDGE('',*,*,#1244,.F.);
#2232=ORIENTED_EDGE('',*,*,#1552,.F.);
#2233=ORIENTED_EDGE('',*,*,#1553,.T.);
#2234=ORIENTED_EDGE('',*,*,#1554,.T.);
#2235=ORIENTED_EDGE('',*,*,#1245,.F.);
#2236=ORIENTED_EDGE('',*,*,#1554,.F.);
#2237=ORIENTED_EDGE('',*,*,#1555,.T.);
#2238=ORIENTED_EDGE('',*,*,#1556,.T.);
#2239=ORIENTED_EDGE('',*,*,#1246,.F.);
#2240=ORIENTED_EDGE('',*,*,#1556,.F.);
#2241=ORIENTED_EDGE('',*,*,#1557,.T.);
#2242=ORIENTED_EDGE('',*,*,#1558,.T.);
#2243=ORIENTED_EDGE('',*,*,#1247,.F.);
#2244=ORIENTED_EDGE('',*,*,#1558,.F.);
#2245=ORIENTED_EDGE('',*,*,#1559,.T.);
#2246=ORIENTED_EDGE('',*,*,#1560,.T.);
#2247=ORIENTED_EDGE('',*,*,#1248,.F.);
#2248=ORIENTED_EDGE('',*,*,#1560,.F.);
#2249=ORIENTED_EDGE('',*,*,#1561,.T.);
#2250=ORIENTED_EDGE('',*,*,#1524,.T.);
#2251=ORIENTED_EDGE('',*,*,#1525,.F.);
#2252=ORIENTED_EDGE('',*,*,#1561,.F.);
#2253=ORIENTED_EDGE('',*,*,#1559,.F.);
#2254=ORIENTED_EDGE('',*,*,#1557,.F.);
#2255=ORIENTED_EDGE('',*,*,#1555,.F.);
#2256=ORIENTED_EDGE('',*,*,#1553,.F.);
#2257=ORIENTED_EDGE('',*,*,#1551,.F.);
#2258=ORIENTED_EDGE('',*,*,#1549,.F.);
#2259=ORIENTED_EDGE('',*,*,#1547,.F.);
#2260=ORIENTED_EDGE('',*,*,#1545,.F.);
#2261=ORIENTED_EDGE('',*,*,#1543,.F.);
#2262=ORIENTED_EDGE('',*,*,#1541,.F.);
#2263=ORIENTED_EDGE('',*,*,#1539,.F.);
#2264=ORIENTED_EDGE('',*,*,#1537,.F.);
#2265=ORIENTED_EDGE('',*,*,#1535,.F.);
#2266=ORIENTED_EDGE('',*,*,#1533,.F.);
#2267=ORIENTED_EDGE('',*,*,#1531,.F.);
#2268=ORIENTED_EDGE('',*,*,#1529,.F.);
#2269=ORIENTED_EDGE('',*,*,#1527,.F.);
#2270=PLANE('',#2490);
#2271=PLANE('',#2495);
#2272=PLANE('',#2504);
#2273=PLANE('',#2515);
#2274=PLANE('',#2518);
#2275=PLANE('',#2521);
#2276=PLANE('',#2524);
#2277=PLANE('',#2525);
#2278=PLANE('',#2526);
#2279=PLANE('',#2527);
#2280=PLANE('',#2528);
#2281=PLANE('',#2529);
#2282=PLANE('',#2530);
#2283=PLANE('',#2531);
#2284=PLANE('',#2532);
#2285=PLANE('',#2533);
#2286=PLANE('',#2542);
#2287=PLANE('',#2543);
#2288=PLANE('',#2544);
#2289=PLANE('',#2545);
#2290=PLANE('',#2554);
#2291=PLANE('',#2555);
#2292=PLANE('',#2556);
#2293=PLANE('',#2557);
#2294=PLANE('',#2558);
#2295=PLANE('',#2559);
#2296=PLANE('',#2560);
#2297=PLANE('',#2561);
#2298=PLANE('',#2562);
#2299=PLANE('',#2563);
#2300=PLANE('',#2564);
#2301=PLANE('',#2565);
#2302=PLANE('',#2566);
#2303=PLANE('',#2567);
#2304=PLANE('',#2568);
#2305=PLANE('',#2569);
#2306=PLANE('',#2570);
#2307=PLANE('',#2571);
#2308=PLANE('',#2572);
#2309=PLANE('',#2573);
#2310=PLANE('',#2574);
#2311=PLANE('',#2575);
#2312=PLANE('',#2576);
#2313=PLANE('',#2577);
#2314=PLANE('',#2578);
#2315=PLANE('',#2579);
#2316=PLANE('',#2580);
#2317=PLANE('',#2581);
#2318=PLANE('',#2582);
#2319=PLANE('',#2583);
#2320=PLANE('',#2584);
#2321=PLANE('',#2585);
#2322=PLANE('',#2586);
#2323=PLANE('',#2587);
#2324=PLANE('',#2588);
#2325=PLANE('',#2589);
#2326=PLANE('',#2590);
#2327=PLANE('',#2591);
#2328=PLANE('',#2592);
#2329=PLANE('',#2593);
#2330=PLANE('',#2594);
#2331=PLANE('',#2595);
#2332=PLANE('',#2596);
#2333=PLANE('',#2597);
#2334=PLANE('',#2598);
#2335=PLANE('',#2599);
#2336=PLANE('',#2600);
#2337=PLANE('',#2601);
#2338=PLANE('',#2602);
#2339=PLANE('',#2603);
#2340=PLANE('',#2604);
#2341=PLANE('',#2605);
#2342=PLANE('',#2606);
#2343=PLANE('',#2607);
#2344=PLANE('',#2608);
#2345=PLANE('',#2609);
#2346=PLANE('',#2610);
#2347=PLANE('',#2611);
#2348=PLANE('',#2612);
#2349=PLANE('',#2613);
#2350=PLANE('',#2614);
#2351=ADVANCED_FACE('',(#155,#79,#80,#81,#82,#83,#84),#2270,.F.);
#2352=ADVANCED_FACE('',(#156,#85),#2271,.F.);
#2353=ADVANCED_FACE('',(#157),#2272,.T.);
#2354=ADVANCED_FACE('',(#158),#46,.F.);
#2355=ADVANCED_FACE('',(#159),#2273,.F.);
#2356=ADVANCED_FACE('',(#160),#47,.F.);
#2357=ADVANCED_FACE('',(#161),#2274,.F.);
#2358=ADVANCED_FACE('',(#162),#48,.F.);
#2359=ADVANCED_FACE('',(#163),#2275,.F.);
#2360=ADVANCED_FACE('',(#164),#49,.F.);
#2361=ADVANCED_FACE('',(#165),#2276,.F.);
#2362=ADVANCED_FACE('',(#166),#2277,.F.);
#2363=ADVANCED_FACE('',(#167),#2278,.F.);
#2364=ADVANCED_FACE('',(#168),#2279,.F.);
#2365=ADVANCED_FACE('',(#169),#2280,.F.);
#2366=ADVANCED_FACE('',(#170),#2281,.F.);
#2367=ADVANCED_FACE('',(#171),#2282,.F.);
#2368=ADVANCED_FACE('',(#172),#2283,.F.);
#2369=ADVANCED_FACE('',(#173),#2284,.F.);
#2370=ADVANCED_FACE('',(#174,#86),#2285,.T.);
#2371=ADVANCED_FACE('',(#175),#2286,.T.);
#2372=ADVANCED_FACE('',(#176),#2287,.T.);
#2373=ADVANCED_FACE('',(#177),#2288,.T.);
#2374=ADVANCED_FACE('',(#178),#2289,.T.);
#2375=ADVANCED_FACE('',(#179),#50,.T.);
#2376=ADVANCED_FACE('',(#180),#51,.T.);
#2377=ADVANCED_FACE('',(#181),#52,.T.);
#2378=ADVANCED_FACE('',(#182),#53,.T.);
#2379=ADVANCED_FACE('',(#183),#54,.T.);
#2380=ADVANCED_FACE('',(#184),#55,.T.);
#2381=ADVANCED_FACE('',(#185),#56,.T.);
#2382=ADVANCED_FACE('',(#186),#57,.T.);
#2383=ADVANCED_FACE('',(#187),#2290,.T.);
#2384=ADVANCED_FACE('',(#188),#2291,.T.);
#2385=ADVANCED_FACE('',(#189),#2292,.T.);
#2386=ADVANCED_FACE('',(#190),#2293,.T.);
#2387=ADVANCED_FACE('',(#191),#2294,.T.);
#2388=ADVANCED_FACE('',(#192),#2295,.T.);
#2389=ADVANCED_FACE('',(#193),#2296,.T.);
#2390=ADVANCED_FACE('',(#194),#2297,.T.);
#2391=ADVANCED_FACE('',(#195,#87),#2298,.F.);
#2392=ADVANCED_FACE('',(#196),#2299,.T.);
#2393=ADVANCED_FACE('',(#197),#14,.T.);
#2394=ADVANCED_FACE('',(#198),#15,.T.);
#2395=ADVANCED_FACE('',(#199),#2300,.T.);
#2396=ADVANCED_FACE('',(#200),#2301,.T.);
#2397=ADVANCED_FACE('',(#201),#2302,.F.);
#2398=ADVANCED_FACE('',(#202),#2303,.T.);
#2399=ADVANCED_FACE('',(#203),#2304,.T.);
#2400=ADVANCED_FACE('',(#204),#2305,.T.);
#2401=ADVANCED_FACE('',(#205),#16,.T.);
#2402=ADVANCED_FACE('',(#206),#17,.T.);
#2403=ADVANCED_FACE('',(#207),#18,.T.);
#2404=ADVANCED_FACE('',(#208),#19,.T.);
#2405=ADVANCED_FACE('',(#209,#88,#89),#2306,.T.);
#2406=ADVANCED_FACE('',(#210),#2307,.T.);
#2407=ADVANCED_FACE('',(#211),#2308,.T.);
#2408=ADVANCED_FACE('',(#212),#20,.T.);
#2409=ADVANCED_FACE('',(#213),#21,.T.);
#2410=ADVANCED_FACE('',(#214),#22,.T.);
#2411=ADVANCED_FACE('',(#215),#2309,.T.);
#2412=ADVANCED_FACE('',(#216),#2310,.T.);
#2413=ADVANCED_FACE('',(#217),#2311,.T.);
#2414=ADVANCED_FACE('',(#218),#23,.T.);
#2415=ADVANCED_FACE('',(#219),#24,.T.);
#2416=ADVANCED_FACE('',(#220),#25,.T.);
#2417=ADVANCED_FACE('',(#221),#2312,.T.);
#2418=ADVANCED_FACE('',(#222),#2313,.F.);
#2419=ADVANCED_FACE('',(#223),#2314,.F.);
#2420=ADVANCED_FACE('',(#224),#2315,.T.);
#2421=ADVANCED_FACE('',(#225),#2316,.T.);
#2422=ADVANCED_FACE('',(#226),#2317,.T.);
#2423=ADVANCED_FACE('',(#227),#2318,.T.);
#2424=ADVANCED_FACE('',(#228),#26,.T.);
#2425=ADVANCED_FACE('',(#229),#27,.T.);
#2426=ADVANCED_FACE('',(#230),#2319,.T.);
#2427=ADVANCED_FACE('',(#231),#2320,.T.);
#2428=ADVANCED_FACE('',(#232),#2321,.T.);
#2429=ADVANCED_FACE('',(#233),#2322,.T.);
#2430=ADVANCED_FACE('',(#234),#2323,.T.);
#2431=ADVANCED_FACE('',(#235),#2324,.T.);
#2432=ADVANCED_FACE('',(#236),#2325,.T.);
#2433=ADVANCED_FACE('',(#237),#2326,.T.);
#2434=ADVANCED_FACE('',(#238),#2327,.T.);
#2435=ADVANCED_FACE('',(#239),#2328,.F.);
#2436=ADVANCED_FACE('',(#240),#2329,.T.);
#2437=ADVANCED_FACE('',(#241),#2330,.T.);
#2438=ADVANCED_FACE('',(#242),#2331,.T.);
#2439=ADVANCED_FACE('',(#243),#28,.T.);
#2440=ADVANCED_FACE('',(#244),#2332,.T.);
#2441=ADVANCED_FACE('',(#245),#29,.T.);
#2442=ADVANCED_FACE('',(#246),#2333,.T.);
#2443=ADVANCED_FACE('',(#247),#2334,.T.);
#2444=ADVANCED_FACE('',(#248),#30,.T.);
#2445=ADVANCED_FACE('',(#249),#31,.T.);
#2446=ADVANCED_FACE('',(#250),#32,.T.);
#2447=ADVANCED_FACE('',(#251),#33,.T.);
#2448=ADVANCED_FACE('',(#252),#34,.T.);
#2449=ADVANCED_FACE('',(#253,#90),#2335,.T.);
#2450=ADVANCED_FACE('',(#254),#35,.T.);
#2451=ADVANCED_FACE('',(#255),#36,.T.);
#2452=ADVANCED_FACE('',(#256),#37,.T.);
#2453=ADVANCED_FACE('',(#257),#38,.T.);
#2454=ADVANCED_FACE('',(#258),#39,.T.);
#2455=ADVANCED_FACE('',(#259),#2336,.F.);
#2456=ADVANCED_FACE('',(#260),#2337,.T.);
#2457=ADVANCED_FACE('',(#261),#2338,.T.);
#2458=ADVANCED_FACE('',(#262),#2339,.T.);
#2459=ADVANCED_FACE('',(#263),#2340,.T.);
#2460=ADVANCED_FACE('',(#264),#40,.T.);
#2461=ADVANCED_FACE('',(#265),#41,.T.);
#2462=ADVANCED_FACE('',(#266),#2341,.T.);
#2463=ADVANCED_FACE('',(#267),#2342,.T.);
#2464=ADVANCED_FACE('',(#268),#2343,.T.);
#2465=ADVANCED_FACE('',(#269),#42,.T.);
#2466=ADVANCED_FACE('',(#270),#43,.T.);
#2467=ADVANCED_FACE('',(#271),#2344,.T.);
#2468=ADVANCED_FACE('',(#272),#2345,.T.);
#2469=ADVANCED_FACE('',(#273),#2346,.T.);
#2470=ADVANCED_FACE('',(#274),#2347,.T.);
#2471=ADVANCED_FACE('',(#275),#2348,.T.);
#2472=ADVANCED_FACE('',(#276),#44,.T.);
#2473=ADVANCED_FACE('',(#277),#45,.T.);
#2474=ADVANCED_FACE('',(#278),#2349,.T.);
#2475=ADVANCED_FACE('',(#279),#2350,.T.);
#2476=CLOSED_SHELL('',(#2351,#2352,#2353,#2354,#2355,#2356,#2357,#2358,
#2359,#2360,#2361,#2362,#2363,#2364,#2365,#2366,#2367,#2368,#2369,#2370,
#2371,#2372,#2373,#2374,#2375,#2376,#2377,#2378,#2379,#2380,#2381,#2382,
#2383,#2384,#2385,#2386,#2387,#2388,#2389,#2390,#2391,#2392,#2393,#2394,
#2395,#2396,#2397,#2398,#2399,#2400,#2401,#2402,#2403,#2404,#2405,#2406,
#2407,#2408,#2409,#2410,#2411,#2412,#2413,#2414,#2415,#2416,#2417,#2418,
#2419,#2420,#2421,#2422,#2423,#2424,#2425,#2426,#2427,#2428,#2429,#2430,
#2431,#2432,#2433,#2434,#2435,#2436,#2437,#2438,#2439,#2440,#2441,#2442,
#2443,#2444,#2445,#2446,#2447,#2448,#2449,#2450,#2451,#2452,#2453,#2454,
#2455,#2456,#2457,#2458,#2459,#2460,#2461,#2462,#2463,#2464,#2465,#2466,
#2467,#2468,#2469,#2470,#2471,#2472,#2473,#2474,#2475));
#2477=DERIVED_UNIT_ELEMENT(#2479,1.);
#2478=DERIVED_UNIT_ELEMENT(#5493,-3.);
#2479=(
MASS_UNIT()
NAMED_UNIT(*)
SI_UNIT(.KILO.,.GRAM.)
);
#2480=DERIVED_UNIT((#2477,#2478));
#2481=MEASURE_REPRESENTATION_ITEM('density measure',
POSITIVE_RATIO_MEASURE(7850.),#2480);
#2482=PROPERTY_DEFINITION_REPRESENTATION(#2487,#2484);
#2483=PROPERTY_DEFINITION_REPRESENTATION(#2488,#2485);
#2484=REPRESENTATION('material name',(#2486),#5490);
#2485=REPRESENTATION('density',(#2481),#5490);
#2486=DESCRIPTIVE_REPRESENTATION_ITEM('Stahl','Stahl');
#2487=PROPERTY_DEFINITION('material property','material name',#5500);
#2488=PROPERTY_DEFINITION('material property','density of part',#5500);
#2489=AXIS2_PLACEMENT_3D('placement',#3125,#2615,#2616);
#2490=AXIS2_PLACEMENT_3D('',#3126,#2617,#2618);
#2491=AXIS2_PLACEMENT_3D('',#3131,#2620,#2621);
#2492=AXIS2_PLACEMENT_3D('',#3135,#2623,#2624);
#2493=AXIS2_PLACEMENT_3D('',#3139,#2626,#2627);
#2494=AXIS2_PLACEMENT_3D('',#3142,#2629,#2630);
#2495=AXIS2_PLACEMENT_3D('',#3505,#2673,#2674);
#2496=AXIS2_PLACEMENT_3D('',#3510,#2676,#2677);
#2497=AXIS2_PLACEMENT_3D('',#3514,#2679,#2680);
#2498=AXIS2_PLACEMENT_3D('',#3518,#2682,#2683);
#2499=AXIS2_PLACEMENT_3D('',#3521,#2685,#2686);
#2500=AXIS2_PLACEMENT_3D('',#3526,#2688,#2689);
#2501=AXIS2_PLACEMENT_3D('',#3530,#2691,#2692);
#2502=AXIS2_PLACEMENT_3D('',#3534,#2694,#2695);
#2503=AXIS2_PLACEMENT_3D('',#3537,#2697,#2698);
#2504=AXIS2_PLACEMENT_3D('',#3538,#2699,#2700);
#2505=AXIS2_PLACEMENT_3D('',#3543,#2702,#2703);
#2506=AXIS2_PLACEMENT_3D('',#3553,#2708,#2709);
#2507=AXIS2_PLACEMENT_3D('',#3557,#2711,#2712);
#2508=AXIS2_PLACEMENT_3D('',#3567,#2717,#2718);
#2509=AXIS2_PLACEMENT_3D('',#3571,#2720,#2721);
#2510=AXIS2_PLACEMENT_3D('',#3583,#2727,#2728);
#2511=AXIS2_PLACEMENT_3D('',#3587,#2730,#2731);
#2512=AXIS2_PLACEMENT_3D('',#3596,#2736,#2737);
#2513=AXIS2_PLACEMENT_3D('',#3597,#2738,#2739);
#2514=AXIS2_PLACEMENT_3D('',#3602,#2742,#2743);
#2515=AXIS2_PLACEMENT_3D('',#3603,#2744,#2745);
#2516=AXIS2_PLACEMENT_3D('',#3608,#2749,#2750);
#2517=AXIS2_PLACEMENT_3D('',#3611,#2752,#2753);
#2518=AXIS2_PLACEMENT_3D('',#3612,#2754,#2755);
#2519=AXIS2_PLACEMENT_3D('',#3617,#2759,#2760);
#2520=AXIS2_PLACEMENT_3D('',#3620,#2762,#2763);
#2521=AXIS2_PLACEMENT_3D('',#3621,#2764,#2765);
#2522=AXIS2_PLACEMENT_3D('',#3626,#2769,#2770);
#2523=AXIS2_PLACEMENT_3D('',#3629,#2772,#2773);
#2524=AXIS2_PLACEMENT_3D('',#3630,#2774,#2775);
#2525=AXIS2_PLACEMENT_3D('',#3633,#2778,#2779);
#2526=AXIS2_PLACEMENT_3D('',#3634,#2780,#2781);
#2527=AXIS2_PLACEMENT_3D('',#3635,#2782,#2783);
#2528=AXIS2_PLACEMENT_3D('',#3636,#2784,#2785);
#2529=AXIS2_PLACEMENT_3D('',#3637,#2786,#2787);
#2530=AXIS2_PLACEMENT_3D('',#3643,#2791,#2792);
#2531=AXIS2_PLACEMENT_3D('',#3649,#2796,#2797);
#2532=AXIS2_PLACEMENT_3D('',#3655,#2801,#2802);
#2533=AXIS2_PLACEMENT_3D('',#3661,#2806,#2807);
#2534=AXIS2_PLACEMENT_3D('',#3662,#2808,#2809);
#2535=AXIS2_PLACEMENT_3D('',#3663,#2810,#2811);
#2536=AXIS2_PLACEMENT_3D('',#3664,#2812,#2813);
#2537=AXIS2_PLACEMENT_3D('',#3665,#2814,#2815);
#2538=AXIS2_PLACEMENT_3D('',#3670,#2817,#2818);
#2539=AXIS2_PLACEMENT_3D('',#3674,#2820,#2821);
#2540=AXIS2_PLACEMENT_3D('',#3678,#2823,#2824);
#2541=AXIS2_PLACEMENT_3D('',#3681,#2826,#2827);
#2542=AXIS2_PLACEMENT_3D('',#3682,#2828,#2829);
#2543=AXIS2_PLACEMENT_3D('',#3685,#2832,#2833);
#2544=AXIS2_PLACEMENT_3D('',#3688,#2836,#2837);
#2545=AXIS2_PLACEMENT_3D('',#3691,#2840,#2841);
#2546=AXIS2_PLACEMENT_3D('',#3694,#2844,#2845);
#2547=AXIS2_PLACEMENT_3D('',#3695,#2846,#2847);
#2548=AXIS2_PLACEMENT_3D('',#3696,#2848,#2849);
#2549=AXIS2_PLACEMENT_3D('',#3697,#2850,#2851);
#2550=AXIS2_PLACEMENT_3D('',#3698,#2852,#2853);
#2551=AXIS2_PLACEMENT_3D('',#3699,#2854,#2855);
#2552=AXIS2_PLACEMENT_3D('',#3700,#2856,#2857);
#2553=AXIS2_PLACEMENT_3D('',#3701,#2858,#2859);
#2554=AXIS2_PLACEMENT_3D('',#3702,#2860,#2861);
#2555=AXIS2_PLACEMENT_3D('',#3708,#2865,#2866);
#2556=AXIS2_PLACEMENT_3D('',#3712,#2869,#2870);
#2557=AXIS2_PLACEMENT_3D('',#3716,#2873,#2874);
#2558=AXIS2_PLACEMENT_3D('',#3720,#2877,#2878);
#2559=AXIS2_PLACEMENT_3D('',#3724,#2881,#2882);
#2560=AXIS2_PLACEMENT_3D('',#3728,#2885,#2886);
#2561=AXIS2_PLACEMENT_3D('',#3732,#2889,#2890);
#2562=AXIS2_PLACEMENT_3D('',#3734,#2892,#2893);
#2563=AXIS2_PLACEMENT_3D('',#3761,#2897,#2898);
#2564=AXIS2_PLACEMENT_3D('',#3825,#2904,#2905);
#2565=AXIS2_PLACEMENT_3D('',#3829,#2908,#2909);
#2566=AXIS2_PLACEMENT_3D('',#3831,#2911,#2912);
#2567=AXIS2_PLACEMENT_3D('',#3832,#2913,#2914);
#2568=AXIS2_PLACEMENT_3D('',#3838,#2918,#2919);
#2569=AXIS2_PLACEMENT_3D('',#3842,#2922,#2923);
#2570=AXIS2_PLACEMENT_3D('',#4056,#2929,#2930);
#2571=AXIS2_PLACEMENT_3D('',#4153,#2937,#2938);
#2572=AXIS2_PLACEMENT_3D('',#4159,#2942,#2943);
#2573=AXIS2_PLACEMENT_3D('',#4292,#2949,#2950);
#2574=AXIS2_PLACEMENT_3D('',#4294,#2952,#2953);
#2575=AXIS2_PLACEMENT_3D('',#4300,#2957,#2958);
#2576=AXIS2_PLACEMENT_3D('',#4421,#2964,#2965);
#2577=AXIS2_PLACEMENT_3D('',#4423,#2967,#2968);
#2578=AXIS2_PLACEMENT_3D('',#4424,#2969,#2970);
#2579=AXIS2_PLACEMENT_3D('',#4425,#2971,#2972);
#2580=AXIS2_PLACEMENT_3D('',#4431,#2976,#2977);
#2581=AXIS2_PLACEMENT_3D('',#4435,#2980,#2981);
#2582=AXIS2_PLACEMENT_3D('',#4439,#2984,#2985);
#2583=AXIS2_PLACEMENT_3D('',#4513,#2990,#2991);
#2584=AXIS2_PLACEMENT_3D('',#4517,#2994,#2995);
#2585=AXIS2_PLACEMENT_3D('',#4521,#2998,#2999);
#2586=AXIS2_PLACEMENT_3D('',#4525,#3002,#3003);
#2587=AXIS2_PLACEMENT_3D('',#4529,#3006,#3007);
#2588=AXIS2_PLACEMENT_3D('',#4533,#3010,#3011);
#2589=AXIS2_PLACEMENT_3D('',#4537,#3014,#3015);
#2590=AXIS2_PLACEMENT_3D('',#4541,#3018,#3019);
#2591=AXIS2_PLACEMENT_3D('',#4545,#3022,#3023);
#2592=AXIS2_PLACEMENT_3D('',#4547,#3025,#3026);
#2593=AXIS2_PLACEMENT_3D('',#4548,#3027,#3028);
#2594=AXIS2_PLACEMENT_3D('',#4554,#3032,#3033);
#2595=AXIS2_PLACEMENT_3D('',#4558,#3036,#3037);
#2596=AXIS2_PLACEMENT_3D('',#4597,#3041,#3042);
#2597=AXIS2_PLACEMENT_3D('',#4636,#3046,#3047);
#2598=AXIS2_PLACEMENT_3D('',#4638,#3049,#3050);
#2599=AXIS2_PLACEMENT_3D('',#4946,#3056,#3057);
#2600=AXIS2_PLACEMENT_3D('',#5278,#3063,#3064);
#2601=AXIS2_PLACEMENT_3D('',#5279,#3065,#3066);
#2602=AXIS2_PLACEMENT_3D('',#5285,#3070,#3071);
#2603=AXIS2_PLACEMENT_3D('',#5289,#3074,#3075);
#2604=AXIS2_PLACEMENT_3D('',#5293,#3078,#3079);
#2605=AXIS2_PLACEMENT_3D('',#5349,#3084,#3085);
#2606=AXIS2_PLACEMENT_3D('',#5353,#3088,#3089);
#2607=AXIS2_PLACEMENT_3D('',#5357,#3092,#3093);
#2608=AXIS2_PLACEMENT_3D('',#5407,#3098,#3099);
#2609=AXIS2_PLACEMENT_3D('',#5411,#3102,#3103);
#2610=AXIS2_PLACEMENT_3D('',#5415,#3106,#3107);
#2611=AXIS2_PLACEMENT_3D('',#5419,#3110,#3111);
#2612=AXIS2_PLACEMENT_3D('',#5423,#3114,#3115);
#2613=AXIS2_PLACEMENT_3D('',#5485,#3120,#3121);
#2614=AXIS2_PLACEMENT_3D('',#5487,#3123,#3124);
#2615=DIRECTION('axis',(0.,0.,1.));
#2616=DIRECTION('refdir',(1.,0.,0.));
#2617=DIRECTION('center_axis',(0.,-1.,0.));
#2618=DIRECTION('ref_axis',(0.,0.,-1.));
#2619=DIRECTION('',(1.44560289664734E-16,0.,1.));
#2620=DIRECTION('center_axis',(0.,1.,0.));
#2621=DIRECTION('ref_axis',(0.,0.,-1.));
#2622=DIRECTION('',(1.,0.,-1.0842021724855E-16));
#2623=DIRECTION('center_axis',(0.,1.,0.));
#2624=DIRECTION('ref_axis',(0.,0.,-1.));
#2625=DIRECTION('',(-1.44560289664734E-16,0.,-1.));
#2626=DIRECTION('center_axis',(0.,1.,0.));
#2627=DIRECTION('ref_axis',(0.,0.,-1.));
#2628=DIRECTION('',(-1.,0.,1.0842021724855E-16));
#2629=DIRECTION('center_axis',(0.,1.,0.));
#2630=DIRECTION('ref_axis',(0.,0.,-1.));
#2631=DIRECTION('',(-1.,0.,0.));
#2632=DIRECTION('',(0.,0.,-1.));
#2633=DIRECTION('',(1.,0.,0.));
#2634=DIRECTION('',(0.,0.,1.));
#2635=DIRECTION('',(-1.,0.,0.));
#2636=DIRECTION('',(0.,0.,-1.));
#2637=DIRECTION('',(0.,0.,-1.));
#2638=DIRECTION('',(1.,0.,0.));
#2639=DIRECTION('',(-1.,0.,0.));
#2640=DIRECTION('',(-0.244180745185394,0.,-0.969729737442709));
#2641=DIRECTION('',(1.,0.,0.));
#2642=DIRECTION('',(0.220169673669664,0.,0.975461590630914));
#2643=DIRECTION('',(0.277996462718852,0.,-0.960582097853071));
#2644=DIRECTION('',(1.,0.,0.));
#2645=DIRECTION('',(0.274162439918492,0.,0.961683397245652));
#2646=DIRECTION('',(0.220251698832425,0.,-0.975443073255139));
#2647=DIRECTION('',(1.,0.,0.));
#2648=DIRECTION('',(-0.244363406533016,0.,0.969683724493497));
#2649=DIRECTION('',(-1.,0.,0.));
#2650=DIRECTION('',(-0.263716401102366,0.,-0.9646002590657));
#2651=DIRECTION('',(-0.278014363432106,0.,0.960576917131283));
#2652=DIRECTION('',(-1.,0.,0.));
#2653=DIRECTION('',(0.,0.,-1.));
#2654=DIRECTION('',(1.,0.,0.));
#2655=DIRECTION('',(0.303551674204234,0.,0.95281497736329));
#2656=DIRECTION('',(0.305588409967658,0.,-0.952163706351717));
#2657=DIRECTION('',(1.,0.,0.));
#2658=DIRECTION('',(0.,0.,1.));
#2659=DIRECTION('',(-1.,0.,0.));
#2660=DIRECTION('',(0.,0.,-1.));
#2661=DIRECTION('',(-0.300742337202367,0.,0.953705429686786));
#2662=DIRECTION('',(-1.,0.,0.));
#2663=DIRECTION('',(-0.299098108650077,0.,-0.954222364756741));
#2664=DIRECTION('',(0.,0.,1.));
#2665=DIRECTION('',(-1.,0.,0.));
#2666=DIRECTION('',(0.369014026975487,0.,-0.929423825762679));
#2667=DIRECTION('',(1.,0.,0.));
#2668=DIRECTION('',(0.369014026975487,0.,0.929423825762679));
#2669=DIRECTION('',(-1.,0.,0.));
#2670=DIRECTION('',(-0.346837004095032,0.,-0.937925419524593));
#2671=DIRECTION('',(-1.,0.,0.));
#2672=DIRECTION('',(-0.346837004095032,0.,0.937925419524593));
#2673=DIRECTION('center_axis',(0.,-1.,0.));
#2674=DIRECTION('ref_axis',(0.,0.,-1.));
#2675=DIRECTION('',(2.4093381610789E-16,0.,1.));
#2676=DIRECTION('center_axis',(0.,-1.,0.));
#2677=DIRECTION('ref_axis',(0.,0.,-1.));
#2678=DIRECTION('',(1.,0.,-1.88556899562696E-16));
#2679=DIRECTION('center_axis',(0.,-1.,0.));
#2680=DIRECTION('ref_axis',(0.,0.,-1.));
#2681=DIRECTION('',(-1.20466908053945E-16,0.,-1.));
#2682=DIRECTION('center_axis',(0.,-1.,0.));
#2683=DIRECTION('ref_axis',(0.,0.,-1.));
#2684=DIRECTION('',(-1.,0.,9.42784497813482E-17));
#2685=DIRECTION('center_axis',(0.,-1.,0.));
#2686=DIRECTION('ref_axis',(0.,0.,-1.));
#2687=DIRECTION('',(0.,0.,-1.));
#2688=DIRECTION('center_axis',(0.,-1.,0.));
#2689=DIRECTION('ref_axis',(0.,0.,-1.));
#2690=DIRECTION('',(1.,0.,0.));
#2691=DIRECTION('center_axis',(0.,-1.,0.));
#2692=DIRECTION('ref_axis',(0.,0.,-1.));
#2693=DIRECTION('',(0.,0.,1.));
#2694=DIRECTION('center_axis',(0.,-1.,0.));
#2695=DIRECTION('ref_axis',(0.,0.,-1.));
#2696=DIRECTION('',(-1.,0.,0.));
#2697=DIRECTION('center_axis',(0.,-1.,0.));
#2698=DIRECTION('ref_axis',(0.,0.,-1.));
#2699=DIRECTION('center_axis',(0.,-1.,0.));
#2700=DIRECTION('ref_axis',(0.,0.,-1.));
#2701=DIRECTION('',(-1.,0.,9.42784497813482E-17));
#2702=DIRECTION('center_axis',(0.,-1.,0.));
#2703=DIRECTION('ref_axis',(0.,0.,1.));
#2704=DIRECTION('',(-1.,0.,0.));
#2705=DIRECTION('',(-9.42784497813482E-17,0.,1.));
#2706=DIRECTION('',(-1.,0.,-7.2280144832367E-17));
#2707=DIRECTION('',(0.,0.,1.));
#2708=DIRECTION('center_axis',(0.,-1.,0.));
#2709=DIRECTION('ref_axis',(0.,0.,1.));
#2710=DIRECTION('',(-1.20466908053945E-16,0.,-1.));
#2711=DIRECTION('center_axis',(0.,1.,0.));
#2712=DIRECTION('ref_axis',(0.,0.,1.));
#2713=DIRECTION('',(-3.77113799125393E-16,0.,-1.));
#2714=DIRECTION('',(-1.,0.,2.16840434497101E-16));
#2715=DIRECTION('',(-3.77113799125393E-16,0.,-1.));
#2716=DIRECTION('',(-1.,0.,2.89120579329468E-16));
#2717=DIRECTION('center_axis',(0.,1.,0.));
#2718=DIRECTION('ref_axis',(0.,0.,1.));
#2719=DIRECTION('',(1.,0.,-9.42784497813482E-17));
#2720=DIRECTION('center_axis',(0.,-1.,0.));
#2721=DIRECTION('ref_axis',(-1.44560289664734E-15,0.,1.));
#2722=DIRECTION('',(1.,0.,0.));
#2723=DIRECTION('',(0.,0.,-1.));
#2724=DIRECTION('',(0.707106781186548,0.,0.707106781186547));
#2725=DIRECTION('',(1.,0.,0.));
#2726=DIRECTION('',(-3.77113799125393E-16,0.,-1.));
#2727=DIRECTION('center_axis',(0.,-1.,0.));
#2728=DIRECTION('ref_axis',(0.,0.,1.));
#2729=DIRECTION('',(1.20466908053945E-16,0.,1.));
#2730=DIRECTION('center_axis',(0.,1.,0.));
#2731=DIRECTION('ref_axis',(0.,0.,1.));
#2732=DIRECTION('',(0.,0.,1.));
#2733=DIRECTION('',(1.,0.,-2.89120579329468E-16));
#2734=DIRECTION('',(2.82835349344045E-16,0.,1.));
#2735=DIRECTION('',(1.,0.,-2.89120579329468E-16));
#2736=DIRECTION('center_axis',(0.,1.,0.));
#2737=DIRECTION('ref_axis',(0.,0.,1.));
#2738=DIRECTION('center_axis',(0.,-1.,0.));
#2739=DIRECTION('ref_axis',(0.,0.,-1.));
#2740=DIRECTION('',(0.,-1.,0.));
#2741=DIRECTION('',(0.,-1.,0.));
#2742=DIRECTION('center_axis',(0.,-1.,0.));
#2743=DIRECTION('ref_axis',(-1.08420217248551E-15,0.,1.));
#2744=DIRECTION('center_axis',(9.42784497813482E-17,0.,1.));
#2745=DIRECTION('ref_axis',(1.,0.,-9.42784497813482E-17));
#2746=DIRECTION('',(-1.,0.,0.));
#2747=DIRECTION('',(0.,-1.,0.));
#2748=DIRECTION('',(1.,0.,0.));
#2749=DIRECTION('center_axis',(0.,-1.,0.));
#2750=DIRECTION('ref_axis',(0.,0.,-1.));
#2751=DIRECTION('',(0.,-1.,0.));
#2752=DIRECTION('center_axis',(0.,1.,0.));
#2753=DIRECTION('ref_axis',(0.,0.,1.));
#2754=DIRECTION('center_axis',(1.,0.,-1.20466908053945E-16));
#2755=DIRECTION('ref_axis',(-1.20466908053945E-16,0.,-1.));
#2756=DIRECTION('',(2.04168934793786E-15,0.,1.));
#2757=DIRECTION('',(0.,-1.,0.));
#2758=DIRECTION('',(-2.04168934793786E-15,0.,1.));
#2759=DIRECTION('center_axis',(0.,-1.,0.));
#2760=DIRECTION('ref_axis',(0.,0.,-1.));
#2761=DIRECTION('',(0.,-1.,0.));
#2762=DIRECTION('center_axis',(0.,-1.,0.));
#2763=DIRECTION('ref_axis',(3.25260651745652E-15,0.,1.));
#2764=DIRECTION('center_axis',(-9.42784497813482E-17,0.,-1.));
#2765=DIRECTION('ref_axis',(-1.,0.,9.42784497813482E-17));
#2766=DIRECTION('',(1.,0.,0.));
#2767=DIRECTION('',(0.,-1.,0.));
#2768=DIRECTION('',(-1.,0.,0.));
#2769=DIRECTION('center_axis',(0.,-1.,0.));
#2770=DIRECTION('ref_axis',(0.,0.,-1.));
#2771=DIRECTION('',(0.,-1.,0.));
#2772=DIRECTION('center_axis',(0.,1.,0.));
#2773=DIRECTION('ref_axis',(0.,0.,1.));
#2774=DIRECTION('center_axis',(-1.,0.,1.20466908053945E-16));
#2775=DIRECTION('ref_axis',(1.20466908053945E-16,0.,1.));
#2776=DIRECTION('',(-2.04168934793786E-15,0.,-1.));
#2777=DIRECTION('',(2.04168934793786E-15,0.,-1.));
#2778=DIRECTION('center_axis',(0.,1.,0.));
#2779=DIRECTION('ref_axis',(0.,0.,1.));
#2780=DIRECTION('center_axis',(0.,1.,0.));
#2781=DIRECTION('ref_axis',(0.,0.,1.));
#2782=DIRECTION('center_axis',(0.,1.,0.));
#2783=DIRECTION('ref_axis',(0.,0.,1.));
#2784=DIRECTION('center_axis',(0.,1.,0.));
#2785=DIRECTION('ref_axis',(0.,0.,1.));
#2786=DIRECTION('center_axis',(-1.,0.,0.));
#2787=DIRECTION('ref_axis',(0.,0.,1.));
#2788=DIRECTION('',(0.,1.,0.));
#2789=DIRECTION('',(0.,0.,-1.));
#2790=DIRECTION('',(0.,-1.,0.));
#2791=DIRECTION('center_axis',(0.,0.,1.));
#2792=DIRECTION('ref_axis',(1.,0.,0.));
#2793=DIRECTION('',(0.,1.,0.));
#2794=DIRECTION('',(-1.,0.,0.));
#2795=DIRECTION('',(0.,-1.,0.));
#2796=DIRECTION('center_axis',(1.,0.,0.));
#2797=DIRECTION('ref_axis',(0.,0.,-1.));
#2798=DIRECTION('',(0.,0.,1.));
#2799=DIRECTION('',(0.,-1.,0.));
#2800=DIRECTION('',(0.,1.,0.));
#2801=DIRECTION('center_axis',(0.,0.,-1.));
#2802=DIRECTION('ref_axis',(-1.,0.,0.));
#2803=DIRECTION('',(0.,1.,0.));
#2804=DIRECTION('',(1.,0.,0.));
#2805=DIRECTION('',(0.,-1.,0.));
#2806=DIRECTION('center_axis',(0.,1.,0.));
#2807=DIRECTION('ref_axis',(0.,0.,1.));
#2808=DIRECTION('center_axis',(0.,1.,0.));
#2809=DIRECTION('ref_axis',(0.,0.,1.));
#2810=DIRECTION('center_axis',(0.,1.,0.));
#2811=DIRECTION('ref_axis',(0.,0.,1.));
#2812=DIRECTION('center_axis',(0.,1.,0.));
#2813=DIRECTION('ref_axis',(0.,0.,1.));
#2814=DIRECTION('center_axis',(0.,1.,0.));
#2815=DIRECTION('ref_axis',(0.,0.,1.));
#2816=DIRECTION('',(-1.,0.,1.0842021724855E-16));
#2817=DIRECTION('center_axis',(0.,-1.,0.));
#2818=DIRECTION('ref_axis',(0.,0.,1.));
#2819=DIRECTION('',(-1.44560289664734E-16,0.,-1.));
#2820=DIRECTION('center_axis',(0.,-1.,0.));
#2821=DIRECTION('ref_axis',(0.,0.,1.));
#2822=DIRECTION('',(1.,0.,-1.0842021724855E-16));
#2823=DIRECTION('center_axis',(0.,-1.,0.));
#2824=DIRECTION('ref_axis',(0.,0.,1.));
#2825=DIRECTION('',(1.44560289664734E-16,0.,1.));
#2826=DIRECTION('center_axis',(0.,-1.,0.));
#2827=DIRECTION('ref_axis',(0.,0.,1.));
#2828=DIRECTION('center_axis',(-1.,0.,1.44560289664734E-16));
#2829=DIRECTION('ref_axis',(1.44560289664734E-16,0.,1.));
#2830=DIRECTION('',(0.,1.,0.));
#2831=DIRECTION('',(0.,-1.,0.));
#2832=DIRECTION('center_axis',(1.0842021724855E-16,0.,1.));
#2833=DIRECTION('ref_axis',(1.,0.,-1.0842021724855E-16));
#2834=DIRECTION('',(0.,-1.,0.));
#2835=DIRECTION('',(0.,1.,0.));
#2836=DIRECTION('center_axis',(1.,0.,-1.44560289664734E-16));
#2837=DIRECTION('ref_axis',(-1.44560289664734E-16,0.,-1.));
#2838=DIRECTION('',(0.,-1.,0.));
#2839=DIRECTION('',(0.,1.,0.));
#2840=DIRECTION('center_axis',(-1.0842021724855E-16,0.,-1.));
#2841=DIRECTION('ref_axis',(-1.,0.,1.0842021724855E-16));
#2842=DIRECTION('',(0.,-1.,0.));
#2843=DIRECTION('',(0.,1.,0.));
#2844=DIRECTION('center_axis',(0.,-1.,0.));
#2845=DIRECTION('ref_axis',(0.,0.,-1.));
#2846=DIRECTION('center_axis',(0.,-1.,0.));
#2847=DIRECTION('ref_axis',(0.,0.,-1.));
#2848=DIRECTION('center_axis',(0.,-1.,0.));
#2849=DIRECTION('ref_axis',(0.,0.,-1.));
#2850=DIRECTION('center_axis',(0.,-1.,0.));
#2851=DIRECTION('ref_axis',(0.,0.,-1.));
#2852=DIRECTION('center_axis',(0.,1.,0.));
#2853=DIRECTION('ref_axis',(0.,0.,1.));
#2854=DIRECTION('center_axis',(0.,1.,0.));
#2855=DIRECTION('ref_axis',(0.,0.,1.));
#2856=DIRECTION('center_axis',(0.,1.,0.));
#2857=DIRECTION('ref_axis',(0.,0.,1.));
#2858=DIRECTION('center_axis',(0.,1.,0.));
#2859=DIRECTION('ref_axis',(0.,0.,1.));
#2860=DIRECTION('center_axis',(0.,0.,-1.));
#2861=DIRECTION('ref_axis',(-1.,0.,0.));
#2862=DIRECTION('',(0.,1.,0.));
#2863=DIRECTION('',(-1.,0.,0.));
#2864=DIRECTION('',(0.,1.,0.));
#2865=DIRECTION('center_axis',(0.929423825762679,0.,0.369014026975487));
#2866=DIRECTION('ref_axis',(0.369014026975487,0.,-0.929423825762679));
#2867=DIRECTION('',(0.369014026975487,0.,-0.929423825762679));
#2868=DIRECTION('',(0.,1.,0.));
#2869=DIRECTION('center_axis',(0.,0.,1.));
#2870=DIRECTION('ref_axis',(1.,0.,0.));
#2871=DIRECTION('',(1.,0.,0.));
#2872=DIRECTION('',(0.,1.,0.));
#2873=DIRECTION('center_axis',(-0.929423825762679,0.,0.369014026975487));
#2874=DIRECTION('ref_axis',(0.369014026975487,0.,0.929423825762679));
#2875=DIRECTION('',(0.369014026975487,0.,0.929423825762679));
#2876=DIRECTION('',(0.,1.,0.));
#2877=DIRECTION('center_axis',(0.,0.,-1.));
#2878=DIRECTION('ref_axis',(-1.,0.,0.));
#2879=DIRECTION('',(-1.,0.,0.));
#2880=DIRECTION('',(0.,1.,0.));
#2881=DIRECTION('center_axis',(0.937925419524593,0.,-0.346837004095032));
#2882=DIRECTION('ref_axis',(-0.346837004095032,0.,-0.937925419524593));
#2883=DIRECTION('',(-0.346837004095032,0.,-0.937925419524593));
#2884=DIRECTION('',(0.,1.,0.));
#2885=DIRECTION('center_axis',(0.,0.,-1.));
#2886=DIRECTION('ref_axis',(-1.,0.,0.));
#2887=DIRECTION('',(-1.,0.,0.));
#2888=DIRECTION('',(0.,1.,0.));
#2889=DIRECTION('center_axis',(-0.937925419524593,0.,-0.346837004095032));
#2890=DIRECTION('ref_axis',(-0.346837004095032,0.,0.937925419524593));
#2891=DIRECTION('',(-0.346837004095032,0.,0.937925419524593));
#2892=DIRECTION('center_axis',(0.,-1.,0.));
#2893=DIRECTION('ref_axis',(0.,0.,-1.));
#2894=DIRECTION('',(-0.346805908159069,0.,0.93793691795662));
#2895=DIRECTION('',(-0.346732183468386,0.,-0.937964174660869));
#2896=DIRECTION('',(1.,0.,0.));
#2897=DIRECTION('center_axis',(-0.93793691795662,0.,-0.346805908159069));
#2898=DIRECTION('ref_axis',(-0.346805908159069,0.,0.93793691795662));
#2899=DIRECTION('',(-0.346805908159069,0.,0.93793691795662));
#2900=DIRECTION('',(0.,1.,0.));
#2901=DIRECTION('',(0.,1.,0.));
#2902=DIRECTION('',(0.,1.,0.));
#2903=DIRECTION('',(0.,1.,0.));
#2904=DIRECTION('center_axis',(0.937964174660869,0.,-0.346732183468386));
#2905=DIRECTION('ref_axis',(-0.346732183468386,0.,-0.937964174660869));
#2906=DIRECTION('',(-0.346732183468386,0.,-0.937964174660869));
#2907=DIRECTION('',(0.,1.,0.));
#2908=DIRECTION('center_axis',(0.,0.,1.));
#2909=DIRECTION('ref_axis',(1.,0.,0.));
#2910=DIRECTION('',(1.,0.,0.));
#2911=DIRECTION('center_axis',(0.,-1.,0.));
#2912=DIRECTION('ref_axis',(0.,0.,-1.));
#2913=DIRECTION('center_axis',(0.,0.,-1.));
#2914=DIRECTION('ref_axis',(-1.,0.,0.));
#2915=DIRECTION('',(0.,1.,0.));
#2916=DIRECTION('',(-1.,0.,0.));
#2917=DIRECTION('',(0.,1.,0.));
#2918=DIRECTION('center_axis',(1.,0.,0.));
#2919=DIRECTION('ref_axis',(0.,0.,-1.));
#2920=DIRECTION('',(0.,0.,-1.));
#2921=DIRECTION('',(0.,1.,0.));
#2922=DIRECTION('center_axis',(0.,0.,1.));
#2923=DIRECTION('ref_axis',(1.,0.,0.));
#2924=DIRECTION('',(1.,0.,0.));
#2925=DIRECTION('',(0.,1.,0.));
#2926=DIRECTION('',(0.,1.,0.));
#2927=DIRECTION('',(0.,1.,0.));
#2928=DIRECTION('',(0.,1.,0.));
#2929=DIRECTION('center_axis',(0.,1.,0.));
#2930=DIRECTION('ref_axis',(0.,0.,1.));
#2931=DIRECTION('',(-1.,0.,0.));
#2932=DIRECTION('',(1.,0.,0.));
#2933=DIRECTION('',(0.,0.,1.));
#2934=DIRECTION('',(-1.,0.,0.));
#2935=DIRECTION('',(1.,0.,0.));
#2936=DIRECTION('',(0.,0.,1.));
#2937=DIRECTION('center_axis',(-1.,0.,0.));
#2938=DIRECTION('ref_axis',(0.,0.,1.));
#2939=DIRECTION('',(0.,0.,1.));
#2940=DIRECTION('',(0.,1.,0.));
#2941=DIRECTION('',(0.,1.,0.));
#2942=DIRECTION('center_axis',(0.,0.,-1.));
#2943=DIRECTION('ref_axis',(-1.,0.,0.));
#2944=DIRECTION('',(-1.,0.,0.));
#2945=DIRECTION('',(0.,1.,0.));
#2946=DIRECTION('',(0.,1.,0.));
#2947=DIRECTION('',(0.,1.,0.));
#2948=DIRECTION('',(0.,1.,0.));
#2949=DIRECTION('center_axis',(0.,0.,1.));
#2950=DIRECTION('ref_axis',(1.,0.,0.));
#2951=DIRECTION('',(1.,0.,0.));
#2952=DIRECTION('center_axis',(-1.,0.,0.));
#2953=DIRECTION('ref_axis',(0.,0.,1.));
#2954=DIRECTION('',(0.,0.,1.));
#2955=DIRECTION('',(0.,1.,0.));
#2956=DIRECTION('',(0.,1.,0.));
#2957=DIRECTION('center_axis',(0.,0.,-1.));
#2958=DIRECTION('ref_axis',(-1.,0.,0.));
#2959=DIRECTION('',(-1.,0.,0.));
#2960=DIRECTION('',(0.,1.,0.));
#2961=DIRECTION('',(0.,1.,0.));
#2962=DIRECTION('',(0.,1.,0.));
#2963=DIRECTION('',(0.,1.,0.));
#2964=DIRECTION('center_axis',(0.,0.,1.));
#2965=DIRECTION('ref_axis',(1.,0.,0.));
#2966=DIRECTION('',(1.,0.,0.));
#2967=DIRECTION('center_axis',(0.,-1.,0.));
#2968=DIRECTION('ref_axis',(0.,0.,-1.));
#2969=DIRECTION('center_axis',(0.,-1.,0.));
#2970=DIRECTION('ref_axis',(0.,0.,-1.));
#2971=DIRECTION('center_axis',(0.,0.,-1.));
#2972=DIRECTION('ref_axis',(-1.,0.,0.));
#2973=DIRECTION('',(0.,1.,0.));
#2974=DIRECTION('',(-1.,0.,0.));
#2975=DIRECTION('',(0.,1.,0.));
#2976=DIRECTION('center_axis',(1.,0.,0.));
#2977=DIRECTION('ref_axis',(0.,0.,-1.));
#2978=DIRECTION('',(0.,0.,-1.));
#2979=DIRECTION('',(0.,1.,0.));
#2980=DIRECTION('center_axis',(0.,0.,1.));
#2981=DIRECTION('ref_axis',(1.,0.,0.));
#2982=DIRECTION('',(1.,0.,0.));
#2983=DIRECTION('',(0.,1.,0.));
#2984=DIRECTION('center_axis',(-0.95281497736329,0.,0.303551674204234));
#2985=DIRECTION('ref_axis',(0.303551674204234,0.,0.95281497736329));
#2986=DIRECTION('',(0.303551674204234,0.,0.95281497736329));
#2987=DIRECTION('',(0.,1.,0.));
#2988=DIRECTION('',(0.,1.,0.));
#2989=DIRECTION('',(0.,1.,0.));
#2990=DIRECTION('center_axis',(0.952163706351717,0.,0.305588409967658));
#2991=DIRECTION('ref_axis',(0.305588409967658,0.,-0.952163706351717));
#2992=DIRECTION('',(0.305588409967658,0.,-0.952163706351717));
#2993=DIRECTION('',(0.,1.,0.));
#2994=DIRECTION('center_axis',(0.,0.,1.));
#2995=DIRECTION('ref_axis',(1.,0.,0.));
#2996=DIRECTION('',(1.,0.,0.));
#2997=DIRECTION('',(0.,1.,0.));
#2998=DIRECTION('center_axis',(-1.,0.,0.));
#2999=DIRECTION('ref_axis',(0.,0.,1.));
#3000=DIRECTION('',(0.,0.,1.));
#3001=DIRECTION('',(0.,1.,0.));
#3002=DIRECTION('center_axis',(0.,0.,-1.));
#3003=DIRECTION('ref_axis',(-1.,0.,0.));
#3004=DIRECTION('',(-1.,0.,0.));
#3005=DIRECTION('',(0.,1.,0.));
#3006=DIRECTION('center_axis',(1.,0.,0.));
#3007=DIRECTION('ref_axis',(0.,0.,-1.));
#3008=DIRECTION('',(0.,0.,-1.));
#3009=DIRECTION('',(0.,1.,0.));
#3010=DIRECTION('center_axis',(-0.953705429686786,0.,-0.300742337202367));
#3011=DIRECTION('ref_axis',(-0.300742337202367,0.,0.953705429686786));
#3012=DIRECTION('',(-0.300742337202367,0.,0.953705429686786));
#3013=DIRECTION('',(0.,1.,0.));
#3014=DIRECTION('center_axis',(0.,0.,-1.));
#3015=DIRECTION('ref_axis',(-1.,0.,0.));
#3016=DIRECTION('',(-1.,0.,0.));
#3017=DIRECTION('',(0.,1.,0.));
#3018=DIRECTION('center_axis',(0.954222364756741,0.,-0.299098108650077));
#3019=DIRECTION('ref_axis',(-0.299098108650077,0.,-0.954222364756741));
#3020=DIRECTION('',(-0.299098108650077,0.,-0.954222364756741));
#3021=DIRECTION('',(0.,1.,0.));
#3022=DIRECTION('center_axis',(-1.,0.,0.));
#3023=DIRECTION('ref_axis',(0.,0.,1.));
#3024=DIRECTION('',(0.,0.,1.));
#3025=DIRECTION('center_axis',(-1.58065545125503E-11,-1.,4.94659467637722E-12));
#3026=DIRECTION('ref_axis',(1.,-1.58065545125503E-11,0.));
#3027=DIRECTION('center_axis',(-1.,0.,0.));
#3028=DIRECTION('ref_axis',(0.,0.,1.));
#3029=DIRECTION('',(0.,1.,0.));
#3030=DIRECTION('',(0.,0.,1.));
#3031=DIRECTION('',(0.,1.,0.));
#3032=DIRECTION('center_axis',(0.,0.,-1.));
#3033=DIRECTION('ref_axis',(-1.,0.,0.));
#3034=DIRECTION('',(-1.,0.,0.));
#3035=DIRECTION('',(0.,1.,0.));
#3036=DIRECTION('center_axis',(1.,0.,0.));
#3037=DIRECTION('ref_axis',(0.,0.,-1.));
#3038=DIRECTION('',(0.,0.,-1.));
#3039=DIRECTION('',(0.,1.,0.));
#3040=DIRECTION('',(0.,1.,0.));
#3041=DIRECTION('center_axis',(1.,0.,0.));
#3042=DIRECTION('ref_axis',(0.,0.,-1.));
#3043=DIRECTION('',(0.,0.,-1.));
#3044=DIRECTION('',(0.,1.,0.));
#3045=DIRECTION('',(0.,1.,0.));
#3046=DIRECTION('center_axis',(0.,0.,1.));
#3047=DIRECTION('ref_axis',(1.,0.,0.));
#3048=DIRECTION('',(1.,0.,0.));
#3049=DIRECTION('center_axis',(0.,1.,0.));
#3050=DIRECTION('ref_axis',(0.,0.,1.));
#3051=DIRECTION('',(0.,1.,0.));
#3052=DIRECTION('',(0.,1.,0.));
#3053=DIRECTION('',(0.,1.,0.));
#3054=DIRECTION('',(0.,1.,0.));
#3055=DIRECTION('',(0.,1.,0.));
#3056=DIRECTION('center_axis',(-3.76113522834113E-13,1.,2.22800130215321E-13));
#3057=DIRECTION('ref_axis',(-1.,-3.76113522834113E-13,0.));
#3058=DIRECTION('',(0.,1.,0.));
#3059=DIRECTION('',(0.,1.,0.));
#3060=DIRECTION('',(0.,1.,0.));
#3061=DIRECTION('',(0.,1.,0.));
#3062=DIRECTION('',(0.,1.,0.));
#3063=DIRECTION('center_axis',(0.,-1.,0.));
#3064=DIRECTION('ref_axis',(0.,0.,-1.));
#3065=DIRECTION('center_axis',(0.,0.,-1.));
#3066=DIRECTION('ref_axis',(-1.,0.,0.));
#3067=DIRECTION('',(0.,1.,0.));
#3068=DIRECTION('',(-1.,0.,0.));
#3069=DIRECTION('',(0.,1.,0.));
#3070=DIRECTION('center_axis',(0.969729737442709,0.,-0.244180745185394));
#3071=DIRECTION('ref_axis',(-0.244180745185394,0.,-0.969729737442709));
#3072=DIRECTION('',(-0.244180745185394,0.,-0.969729737442709));
#3073=DIRECTION('',(0.,1.,0.));
#3074=DIRECTION('center_axis',(0.,0.,1.));
#3075=DIRECTION('ref_axis',(1.,0.,0.));
#3076=DIRECTION('',(1.,0.,0.));
#3077=DIRECTION('',(0.,1.,0.));
#3078=DIRECTION('center_axis',(-0.975461590630915,0.,0.220169673669664));
#3079=DIRECTION('ref_axis',(0.220169673669664,0.,0.975461590630915));
#3080=DIRECTION('',(0.220169673669664,0.,0.975461590630914));
#3081=DIRECTION('',(0.,1.,0.));
#3082=DIRECTION('',(0.,1.,0.));
#3083=DIRECTION('',(0.,1.,0.));
#3084=DIRECTION('center_axis',(0.960582097853071,0.,0.277996462718852));
#3085=DIRECTION('ref_axis',(0.277996462718852,0.,-0.960582097853071));
#3086=DIRECTION('',(0.277996462718852,0.,-0.960582097853071));
#3087=DIRECTION('',(0.,1.,0.));
#3088=DIRECTION('center_axis',(0.,0.,1.));
#3089=DIRECTION('ref_axis',(1.,0.,0.));
#3090=DIRECTION('',(1.,0.,0.));
#3091=DIRECTION('',(0.,1.,0.));
#3092=DIRECTION('center_axis',(-0.961683397245652,0.,0.274162439918492));
#3093=DIRECTION('ref_axis',(0.274162439918492,0.,0.961683397245652));
#3094=DIRECTION('',(0.274162439918492,0.,0.961683397245652));
#3095=DIRECTION('',(0.,1.,0.));
#3096=DIRECTION('',(0.,1.,0.));
#3097=DIRECTION('',(0.,1.,0.));
#3098=DIRECTION('center_axis',(0.975443073255139,0.,0.220251698832425));
#3099=DIRECTION('ref_axis',(0.220251698832425,0.,-0.975443073255139));
#3100=DIRECTION('',(0.220251698832425,0.,-0.975443073255139));
#3101=DIRECTION('',(0.,1.,0.));
#3102=DIRECTION('center_axis',(0.,0.,1.));
#3103=DIRECTION('ref_axis',(1.,0.,0.));
#3104=DIRECTION('',(1.,0.,0.));
#3105=DIRECTION('',(0.,1.,0.));
#3106=DIRECTION('center_axis',(-0.969683724493497,0.,-0.244363406533016));
#3107=DIRECTION('ref_axis',(-0.244363406533016,0.,0.969683724493497));
#3108=DIRECTION('',(-0.244363406533016,0.,0.969683724493497));
#3109=DIRECTION('',(0.,1.,0.));
#3110=DIRECTION('center_axis',(0.,0.,-1.));
#3111=DIRECTION('ref_axis',(-1.,0.,0.));
#3112=DIRECTION('',(-1.,0.,0.));
#3113=DIRECTION('',(0.,1.,0.));
#3114=DIRECTION('center_axis',(0.9646002590657,0.,-0.263716401102366));
#3115=DIRECTION('ref_axis',(-0.263716401102366,0.,-0.9646002590657));
#3116=DIRECTION('',(-0.263716401102366,0.,-0.9646002590657));
#3117=DIRECTION('',(0.,1.,0.));
#3118=DIRECTION('',(0.,1.,0.));
#3119=DIRECTION('',(0.,1.,0.));
#3120=DIRECTION('center_axis',(-0.960576917131284,0.,-0.278014363432106));
#3121=DIRECTION('ref_axis',(-0.278014363432106,0.,0.960576917131284));
#3122=DIRECTION('',(-0.278014363432106,0.,0.960576917131283));
#3123=DIRECTION('center_axis',(2.48082157547979E-12,1.,-5.62679691052695E-13));
#3124=DIRECTION('ref_axis',(-1.,2.48082157547979E-12,0.));
#3125=CARTESIAN_POINT('',(0.,0.,0.));
#3126=CARTESIAN_POINT('Origin',(1.33228756555323,0.6,-1.08228756555323));
#3127=CARTESIAN_POINT('',(-1.,0.6,-0.624999999999999));
#3128=CARTESIAN_POINT('',(-1.,0.6,0.625));
#3129=CARTESIAN_POINT('',(-1.,0.6,-1.08228756555323));
#3130=CARTESIAN_POINT('',(-0.875,0.6,0.75));
#3131=CARTESIAN_POINT('Origin',(-0.875,0.6,0.625));
#3132=CARTESIAN_POINT('',(0.875000000000001,0.6,0.75));
#3133=CARTESIAN_POINT('',(1.33228756555323,0.6,0.75));
#3134=CARTESIAN_POINT('',(1.,0.6,0.625));
#3135=CARTESIAN_POINT('Origin',(0.875000000000001,0.6,0.625));
#3136=CARTESIAN_POINT('',(1.,0.6,-0.624999999999999));
#3137=CARTESIAN_POINT('',(1.,0.6,-1.08228756555323));
#3138=CARTESIAN_POINT('',(0.875000000000001,0.6,-0.75));
#3139=CARTESIAN_POINT('Origin',(0.875000000000001,0.6,-0.624999999999999));
#3140=CARTESIAN_POINT('',(-0.875,0.6,-0.749999999999999));
#3141=CARTESIAN_POINT('',(1.33228756555323,0.6,-0.75));
#3142=CARTESIAN_POINT('Origin',(-0.875,0.6,-0.624999999999999));
#3143=CARTESIAN_POINT('',(-0.346534455128205,0.6,0.0751595075639154));
#3144=CARTESIAN_POINT('',(-0.440384615384615,0.6,0.0751595075639154));
#3145=CARTESIAN_POINT('',(-0.346534455128205,0.6,0.0751595075639154));
#3146=CARTESIAN_POINT('',(-0.440384615384615,0.6,-0.174840492436085));
#3147=CARTESIAN_POINT('',(-0.440384615384615,0.6,0.0751595075639154));
#3148=CARTESIAN_POINT('',(-0.346784855769231,0.6,-0.174840492436085));
#3149=CARTESIAN_POINT('',(-0.440384615384615,0.6,-0.174840492436085));
#3150=CARTESIAN_POINT('',(-0.264102564102564,0.6,-0.110036806538649));
#3151=CARTESIAN_POINT('Ctrl Pts',(-0.346784855769231,0.6,-0.174840492436085));
#3152=CARTESIAN_POINT('Ctrl Pts',(-0.344463736535966,0.6,-0.17483158806288));
#3153=CARTESIAN_POINT('Ctrl Pts',(-0.339934573059361,0.6,-0.174814213099405));
#3154=CARTESIAN_POINT('Ctrl Pts',(-0.333321057834785,0.6,-0.174379683253429));
#3155=CARTESIAN_POINT('Ctrl Pts',(-0.327057565066908,0.6,-0.173785336539184));
#3156=CARTESIAN_POINT('Ctrl Pts',(-0.321130610909535,0.6,-0.173019205397852));
#3157=CARTESIAN_POINT('Ctrl Pts',(-0.315565841229833,0.6,-0.171907564669254));
#3158=CARTESIAN_POINT('Ctrl Pts',(-0.310368441760296,0.6,-0.17056088623652));
#3159=CARTESIAN_POINT('Ctrl Pts',(-0.305511365349234,0.6,-0.16900753617223));
#3160=CARTESIAN_POINT('Ctrl Pts',(-0.299574329586804,0.6,-0.166641280885357));
#3161=CARTESIAN_POINT('Ctrl Pts',(-0.292732546776107,0.6,-0.162999111022845));
#3162=CARTESIAN_POINT('Ctrl Pts',(-0.285404347419812,0.6,-0.157564418866614));
#3163=CARTESIAN_POINT('Ctrl Pts',(-0.279028529260802,0.6,-0.151039303068488));
#3164=CARTESIAN_POINT('Ctrl Pts',(-0.27378216854737,0.6,-0.143557888318233));
#3165=CARTESIAN_POINT('Ctrl Pts',(-0.269459733147018,0.6,-0.135566326396091));
#3166=CARTESIAN_POINT('Ctrl Pts',(-0.266395177050425,0.6,-0.127216864144643));
#3167=CARTESIAN_POINT('Ctrl Pts',(-0.264435840353828,0.6,-0.1186912897029));
#3168=CARTESIAN_POINT('Ctrl Pts',(-0.264213530730463,0.6,-0.112918376435403));
#3169=CARTESIAN_POINT('Ctrl Pts',(-0.264102564102564,0.6,-0.110036806538649));
#3170=CARTESIAN_POINT('',(-0.301612580128205,0.6,-0.056250748846341));
#3171=CARTESIAN_POINT('Ctrl Pts',(-0.264102564102564,0.6,-0.110036806538649));
#3172=CARTESIAN_POINT('Ctrl Pts',(-0.264219213457656,0.6,-0.10735589657919));
#3173=CARTESIAN_POINT('Ctrl Pts',(-0.264451387558113,0.6,-0.102019923159041));
#3174=CARTESIAN_POINT('Ctrl Pts',(-0.266299233637341,0.6,-0.0941597097647785));
#3175=CARTESIAN_POINT('Ctrl Pts',(-0.269215700080674,0.6,-0.0865274915005044));
#3176=CARTESIAN_POINT('Ctrl Pts',(-0.273339666198324,0.6,-0.0792160531594804));
#3177=CARTESIAN_POINT('Ctrl Pts',(-0.278610611821013,0.6,-0.0723591558432488));
#3178=CARTESIAN_POINT('Ctrl Pts',(-0.285145079205071,0.6,-0.0661887979595671));
#3179=CARTESIAN_POINT('Ctrl Pts',(-0.292849168648607,0.6,-0.0606917557264884));
#3180=CARTESIAN_POINT('Ctrl Pts',(-0.29863108751986,0.6,-0.0577616706166576));
#3181=CARTESIAN_POINT('Ctrl Pts',(-0.301612580128205,0.6,-0.056250748846341));
#3182=CARTESIAN_POINT('',(-0.254487179487179,0.6,0.00354492423058206));
#3183=CARTESIAN_POINT('Ctrl Pts',(-0.301612580128205,0.6,-0.056250748846341));
#3184=CARTESIAN_POINT('Ctrl Pts',(-0.299768209043682,0.6,-0.0556733816018493));
#3185=CARTESIAN_POINT('Ctrl Pts',(-0.296157244261001,0.6,-0.0545429947702472));
#3186=CARTESIAN_POINT('Ctrl Pts',(-0.290966107262254,0.6,-0.0524745454159818));
#3187=CARTESIAN_POINT('Ctrl Pts',(-0.286093215023737,0.6,-0.0501193198001292));
#3188=CARTESIAN_POINT('Ctrl Pts',(-0.281527960604259,0.6,-0.0474734476209508));
#3189=CARTESIAN_POINT('Ctrl Pts',(-0.277301190850525,0.6,-0.0445124267987724));
#3190=CARTESIAN_POINT('Ctrl Pts',(-0.273424832133701,0.6,-0.0412316412642423));
#3191=CARTESIAN_POINT('Ctrl Pts',(-0.269872007457319,0.6,-0.0376818603186003));
#3192=CARTESIAN_POINT('Ctrl Pts',(-0.266649064290991,0.6,-0.0338652432507511));
#3193=CARTESIAN_POINT('Ctrl Pts',(-0.263818046850632,0.6,-0.0298063508060277));
#3194=CARTESIAN_POINT('Ctrl Pts',(-0.261278977871286,0.6,-0.0255938943432916));
#3195=CARTESIAN_POINT('Ctrl Pts',(-0.259182325157862,0.6,-0.0211771466038609));
#3196=CARTESIAN_POINT('Ctrl Pts',(-0.257463775279785,0.6,-0.0165675745700573));
#3197=CARTESIAN_POINT('Ctrl Pts',(-0.256123050883967,0.6,-0.0117936613750051));
#3198=CARTESIAN_POINT('Ctrl Pts',(-0.255160264827061,0.6,-0.00683704569495971));
#3199=CARTESIAN_POINT('Ctrl Pts',(-0.25461150135545,0.6,-0.00170926502377607));
#3200=CARTESIAN_POINT('Ctrl Pts',(-0.254529078834564,0.6,0.0017741408289751));
#3201=CARTESIAN_POINT('Ctrl Pts',(-0.254487179487179,0.6,0.00354492423058206));
#3202=CARTESIAN_POINT('Ctrl Pts',(-0.254487179487179,0.6,0.00354492423058206));
#3203=CARTESIAN_POINT('Ctrl Pts',(-0.254573540430761,0.6,0.00638789220649684));
#3204=CARTESIAN_POINT('Ctrl Pts',(-0.25474471832913,0.6,0.0120230006601832));
#3205=CARTESIAN_POINT('Ctrl Pts',(-0.256119467685094,0.6,0.0203169326555261));
#3206=CARTESIAN_POINT('Ctrl Pts',(-0.258442721205752,0.6,0.0282949962146127));
#3207=CARTESIAN_POINT('Ctrl Pts',(-0.261640482093982,0.6,0.0358281956910803));
#3208=CARTESIAN_POINT('Ctrl Pts',(-0.26545074291255,0.6,0.042793747689653));
#3209=CARTESIAN_POINT('Ctrl Pts',(-0.269781237829681,0.6,0.0490092713496021));
#3210=CARTESIAN_POINT('Ctrl Pts',(-0.274521530264306,0.6,0.0544108093609741));
#3211=CARTESIAN_POINT('Ctrl Pts',(-0.279805101978884,0.6,0.0589544683084362));
#3212=CARTESIAN_POINT('Ctrl Pts',(-0.285597871669067,0.6,0.0628107051033676));
#3213=CARTESIAN_POINT('Ctrl Pts',(-0.292063451661234,0.6,0.0660579086736306));
#3214=CARTESIAN_POINT('Ctrl Pts',(-0.299151851260232,0.6,0.0689216310340634));
#3215=CARTESIAN_POINT('Ctrl Pts',(-0.307007138234441,0.6,0.0712092781690286));
#3216=CARTESIAN_POINT('Ctrl Pts',(-0.31562573687539,0.6,0.0730265820711756));
#3217=CARTESIAN_POINT('Ctrl Pts',(-0.325124609466407,0.6,0.0742072873755417));
#3218=CARTESIAN_POINT('Ctrl Pts',(-0.335518349594728,0.6,0.0750525140918849));
#3219=CARTESIAN_POINT('Ctrl Pts',(-0.342759795096858,0.6,0.0751228463335685));
#3220=CARTESIAN_POINT('Ctrl Pts',(-0.346534455128205,0.6,0.0751595075639154));
#3221=CARTESIAN_POINT('',(0.175,0.6,-0.174840492436085));
#3222=CARTESIAN_POINT('',(0.175,0.6,0.0751595075639154));
#3223=CARTESIAN_POINT('',(0.175,0.6,-0.174840492436085));
#3224=CARTESIAN_POINT('',(0.142948717948718,0.6,0.0751595075639154));
#3225=CARTESIAN_POINT('',(0.175,0.6,0.0751595075639154));
#3226=CARTESIAN_POINT('',(0.142948717948718,0.6,-0.119652191154033));
#3227=CARTESIAN_POINT('',(0.142948717948718,0.6,0.0751595075639154));
#3228=CARTESIAN_POINT('',(0.0852564102564105,0.6,-0.082793216795059));
#3229=CARTESIAN_POINT('Ctrl Pts',(0.142948717948718,0.6,-0.119652191154033));
#3230=CARTESIAN_POINT('Ctrl Pts',(0.141103202292476,0.6,-0.117872418361184));
#3231=CARTESIAN_POINT('Ctrl Pts',(0.137267500250326,0.6,-0.11417335565586));
#3232=CARTESIAN_POINT('Ctrl Pts',(0.130783651157182,0.6,-0.108938258236929));
#3233=CARTESIAN_POINT('Ctrl Pts',(0.123546846941779,0.6,-0.103632265095175));
#3234=CARTESIAN_POINT('Ctrl Pts',(0.115651062111669,0.6,-0.0985299595059553));
#3235=CARTESIAN_POINT('Ctrl Pts',(0.107602645190745,0.6,-0.0937266890326898));
#3236=CARTESIAN_POINT('Ctrl Pts',(0.0998248864419198,0.6,-0.0894068857019894));
#3237=CARTESIAN_POINT('Ctrl Pts',(0.0924476388601113,0.6,-0.0857512839773908));
#3238=CARTESIAN_POINT('Ctrl Pts',(0.0875882060329333,0.6,-0.0837523864922763));
#3239=CARTESIAN_POINT('Ctrl Pts',(0.0852564102564105,0.6,-0.082793216795059));
#3240=CARTESIAN_POINT('',(0.0852564102564105,0.6,-0.112340492436085));
#3241=CARTESIAN_POINT('',(0.0852564102564105,0.6,-0.082793216795059));
#3242=CARTESIAN_POINT('',(0.154366987179487,0.6,-0.174840492436085));
#3243=CARTESIAN_POINT('Ctrl Pts',(0.0852564102564105,0.6,-0.112340492436085));
#3244=CARTESIAN_POINT('Ctrl Pts',(0.0892615104744017,0.6,-0.114403127066738));
#3245=CARTESIAN_POINT('Ctrl Pts',(0.0971553258483314,0.6,-0.11846845778808));
#3246=CARTESIAN_POINT('Ctrl Pts',(0.108307580020564,0.6,-0.125489842805319));
#3247=CARTESIAN_POINT('Ctrl Pts',(0.118719408952757,0.6,-0.133101313204588));
#3248=CARTESIAN_POINT('Ctrl Pts',(0.128218455655357,0.6,-0.141301183804319));
#3249=CARTESIAN_POINT('Ctrl Pts',(0.136733745732478,0.6,-0.149682923533067));
#3250=CARTESIAN_POINT('Ctrl Pts',(0.1439097043375,0.6,-0.15814042814971));
#3251=CARTESIAN_POINT('Ctrl Pts',(0.149914089863374,0.6,-0.166363682069131));
#3252=CARTESIAN_POINT('Ctrl Pts',(0.152926603829321,0.6,-0.172098489724526));
#3253=CARTESIAN_POINT('Ctrl Pts',(0.154366987179487,0.6,-0.174840492436085));
#3254=CARTESIAN_POINT('',(0.154366987179487,0.6,-0.174840492436085));
#3255=CARTESIAN_POINT('',(0.539282852564103,0.6,0.0751595075639154));
#3256=CARTESIAN_POINT('',(0.497566105769231,0.6,0.0751595075639154));
#3257=CARTESIAN_POINT('',(0.539282852564103,0.6,0.0751595075639154));
#3258=CARTESIAN_POINT('',(0.434615384615385,0.6,-0.174840492436085));
#3259=CARTESIAN_POINT('',(0.497566105769231,0.6,0.0751595075639154));
#3260=CARTESIAN_POINT('',(0.471023637820513,0.6,-0.174840492436085));
#3261=CARTESIAN_POINT('',(0.434615384615385,0.6,-0.174840492436085));
#3262=CARTESIAN_POINT('',(0.508133012820513,0.6,-0.0104274315386487));
#3263=CARTESIAN_POINT('',(0.471023637820513,0.6,-0.174840492436085));
#3264=CARTESIAN_POINT('',(0.519551282051283,0.6,0.0402035780767359));
#3265=CARTESIAN_POINT('Ctrl Pts',(0.508133012820513,0.6,-0.0104274315386487));
#3266=CARTESIAN_POINT('Ctrl Pts',(0.510056251440197,0.6,-0.00194798588177586));
#3267=CARTESIAN_POINT('Ctrl Pts',(0.513883093992931,0.6,0.0149243372564972));
#3268=CARTESIAN_POINT('Ctrl Pts',(0.517668359820369,0.6,0.0318060365641675));
#3269=CARTESIAN_POINT('Ctrl Pts',(0.519551282051283,0.6,0.0402035780767359));
#3270=CARTESIAN_POINT('',(0.532421875000001,0.6,-0.00421749564121285));
#3271=CARTESIAN_POINT('Ctrl Pts',(0.519551282051283,0.6,0.0402035780767359));
#3272=CARTESIAN_POINT('Ctrl Pts',(0.520442786647898,0.6,0.0371840299879608));
#3273=CARTESIAN_POINT('Ctrl Pts',(0.522125784876326,0.6,0.0314836734184501));
#3274=CARTESIAN_POINT('Ctrl Pts',(0.524400872323186,0.6,0.0234028686748912));
#3275=CARTESIAN_POINT('Ctrl Pts',(0.526467261353581,0.6,0.0163501669795468));
#3276=CARTESIAN_POINT('Ctrl Pts',(0.528227718755572,0.6,0.0102926897061914));
#3277=CARTESIAN_POINT('Ctrl Pts',(0.529653154318303,0.6,0.00522192644673059));
#3278=CARTESIAN_POINT('Ctrl Pts',(0.530883859183293,0.6,0.00120018650030883));
#3279=CARTESIAN_POINT('Ctrl Pts',(0.531722692247758,0.6,-0.00185128893655301));
#3280=CARTESIAN_POINT('Ctrl Pts',(0.532219786235593,0.6,-0.00353357746996928));
#3281=CARTESIAN_POINT('Ctrl Pts',(0.532421875000001,0.6,-0.00421749564121285));
#3282=CARTESIAN_POINT('',(0.581800881410257,0.6,-0.174840492436085));
#3283=CARTESIAN_POINT('',(0.532421875000001,0.6,-0.00421749564121285));
#3284=CARTESIAN_POINT('',(0.624218750000001,0.6,-0.174840492436085));
#3285=CARTESIAN_POINT('',(0.581800881410257,0.6,-0.174840492436085));
#3286=CARTESIAN_POINT('',(0.659925881410257,0.6,-0.049590091795059));
#3287=CARTESIAN_POINT('',(0.624218750000001,0.6,-0.174840492436085));
#3288=CARTESIAN_POINT('',(0.679807692307693,0.6,0.0402035780767359));
#3289=CARTESIAN_POINT('Ctrl Pts',(0.659925881410257,0.6,-0.049590091795059));
#3290=CARTESIAN_POINT('Ctrl Pts',(0.661896417845222,0.6,-0.0418526132792938));
#3291=CARTESIAN_POINT('Ctrl Pts',(0.665781889233114,0.6,-0.0265959801848826));
#3292=CARTESIAN_POINT('Ctrl Pts',(0.670944365088386,0.6,-0.00387066004118245));
#3293=CARTESIAN_POINT('Ctrl Pts',(0.675709165314541,0.6,0.0183033392350188));
#3294=CARTESIAN_POINT('Ctrl Pts',(0.678453779717459,0.6,0.0329690254810193));
#3295=CARTESIAN_POINT('Ctrl Pts',(0.679807692307693,0.6,0.0402035780767359));
#3296=CARTESIAN_POINT('',(0.691426282051283,0.6,-0.0113789539745462));
#3297=CARTESIAN_POINT('Ctrl Pts',(0.679807692307693,0.6,0.0402035780767359));
#3298=CARTESIAN_POINT('Ctrl Pts',(0.680637746292872,0.6,0.0364966041981541));
#3299=CARTESIAN_POINT('Ctrl Pts',(0.682384512540375,0.6,0.028695645504987));
#3300=CARTESIAN_POINT('Ctrl Pts',(0.685236879325253,0.6,0.0164109779567465));
#3301=CARTESIAN_POINT('Ctrl Pts',(0.688188958843778,0.6,0.00290335859476497));
#3302=CARTESIAN_POINT('Ctrl Pts',(0.690317953693604,0.6,-0.00648926857115298));
#3303=CARTESIAN_POINT('Ctrl Pts',(0.691426282051283,0.6,-0.0113789539745462));
#3304=CARTESIAN_POINT('',(0.728335336538462,0.6,-0.174840492436085));
#3305=CARTESIAN_POINT('',(0.691426282051283,0.6,-0.0113789539745462));
#3306=CARTESIAN_POINT('',(0.76474358974359,0.6,-0.174840492436085));
#3307=CARTESIAN_POINT('',(0.728335336538462,0.6,-0.174840492436085));
#3308=CARTESIAN_POINT('',(0.701742788461539,0.6,0.0751595075639154));
#3309=CARTESIAN_POINT('',(0.76474358974359,0.6,-0.174840492436085));
#3310=CARTESIAN_POINT('',(0.66298076923077,0.6,0.0751595075639154));
#3311=CARTESIAN_POINT('',(0.701742788461539,0.6,0.0751595075639154));
#3312=CARTESIAN_POINT('',(0.610747195512821,0.6,-0.115896181538649));
#3313=CARTESIAN_POINT('',(0.66298076923077,0.6,0.0751595075639154));
#3314=CARTESIAN_POINT('',(0.602884615384616,0.6,-0.144642175128392));
#3315=CARTESIAN_POINT('Ctrl Pts',(0.610747195512821,0.6,-0.115896181538649));
#3316=CARTESIAN_POINT('Ctrl Pts',(0.61022269519112,0.6,-0.117763928464033));
#3317=CARTESIAN_POINT('Ctrl Pts',(0.609226339886568,0.6,-0.1213119521347));
#3318=CARTESIAN_POINT('Ctrl Pts',(0.607920351437458,0.6,-0.126375102168115));
#3319=CARTESIAN_POINT('Ctrl Pts',(0.606625242112145,0.6,-0.130827934304215));
#3320=CARTESIAN_POINT('Ctrl Pts',(0.605595110348678,0.6,-0.134727994096643));
#3321=CARTESIAN_POINT('Ctrl Pts',(0.604703617557815,0.6,-0.138035981063178));
#3322=CARTESIAN_POINT('Ctrl Pts',(0.603914162558047,0.6,-0.140742209978355));
#3323=CARTESIAN_POINT('Ctrl Pts',(0.603406406329557,0.6,-0.142899646060056));
#3324=CARTESIAN_POINT('Ctrl Pts',(0.603039220608619,0.6,-0.144125868550913));
#3325=CARTESIAN_POINT('Ctrl Pts',(0.602884615384616,0.6,-0.144642175128392));
#3326=CARTESIAN_POINT('',(0.593419471153847,0.6,-0.111889771282238));
#3327=CARTESIAN_POINT('Ctrl Pts',(0.602884615384616,0.6,-0.144642175128392));
#3328=CARTESIAN_POINT('Ctrl Pts',(0.601957610520415,0.6,-0.141368007895975));
#3329=CARTESIAN_POINT('Ctrl Pts',(0.600206026907823,0.6,-0.13518144093106));
#3330=CARTESIAN_POINT('Ctrl Pts',(0.597612012515317,0.6,-0.126472049494791));
#3331=CARTESIAN_POINT('Ctrl Pts',(0.595435361882707,0.6,-0.118813854701924));
#3332=CARTESIAN_POINT('Ctrl Pts',(0.594055968572111,0.6,-0.114075981654349));
#3333=CARTESIAN_POINT('Ctrl Pts',(0.593419471153847,0.6,-0.111889771282238));
#3334=CARTESIAN_POINT('',(0.593419471153847,0.6,-0.111889771282238));
#3335=CARTESIAN_POINT('',(0.279417067307693,0.6,0.0542760941023769));
#3336=CARTESIAN_POINT('',(0.255128205128205,0.6,-0.0481377680771103));
#3337=CARTESIAN_POINT('Ctrl Pts',(0.279417067307693,0.6,0.0542760941023769));
#3338=CARTESIAN_POINT('Ctrl Pts',(0.277435742300402,0.6,0.051418003712091));
#3339=CARTESIAN_POINT('Ctrl Pts',(0.273350165321372,0.6,0.0455244989818864));
#3340=CARTESIAN_POINT('Ctrl Pts',(0.2685683517072,0.6,0.0354755267242198));
#3341=CARTESIAN_POINT('Ctrl Pts',(0.264302889302476,0.6,0.0244130191737599));
#3342=CARTESIAN_POINT('Ctrl Pts',(0.260955283365061,0.6,0.012119931243797));
#3343=CARTESIAN_POINT('Ctrl Pts',(0.258333273427227,0.6,-0.0013058979824582));
#3344=CARTESIAN_POINT('Ctrl Pts',(0.256439527617005,0.6,-0.0158908128418198));
#3345=CARTESIAN_POINT('Ctrl Pts',(0.255367853925805,0.6,-0.0316285121699212));
#3346=CARTESIAN_POINT('Ctrl Pts',(0.255209891371179,0.6,-0.0425104538453797));
#3347=CARTESIAN_POINT('Ctrl Pts',(0.255128205128205,0.6,-0.0481377680771103));
#3348=CARTESIAN_POINT('',(0.335256410256411,0.6,-0.174840492436085));
#3349=CARTESIAN_POINT('Ctrl Pts',(0.255128205128205,0.6,-0.0481377680771103));
#3350=CARTESIAN_POINT('Ctrl Pts',(0.255160496801879,0.6,-0.0517104975555957));
#3351=CARTESIAN_POINT('Ctrl Pts',(0.25522374259221,0.6,-0.0587079700863846));
#3352=CARTESIAN_POINT('Ctrl Pts',(0.255616035683639,0.6,-0.0689465294527074));
#3353=CARTESIAN_POINT('Ctrl Pts',(0.256300947633279,0.6,-0.0786696653398807));
#3354=CARTESIAN_POINT('Ctrl Pts',(0.257323332621959,0.6,-0.0878689336587045));
#3355=CARTESIAN_POINT('Ctrl Pts',(0.258534027993529,0.6,-0.0965650989655403));
#3356=CARTESIAN_POINT('Ctrl Pts',(0.260107939614526,0.6,-0.104745750935664));
#3357=CARTESIAN_POINT('Ctrl Pts',(0.261878818997285,0.6,-0.112429244179693));
#3358=CARTESIAN_POINT('Ctrl Pts',(0.264003556467318,0.6,-0.119607569900614));
#3359=CARTESIAN_POINT('Ctrl Pts',(0.26633794737867,0.6,-0.126342448632488));
#3360=CARTESIAN_POINT('Ctrl Pts',(0.268986388341977,0.6,-0.132623076109329));
#3361=CARTESIAN_POINT('Ctrl Pts',(0.271966243696637,0.6,-0.138442793387732));
#3362=CARTESIAN_POINT('Ctrl Pts',(0.275131072073569,0.6,-0.143861954199966));
#3363=CARTESIAN_POINT('Ctrl Pts',(0.278647476526613,0.6,-0.148796268292496));
#3364=CARTESIAN_POINT('Ctrl Pts',(0.282303213933955,0.6,-0.153384212718566));
#3365=CARTESIAN_POINT('Ctrl Pts',(0.286363961462901,0.6,-0.157457529654297));
#3366=CARTESIAN_POINT('Ctrl Pts',(0.290660864520309,0.6,-0.161121025913578));
#3367=CARTESIAN_POINT('Ctrl Pts',(0.295257196117745,0.6,-0.164353847864976));
#3368=CARTESIAN_POINT('Ctrl Pts',(0.30012863709779,0.6,-0.167143383275369));
#3369=CARTESIAN_POINT('Ctrl Pts',(0.305256443480752,0.6,-0.169606341906306));
#3370=CARTESIAN_POINT('Ctrl Pts',(0.31073834558561,0.6,-0.17146045652024));
#3371=CARTESIAN_POINT('Ctrl Pts',(0.316460540178236,0.6,-0.172971952985256));
#3372=CARTESIAN_POINT('Ctrl Pts',(0.322467073745189,0.6,-0.174083828111825));
#3373=CARTESIAN_POINT('Ctrl Pts',(0.328764565393809,0.6,-0.174739316022664));
#3374=CARTESIAN_POINT('Ctrl Pts',(0.333068015715542,0.6,-0.174806385966278));
#3375=CARTESIAN_POINT('Ctrl Pts',(0.335256410256411,0.6,-0.174840492436085));
#3376=CARTESIAN_POINT('',(0.415384615384616,0.6,-0.0481377680771103));
#3377=CARTESIAN_POINT('Ctrl Pts',(0.335256410256411,0.6,-0.174840492436085));
#3378=CARTESIAN_POINT('Ctrl Pts',(0.338467069683204,0.6,-0.174746101321218));
#3379=CARTESIAN_POINT('Ctrl Pts',(0.344774538910016,0.6,-0.174560666189938));
#3380=CARTESIAN_POINT('Ctrl Pts',(0.353983476553619,0.6,-0.173048290907895));
#3381=CARTESIAN_POINT('Ctrl Pts',(0.362662306753008,0.6,-0.17046113989635));
#3382=CARTESIAN_POINT('Ctrl Pts',(0.370805390935416,0.6,-0.166970961572761));
#3383=CARTESIAN_POINT('Ctrl Pts',(0.378273524338276,0.6,-0.162537763359261));
#3384=CARTESIAN_POINT('Ctrl Pts',(0.384942882238105,0.6,-0.157148535511845));
#3385=CARTESIAN_POINT('Ctrl Pts',(0.39074152483708,0.6,-0.15085986385864));
#3386=CARTESIAN_POINT('Ctrl Pts',(0.395606168924018,0.6,-0.143597229702593));
#3387=CARTESIAN_POINT('Ctrl Pts',(0.399858353427514,0.6,-0.135560984994026));
#3388=CARTESIAN_POINT('Ctrl Pts',(0.403635900797044,0.6,-0.126715060102075));
#3389=CARTESIAN_POINT('Ctrl Pts',(0.407050693899292,0.6,-0.117069367884518));
#3390=CARTESIAN_POINT('Ctrl Pts',(0.409473905422457,0.6,-0.10843512679853));
#3391=CARTESIAN_POINT('Ctrl Pts',(0.411202380212255,0.6,-0.100981743523958));
#3392=CARTESIAN_POINT('Ctrl Pts',(0.41234649319042,0.6,-0.0948344038414864));
#3393=CARTESIAN_POINT('Ctrl Pts',(0.41329633633346,0.6,-0.0882013897161493));
#3394=CARTESIAN_POINT('Ctrl Pts',(0.414024044547437,0.6,-0.0810987481946756));
#3395=CARTESIAN_POINT('Ctrl Pts',(0.414621111967041,0.6,-0.073534445521545));
#3396=CARTESIAN_POINT('Ctrl Pts',(0.415082199771825,0.6,-0.0655037720172038));
#3397=CARTESIAN_POINT('Ctrl Pts',(0.415316249043226,0.6,-0.0569866563795383));
#3398=CARTESIAN_POINT('Ctrl Pts',(0.415361399387506,0.6,-0.0511426936161235));
#3399=CARTESIAN_POINT('Ctrl Pts',(0.415384615384616,0.6,-0.0481377680771103));
#3400=CARTESIAN_POINT('',(0.335256410256411,0.6,0.0783646357690436));
#3401=CARTESIAN_POINT('Ctrl Pts',(0.415384615384616,0.6,-0.0481377680771103));
#3402=CARTESIAN_POINT('Ctrl Pts',(0.415351718834726,0.6,-0.0445818202313921));
#3403=CARTESIAN_POINT('Ctrl Pts',(0.415287448949181,0.6,-0.0376345761642525));
#3404=CARTESIAN_POINT('Ctrl Pts',(0.414905667536257,0.6,-0.0274781127927057));
#3405=CARTESIAN_POINT('Ctrl Pts',(0.414179484840355,0.6,-0.0178283332320251));
#3406=CARTESIAN_POINT('Ctrl Pts',(0.413285903765677,0.6,-0.00866313264483622));
#3407=CARTESIAN_POINT('Ctrl Pts',(0.411934102770123,0.6,-6.9778031097971E-6));
#3408=CARTESIAN_POINT('Ctrl Pts',(0.410477463955615,0.6,0.00817690900497455));
#3409=CARTESIAN_POINT('Ctrl Pts',(0.408675961550028,0.6,0.0158513657258268));
#3410=CARTESIAN_POINT('Ctrl Pts',(0.406574031191043,0.6,0.023019755876038));
#3411=CARTESIAN_POINT('Ctrl Pts',(0.404206780310346,0.6,0.0297199833212275));
#3412=CARTESIAN_POINT('Ctrl Pts',(0.401610723407625,0.6,0.0360026846557782));
#3413=CARTESIAN_POINT('Ctrl Pts',(0.398735341116853,0.6,0.0418635668306998));
#3414=CARTESIAN_POINT('Ctrl Pts',(0.395495051201217,0.6,0.0472454657408899));
#3415=CARTESIAN_POINT('Ctrl Pts',(0.392038111603182,0.6,0.0522198170838636));
#3416=CARTESIAN_POINT('Ctrl Pts',(0.388339203915617,0.6,0.0568052807697437));
#3417=CARTESIAN_POINT('Ctrl Pts',(0.384319906965179,0.6,0.0609358587219153));
#3418=CARTESIAN_POINT('Ctrl Pts',(0.379984282118694,0.6,0.0645883664639031));
#3419=CARTESIAN_POINT('Ctrl Pts',(0.375420222547612,0.6,0.0678785178810193));
#3420=CARTESIAN_POINT('Ctrl Pts',(0.37053693820271,0.6,0.0706955944278763));
#3421=CARTESIAN_POINT('Ctrl Pts',(0.365355802458448,0.6,0.073029493416647));
#3422=CARTESIAN_POINT('Ctrl Pts',(0.359911432477799,0.6,0.0750248611005129));
#3423=CARTESIAN_POINT('Ctrl Pts',(0.354148587272922,0.6,0.0764869495047953));
#3424=CARTESIAN_POINT('Ctrl Pts',(0.348112712104802,0.6,0.0776061553315354));
#3425=CARTESIAN_POINT('Ctrl Pts',(0.341781567618594,0.6,0.0782652247720533));
#3426=CARTESIAN_POINT('Ctrl Pts',(0.337461471921912,0.6,0.0783310415786777));
#3427=CARTESIAN_POINT('Ctrl Pts',(0.335256410256411,0.6,0.0783646357690436));
#3428=CARTESIAN_POINT('Ctrl Pts',(0.335256410256411,0.6,0.0783646357690436));
#3429=CARTESIAN_POINT('Ctrl Pts',(0.332365318742261,0.6,0.0782821672307301));
#3430=CARTESIAN_POINT('Ctrl Pts',(0.326728486021156,0.6,0.0781213762793015));
#3431=CARTESIAN_POINT('Ctrl Pts',(0.318496307467993,0.6,0.0770289008041083));
#3432=CARTESIAN_POINT('Ctrl Pts',(0.310769968796426,0.6,0.0751060926741059));
#3433=CARTESIAN_POINT('Ctrl Pts',(0.30348430276439,0.6,0.0725273358436609));
#3434=CARTESIAN_POINT('Ctrl Pts',(0.29672120225016,0.6,0.0690781000839674));
#3435=CARTESIAN_POINT('Ctrl Pts',(0.290448376138004,0.6,0.064881431250975));
#3436=CARTESIAN_POINT('Ctrl Pts',(0.284539776509346,0.6,0.0600349692775777));
#3437=CARTESIAN_POINT('Ctrl Pts',(0.281138427354085,0.6,0.05621122202952));
#3438=CARTESIAN_POINT('Ctrl Pts',(0.279417067307693,0.6,0.0542760941023769));
#3439=CARTESIAN_POINT('',(-0.180769230769231,0.6,0.0751595075639154));
#3440=CARTESIAN_POINT('',(-0.216025641025641,0.6,0.0751595075639154));
#3441=CARTESIAN_POINT('',(-0.180769230769231,0.6,0.0751595075639154));
#3442=CARTESIAN_POINT('',(-0.216025641025641,0.6,-0.174840492436085));
#3443=CARTESIAN_POINT('',(-0.216025641025641,0.6,0.0751595075639154));
#3444=CARTESIAN_POINT('',(-0.16299078525641,0.6,-0.174840492436085));
#3445=CARTESIAN_POINT('',(-0.216025641025641,0.6,-0.174840492436085));
#3446=CARTESIAN_POINT('',(-0.107101362179487,0.6,0.000590196666479468));
#3447=CARTESIAN_POINT('',(-0.16299078525641,0.6,-0.174840492436085));
#3448=CARTESIAN_POINT('',(-0.0958333333333332,0.6,0.0372989306408384));
#3449=CARTESIAN_POINT('Ctrl Pts',(-0.107101362179487,0.6,0.000590196666479468));
#3450=CARTESIAN_POINT('Ctrl Pts',(-0.10648629670255,0.6,0.00257752064395847));
#3451=CARTESIAN_POINT('Ctrl Pts',(-0.10529679587435,0.6,0.00642088953028734));
#3452=CARTESIAN_POINT('Ctrl Pts',(-0.103532907270436,0.6,0.0119710678539036));
#3453=CARTESIAN_POINT('Ctrl Pts',(-0.101928064349096,0.6,0.0171287145293605));
#3454=CARTESIAN_POINT('Ctrl Pts',(-0.10048265058979,0.6,0.0219102466180965));
#3455=CARTESIAN_POINT('Ctrl Pts',(-0.099118594950725,0.6,0.0262919240318902));
#3456=CARTESIAN_POINT('Ctrl Pts',(-0.0979375376971253,0.6,0.0303097016656691));
#3457=CARTESIAN_POINT('Ctrl Pts',(-0.0968084085385831,0.6,0.0339189330783104));
#3458=CARTESIAN_POINT('Ctrl Pts',(-0.0961466883969257,0.6,0.0362127176539363));
#3459=CARTESIAN_POINT('Ctrl Pts',(-0.0958333333333332,0.6,0.0372989306408384));
#3460=CARTESIAN_POINT('',(-0.0835637019230767,0.6,-0.00241461102582824));
#3461=CARTESIAN_POINT('Ctrl Pts',(-0.0958333333333332,0.6,0.0372989306408384));
#3462=CARTESIAN_POINT('Ctrl Pts',(-0.0954843285564627,0.6,0.0361132341834192));
#3463=CARTESIAN_POINT('Ctrl Pts',(-0.0947416240725719,0.6,0.033589996297235));
#3464=CARTESIAN_POINT('Ctrl Pts',(-0.0935375813794266,0.6,0.029622637252888));
#3465=CARTESIAN_POINT('Ctrl Pts',(-0.0922564456731138,0.6,0.0252323080411097));
#3466=CARTESIAN_POINT('Ctrl Pts',(-0.0907233189287951,0.6,0.0204944712613387));
#3467=CARTESIAN_POINT('Ctrl Pts',(-0.0891252157430048,0.6,0.015334805125939));
#3468=CARTESIAN_POINT('Ctrl Pts',(-0.0874477984635132,0.6,0.00975759457096602));
#3469=CARTESIAN_POINT('Ctrl Pts',(-0.0855129302966324,0.6,0.00381852135517674));
#3470=CARTESIAN_POINT('Ctrl Pts',(-0.0842271137017906,0.6,-0.000293190316002359));
#3471=CARTESIAN_POINT('Ctrl Pts',(-0.0835637019230767,0.6,-0.00241461102582824));
#3472=CARTESIAN_POINT('',(-0.0282251602564101,0.6,-0.174840492436085));
#3473=CARTESIAN_POINT('',(-0.0835637019230767,0.6,-0.00241461102582824));
#3474=CARTESIAN_POINT('',(0.0243589743589745,0.6,-0.174840492436085));
#3475=CARTESIAN_POINT('',(-0.0282251602564101,0.6,-0.174840492436085));
#3476=CARTESIAN_POINT('',(0.0243589743589745,0.6,0.0751595075639154));
#3477=CARTESIAN_POINT('',(0.0243589743589745,0.6,-0.174840492436085));
#3478=CARTESIAN_POINT('',(-0.0108974358974357,0.6,0.0751595075639154));
#3479=CARTESIAN_POINT('',(0.0243589743589745,0.6,0.0751595075639154));
#3480=CARTESIAN_POINT('',(-0.0108974358974357,0.6,-0.136378953974546));
#3481=CARTESIAN_POINT('',(-0.0108974358974357,0.6,0.0751595075639154));
#3482=CARTESIAN_POINT('',(-0.0776041666666665,0.6,0.0751595075639154));
#3483=CARTESIAN_POINT('',(-0.0108974358974357,0.6,-0.136378953974546));
#3484=CARTESIAN_POINT('',(-0.114463141025641,0.6,0.0751595075639154));
#3485=CARTESIAN_POINT('',(-0.0776041666666665,0.6,0.0751595075639154));
#3486=CARTESIAN_POINT('',(-0.180769230769231,0.6,-0.136378953974546));
#3487=CARTESIAN_POINT('',(-0.114463141025641,0.6,0.0751595075639154));
#3488=CARTESIAN_POINT('',(-0.180769230769231,0.6,-0.136378953974546));
#3489=CARTESIAN_POINT('',(-0.667948717948718,0.6,0.0751595075639154));
#3490=CARTESIAN_POINT('',(-0.705358573717949,0.6,0.0751595075639154));
#3491=CARTESIAN_POINT('',(-0.667948717948718,0.6,0.0751595075639154));
#3492=CARTESIAN_POINT('',(-0.606099759615384,0.6,-0.174840492436085));
#3493=CARTESIAN_POINT('',(-0.705358573717949,0.6,0.0751595075639154));
#3494=CARTESIAN_POINT('',(-0.566336137820513,0.6,-0.174840492436085));
#3495=CARTESIAN_POINT('',(-0.606099759615384,0.6,-0.174840492436085));
#3496=CARTESIAN_POINT('',(-0.467077323717948,0.6,0.0751595075639154));
#3497=CARTESIAN_POINT('',(-0.566336137820513,0.6,-0.174840492436085));
#3498=CARTESIAN_POINT('',(-0.504487179487179,0.6,0.0751595075639154));
#3499=CARTESIAN_POINT('',(-0.467077323717948,0.6,0.0751595075639154));
#3500=CARTESIAN_POINT('',(-0.532932692307692,0.6,-0.00176356935916156));
#3501=CARTESIAN_POINT('',(-0.504487179487179,0.6,0.0751595075639154));
#3502=CARTESIAN_POINT('',(-0.639503205128205,0.6,-0.00176356935916156));
#3503=CARTESIAN_POINT('',(-0.532932692307692,0.6,-0.00176356935916156));
#3504=CARTESIAN_POINT('',(-0.639503205128205,0.6,-0.00176356935916156));
#3505=CARTESIAN_POINT('Origin',(-1.33228756555323,0.45,1.08228756555323));
#3506=CARTESIAN_POINT('',(-1.25,0.45,-0.9));
#3507=CARTESIAN_POINT('',(-1.25,0.45,0.900000000000001));
#3508=CARTESIAN_POINT('',(-1.25,0.45,-1.08228756555323));
#3509=CARTESIAN_POINT('',(-1.15,0.45,1.));
#3510=CARTESIAN_POINT('Origin',(-1.33228756555323,0.45,1.08228756555323));
#3511=CARTESIAN_POINT('',(1.15,0.45,1.));
#3512=CARTESIAN_POINT('',(1.33228756555323,0.45,1.));
#3513=CARTESIAN_POINT('',(1.25,0.45,0.900000000000001));
#3514=CARTESIAN_POINT('Origin',(1.33228756555323,0.45,1.08228756555323));
#3515=CARTESIAN_POINT('',(1.25,0.45,-0.9));
#3516=CARTESIAN_POINT('',(1.25,0.45,-1.08228756555323));
#3517=CARTESIAN_POINT('',(1.15,0.45,-1.));
#3518=CARTESIAN_POINT('Origin',(1.33228756555323,0.45,-1.08228756555323));
#3519=CARTESIAN_POINT('',(-1.15,0.45,-1.));
#3520=CARTESIAN_POINT('',(1.33228756555323,0.45,-1.));
#3521=CARTESIAN_POINT('Origin',(-1.33228756555323,0.45,-1.08228756555323));
#3522=CARTESIAN_POINT('',(1.125,0.45,0.75));
#3523=CARTESIAN_POINT('',(1.125,0.45,-0.75));
#3524=CARTESIAN_POINT('',(1.125,0.45,-0.875));
#3525=CARTESIAN_POINT('',(1.,0.45,0.875));
#3526=CARTESIAN_POINT('Origin',(1.,0.45,0.75));
#3527=CARTESIAN_POINT('',(-1.,0.45,0.875));
#3528=CARTESIAN_POINT('',(-1.125,0.45,0.875));
#3529=CARTESIAN_POINT('',(-1.125,0.45,0.75));
#3530=CARTESIAN_POINT('Origin',(-1.,0.45,0.75));
#3531=CARTESIAN_POINT('',(-1.125,0.45,-0.75));
#3532=CARTESIAN_POINT('',(-1.125,0.45,-0.875));
#3533=CARTESIAN_POINT('',(-1.,0.45,-0.875));
#3534=CARTESIAN_POINT('Origin',(-1.,0.45,-0.75));
#3535=CARTESIAN_POINT('',(1.,0.45,-0.875));
#3536=CARTESIAN_POINT('',(-1.125,0.45,-0.875));
#3537=CARTESIAN_POINT('Origin',(1.,0.45,-0.75));
#3538=CARTESIAN_POINT('Origin',(1.33228756555323,0.,-1.08228756555323));
#3539=CARTESIAN_POINT('',(1.0437936201136,-0.000254234680703455,-1.));
#3540=CARTESIAN_POINT('',(-1.0437936201136,2.34680703443988E-7,-1.));
#3541=CARTESIAN_POINT('',(-1.15,0.,-1.));
#3542=CARTESIAN_POINT('',(1.09402039734771,-0.000254234680703455,-0.9));
#3543=CARTESIAN_POINT('Origin',(1.33228756555323,-0.000254,-1.08228756555323));
#3544=CARTESIAN_POINT('',(0.400000000000001,-0.000254,-0.9));
#3545=CARTESIAN_POINT('',(0.,-0.000254,-0.9));
#3546=CARTESIAN_POINT('',(0.400000000000001,-0.000254,-0.325));
#3547=CARTESIAN_POINT('',(0.400000000000001,-0.000254,3.77113799125394E-17));
#3548=CARTESIAN_POINT('',(1.15,-0.000126999761027094,-0.325));
#3549=CARTESIAN_POINT('',(2.34910470705193E-17,-0.000254,-0.325000000000001));
#3550=CARTESIAN_POINT('',(1.15,0.,-0.844020397347711));
#3551=CARTESIAN_POINT('',(1.15,0.,0.));
#3552=CARTESIAN_POINT('',(1.25,2.3468070357211E-7,-0.793793620113602));
#3553=CARTESIAN_POINT('Origin',(1.33228756555323,0.,-1.08228756555323));
#3554=CARTESIAN_POINT('',(1.25,2.3468070358529E-7,0.793793620113602));
#3555=CARTESIAN_POINT('',(1.25,0.,-0.9));
#3556=CARTESIAN_POINT('',(1.15,2.3468070358529E-7,0.844020397347711));
#3557=CARTESIAN_POINT('Origin',(1.33228756555323,0.,1.08228756555323));
#3558=CARTESIAN_POINT('',(1.15,-0.000127,0.325000000000001));
#3559=CARTESIAN_POINT('',(1.15,0.,-4.33680868994202E-16));
#3560=CARTESIAN_POINT('',(0.400000000000001,-0.000254,0.325000000000001));
#3561=CARTESIAN_POINT('',(7.0473141211558E-17,-0.000254,0.325000000000001));
#3562=CARTESIAN_POINT('',(0.400000000000001,-0.000254,0.900000000000001));
#3563=CARTESIAN_POINT('',(0.400000000000001,-0.000254,-1.50845519650157E-16));
#3564=CARTESIAN_POINT('',(1.09402039734771,-0.000126999760585501,0.9));
#3565=CARTESIAN_POINT('',(2.60208521396521E-16,-0.000254,0.900000000000001));
#3566=CARTESIAN_POINT('',(1.0437936201136,2.3468070357211E-7,1.));
#3567=CARTESIAN_POINT('Origin',(1.33228756555323,0.,1.08228756555323));
#3568=CARTESIAN_POINT('',(-1.0437936201136,2.34680703449629E-7,1.));
#3569=CARTESIAN_POINT('',(-1.15,0.,1.));
#3570=CARTESIAN_POINT('',(-1.09402039734771,2.34680703449629E-7,0.900000000000001));
#3571=CARTESIAN_POINT('Origin',(-1.33228756555323,0.,1.08228756555323));
#3572=CARTESIAN_POINT('',(-0.4,-0.000127,0.900000000000001));
#3573=CARTESIAN_POINT('',(0.,0.,0.900000000000001));
#3574=CARTESIAN_POINT('',(-0.4,-0.000254,0.500000000000002));
#3575=CARTESIAN_POINT('',(-0.4,-0.000254,0.));
#3576=CARTESIAN_POINT('',(-0.575000000000001,-0.000254,0.325000000000001));
#3577=CARTESIAN_POINT('',(-0.4,-0.000254,0.500000000000002));
#3578=CARTESIAN_POINT('',(-1.15,-0.000254,0.325000000000001));
#3579=CARTESIAN_POINT('',(0.,-0.000254,0.325000000000001));
#3580=CARTESIAN_POINT('',(-1.15,-0.000126999760585501,0.844020397347711));
#3581=CARTESIAN_POINT('',(-1.15,-0.000254,4.33680868994202E-16));
#3582=CARTESIAN_POINT('',(-1.25,2.34680703446241E-7,0.793793620113603));
#3583=CARTESIAN_POINT('Origin',(-1.33228756555323,0.,1.08228756555323));
#3584=CARTESIAN_POINT('',(-1.25,2.3468070357211E-7,-0.793793620113602));
#3585=CARTESIAN_POINT('',(-1.25,0.,-0.9));
#3586=CARTESIAN_POINT('',(-1.15,2.3468070357211E-7,-0.84402039734771));
#3587=CARTESIAN_POINT('Origin',(-1.33228756555323,0.,-1.08228756555323));
#3588=CARTESIAN_POINT('',(-1.15,-0.000127,-0.325));
#3589=CARTESIAN_POINT('',(-1.15,0.,0.));
#3590=CARTESIAN_POINT('',(-0.4,-0.000254,-0.325));
#3591=CARTESIAN_POINT('',(-9.39641882820772E-17,-0.000254,-0.325));
#3592=CARTESIAN_POINT('',(-0.400000000000001,-0.000254,-0.9));
#3593=CARTESIAN_POINT('',(-0.4,-0.000254,1.13134139737618E-16));
#3594=CARTESIAN_POINT('',(-1.09402039734771,-0.000126999760585501,-0.9));
#3595=CARTESIAN_POINT('',(-2.60208521396521E-16,-0.000254,-0.9));
#3596=CARTESIAN_POINT('Origin',(-1.33228756555323,0.,-1.08228756555323));
#3597=CARTESIAN_POINT('Origin',(1.33228756555323,0.6,-1.08228756555323));
#3598=CARTESIAN_POINT('',(1.15,-0.000254,-1.));
#3599=CARTESIAN_POINT('',(1.15,0.6,-1.));
#3600=CARTESIAN_POINT('',(1.25,-0.000254,-0.9));
#3601=CARTESIAN_POINT('',(1.25,0.6,-0.9));
#3602=CARTESIAN_POINT('Origin',(1.33228756555323,-0.000254,-1.08228756555323));
#3603=CARTESIAN_POINT('Origin',(-1.15,0.6,-1.));
#3604=CARTESIAN_POINT('',(-1.15,-0.000254,-1.));
#3605=CARTESIAN_POINT('',(0.,-0.000254,-1.));
#3606=CARTESIAN_POINT('',(-1.15,0.6,-1.));
#3607=CARTESIAN_POINT('',(0.,-0.000254,-1.));
#3608=CARTESIAN_POINT('Origin',(-1.33228756555323,0.6,-1.08228756555323));
#3609=CARTESIAN_POINT('',(-1.25,-0.000254,-0.9));
#3610=CARTESIAN_POINT('',(-1.25,0.6,-0.9));
#3611=CARTESIAN_POINT('Origin',(-1.33228756555323,-0.000254,-1.08228756555323));
#3612=CARTESIAN_POINT('Origin',(-1.25,0.6,-0.9));
#3613=CARTESIAN_POINT('',(-1.25,-0.000254,0.900000000000001));
#3614=CARTESIAN_POINT('',(-1.25,-0.000254,2.55211168492233E-15));
#3615=CARTESIAN_POINT('',(-1.25,0.6,0.900000000000001));
#3616=CARTESIAN_POINT('',(-1.25,-0.000254,-2.55211168492233E-15));
#3617=CARTESIAN_POINT('Origin',(-1.33228756555323,0.6,1.08228756555323));
#3618=CARTESIAN_POINT('',(-1.15,-0.000254,1.));
#3619=CARTESIAN_POINT('',(-1.15,0.6,1.));
#3620=CARTESIAN_POINT('Origin',(-1.33228756555323,-0.000254,1.08228756555323));
#3621=CARTESIAN_POINT('Origin',(-1.15,0.6,1.));
#3622=CARTESIAN_POINT('',(1.15,-0.000254,1.));
#3623=CARTESIAN_POINT('',(0.,-0.000254,1.));
#3624=CARTESIAN_POINT('',(1.15,0.6,1.));
#3625=CARTESIAN_POINT('',(0.,-0.000254,1.));
#3626=CARTESIAN_POINT('Origin',(1.33228756555323,0.6,1.08228756555323));
#3627=CARTESIAN_POINT('',(1.25,-0.000254,0.900000000000001));
#3628=CARTESIAN_POINT('',(1.25,0.6,0.900000000000001));
#3629=CARTESIAN_POINT('Origin',(1.33228756555323,-0.000254,1.08228756555323));
#3630=CARTESIAN_POINT('Origin',(1.25,0.6,-0.9));
#3631=CARTESIAN_POINT('',(1.25,-0.000254,-2.55211168492233E-15));
#3632=CARTESIAN_POINT('',(1.25,-0.000254,2.55211168492233E-15));
#3633=CARTESIAN_POINT('Origin',(0.,-0.000254,0.));
#3634=CARTESIAN_POINT('Origin',(0.,-0.000254,0.));
#3635=CARTESIAN_POINT('Origin',(0.,-0.000254,0.));
#3636=CARTESIAN_POINT('Origin',(0.,-0.000254,0.));
#3637=CARTESIAN_POINT('Origin',(1.125,0.451,-0.875));
#3638=CARTESIAN_POINT('',(1.125,0.451,-0.75));
#3639=CARTESIAN_POINT('',(1.125,0.451,-0.75));
#3640=CARTESIAN_POINT('',(1.125,0.451,0.75));
#3641=CARTESIAN_POINT('',(1.125,0.451,-0.875));
#3642=CARTESIAN_POINT('',(1.125,0.451,0.75));
#3643=CARTESIAN_POINT('Origin',(-1.125,0.451,-0.875));
#3644=CARTESIAN_POINT('',(-1.,0.451,-0.875));
#3645=CARTESIAN_POINT('',(-1.,0.451,-0.875));
#3646=CARTESIAN_POINT('',(1.,0.451,-0.875));
#3647=CARTESIAN_POINT('',(-1.125,0.451,-0.875));
#3648=CARTESIAN_POINT('',(1.,0.451,-0.875));
#3649=CARTESIAN_POINT('Origin',(-1.125,0.451,-0.875));
#3650=CARTESIAN_POINT('',(-1.125,0.451,-0.75));
#3651=CARTESIAN_POINT('',(-1.125,0.451,0.75));
#3652=CARTESIAN_POINT('',(-1.125,0.451,-0.875));
#3653=CARTESIAN_POINT('',(-1.125,0.451,-0.75));
#3654=CARTESIAN_POINT('',(-1.125,0.451,0.75));
#3655=CARTESIAN_POINT('Origin',(-1.125,0.451,0.875));
#3656=CARTESIAN_POINT('',(1.,0.451,0.875));
#3657=CARTESIAN_POINT('',(1.,0.451,0.875));
#3658=CARTESIAN_POINT('',(-1.,0.451,0.875));
#3659=CARTESIAN_POINT('',(-1.125,0.451,0.875));
#3660=CARTESIAN_POINT('',(-1.,0.451,0.875));
#3661=CARTESIAN_POINT('Origin',(0.,0.451,0.));
#3662=CARTESIAN_POINT('Origin',(-1.,0.451,-0.75));
#3663=CARTESIAN_POINT('Origin',(-1.,0.451,0.75));
#3664=CARTESIAN_POINT('Origin',(1.,0.451,0.75));
#3665=CARTESIAN_POINT('Origin',(1.,0.451,-0.75));
#3666=CARTESIAN_POINT('',(0.875000000000001,0.451,0.75));
#3667=CARTESIAN_POINT('',(-0.875,0.451,0.75));
#3668=CARTESIAN_POINT('',(1.33228756555323,0.451,0.75));
#3669=CARTESIAN_POINT('',(-1.,0.451,0.625));
#3670=CARTESIAN_POINT('Origin',(-0.875,0.451,0.625));
#3671=CARTESIAN_POINT('',(-1.,0.451,-0.624999999999999));
#3672=CARTESIAN_POINT('',(-1.,0.451,-1.08228756555323));
#3673=CARTESIAN_POINT('',(-0.875,0.451,-0.749999999999999));
#3674=CARTESIAN_POINT('Origin',(-0.875,0.451,-0.624999999999999));
#3675=CARTESIAN_POINT('',(0.875000000000001,0.451,-0.75));
#3676=CARTESIAN_POINT('',(1.33228756555323,0.451,-0.75));
#3677=CARTESIAN_POINT('',(1.,0.451,-0.624999999999999));
#3678=CARTESIAN_POINT('Origin',(0.875000000000001,0.451,-0.624999999999999));
#3679=CARTESIAN_POINT('',(1.,0.451,0.625));
#3680=CARTESIAN_POINT('',(1.,0.451,-1.08228756555323));
#3681=CARTESIAN_POINT('Origin',(0.875000000000001,0.451,0.625));
#3682=CARTESIAN_POINT('Origin',(-1.,0.45,-1.08228756555323));
#3683=CARTESIAN_POINT('',(-1.,0.45,0.625));
#3684=CARTESIAN_POINT('',(-1.,0.45,-0.624999999999999));
#3685=CARTESIAN_POINT('Origin',(1.33228756555323,0.45,0.75));
#3686=CARTESIAN_POINT('',(-0.875,0.45,0.75));
#3687=CARTESIAN_POINT('',(0.875000000000001,0.45,0.75));
#3688=CARTESIAN_POINT('Origin',(1.,0.45,-1.08228756555323));
#3689=CARTESIAN_POINT('',(1.,0.45,0.625));
#3690=CARTESIAN_POINT('',(1.,0.45,-0.624999999999999));
#3691=CARTESIAN_POINT('Origin',(1.33228756555323,0.45,-0.75));
#3692=CARTESIAN_POINT('',(0.875000000000001,0.45,-0.75));
#3693=CARTESIAN_POINT('',(-0.875,0.45,-0.749999999999999));
#3694=CARTESIAN_POINT('Origin',(-1.,0.451,-0.75));
#3695=CARTESIAN_POINT('Origin',(1.,0.451,-0.75));
#3696=CARTESIAN_POINT('Origin',(1.,0.451,0.75));
#3697=CARTESIAN_POINT('Origin',(-1.,0.451,0.75));
#3698=CARTESIAN_POINT('Origin',(-0.875,0.45,0.625));
#3699=CARTESIAN_POINT('Origin',(0.875000000000001,0.45,0.625));
#3700=CARTESIAN_POINT('Origin',(0.875000000000001,0.45,-0.624999999999999));
#3701=CARTESIAN_POINT('Origin',(-0.875,0.45,-0.624999999999999));
#3702=CARTESIAN_POINT('Origin',(-0.667948717948718,0.597,0.0751595075639154));
#3703=CARTESIAN_POINT('',(-0.667948717948718,0.597,0.0751595075639154));
#3704=CARTESIAN_POINT('',(-0.667948717948718,0.597,0.0751595075639154));
#3705=CARTESIAN_POINT('',(-0.705358573717949,0.597,0.0751595075639154));
#3706=CARTESIAN_POINT('',(-0.667948717948718,0.597,0.0751595075639154));
#3707=CARTESIAN_POINT('',(-0.705358573717949,0.597,0.0751595075639154));
#3708=CARTESIAN_POINT('Origin',(-0.705358573717949,0.597,0.0751595075639154));
#3709=CARTESIAN_POINT('',(-0.606099759615384,0.597,-0.174840492436085));
#3710=CARTESIAN_POINT('',(-0.705358573717949,0.597,0.0751595075639154));
#3711=CARTESIAN_POINT('',(-0.606099759615384,0.597,-0.174840492436085));
#3712=CARTESIAN_POINT('Origin',(-0.606099759615384,0.597,-0.174840492436085));
#3713=CARTESIAN_POINT('',(-0.566336137820513,0.597,-0.174840492436085));
#3714=CARTESIAN_POINT('',(-0.606099759615384,0.597,-0.174840492436085));
#3715=CARTESIAN_POINT('',(-0.566336137820513,0.597,-0.174840492436085));
#3716=CARTESIAN_POINT('Origin',(-0.566336137820513,0.597,-0.174840492436085));
#3717=CARTESIAN_POINT('',(-0.467077323717948,0.597,0.0751595075639154));
#3718=CARTESIAN_POINT('',(-0.566336137820513,0.597,-0.174840492436085));
#3719=CARTESIAN_POINT('',(-0.467077323717948,0.597,0.0751595075639154));
#3720=CARTESIAN_POINT('Origin',(-0.467077323717948,0.597,0.0751595075639154));
#3721=CARTESIAN_POINT('',(-0.504487179487179,0.597,0.0751595075639154));
#3722=CARTESIAN_POINT('',(-0.467077323717948,0.597,0.0751595075639154));
#3723=CARTESIAN_POINT('',(-0.504487179487179,0.597,0.0751595075639154));
#3724=CARTESIAN_POINT('Origin',(-0.504487179487179,0.597,0.0751595075639154));
#3725=CARTESIAN_POINT('',(-0.532932692307692,0.597,-0.00176356935916156));
#3726=CARTESIAN_POINT('',(-0.504487179487179,0.597,0.0751595075639154));
#3727=CARTESIAN_POINT('',(-0.532932692307692,0.597,-0.00176356935916156));
#3728=CARTESIAN_POINT('Origin',(-0.532932692307692,0.597,-0.00176356935916156));
#3729=CARTESIAN_POINT('',(-0.639503205128205,0.597,-0.00176356935916156));
#3730=CARTESIAN_POINT('',(-0.532932692307692,0.597,-0.00176356935916156));
#3731=CARTESIAN_POINT('',(-0.639503205128205,0.597,-0.00176356935916156));
#3732=CARTESIAN_POINT('Origin',(-0.639503205128205,0.597,-0.00176356935916156));
#3733=CARTESIAN_POINT('',(-0.639503205128205,0.597,-0.00176356935916156));
#3734=CARTESIAN_POINT('Origin',(0.,0.597,0.));
#3735=CARTESIAN_POINT('',(-0.603295272435897,0.597,-0.0998204603848026));
#3736=CARTESIAN_POINT('',(-0.628886217948718,0.597,-0.0306097232053154));
#3737=CARTESIAN_POINT('',(-0.603295272435897,0.597,-0.0998204603848026));
#3738=CARTESIAN_POINT('',(-0.586217948717949,0.597,-0.145994338589931));
#3739=CARTESIAN_POINT('Ctrl Pts',(-0.586217948717949,0.597,-0.145994338589931));
#3740=CARTESIAN_POINT('Ctrl Pts',(-0.587174166641074,0.597,-0.142036863162149));
#3741=CARTESIAN_POINT('Ctrl Pts',(-0.589090545273376,0.597,-0.134105594395635));
#3742=CARTESIAN_POINT('Ctrl Pts',(-0.593102975547604,0.597,-0.122485221657826));
#3743=CARTESIAN_POINT('Ctrl Pts',(-0.597693056424048,0.597,-0.110971122473739));
#3744=CARTESIAN_POINT('Ctrl Pts',(-0.601420749033908,0.597,-0.103551515558179));
#3745=CARTESIAN_POINT('Ctrl Pts',(-0.603295272435897,0.597,-0.0998204603848026));
#3746=CARTESIAN_POINT('',(-0.567838541666666,0.597,-0.0963148514104436));
#3747=CARTESIAN_POINT('Ctrl Pts',(-0.567838541666666,0.597,-0.0963148514104436));
#3748=CARTESIAN_POINT('Ctrl Pts',(-0.568769689924424,0.597,-0.0988536080228691));
#3749=CARTESIAN_POINT('Ctrl Pts',(-0.570590260582334,0.597,-0.103817356553405));
#3750=CARTESIAN_POINT('Ctrl Pts',(-0.573305279924037,0.597,-0.111029264142051));
#3751=CARTESIAN_POINT('Ctrl Pts',(-0.575785677843787,0.597,-0.117877987596034));
#3752=CARTESIAN_POINT('Ctrl Pts',(-0.578217911689079,0.597,-0.124265326030879));
#3753=CARTESIAN_POINT('Ctrl Pts',(-0.580413532624903,0.597,-0.130284061957413));
#3754=CARTESIAN_POINT('Ctrl Pts',(-0.582437292719806,0.597,-0.135893541540581));
#3755=CARTESIAN_POINT('Ctrl Pts',(-0.584438774377758,0.597,-0.141054776212176));
#3756=CARTESIAN_POINT('Ctrl Pts',(-0.585639891675684,0.597,-0.144389465613929));
#3757=CARTESIAN_POINT('Ctrl Pts',(-0.586217948717949,0.597,-0.145994338589931));
#3758=CARTESIAN_POINT('',(-0.543549679487179,0.597,-0.0306097232053154));
#3759=CARTESIAN_POINT('',(-0.543549679487179,0.597,-0.0306097232053154));
#3760=CARTESIAN_POINT('',(-0.628886217948718,0.597,-0.0306097232053154));
#3761=CARTESIAN_POINT('Origin',(-0.603295272435897,0.597,-0.0998204603848026));
#3762=CARTESIAN_POINT('',(-0.603295272435897,0.6,-0.0998204603848026));
#3763=CARTESIAN_POINT('',(-0.628886217948718,0.6,-0.0306097232053154));
#3764=CARTESIAN_POINT('',(-0.603295272435897,0.6,-0.0998204603848026));
#3765=CARTESIAN_POINT('',(-0.603295272435897,0.597,-0.0998204603848026));
#3766=CARTESIAN_POINT('',(-0.628886217948718,0.597,-0.0306097232053154));
#3767=CARTESIAN_POINT('Ctrl Pts',(-0.586217948717949,0.597,-0.145994338589931));
#3768=CARTESIAN_POINT('Ctrl Pts',(-0.586217948717949,0.6006,-0.145994338589931));
#3769=CARTESIAN_POINT('Ctrl Pts',(-0.587174166641074,0.597,-0.142036863162149));
#3770=CARTESIAN_POINT('Ctrl Pts',(-0.587174166641074,0.6006,-0.142036863162149));
#3771=CARTESIAN_POINT('Ctrl Pts',(-0.589090545273376,0.597,-0.134105594395635));
#3772=CARTESIAN_POINT('Ctrl Pts',(-0.589090545273376,0.6006,-0.134105594395635));
#3773=CARTESIAN_POINT('Ctrl Pts',(-0.593102975547604,0.597,-0.122485221657826));
#3774=CARTESIAN_POINT('Ctrl Pts',(-0.593102975547604,0.6006,-0.122485221657826));
#3775=CARTESIAN_POINT('Ctrl Pts',(-0.597693056424048,0.597,-0.110971122473739));
#3776=CARTESIAN_POINT('Ctrl Pts',(-0.597693056424048,0.600600000000001,
-0.110971122473739));
#3777=CARTESIAN_POINT('Ctrl Pts',(-0.601420749033908,0.597,-0.103551515558179));
#3778=CARTESIAN_POINT('Ctrl Pts',(-0.601420749033908,0.6006,-0.103551515558179));
#3779=CARTESIAN_POINT('Ctrl Pts',(-0.603295272435897,0.597,-0.0998204603848026));
#3780=CARTESIAN_POINT('Ctrl Pts',(-0.603295272435897,0.6006,-0.0998204603848026));
#3781=CARTESIAN_POINT('',(-0.586217948717949,0.6,-0.145994338589931));
#3782=CARTESIAN_POINT('Ctrl Pts',(-0.586217948717949,0.6,-0.145994338589931));
#3783=CARTESIAN_POINT('Ctrl Pts',(-0.587174166641074,0.6,-0.142036863162149));
#3784=CARTESIAN_POINT('Ctrl Pts',(-0.589090545273376,0.6,-0.134105594395635));
#3785=CARTESIAN_POINT('Ctrl Pts',(-0.593102975547604,0.6,-0.122485221657826));
#3786=CARTESIAN_POINT('Ctrl Pts',(-0.597693056424048,0.6,-0.110971122473739));
#3787=CARTESIAN_POINT('Ctrl Pts',(-0.601420749033908,0.6,-0.103551515558179));
#3788=CARTESIAN_POINT('Ctrl Pts',(-0.603295272435897,0.6,-0.0998204603848026));
#3789=CARTESIAN_POINT('',(-0.586217948717949,0.597,-0.145994338589931));
#3790=CARTESIAN_POINT('Ctrl Pts',(-0.567838541666666,0.597,-0.0963148514104436));
#3791=CARTESIAN_POINT('Ctrl Pts',(-0.567838541666666,0.6006,-0.0963148514104436));
#3792=CARTESIAN_POINT('Ctrl Pts',(-0.568769689924424,0.597,-0.0988536080228691));
#3793=CARTESIAN_POINT('Ctrl Pts',(-0.568769689924424,0.6006,-0.0988536080228691));
#3794=CARTESIAN_POINT('Ctrl Pts',(-0.570590260582334,0.597,-0.103817356553405));
#3795=CARTESIAN_POINT('Ctrl Pts',(-0.570590260582334,0.6006,-0.103817356553405));
#3796=CARTESIAN_POINT('Ctrl Pts',(-0.573305279924037,0.597,-0.111029264142051));
#3797=CARTESIAN_POINT('Ctrl Pts',(-0.573305279924037,0.6006,-0.111029264142051));
#3798=CARTESIAN_POINT('Ctrl Pts',(-0.575785677843787,0.597,-0.117877987596034));
#3799=CARTESIAN_POINT('Ctrl Pts',(-0.575785677843787,0.6006,-0.117877987596034));
#3800=CARTESIAN_POINT('Ctrl Pts',(-0.578217911689079,0.597,-0.124265326030879));
#3801=CARTESIAN_POINT('Ctrl Pts',(-0.578217911689079,0.6006,-0.124265326030879));
#3802=CARTESIAN_POINT('Ctrl Pts',(-0.580413532624903,0.597,-0.130284061957413));
#3803=CARTESIAN_POINT('Ctrl Pts',(-0.580413532624903,0.6006,-0.130284061957413));
#3804=CARTESIAN_POINT('Ctrl Pts',(-0.582437292719806,0.597,-0.135893541540581));
#3805=CARTESIAN_POINT('Ctrl Pts',(-0.582437292719806,0.6006,-0.135893541540581));
#3806=CARTESIAN_POINT('Ctrl Pts',(-0.584438774377758,0.597,-0.141054776212176));
#3807=CARTESIAN_POINT('Ctrl Pts',(-0.584438774377758,0.6006,-0.141054776212176));
#3808=CARTESIAN_POINT('Ctrl Pts',(-0.585639891675684,0.597,-0.144389465613929));
#3809=CARTESIAN_POINT('Ctrl Pts',(-0.585639891675684,0.6006,-0.144389465613929));
#3810=CARTESIAN_POINT('Ctrl Pts',(-0.586217948717949,0.597,-0.145994338589931));
#3811=CARTESIAN_POINT('Ctrl Pts',(-0.586217948717949,0.6006,-0.145994338589931));
#3812=CARTESIAN_POINT('',(-0.567838541666666,0.6,-0.0963148514104436));
#3813=CARTESIAN_POINT('Ctrl Pts',(-0.567838541666666,0.6,-0.0963148514104436));
#3814=CARTESIAN_POINT('Ctrl Pts',(-0.568769689924424,0.6,-0.0988536080228691));
#3815=CARTESIAN_POINT('Ctrl Pts',(-0.570590260582334,0.6,-0.103817356553405));
#3816=CARTESIAN_POINT('Ctrl Pts',(-0.573305279924037,0.6,-0.111029264142051));
#3817=CARTESIAN_POINT('Ctrl Pts',(-0.575785677843787,0.6,-0.117877987596034));
#3818=CARTESIAN_POINT('Ctrl Pts',(-0.578217911689079,0.6,-0.124265326030879));
#3819=CARTESIAN_POINT('Ctrl Pts',(-0.580413532624903,0.6,-0.130284061957413));
#3820=CARTESIAN_POINT('Ctrl Pts',(-0.582437292719806,0.6,-0.135893541540581));
#3821=CARTESIAN_POINT('Ctrl Pts',(-0.584438774377758,0.6,-0.141054776212176));
#3822=CARTESIAN_POINT('Ctrl Pts',(-0.585639891675684,0.6,-0.144389465613929));
#3823=CARTESIAN_POINT('Ctrl Pts',(-0.586217948717949,0.6,-0.145994338589931));
#3824=CARTESIAN_POINT('',(-0.567838541666666,0.597,-0.0963148514104436));
#3825=CARTESIAN_POINT('Origin',(-0.543549679487179,0.597,-0.0306097232053154));
#3826=CARTESIAN_POINT('',(-0.543549679487179,0.6,-0.0306097232053153));
#3827=CARTESIAN_POINT('',(-0.543549679487179,0.6,-0.0306097232053154));
#3828=CARTESIAN_POINT('',(-0.543549679487179,0.597,-0.0306097232053154));
#3829=CARTESIAN_POINT('Origin',(-0.628886217948718,0.597,-0.0306097232053154));
#3830=CARTESIAN_POINT('',(-0.628886217948718,0.6,-0.0306097232053154));
#3831=CARTESIAN_POINT('Origin',(1.33228756555323,0.6,-1.08228756555323));
#3832=CARTESIAN_POINT('Origin',(-0.346534455128205,0.597,0.0751595075639154));
#3833=CARTESIAN_POINT('',(-0.346534455128205,0.597,0.0751595075639154));
#3834=CARTESIAN_POINT('',(-0.346534455128205,0.597,0.0751595075639154));
#3835=CARTESIAN_POINT('',(-0.440384615384615,0.597,0.0751595075639154));
#3836=CARTESIAN_POINT('',(-0.346534455128205,0.597,0.0751595075639154));
#3837=CARTESIAN_POINT('',(-0.440384615384615,0.597,0.0751595075639154));
#3838=CARTESIAN_POINT('Origin',(-0.440384615384615,0.597,0.0751595075639154));
#3839=CARTESIAN_POINT('',(-0.440384615384615,0.597,-0.174840492436085));
#3840=CARTESIAN_POINT('',(-0.440384615384615,0.597,0.0751595075639154));
#3841=CARTESIAN_POINT('',(-0.440384615384615,0.597,-0.174840492436085));
#3842=CARTESIAN_POINT('Origin',(-0.440384615384615,0.597,-0.174840492436085));
#3843=CARTESIAN_POINT('',(-0.346784855769231,0.597,-0.174840492436085));
#3844=CARTESIAN_POINT('',(-0.440384615384615,0.597,-0.174840492436085));
#3845=CARTESIAN_POINT('',(-0.346784855769231,0.597,-0.174840492436085));
#3846=CARTESIAN_POINT('Ctrl Pts',(-0.346784855769231,0.597,-0.174840492436085));
#3847=CARTESIAN_POINT('Ctrl Pts',(-0.346784855769231,0.6006,-0.174840492436085));
#3848=CARTESIAN_POINT('Ctrl Pts',(-0.344463736535966,0.597,-0.17483158806288));
#3849=CARTESIAN_POINT('Ctrl Pts',(-0.344463736535966,0.6006,-0.17483158806288));
#3850=CARTESIAN_POINT('Ctrl Pts',(-0.339934573059361,0.597,-0.174814213099405));
#3851=CARTESIAN_POINT('Ctrl Pts',(-0.339934573059361,0.6006,-0.174814213099405));
#3852=CARTESIAN_POINT('Ctrl Pts',(-0.333321057834785,0.597,-0.174379683253429));
#3853=CARTESIAN_POINT('Ctrl Pts',(-0.333321057834785,0.6006,-0.174379683253429));
#3854=CARTESIAN_POINT('Ctrl Pts',(-0.327057565066908,0.597,-0.173785336539184));
#3855=CARTESIAN_POINT('Ctrl Pts',(-0.327057565066908,0.6006,-0.173785336539184));
#3856=CARTESIAN_POINT('Ctrl Pts',(-0.321130610909535,0.597,-0.173019205397852));
#3857=CARTESIAN_POINT('Ctrl Pts',(-0.321130610909535,0.6006,-0.173019205397852));
#3858=CARTESIAN_POINT('Ctrl Pts',(-0.315565841229833,0.597,-0.171907564669254));
#3859=CARTESIAN_POINT('Ctrl Pts',(-0.315565841229833,0.6006,-0.171907564669254));
#3860=CARTESIAN_POINT('Ctrl Pts',(-0.310368441760296,0.597,-0.17056088623652));
#3861=CARTESIAN_POINT('Ctrl Pts',(-0.310368441760296,0.6006,-0.17056088623652));
#3862=CARTESIAN_POINT('Ctrl Pts',(-0.305511365349234,0.597,-0.16900753617223));
#3863=CARTESIAN_POINT('Ctrl Pts',(-0.305511365349234,0.6006,-0.16900753617223));
#3864=CARTESIAN_POINT('Ctrl Pts',(-0.299574329586804,0.597,-0.166641280885357));
#3865=CARTESIAN_POINT('Ctrl Pts',(-0.299574329586804,0.6006,-0.166641280885357));
#3866=CARTESIAN_POINT('Ctrl Pts',(-0.292732546776107,0.597,-0.162999111022845));
#3867=CARTESIAN_POINT('Ctrl Pts',(-0.292732546776107,0.6006,-0.162999111022845));
#3868=CARTESIAN_POINT('Ctrl Pts',(-0.285404347419812,0.597,-0.157564418866614));
#3869=CARTESIAN_POINT('Ctrl Pts',(-0.285404347419812,0.6006,-0.157564418866614));
#3870=CARTESIAN_POINT('Ctrl Pts',(-0.279028529260802,0.597,-0.151039303068488));
#3871=CARTESIAN_POINT('Ctrl Pts',(-0.279028529260802,0.6006,-0.151039303068488));
#3872=CARTESIAN_POINT('Ctrl Pts',(-0.27378216854737,0.597,-0.143557888318233));
#3873=CARTESIAN_POINT('Ctrl Pts',(-0.27378216854737,0.6006,-0.143557888318233));
#3874=CARTESIAN_POINT('Ctrl Pts',(-0.269459733147018,0.597,-0.135566326396091));
#3875=CARTESIAN_POINT('Ctrl Pts',(-0.269459733147018,0.6006,-0.135566326396091));
#3876=CARTESIAN_POINT('Ctrl Pts',(-0.266395177050425,0.597,-0.127216864144643));
#3877=CARTESIAN_POINT('Ctrl Pts',(-0.266395177050425,0.6006,-0.127216864144643));
#3878=CARTESIAN_POINT('Ctrl Pts',(-0.264435840353828,0.597,-0.1186912897029));
#3879=CARTESIAN_POINT('Ctrl Pts',(-0.264435840353828,0.6006,-0.1186912897029));
#3880=CARTESIAN_POINT('Ctrl Pts',(-0.264213530730463,0.597,-0.112918376435403));
#3881=CARTESIAN_POINT('Ctrl Pts',(-0.264213530730463,0.6006,-0.112918376435403));
#3882=CARTESIAN_POINT('Ctrl Pts',(-0.264102564102564,0.597,-0.110036806538649));
#3883=CARTESIAN_POINT('Ctrl Pts',(-0.264102564102564,0.6006,-0.110036806538649));
#3884=CARTESIAN_POINT('',(-0.264102564102564,0.597,-0.110036806538649));
#3885=CARTESIAN_POINT('Ctrl Pts',(-0.346784855769231,0.597,-0.174840492436085));
#3886=CARTESIAN_POINT('Ctrl Pts',(-0.344463736535966,0.597,-0.17483158806288));
#3887=CARTESIAN_POINT('Ctrl Pts',(-0.339934573059361,0.597,-0.174814213099405));
#3888=CARTESIAN_POINT('Ctrl Pts',(-0.333321057834785,0.597,-0.174379683253429));
#3889=CARTESIAN_POINT('Ctrl Pts',(-0.327057565066908,0.597,-0.173785336539184));
#3890=CARTESIAN_POINT('Ctrl Pts',(-0.321130610909535,0.597,-0.173019205397852));
#3891=CARTESIAN_POINT('Ctrl Pts',(-0.315565841229833,0.597,-0.171907564669254));
#3892=CARTESIAN_POINT('Ctrl Pts',(-0.310368441760296,0.597,-0.17056088623652));
#3893=CARTESIAN_POINT('Ctrl Pts',(-0.305511365349234,0.597,-0.16900753617223));
#3894=CARTESIAN_POINT('Ctrl Pts',(-0.299574329586804,0.597,-0.166641280885357));
#3895=CARTESIAN_POINT('Ctrl Pts',(-0.292732546776107,0.597,-0.162999111022845));
#3896=CARTESIAN_POINT('Ctrl Pts',(-0.285404347419812,0.597,-0.157564418866614));
#3897=CARTESIAN_POINT('Ctrl Pts',(-0.279028529260802,0.597,-0.151039303068488));
#3898=CARTESIAN_POINT('Ctrl Pts',(-0.27378216854737,0.597,-0.143557888318233));
#3899=CARTESIAN_POINT('Ctrl Pts',(-0.269459733147018,0.597,-0.135566326396091));
#3900=CARTESIAN_POINT('Ctrl Pts',(-0.266395177050425,0.597,-0.127216864144643));
#3901=CARTESIAN_POINT('Ctrl Pts',(-0.264435840353828,0.597,-0.1186912897029));
#3902=CARTESIAN_POINT('Ctrl Pts',(-0.264213530730463,0.597,-0.112918376435403));
#3903=CARTESIAN_POINT('Ctrl Pts',(-0.264102564102564,0.597,-0.110036806538649));
#3904=CARTESIAN_POINT('',(-0.264102564102564,0.597,-0.110036806538649));
#3905=CARTESIAN_POINT('Ctrl Pts',(-0.264102564102564,0.597,-0.110036806538649));
#3906=CARTESIAN_POINT('Ctrl Pts',(-0.264102564102564,0.6006,-0.110036806538649));
#3907=CARTESIAN_POINT('Ctrl Pts',(-0.264219213457656,0.597,-0.10735589657919));
#3908=CARTESIAN_POINT('Ctrl Pts',(-0.264219213457656,0.6006,-0.10735589657919));
#3909=CARTESIAN_POINT('Ctrl Pts',(-0.264451387558113,0.597,-0.102019923159041));
#3910=CARTESIAN_POINT('Ctrl Pts',(-0.264451387558113,0.6006,-0.102019923159041));
#3911=CARTESIAN_POINT('Ctrl Pts',(-0.266299233637341,0.597,-0.0941597097647785));
#3912=CARTESIAN_POINT('Ctrl Pts',(-0.266299233637341,0.6006,-0.0941597097647785));
#3913=CARTESIAN_POINT('Ctrl Pts',(-0.269215700080674,0.597,-0.0865274915005044));
#3914=CARTESIAN_POINT('Ctrl Pts',(-0.269215700080674,0.6006,-0.0865274915005044));
#3915=CARTESIAN_POINT('Ctrl Pts',(-0.273339666198324,0.597,-0.0792160531594804));
#3916=CARTESIAN_POINT('Ctrl Pts',(-0.273339666198324,0.6006,-0.0792160531594804));
#3917=CARTESIAN_POINT('Ctrl Pts',(-0.278610611821013,0.597,-0.0723591558432488));
#3918=CARTESIAN_POINT('Ctrl Pts',(-0.278610611821013,0.6006,-0.0723591558432488));
#3919=CARTESIAN_POINT('Ctrl Pts',(-0.285145079205071,0.597,-0.0661887979595671));
#3920=CARTESIAN_POINT('Ctrl Pts',(-0.285145079205071,0.6006,-0.0661887979595671));
#3921=CARTESIAN_POINT('Ctrl Pts',(-0.292849168648607,0.597,-0.0606917557264884));
#3922=CARTESIAN_POINT('Ctrl Pts',(-0.292849168648607,0.6006,-0.0606917557264884));
#3923=CARTESIAN_POINT('Ctrl Pts',(-0.29863108751986,0.597,-0.0577616706166576));
#3924=CARTESIAN_POINT('Ctrl Pts',(-0.29863108751986,0.6006,-0.0577616706166576));
#3925=CARTESIAN_POINT('Ctrl Pts',(-0.301612580128205,0.597,-0.056250748846341));
#3926=CARTESIAN_POINT('Ctrl Pts',(-0.301612580128205,0.6006,-0.056250748846341));
#3927=CARTESIAN_POINT('',(-0.301612580128205,0.597,-0.056250748846341));
#3928=CARTESIAN_POINT('Ctrl Pts',(-0.264102564102564,0.597,-0.110036806538649));
#3929=CARTESIAN_POINT('Ctrl Pts',(-0.264219213457656,0.597,-0.10735589657919));
#3930=CARTESIAN_POINT('Ctrl Pts',(-0.264451387558113,0.597,-0.102019923159041));
#3931=CARTESIAN_POINT('Ctrl Pts',(-0.266299233637341,0.597,-0.0941597097647785));
#3932=CARTESIAN_POINT('Ctrl Pts',(-0.269215700080674,0.597,-0.0865274915005044));
#3933=CARTESIAN_POINT('Ctrl Pts',(-0.273339666198324,0.597,-0.0792160531594804));
#3934=CARTESIAN_POINT('Ctrl Pts',(-0.278610611821013,0.597,-0.0723591558432488));
#3935=CARTESIAN_POINT('Ctrl Pts',(-0.285145079205071,0.597,-0.0661887979595671));
#3936=CARTESIAN_POINT('Ctrl Pts',(-0.292849168648607,0.597,-0.0606917557264884));
#3937=CARTESIAN_POINT('Ctrl Pts',(-0.29863108751986,0.597,-0.0577616706166576));
#3938=CARTESIAN_POINT('Ctrl Pts',(-0.301612580128205,0.597,-0.056250748846341));
#3939=CARTESIAN_POINT('',(-0.301612580128205,0.597,-0.056250748846341));
#3940=CARTESIAN_POINT('Ctrl Pts',(-0.301612580128205,0.597,-0.056250748846341));
#3941=CARTESIAN_POINT('Ctrl Pts',(-0.301612580128205,0.6006,-0.056250748846341));
#3942=CARTESIAN_POINT('Ctrl Pts',(-0.299768209043682,0.597,-0.0556733816018493));
#3943=CARTESIAN_POINT('Ctrl Pts',(-0.299768209043682,0.6006,-0.0556733816018493));
#3944=CARTESIAN_POINT('Ctrl Pts',(-0.296157244261001,0.597,-0.0545429947702472));
#3945=CARTESIAN_POINT('Ctrl Pts',(-0.296157244261001,0.6006,-0.0545429947702472));
#3946=CARTESIAN_POINT('Ctrl Pts',(-0.290966107262254,0.597,-0.0524745454159818));
#3947=CARTESIAN_POINT('Ctrl Pts',(-0.290966107262254,0.6006,-0.0524745454159818));
#3948=CARTESIAN_POINT('Ctrl Pts',(-0.286093215023737,0.597,-0.0501193198001292));
#3949=CARTESIAN_POINT('Ctrl Pts',(-0.286093215023737,0.6006,-0.0501193198001292));
#3950=CARTESIAN_POINT('Ctrl Pts',(-0.281527960604259,0.597,-0.0474734476209508));
#3951=CARTESIAN_POINT('Ctrl Pts',(-0.281527960604259,0.6006,-0.0474734476209508));
#3952=CARTESIAN_POINT('Ctrl Pts',(-0.277301190850525,0.597,-0.0445124267987724));
#3953=CARTESIAN_POINT('Ctrl Pts',(-0.277301190850525,0.6006,-0.0445124267987724));
#3954=CARTESIAN_POINT('Ctrl Pts',(-0.273424832133701,0.597,-0.0412316412642423));
#3955=CARTESIAN_POINT('Ctrl Pts',(-0.273424832133701,0.6006,-0.0412316412642423));
#3956=CARTESIAN_POINT('Ctrl Pts',(-0.269872007457319,0.597,-0.0376818603186003));
#3957=CARTESIAN_POINT('Ctrl Pts',(-0.269872007457319,0.6006,-0.0376818603186003));
#3958=CARTESIAN_POINT('Ctrl Pts',(-0.266649064290991,0.597,-0.0338652432507511));
#3959=CARTESIAN_POINT('Ctrl Pts',(-0.266649064290991,0.6006,-0.0338652432507511));
#3960=CARTESIAN_POINT('Ctrl Pts',(-0.263818046850632,0.597,-0.0298063508060277));
#3961=CARTESIAN_POINT('Ctrl Pts',(-0.263818046850632,0.6006,-0.0298063508060277));
#3962=CARTESIAN_POINT('Ctrl Pts',(-0.261278977871286,0.597,-0.0255938943432916));
#3963=CARTESIAN_POINT('Ctrl Pts',(-0.261278977871286,0.6006,-0.0255938943432916));
#3964=CARTESIAN_POINT('Ctrl Pts',(-0.259182325157862,0.597,-0.0211771466038609));
#3965=CARTESIAN_POINT('Ctrl Pts',(-0.259182325157862,0.6006,-0.0211771466038609));
#3966=CARTESIAN_POINT('Ctrl Pts',(-0.257463775279785,0.597,-0.0165675745700573));
#3967=CARTESIAN_POINT('Ctrl Pts',(-0.257463775279785,0.6006,-0.0165675745700573));
#3968=CARTESIAN_POINT('Ctrl Pts',(-0.256123050883967,0.597,-0.0117936613750051));
#3969=CARTESIAN_POINT('Ctrl Pts',(-0.256123050883967,0.6006,-0.0117936613750051));
#3970=CARTESIAN_POINT('Ctrl Pts',(-0.255160264827061,0.597,-0.00683704569495971));
#3971=CARTESIAN_POINT('Ctrl Pts',(-0.255160264827061,0.6006,-0.00683704569495971));
#3972=CARTESIAN_POINT('Ctrl Pts',(-0.25461150135545,0.597,-0.00170926502377607));
#3973=CARTESIAN_POINT('Ctrl Pts',(-0.25461150135545,0.6006,-0.00170926502377607));
#3974=CARTESIAN_POINT('Ctrl Pts',(-0.254529078834564,0.597,0.0017741408289751));
#3975=CARTESIAN_POINT('Ctrl Pts',(-0.254529078834564,0.6006,0.0017741408289751));
#3976=CARTESIAN_POINT('Ctrl Pts',(-0.254487179487179,0.597,0.00354492423058206));
#3977=CARTESIAN_POINT('Ctrl Pts',(-0.254487179487179,0.6006,0.00354492423058206));
#3978=CARTESIAN_POINT('',(-0.254487179487179,0.597,0.00354492423058206));
#3979=CARTESIAN_POINT('Ctrl Pts',(-0.301612580128205,0.597,-0.056250748846341));
#3980=CARTESIAN_POINT('Ctrl Pts',(-0.299768209043682,0.597,-0.0556733816018493));
#3981=CARTESIAN_POINT('Ctrl Pts',(-0.296157244261001,0.597,-0.0545429947702472));
#3982=CARTESIAN_POINT('Ctrl Pts',(-0.290966107262254,0.597,-0.0524745454159818));
#3983=CARTESIAN_POINT('Ctrl Pts',(-0.286093215023737,0.597,-0.0501193198001292));
#3984=CARTESIAN_POINT('Ctrl Pts',(-0.281527960604259,0.597,-0.0474734476209508));
#3985=CARTESIAN_POINT('Ctrl Pts',(-0.277301190850525,0.597,-0.0445124267987724));
#3986=CARTESIAN_POINT('Ctrl Pts',(-0.273424832133701,0.597,-0.0412316412642423));
#3987=CARTESIAN_POINT('Ctrl Pts',(-0.269872007457319,0.597,-0.0376818603186003));
#3988=CARTESIAN_POINT('Ctrl Pts',(-0.266649064290991,0.597,-0.0338652432507511));
#3989=CARTESIAN_POINT('Ctrl Pts',(-0.263818046850632,0.597,-0.0298063508060277));
#3990=CARTESIAN_POINT('Ctrl Pts',(-0.261278977871286,0.597,-0.0255938943432916));
#3991=CARTESIAN_POINT('Ctrl Pts',(-0.259182325157862,0.597,-0.0211771466038609));
#3992=CARTESIAN_POINT('Ctrl Pts',(-0.257463775279785,0.597,-0.0165675745700573));
#3993=CARTESIAN_POINT('Ctrl Pts',(-0.256123050883967,0.597,-0.0117936613750051));
#3994=CARTESIAN_POINT('Ctrl Pts',(-0.255160264827061,0.597,-0.00683704569495971));
#3995=CARTESIAN_POINT('Ctrl Pts',(-0.25461150135545,0.597,-0.00170926502377607));
#3996=CARTESIAN_POINT('Ctrl Pts',(-0.254529078834564,0.597,0.0017741408289751));
#3997=CARTESIAN_POINT('Ctrl Pts',(-0.254487179487179,0.597,0.00354492423058206));
#3998=CARTESIAN_POINT('',(-0.254487179487179,0.597,0.00354492423058206));
#3999=CARTESIAN_POINT('Ctrl Pts',(-0.254487179487179,0.597,0.00354492423058206));
#4000=CARTESIAN_POINT('Ctrl Pts',(-0.254487179487179,0.6006,0.00354492423058206));
#4001=CARTESIAN_POINT('Ctrl Pts',(-0.254573540430761,0.597,0.00638789220649684));
#4002=CARTESIAN_POINT('Ctrl Pts',(-0.254573540430761,0.6006,0.00638789220649684));
#4003=CARTESIAN_POINT('Ctrl Pts',(-0.25474471832913,0.597,0.0120230006601832));
#4004=CARTESIAN_POINT('Ctrl Pts',(-0.25474471832913,0.6006,0.0120230006601832));
#4005=CARTESIAN_POINT('Ctrl Pts',(-0.256119467685094,0.597,0.0203169326555261));
#4006=CARTESIAN_POINT('Ctrl Pts',(-0.256119467685094,0.6006,0.0203169326555261));
#4007=CARTESIAN_POINT('Ctrl Pts',(-0.258442721205752,0.597,0.0282949962146127));
#4008=CARTESIAN_POINT('Ctrl Pts',(-0.258442721205752,0.6006,0.0282949962146127));
#4009=CARTESIAN_POINT('Ctrl Pts',(-0.261640482093982,0.597,0.0358281956910803));
#4010=CARTESIAN_POINT('Ctrl Pts',(-0.261640482093982,0.6006,0.0358281956910803));
#4011=CARTESIAN_POINT('Ctrl Pts',(-0.26545074291255,0.597,0.042793747689653));
#4012=CARTESIAN_POINT('Ctrl Pts',(-0.26545074291255,0.6006,0.042793747689653));
#4013=CARTESIAN_POINT('Ctrl Pts',(-0.269781237829681,0.597,0.0490092713496021));
#4014=CARTESIAN_POINT('Ctrl Pts',(-0.269781237829681,0.6006,0.0490092713496021));
#4015=CARTESIAN_POINT('Ctrl Pts',(-0.274521530264306,0.597,0.0544108093609741));
#4016=CARTESIAN_POINT('Ctrl Pts',(-0.274521530264306,0.6006,0.0544108093609741));
#4017=CARTESIAN_POINT('Ctrl Pts',(-0.279805101978884,0.597,0.0589544683084362));
#4018=CARTESIAN_POINT('Ctrl Pts',(-0.279805101978884,0.6006,0.0589544683084362));
#4019=CARTESIAN_POINT('Ctrl Pts',(-0.285597871669067,0.597,0.0628107051033676));
#4020=CARTESIAN_POINT('Ctrl Pts',(-0.285597871669067,0.6006,0.0628107051033676));
#4021=CARTESIAN_POINT('Ctrl Pts',(-0.292063451661234,0.597,0.0660579086736306));
#4022=CARTESIAN_POINT('Ctrl Pts',(-0.292063451661234,0.6006,0.0660579086736306));
#4023=CARTESIAN_POINT('Ctrl Pts',(-0.299151851260232,0.597,0.0689216310340634));
#4024=CARTESIAN_POINT('Ctrl Pts',(-0.299151851260232,0.6006,0.0689216310340634));
#4025=CARTESIAN_POINT('Ctrl Pts',(-0.307007138234441,0.597,0.0712092781690286));
#4026=CARTESIAN_POINT('Ctrl Pts',(-0.307007138234441,0.6006,0.0712092781690286));
#4027=CARTESIAN_POINT('Ctrl Pts',(-0.31562573687539,0.597,0.0730265820711756));
#4028=CARTESIAN_POINT('Ctrl Pts',(-0.31562573687539,0.6006,0.0730265820711756));
#4029=CARTESIAN_POINT('Ctrl Pts',(-0.325124609466407,0.597,0.0742072873755417));
#4030=CARTESIAN_POINT('Ctrl Pts',(-0.325124609466407,0.6006,0.0742072873755417));
#4031=CARTESIAN_POINT('Ctrl Pts',(-0.335518349594728,0.597,0.0750525140918849));
#4032=CARTESIAN_POINT('Ctrl Pts',(-0.335518349594728,0.6006,0.0750525140918849));
#4033=CARTESIAN_POINT('Ctrl Pts',(-0.342759795096858,0.597,0.0751228463335685));
#4034=CARTESIAN_POINT('Ctrl Pts',(-0.342759795096858,0.6006,0.0751228463335685));
#4035=CARTESIAN_POINT('Ctrl Pts',(-0.346534455128205,0.597,0.0751595075639154));
#4036=CARTESIAN_POINT('Ctrl Pts',(-0.346534455128205,0.6006,0.0751595075639154));
#4037=CARTESIAN_POINT('Ctrl Pts',(-0.254487179487179,0.597,0.00354492423058206));
#4038=CARTESIAN_POINT('Ctrl Pts',(-0.254573540430761,0.597,0.00638789220649684));
#4039=CARTESIAN_POINT('Ctrl Pts',(-0.25474471832913,0.597,0.0120230006601832));
#4040=CARTESIAN_POINT('Ctrl Pts',(-0.256119467685094,0.597,0.0203169326555261));
#4041=CARTESIAN_POINT('Ctrl Pts',(-0.258442721205752,0.597,0.0282949962146127));
#4042=CARTESIAN_POINT('Ctrl Pts',(-0.261640482093982,0.597,0.0358281956910803));
#4043=CARTESIAN_POINT('Ctrl Pts',(-0.26545074291255,0.597,0.042793747689653));
#4044=CARTESIAN_POINT('Ctrl Pts',(-0.269781237829681,0.597,0.0490092713496021));
#4045=CARTESIAN_POINT('Ctrl Pts',(-0.274521530264306,0.597,0.0544108093609741));
#4046=CARTESIAN_POINT('Ctrl Pts',(-0.279805101978884,0.597,0.0589544683084362));
#4047=CARTESIAN_POINT('Ctrl Pts',(-0.285597871669067,0.597,0.0628107051033676));
#4048=CARTESIAN_POINT('Ctrl Pts',(-0.292063451661234,0.597,0.0660579086736306));
#4049=CARTESIAN_POINT('Ctrl Pts',(-0.299151851260232,0.597,0.0689216310340634));
#4050=CARTESIAN_POINT('Ctrl Pts',(-0.307007138234441,0.597,0.0712092781690286));
#4051=CARTESIAN_POINT('Ctrl Pts',(-0.31562573687539,0.597,0.0730265820711756));
#4052=CARTESIAN_POINT('Ctrl Pts',(-0.325124609466407,0.597,0.0742072873755417));
#4053=CARTESIAN_POINT('Ctrl Pts',(-0.335518349594728,0.597,0.0750525140918849));
#4054=CARTESIAN_POINT('Ctrl Pts',(-0.342759795096858,0.597,0.0751228463335685));
#4055=CARTESIAN_POINT('Ctrl Pts',(-0.346534455128205,0.597,0.0751595075639154));
#4056=CARTESIAN_POINT('Origin',(-0.290119231613684,0.597,-0.160973562597661));
#4057=CARTESIAN_POINT('',(-0.350040064102564,0.597,-0.0402251078207));
#4058=CARTESIAN_POINT('',(-0.405128205128205,0.597,-0.0402251078207));
#4059=CARTESIAN_POINT('',(-0.350040064102564,0.597,-0.0402251078207));
#4060=CARTESIAN_POINT('',(-0.28974358974359,0.597,0.00304412294853077));
#4061=CARTESIAN_POINT('Ctrl Pts',(-0.28974358974359,0.597,0.00304412294853077));
#4062=CARTESIAN_POINT('Ctrl Pts',(-0.289812573375273,0.597,0.000767765087132023));
#4063=CARTESIAN_POINT('Ctrl Pts',(-0.289947098499017,0.597,-0.003671365116916));
#4064=CARTESIAN_POINT('Ctrl Pts',(-0.291225805933211,0.597,-0.0100861331767795));
#4065=CARTESIAN_POINT('Ctrl Pts',(-0.293338021352255,0.597,-0.0160359103091818));
#4066=CARTESIAN_POINT('Ctrl Pts',(-0.296311405196698,0.597,-0.021438298079463));
#4067=CARTESIAN_POINT('Ctrl Pts',(-0.299958415691804,0.597,-0.0262972807511895));
#4068=CARTESIAN_POINT('Ctrl Pts',(-0.304370930129837,0.597,-0.0304190234845653));
#4069=CARTESIAN_POINT('Ctrl Pts',(-0.309515954472743,0.597,-0.0336898301829399));
#4070=CARTESIAN_POINT('Ctrl Pts',(-0.315409301484536,0.597,-0.0362567804219013));
#4071=CARTESIAN_POINT('Ctrl Pts',(-0.322297443637166,0.597,-0.0380831213064307));
#4072=CARTESIAN_POINT('Ctrl Pts',(-0.330370548853557,0.597,-0.0393221829719408));
#4073=CARTESIAN_POINT('Ctrl Pts',(-0.339757748978332,0.597,-0.0401217197646381));
#4074=CARTESIAN_POINT('Ctrl Pts',(-0.346465826074894,0.597,-0.0401891690737234));
#4075=CARTESIAN_POINT('Ctrl Pts',(-0.350040064102564,0.597,-0.0402251078207));
#4076=CARTESIAN_POINT('',(-0.324599358974359,0.597,0.0451114306408385));
#4077=CARTESIAN_POINT('Ctrl Pts',(-0.324599358974359,0.597,0.0451114306408385));
#4078=CARTESIAN_POINT('Ctrl Pts',(-0.32285430471673,0.597,0.0447446379182634));
#4079=CARTESIAN_POINT('Ctrl Pts',(-0.319475428505342,0.597,0.0440344323762864));
#4080=CARTESIAN_POINT('Ctrl Pts',(-0.31471202376073,0.597,0.0424493276995447));
#4081=CARTESIAN_POINT('Ctrl Pts',(-0.310344583811469,0.597,0.040633505811112));
#4082=CARTESIAN_POINT('Ctrl Pts',(-0.30644933572284,0.597,0.038325797919346));
#4083=CARTESIAN_POINT('Ctrl Pts',(-0.302842429449035,0.597,0.0356663226573081));
#4084=CARTESIAN_POINT('Ctrl Pts',(-0.299707759450298,0.597,0.0323445107840316));
#4085=CARTESIAN_POINT('Ctrl Pts',(-0.296820579585231,0.597,0.0285703700493612));
#4086=CARTESIAN_POINT('Ctrl Pts',(-0.294319092421347,0.597,0.0242512952944398));
#4087=CARTESIAN_POINT('Ctrl Pts',(-0.292296276823429,0.597,0.0194732478705304));
#4088=CARTESIAN_POINT('Ctrl Pts',(-0.290750273470537,0.597,0.0143100519767698));
#4089=CARTESIAN_POINT('Ctrl Pts',(-0.289926759477213,0.597,0.00877981086816954));
#4090=CARTESIAN_POINT('Ctrl Pts',(-0.28980550796515,0.597,0.00498300001289698));
#4091=CARTESIAN_POINT('Ctrl Pts',(-0.28974358974359,0.597,0.00304412294853077));
#4092=CARTESIAN_POINT('',(-0.345983573717949,0.597,0.0463133537177615));
#4093=CARTESIAN_POINT('Ctrl Pts',(-0.345983573717949,0.597,0.0463133537177615));
#4094=CARTESIAN_POINT('Ctrl Pts',(-0.343629753828888,0.597,0.0462863116591985));
#4095=CARTESIAN_POINT('Ctrl Pts',(-0.339305137280644,0.597,0.0462366279367931));
#4096=CARTESIAN_POINT('Ctrl Pts',(-0.333389906747256,0.597,0.0460807676815765));
#4097=CARTESIAN_POINT('Ctrl Pts',(-0.328608571675576,0.597,0.0457000593808816));
#4098=CARTESIAN_POINT('Ctrl Pts',(-0.325816524663749,0.597,0.0452901337328325));
#4099=CARTESIAN_POINT('Ctrl Pts',(-0.324599358974359,0.597,0.0451114306408385));
#4100=CARTESIAN_POINT('',(-0.405128205128205,0.597,0.0463133537177615));
#4101=CARTESIAN_POINT('',(-0.405128205128205,0.597,0.0463133537177615));
#4102=CARTESIAN_POINT('',(-0.405128205128205,0.597,-0.0402251078207));
#4103=CARTESIAN_POINT('',(-0.357502003205128,0.597,-0.145994338589931));
#4104=CARTESIAN_POINT('',(-0.405128205128205,0.597,-0.145994338589931));
#4105=CARTESIAN_POINT('',(-0.357502003205128,0.597,-0.145994338589931));
#4106=CARTESIAN_POINT('',(-0.299358974358974,0.597,-0.106931838589931));
#4107=CARTESIAN_POINT('Ctrl Pts',(-0.299358974358974,0.597,-0.106931838589931));
#4108=CARTESIAN_POINT('Ctrl Pts',(-0.299423695007995,0.597,-0.108989437382838));
#4109=CARTESIAN_POINT('Ctrl Pts',(-0.299549828089217,0.597,-0.112999460143687));
#4110=CARTESIAN_POINT('Ctrl Pts',(-0.300608602530544,0.597,-0.118822708449744));
#4111=CARTESIAN_POINT('Ctrl Pts',(-0.30244077258781,0.597,-0.124240171686001));
#4112=CARTESIAN_POINT('Ctrl Pts',(-0.304922032570136,0.597,-0.129250661454334));
#4113=CARTESIAN_POINT('Ctrl Pts',(-0.308063966986714,0.597,-0.133708211742128));
#4114=CARTESIAN_POINT('Ctrl Pts',(-0.31181397531256,0.597,-0.137540661582025));
#4115=CARTESIAN_POINT('Ctrl Pts',(-0.316306220593389,0.597,-0.140437824926455));
#4116=CARTESIAN_POINT('Ctrl Pts',(-0.320505124337614,0.597,-0.142245081390569));
#4117=CARTESIAN_POINT('Ctrl Pts',(-0.324281705477897,0.597,-0.143375690823972));
#4118=CARTESIAN_POINT('Ctrl Pts',(-0.327655948090433,0.597,-0.144044625886477));
#4119=CARTESIAN_POINT('Ctrl Pts',(-0.33148334562341,0.597,-0.144634024202318));
#4120=CARTESIAN_POINT('Ctrl Pts',(-0.335776492995347,0.597,-0.145135111052302));
#4121=CARTESIAN_POINT('Ctrl Pts',(-0.34053701418197,0.597,-0.145524000615534));
#4122=CARTESIAN_POINT('Ctrl Pts',(-0.345779577179076,0.597,-0.14583294760185));
#4123=CARTESIAN_POINT('Ctrl Pts',(-0.35149170241185,0.597,-0.1459641189918));
#4124=CARTESIAN_POINT('Ctrl Pts',(-0.355448687377282,0.597,-0.145984014584313));
#4125=CARTESIAN_POINT('Ctrl Pts',(-0.357502003205128,0.597,-0.145994338589931));
#4126=CARTESIAN_POINT('',(-0.323547676282051,0.597,-0.0720259892309564));
#4127=CARTESIAN_POINT('Ctrl Pts',(-0.323547676282051,0.597,-0.0720259892309564));
#4128=CARTESIAN_POINT('Ctrl Pts',(-0.321633213290957,0.597,-0.0726966257667098));
#4129=CARTESIAN_POINT('Ctrl Pts',(-0.317942529274446,0.597,-0.0739894726668106));
#4130=CARTESIAN_POINT('Ctrl Pts',(-0.312996667468681,0.597,-0.0769256579522168));
#4131=CARTESIAN_POINT('Ctrl Pts',(-0.308784230799373,0.597,-0.080449065964733));
#4132=CARTESIAN_POINT('Ctrl Pts',(-0.305316507673024,0.597,-0.0846219114201567));
#4133=CARTESIAN_POINT('Ctrl Pts',(-0.302651734278994,0.597,-0.0894218629882175));
#4134=CARTESIAN_POINT('Ctrl Pts',(-0.300675881727535,0.597,-0.0947493813308295));
#4135=CARTESIAN_POINT('Ctrl Pts',(-0.299594058614796,0.597,-0.100678940222696));
#4136=CARTESIAN_POINT('Ctrl Pts',(-0.299439465900406,0.597,-0.104790880973527));
#4137=CARTESIAN_POINT('Ctrl Pts',(-0.299358974358974,0.597,-0.106931838589931));
#4138=CARTESIAN_POINT('',(-0.353595753205128,0.597,-0.0690712616668538));
#4139=CARTESIAN_POINT('Ctrl Pts',(-0.353595753205128,0.597,-0.0690712616668538));
#4140=CARTESIAN_POINT('Ctrl Pts',(-0.351909483067985,0.597,-0.0690779331886374));
#4141=CARTESIAN_POINT('Ctrl Pts',(-0.348669777236107,0.597,-0.0690907506889618));
#4142=CARTESIAN_POINT('Ctrl Pts',(-0.343996578758839,0.597,-0.06926946489192));
#4143=CARTESIAN_POINT('Ctrl Pts',(-0.339683440565935,0.597,-0.0694219336951077));
#4144=CARTESIAN_POINT('Ctrl Pts',(-0.335747046452388,0.597,-0.0698046186097707));
#4145=CARTESIAN_POINT('Ctrl Pts',(-0.332167895203663,0.597,-0.0701794414839842));
#4146=CARTESIAN_POINT('Ctrl Pts',(-0.328960310148759,0.597,-0.0706840115005416));
#4147=CARTESIAN_POINT('Ctrl Pts',(-0.326108580359828,0.597,-0.0712525474668841));
#4148=CARTESIAN_POINT('Ctrl Pts',(-0.324362465726535,0.597,-0.0717799073137314));
#4149=CARTESIAN_POINT('Ctrl Pts',(-0.323547676282051,0.597,-0.0720259892309564));
#4150=CARTESIAN_POINT('',(-0.405128205128205,0.597,-0.0690712616668538));
#4151=CARTESIAN_POINT('',(-0.405128205128205,0.597,-0.0690712616668538));
#4152=CARTESIAN_POINT('',(-0.405128205128205,0.597,-0.145994338589931));
#4153=CARTESIAN_POINT('Origin',(-0.405128205128205,0.597,-0.145994338589931));
#4154=CARTESIAN_POINT('',(-0.405128205128205,0.6,-0.145994338589931));
#4155=CARTESIAN_POINT('',(-0.405128205128205,0.6,-0.0690712616668538));
#4156=CARTESIAN_POINT('',(-0.405128205128205,0.6,-0.145994338589931));
#4157=CARTESIAN_POINT('',(-0.405128205128205,0.597,-0.145994338589931));
#4158=CARTESIAN_POINT('',(-0.405128205128205,0.597,-0.0690712616668538));
#4159=CARTESIAN_POINT('Origin',(-0.357502003205128,0.597,-0.145994338589931));
#4160=CARTESIAN_POINT('',(-0.357502003205128,0.6,-0.145994338589931));
#4161=CARTESIAN_POINT('',(-0.357502003205128,0.6,-0.145994338589931));
#4162=CARTESIAN_POINT('',(-0.357502003205128,0.597,-0.145994338589931));
#4163=CARTESIAN_POINT('Ctrl Pts',(-0.299358974358974,0.597,-0.106931838589931));
#4164=CARTESIAN_POINT('Ctrl Pts',(-0.299358974358974,0.6006,-0.106931838589931));
#4165=CARTESIAN_POINT('Ctrl Pts',(-0.299423695007995,0.597,-0.108989437382838));
#4166=CARTESIAN_POINT('Ctrl Pts',(-0.299423695007995,0.6006,-0.108989437382838));
#4167=CARTESIAN_POINT('Ctrl Pts',(-0.299549828089217,0.597,-0.112999460143687));
#4168=CARTESIAN_POINT('Ctrl Pts',(-0.299549828089217,0.6006,-0.112999460143687));
#4169=CARTESIAN_POINT('Ctrl Pts',(-0.300608602530544,0.597,-0.118822708449744));
#4170=CARTESIAN_POINT('Ctrl Pts',(-0.300608602530544,0.6006,-0.118822708449744));
#4171=CARTESIAN_POINT('Ctrl Pts',(-0.30244077258781,0.597,-0.124240171686001));
#4172=CARTESIAN_POINT('Ctrl Pts',(-0.30244077258781,0.6006,-0.124240171686001));
#4173=CARTESIAN_POINT('Ctrl Pts',(-0.304922032570136,0.597,-0.129250661454334));
#4174=CARTESIAN_POINT('Ctrl Pts',(-0.304922032570136,0.6006,-0.129250661454334));
#4175=CARTESIAN_POINT('Ctrl Pts',(-0.308063966986714,0.597,-0.133708211742128));
#4176=CARTESIAN_POINT('Ctrl Pts',(-0.308063966986714,0.6006,-0.133708211742128));
#4177=CARTESIAN_POINT('Ctrl Pts',(-0.31181397531256,0.597,-0.137540661582025));
#4178=CARTESIAN_POINT('Ctrl Pts',(-0.31181397531256,0.6006,-0.137540661582025));
#4179=CARTESIAN_POINT('Ctrl Pts',(-0.316306220593389,0.597,-0.140437824926455));
#4180=CARTESIAN_POINT('Ctrl Pts',(-0.316306220593389,0.6006,-0.140437824926455));
#4181=CARTESIAN_POINT('Ctrl Pts',(-0.320505124337614,0.597,-0.142245081390569));
#4182=CARTESIAN_POINT('Ctrl Pts',(-0.320505124337614,0.6006,-0.142245081390569));
#4183=CARTESIAN_POINT('Ctrl Pts',(-0.324281705477897,0.597,-0.143375690823972));
#4184=CARTESIAN_POINT('Ctrl Pts',(-0.324281705477897,0.6006,-0.143375690823972));
#4185=CARTESIAN_POINT('Ctrl Pts',(-0.327655948090433,0.597,-0.144044625886477));
#4186=CARTESIAN_POINT('Ctrl Pts',(-0.327655948090433,0.6006,-0.144044625886477));
#4187=CARTESIAN_POINT('Ctrl Pts',(-0.33148334562341,0.597,-0.144634024202318));
#4188=CARTESIAN_POINT('Ctrl Pts',(-0.33148334562341,0.6006,-0.144634024202318));
#4189=CARTESIAN_POINT('Ctrl Pts',(-0.335776492995347,0.597,-0.145135111052302));
#4190=CARTESIAN_POINT('Ctrl Pts',(-0.335776492995347,0.6006,-0.145135111052302));
#4191=CARTESIAN_POINT('Ctrl Pts',(-0.34053701418197,0.597,-0.145524000615534));
#4192=CARTESIAN_POINT('Ctrl Pts',(-0.34053701418197,0.6006,-0.145524000615534));
#4193=CARTESIAN_POINT('Ctrl Pts',(-0.345779577179076,0.597,-0.14583294760185));
#4194=CARTESIAN_POINT('Ctrl Pts',(-0.345779577179076,0.6006,-0.14583294760185));
#4195=CARTESIAN_POINT('Ctrl Pts',(-0.35149170241185,0.597,-0.1459641189918));
#4196=CARTESIAN_POINT('Ctrl Pts',(-0.35149170241185,0.6006,-0.1459641189918));
#4197=CARTESIAN_POINT('Ctrl Pts',(-0.355448687377282,0.597,-0.145984014584313));
#4198=CARTESIAN_POINT('Ctrl Pts',(-0.355448687377282,0.6006,-0.145984014584313));
#4199=CARTESIAN_POINT('Ctrl Pts',(-0.357502003205128,0.597,-0.145994338589931));
#4200=CARTESIAN_POINT('Ctrl Pts',(-0.357502003205128,0.6006,-0.145994338589931));
#4201=CARTESIAN_POINT('',(-0.299358974358974,0.6,-0.106931838589931));
#4202=CARTESIAN_POINT('Ctrl Pts',(-0.299358974358974,0.6,-0.106931838589931));
#4203=CARTESIAN_POINT('Ctrl Pts',(-0.299423695007995,0.6,-0.108989437382838));
#4204=CARTESIAN_POINT('Ctrl Pts',(-0.299549828089217,0.6,-0.112999460143687));
#4205=CARTESIAN_POINT('Ctrl Pts',(-0.300608602530544,0.6,-0.118822708449744));
#4206=CARTESIAN_POINT('Ctrl Pts',(-0.30244077258781,0.6,-0.124240171686001));
#4207=CARTESIAN_POINT('Ctrl Pts',(-0.304922032570136,0.6,-0.129250661454334));
#4208=CARTESIAN_POINT('Ctrl Pts',(-0.308063966986714,0.6,-0.133708211742128));
#4209=CARTESIAN_POINT('Ctrl Pts',(-0.31181397531256,0.6,-0.137540661582025));
#4210=CARTESIAN_POINT('Ctrl Pts',(-0.316306220593389,0.6,-0.140437824926455));
#4211=CARTESIAN_POINT('Ctrl Pts',(-0.320505124337614,0.6,-0.142245081390569));
#4212=CARTESIAN_POINT('Ctrl Pts',(-0.324281705477897,0.6,-0.143375690823972));
#4213=CARTESIAN_POINT('Ctrl Pts',(-0.327655948090433,0.6,-0.144044625886477));
#4214=CARTESIAN_POINT('Ctrl Pts',(-0.33148334562341,0.6,-0.144634024202318));
#4215=CARTESIAN_POINT('Ctrl Pts',(-0.335776492995347,0.6,-0.145135111052302));
#4216=CARTESIAN_POINT('Ctrl Pts',(-0.34053701418197,0.6,-0.145524000615534));
#4217=CARTESIAN_POINT('Ctrl Pts',(-0.345779577179076,0.6,-0.14583294760185));
#4218=CARTESIAN_POINT('Ctrl Pts',(-0.35149170241185,0.6,-0.1459641189918));
#4219=CARTESIAN_POINT('Ctrl Pts',(-0.355448687377282,0.6,-0.145984014584313));
#4220=CARTESIAN_POINT('Ctrl Pts',(-0.357502003205128,0.6,-0.145994338589931));
#4221=CARTESIAN_POINT('',(-0.299358974358974,0.597,-0.106931838589931));
#4222=CARTESIAN_POINT('Ctrl Pts',(-0.323547676282051,0.597,-0.0720259892309564));
#4223=CARTESIAN_POINT('Ctrl Pts',(-0.323547676282051,0.6006,-0.0720259892309564));
#4224=CARTESIAN_POINT('Ctrl Pts',(-0.321633213290957,0.597,-0.0726966257667098));
#4225=CARTESIAN_POINT('Ctrl Pts',(-0.321633213290957,0.6006,-0.0726966257667098));
#4226=CARTESIAN_POINT('Ctrl Pts',(-0.317942529274446,0.597,-0.0739894726668106));
#4227=CARTESIAN_POINT('Ctrl Pts',(-0.317942529274446,0.6006,-0.0739894726668106));
#4228=CARTESIAN_POINT('Ctrl Pts',(-0.312996667468681,0.597,-0.0769256579522168));
#4229=CARTESIAN_POINT('Ctrl Pts',(-0.312996667468681,0.6006,-0.0769256579522168));
#4230=CARTESIAN_POINT('Ctrl Pts',(-0.308784230799373,0.597,-0.080449065964733));
#4231=CARTESIAN_POINT('Ctrl Pts',(-0.308784230799373,0.6006,-0.080449065964733));
#4232=CARTESIAN_POINT('Ctrl Pts',(-0.305316507673024,0.597,-0.0846219114201567));
#4233=CARTESIAN_POINT('Ctrl Pts',(-0.305316507673024,0.6006,-0.0846219114201567));
#4234=CARTESIAN_POINT('Ctrl Pts',(-0.302651734278994,0.597,-0.0894218629882175));
#4235=CARTESIAN_POINT('Ctrl Pts',(-0.302651734278994,0.6006,-0.0894218629882175));
#4236=CARTESIAN_POINT('Ctrl Pts',(-0.300675881727535,0.597,-0.0947493813308295));
#4237=CARTESIAN_POINT('Ctrl Pts',(-0.300675881727535,0.6006,-0.0947493813308295));
#4238=CARTESIAN_POINT('Ctrl Pts',(-0.299594058614796,0.597,-0.100678940222696));
#4239=CARTESIAN_POINT('Ctrl Pts',(-0.299594058614796,0.6006,-0.100678940222696));
#4240=CARTESIAN_POINT('Ctrl Pts',(-0.299439465900406,0.597,-0.104790880973527));
#4241=CARTESIAN_POINT('Ctrl Pts',(-0.299439465900406,0.6006,-0.104790880973527));
#4242=CARTESIAN_POINT('Ctrl Pts',(-0.299358974358974,0.597,-0.106931838589931));
#4243=CARTESIAN_POINT('Ctrl Pts',(-0.299358974358974,0.6006,-0.106931838589931));
#4244=CARTESIAN_POINT('',(-0.323547676282051,0.6,-0.0720259892309564));
#4245=CARTESIAN_POINT('Ctrl Pts',(-0.323547676282051,0.6,-0.0720259892309564));
#4246=CARTESIAN_POINT('Ctrl Pts',(-0.321633213290957,0.6,-0.0726966257667098));
#4247=CARTESIAN_POINT('Ctrl Pts',(-0.317942529274446,0.6,-0.0739894726668106));
#4248=CARTESIAN_POINT('Ctrl Pts',(-0.312996667468681,0.6,-0.0769256579522168));
#4249=CARTESIAN_POINT('Ctrl Pts',(-0.308784230799373,0.6,-0.080449065964733));
#4250=CARTESIAN_POINT('Ctrl Pts',(-0.305316507673024,0.6,-0.0846219114201567));
#4251=CARTESIAN_POINT('Ctrl Pts',(-0.302651734278994,0.6,-0.0894218629882175));
#4252=CARTESIAN_POINT('Ctrl Pts',(-0.300675881727535,0.6,-0.0947493813308295));
#4253=CARTESIAN_POINT('Ctrl Pts',(-0.299594058614796,0.6,-0.100678940222696));
#4254=CARTESIAN_POINT('Ctrl Pts',(-0.299439465900406,0.6,-0.104790880973527));
#4255=CARTESIAN_POINT('Ctrl Pts',(-0.299358974358974,0.6,-0.106931838589931));
#4256=CARTESIAN_POINT('',(-0.323547676282051,0.597,-0.0720259892309564));
#4257=CARTESIAN_POINT('Ctrl Pts',(-0.353595753205128,0.597,-0.0690712616668538));
#4258=CARTESIAN_POINT('Ctrl Pts',(-0.353595753205128,0.6006,-0.0690712616668538));
#4259=CARTESIAN_POINT('Ctrl Pts',(-0.351909483067985,0.597,-0.0690779331886374));
#4260=CARTESIAN_POINT('Ctrl Pts',(-0.351909483067985,0.6006,-0.0690779331886374));
#4261=CARTESIAN_POINT('Ctrl Pts',(-0.348669777236107,0.597,-0.0690907506889618));
#4262=CARTESIAN_POINT('Ctrl Pts',(-0.348669777236107,0.6006,-0.0690907506889618));
#4263=CARTESIAN_POINT('Ctrl Pts',(-0.343996578758839,0.597,-0.06926946489192));
#4264=CARTESIAN_POINT('Ctrl Pts',(-0.343996578758839,0.6006,-0.06926946489192));
#4265=CARTESIAN_POINT('Ctrl Pts',(-0.339683440565935,0.597,-0.0694219336951077));
#4266=CARTESIAN_POINT('Ctrl Pts',(-0.339683440565935,0.6006,-0.0694219336951077));
#4267=CARTESIAN_POINT('Ctrl Pts',(-0.335747046452388,0.597,-0.0698046186097707));
#4268=CARTESIAN_POINT('Ctrl Pts',(-0.335747046452388,0.6006,-0.0698046186097707));
#4269=CARTESIAN_POINT('Ctrl Pts',(-0.332167895203663,0.597,-0.0701794414839842));
#4270=CARTESIAN_POINT('Ctrl Pts',(-0.332167895203663,0.6006,-0.0701794414839842));
#4271=CARTESIAN_POINT('Ctrl Pts',(-0.328960310148759,0.597,-0.0706840115005416));
#4272=CARTESIAN_POINT('Ctrl Pts',(-0.328960310148759,0.6006,-0.0706840115005416));
#4273=CARTESIAN_POINT('Ctrl Pts',(-0.326108580359828,0.597,-0.0712525474668841));
#4274=CARTESIAN_POINT('Ctrl Pts',(-0.326108580359828,0.6006,-0.0712525474668841));
#4275=CARTESIAN_POINT('Ctrl Pts',(-0.324362465726535,0.597,-0.0717799073137314));
#4276=CARTESIAN_POINT('Ctrl Pts',(-0.324362465726535,0.6006,-0.0717799073137314));
#4277=CARTESIAN_POINT('Ctrl Pts',(-0.323547676282051,0.597,-0.0720259892309564));
#4278=CARTESIAN_POINT('Ctrl Pts',(-0.323547676282051,0.6006,-0.0720259892309564));
#4279=CARTESIAN_POINT('',(-0.353595753205128,0.6,-0.069071261666854));
#4280=CARTESIAN_POINT('Ctrl Pts',(-0.353595753205128,0.6,-0.069071261666854));
#4281=CARTESIAN_POINT('Ctrl Pts',(-0.351909483067985,0.6,-0.0690779331886374));
#4282=CARTESIAN_POINT('Ctrl Pts',(-0.348669777236107,0.6,-0.0690907506889618));
#4283=CARTESIAN_POINT('Ctrl Pts',(-0.343996578758839,0.6,-0.06926946489192));
#4284=CARTESIAN_POINT('Ctrl Pts',(-0.339683440565935,0.6,-0.0694219336951077));
#4285=CARTESIAN_POINT('Ctrl Pts',(-0.335747046452388,0.6,-0.0698046186097707));
#4286=CARTESIAN_POINT('Ctrl Pts',(-0.332167895203663,0.6,-0.0701794414839842));
#4287=CARTESIAN_POINT('Ctrl Pts',(-0.328960310148759,0.6,-0.0706840115005416));
#4288=CARTESIAN_POINT('Ctrl Pts',(-0.326108580359828,0.6,-0.0712525474668841));
#4289=CARTESIAN_POINT('Ctrl Pts',(-0.324362465726535,0.6,-0.0717799073137314));
#4290=CARTESIAN_POINT('Ctrl Pts',(-0.323547676282051,0.6,-0.0720259892309564));
#4291=CARTESIAN_POINT('',(-0.353595753205128,0.597,-0.0690712616668538));
#4292=CARTESIAN_POINT('Origin',(-0.405128205128205,0.597,-0.0690712616668538));
#4293=CARTESIAN_POINT('',(-0.405128205128205,0.6,-0.0690712616668538));
#4294=CARTESIAN_POINT('Origin',(-0.405128205128205,0.597,-0.0402251078207));
#4295=CARTESIAN_POINT('',(-0.405128205128205,0.6,-0.0402251078207));
#4296=CARTESIAN_POINT('',(-0.405128205128205,0.6,0.0463133537177615));
#4297=CARTESIAN_POINT('',(-0.405128205128205,0.6,-0.0402251078207));
#4298=CARTESIAN_POINT('',(-0.405128205128205,0.597,-0.0402251078207));
#4299=CARTESIAN_POINT('',(-0.405128205128205,0.597,0.0463133537177615));
#4300=CARTESIAN_POINT('Origin',(-0.350040064102564,0.597,-0.0402251078207));
#4301=CARTESIAN_POINT('',(-0.350040064102564,0.6,-0.0402251078207));
#4302=CARTESIAN_POINT('',(-0.350040064102564,0.6,-0.0402251078207));
#4303=CARTESIAN_POINT('',(-0.350040064102564,0.597,-0.0402251078207));
#4304=CARTESIAN_POINT('Ctrl Pts',(-0.28974358974359,0.597,0.00304412294853077));
#4305=CARTESIAN_POINT('Ctrl Pts',(-0.28974358974359,0.6006,0.00304412294853077));
#4306=CARTESIAN_POINT('Ctrl Pts',(-0.289812573375273,0.597,0.000767765087132023));
#4307=CARTESIAN_POINT('Ctrl Pts',(-0.289812573375273,0.6006,0.000767765087132023));
#4308=CARTESIAN_POINT('Ctrl Pts',(-0.289947098499017,0.597,-0.003671365116916));
#4309=CARTESIAN_POINT('Ctrl Pts',(-0.289947098499017,0.6006,-0.003671365116916));
#4310=CARTESIAN_POINT('Ctrl Pts',(-0.291225805933211,0.597,-0.0100861331767795));
#4311=CARTESIAN_POINT('Ctrl Pts',(-0.291225805933211,0.6006,-0.0100861331767795));
#4312=CARTESIAN_POINT('Ctrl Pts',(-0.293338021352255,0.597,-0.0160359103091818));
#4313=CARTESIAN_POINT('Ctrl Pts',(-0.293338021352255,0.6006,-0.0160359103091818));
#4314=CARTESIAN_POINT('Ctrl Pts',(-0.296311405196698,0.597,-0.021438298079463));
#4315=CARTESIAN_POINT('Ctrl Pts',(-0.296311405196698,0.6006,-0.021438298079463));
#4316=CARTESIAN_POINT('Ctrl Pts',(-0.299958415691804,0.597,-0.0262972807511895));
#4317=CARTESIAN_POINT('Ctrl Pts',(-0.299958415691804,0.6006,-0.0262972807511895));
#4318=CARTESIAN_POINT('Ctrl Pts',(-0.304370930129837,0.597,-0.0304190234845653));
#4319=CARTESIAN_POINT('Ctrl Pts',(-0.304370930129837,0.6006,-0.0304190234845653));
#4320=CARTESIAN_POINT('Ctrl Pts',(-0.309515954472743,0.597,-0.0336898301829399));
#4321=CARTESIAN_POINT('Ctrl Pts',(-0.309515954472743,0.6006,-0.0336898301829399));
#4322=CARTESIAN_POINT('Ctrl Pts',(-0.315409301484536,0.597,-0.0362567804219013));
#4323=CARTESIAN_POINT('Ctrl Pts',(-0.315409301484536,0.6006,-0.0362567804219013));
#4324=CARTESIAN_POINT('Ctrl Pts',(-0.322297443637166,0.597,-0.0380831213064307));
#4325=CARTESIAN_POINT('Ctrl Pts',(-0.322297443637166,0.6006,-0.0380831213064307));
#4326=CARTESIAN_POINT('Ctrl Pts',(-0.330370548853557,0.597,-0.0393221829719408));
#4327=CARTESIAN_POINT('Ctrl Pts',(-0.330370548853557,0.6006,-0.0393221829719408));
#4328=CARTESIAN_POINT('Ctrl Pts',(-0.339757748978332,0.597,-0.0401217197646381));
#4329=CARTESIAN_POINT('Ctrl Pts',(-0.339757748978332,0.6006,-0.0401217197646381));
#4330=CARTESIAN_POINT('Ctrl Pts',(-0.346465826074894,0.597,-0.0401891690737234));
#4331=CARTESIAN_POINT('Ctrl Pts',(-0.346465826074894,0.6006,-0.0401891690737234));
#4332=CARTESIAN_POINT('Ctrl Pts',(-0.350040064102564,0.597,-0.0402251078207));
#4333=CARTESIAN_POINT('Ctrl Pts',(-0.350040064102564,0.6006,-0.0402251078207));
#4334=CARTESIAN_POINT('',(-0.28974358974359,0.6,0.00304412294853077));
#4335=CARTESIAN_POINT('Ctrl Pts',(-0.28974358974359,0.6,0.00304412294853077));
#4336=CARTESIAN_POINT('Ctrl Pts',(-0.289812573375273,0.6,0.000767765087132023));
#4337=CARTESIAN_POINT('Ctrl Pts',(-0.289947098499017,0.6,-0.003671365116916));
#4338=CARTESIAN_POINT('Ctrl Pts',(-0.291225805933211,0.6,-0.0100861331767795));
#4339=CARTESIAN_POINT('Ctrl Pts',(-0.293338021352255,0.6,-0.0160359103091818));
#4340=CARTESIAN_POINT('Ctrl Pts',(-0.296311405196698,0.6,-0.021438298079463));
#4341=CARTESIAN_POINT('Ctrl Pts',(-0.299958415691804,0.6,-0.0262972807511895));
#4342=CARTESIAN_POINT('Ctrl Pts',(-0.304370930129837,0.6,-0.0304190234845653));
#4343=CARTESIAN_POINT('Ctrl Pts',(-0.309515954472743,0.6,-0.0336898301829399));
#4344=CARTESIAN_POINT('Ctrl Pts',(-0.315409301484536,0.6,-0.0362567804219013));
#4345=CARTESIAN_POINT('Ctrl Pts',(-0.322297443637166,0.6,-0.0380831213064307));
#4346=CARTESIAN_POINT('Ctrl Pts',(-0.330370548853557,0.6,-0.0393221829719408));
#4347=CARTESIAN_POINT('Ctrl Pts',(-0.339757748978332,0.6,-0.0401217197646381));
#4348=CARTESIAN_POINT('Ctrl Pts',(-0.346465826074894,0.6,-0.0401891690737234));
#4349=CARTESIAN_POINT('Ctrl Pts',(-0.350040064102564,0.6,-0.0402251078207));
#4350=CARTESIAN_POINT('',(-0.28974358974359,0.597,0.00304412294853077));
#4351=CARTESIAN_POINT('Ctrl Pts',(-0.324599358974359,0.597,0.0451114306408385));
#4352=CARTESIAN_POINT('Ctrl Pts',(-0.324599358974359,0.6006,0.0451114306408385));
#4353=CARTESIAN_POINT('Ctrl Pts',(-0.32285430471673,0.597,0.0447446379182634));
#4354=CARTESIAN_POINT('Ctrl Pts',(-0.32285430471673,0.6006,0.0447446379182634));
#4355=CARTESIAN_POINT('Ctrl Pts',(-0.319475428505342,0.597,0.0440344323762864));
#4356=CARTESIAN_POINT('Ctrl Pts',(-0.319475428505342,0.6006,0.0440344323762864));
#4357=CARTESIAN_POINT('Ctrl Pts',(-0.31471202376073,0.597,0.0424493276995447));
#4358=CARTESIAN_POINT('Ctrl Pts',(-0.31471202376073,0.6006,0.0424493276995447));
#4359=CARTESIAN_POINT('Ctrl Pts',(-0.310344583811469,0.597,0.040633505811112));
#4360=CARTESIAN_POINT('Ctrl Pts',(-0.310344583811469,0.6006,0.040633505811112));
#4361=CARTESIAN_POINT('Ctrl Pts',(-0.30644933572284,0.597,0.038325797919346));
#4362=CARTESIAN_POINT('Ctrl Pts',(-0.30644933572284,0.6006,0.038325797919346));
#4363=CARTESIAN_POINT('Ctrl Pts',(-0.302842429449035,0.597,0.0356663226573081));
#4364=CARTESIAN_POINT('Ctrl Pts',(-0.302842429449035,0.6006,0.0356663226573081));
#4365=CARTESIAN_POINT('Ctrl Pts',(-0.299707759450298,0.597,0.0323445107840316));
#4366=CARTESIAN_POINT('Ctrl Pts',(-0.299707759450298,0.6006,0.0323445107840316));
#4367=CARTESIAN_POINT('Ctrl Pts',(-0.296820579585231,0.597,0.0285703700493612));
#4368=CARTESIAN_POINT('Ctrl Pts',(-0.296820579585231,0.6006,0.0285703700493612));
#4369=CARTESIAN_POINT('Ctrl Pts',(-0.294319092421347,0.597,0.0242512952944398));
#4370=CARTESIAN_POINT('Ctrl Pts',(-0.294319092421347,0.6006,0.0242512952944398));
#4371=CARTESIAN_POINT('Ctrl Pts',(-0.292296276823429,0.597,0.0194732478705304));
#4372=CARTESIAN_POINT('Ctrl Pts',(-0.292296276823429,0.6006,0.0194732478705304));
#4373=CARTESIAN_POINT('Ctrl Pts',(-0.290750273470537,0.597,0.0143100519767698));
#4374=CARTESIAN_POINT('Ctrl Pts',(-0.290750273470537,0.6006,0.0143100519767698));
#4375=CARTESIAN_POINT('Ctrl Pts',(-0.289926759477213,0.597,0.00877981086816954));
#4376=CARTESIAN_POINT('Ctrl Pts',(-0.289926759477213,0.6006,0.00877981086816954));
#4377=CARTESIAN_POINT('Ctrl Pts',(-0.28980550796515,0.597,0.00498300001289698));
#4378=CARTESIAN_POINT('Ctrl Pts',(-0.28980550796515,0.6006,0.00498300001289698));
#4379=CARTESIAN_POINT('Ctrl Pts',(-0.28974358974359,0.597,0.00304412294853077));
#4380=CARTESIAN_POINT('Ctrl Pts',(-0.28974358974359,0.6006,0.00304412294853077));
#4381=CARTESIAN_POINT('',(-0.324599358974359,0.6,0.0451114306408385));
#4382=CARTESIAN_POINT('Ctrl Pts',(-0.324599358974359,0.6,0.0451114306408385));
#4383=CARTESIAN_POINT('Ctrl Pts',(-0.32285430471673,0.6,0.0447446379182634));
#4384=CARTESIAN_POINT('Ctrl Pts',(-0.319475428505342,0.6,0.0440344323762864));
#4385=CARTESIAN_POINT('Ctrl Pts',(-0.31471202376073,0.6,0.0424493276995447));
#4386=CARTESIAN_POINT('Ctrl Pts',(-0.310344583811469,0.6,0.040633505811112));
#4387=CARTESIAN_POINT('Ctrl Pts',(-0.30644933572284,0.6,0.038325797919346));
#4388=CARTESIAN_POINT('Ctrl Pts',(-0.302842429449035,0.6,0.0356663226573081));
#4389=CARTESIAN_POINT('Ctrl Pts',(-0.299707759450298,0.6,0.0323445107840316));
#4390=CARTESIAN_POINT('Ctrl Pts',(-0.296820579585231,0.6,0.0285703700493612));
#4391=CARTESIAN_POINT('Ctrl Pts',(-0.294319092421347,0.6,0.0242512952944398));
#4392=CARTESIAN_POINT('Ctrl Pts',(-0.292296276823429,0.6,0.0194732478705304));
#4393=CARTESIAN_POINT('Ctrl Pts',(-0.290750273470537,0.6,0.0143100519767698));
#4394=CARTESIAN_POINT('Ctrl Pts',(-0.289926759477213,0.6,0.00877981086816954));
#4395=CARTESIAN_POINT('Ctrl Pts',(-0.28980550796515,0.6,0.00498300001289698));
#4396=CARTESIAN_POINT('Ctrl Pts',(-0.28974358974359,0.6,0.00304412294853077));
#4397=CARTESIAN_POINT('',(-0.324599358974359,0.597,0.0451114306408385));
#4398=CARTESIAN_POINT('Ctrl Pts',(-0.345983573717949,0.597,0.0463133537177615));
#4399=CARTESIAN_POINT('Ctrl Pts',(-0.345983573717949,0.6006,0.0463133537177615));
#4400=CARTESIAN_POINT('Ctrl Pts',(-0.343629753828888,0.597,0.0462863116591985));
#4401=CARTESIAN_POINT('Ctrl Pts',(-0.343629753828888,0.6006,0.0462863116591985));
#4402=CARTESIAN_POINT('Ctrl Pts',(-0.339305137280644,0.597,0.0462366279367931));
#4403=CARTESIAN_POINT('Ctrl Pts',(-0.339305137280644,0.6006,0.0462366279367931));
#4404=CARTESIAN_POINT('Ctrl Pts',(-0.333389906747256,0.597,0.0460807676815765));
#4405=CARTESIAN_POINT('Ctrl Pts',(-0.333389906747256,0.6006,0.0460807676815765));
#4406=CARTESIAN_POINT('Ctrl Pts',(-0.328608571675576,0.597,0.0457000593808816));
#4407=CARTESIAN_POINT('Ctrl Pts',(-0.328608571675576,0.6006,0.0457000593808816));
#4408=CARTESIAN_POINT('Ctrl Pts',(-0.325816524663749,0.597,0.0452901337328325));
#4409=CARTESIAN_POINT('Ctrl Pts',(-0.325816524663749,0.6006,0.0452901337328325));
#4410=CARTESIAN_POINT('Ctrl Pts',(-0.324599358974359,0.597,0.0451114306408385));
#4411=CARTESIAN_POINT('Ctrl Pts',(-0.324599358974359,0.6006,0.0451114306408385));
#4412=CARTESIAN_POINT('',(-0.345983573717949,0.6,0.0463133537177615));
#4413=CARTESIAN_POINT('Ctrl Pts',(-0.345983573717949,0.6,0.0463133537177615));
#4414=CARTESIAN_POINT('Ctrl Pts',(-0.343629753828888,0.6,0.0462863116591985));
#4415=CARTESIAN_POINT('Ctrl Pts',(-0.339305137280644,0.6,0.0462366279367931));
#4416=CARTESIAN_POINT('Ctrl Pts',(-0.333389906747256,0.6,0.0460807676815765));
#4417=CARTESIAN_POINT('Ctrl Pts',(-0.328608571675576,0.6,0.0457000593808816));
#4418=CARTESIAN_POINT('Ctrl Pts',(-0.325816524663749,0.6,0.0452901337328325));
#4419=CARTESIAN_POINT('Ctrl Pts',(-0.324599358974359,0.6,0.0451114306408385));
#4420=CARTESIAN_POINT('',(-0.345983573717949,0.597,0.0463133537177615));
#4421=CARTESIAN_POINT('Origin',(-0.405128205128205,0.597,0.0463133537177615));
#4422=CARTESIAN_POINT('',(-0.405128205128205,0.6,0.0463133537177615));
#4423=CARTESIAN_POINT('Origin',(1.33228756555323,0.6,-1.08228756555323));
#4424=CARTESIAN_POINT('Origin',(1.33228756555323,0.6,-1.08228756555323));
#4425=CARTESIAN_POINT('Origin',(-0.180769230769231,0.597,0.0751595075639154));
#4426=CARTESIAN_POINT('',(-0.180769230769231,0.597,0.0751595075639154));
#4427=CARTESIAN_POINT('',(-0.180769230769231,0.597,0.0751595075639154));
#4428=CARTESIAN_POINT('',(-0.216025641025641,0.597,0.0751595075639154));
#4429=CARTESIAN_POINT('',(-0.180769230769231,0.597,0.0751595075639154));
#4430=CARTESIAN_POINT('',(-0.216025641025641,0.597,0.0751595075639154));
#4431=CARTESIAN_POINT('Origin',(-0.216025641025641,0.597,0.0751595075639154));
#4432=CARTESIAN_POINT('',(-0.216025641025641,0.597,-0.174840492436085));
#4433=CARTESIAN_POINT('',(-0.216025641025641,0.597,0.0751595075639154));
#4434=CARTESIAN_POINT('',(-0.216025641025641,0.597,-0.174840492436085));
#4435=CARTESIAN_POINT('Origin',(-0.216025641025641,0.597,-0.174840492436085));
#4436=CARTESIAN_POINT('',(-0.16299078525641,0.597,-0.174840492436085));
#4437=CARTESIAN_POINT('',(-0.216025641025641,0.597,-0.174840492436085));
#4438=CARTESIAN_POINT('',(-0.16299078525641,0.597,-0.174840492436085));
#4439=CARTESIAN_POINT('Origin',(-0.16299078525641,0.597,-0.174840492436085));
#4440=CARTESIAN_POINT('',(-0.107101362179487,0.597,0.000590196666479468));
#4441=CARTESIAN_POINT('',(-0.16299078525641,0.597,-0.174840492436085));
#4442=CARTESIAN_POINT('',(-0.107101362179487,0.597,0.000590196666479468));
#4443=CARTESIAN_POINT('Ctrl Pts',(-0.107101362179487,0.597,0.000590196666479468));
#4444=CARTESIAN_POINT('Ctrl Pts',(-0.107101362179487,0.6006,0.000590196666479468));
#4445=CARTESIAN_POINT('Ctrl Pts',(-0.10648629670255,0.597,0.00257752064395847));
#4446=CARTESIAN_POINT('Ctrl Pts',(-0.10648629670255,0.6006,0.00257752064395847));
#4447=CARTESIAN_POINT('Ctrl Pts',(-0.10529679587435,0.597,0.00642088953028734));
#4448=CARTESIAN_POINT('Ctrl Pts',(-0.10529679587435,0.6006,0.00642088953028734));
#4449=CARTESIAN_POINT('Ctrl Pts',(-0.103532907270436,0.597,0.0119710678539036));
#4450=CARTESIAN_POINT('Ctrl Pts',(-0.103532907270436,0.6006,0.0119710678539036));
#4451=CARTESIAN_POINT('Ctrl Pts',(-0.101928064349096,0.597,0.0171287145293605));
#4452=CARTESIAN_POINT('Ctrl Pts',(-0.101928064349096,0.6006,0.0171287145293605));
#4453=CARTESIAN_POINT('Ctrl Pts',(-0.10048265058979,0.597,0.0219102466180965));
#4454=CARTESIAN_POINT('Ctrl Pts',(-0.10048265058979,0.6006,0.0219102466180965));
#4455=CARTESIAN_POINT('Ctrl Pts',(-0.099118594950725,0.597,0.0262919240318902));
#4456=CARTESIAN_POINT('Ctrl Pts',(-0.099118594950725,0.6006,0.0262919240318902));
#4457=CARTESIAN_POINT('Ctrl Pts',(-0.0979375376971253,0.597,0.0303097016656691));
#4458=CARTESIAN_POINT('Ctrl Pts',(-0.0979375376971253,0.6006,0.0303097016656691));
#4459=CARTESIAN_POINT('Ctrl Pts',(-0.0968084085385831,0.597,0.0339189330783104));
#4460=CARTESIAN_POINT('Ctrl Pts',(-0.0968084085385831,0.6006,0.0339189330783104));
#4461=CARTESIAN_POINT('Ctrl Pts',(-0.0961466883969257,0.597,0.0362127176539363));
#4462=CARTESIAN_POINT('Ctrl Pts',(-0.0961466883969257,0.6006,0.0362127176539363));
#4463=CARTESIAN_POINT('Ctrl Pts',(-0.0958333333333332,0.597,0.0372989306408384));
#4464=CARTESIAN_POINT('Ctrl Pts',(-0.0958333333333332,0.6006,0.0372989306408384));
#4465=CARTESIAN_POINT('',(-0.0958333333333332,0.597,0.0372989306408384));
#4466=CARTESIAN_POINT('Ctrl Pts',(-0.107101362179487,0.597,0.000590196666479468));
#4467=CARTESIAN_POINT('Ctrl Pts',(-0.10648629670255,0.597,0.00257752064395847));
#4468=CARTESIAN_POINT('Ctrl Pts',(-0.10529679587435,0.597,0.00642088953028734));
#4469=CARTESIAN_POINT('Ctrl Pts',(-0.103532907270436,0.597,0.0119710678539036));
#4470=CARTESIAN_POINT('Ctrl Pts',(-0.101928064349096,0.597,0.0171287145293605));
#4471=CARTESIAN_POINT('Ctrl Pts',(-0.10048265058979,0.597,0.0219102466180965));
#4472=CARTESIAN_POINT('Ctrl Pts',(-0.099118594950725,0.597,0.0262919240318902));
#4473=CARTESIAN_POINT('Ctrl Pts',(-0.0979375376971253,0.597,0.0303097016656691));
#4474=CARTESIAN_POINT('Ctrl Pts',(-0.0968084085385831,0.597,0.0339189330783104));
#4475=CARTESIAN_POINT('Ctrl Pts',(-0.0961466883969257,0.597,0.0362127176539363));
#4476=CARTESIAN_POINT('Ctrl Pts',(-0.0958333333333332,0.597,0.0372989306408384));
#4477=CARTESIAN_POINT('',(-0.0958333333333332,0.597,0.0372989306408384));
#4478=CARTESIAN_POINT('Ctrl Pts',(-0.0958333333333332,0.597,0.0372989306408384));
#4479=CARTESIAN_POINT('Ctrl Pts',(-0.0958333333333332,0.6006,0.0372989306408384));
#4480=CARTESIAN_POINT('Ctrl Pts',(-0.0954843285564627,0.597,0.0361132341834192));
#4481=CARTESIAN_POINT('Ctrl Pts',(-0.0954843285564627,0.6006,0.0361132341834192));
#4482=CARTESIAN_POINT('Ctrl Pts',(-0.0947416240725719,0.597,0.033589996297235));
#4483=CARTESIAN_POINT('Ctrl Pts',(-0.0947416240725719,0.6006,0.033589996297235));
#4484=CARTESIAN_POINT('Ctrl Pts',(-0.0935375813794266,0.597,0.029622637252888));
#4485=CARTESIAN_POINT('Ctrl Pts',(-0.0935375813794266,0.6006,0.029622637252888));
#4486=CARTESIAN_POINT('Ctrl Pts',(-0.0922564456731138,0.597,0.0252323080411097));
#4487=CARTESIAN_POINT('Ctrl Pts',(-0.0922564456731138,0.6006,0.0252323080411097));
#4488=CARTESIAN_POINT('Ctrl Pts',(-0.0907233189287951,0.597,0.0204944712613387));
#4489=CARTESIAN_POINT('Ctrl Pts',(-0.0907233189287951,0.6006,0.0204944712613387));
#4490=CARTESIAN_POINT('Ctrl Pts',(-0.0891252157430048,0.597,0.015334805125939));
#4491=CARTESIAN_POINT('Ctrl Pts',(-0.0891252157430048,0.6006,0.015334805125939));
#4492=CARTESIAN_POINT('Ctrl Pts',(-0.0874477984635132,0.597,0.00975759457096602));
#4493=CARTESIAN_POINT('Ctrl Pts',(-0.0874477984635132,0.6006,0.00975759457096602));
#4494=CARTESIAN_POINT('Ctrl Pts',(-0.0855129302966324,0.597,0.00381852135517674));
#4495=CARTESIAN_POINT('Ctrl Pts',(-0.0855129302966324,0.6006,0.00381852135517674));
#4496=CARTESIAN_POINT('Ctrl Pts',(-0.0842271137017906,0.597,-0.000293190316002359));
#4497=CARTESIAN_POINT('Ctrl Pts',(-0.0842271137017906,0.6006,-0.000293190316002359));
#4498=CARTESIAN_POINT('Ctrl Pts',(-0.0835637019230767,0.597,-0.00241461102582824));
#4499=CARTESIAN_POINT('Ctrl Pts',(-0.0835637019230767,0.6006,-0.00241461102582824));
#4500=CARTESIAN_POINT('',(-0.0835637019230767,0.597,-0.00241461102582824));
#4501=CARTESIAN_POINT('Ctrl Pts',(-0.0958333333333332,0.597,0.0372989306408384));
#4502=CARTESIAN_POINT('Ctrl Pts',(-0.0954843285564627,0.597,0.0361132341834192));
#4503=CARTESIAN_POINT('Ctrl Pts',(-0.0947416240725719,0.597,0.033589996297235));
#4504=CARTESIAN_POINT('Ctrl Pts',(-0.0935375813794266,0.597,0.029622637252888));
#4505=CARTESIAN_POINT('Ctrl Pts',(-0.0922564456731138,0.597,0.0252323080411097));
#4506=CARTESIAN_POINT('Ctrl Pts',(-0.0907233189287951,0.597,0.0204944712613387));
#4507=CARTESIAN_POINT('Ctrl Pts',(-0.0891252157430048,0.597,0.015334805125939));
#4508=CARTESIAN_POINT('Ctrl Pts',(-0.0874477984635132,0.597,0.00975759457096602));
#4509=CARTESIAN_POINT('Ctrl Pts',(-0.0855129302966324,0.597,0.00381852135517674));
#4510=CARTESIAN_POINT('Ctrl Pts',(-0.0842271137017906,0.597,-0.000293190316002359));
#4511=CARTESIAN_POINT('Ctrl Pts',(-0.0835637019230767,0.597,-0.00241461102582824));
#4512=CARTESIAN_POINT('',(-0.0835637019230767,0.597,-0.00241461102582824));
#4513=CARTESIAN_POINT('Origin',(-0.0835637019230767,0.597,-0.00241461102582824));
#4514=CARTESIAN_POINT('',(-0.0282251602564101,0.597,-0.174840492436085));
#4515=CARTESIAN_POINT('',(-0.0835637019230767,0.597,-0.00241461102582824));
#4516=CARTESIAN_POINT('',(-0.0282251602564101,0.597,-0.174840492436085));
#4517=CARTESIAN_POINT('Origin',(-0.0282251602564101,0.597,-0.174840492436085));
#4518=CARTESIAN_POINT('',(0.0243589743589745,0.597,-0.174840492436085));
#4519=CARTESIAN_POINT('',(-0.0282251602564101,0.597,-0.174840492436085));
#4520=CARTESIAN_POINT('',(0.0243589743589745,0.597,-0.174840492436085));
#4521=CARTESIAN_POINT('Origin',(0.0243589743589745,0.597,-0.174840492436085));
#4522=CARTESIAN_POINT('',(0.0243589743589745,0.597,0.0751595075639154));
#4523=CARTESIAN_POINT('',(0.0243589743589745,0.597,-0.174840492436085));
#4524=CARTESIAN_POINT('',(0.0243589743589745,0.597,0.0751595075639154));
#4525=CARTESIAN_POINT('Origin',(0.0243589743589745,0.597,0.0751595075639154));
#4526=CARTESIAN_POINT('',(-0.0108974358974357,0.597,0.0751595075639154));
#4527=CARTESIAN_POINT('',(0.0243589743589745,0.597,0.0751595075639154));
#4528=CARTESIAN_POINT('',(-0.0108974358974357,0.597,0.0751595075639154));
#4529=CARTESIAN_POINT('Origin',(-0.0108974358974357,0.597,0.0751595075639154));
#4530=CARTESIAN_POINT('',(-0.0108974358974357,0.597,-0.136378953974546));
#4531=CARTESIAN_POINT('',(-0.0108974358974357,0.597,0.0751595075639154));
#4532=CARTESIAN_POINT('',(-0.0108974358974357,0.597,-0.136378953974546));
#4533=CARTESIAN_POINT('Origin',(-0.0108974358974357,0.597,-0.136378953974546));
#4534=CARTESIAN_POINT('',(-0.0776041666666665,0.597,0.0751595075639154));
#4535=CARTESIAN_POINT('',(-0.0108974358974357,0.597,-0.136378953974546));
#4536=CARTESIAN_POINT('',(-0.0776041666666665,0.597,0.0751595075639154));
#4537=CARTESIAN_POINT('Origin',(-0.0776041666666665,0.597,0.0751595075639154));
#4538=CARTESIAN_POINT('',(-0.114463141025641,0.597,0.0751595075639154));
#4539=CARTESIAN_POINT('',(-0.0776041666666665,0.597,0.0751595075639154));
#4540=CARTESIAN_POINT('',(-0.114463141025641,0.597,0.0751595075639154));
#4541=CARTESIAN_POINT('Origin',(-0.114463141025641,0.597,0.0751595075639154));
#4542=CARTESIAN_POINT('',(-0.180769230769231,0.597,-0.136378953974546));
#4543=CARTESIAN_POINT('',(-0.114463141025641,0.597,0.0751595075639154));
#4544=CARTESIAN_POINT('',(-0.180769230769231,0.597,-0.136378953974546));
#4545=CARTESIAN_POINT('Origin',(-0.180769230769231,0.597,-0.136378953974546));
#4546=CARTESIAN_POINT('',(-0.180769230769231,0.597,-0.136378953974546));
#4547=CARTESIAN_POINT('Origin',(-0.101388042824881,0.597,0.0189202992496118));
#4548=CARTESIAN_POINT('Origin',(0.175,0.597,-0.174840492436085));
#4549=CARTESIAN_POINT('',(0.175,0.597,-0.174840492436085));
#4550=CARTESIAN_POINT('',(0.175,0.597,-0.174840492436085));
#4551=CARTESIAN_POINT('',(0.175,0.597,0.0751595075639154));
#4552=CARTESIAN_POINT('',(0.175,0.597,-0.174840492436085));
#4553=CARTESIAN_POINT('',(0.175,0.597,0.0751595075639154));
#4554=CARTESIAN_POINT('Origin',(0.175,0.597,0.0751595075639154));
#4555=CARTESIAN_POINT('',(0.142948717948718,0.597,0.0751595075639154));
#4556=CARTESIAN_POINT('',(0.175,0.597,0.0751595075639154));
#4557=CARTESIAN_POINT('',(0.142948717948718,0.597,0.0751595075639154));
#4558=CARTESIAN_POINT('Origin',(0.142948717948718,0.597,0.0751595075639154));
#4559=CARTESIAN_POINT('',(0.142948717948718,0.597,-0.119652191154033));
#4560=CARTESIAN_POINT('',(0.142948717948718,0.597,0.0751595075639154));
#4561=CARTESIAN_POINT('',(0.142948717948718,0.597,-0.119652191154033));
#4562=CARTESIAN_POINT('Ctrl Pts',(0.142948717948718,0.597,-0.119652191154033));
#4563=CARTESIAN_POINT('Ctrl Pts',(0.142948717948718,0.6006,-0.119652191154033));
#4564=CARTESIAN_POINT('Ctrl Pts',(0.141103202292476,0.597,-0.117872418361184));
#4565=CARTESIAN_POINT('Ctrl Pts',(0.141103202292476,0.6006,-0.117872418361184));
#4566=CARTESIAN_POINT('Ctrl Pts',(0.137267500250326,0.597,-0.11417335565586));
#4567=CARTESIAN_POINT('Ctrl Pts',(0.137267500250326,0.6006,-0.11417335565586));
#4568=CARTESIAN_POINT('Ctrl Pts',(0.130783651157182,0.597,-0.108938258236929));
#4569=CARTESIAN_POINT('Ctrl Pts',(0.130783651157182,0.6006,-0.108938258236929));
#4570=CARTESIAN_POINT('Ctrl Pts',(0.123546846941779,0.597,-0.103632265095175));
#4571=CARTESIAN_POINT('Ctrl Pts',(0.123546846941779,0.6006,-0.103632265095175));
#4572=CARTESIAN_POINT('Ctrl Pts',(0.115651062111669,0.597,-0.0985299595059553));
#4573=CARTESIAN_POINT('Ctrl Pts',(0.115651062111669,0.6006,-0.0985299595059553));
#4574=CARTESIAN_POINT('Ctrl Pts',(0.107602645190745,0.597,-0.0937266890326898));
#4575=CARTESIAN_POINT('Ctrl Pts',(0.107602645190745,0.6006,-0.0937266890326898));
#4576=CARTESIAN_POINT('Ctrl Pts',(0.0998248864419198,0.597,-0.0894068857019894));
#4577=CARTESIAN_POINT('Ctrl Pts',(0.0998248864419198,0.6006,-0.0894068857019894));
#4578=CARTESIAN_POINT('Ctrl Pts',(0.0924476388601113,0.597,-0.0857512839773908));
#4579=CARTESIAN_POINT('Ctrl Pts',(0.0924476388601113,0.6006,-0.0857512839773908));
#4580=CARTESIAN_POINT('Ctrl Pts',(0.0875882060329333,0.597,-0.0837523864922763));
#4581=CARTESIAN_POINT('Ctrl Pts',(0.0875882060329333,0.6006,-0.0837523864922763));
#4582=CARTESIAN_POINT('Ctrl Pts',(0.0852564102564105,0.597,-0.082793216795059));
#4583=CARTESIAN_POINT('Ctrl Pts',(0.0852564102564105,0.6006,-0.082793216795059));
#4584=CARTESIAN_POINT('',(0.0852564102564105,0.597,-0.082793216795059));
#4585=CARTESIAN_POINT('Ctrl Pts',(0.142948717948718,0.597,-0.119652191154033));
#4586=CARTESIAN_POINT('Ctrl Pts',(0.141103202292476,0.597,-0.117872418361184));
#4587=CARTESIAN_POINT('Ctrl Pts',(0.137267500250326,0.597,-0.11417335565586));
#4588=CARTESIAN_POINT('Ctrl Pts',(0.130783651157182,0.597,-0.108938258236929));
#4589=CARTESIAN_POINT('Ctrl Pts',(0.123546846941779,0.597,-0.103632265095175));
#4590=CARTESIAN_POINT('Ctrl Pts',(0.115651062111669,0.597,-0.0985299595059553));
#4591=CARTESIAN_POINT('Ctrl Pts',(0.107602645190745,0.597,-0.0937266890326898));
#4592=CARTESIAN_POINT('Ctrl Pts',(0.0998248864419198,0.597,-0.0894068857019894));
#4593=CARTESIAN_POINT('Ctrl Pts',(0.0924476388601113,0.597,-0.0857512839773908));
#4594=CARTESIAN_POINT('Ctrl Pts',(0.0875882060329333,0.597,-0.0837523864922763));
#4595=CARTESIAN_POINT('Ctrl Pts',(0.0852564102564105,0.597,-0.082793216795059));
#4596=CARTESIAN_POINT('',(0.0852564102564105,0.597,-0.082793216795059));
#4597=CARTESIAN_POINT('Origin',(0.0852564102564105,0.597,-0.082793216795059));
#4598=CARTESIAN_POINT('',(0.0852564102564105,0.597,-0.112340492436085));
#4599=CARTESIAN_POINT('',(0.0852564102564105,0.597,-0.082793216795059));
#4600=CARTESIAN_POINT('',(0.0852564102564105,0.597,-0.112340492436085));
#4601=CARTESIAN_POINT('Ctrl Pts',(0.0852564102564105,0.597,-0.112340492436085));
#4602=CARTESIAN_POINT('Ctrl Pts',(0.0852564102564105,0.6006,-0.112340492436085));
#4603=CARTESIAN_POINT('Ctrl Pts',(0.0892615104744017,0.597,-0.114403127066738));
#4604=CARTESIAN_POINT('Ctrl Pts',(0.0892615104744017,0.6006,-0.114403127066738));
#4605=CARTESIAN_POINT('Ctrl Pts',(0.0971553258483314,0.597,-0.11846845778808));
#4606=CARTESIAN_POINT('Ctrl Pts',(0.0971553258483314,0.6006,-0.11846845778808));
#4607=CARTESIAN_POINT('Ctrl Pts',(0.108307580020564,0.597,-0.125489842805319));
#4608=CARTESIAN_POINT('Ctrl Pts',(0.108307580020564,0.6006,-0.125489842805319));
#4609=CARTESIAN_POINT('Ctrl Pts',(0.118719408952757,0.597,-0.133101313204588));
#4610=CARTESIAN_POINT('Ctrl Pts',(0.118719408952757,0.6006,-0.133101313204588));
#4611=CARTESIAN_POINT('Ctrl Pts',(0.128218455655357,0.597,-0.141301183804319));
#4612=CARTESIAN_POINT('Ctrl Pts',(0.128218455655357,0.6006,-0.141301183804319));
#4613=CARTESIAN_POINT('Ctrl Pts',(0.136733745732478,0.597,-0.149682923533067));
#4614=CARTESIAN_POINT('Ctrl Pts',(0.136733745732478,0.6006,-0.149682923533067));
#4615=CARTESIAN_POINT('Ctrl Pts',(0.1439097043375,0.597,-0.15814042814971));
#4616=CARTESIAN_POINT('Ctrl Pts',(0.1439097043375,0.6006,-0.15814042814971));
#4617=CARTESIAN_POINT('Ctrl Pts',(0.149914089863374,0.597,-0.166363682069131));
#4618=CARTESIAN_POINT('Ctrl Pts',(0.149914089863374,0.6006,-0.166363682069131));
#4619=CARTESIAN_POINT('Ctrl Pts',(0.152926603829321,0.597,-0.172098489724526));
#4620=CARTESIAN_POINT('Ctrl Pts',(0.152926603829321,0.6006,-0.172098489724526));
#4621=CARTESIAN_POINT('Ctrl Pts',(0.154366987179487,0.597,-0.174840492436085));
#4622=CARTESIAN_POINT('Ctrl Pts',(0.154366987179487,0.6006,-0.174840492436085));
#4623=CARTESIAN_POINT('',(0.154366987179487,0.597,-0.174840492436085));
#4624=CARTESIAN_POINT('Ctrl Pts',(0.0852564102564105,0.597,-0.112340492436085));
#4625=CARTESIAN_POINT('Ctrl Pts',(0.0892615104744017,0.597,-0.114403127066738));
#4626=CARTESIAN_POINT('Ctrl Pts',(0.0971553258483314,0.597,-0.11846845778808));
#4627=CARTESIAN_POINT('Ctrl Pts',(0.108307580020564,0.597,-0.125489842805319));
#4628=CARTESIAN_POINT('Ctrl Pts',(0.118719408952757,0.597,-0.133101313204588));
#4629=CARTESIAN_POINT('Ctrl Pts',(0.128218455655357,0.597,-0.141301183804319));
#4630=CARTESIAN_POINT('Ctrl Pts',(0.136733745732478,0.597,-0.149682923533067));
#4631=CARTESIAN_POINT('Ctrl Pts',(0.1439097043375,0.597,-0.15814042814971));
#4632=CARTESIAN_POINT('Ctrl Pts',(0.149914089863374,0.597,-0.166363682069131));
#4633=CARTESIAN_POINT('Ctrl Pts',(0.152926603829321,0.597,-0.172098489724526));
#4634=CARTESIAN_POINT('Ctrl Pts',(0.154366987179487,0.597,-0.174840492436085));
#4635=CARTESIAN_POINT('',(0.154366987179487,0.597,-0.174840492436085));
#4636=CARTESIAN_POINT('Origin',(0.154366987179487,0.597,-0.174840492436085));
#4637=CARTESIAN_POINT('',(0.154366987179487,0.597,-0.174840492436085));
#4638=CARTESIAN_POINT('Origin',(0.115754534743631,0.597,-0.0986614298191031));
#4639=CARTESIAN_POINT('Ctrl Pts',(0.279417067307693,0.597,0.0542760941023769));
#4640=CARTESIAN_POINT('Ctrl Pts',(0.279417067307693,0.6006,0.0542760941023769));
#4641=CARTESIAN_POINT('Ctrl Pts',(0.277435742300402,0.597,0.051418003712091));
#4642=CARTESIAN_POINT('Ctrl Pts',(0.277435742300402,0.6006,0.051418003712091));
#4643=CARTESIAN_POINT('Ctrl Pts',(0.273350165321372,0.597,0.0455244989818864));
#4644=CARTESIAN_POINT('Ctrl Pts',(0.273350165321372,0.6006,0.0455244989818864));
#4645=CARTESIAN_POINT('Ctrl Pts',(0.2685683517072,0.597,0.0354755267242198));
#4646=CARTESIAN_POINT('Ctrl Pts',(0.2685683517072,0.6006,0.0354755267242198));
#4647=CARTESIAN_POINT('Ctrl Pts',(0.264302889302476,0.597,0.0244130191737599));
#4648=CARTESIAN_POINT('Ctrl Pts',(0.264302889302476,0.6006,0.0244130191737599));
#4649=CARTESIAN_POINT('Ctrl Pts',(0.260955283365061,0.597,0.012119931243797));
#4650=CARTESIAN_POINT('Ctrl Pts',(0.260955283365061,0.6006,0.012119931243797));
#4651=CARTESIAN_POINT('Ctrl Pts',(0.258333273427227,0.597,-0.0013058979824582));
#4652=CARTESIAN_POINT('Ctrl Pts',(0.258333273427227,0.6006,-0.0013058979824582));
#4653=CARTESIAN_POINT('Ctrl Pts',(0.256439527617005,0.597,-0.0158908128418198));
#4654=CARTESIAN_POINT('Ctrl Pts',(0.256439527617005,0.6006,-0.0158908128418198));
#4655=CARTESIAN_POINT('Ctrl Pts',(0.255367853925805,0.597,-0.0316285121699212));
#4656=CARTESIAN_POINT('Ctrl Pts',(0.255367853925805,0.6006,-0.0316285121699212));
#4657=CARTESIAN_POINT('Ctrl Pts',(0.255209891371179,0.597,-0.0425104538453797));
#4658=CARTESIAN_POINT('Ctrl Pts',(0.255209891371179,0.6006,-0.0425104538453797));
#4659=CARTESIAN_POINT('Ctrl Pts',(0.255128205128205,0.597,-0.0481377680771103));
#4660=CARTESIAN_POINT('Ctrl Pts',(0.255128205128205,0.6006,-0.0481377680771103));
#4661=CARTESIAN_POINT('',(0.279417067307693,0.597,0.0542760941023769));
#4662=CARTESIAN_POINT('',(0.279417067307693,0.597,0.0542760941023769));
#4663=CARTESIAN_POINT('',(0.255128205128205,0.597,-0.0481377680771103));
#4664=CARTESIAN_POINT('Ctrl Pts',(0.279417067307693,0.597,0.0542760941023769));
#4665=CARTESIAN_POINT('Ctrl Pts',(0.277435742300402,0.597,0.051418003712091));
#4666=CARTESIAN_POINT('Ctrl Pts',(0.273350165321372,0.597,0.0455244989818864));
#4667=CARTESIAN_POINT('Ctrl Pts',(0.2685683517072,0.597,0.0354755267242198));
#4668=CARTESIAN_POINT('Ctrl Pts',(0.264302889302476,0.597,0.0244130191737599));
#4669=CARTESIAN_POINT('Ctrl Pts',(0.260955283365061,0.597,0.012119931243797));
#4670=CARTESIAN_POINT('Ctrl Pts',(0.258333273427227,0.597,-0.0013058979824582));
#4671=CARTESIAN_POINT('Ctrl Pts',(0.256439527617005,0.597,-0.0158908128418198));
#4672=CARTESIAN_POINT('Ctrl Pts',(0.255367853925805,0.597,-0.0316285121699212));
#4673=CARTESIAN_POINT('Ctrl Pts',(0.255209891371179,0.597,-0.0425104538453797));
#4674=CARTESIAN_POINT('Ctrl Pts',(0.255128205128205,0.597,-0.0481377680771103));
#4675=CARTESIAN_POINT('',(0.255128205128205,0.597,-0.0481377680771103));
#4676=CARTESIAN_POINT('Ctrl Pts',(0.255128205128205,0.597,-0.0481377680771103));
#4677=CARTESIAN_POINT('Ctrl Pts',(0.255128205128205,0.600599999999999,-0.0481377680771103));
#4678=CARTESIAN_POINT('Ctrl Pts',(0.255160496801879,0.597,-0.0517104975555957));
#4679=CARTESIAN_POINT('Ctrl Pts',(0.255160496801879,0.600599999999999,-0.0517104975555957));
#4680=CARTESIAN_POINT('Ctrl Pts',(0.25522374259221,0.597,-0.0587079700863846));
#4681=CARTESIAN_POINT('Ctrl Pts',(0.25522374259221,0.600599999999999,-0.0587079700863846));
#4682=CARTESIAN_POINT('Ctrl Pts',(0.255616035683639,0.597,-0.0689465294527074));
#4683=CARTESIAN_POINT('Ctrl Pts',(0.255616035683639,0.600599999999999,-0.0689465294527074));
#4684=CARTESIAN_POINT('Ctrl Pts',(0.256300947633279,0.597,-0.0786696653398807));
#4685=CARTESIAN_POINT('Ctrl Pts',(0.256300947633279,0.600599999999999,-0.0786696653398807));
#4686=CARTESIAN_POINT('Ctrl Pts',(0.257323332621959,0.597,-0.0878689336587045));
#4687=CARTESIAN_POINT('Ctrl Pts',(0.257323332621959,0.600599999999999,-0.0878689336587045));
#4688=CARTESIAN_POINT('Ctrl Pts',(0.258534027993529,0.597,-0.0965650989655403));
#4689=CARTESIAN_POINT('Ctrl Pts',(0.258534027993529,0.600599999999999,-0.0965650989655403));
#4690=CARTESIAN_POINT('Ctrl Pts',(0.260107939614526,0.597,-0.104745750935664));
#4691=CARTESIAN_POINT('Ctrl Pts',(0.260107939614526,0.600599999999999,-0.104745750935664));
#4692=CARTESIAN_POINT('Ctrl Pts',(0.261878818997285,0.597,-0.112429244179693));
#4693=CARTESIAN_POINT('Ctrl Pts',(0.261878818997285,0.600599999999999,-0.112429244179693));
#4694=CARTESIAN_POINT('Ctrl Pts',(0.264003556467318,0.597,-0.119607569900614));
#4695=CARTESIAN_POINT('Ctrl Pts',(0.264003556467318,0.600599999999999,-0.119607569900614));
#4696=CARTESIAN_POINT('Ctrl Pts',(0.26633794737867,0.597,-0.126342448632488));
#4697=CARTESIAN_POINT('Ctrl Pts',(0.26633794737867,0.600599999999999,-0.126342448632488));
#4698=CARTESIAN_POINT('Ctrl Pts',(0.268986388341977,0.597,-0.132623076109329));
#4699=CARTESIAN_POINT('Ctrl Pts',(0.268986388341977,0.600599999999999,-0.132623076109329));
#4700=CARTESIAN_POINT('Ctrl Pts',(0.271966243696637,0.597,-0.138442793387732));
#4701=CARTESIAN_POINT('Ctrl Pts',(0.271966243696637,0.600599999999999,-0.138442793387732));
#4702=CARTESIAN_POINT('Ctrl Pts',(0.275131072073569,0.597,-0.143861954199966));
#4703=CARTESIAN_POINT('Ctrl Pts',(0.275131072073569,0.600599999999999,-0.143861954199966));
#4704=CARTESIAN_POINT('Ctrl Pts',(0.278647476526613,0.597,-0.148796268292496));
#4705=CARTESIAN_POINT('Ctrl Pts',(0.278647476526613,0.600599999999999,-0.148796268292496));
#4706=CARTESIAN_POINT('Ctrl Pts',(0.282303213933955,0.597,-0.153384212718566));
#4707=CARTESIAN_POINT('Ctrl Pts',(0.282303213933955,0.600599999999999,-0.153384212718566));
#4708=CARTESIAN_POINT('Ctrl Pts',(0.286363961462901,0.597,-0.157457529654297));
#4709=CARTESIAN_POINT('Ctrl Pts',(0.286363961462901,0.600599999999999,-0.157457529654297));
#4710=CARTESIAN_POINT('Ctrl Pts',(0.290660864520309,0.597,-0.161121025913578));
#4711=CARTESIAN_POINT('Ctrl Pts',(0.290660864520309,0.600599999999999,-0.161121025913578));
#4712=CARTESIAN_POINT('Ctrl Pts',(0.295257196117745,0.597,-0.164353847864976));
#4713=CARTESIAN_POINT('Ctrl Pts',(0.295257196117745,0.600599999999999,-0.164353847864976));
#4714=CARTESIAN_POINT('Ctrl Pts',(0.30012863709779,0.597,-0.167143383275369));
#4715=CARTESIAN_POINT('Ctrl Pts',(0.30012863709779,0.600599999999999,-0.167143383275369));
#4716=CARTESIAN_POINT('Ctrl Pts',(0.305256443480752,0.597,-0.169606341906306));
#4717=CARTESIAN_POINT('Ctrl Pts',(0.305256443480752,0.600599999999999,-0.169606341906306));
#4718=CARTESIAN_POINT('Ctrl Pts',(0.31073834558561,0.597,-0.17146045652024));
#4719=CARTESIAN_POINT('Ctrl Pts',(0.31073834558561,0.600599999999999,-0.17146045652024));
#4720=CARTESIAN_POINT('Ctrl Pts',(0.316460540178236,0.597,-0.172971952985256));
#4721=CARTESIAN_POINT('Ctrl Pts',(0.316460540178236,0.600599999999999,-0.172971952985256));
#4722=CARTESIAN_POINT('Ctrl Pts',(0.322467073745189,0.597,-0.174083828111825));
#4723=CARTESIAN_POINT('Ctrl Pts',(0.322467073745189,0.600599999999999,-0.174083828111825));
#4724=CARTESIAN_POINT('Ctrl Pts',(0.328764565393809,0.597,-0.174739316022664));
#4725=CARTESIAN_POINT('Ctrl Pts',(0.328764565393809,0.600599999999999,-0.174739316022664));
#4726=CARTESIAN_POINT('Ctrl Pts',(0.333068015715542,0.597,-0.174806385966278));
#4727=CARTESIAN_POINT('Ctrl Pts',(0.333068015715542,0.600599999999999,-0.174806385966278));
#4728=CARTESIAN_POINT('Ctrl Pts',(0.335256410256411,0.597,-0.174840492436085));
#4729=CARTESIAN_POINT('Ctrl Pts',(0.335256410256411,0.600599999999999,-0.174840492436085));
#4730=CARTESIAN_POINT('',(0.335256410256411,0.597,-0.174840492436085));
#4731=CARTESIAN_POINT('Ctrl Pts',(0.255128205128205,0.597,-0.0481377680771103));
#4732=CARTESIAN_POINT('Ctrl Pts',(0.255160496801879,0.597,-0.0517104975555957));
#4733=CARTESIAN_POINT('Ctrl Pts',(0.25522374259221,0.597,-0.0587079700863846));
#4734=CARTESIAN_POINT('Ctrl Pts',(0.255616035683639,0.597,-0.0689465294527074));
#4735=CARTESIAN_POINT('Ctrl Pts',(0.256300947633279,0.597,-0.0786696653398807));
#4736=CARTESIAN_POINT('Ctrl Pts',(0.257323332621959,0.597,-0.0878689336587045));
#4737=CARTESIAN_POINT('Ctrl Pts',(0.258534027993529,0.597,-0.0965650989655403));
#4738=CARTESIAN_POINT('Ctrl Pts',(0.260107939614526,0.597,-0.104745750935664));
#4739=CARTESIAN_POINT('Ctrl Pts',(0.261878818997285,0.597,-0.112429244179693));
#4740=CARTESIAN_POINT('Ctrl Pts',(0.264003556467318,0.597,-0.119607569900614));
#4741=CARTESIAN_POINT('Ctrl Pts',(0.26633794737867,0.597,-0.126342448632488));
#4742=CARTESIAN_POINT('Ctrl Pts',(0.268986388341977,0.597,-0.132623076109329));
#4743=CARTESIAN_POINT('Ctrl Pts',(0.271966243696637,0.597,-0.138442793387732));
#4744=CARTESIAN_POINT('Ctrl Pts',(0.275131072073569,0.597,-0.143861954199966));
#4745=CARTESIAN_POINT('Ctrl Pts',(0.278647476526613,0.597,-0.148796268292496));
#4746=CARTESIAN_POINT('Ctrl Pts',(0.282303213933955,0.597,-0.153384212718566));
#4747=CARTESIAN_POINT('Ctrl Pts',(0.286363961462901,0.597,-0.157457529654297));
#4748=CARTESIAN_POINT('Ctrl Pts',(0.290660864520309,0.597,-0.161121025913578));
#4749=CARTESIAN_POINT('Ctrl Pts',(0.295257196117745,0.597,-0.164353847864976));
#4750=CARTESIAN_POINT('Ctrl Pts',(0.30012863709779,0.597,-0.167143383275369));
#4751=CARTESIAN_POINT('Ctrl Pts',(0.305256443480752,0.597,-0.169606341906306));
#4752=CARTESIAN_POINT('Ctrl Pts',(0.31073834558561,0.597,-0.17146045652024));
#4753=CARTESIAN_POINT('Ctrl Pts',(0.316460540178236,0.597,-0.172971952985256));
#4754=CARTESIAN_POINT('Ctrl Pts',(0.322467073745189,0.597,-0.174083828111825));
#4755=CARTESIAN_POINT('Ctrl Pts',(0.328764565393809,0.597,-0.174739316022664));
#4756=CARTESIAN_POINT('Ctrl Pts',(0.333068015715542,0.597,-0.174806385966278));
#4757=CARTESIAN_POINT('Ctrl Pts',(0.335256410256411,0.597,-0.174840492436085));
#4758=CARTESIAN_POINT('',(0.335256410256411,0.597,-0.174840492436085));
#4759=CARTESIAN_POINT('Ctrl Pts',(0.335256410256411,0.597,-0.174840492436085));
#4760=CARTESIAN_POINT('Ctrl Pts',(0.335256410256411,0.6006,-0.174840492436085));
#4761=CARTESIAN_POINT('Ctrl Pts',(0.338467069683204,0.597,-0.174746101321218));
#4762=CARTESIAN_POINT('Ctrl Pts',(0.338467069683204,0.6006,-0.174746101321218));
#4763=CARTESIAN_POINT('Ctrl Pts',(0.344774538910016,0.597,-0.174560666189938));
#4764=CARTESIAN_POINT('Ctrl Pts',(0.344774538910016,0.6006,-0.174560666189938));
#4765=CARTESIAN_POINT('Ctrl Pts',(0.353983476553619,0.597,-0.173048290907895));
#4766=CARTESIAN_POINT('Ctrl Pts',(0.353983476553619,0.6006,-0.173048290907895));
#4767=CARTESIAN_POINT('Ctrl Pts',(0.362662306753008,0.597,-0.17046113989635));
#4768=CARTESIAN_POINT('Ctrl Pts',(0.362662306753008,0.6006,-0.17046113989635));
#4769=CARTESIAN_POINT('Ctrl Pts',(0.370805390935416,0.597,-0.166970961572761));
#4770=CARTESIAN_POINT('Ctrl Pts',(0.370805390935416,0.6006,-0.166970961572761));
#4771=CARTESIAN_POINT('Ctrl Pts',(0.378273524338276,0.597,-0.162537763359261));
#4772=CARTESIAN_POINT('Ctrl Pts',(0.378273524338276,0.600599999999999,-0.162537763359261));
#4773=CARTESIAN_POINT('Ctrl Pts',(0.384942882238105,0.597,-0.157148535511845));
#4774=CARTESIAN_POINT('Ctrl Pts',(0.384942882238105,0.6006,-0.157148535511845));
#4775=CARTESIAN_POINT('Ctrl Pts',(0.39074152483708,0.597,-0.15085986385864));
#4776=CARTESIAN_POINT('Ctrl Pts',(0.39074152483708,0.6006,-0.15085986385864));
#4777=CARTESIAN_POINT('Ctrl Pts',(0.395606168924018,0.597,-0.143597229702593));
#4778=CARTESIAN_POINT('Ctrl Pts',(0.395606168924018,0.6006,-0.143597229702593));
#4779=CARTESIAN_POINT('Ctrl Pts',(0.399858353427514,0.597,-0.135560984994026));
#4780=CARTESIAN_POINT('Ctrl Pts',(0.399858353427514,0.600599999999999,-0.135560984994026));
#4781=CARTESIAN_POINT('Ctrl Pts',(0.403635900797044,0.597,-0.126715060102075));
#4782=CARTESIAN_POINT('Ctrl Pts',(0.403635900797044,0.6006,-0.126715060102075));
#4783=CARTESIAN_POINT('Ctrl Pts',(0.407050693899292,0.597,-0.117069367884518));
#4784=CARTESIAN_POINT('Ctrl Pts',(0.407050693899292,0.600599999999999,-0.117069367884518));
#4785=CARTESIAN_POINT('Ctrl Pts',(0.409473905422457,0.597,-0.10843512679853));
#4786=CARTESIAN_POINT('Ctrl Pts',(0.409473905422457,0.6006,-0.10843512679853));
#4787=CARTESIAN_POINT('Ctrl Pts',(0.411202380212255,0.597,-0.100981743523958));
#4788=CARTESIAN_POINT('Ctrl Pts',(0.411202380212255,0.600599999999999,-0.100981743523958));
#4789=CARTESIAN_POINT('Ctrl Pts',(0.41234649319042,0.597,-0.0948344038414864));
#4790=CARTESIAN_POINT('Ctrl Pts',(0.41234649319042,0.6006,-0.0948344038414864));
#4791=CARTESIAN_POINT('Ctrl Pts',(0.41329633633346,0.597,-0.0882013897161493));
#4792=CARTESIAN_POINT('Ctrl Pts',(0.41329633633346,0.600599999999999,-0.0882013897161493));
#4793=CARTESIAN_POINT('Ctrl Pts',(0.414024044547437,0.597,-0.0810987481946756));
#4794=CARTESIAN_POINT('Ctrl Pts',(0.414024044547437,0.6006,-0.0810987481946756));
#4795=CARTESIAN_POINT('Ctrl Pts',(0.414621111967041,0.597,-0.073534445521545));
#4796=CARTESIAN_POINT('Ctrl Pts',(0.414621111967041,0.600599999999999,-0.073534445521545));
#4797=CARTESIAN_POINT('Ctrl Pts',(0.415082199771825,0.597,-0.0655037720172038));
#4798=CARTESIAN_POINT('Ctrl Pts',(0.415082199771825,0.6006,-0.0655037720172038));
#4799=CARTESIAN_POINT('Ctrl Pts',(0.415316249043226,0.597,-0.0569866563795383));
#4800=CARTESIAN_POINT('Ctrl Pts',(0.415316249043226,0.6006,-0.0569866563795383));
#4801=CARTESIAN_POINT('Ctrl Pts',(0.415361399387506,0.597,-0.0511426936161235));
#4802=CARTESIAN_POINT('Ctrl Pts',(0.415361399387506,0.6006,-0.0511426936161235));
#4803=CARTESIAN_POINT('Ctrl Pts',(0.415384615384616,0.597,-0.0481377680771103));
#4804=CARTESIAN_POINT('Ctrl Pts',(0.415384615384616,0.6006,-0.0481377680771103));
#4805=CARTESIAN_POINT('',(0.415384615384616,0.597,-0.0481377680771103));
#4806=CARTESIAN_POINT('Ctrl Pts',(0.335256410256411,0.597,-0.174840492436085));
#4807=CARTESIAN_POINT('Ctrl Pts',(0.338467069683204,0.597,-0.174746101321218));
#4808=CARTESIAN_POINT('Ctrl Pts',(0.344774538910016,0.597,-0.174560666189938));
#4809=CARTESIAN_POINT('Ctrl Pts',(0.353983476553619,0.597,-0.173048290907895));
#4810=CARTESIAN_POINT('Ctrl Pts',(0.362662306753008,0.597,-0.17046113989635));
#4811=CARTESIAN_POINT('Ctrl Pts',(0.370805390935416,0.597,-0.166970961572761));
#4812=CARTESIAN_POINT('Ctrl Pts',(0.378273524338276,0.597,-0.162537763359261));
#4813=CARTESIAN_POINT('Ctrl Pts',(0.384942882238105,0.597,-0.157148535511845));
#4814=CARTESIAN_POINT('Ctrl Pts',(0.39074152483708,0.597,-0.15085986385864));
#4815=CARTESIAN_POINT('Ctrl Pts',(0.395606168924018,0.597,-0.143597229702593));
#4816=CARTESIAN_POINT('Ctrl Pts',(0.399858353427514,0.597,-0.135560984994026));
#4817=CARTESIAN_POINT('Ctrl Pts',(0.403635900797044,0.597,-0.126715060102075));
#4818=CARTESIAN_POINT('Ctrl Pts',(0.407050693899292,0.597,-0.117069367884518));
#4819=CARTESIAN_POINT('Ctrl Pts',(0.409473905422457,0.597,-0.10843512679853));
#4820=CARTESIAN_POINT('Ctrl Pts',(0.411202380212255,0.597,-0.100981743523958));
#4821=CARTESIAN_POINT('Ctrl Pts',(0.41234649319042,0.597,-0.0948344038414864));
#4822=CARTESIAN_POINT('Ctrl Pts',(0.41329633633346,0.597,-0.0882013897161493));
#4823=CARTESIAN_POINT('Ctrl Pts',(0.414024044547437,0.597,-0.0810987481946756));
#4824=CARTESIAN_POINT('Ctrl Pts',(0.414621111967041,0.597,-0.073534445521545));
#4825=CARTESIAN_POINT('Ctrl Pts',(0.415082199771825,0.597,-0.0655037720172038));
#4826=CARTESIAN_POINT('Ctrl Pts',(0.415316249043226,0.597,-0.0569866563795383));
#4827=CARTESIAN_POINT('Ctrl Pts',(0.415361399387506,0.597,-0.0511426936161235));
#4828=CARTESIAN_POINT('Ctrl Pts',(0.415384615384616,0.597,-0.0481377680771103));
#4829=CARTESIAN_POINT('',(0.415384615384616,0.597,-0.0481377680771103));
#4830=CARTESIAN_POINT('Ctrl Pts',(0.415384615384616,0.597,-0.0481377680771103));
#4831=CARTESIAN_POINT('Ctrl Pts',(0.415384615384616,0.6006,-0.0481377680771103));
#4832=CARTESIAN_POINT('Ctrl Pts',(0.415351718834726,0.597,-0.0445818202313921));
#4833=CARTESIAN_POINT('Ctrl Pts',(0.415351718834726,0.6006,-0.0445818202313921));
#4834=CARTESIAN_POINT('Ctrl Pts',(0.415287448949181,0.597,-0.0376345761642525));
#4835=CARTESIAN_POINT('Ctrl Pts',(0.415287448949181,0.6006,-0.0376345761642525));
#4836=CARTESIAN_POINT('Ctrl Pts',(0.414905667536257,0.597,-0.0274781127927057));
#4837=CARTESIAN_POINT('Ctrl Pts',(0.414905667536257,0.6006,-0.0274781127927057));
#4838=CARTESIAN_POINT('Ctrl Pts',(0.414179484840355,0.597,-0.0178283332320251));
#4839=CARTESIAN_POINT('Ctrl Pts',(0.414179484840355,0.6006,-0.0178283332320251));
#4840=CARTESIAN_POINT('Ctrl Pts',(0.413285903765677,0.597,-0.00866313264483622));
#4841=CARTESIAN_POINT('Ctrl Pts',(0.413285903765677,0.6006,-0.00866313264483622));
#4842=CARTESIAN_POINT('Ctrl Pts',(0.411934102770123,0.597,-6.9778031097971E-6));
#4843=CARTESIAN_POINT('Ctrl Pts',(0.411934102770123,0.6006,-6.9778031097971E-6));
#4844=CARTESIAN_POINT('Ctrl Pts',(0.410477463955615,0.597,0.00817690900497455));
#4845=CARTESIAN_POINT('Ctrl Pts',(0.410477463955615,0.6006,0.00817690900497455));
#4846=CARTESIAN_POINT('Ctrl Pts',(0.408675961550028,0.597,0.0158513657258268));
#4847=CARTESIAN_POINT('Ctrl Pts',(0.408675961550028,0.6006,0.0158513657258268));
#4848=CARTESIAN_POINT('Ctrl Pts',(0.406574031191043,0.597,0.023019755876038));
#4849=CARTESIAN_POINT('Ctrl Pts',(0.406574031191043,0.6006,0.023019755876038));
#4850=CARTESIAN_POINT('Ctrl Pts',(0.404206780310346,0.597,0.0297199833212275));
#4851=CARTESIAN_POINT('Ctrl Pts',(0.404206780310346,0.6006,0.0297199833212275));
#4852=CARTESIAN_POINT('Ctrl Pts',(0.401610723407625,0.597,0.0360026846557782));
#4853=CARTESIAN_POINT('Ctrl Pts',(0.401610723407625,0.6006,0.0360026846557782));
#4854=CARTESIAN_POINT('Ctrl Pts',(0.398735341116853,0.597,0.0418635668306998));
#4855=CARTESIAN_POINT('Ctrl Pts',(0.398735341116853,0.6006,0.0418635668306998));
#4856=CARTESIAN_POINT('Ctrl Pts',(0.395495051201217,0.597,0.0472454657408899));
#4857=CARTESIAN_POINT('Ctrl Pts',(0.395495051201217,0.6006,0.0472454657408899));
#4858=CARTESIAN_POINT('Ctrl Pts',(0.392038111603182,0.597,0.0522198170838636));
#4859=CARTESIAN_POINT('Ctrl Pts',(0.392038111603182,0.6006,0.0522198170838636));
#4860=CARTESIAN_POINT('Ctrl Pts',(0.388339203915617,0.597,0.0568052807697437));
#4861=CARTESIAN_POINT('Ctrl Pts',(0.388339203915617,0.6006,0.0568052807697437));
#4862=CARTESIAN_POINT('Ctrl Pts',(0.384319906965179,0.597,0.0609358587219153));
#4863=CARTESIAN_POINT('Ctrl Pts',(0.384319906965179,0.6006,0.0609358587219153));
#4864=CARTESIAN_POINT('Ctrl Pts',(0.379984282118694,0.597,0.0645883664639031));
#4865=CARTESIAN_POINT('Ctrl Pts',(0.379984282118694,0.6006,0.0645883664639031));
#4866=CARTESIAN_POINT('Ctrl Pts',(0.375420222547612,0.597,0.0678785178810193));
#4867=CARTESIAN_POINT('Ctrl Pts',(0.375420222547612,0.6006,0.0678785178810193));
#4868=CARTESIAN_POINT('Ctrl Pts',(0.37053693820271,0.597,0.0706955944278763));
#4869=CARTESIAN_POINT('Ctrl Pts',(0.37053693820271,0.6006,0.0706955944278763));
#4870=CARTESIAN_POINT('Ctrl Pts',(0.365355802458448,0.597,0.073029493416647));
#4871=CARTESIAN_POINT('Ctrl Pts',(0.365355802458448,0.6006,0.073029493416647));
#4872=CARTESIAN_POINT('Ctrl Pts',(0.359911432477799,0.597,0.0750248611005129));
#4873=CARTESIAN_POINT('Ctrl Pts',(0.359911432477799,0.6006,0.0750248611005129));
#4874=CARTESIAN_POINT('Ctrl Pts',(0.354148587272922,0.597,0.0764869495047953));
#4875=CARTESIAN_POINT('Ctrl Pts',(0.354148587272922,0.6006,0.0764869495047953));
#4876=CARTESIAN_POINT('Ctrl Pts',(0.348112712104802,0.597,0.0776061553315354));
#4877=CARTESIAN_POINT('Ctrl Pts',(0.348112712104802,0.6006,0.0776061553315354));
#4878=CARTESIAN_POINT('Ctrl Pts',(0.341781567618594,0.597,0.0782652247720533));
#4879=CARTESIAN_POINT('Ctrl Pts',(0.341781567618594,0.6006,0.0782652247720533));
#4880=CARTESIAN_POINT('Ctrl Pts',(0.337461471921912,0.597,0.0783310415786777));
#4881=CARTESIAN_POINT('Ctrl Pts',(0.337461471921912,0.6006,0.0783310415786777));
#4882=CARTESIAN_POINT('Ctrl Pts',(0.335256410256411,0.597,0.0783646357690436));
#4883=CARTESIAN_POINT('Ctrl Pts',(0.335256410256411,0.6006,0.0783646357690436));
#4884=CARTESIAN_POINT('',(0.335256410256411,0.597,0.0783646357690436));
#4885=CARTESIAN_POINT('Ctrl Pts',(0.415384615384616,0.597,-0.0481377680771103));
#4886=CARTESIAN_POINT('Ctrl Pts',(0.415351718834726,0.597,-0.0445818202313921));
#4887=CARTESIAN_POINT('Ctrl Pts',(0.415287448949181,0.597,-0.0376345761642525));
#4888=CARTESIAN_POINT('Ctrl Pts',(0.414905667536257,0.597,-0.0274781127927057));
#4889=CARTESIAN_POINT('Ctrl Pts',(0.414179484840355,0.597,-0.0178283332320251));
#4890=CARTESIAN_POINT('Ctrl Pts',(0.413285903765677,0.597,-0.00866313264483622));
#4891=CARTESIAN_POINT('Ctrl Pts',(0.411934102770123,0.597,-6.9778031097971E-6));
#4892=CARTESIAN_POINT('Ctrl Pts',(0.410477463955615,0.597,0.00817690900497455));
#4893=CARTESIAN_POINT('Ctrl Pts',(0.408675961550028,0.597,0.0158513657258268));
#4894=CARTESIAN_POINT('Ctrl Pts',(0.406574031191043,0.597,0.023019755876038));
#4895=CARTESIAN_POINT('Ctrl Pts',(0.404206780310346,0.597,0.0297199833212275));
#4896=CARTESIAN_POINT('Ctrl Pts',(0.401610723407625,0.597,0.0360026846557782));
#4897=CARTESIAN_POINT('Ctrl Pts',(0.398735341116853,0.597,0.0418635668306998));
#4898=CARTESIAN_POINT('Ctrl Pts',(0.395495051201217,0.597,0.0472454657408899));
#4899=CARTESIAN_POINT('Ctrl Pts',(0.392038111603182,0.597,0.0522198170838636));
#4900=CARTESIAN_POINT('Ctrl Pts',(0.388339203915617,0.597,0.0568052807697437));
#4901=CARTESIAN_POINT('Ctrl Pts',(0.384319906965179,0.597,0.0609358587219153));
#4902=CARTESIAN_POINT('Ctrl Pts',(0.379984282118694,0.597,0.0645883664639031));
#4903=CARTESIAN_POINT('Ctrl Pts',(0.375420222547612,0.597,0.0678785178810193));
#4904=CARTESIAN_POINT('Ctrl Pts',(0.37053693820271,0.597,0.0706955944278763));
#4905=CARTESIAN_POINT('Ctrl Pts',(0.365355802458448,0.597,0.073029493416647));
#4906=CARTESIAN_POINT('Ctrl Pts',(0.359911432477799,0.597,0.0750248611005129));
#4907=CARTESIAN_POINT('Ctrl Pts',(0.354148587272922,0.597,0.0764869495047953));
#4908=CARTESIAN_POINT('Ctrl Pts',(0.348112712104802,0.597,0.0776061553315354));
#4909=CARTESIAN_POINT('Ctrl Pts',(0.341781567618594,0.597,0.0782652247720533));
#4910=CARTESIAN_POINT('Ctrl Pts',(0.337461471921912,0.597,0.0783310415786777));
#4911=CARTESIAN_POINT('Ctrl Pts',(0.335256410256411,0.597,0.0783646357690436));
#4912=CARTESIAN_POINT('',(0.335256410256411,0.597,0.0783646357690436));
#4913=CARTESIAN_POINT('Ctrl Pts',(0.335256410256411,0.597,0.0783646357690436));
#4914=CARTESIAN_POINT('Ctrl Pts',(0.335256410256411,0.6006,0.0783646357690436));
#4915=CARTESIAN_POINT('Ctrl Pts',(0.332365318742261,0.597,0.0782821672307301));
#4916=CARTESIAN_POINT('Ctrl Pts',(0.332365318742261,0.6006,0.0782821672307301));
#4917=CARTESIAN_POINT('Ctrl Pts',(0.326728486021156,0.597,0.0781213762793015));
#4918=CARTESIAN_POINT('Ctrl Pts',(0.326728486021156,0.6006,0.0781213762793015));
#4919=CARTESIAN_POINT('Ctrl Pts',(0.318496307467993,0.597,0.0770289008041083));
#4920=CARTESIAN_POINT('Ctrl Pts',(0.318496307467993,0.6006,0.0770289008041083));
#4921=CARTESIAN_POINT('Ctrl Pts',(0.310769968796426,0.597,0.0751060926741059));
#4922=CARTESIAN_POINT('Ctrl Pts',(0.310769968796426,0.6006,0.0751060926741059));
#4923=CARTESIAN_POINT('Ctrl Pts',(0.30348430276439,0.597,0.0725273358436609));
#4924=CARTESIAN_POINT('Ctrl Pts',(0.30348430276439,0.6006,0.0725273358436609));
#4925=CARTESIAN_POINT('Ctrl Pts',(0.29672120225016,0.597,0.0690781000839674));
#4926=CARTESIAN_POINT('Ctrl Pts',(0.29672120225016,0.6006,0.0690781000839674));
#4927=CARTESIAN_POINT('Ctrl Pts',(0.290448376138004,0.597,0.064881431250975));
#4928=CARTESIAN_POINT('Ctrl Pts',(0.290448376138004,0.6006,0.064881431250975));
#4929=CARTESIAN_POINT('Ctrl Pts',(0.284539776509346,0.597,0.0600349692775777));
#4930=CARTESIAN_POINT('Ctrl Pts',(0.284539776509346,0.6006,0.0600349692775777));
#4931=CARTESIAN_POINT('Ctrl Pts',(0.281138427354085,0.597,0.05621122202952));
#4932=CARTESIAN_POINT('Ctrl Pts',(0.281138427354085,0.6006,0.05621122202952));
#4933=CARTESIAN_POINT('Ctrl Pts',(0.279417067307693,0.597,0.0542760941023769));
#4934=CARTESIAN_POINT('Ctrl Pts',(0.279417067307693,0.6006,0.0542760941023769));
#4935=CARTESIAN_POINT('Ctrl Pts',(0.335256410256411,0.597,0.0783646357690436));
#4936=CARTESIAN_POINT('Ctrl Pts',(0.332365318742261,0.597,0.0782821672307301));
#4937=CARTESIAN_POINT('Ctrl Pts',(0.326728486021156,0.597,0.0781213762793015));
#4938=CARTESIAN_POINT('Ctrl Pts',(0.318496307467993,0.597,0.0770289008041083));
#4939=CARTESIAN_POINT('Ctrl Pts',(0.310769968796426,0.597,0.0751060926741059));
#4940=CARTESIAN_POINT('Ctrl Pts',(0.30348430276439,0.597,0.0725273358436609));
#4941=CARTESIAN_POINT('Ctrl Pts',(0.29672120225016,0.597,0.0690781000839674));
#4942=CARTESIAN_POINT('Ctrl Pts',(0.290448376138004,0.597,0.064881431250975));
#4943=CARTESIAN_POINT('Ctrl Pts',(0.284539776509346,0.597,0.0600349692775777));
#4944=CARTESIAN_POINT('Ctrl Pts',(0.281138427354085,0.597,0.05621122202952));
#4945=CARTESIAN_POINT('Ctrl Pts',(0.279417067307693,0.597,0.0542760941023769));
#4946=CARTESIAN_POINT('Origin',(0.25961763554313,0.597,0.00506668281094457));
#4947=CARTESIAN_POINT('',(0.334905849358975,0.597,-0.145994338589931));
#4948=CARTESIAN_POINT('',(0.30165264423077,0.597,-0.128866934743777));
#4949=CARTESIAN_POINT('Ctrl Pts',(0.334905849358975,0.597,-0.145994338589931));
#4950=CARTESIAN_POINT('Ctrl Pts',(0.33325007003528,0.597,-0.145950880918515));
#4951=CARTESIAN_POINT('Ctrl Pts',(0.329985085384666,0.597,-0.145865187959259));
#4952=CARTESIAN_POINT('Ctrl Pts',(0.325204720265115,0.597,-0.145047249531009));
#4953=CARTESIAN_POINT('Ctrl Pts',(0.320674424399542,0.597,-0.143679474171105));
#4954=CARTESIAN_POINT('Ctrl Pts',(0.316342295241574,0.597,-0.141826689638351));
#4955=CARTESIAN_POINT('Ctrl Pts',(0.31231648208494,0.597,-0.13933320761604));
#4956=CARTESIAN_POINT('Ctrl Pts',(0.308437331191529,0.597,-0.136421889868145));
#4957=CARTESIAN_POINT('Ctrl Pts',(0.304886526980478,0.597,-0.132874774137958));
#4958=CARTESIAN_POINT('Ctrl Pts',(0.302746843516421,0.597,-0.130223005863707));
#4959=CARTESIAN_POINT('Ctrl Pts',(0.30165264423077,0.597,-0.128866934743777));
#4960=CARTESIAN_POINT('',(0.383333333333334,0.597,-0.0482379283335205));
#4961=CARTESIAN_POINT('Ctrl Pts',(0.383333333333334,0.597,-0.0482379283335205));
#4962=CARTESIAN_POINT('Ctrl Pts',(0.383302981329766,0.597,-0.0529463114437357));
#4963=CARTESIAN_POINT('Ctrl Pts',(0.383244828039536,0.597,-0.0619673953043777));
#4964=CARTESIAN_POINT('Ctrl Pts',(0.38258758929686,0.597,-0.0748640747816277));
#4965=CARTESIAN_POINT('Ctrl Pts',(0.381557637120323,0.597,-0.0865280657180637));
#4966=CARTESIAN_POINT('Ctrl Pts',(0.380148826162685,0.597,-0.0969701212317711));
#4967=CARTESIAN_POINT('Ctrl Pts',(0.378276516661215,0.597,-0.106178905039954));
#4968=CARTESIAN_POINT('Ctrl Pts',(0.37600566064038,0.597,-0.114174021391673));
#4969=CARTESIAN_POINT('Ctrl Pts',(0.373299596145436,0.597,-0.120938419402448));
#4970=CARTESIAN_POINT('Ctrl Pts',(0.370082095117512,0.597,-0.126540047583495));
#4971=CARTESIAN_POINT('Ctrl Pts',(0.366500372696233,0.597,-0.131134902351121));
#4972=CARTESIAN_POINT('Ctrl Pts',(0.362758924083725,0.597,-0.13511214895866));
#4973=CARTESIAN_POINT('Ctrl Pts',(0.358764212687425,0.597,-0.138494667623074));
#4974=CARTESIAN_POINT('Ctrl Pts',(0.354445464241911,0.597,-0.141208173993645));
#4975=CARTESIAN_POINT('Ctrl Pts',(0.349941880132114,0.597,-0.143397330004449));
#4976=CARTESIAN_POINT('Ctrl Pts',(0.345149979442051,0.597,-0.144903962918589));
#4977=CARTESIAN_POINT('Ctrl Pts',(0.340116862768638,0.597,-0.145829591055266));
#4978=CARTESIAN_POINT('Ctrl Pts',(0.336662700093728,0.597,-0.145938795300254));
#4979=CARTESIAN_POINT('Ctrl Pts',(0.334905849358975,0.597,-0.145994338589931));
#4980=CARTESIAN_POINT('',(0.335256410256411,0.597,0.0495184819228897));
#4981=CARTESIAN_POINT('Ctrl Pts',(0.335256410256411,0.597,0.0495184819228897));
#4982=CARTESIAN_POINT('Ctrl Pts',(0.336911878926554,0.597,0.0494552805544948));
#4983=CARTESIAN_POINT('Ctrl Pts',(0.340194640352197,0.597,0.0493299534988055));
#4984=CARTESIAN_POINT('Ctrl Pts',(0.345027167666357,0.597,0.0484951698175602));
#4985=CARTESIAN_POINT('Ctrl Pts',(0.349631154507776,0.597,0.0469355285345258));
#4986=CARTESIAN_POINT('Ctrl Pts',(0.35404811735071,0.597,0.0448962909283119));
#4987=CARTESIAN_POINT('Ctrl Pts',(0.358255251399585,0.597,0.0422549885918887));
#4988=CARTESIAN_POINT('Ctrl Pts',(0.362230431051271,0.597,0.0390010522875473));
#4989=CARTESIAN_POINT('Ctrl Pts',(0.366037135956526,0.597,0.0351894591475155));
#4990=CARTESIAN_POINT('Ctrl Pts',(0.369688464335578,0.597,0.030703364087181));
#4991=CARTESIAN_POINT('Ctrl Pts',(0.373012873182998,0.597,0.0252380185566165));
#4992=CARTESIAN_POINT('Ctrl Pts',(0.375770710352471,0.597,0.0185026102559198));
#4993=CARTESIAN_POINT('Ctrl Pts',(0.37813477945094,0.597,0.0105306164053849));
#4994=CARTESIAN_POINT('Ctrl Pts',(0.380057873897735,0.597,0.00126461067938457));
#4995=CARTESIAN_POINT('Ctrl Pts',(0.381512343981141,0.597,-0.00927847017810392));
#4996=CARTESIAN_POINT('Ctrl Pts',(0.38260134998223,0.597,-0.0211086756564066));
#4997=CARTESIAN_POINT('Ctrl Pts',(0.383242063837571,0.597,-0.0342417707194749));
#4998=CARTESIAN_POINT('Ctrl Pts',(0.383301977365165,0.597,-0.0434294973351184));
#4999=CARTESIAN_POINT('Ctrl Pts',(0.383333333333334,0.597,-0.0482379283335205));
#5000=CARTESIAN_POINT('',(0.287179487179488,0.597,-0.0482379283335205));
#5001=CARTESIAN_POINT('Ctrl Pts',(0.287179487179488,0.597,-0.0482379283335205));
#5002=CARTESIAN_POINT('Ctrl Pts',(0.287211311553842,0.597,-0.0434295190273447));
#5003=CARTESIAN_POINT('Ctrl Pts',(0.287272230445615,0.597,-0.0342251600393696));
#5004=CARTESIAN_POINT('Ctrl Pts',(0.287908684992245,0.597,-0.0210751452032018));
#5005=CARTESIAN_POINT('Ctrl Pts',(0.289004315297482,0.597,-0.00921203683448008));
#5006=CARTESIAN_POINT('Ctrl Pts',(0.290452810124006,0.597,0.00134773981812523));
#5007=CARTESIAN_POINT('Ctrl Pts',(0.292365409766131,0.597,0.0106184689407252));
#5008=CARTESIAN_POINT('Ctrl Pts',(0.294766904826487,0.597,0.0185765258614978));
#5009=CARTESIAN_POINT('Ctrl Pts',(0.297473960947119,0.597,0.0253174253047168));
#5010=CARTESIAN_POINT('Ctrl Pts',(0.300823891599309,0.597,0.0307576190096619));
#5011=CARTESIAN_POINT('Ctrl Pts',(0.304491695661044,0.597,0.0351921704862031));
#5012=CARTESIAN_POINT('Ctrl Pts',(0.308278452690613,0.597,0.0390060281686606));
#5013=CARTESIAN_POINT('Ctrl Pts',(0.312273251991097,0.597,0.0422477198711477));
#5014=CARTESIAN_POINT('Ctrl Pts',(0.316450027979841,0.597,0.0449506296517316));
#5015=CARTESIAN_POINT('Ctrl Pts',(0.320873586341984,0.597,0.0469970953549382));
#5016=CARTESIAN_POINT('Ctrl Pts',(0.325495556202144,0.597,0.0484803782536436));
#5017=CARTESIAN_POINT('Ctrl Pts',(0.33031694326148,0.597,0.049333984787549));
#5018=CARTESIAN_POINT('Ctrl Pts',(0.333600526934106,0.597,0.0494566319844779));
#5019=CARTESIAN_POINT('Ctrl Pts',(0.335256410256411,0.597,0.0495184819228897));
#5020=CARTESIAN_POINT('Ctrl Pts',(0.30165264423077,0.597,-0.128866934743777));
#5021=CARTESIAN_POINT('Ctrl Pts',(0.300461395021918,0.597,-0.126875286285035));
#5022=CARTESIAN_POINT('Ctrl Pts',(0.297945727508217,0.597,-0.122669344078197));
#5023=CARTESIAN_POINT('Ctrl Pts',(0.295130841835535,0.597,-0.115359243232518));
#5024=CARTESIAN_POINT('Ctrl Pts',(0.292644283109648,0.597,-0.107005189407589));
#5025=CARTESIAN_POINT('Ctrl Pts',(0.290597020871396,0.597,-0.0974786494176997));
#5026=CARTESIAN_POINT('Ctrl Pts',(0.28911597026434,0.597,-0.0867959651107591));
#5027=CARTESIAN_POINT('Ctrl Pts',(0.287946738078093,0.597,-0.0749695424050817));
#5028=CARTESIAN_POINT('Ctrl Pts',(0.287339365478349,0.597,-0.0619828701996773));
#5029=CARTESIAN_POINT('Ctrl Pts',(0.287234250310136,0.597,-0.0529459847272097));
#5030=CARTESIAN_POINT('Ctrl Pts',(0.287179487179488,0.597,-0.0482379283335205));
#5031=CARTESIAN_POINT('Ctrl Pts',(0.30165264423077,0.597,-0.128866934743777));
#5032=CARTESIAN_POINT('Ctrl Pts',(0.30165264423077,0.6006,-0.128866934743777));
#5033=CARTESIAN_POINT('Ctrl Pts',(0.300461395021918,0.597,-0.126875286285035));
#5034=CARTESIAN_POINT('Ctrl Pts',(0.300461395021918,0.6006,-0.126875286285035));
#5035=CARTESIAN_POINT('Ctrl Pts',(0.297945727508217,0.597,-0.122669344078197));
#5036=CARTESIAN_POINT('Ctrl Pts',(0.297945727508217,0.6006,-0.122669344078197));
#5037=CARTESIAN_POINT('Ctrl Pts',(0.295130841835535,0.597,-0.115359243232518));
#5038=CARTESIAN_POINT('Ctrl Pts',(0.295130841835535,0.6006,-0.115359243232518));
#5039=CARTESIAN_POINT('Ctrl Pts',(0.292644283109648,0.597,-0.107005189407589));
#5040=CARTESIAN_POINT('Ctrl Pts',(0.292644283109648,0.6006,-0.107005189407589));
#5041=CARTESIAN_POINT('Ctrl Pts',(0.290597020871396,0.597,-0.0974786494176997));
#5042=CARTESIAN_POINT('Ctrl Pts',(0.290597020871396,0.6006,-0.0974786494176997));
#5043=CARTESIAN_POINT('Ctrl Pts',(0.28911597026434,0.597,-0.0867959651107591));
#5044=CARTESIAN_POINT('Ctrl Pts',(0.28911597026434,0.6006,-0.0867959651107591));
#5045=CARTESIAN_POINT('Ctrl Pts',(0.287946738078093,0.597,-0.0749695424050817));
#5046=CARTESIAN_POINT('Ctrl Pts',(0.287946738078093,0.6006,-0.0749695424050817));
#5047=CARTESIAN_POINT('Ctrl Pts',(0.287339365478349,0.597,-0.0619828701996773));
#5048=CARTESIAN_POINT('Ctrl Pts',(0.287339365478349,0.6006,-0.0619828701996773));
#5049=CARTESIAN_POINT('Ctrl Pts',(0.287234250310136,0.597,-0.0529459847272097));
#5050=CARTESIAN_POINT('Ctrl Pts',(0.287234250310136,0.6006,-0.0529459847272097));
#5051=CARTESIAN_POINT('Ctrl Pts',(0.287179487179488,0.597,-0.0482379283335205));
#5052=CARTESIAN_POINT('Ctrl Pts',(0.287179487179488,0.6006,-0.0482379283335205));
#5053=CARTESIAN_POINT('',(0.30165264423077,0.6,-0.128866934743777));
#5054=CARTESIAN_POINT('',(0.287179487179488,0.6,-0.0482379283335205));
#5055=CARTESIAN_POINT('Ctrl Pts',(0.30165264423077,0.6,-0.128866934743777));
#5056=CARTESIAN_POINT('Ctrl Pts',(0.300461395021918,0.6,-0.126875286285035));
#5057=CARTESIAN_POINT('Ctrl Pts',(0.297945727508217,0.6,-0.122669344078197));
#5058=CARTESIAN_POINT('Ctrl Pts',(0.295130841835535,0.6,-0.115359243232518));
#5059=CARTESIAN_POINT('Ctrl Pts',(0.292644283109648,0.6,-0.107005189407589));
#5060=CARTESIAN_POINT('Ctrl Pts',(0.290597020871396,0.6,-0.0974786494176997));
#5061=CARTESIAN_POINT('Ctrl Pts',(0.28911597026434,0.6,-0.0867959651107591));
#5062=CARTESIAN_POINT('Ctrl Pts',(0.287946738078093,0.6,-0.0749695424050817));
#5063=CARTESIAN_POINT('Ctrl Pts',(0.287339365478349,0.6,-0.0619828701996773));
#5064=CARTESIAN_POINT('Ctrl Pts',(0.287234250310136,0.6,-0.0529459847272097));
#5065=CARTESIAN_POINT('Ctrl Pts',(0.287179487179488,0.6,-0.0482379283335205));
#5066=CARTESIAN_POINT('',(0.30165264423077,0.597,-0.128866934743777));
#5067=CARTESIAN_POINT('',(0.287179487179488,0.597,-0.0482379283335205));
#5068=CARTESIAN_POINT('Ctrl Pts',(0.334905849358975,0.597,-0.145994338589931));
#5069=CARTESIAN_POINT('Ctrl Pts',(0.334905849358975,0.6006,-0.145994338589931));
#5070=CARTESIAN_POINT('Ctrl Pts',(0.33325007003528,0.597,-0.145950880918515));
#5071=CARTESIAN_POINT('Ctrl Pts',(0.33325007003528,0.6006,-0.145950880918515));
#5072=CARTESIAN_POINT('Ctrl Pts',(0.329985085384666,0.597,-0.145865187959259));
#5073=CARTESIAN_POINT('Ctrl Pts',(0.329985085384666,0.6006,-0.145865187959259));
#5074=CARTESIAN_POINT('Ctrl Pts',(0.325204720265115,0.597,-0.145047249531009));
#5075=CARTESIAN_POINT('Ctrl Pts',(0.325204720265115,0.6006,-0.145047249531009));
#5076=CARTESIAN_POINT('Ctrl Pts',(0.320674424399542,0.597,-0.143679474171105));
#5077=CARTESIAN_POINT('Ctrl Pts',(0.320674424399542,0.6006,-0.143679474171105));
#5078=CARTESIAN_POINT('Ctrl Pts',(0.316342295241574,0.597,-0.141826689638351));
#5079=CARTESIAN_POINT('Ctrl Pts',(0.316342295241574,0.6006,-0.141826689638351));
#5080=CARTESIAN_POINT('Ctrl Pts',(0.31231648208494,0.597,-0.13933320761604));
#5081=CARTESIAN_POINT('Ctrl Pts',(0.31231648208494,0.6006,-0.13933320761604));
#5082=CARTESIAN_POINT('Ctrl Pts',(0.308437331191529,0.597,-0.136421889868145));
#5083=CARTESIAN_POINT('Ctrl Pts',(0.308437331191529,0.6006,-0.136421889868145));
#5084=CARTESIAN_POINT('Ctrl Pts',(0.304886526980478,0.597,-0.132874774137958));
#5085=CARTESIAN_POINT('Ctrl Pts',(0.304886526980478,0.6006,-0.132874774137958));
#5086=CARTESIAN_POINT('Ctrl Pts',(0.302746843516421,0.597,-0.130223005863707));
#5087=CARTESIAN_POINT('Ctrl Pts',(0.302746843516421,0.6006,-0.130223005863707));
#5088=CARTESIAN_POINT('Ctrl Pts',(0.30165264423077,0.597,-0.128866934743777));
#5089=CARTESIAN_POINT('Ctrl Pts',(0.30165264423077,0.6006,-0.128866934743777));
#5090=CARTESIAN_POINT('',(0.334905849358975,0.6,-0.145994338589931));
#5091=CARTESIAN_POINT('Ctrl Pts',(0.334905849358975,0.6,-0.145994338589931));
#5092=CARTESIAN_POINT('Ctrl Pts',(0.33325007003528,0.6,-0.145950880918515));
#5093=CARTESIAN_POINT('Ctrl Pts',(0.329985085384666,0.6,-0.145865187959259));
#5094=CARTESIAN_POINT('Ctrl Pts',(0.325204720265115,0.6,-0.145047249531009));
#5095=CARTESIAN_POINT('Ctrl Pts',(0.320674424399542,0.6,-0.143679474171105));
#5096=CARTESIAN_POINT('Ctrl Pts',(0.316342295241574,0.6,-0.141826689638351));
#5097=CARTESIAN_POINT('Ctrl Pts',(0.31231648208494,0.6,-0.13933320761604));
#5098=CARTESIAN_POINT('Ctrl Pts',(0.308437331191529,0.6,-0.136421889868145));
#5099=CARTESIAN_POINT('Ctrl Pts',(0.304886526980478,0.6,-0.132874774137958));
#5100=CARTESIAN_POINT('Ctrl Pts',(0.302746843516421,0.6,-0.130223005863707));
#5101=CARTESIAN_POINT('Ctrl Pts',(0.30165264423077,0.6,-0.128866934743777));
#5102=CARTESIAN_POINT('',(0.334905849358975,0.597,-0.145994338589931));
#5103=CARTESIAN_POINT('Ctrl Pts',(0.383333333333334,0.597,-0.0482379283335205));
#5104=CARTESIAN_POINT('Ctrl Pts',(0.383333333333334,0.6006,-0.0482379283335205));
#5105=CARTESIAN_POINT('Ctrl Pts',(0.383302981329766,0.597,-0.0529463114437357));
#5106=CARTESIAN_POINT('Ctrl Pts',(0.383302981329766,0.6006,-0.0529463114437357));
#5107=CARTESIAN_POINT('Ctrl Pts',(0.383244828039536,0.597,-0.0619673953043777));
#5108=CARTESIAN_POINT('Ctrl Pts',(0.383244828039536,0.6006,-0.0619673953043777));
#5109=CARTESIAN_POINT('Ctrl Pts',(0.38258758929686,0.597,-0.0748640747816277));
#5110=CARTESIAN_POINT('Ctrl Pts',(0.38258758929686,0.6006,-0.0748640747816277));
#5111=CARTESIAN_POINT('Ctrl Pts',(0.381557637120323,0.597,-0.0865280657180637));
#5112=CARTESIAN_POINT('Ctrl Pts',(0.381557637120323,0.6006,-0.0865280657180637));
#5113=CARTESIAN_POINT('Ctrl Pts',(0.380148826162685,0.597,-0.0969701212317711));
#5114=CARTESIAN_POINT('Ctrl Pts',(0.380148826162685,0.6006,-0.0969701212317711));
#5115=CARTESIAN_POINT('Ctrl Pts',(0.378276516661215,0.597,-0.106178905039954));
#5116=CARTESIAN_POINT('Ctrl Pts',(0.378276516661215,0.6006,-0.106178905039954));
#5117=CARTESIAN_POINT('Ctrl Pts',(0.37600566064038,0.597,-0.114174021391673));
#5118=CARTESIAN_POINT('Ctrl Pts',(0.37600566064038,0.6006,-0.114174021391673));
#5119=CARTESIAN_POINT('Ctrl Pts',(0.373299596145436,0.597,-0.120938419402448));
#5120=CARTESIAN_POINT('Ctrl Pts',(0.373299596145436,0.6006,-0.120938419402448));
#5121=CARTESIAN_POINT('Ctrl Pts',(0.370082095117512,0.597,-0.126540047583495));
#5122=CARTESIAN_POINT('Ctrl Pts',(0.370082095117512,0.6006,-0.126540047583495));
#5123=CARTESIAN_POINT('Ctrl Pts',(0.366500372696233,0.597,-0.131134902351121));
#5124=CARTESIAN_POINT('Ctrl Pts',(0.366500372696233,0.6006,-0.131134902351121));
#5125=CARTESIAN_POINT('Ctrl Pts',(0.362758924083725,0.597,-0.13511214895866));
#5126=CARTESIAN_POINT('Ctrl Pts',(0.362758924083725,0.6006,-0.13511214895866));
#5127=CARTESIAN_POINT('Ctrl Pts',(0.358764212687425,0.597,-0.138494667623074));
#5128=CARTESIAN_POINT('Ctrl Pts',(0.358764212687425,0.6006,-0.138494667623074));
#5129=CARTESIAN_POINT('Ctrl Pts',(0.354445464241911,0.597,-0.141208173993645));
#5130=CARTESIAN_POINT('Ctrl Pts',(0.354445464241911,0.6006,-0.141208173993645));
#5131=CARTESIAN_POINT('Ctrl Pts',(0.349941880132114,0.597,-0.143397330004449));
#5132=CARTESIAN_POINT('Ctrl Pts',(0.349941880132114,0.6006,-0.143397330004449));
#5133=CARTESIAN_POINT('Ctrl Pts',(0.345149979442051,0.597,-0.144903962918589));
#5134=CARTESIAN_POINT('Ctrl Pts',(0.345149979442051,0.6006,-0.144903962918589));
#5135=CARTESIAN_POINT('Ctrl Pts',(0.340116862768638,0.597,-0.145829591055266));
#5136=CARTESIAN_POINT('Ctrl Pts',(0.340116862768638,0.6006,-0.145829591055266));
#5137=CARTESIAN_POINT('Ctrl Pts',(0.336662700093728,0.597,-0.145938795300254));
#5138=CARTESIAN_POINT('Ctrl Pts',(0.336662700093728,0.6006,-0.145938795300254));
#5139=CARTESIAN_POINT('Ctrl Pts',(0.334905849358975,0.597,-0.145994338589931));
#5140=CARTESIAN_POINT('Ctrl Pts',(0.334905849358975,0.6006,-0.145994338589931));
#5141=CARTESIAN_POINT('',(0.383333333333334,0.6,-0.0482379283335205));
#5142=CARTESIAN_POINT('Ctrl Pts',(0.383333333333334,0.6,-0.0482379283335205));
#5143=CARTESIAN_POINT('Ctrl Pts',(0.383302981329766,0.6,-0.0529463114437357));
#5144=CARTESIAN_POINT('Ctrl Pts',(0.383244828039536,0.6,-0.0619673953043777));
#5145=CARTESIAN_POINT('Ctrl Pts',(0.38258758929686,0.6,-0.0748640747816277));
#5146=CARTESIAN_POINT('Ctrl Pts',(0.381557637120323,0.6,-0.0865280657180637));
#5147=CARTESIAN_POINT('Ctrl Pts',(0.380148826162685,0.6,-0.0969701212317711));
#5148=CARTESIAN_POINT('Ctrl Pts',(0.378276516661215,0.6,-0.106178905039954));
#5149=CARTESIAN_POINT('Ctrl Pts',(0.37600566064038,0.6,-0.114174021391673));
#5150=CARTESIAN_POINT('Ctrl Pts',(0.373299596145436,0.6,-0.120938419402448));
#5151=CARTESIAN_POINT('Ctrl Pts',(0.370082095117512,0.6,-0.126540047583495));
#5152=CARTESIAN_POINT('Ctrl Pts',(0.366500372696233,0.6,-0.131134902351121));
#5153=CARTESIAN_POINT('Ctrl Pts',(0.362758924083725,0.6,-0.13511214895866));
#5154=CARTESIAN_POINT('Ctrl Pts',(0.358764212687425,0.6,-0.138494667623074));
#5155=CARTESIAN_POINT('Ctrl Pts',(0.354445464241911,0.6,-0.141208173993645));
#5156=CARTESIAN_POINT('Ctrl Pts',(0.349941880132114,0.6,-0.143397330004449));
#5157=CARTESIAN_POINT('Ctrl Pts',(0.345149979442051,0.6,-0.144903962918589));
#5158=CARTESIAN_POINT('Ctrl Pts',(0.340116862768638,0.6,-0.145829591055266));
#5159=CARTESIAN_POINT('Ctrl Pts',(0.336662700093728,0.6,-0.145938795300254));
#5160=CARTESIAN_POINT('Ctrl Pts',(0.334905849358975,0.6,-0.145994338589931));
#5161=CARTESIAN_POINT('',(0.383333333333334,0.597,-0.0482379283335205));
#5162=CARTESIAN_POINT('Ctrl Pts',(0.335256410256411,0.597,0.0495184819228897));
#5163=CARTESIAN_POINT('Ctrl Pts',(0.335256410256411,0.6006,0.0495184819228897));
#5164=CARTESIAN_POINT('Ctrl Pts',(0.336911878926554,0.597,0.0494552805544948));
#5165=CARTESIAN_POINT('Ctrl Pts',(0.336911878926554,0.6006,0.0494552805544948));
#5166=CARTESIAN_POINT('Ctrl Pts',(0.340194640352197,0.597,0.0493299534988055));
#5167=CARTESIAN_POINT('Ctrl Pts',(0.340194640352197,0.600599999999999,0.0493299534988055));
#5168=CARTESIAN_POINT('Ctrl Pts',(0.345027167666357,0.597,0.0484951698175602));
#5169=CARTESIAN_POINT('Ctrl Pts',(0.345027167666357,0.6006,0.0484951698175602));
#5170=CARTESIAN_POINT('Ctrl Pts',(0.349631154507776,0.597,0.0469355285345258));
#5171=CARTESIAN_POINT('Ctrl Pts',(0.349631154507776,0.6006,0.0469355285345258));
#5172=CARTESIAN_POINT('Ctrl Pts',(0.35404811735071,0.597,0.0448962909283119));
#5173=CARTESIAN_POINT('Ctrl Pts',(0.35404811735071,0.6006,0.0448962909283119));
#5174=CARTESIAN_POINT('Ctrl Pts',(0.358255251399585,0.597,0.0422549885918887));
#5175=CARTESIAN_POINT('Ctrl Pts',(0.358255251399585,0.600599999999999,0.0422549885918887));
#5176=CARTESIAN_POINT('Ctrl Pts',(0.362230431051271,0.597,0.0390010522875473));
#5177=CARTESIAN_POINT('Ctrl Pts',(0.362230431051271,0.6006,0.0390010522875473));
#5178=CARTESIAN_POINT('Ctrl Pts',(0.366037135956526,0.597,0.0351894591475155));
#5179=CARTESIAN_POINT('Ctrl Pts',(0.366037135956526,0.6006,0.0351894591475155));
#5180=CARTESIAN_POINT('Ctrl Pts',(0.369688464335578,0.597,0.030703364087181));
#5181=CARTESIAN_POINT('Ctrl Pts',(0.369688464335578,0.600599999999999,0.030703364087181));
#5182=CARTESIAN_POINT('Ctrl Pts',(0.373012873182998,0.597,0.0252380185566165));
#5183=CARTESIAN_POINT('Ctrl Pts',(0.373012873182998,0.6006,0.0252380185566165));
#5184=CARTESIAN_POINT('Ctrl Pts',(0.375770710352471,0.597,0.0185026102559198));
#5185=CARTESIAN_POINT('Ctrl Pts',(0.375770710352471,0.6006,0.0185026102559198));
#5186=CARTESIAN_POINT('Ctrl Pts',(0.37813477945094,0.597,0.0105306164053849));
#5187=CARTESIAN_POINT('Ctrl Pts',(0.37813477945094,0.600599999999999,0.0105306164053849));
#5188=CARTESIAN_POINT('Ctrl Pts',(0.380057873897735,0.597,0.00126461067938457));
#5189=CARTESIAN_POINT('Ctrl Pts',(0.380057873897735,0.6006,0.00126461067938457));
#5190=CARTESIAN_POINT('Ctrl Pts',(0.381512343981141,0.597,-0.00927847017810392));
#5191=CARTESIAN_POINT('Ctrl Pts',(0.381512343981141,0.6006,-0.00927847017810392));
#5192=CARTESIAN_POINT('Ctrl Pts',(0.38260134998223,0.597,-0.0211086756564066));
#5193=CARTESIAN_POINT('Ctrl Pts',(0.38260134998223,0.6006,-0.0211086756564066));
#5194=CARTESIAN_POINT('Ctrl Pts',(0.383242063837571,0.597,-0.0342417707194749));
#5195=CARTESIAN_POINT('Ctrl Pts',(0.383242063837571,0.6006,-0.0342417707194749));
#5196=CARTESIAN_POINT('Ctrl Pts',(0.383301977365165,0.597,-0.0434294973351184));
#5197=CARTESIAN_POINT('Ctrl Pts',(0.383301977365165,0.600599999999999,-0.0434294973351184));
#5198=CARTESIAN_POINT('Ctrl Pts',(0.383333333333334,0.597,-0.0482379283335205));
#5199=CARTESIAN_POINT('Ctrl Pts',(0.383333333333334,0.6006,-0.0482379283335205));
#5200=CARTESIAN_POINT('',(0.335256410256411,0.6,0.0495184819228897));
#5201=CARTESIAN_POINT('Ctrl Pts',(0.335256410256411,0.6,0.0495184819228897));
#5202=CARTESIAN_POINT('Ctrl Pts',(0.336911878926554,0.6,0.0494552805544948));
#5203=CARTESIAN_POINT('Ctrl Pts',(0.340194640352197,0.6,0.0493299534988055));
#5204=CARTESIAN_POINT('Ctrl Pts',(0.345027167666357,0.6,0.0484951698175602));
#5205=CARTESIAN_POINT('Ctrl Pts',(0.349631154507776,0.6,0.0469355285345258));
#5206=CARTESIAN_POINT('Ctrl Pts',(0.35404811735071,0.6,0.0448962909283119));
#5207=CARTESIAN_POINT('Ctrl Pts',(0.358255251399585,0.6,0.0422549885918887));
#5208=CARTESIAN_POINT('Ctrl Pts',(0.362230431051271,0.6,0.0390010522875473));
#5209=CARTESIAN_POINT('Ctrl Pts',(0.366037135956526,0.6,0.0351894591475155));
#5210=CARTESIAN_POINT('Ctrl Pts',(0.369688464335578,0.6,0.030703364087181));
#5211=CARTESIAN_POINT('Ctrl Pts',(0.373012873182998,0.6,0.0252380185566165));
#5212=CARTESIAN_POINT('Ctrl Pts',(0.375770710352471,0.6,0.0185026102559198));
#5213=CARTESIAN_POINT('Ctrl Pts',(0.37813477945094,0.6,0.0105306164053849));
#5214=CARTESIAN_POINT('Ctrl Pts',(0.380057873897735,0.6,0.00126461067938457));
#5215=CARTESIAN_POINT('Ctrl Pts',(0.381512343981141,0.6,-0.00927847017810392));
#5216=CARTESIAN_POINT('Ctrl Pts',(0.38260134998223,0.6,-0.0211086756564066));
#5217=CARTESIAN_POINT('Ctrl Pts',(0.383242063837571,0.6,-0.0342417707194749));
#5218=CARTESIAN_POINT('Ctrl Pts',(0.383301977365165,0.6,-0.0434294973351184));
#5219=CARTESIAN_POINT('Ctrl Pts',(0.383333333333334,0.6,-0.0482379283335205));
#5220=CARTESIAN_POINT('',(0.335256410256411,0.597,0.0495184819228897));
#5221=CARTESIAN_POINT('Ctrl Pts',(0.287179487179488,0.597,-0.0482379283335205));
#5222=CARTESIAN_POINT('Ctrl Pts',(0.287179487179488,0.6006,-0.0482379283335205));
#5223=CARTESIAN_POINT('Ctrl Pts',(0.287211311553842,0.597,-0.0434295190273447));
#5224=CARTESIAN_POINT('Ctrl Pts',(0.287211311553842,0.6006,-0.0434295190273447));
#5225=CARTESIAN_POINT('Ctrl Pts',(0.287272230445615,0.597,-0.0342251600393696));
#5226=CARTESIAN_POINT('Ctrl Pts',(0.287272230445615,0.6006,-0.0342251600393696));
#5227=CARTESIAN_POINT('Ctrl Pts',(0.287908684992245,0.597,-0.0210751452032018));
#5228=CARTESIAN_POINT('Ctrl Pts',(0.287908684992245,0.6006,-0.0210751452032018));
#5229=CARTESIAN_POINT('Ctrl Pts',(0.289004315297482,0.597,-0.00921203683448008));
#5230=CARTESIAN_POINT('Ctrl Pts',(0.289004315297482,0.6006,-0.00921203683448008));
#5231=CARTESIAN_POINT('Ctrl Pts',(0.290452810124006,0.597,0.00134773981812523));
#5232=CARTESIAN_POINT('Ctrl Pts',(0.290452810124006,0.6006,0.00134773981812523));
#5233=CARTESIAN_POINT('Ctrl Pts',(0.292365409766131,0.597,0.0106184689407252));
#5234=CARTESIAN_POINT('Ctrl Pts',(0.292365409766131,0.6006,0.0106184689407252));
#5235=CARTESIAN_POINT('Ctrl Pts',(0.294766904826487,0.597,0.0185765258614978));
#5236=CARTESIAN_POINT('Ctrl Pts',(0.294766904826487,0.6006,0.0185765258614978));
#5237=CARTESIAN_POINT('Ctrl Pts',(0.297473960947119,0.597,0.0253174253047168));
#5238=CARTESIAN_POINT('Ctrl Pts',(0.297473960947119,0.6006,0.0253174253047168));
#5239=CARTESIAN_POINT('Ctrl Pts',(0.300823891599309,0.597,0.0307576190096619));
#5240=CARTESIAN_POINT('Ctrl Pts',(0.300823891599309,0.6006,0.0307576190096619));
#5241=CARTESIAN_POINT('Ctrl Pts',(0.304491695661044,0.597,0.0351921704862031));
#5242=CARTESIAN_POINT('Ctrl Pts',(0.304491695661044,0.6006,0.0351921704862031));
#5243=CARTESIAN_POINT('Ctrl Pts',(0.308278452690613,0.597,0.0390060281686606));
#5244=CARTESIAN_POINT('Ctrl Pts',(0.308278452690613,0.6006,0.0390060281686606));
#5245=CARTESIAN_POINT('Ctrl Pts',(0.312273251991097,0.597,0.0422477198711477));
#5246=CARTESIAN_POINT('Ctrl Pts',(0.312273251991097,0.6006,0.0422477198711477));
#5247=CARTESIAN_POINT('Ctrl Pts',(0.316450027979841,0.597,0.0449506296517316));
#5248=CARTESIAN_POINT('Ctrl Pts',(0.316450027979841,0.6006,0.0449506296517316));
#5249=CARTESIAN_POINT('Ctrl Pts',(0.320873586341984,0.597,0.0469970953549382));
#5250=CARTESIAN_POINT('Ctrl Pts',(0.320873586341984,0.6006,0.0469970953549382));
#5251=CARTESIAN_POINT('Ctrl Pts',(0.325495556202144,0.597,0.0484803782536436));
#5252=CARTESIAN_POINT('Ctrl Pts',(0.325495556202144,0.6006,0.0484803782536436));
#5253=CARTESIAN_POINT('Ctrl Pts',(0.33031694326148,0.597,0.049333984787549));
#5254=CARTESIAN_POINT('Ctrl Pts',(0.33031694326148,0.6006,0.049333984787549));
#5255=CARTESIAN_POINT('Ctrl Pts',(0.333600526934106,0.597,0.0494566319844779));
#5256=CARTESIAN_POINT('Ctrl Pts',(0.333600526934106,0.6006,0.0494566319844779));
#5257=CARTESIAN_POINT('Ctrl Pts',(0.335256410256411,0.597,0.0495184819228897));
#5258=CARTESIAN_POINT('Ctrl Pts',(0.335256410256411,0.6006,0.0495184819228897));
#5259=CARTESIAN_POINT('Ctrl Pts',(0.287179487179488,0.6,-0.0482379283335205));
#5260=CARTESIAN_POINT('Ctrl Pts',(0.287211311553842,0.6,-0.0434295190273447));
#5261=CARTESIAN_POINT('Ctrl Pts',(0.287272230445615,0.6,-0.0342251600393696));
#5262=CARTESIAN_POINT('Ctrl Pts',(0.287908684992245,0.6,-0.0210751452032018));
#5263=CARTESIAN_POINT('Ctrl Pts',(0.289004315297482,0.6,-0.00921203683448008));
#5264=CARTESIAN_POINT('Ctrl Pts',(0.290452810124006,0.6,0.00134773981812523));
#5265=CARTESIAN_POINT('Ctrl Pts',(0.292365409766131,0.6,0.0106184689407252));
#5266=CARTESIAN_POINT('Ctrl Pts',(0.294766904826487,0.6,0.0185765258614978));
#5267=CARTESIAN_POINT('Ctrl Pts',(0.297473960947119,0.6,0.0253174253047168));
#5268=CARTESIAN_POINT('Ctrl Pts',(0.300823891599309,0.6,0.0307576190096619));
#5269=CARTESIAN_POINT('Ctrl Pts',(0.304491695661044,0.6,0.0351921704862031));
#5270=CARTESIAN_POINT('Ctrl Pts',(0.308278452690613,0.6,0.0390060281686606));
#5271=CARTESIAN_POINT('Ctrl Pts',(0.312273251991097,0.6,0.0422477198711477));
#5272=CARTESIAN_POINT('Ctrl Pts',(0.316450027979841,0.6,0.0449506296517316));
#5273=CARTESIAN_POINT('Ctrl Pts',(0.320873586341984,0.6,0.0469970953549382));
#5274=CARTESIAN_POINT('Ctrl Pts',(0.325495556202144,0.6,0.0484803782536436));
#5275=CARTESIAN_POINT('Ctrl Pts',(0.33031694326148,0.6,0.049333984787549));
#5276=CARTESIAN_POINT('Ctrl Pts',(0.333600526934106,0.6,0.0494566319844779));
#5277=CARTESIAN_POINT('Ctrl Pts',(0.335256410256411,0.6,0.0495184819228897));
#5278=CARTESIAN_POINT('Origin',(1.33228756555323,0.6,-1.08228756555323));
#5279=CARTESIAN_POINT('Origin',(0.539282852564103,0.597,0.0751595075639154));
#5280=CARTESIAN_POINT('',(0.539282852564103,0.597,0.0751595075639154));
#5281=CARTESIAN_POINT('',(0.539282852564103,0.597,0.0751595075639154));
#5282=CARTESIAN_POINT('',(0.497566105769231,0.597,0.0751595075639154));
#5283=CARTESIAN_POINT('',(0.539282852564103,0.597,0.0751595075639154));
#5284=CARTESIAN_POINT('',(0.497566105769231,0.597,0.0751595075639154));
#5285=CARTESIAN_POINT('Origin',(0.497566105769231,0.597,0.0751595075639154));
#5286=CARTESIAN_POINT('',(0.434615384615385,0.597,-0.174840492436085));
#5287=CARTESIAN_POINT('',(0.497566105769231,0.597,0.0751595075639154));
#5288=CARTESIAN_POINT('',(0.434615384615385,0.597,-0.174840492436085));
#5289=CARTESIAN_POINT('Origin',(0.434615384615385,0.597,-0.174840492436085));
#5290=CARTESIAN_POINT('',(0.471023637820513,0.597,-0.174840492436085));
#5291=CARTESIAN_POINT('',(0.434615384615385,0.597,-0.174840492436085));
#5292=CARTESIAN_POINT('',(0.471023637820513,0.597,-0.174840492436085));
#5293=CARTESIAN_POINT('Origin',(0.471023637820513,0.597,-0.174840492436085));
#5294=CARTESIAN_POINT('',(0.508133012820513,0.597,-0.0104274315386487));
#5295=CARTESIAN_POINT('',(0.471023637820513,0.597,-0.174840492436085));
#5296=CARTESIAN_POINT('',(0.508133012820513,0.597,-0.0104274315386487));
#5297=CARTESIAN_POINT('Ctrl Pts',(0.508133012820513,0.597,-0.0104274315386487));
#5298=CARTESIAN_POINT('Ctrl Pts',(0.508133012820513,0.6006,-0.0104274315386487));
#5299=CARTESIAN_POINT('Ctrl Pts',(0.510056251440197,0.597,-0.00194798588177586));
#5300=CARTESIAN_POINT('Ctrl Pts',(0.510056251440197,0.6006,-0.00194798588177586));
#5301=CARTESIAN_POINT('Ctrl Pts',(0.513883093992931,0.597,0.0149243372564972));
#5302=CARTESIAN_POINT('Ctrl Pts',(0.513883093992931,0.6006,0.0149243372564972));
#5303=CARTESIAN_POINT('Ctrl Pts',(0.517668359820369,0.597,0.0318060365641675));
#5304=CARTESIAN_POINT('Ctrl Pts',(0.517668359820369,0.6006,0.0318060365641675));
#5305=CARTESIAN_POINT('Ctrl Pts',(0.519551282051283,0.597,0.0402035780767359));
#5306=CARTESIAN_POINT('Ctrl Pts',(0.519551282051283,0.6006,0.0402035780767359));
#5307=CARTESIAN_POINT('',(0.519551282051283,0.597,0.0402035780767359));
#5308=CARTESIAN_POINT('Ctrl Pts',(0.508133012820513,0.597,-0.0104274315386487));
#5309=CARTESIAN_POINT('Ctrl Pts',(0.510056251440197,0.597,-0.00194798588177586));
#5310=CARTESIAN_POINT('Ctrl Pts',(0.513883093992931,0.597,0.0149243372564972));
#5311=CARTESIAN_POINT('Ctrl Pts',(0.517668359820369,0.597,0.0318060365641675));
#5312=CARTESIAN_POINT('Ctrl Pts',(0.519551282051283,0.597,0.0402035780767359));
#5313=CARTESIAN_POINT('',(0.519551282051283,0.597,0.0402035780767359));
#5314=CARTESIAN_POINT('Ctrl Pts',(0.519551282051283,0.597,0.0402035780767359));
#5315=CARTESIAN_POINT('Ctrl Pts',(0.519551282051283,0.6006,0.0402035780767359));
#5316=CARTESIAN_POINT('Ctrl Pts',(0.520442786647898,0.597,0.0371840299879608));
#5317=CARTESIAN_POINT('Ctrl Pts',(0.520442786647898,0.6006,0.0371840299879608));
#5318=CARTESIAN_POINT('Ctrl Pts',(0.522125784876326,0.597,0.0314836734184501));
#5319=CARTESIAN_POINT('Ctrl Pts',(0.522125784876326,0.6006,0.0314836734184501));
#5320=CARTESIAN_POINT('Ctrl Pts',(0.524400872323186,0.597,0.0234028686748912));
#5321=CARTESIAN_POINT('Ctrl Pts',(0.524400872323186,0.600600000000001,0.0234028686748912));
#5322=CARTESIAN_POINT('Ctrl Pts',(0.526467261353581,0.597,0.0163501669795468));
#5323=CARTESIAN_POINT('Ctrl Pts',(0.526467261353581,0.6006,0.0163501669795468));
#5324=CARTESIAN_POINT('Ctrl Pts',(0.528227718755572,0.597,0.0102926897061914));
#5325=CARTESIAN_POINT('Ctrl Pts',(0.528227718755572,0.6006,0.0102926897061914));
#5326=CARTESIAN_POINT('Ctrl Pts',(0.529653154318303,0.597,0.00522192644673059));
#5327=CARTESIAN_POINT('Ctrl Pts',(0.529653154318303,0.6006,0.00522192644673059));
#5328=CARTESIAN_POINT('Ctrl Pts',(0.530883859183293,0.597,0.00120018650030883));
#5329=CARTESIAN_POINT('Ctrl Pts',(0.530883859183293,0.6006,0.00120018650030883));
#5330=CARTESIAN_POINT('Ctrl Pts',(0.531722692247758,0.597,-0.00185128893655301));
#5331=CARTESIAN_POINT('Ctrl Pts',(0.531722692247758,0.6006,-0.00185128893655301));
#5332=CARTESIAN_POINT('Ctrl Pts',(0.532219786235593,0.597,-0.00353357746996928));
#5333=CARTESIAN_POINT('Ctrl Pts',(0.532219786235593,0.6006,-0.00353357746996928));
#5334=CARTESIAN_POINT('Ctrl Pts',(0.532421875000001,0.597,-0.00421749564121285));
#5335=CARTESIAN_POINT('Ctrl Pts',(0.532421875000001,0.6006,-0.00421749564121285));
#5336=CARTESIAN_POINT('',(0.532421875000001,0.597,-0.00421749564121285));
#5337=CARTESIAN_POINT('Ctrl Pts',(0.519551282051283,0.597,0.0402035780767359));
#5338=CARTESIAN_POINT('Ctrl Pts',(0.520442786647898,0.597,0.0371840299879608));
#5339=CARTESIAN_POINT('Ctrl Pts',(0.522125784876326,0.597,0.0314836734184501));
#5340=CARTESIAN_POINT('Ctrl Pts',(0.524400872323186,0.597,0.0234028686748912));
#5341=CARTESIAN_POINT('Ctrl Pts',(0.526467261353581,0.597,0.0163501669795468));
#5342=CARTESIAN_POINT('Ctrl Pts',(0.528227718755572,0.597,0.0102926897061914));
#5343=CARTESIAN_POINT('Ctrl Pts',(0.529653154318303,0.597,0.00522192644673059));
#5344=CARTESIAN_POINT('Ctrl Pts',(0.530883859183293,0.597,0.00120018650030883));
#5345=CARTESIAN_POINT('Ctrl Pts',(0.531722692247758,0.597,-0.00185128893655301));
#5346=CARTESIAN_POINT('Ctrl Pts',(0.532219786235593,0.597,-0.00353357746996928));
#5347=CARTESIAN_POINT('Ctrl Pts',(0.532421875000001,0.597,-0.00421749564121285));
#5348=CARTESIAN_POINT('',(0.532421875000001,0.597,-0.00421749564121285));
#5349=CARTESIAN_POINT('Origin',(0.532421875000001,0.597,-0.00421749564121285));
#5350=CARTESIAN_POINT('',(0.581800881410257,0.597,-0.174840492436085));
#5351=CARTESIAN_POINT('',(0.532421875000001,0.597,-0.00421749564121285));
#5352=CARTESIAN_POINT('',(0.581800881410257,0.597,-0.174840492436085));
#5353=CARTESIAN_POINT('Origin',(0.581800881410257,0.597,-0.174840492436085));
#5354=CARTESIAN_POINT('',(0.624218750000001,0.597,-0.174840492436085));
#5355=CARTESIAN_POINT('',(0.581800881410257,0.597,-0.174840492436085));
#5356=CARTESIAN_POINT('',(0.624218750000001,0.597,-0.174840492436085));
#5357=CARTESIAN_POINT('Origin',(0.624218750000001,0.597,-0.174840492436085));
#5358=CARTESIAN_POINT('',(0.659925881410257,0.597,-0.049590091795059));
#5359=CARTESIAN_POINT('',(0.624218750000001,0.597,-0.174840492436085));
#5360=CARTESIAN_POINT('',(0.659925881410257,0.597,-0.049590091795059));
#5361=CARTESIAN_POINT('Ctrl Pts',(0.659925881410257,0.597,-0.049590091795059));
#5362=CARTESIAN_POINT('Ctrl Pts',(0.659925881410257,0.6006,-0.049590091795059));
#5363=CARTESIAN_POINT('Ctrl Pts',(0.661896417845222,0.597,-0.0418526132792938));
#5364=CARTESIAN_POINT('Ctrl Pts',(0.661896417845222,0.6006,-0.0418526132792938));
#5365=CARTESIAN_POINT('Ctrl Pts',(0.665781889233114,0.597,-0.0265959801848826));
#5366=CARTESIAN_POINT('Ctrl Pts',(0.665781889233114,0.6006,-0.0265959801848826));
#5367=CARTESIAN_POINT('Ctrl Pts',(0.670944365088386,0.597,-0.00387066004118245));
#5368=CARTESIAN_POINT('Ctrl Pts',(0.670944365088386,0.6006,-0.00387066004118245));
#5369=CARTESIAN_POINT('Ctrl Pts',(0.675709165314541,0.597,0.0183033392350188));
#5370=CARTESIAN_POINT('Ctrl Pts',(0.675709165314541,0.6006,0.0183033392350188));
#5371=CARTESIAN_POINT('Ctrl Pts',(0.678453779717459,0.597,0.0329690254810193));
#5372=CARTESIAN_POINT('Ctrl Pts',(0.678453779717459,0.6006,0.0329690254810193));
#5373=CARTESIAN_POINT('Ctrl Pts',(0.679807692307693,0.597,0.0402035780767359));
#5374=CARTESIAN_POINT('Ctrl Pts',(0.679807692307693,0.6006,0.0402035780767359));
#5375=CARTESIAN_POINT('',(0.679807692307693,0.597,0.0402035780767359));
#5376=CARTESIAN_POINT('Ctrl Pts',(0.659925881410257,0.597,-0.049590091795059));
#5377=CARTESIAN_POINT('Ctrl Pts',(0.661896417845222,0.597,-0.0418526132792938));
#5378=CARTESIAN_POINT('Ctrl Pts',(0.665781889233114,0.597,-0.0265959801848826));
#5379=CARTESIAN_POINT('Ctrl Pts',(0.670944365088386,0.597,-0.00387066004118245));
#5380=CARTESIAN_POINT('Ctrl Pts',(0.675709165314541,0.597,0.0183033392350188));
#5381=CARTESIAN_POINT('Ctrl Pts',(0.678453779717459,0.597,0.0329690254810193));
#5382=CARTESIAN_POINT('Ctrl Pts',(0.679807692307693,0.597,0.0402035780767359));
#5383=CARTESIAN_POINT('',(0.679807692307693,0.597,0.0402035780767359));
#5384=CARTESIAN_POINT('Ctrl Pts',(0.679807692307693,0.597,0.0402035780767359));
#5385=CARTESIAN_POINT('Ctrl Pts',(0.679807692307693,0.6006,0.0402035780767359));
#5386=CARTESIAN_POINT('Ctrl Pts',(0.680637746292872,0.597,0.0364966041981541));
#5387=CARTESIAN_POINT('Ctrl Pts',(0.680637746292872,0.6006,0.0364966041981541));
#5388=CARTESIAN_POINT('Ctrl Pts',(0.682384512540375,0.597,0.028695645504987));
#5389=CARTESIAN_POINT('Ctrl Pts',(0.682384512540375,0.6006,0.028695645504987));
#5390=CARTESIAN_POINT('Ctrl Pts',(0.685236879325253,0.597,0.0164109779567465));
#5391=CARTESIAN_POINT('Ctrl Pts',(0.685236879325253,0.6006,0.0164109779567465));
#5392=CARTESIAN_POINT('Ctrl Pts',(0.688188958843778,0.597,0.00290335859476497));
#5393=CARTESIAN_POINT('Ctrl Pts',(0.688188958843778,0.6006,0.00290335859476497));
#5394=CARTESIAN_POINT('Ctrl Pts',(0.690317953693604,0.597,-0.00648926857115298));
#5395=CARTESIAN_POINT('Ctrl Pts',(0.690317953693604,0.6006,-0.00648926857115298));
#5396=CARTESIAN_POINT('Ctrl Pts',(0.691426282051283,0.597,-0.0113789539745462));
#5397=CARTESIAN_POINT('Ctrl Pts',(0.691426282051283,0.6006,-0.0113789539745462));
#5398=CARTESIAN_POINT('',(0.691426282051283,0.597,-0.0113789539745462));
#5399=CARTESIAN_POINT('Ctrl Pts',(0.679807692307693,0.597,0.0402035780767359));
#5400=CARTESIAN_POINT('Ctrl Pts',(0.680637746292872,0.597,0.0364966041981541));
#5401=CARTESIAN_POINT('Ctrl Pts',(0.682384512540375,0.597,0.028695645504987));
#5402=CARTESIAN_POINT('Ctrl Pts',(0.685236879325253,0.597,0.0164109779567465));
#5403=CARTESIAN_POINT('Ctrl Pts',(0.688188958843778,0.597,0.00290335859476497));
#5404=CARTESIAN_POINT('Ctrl Pts',(0.690317953693604,0.597,-0.00648926857115298));
#5405=CARTESIAN_POINT('Ctrl Pts',(0.691426282051283,0.597,-0.0113789539745462));
#5406=CARTESIAN_POINT('',(0.691426282051283,0.597,-0.0113789539745462));
#5407=CARTESIAN_POINT('Origin',(0.691426282051283,0.597,-0.0113789539745462));
#5408=CARTESIAN_POINT('',(0.728335336538462,0.597,-0.174840492436085));
#5409=CARTESIAN_POINT('',(0.691426282051283,0.597,-0.0113789539745462));
#5410=CARTESIAN_POINT('',(0.728335336538462,0.597,-0.174840492436085));
#5411=CARTESIAN_POINT('Origin',(0.728335336538462,0.597,-0.174840492436085));
#5412=CARTESIAN_POINT('',(0.76474358974359,0.597,-0.174840492436085));
#5413=CARTESIAN_POINT('',(0.728335336538462,0.597,-0.174840492436085));
#5414=CARTESIAN_POINT('',(0.76474358974359,0.597,-0.174840492436085));
#5415=CARTESIAN_POINT('Origin',(0.76474358974359,0.597,-0.174840492436085));
#5416=CARTESIAN_POINT('',(0.701742788461539,0.597,0.0751595075639154));
#5417=CARTESIAN_POINT('',(0.76474358974359,0.597,-0.174840492436085));
#5418=CARTESIAN_POINT('',(0.701742788461539,0.597,0.0751595075639154));
#5419=CARTESIAN_POINT('Origin',(0.701742788461539,0.597,0.0751595075639154));
#5420=CARTESIAN_POINT('',(0.66298076923077,0.597,0.0751595075639154));
#5421=CARTESIAN_POINT('',(0.701742788461539,0.597,0.0751595075639154));
#5422=CARTESIAN_POINT('',(0.66298076923077,0.597,0.0751595075639154));
#5423=CARTESIAN_POINT('Origin',(0.66298076923077,0.597,0.0751595075639154));
#5424=CARTESIAN_POINT('',(0.610747195512821,0.597,-0.115896181538649));
#5425=CARTESIAN_POINT('',(0.66298076923077,0.597,0.0751595075639154));
#5426=CARTESIAN_POINT('',(0.610747195512821,0.597,-0.115896181538649));
#5427=CARTESIAN_POINT('Ctrl Pts',(0.610747195512821,0.597,-0.115896181538649));
#5428=CARTESIAN_POINT('Ctrl Pts',(0.610747195512821,0.6006,-0.115896181538649));
#5429=CARTESIAN_POINT('Ctrl Pts',(0.61022269519112,0.597,-0.117763928464033));
#5430=CARTESIAN_POINT('Ctrl Pts',(0.61022269519112,0.6006,-0.117763928464033));
#5431=CARTESIAN_POINT('Ctrl Pts',(0.609226339886568,0.597,-0.1213119521347));
#5432=CARTESIAN_POINT('Ctrl Pts',(0.609226339886568,0.6006,-0.1213119521347));
#5433=CARTESIAN_POINT('Ctrl Pts',(0.607920351437458,0.597,-0.126375102168115));
#5434=CARTESIAN_POINT('Ctrl Pts',(0.607920351437458,0.6006,-0.126375102168115));
#5435=CARTESIAN_POINT('Ctrl Pts',(0.606625242112145,0.597,-0.130827934304215));
#5436=CARTESIAN_POINT('Ctrl Pts',(0.606625242112145,0.6006,-0.130827934304215));
#5437=CARTESIAN_POINT('Ctrl Pts',(0.605595110348678,0.597,-0.134727994096643));
#5438=CARTESIAN_POINT('Ctrl Pts',(0.605595110348678,0.6006,-0.134727994096643));
#5439=CARTESIAN_POINT('Ctrl Pts',(0.604703617557815,0.597,-0.138035981063178));
#5440=CARTESIAN_POINT('Ctrl Pts',(0.604703617557815,0.6006,-0.138035981063178));
#5441=CARTESIAN_POINT('Ctrl Pts',(0.603914162558047,0.597,-0.140742209978355));
#5442=CARTESIAN_POINT('Ctrl Pts',(0.603914162558047,0.6006,-0.140742209978355));
#5443=CARTESIAN_POINT('Ctrl Pts',(0.603406406329557,0.597,-0.142899646060056));
#5444=CARTESIAN_POINT('Ctrl Pts',(0.603406406329557,0.6006,-0.142899646060056));
#5445=CARTESIAN_POINT('Ctrl Pts',(0.603039220608619,0.597,-0.144125868550913));
#5446=CARTESIAN_POINT('Ctrl Pts',(0.603039220608619,0.6006,-0.144125868550913));
#5447=CARTESIAN_POINT('Ctrl Pts',(0.602884615384616,0.597,-0.144642175128392));
#5448=CARTESIAN_POINT('Ctrl Pts',(0.602884615384616,0.6006,-0.144642175128392));
#5449=CARTESIAN_POINT('',(0.602884615384616,0.597,-0.144642175128392));
#5450=CARTESIAN_POINT('Ctrl Pts',(0.610747195512821,0.597,-0.115896181538649));
#5451=CARTESIAN_POINT('Ctrl Pts',(0.61022269519112,0.597,-0.117763928464033));
#5452=CARTESIAN_POINT('Ctrl Pts',(0.609226339886568,0.597,-0.1213119521347));
#5453=CARTESIAN_POINT('Ctrl Pts',(0.607920351437458,0.597,-0.126375102168115));
#5454=CARTESIAN_POINT('Ctrl Pts',(0.606625242112145,0.597,-0.130827934304215));
#5455=CARTESIAN_POINT('Ctrl Pts',(0.605595110348678,0.597,-0.134727994096643));
#5456=CARTESIAN_POINT('Ctrl Pts',(0.604703617557815,0.597,-0.138035981063178));
#5457=CARTESIAN_POINT('Ctrl Pts',(0.603914162558047,0.597,-0.140742209978355));
#5458=CARTESIAN_POINT('Ctrl Pts',(0.603406406329557,0.597,-0.142899646060056));
#5459=CARTESIAN_POINT('Ctrl Pts',(0.603039220608619,0.597,-0.144125868550913));
#5460=CARTESIAN_POINT('Ctrl Pts',(0.602884615384616,0.597,-0.144642175128392));
#5461=CARTESIAN_POINT('',(0.602884615384616,0.597,-0.144642175128392));
#5462=CARTESIAN_POINT('Ctrl Pts',(0.602884615384616,0.597,-0.144642175128392));
#5463=CARTESIAN_POINT('Ctrl Pts',(0.602884615384616,0.6006,-0.144642175128392));
#5464=CARTESIAN_POINT('Ctrl Pts',(0.601957610520415,0.597,-0.141368007895975));
#5465=CARTESIAN_POINT('Ctrl Pts',(0.601957610520415,0.6006,-0.141368007895975));
#5466=CARTESIAN_POINT('Ctrl Pts',(0.600206026907823,0.597,-0.13518144093106));
#5467=CARTESIAN_POINT('Ctrl Pts',(0.600206026907823,0.6006,-0.13518144093106));
#5468=CARTESIAN_POINT('Ctrl Pts',(0.597612012515317,0.597,-0.126472049494791));
#5469=CARTESIAN_POINT('Ctrl Pts',(0.597612012515317,0.6006,-0.126472049494791));
#5470=CARTESIAN_POINT('Ctrl Pts',(0.595435361882707,0.597,-0.118813854701924));
#5471=CARTESIAN_POINT('Ctrl Pts',(0.595435361882707,0.6006,-0.118813854701924));
#5472=CARTESIAN_POINT('Ctrl Pts',(0.594055968572111,0.597,-0.114075981654349));
#5473=CARTESIAN_POINT('Ctrl Pts',(0.594055968572111,0.6006,-0.114075981654349));
#5474=CARTESIAN_POINT('Ctrl Pts',(0.593419471153847,0.597,-0.111889771282238));
#5475=CARTESIAN_POINT('Ctrl Pts',(0.593419471153847,0.6006,-0.111889771282238));
#5476=CARTESIAN_POINT('',(0.593419471153847,0.597,-0.111889771282238));
#5477=CARTESIAN_POINT('Ctrl Pts',(0.602884615384616,0.597,-0.144642175128392));
#5478=CARTESIAN_POINT('Ctrl Pts',(0.601957610520415,0.597,-0.141368007895975));
#5479=CARTESIAN_POINT('Ctrl Pts',(0.600206026907823,0.597,-0.13518144093106));
#5480=CARTESIAN_POINT('Ctrl Pts',(0.597612012515317,0.597,-0.126472049494791));
#5481=CARTESIAN_POINT('Ctrl Pts',(0.595435361882707,0.597,-0.118813854701924));
#5482=CARTESIAN_POINT('Ctrl Pts',(0.594055968572111,0.597,-0.114075981654349));
#5483=CARTESIAN_POINT('Ctrl Pts',(0.593419471153847,0.597,-0.111889771282238));
#5484=CARTESIAN_POINT('',(0.593419471153847,0.597,-0.111889771282238));
#5485=CARTESIAN_POINT('Origin',(0.593419471153847,0.597,-0.111889771282238));
#5486=CARTESIAN_POINT('',(0.593419471153847,0.597,-0.111889771282238));
#5487=CARTESIAN_POINT('Origin',(0.513862935526317,0.597,0.0148833852457366));
#5488=UNCERTAINTY_MEASURE_WITH_UNIT(LENGTH_MEASURE(0.01),#5492,
'DISTANCE_ACCURACY_VALUE',
'Maximum model space distance between geometric entities at asserted c
onnectivities');
#5489=UNCERTAINTY_MEASURE_WITH_UNIT(LENGTH_MEASURE(0.01),#5492,
'DISTANCE_ACCURACY_VALUE',
'Maximum model space distance between geometric entities at asserted c
onnectivities');
#5490=(
GEOMETRIC_REPRESENTATION_CONTEXT(3)
GLOBAL_UNCERTAINTY_ASSIGNED_CONTEXT((#5488))
GLOBAL_UNIT_ASSIGNED_CONTEXT((#5492,#5494,#5495))
REPRESENTATION_CONTEXT('','3D')
);
#5491=(
GEOMETRIC_REPRESENTATION_CONTEXT(3)
GLOBAL_UNCERTAINTY_ASSIGNED_CONTEXT((#5489))
GLOBAL_UNIT_ASSIGNED_CONTEXT((#5492,#5494,#5495))
REPRESENTATION_CONTEXT('','3D')
);
#5492=(
LENGTH_UNIT()
NAMED_UNIT(*)
SI_UNIT(.MILLI.,.METRE.)
);
#5493=(
LENGTH_UNIT()
NAMED_UNIT(*)
SI_UNIT($,.METRE.)
);
#5494=(
NAMED_UNIT(*)
PLANE_ANGLE_UNIT()
SI_UNIT($,.RADIAN.)
);
#5495=(
NAMED_UNIT(*)
SI_UNIT($,.STERADIAN.)
SOLID_ANGLE_UNIT()
);
#5496=SHAPE_DEFINITION_REPRESENTATION(#5497,#5498);
#5497=PRODUCT_DEFINITION_SHAPE('',$,#5500);
#5498=SHAPE_REPRESENTATION('',(#2489),#5490);
#5499=PRODUCT_DEFINITION_CONTEXT('part definition',#5504,'design');
#5500=PRODUCT_DEFINITION('ABM10W','ABM10W v2',#5501,#5499);
#5501=PRODUCT_DEFINITION_FORMATION('',$,#5506);
#5502=PRODUCT_RELATED_PRODUCT_CATEGORY('ABM10W v2','ABM10W v2',(#5506));
#5503=APPLICATION_PROTOCOL_DEFINITION('international standard',
'automotive_design',2009,#5504);
#5504=APPLICATION_CONTEXT(
'Core Data for Automotive Mechanical Design Process');
#5505=PRODUCT_CONTEXT('part definition',#5504,'mechanical');
#5506=PRODUCT('ABM10W','ABM10W v2',$,(#5505));
#5507=PRESENTATION_STYLE_ASSIGNMENT((#5511));
#5508=PRESENTATION_STYLE_ASSIGNMENT((#5512));
#5509=PRESENTATION_STYLE_ASSIGNMENT((#5513));
#5510=PRESENTATION_STYLE_ASSIGNMENT((#5514));
#5511=SURFACE_STYLE_USAGE(.BOTH.,#5515);
#5512=SURFACE_STYLE_USAGE(.BOTH.,#5516);
#5513=SURFACE_STYLE_USAGE(.BOTH.,#5517);
#5514=SURFACE_STYLE_USAGE(.BOTH.,#5518);
#5515=SURFACE_SIDE_STYLE('',(#5519));
#5516=SURFACE_SIDE_STYLE('',(#5520));
#5517=SURFACE_SIDE_STYLE('',(#5521));
#5518=SURFACE_SIDE_STYLE('',(#5522));
#5519=SURFACE_STYLE_FILL_AREA(#5523);
#5520=SURFACE_STYLE_FILL_AREA(#5524);
#5521=SURFACE_STYLE_FILL_AREA(#5525);
#5522=SURFACE_STYLE_FILL_AREA(#5526);
#5523=FILL_AREA_STYLE('Stahl - satiniert',(#5527));
#5524=FILL_AREA_STYLE('Opaque(192,192,192)',(#5528));
#5525=FILL_AREA_STYLE('Opaque(64,64,64)',(#5529));
#5526=FILL_AREA_STYLE('Opaque(255,255,0)',(#5530));
#5527=FILL_AREA_STYLE_COLOUR('Stahl - satiniert',#5531);
#5528=FILL_AREA_STYLE_COLOUR('Opaque(192,192,192)',#5532);
#5529=FILL_AREA_STYLE_COLOUR('Opaque(64,64,64)',#5533);
#5530=FILL_AREA_STYLE_COLOUR('Opaque(255,255,0)',#5534);
#5531=COLOUR_RGB('Stahl - satiniert',0.627450980392157,0.627450980392157,
0.627450980392157);
#5532=COLOUR_RGB('Opaque(192,192,192)',0.752941176470588,0.752941176470588,
0.752941176470588);
#5533=COLOUR_RGB('Opaque(64,64,64)',0.250980392156863,0.250980392156863,
0.250980392156863);
#5534=COLOUR_RGB('Opaque(255,255,0)',1.,1.,0.);
ENDSEC;
END-ISO-10303-21;
