ISO-10303-21;
HEADER;
/* Generated by software containing ST-Developer
 * from STEP Tools, Inc. (www.steptools.com) 
 */

FILE_DESCRIPTION(
/* description */ (''),
/* implementation_level */ '2;1');

FILE_NAME(
/* name */ 
'X:/TA/nanoLogger/lib/nanoLogger.pretty/3D models/ABS06.step',
/* time_stamp */ '2021-09-10T11:58:52+02:00',
/* author */ (''),
/* organization */ (''),
/* preprocessor_version */ 'ST-DEVELOPER v18.1',
/* originating_system */ 'Autodesk Translation Framework v10.10.0.1391',

/* authorisation */ '');

FILE_SCHEMA (('AUTOMOTIVE_DESIGN { 1 0 10303 214 3 1 1 }'));
ENDSEC;

DATA;
#10=MECHANICAL_DESIGN_GEOMETRIC_PRESENTATION_REPRESENTATION('',(#14,#15,
#16,#17,#18,#19,#20,#21,#22,#23,#24,#25,#26,#27,#28,#29,#30,#31,#32,#33,
#34,#35,#36,#37,#38,#39,#40,#41,#42,#43,#44,#45,#46,#47,#48,#49,#50,#51,
#52,#53,#54,#55,#56,#57,#58,#59,#60,#61,#62,#63,#64,#65,#66),#6891);
#11=SHAPE_REPRESENTATION_RELATIONSHIP('SRR','None',#6898,#12);
#12=ADVANCED_BREP_SHAPE_REPRESENTATION('',(#13),#6890);
#13=MANIFOLD_SOLID_BREP('K\X\F6rper1',#2637);
#14=STYLED_ITEM('',(#6909),#2549);
#15=STYLED_ITEM('',(#6909),#2550);
#16=STYLED_ITEM('',(#6909),#2551);
#17=STYLED_ITEM('',(#6909),#2560);
#18=STYLED_ITEM('',(#6909),#2561);
#19=STYLED_ITEM('',(#6909),#2570);
#20=STYLED_ITEM('',(#6909),#2588);
#21=STYLED_ITEM('',(#6909),#2589);
#22=STYLED_ITEM('',(#6909),#2590);
#23=STYLED_ITEM('',(#6909),#2591);
#24=STYLED_ITEM('',(#6909),#2592);
#25=STYLED_ITEM('',(#6909),#2593);
#26=STYLED_ITEM('',(#6909),#2594);
#27=STYLED_ITEM('',(#6909),#2595);
#28=STYLED_ITEM('',(#6909),#2599);
#29=STYLED_ITEM('',(#6910),#2600);
#30=STYLED_ITEM('',(#6910),#2601);
#31=STYLED_ITEM('',(#6909),#2602);
#32=STYLED_ITEM('',(#6910),#2603);
#33=STYLED_ITEM('',(#6910),#2604);
#34=STYLED_ITEM('',(#6910),#2605);
#35=STYLED_ITEM('',(#6910),#2606);
#36=STYLED_ITEM('',(#6910),#2607);
#37=STYLED_ITEM('',(#6910),#2608);
#38=STYLED_ITEM('',(#6910),#2609);
#39=STYLED_ITEM('',(#6909),#2610);
#40=STYLED_ITEM('',(#6910),#2611);
#41=STYLED_ITEM('',(#6910),#2612);
#42=STYLED_ITEM('',(#6910),#2613);
#43=STYLED_ITEM('',(#6910),#2614);
#44=STYLED_ITEM('',(#6910),#2615);
#45=STYLED_ITEM('',(#6910),#2616);
#46=STYLED_ITEM('',(#6910),#2617);
#47=STYLED_ITEM('',(#6910),#2618);
#48=STYLED_ITEM('',(#6910),#2619);
#49=STYLED_ITEM('',(#6910),#2620);
#50=STYLED_ITEM('',(#6910),#2621);
#51=STYLED_ITEM('',(#6910),#2622);
#52=STYLED_ITEM('',(#6910),#2623);
#53=STYLED_ITEM('',(#6910),#2624);
#54=STYLED_ITEM('',(#6910),#2625);
#55=STYLED_ITEM('',(#6910),#2626);
#56=STYLED_ITEM('',(#6910),#2627);
#57=STYLED_ITEM('',(#6910),#2628);
#58=STYLED_ITEM('',(#6910),#2629);
#59=STYLED_ITEM('',(#6910),#2630);
#60=STYLED_ITEM('',(#6910),#2631);
#61=STYLED_ITEM('',(#6910),#2632);
#62=STYLED_ITEM('',(#6910),#2633);
#63=STYLED_ITEM('',(#6910),#2634);
#64=STYLED_ITEM('',(#6910),#2635);
#65=STYLED_ITEM('',(#6910),#2636);
#66=STYLED_ITEM('',(#6908),#13);
#67=CYLINDRICAL_SURFACE('',#2670,0.03);
#68=CYLINDRICAL_SURFACE('',#2675,0.03);
#69=CYLINDRICAL_SURFACE('',#2680,0.03);
#70=CYLINDRICAL_SURFACE('',#2685,0.03);
#71=CYLINDRICAL_SURFACE('',#2695,0.1);
#72=CYLINDRICAL_SURFACE('',#2698,0.1);
#73=CYLINDRICAL_SURFACE('',#2701,0.1);
#74=CYLINDRICAL_SURFACE('',#2704,0.1);
#75=CYLINDRICAL_SURFACE('',#2726,0.11);
#76=CYLINDRICAL_SURFACE('',#2731,0.11);
#77=CYLINDRICAL_SURFACE('',#2736,0.11);
#78=CYLINDRICAL_SURFACE('',#2741,0.11);
#79=CYLINDRICAL_SURFACE('',#2775,0.11);
#80=CYLINDRICAL_SURFACE('',#2781,0.11);
#81=CYLINDRICAL_SURFACE('',#2783,0.11);
#82=CYLINDRICAL_SURFACE('',#2788,0.110000000000001);
#83=CYLINDRICAL_SURFACE('',#2790,0.1);
#84=CYLINDRICAL_SURFACE('',#2796,0.11);
#85=CYLINDRICAL_SURFACE('',#2798,0.11);
#86=CYLINDRICAL_SURFACE('',#2799,0.1);
#87=CYLINDRICAL_SURFACE('',#2800,0.11);
#88=CYLINDRICAL_SURFACE('',#2806,0.1);
#89=CYLINDRICAL_SURFACE('',#2807,0.110000000000001);
#90=CYLINDRICAL_SURFACE('',#2809,0.100000000000001);
#91=TOROIDAL_SURFACE('',#2666,0.0699999999999999,0.0299999999999995);
#92=TOROIDAL_SURFACE('',#2672,0.0699999999999977,0.0299999999999999);
#93=TOROIDAL_SURFACE('',#2677,0.0700000000000012,0.0300000000000001);
#94=TOROIDAL_SURFACE('',#2682,0.0699999999999979,0.0299999999999999);
#95=B_SPLINE_SURFACE_WITH_KNOTS('',3,1,((#3910,#3911),(#3912,#3913),(#3914,
#3915),(#3916,#3917),(#3918,#3919),(#3920,#3921),(#3922,#3923),(#3924,#3925),
(#3926,#3927),(#3928,#3929),(#3930,#3931),(#3932,#3933),(#3934,#3935),(#3936,
#3937),(#3938,#3939)),.UNSPECIFIED.,.F.,.F.,.F.,(4,1,1,1,1,1,1,1,1,1,1,
1,4),(2,2),(0.,0.0969723103815161,0.187773438962868,0.272396139013693,0.351320997375289,
0.424334774451467,0.491908784000527,0.5542332197968,0.611267658244155,0.716347844991554,
0.814540085821616,0.908495456149186,1.),(0.,0.000600000000000026),
 .UNSPECIFIED.);
#96=B_SPLINE_SURFACE_WITH_KNOTS('',3,1,((#3959,#3960),(#3961,#3962),(#3963,
#3964),(#3965,#3966),(#3967,#3968),(#3969,#3970),(#3971,#3972),(#3973,#3974),
(#3975,#3976),(#3977,#3978),(#3979,#3980)),.UNSPECIFIED.,.F.,.F.,.F.,(4,
1,1,1,1,1,1,1,4),(2,2),(0.,0.0525942815291366,0.124951973975039,0.218093898928594,
0.333502410732519,0.468789178504447,0.624937585964597,0.801683047928227,
1.),(0.,0.000600000000000042),.UNSPECIFIED.);
#97=B_SPLINE_SURFACE_WITH_KNOTS('',3,1,((#3994,#3995),(#3996,#3997),(#3998,
#3999),(#4000,#4001),(#4002,#4003),(#4004,#4005),(#4006,#4007),(#4008,#4009),
(#4010,#4011),(#4012,#4013),(#4014,#4015)),.UNSPECIFIED.,.F.,.F.,.F.,(4,
1,1,1,1,1,1,1,4),(2,2),(0.,0.107285214268956,0.21474586096964,0.322938559555287,
0.434116162517466,0.553412310962794,0.68607298481073,0.834255992059584,
1.),(0.,0.000600000000000009),.UNSPECIFIED.);
#98=B_SPLINE_SURFACE_WITH_KNOTS('',3,1,((#4029,#4030),(#4031,#4032),(#4033,
#4034),(#4035,#4036),(#4037,#4038),(#4039,#4040),(#4041,#4042),(#4043,#4044),
(#4045,#4046),(#4047,#4048),(#4049,#4050)),.UNSPECIFIED.,.F.,.F.,.F.,(4,
1,1,1,1,1,1,1,4),(2,2),(0.,0.143073083730363,0.27590296409301,0.402370856273997,
0.528413645093595,0.650356379186951,0.765895086124694,0.880774130844022,
1.),(0.,0.000600000000000042),.UNSPECIFIED.);
#99=B_SPLINE_SURFACE_WITH_KNOTS('',3,1,((#4064,#4065),(#4066,#4067),(#4068,
#4069),(#4070,#4071),(#4072,#4073),(#4074,#4075),(#4076,#4077),(#4078,#4079),
(#4080,#4081),(#4082,#4083),(#4084,#4085),(#4086,#4087),(#4088,#4089),(#4090,
#4091),(#4092,#4093)),.UNSPECIFIED.,.F.,.F.,.F.,(4,1,1,1,1,1,1,1,1,1,1,
1,4),(2,2),(0.,0.0984694310255579,0.189629101137632,0.27418408943797,0.352183160967155,
0.42319887318347,0.488550946000533,0.548473346027938,0.601440163617873,
0.701198082425766,0.799591802138185,0.898545098482228,1.),(0.,0.000600000000000067),
 .UNSPECIFIED.);
#100=B_SPLINE_SURFACE_WITH_KNOTS('',3,1,((#4115,#4116),(#4117,#4118),(#4119,
#4120),(#4121,#4122),(#4123,#4124),(#4125,#4126),(#4127,#4128),(#4129,#4130),
(#4131,#4132),(#4133,#4134),(#4135,#4136),(#4137,#4138),(#4139,#4140),(#4141,
#4142),(#4143,#4144)),.UNSPECIFIED.,.F.,.F.,.F.,(4,1,1,1,1,1,1,1,1,1,1,
1,4),(2,2),(0.,0.107232799360089,0.213251812781849,0.318830447307587,0.426793530634275,
0.483645950782718,0.543603822021142,0.608307649564083,0.677126760260041,
0.750685636020496,0.828713418443287,0.912190348223453,1.),(0.,0.000600000000000026),
 .UNSPECIFIED.);
#101=B_SPLINE_SURFACE_WITH_KNOTS('',3,1,((#4162,#4163),(#4164,#4165),(#4166,
#4167),(#4168,#4169),(#4170,#4171),(#4172,#4173),(#4174,#4175),(#4176,#4177),
(#4178,#4179),(#4180,#4181),(#4182,#4183),(#4184,#4185),(#4186,#4187),(#4188,
#4189),(#4190,#4191)),.UNSPECIFIED.,.F.,.F.,.F.,(4,1,1,1,1,1,1,1,1,1,1,
1,4),(2,2),(0.,0.0837853706537102,0.165779887922142,0.246280007893262,0.32746092773639,
0.408796954032068,0.489715241230988,0.571376032130053,0.655523321111277,
0.741019482799973,0.826546760503761,0.911988851654833,1.),(0.,0.000600000000000026),
 .UNSPECIFIED.);
#102=B_SPLINE_SURFACE_WITH_KNOTS('',3,1,((#4209,#4210),(#4211,#4212),(#4213,
#4214),(#4215,#4216),(#4217,#4218),(#4219,#4220),(#4221,#4222),(#4223,#4224),
(#4225,#4226),(#4227,#4228),(#4229,#4230)),.UNSPECIFIED.,.F.,.F.,.F.,(4,
1,1,1,1,1,1,1,4),(2,2),(0.,0.133506768998518,0.26255897873037,0.388264447148878,
0.512667354681428,0.63372226996576,0.755393860137094,0.877552945091278,
1.),(0.,0.000600000000000009),.UNSPECIFIED.);
#103=B_SPLINE_SURFACE_WITH_KNOTS('',3,1,((#4244,#4245),(#4246,#4247),(#4248,
#4249),(#4250,#4251),(#4252,#4253),(#4254,#4255),(#4256,#4257),(#4258,#4259),
(#4260,#4261),(#4262,#4263),(#4264,#4265)),.UNSPECIFIED.,.F.,.F.,.F.,(4,
1,1,1,1,1,1,1,4),(2,2),(0.,0.181535301376285,0.347081672481629,0.495567816431554,
0.628357301877214,0.745519669992156,0.845830750757652,0.930781807384758,
1.),(0.,0.000600000000000026),.UNSPECIFIED.);
#104=B_SPLINE_SURFACE_WITH_KNOTS('',3,1,((#4279,#4280),(#4281,#4282),(#4283,
#4284),(#4285,#4286),(#4287,#4288),(#4289,#4290),(#4291,#4292),(#4293,#4294),
(#4295,#4296),(#4297,#4298),(#4299,#4300)),.UNSPECIFIED.,.F.,.F.,.F.,(4,
1,1,1,1,1,1,1,4),(2,2),(0.,0.0902792146500152,0.189529918446959,0.299197872400288,
0.418925886773819,0.548376285401248,0.688136369538681,0.83908350165892,
1.),(0.,0.0006),.UNSPECIFIED.);
#105=B_SPLINE_SURFACE_WITH_KNOTS('',3,1,((#4314,#4315),(#4316,#4317),(#4318,
#4319),(#4320,#4321),(#4322,#4323),(#4324,#4325),(#4326,#4327)),
 .UNSPECIFIED.,.F.,.F.,.F.,(4,1,1,1,4),(2,2),(0.,0.234723373673902,0.477158318928988,
0.728556284203055,1.),(0.,0.0006),.UNSPECIFIED.);
#106=B_SPLINE_SURFACE_WITH_KNOTS('',3,1,((#4337,#4338),(#4339,#4340),(#4341,
#4342),(#4343,#4344),(#4345,#4346),(#4347,#4348),(#4349,#4350),(#4351,#4352),
(#4353,#4354),(#4355,#4356),(#4357,#4358),(#4359,#4360),(#4361,#4362),(#4363,
#4364),(#4365,#4366)),.UNSPECIFIED.,.F.,.F.,.F.,(4,1,1,1,1,1,1,1,1,1,1,
1,4),(2,2),(0.,0.0912636048966264,0.180930311085082,0.270088219831723,0.360156133387727,
0.448342532498154,0.532665842138331,0.613833704107048,0.693981527283559,
0.772715977089004,0.849335172062247,0.923967326575232,1.),(0.,0.0006),
 .UNSPECIFIED.);
#107=B_SPLINE_SURFACE_WITH_KNOTS('',3,1,((#4384,#4385),(#4386,#4387),(#4388,
#4389),(#4390,#4391),(#4392,#4393),(#4394,#4395),(#4396,#4397),(#4398,#4399),
(#4400,#4401),(#4402,#4403),(#4404,#4405)),.UNSPECIFIED.,.F.,.F.,.F.,(4,
1,1,1,1,1,1,1,4),(2,2),(0.,0.159004298517377,0.304646099896814,0.438546904579592,
0.562322298775928,0.677432542525731,0.786897392938754,0.893610889104267,
1.),(0.,0.000600000000000042),.UNSPECIFIED.);
#108=B_SPLINE_SURFACE_WITH_KNOTS('',3,1,((#4423,#4424),(#4425,#4426),(#4427,
#4428),(#4429,#4430),(#4431,#4432),(#4433,#4434),(#4435,#4436),(#4437,#4438),
(#4439,#4440),(#4441,#4442),(#4443,#4444),(#4445,#4446),(#4447,#4448),(#4449,
#4450),(#4451,#4452),(#4453,#4454),(#4455,#4456),(#4457,#4458),(#4459,#4460)),
 .UNSPECIFIED.,.F.,.F.,.F.,(4,1,1,1,1,1,1,1,1,1,1,1,1,1,1,1,4),(2,2),(0.,
0.0572082694335092,0.113696059657491,0.169177916417195,0.224159216580543,
0.278719878381044,0.333794217446989,0.389241459340003,0.445822073393621,
0.50370428110902,0.564293891819364,0.627975415895224,0.695038259684051,
0.765372725851013,0.839611443090735,0.917537750077789,1.),(0.,0.000600000000000026),
 .UNSPECIFIED.);
#109=B_SPLINE_SURFACE_WITH_KNOTS('',3,1,((#4482,#4483),(#4484,#4485),(#4486,
#4487),(#4488,#4489),(#4490,#4491),(#4492,#4493),(#4494,#4495),(#4496,#4497),
(#4498,#4499),(#4500,#4501),(#4502,#4503),(#4504,#4505),(#4506,#4507),(#4508,
#4509),(#4510,#4511),(#4512,#4513),(#4514,#4515),(#4516,#4517),(#4518,#4519)),
 .UNSPECIFIED.,.F.,.F.,.F.,(4,1,1,1,1,1,1,1,1,1,1,1,1,1,1,1,4),(2,2),(0.,
0.0614842551968905,0.12177452770221,0.180919559813932,0.240256115078271,
0.300114444402352,0.361145947612612,0.423500582412586,0.488669361280719,
0.553954104653562,0.617581261015262,0.680238426816739,0.742187388772453,
0.804663211769293,0.868258989312663,0.933020257180376,1.),(0.,0.000599999999999992),
 .UNSPECIFIED.);
#110=B_SPLINE_SURFACE_WITH_KNOTS('',3,1,((#4539,#4540),(#4541,#4542),(#4543,
#4544),(#4545,#4546),(#4547,#4548),(#4549,#4550),(#4551,#4552),(#4553,#4554),
(#4555,#4556),(#4557,#4558),(#4559,#4560),(#4561,#4562),(#4563,#4564),(#4565,
#4566),(#4567,#4568),(#4569,#4570),(#4571,#4572),(#4573,#4574),(#4575,#4576),
(#4577,#4578),(#4579,#4580),(#4581,#4582),(#4583,#4584),(#4585,#4586),(#4587,
#4588),(#4589,#4590),(#4591,#4592)),.UNSPECIFIED.,.F.,.F.,.F.,(4,1,1,1,
1,1,1,1,1,1,1,1,1,1,1,1,1,1,1,1,1,1,1,1,4),(2,2),(0.,0.0337881161627103,
0.06719393237388,0.0998624108568252,0.132566612126258,0.165151173254786,
0.197913187355792,0.231319003566962,0.265083278267373,0.299255308758115,
0.334398566504979,0.369942823509308,0.406283560700061,0.444063819698508,
0.482997706872775,0.523354446613304,0.565536589604149,0.609612924065819,
0.656390811376417,0.705885494936457,0.758324500261731,0.81383178294115,
0.87279455903939,0.934722229540074,1.),(0.,0.0006),.UNSPECIFIED.);
#111=B_SPLINE_SURFACE_WITH_KNOTS('',3,1,((#4624,#4625),(#4626,#4627),(#4628,
#4629),(#4630,#4631),(#4632,#4633),(#4634,#4635),(#4636,#4637),(#4638,#4639),
(#4640,#4641),(#4642,#4643),(#4644,#4645),(#4646,#4647),(#4648,#4649),(#4650,
#4651),(#4652,#4653),(#4654,#4655),(#4656,#4657),(#4658,#4659),(#4660,#4661),
(#4662,#4663),(#4664,#4665),(#4666,#4667),(#4668,#4669),(#4670,#4671),(#4672,
#4673),(#4674,#4675),(#4676,#4677)),.UNSPECIFIED.,.F.,.F.,.F.,(4,1,1,1,
1,1,1,1,1,1,1,1,1,1,1,1,1,1,1,1,1,1,1,1,4),(2,2),(0.,0.0685946222587425,
0.133246042443301,0.194312586468256,0.251279223116966,0.304513439256347,
0.354234906653325,0.400480588773989,0.443410754938492,0.484014868616345,
0.523252300773203,0.56104237272836,0.5979002393644,0.633518488856195,0.668314351169651,
0.702495671286381,0.736685353513458,0.770293169360789,0.803437255019249,
0.835912951666029,0.868460245789291,0.900846538243182,0.933466524630708,
0.966257575298123,1.),(0.,0.0006),.UNSPECIFIED.);
#112=B_SPLINE_SURFACE_WITH_KNOTS('',3,1,((#4707,#4708),(#4709,#4710),(#4711,
#4712),(#4713,#4714),(#4715,#4716),(#4717,#4718),(#4719,#4720),(#4721,#4722),
(#4723,#4724),(#4725,#4726),(#4727,#4728),(#4729,#4730),(#4731,#4732),(#4733,
#4734),(#4735,#4736),(#4737,#4738),(#4739,#4740),(#4741,#4742),(#4743,#4744),
(#4745,#4746),(#4747,#4748),(#4749,#4750),(#4751,#4752),(#4753,#4754),(#4755,
#4756),(#4757,#4758),(#4759,#4760)),.UNSPECIFIED.,.F.,.F.,.F.,(4,1,1,1,
1,1,1,1,1,1,1,1,1,1,1,1,1,1,1,1,1,1,1,1,4),(2,2),(0.,0.0337871463469911,
0.0666216577242939,0.0992848780959723,0.13136116504265,0.163585187595343,
0.196103926987068,0.228902254323817,0.262158055905007,0.295991222258316,
0.3302178457248,0.365059825891954,0.400950737340108,0.437620382076738,0.475707529437092,
0.515380691625048,0.556413541493164,0.599764829872731,0.646424155584087,
0.696431444517567,0.749781517801557,0.806573306975532,0.867435531565399,
0.931886753250874,1.),(0.,0.0006),.UNSPECIFIED.);
#113=B_SPLINE_SURFACE_WITH_KNOTS('',3,1,((#4790,#4791),(#4792,#4793),(#4794,
#4795),(#4796,#4797),(#4798,#4799),(#4800,#4801),(#4802,#4803),(#4804,#4805),
(#4806,#4807),(#4808,#4809),(#4810,#4811),(#4812,#4813),(#4814,#4815),(#4816,
#4817),(#4818,#4819),(#4820,#4821),(#4822,#4823),(#4824,#4825),(#4826,#4827),
(#4828,#4829),(#4830,#4831),(#4832,#4833),(#4834,#4835),(#4836,#4837),(#4838,
#4839),(#4840,#4841),(#4842,#4843)),.UNSPECIFIED.,.F.,.F.,.F.,(4,1,1,1,
1,1,1,1,1,1,1,1,1,1,1,1,1,1,1,1,1,1,1,1,4),(2,2),(0.,0.0650632896172791,
0.126773166466523,0.185515763226079,0.240764679167715,0.292979796023598,
0.342250372779767,0.38891928618566,0.43277566405831,0.474628432631118,0.514774690637953,
0.553605893498442,0.591426406431173,0.628028119946067,0.66380363411032,
0.698984336131664,0.733591489306705,0.76762846915114,0.801208347786592,
0.834263839726623,0.866980694728776,0.899719741518161,0.932701912498538,
0.96617588343275,1.),(0.,0.000600000000000042),.UNSPECIFIED.);
#114=B_SPLINE_SURFACE_WITH_KNOTS('',3,1,((#4903,#4904),(#4905,#4906),(#4907,
#4908),(#4909,#4910),(#4911,#4912),(#4913,#4914),(#4915,#4916),(#4917,#4918),
(#4919,#4920),(#4921,#4922),(#4923,#4924),(#4925,#4926),(#4927,#4928),(#4929,
#4930),(#4931,#4932)),.UNSPECIFIED.,.F.,.F.,.F.,(4,1,1,1,1,1,1,1,1,1,1,
1,4),(2,2),(0.,0.084334721992627,0.167052318416074,0.249566077240965,0.332740481801846,
0.415914886362727,0.497828009539996,0.580372588608051,0.664600121056503,
0.749466693112617,0.83251023394014,0.915639281668174,1.),(0.,0.0006),
 .UNSPECIFIED.);
#115=B_SPLINE_SURFACE_WITH_KNOTS('',3,1,((#4952,#4953),(#4954,#4955),(#4956,
#4957),(#4958,#4959),(#4960,#4961),(#4962,#4963),(#4964,#4965),(#4966,#4967),
(#4968,#4969),(#4970,#4971),(#4972,#4973),(#4974,#4975),(#4976,#4977),(#4978,
#4979),(#4980,#4981)),.UNSPECIFIED.,.F.,.F.,.F.,(4,1,1,1,1,1,1,1,1,1,1,
1,4),(2,2),(0.,0.085947943144128,0.169125211880691,0.25039910718605,0.332289736138836,
0.413364287915881,0.494172283371189,0.576021735386638,0.660756969254007,
0.745783125913744,0.830043592975224,0.914027545820683,1.),(0.,0.0006),
 .UNSPECIFIED.);
#116=B_SPLINE_SURFACE_WITH_KNOTS('',3,1,((#4999,#5000),(#5001,#5002),(#5003,
#5004),(#5005,#5006),(#5007,#5008),(#5009,#5010),(#5011,#5012),(#5013,#5014),
(#5015,#5016),(#5017,#5018),(#5019,#5020),(#5021,#5022),(#5023,#5024),(#5025,
#5026),(#5027,#5028),(#5029,#5030),(#5031,#5032),(#5033,#5034),(#5035,#5036)),
 .UNSPECIFIED.,.F.,.F.,.F.,(4,1,1,1,1,1,1,1,1,1,1,1,1,1,1,1,4),(2,2),(0.,
0.0652308037420296,0.128404896003223,0.190067071596478,0.25094336576828,
0.311545832852143,0.372862802156829,0.435023673856238,0.499071724707043,
0.563091075049662,0.625510106330375,0.68668003592965,0.747282503013513,
0.808563495215959,0.870742103515986,0.934340951505912,1.),(0.,0.000600000000000042),
 .UNSPECIFIED.);
#117=B_SPLINE_SURFACE_WITH_KNOTS('',3,1,((#5058,#5059),(#5060,#5061),(#5062,
#5063),(#5064,#5065),(#5066,#5067)),.UNSPECIFIED.,.F.,.F.,.F.,(4,1,4),(2,
2),(0.,0.512659336341781,1.),(0.,0.000600000000000026),.UNSPECIFIED.);
#118=B_SPLINE_SURFACE_WITH_KNOTS('',3,1,((#5087,#5088),(#5089,#5090),(#5091,
#5092),(#5093,#5094),(#5095,#5096),(#5097,#5098),(#5099,#5100),(#5101,#5102),
(#5103,#5104),(#5105,#5106),(#5107,#5108),(#5109,#5110),(#5111,#5112),(#5113,
#5114),(#5115,#5116)),.UNSPECIFIED.,.F.,.F.,.F.,(4,1,1,1,1,1,1,1,1,1,1,
1,4),(2,2),(0.,0.0978181896147143,0.199726053401827,0.305276357477941,0.415811490538292,
0.47447223114356,0.537273879776098,0.603657420559656,0.674298863090126,
0.749834485316229,0.828598476757101,0.912377778157781,1.),(0.,0.000600000000000042),
 .UNSPECIFIED.);
#119=B_SPLINE_SURFACE_WITH_KNOTS('',3,1,((#5132,#5133),(#5134,#5135),(#5136,
#5137),(#5138,#5139),(#5140,#5141),(#5142,#5143),(#5144,#5145),(#5146,#5147),
(#5148,#5149),(#5150,#5151),(#5152,#5153),(#5154,#5155),(#5156,#5157),(#5158,
#5159),(#5160,#5161),(#5162,#5163),(#5164,#5165),(#5166,#5167),(#5168,#5169)),
 .UNSPECIFIED.,.F.,.F.,.F.,(4,1,1,1,1,1,1,1,1,1,1,1,1,1,1,1,4),(2,2),(0.,
0.0611602766365174,0.120334557726202,0.178180255063125,0.235235125986364,
0.29268296144418,0.35118624821508,0.410456609509694,0.471719854462995,0.533761202772589,
0.595739023887094,0.657887515124885,0.721295180291461,0.786822514541889,
0.854686153828684,0.925477986269996,1.),(0.,0.000600000000000042),
 .UNSPECIFIED.);
#120=B_SPLINE_SURFACE_WITH_KNOTS('',3,1,((#5223,#5224),(#5225,#5226),(#5227,
#5228),(#5229,#5230),(#5231,#5232),(#5233,#5234),(#5235,#5236),(#5237,#5238),
(#5239,#5240),(#5241,#5242),(#5243,#5244),(#5245,#5246),(#5247,#5248),(#5249,
#5250),(#5251,#5252)),.UNSPECIFIED.,.F.,.F.,.F.,(4,1,1,1,1,1,1,1,1,1,1,
1,4),(2,2),(0.,0.106057493303396,0.20291425708461,0.290300165395837,0.37022256562504,
0.44638372077097,0.521396899964827,0.598291082846456,0.676142468856927,
0.755528699556022,0.834887172457657,0.916646048746641,1.),(0.,0.0006),
 .UNSPECIFIED.);
#121=B_SPLINE_SURFACE_WITH_KNOTS('',3,1,((#5292,#5293),(#5294,#5295),(#5296,
#5297),(#5298,#5299),(#5300,#5301),(#5302,#5303),(#5304,#5305),(#5306,#5307),
(#5308,#5309),(#5310,#5311),(#5312,#5313)),.UNSPECIFIED.,.F.,.F.,.F.,(4,
1,1,1,1,1,1,1,4),(2,2),(0.,0.13056910708731,0.256580608694083,0.380551616803684,
0.503622917200709,0.625739323169788,0.747548581959627,0.871766118564872,
1.),(0.,0.000600000000000026),.UNSPECIFIED.);
#122=B_SPLINE_SURFACE_WITH_KNOTS('',3,1,((#5327,#5328),(#5329,#5330),(#5331,
#5332),(#5333,#5334),(#5335,#5336),(#5337,#5338),(#5339,#5340),(#5341,#5342),
(#5343,#5344),(#5345,#5346),(#5347,#5348),(#5349,#5350),(#5351,#5352),(#5353,
#5354),(#5355,#5356),(#5357,#5358),(#5359,#5360),(#5361,#5362),(#5363,#5364)),
 .UNSPECIFIED.,.F.,.F.,.F.,(4,1,1,1,1,1,1,1,1,1,1,1,1,1,1,1,4),(2,2),(0.,
0.062594097187332,0.12132293863475,0.176680142197766,0.228365095709675,
0.276868445836807,0.321879127666046,0.364098625109892,0.403355696242702,
0.477967948163371,0.550535461364776,0.623584456740324,0.698174882264204,
0.773353670340876,0.847281125497734,0.92281833955667,1.),(0.,0.000600000000000026),
 .UNSPECIFIED.);
#123=B_SPLINE_SURFACE_WITH_KNOTS('',3,1,((#5797,#5798),(#5799,#5800),(#5801,
#5802),(#5803,#5804),(#5805,#5806),(#5807,#5808),(#5809,#5810),(#5811,#5812),
(#5813,#5814),(#5815,#5816),(#5817,#5818),(#5819,#5820),(#5821,#5822),(#5823,
#5824),(#5825,#5826),(#5827,#5828),(#5829,#5830),(#5831,#5832),(#5833,#5834),
(#5835,#5836),(#5837,#5838),(#5839,#5840),(#5841,#5842)),.UNSPECIFIED.,
 .F.,.F.,.F.,(4,1,1,1,1,1,1,1,1,1,1,1,1,1,1,1,1,1,1,1,4),(2,2),(0.,0.0603866193110622,
0.120883248585996,0.18275461862514,0.247811029758351,0.281299100043249,
0.315087624150657,0.349702395550275,0.384856581118556,0.420966197226102,
0.458511188261139,0.497174722127312,0.537602047866269,0.580503018420011,
0.627467540026705,0.678388209559243,0.73398322059256,0.793746704550835,
0.857713672160732,0.926697864361386,1.),(0.,0.0006),.UNSPECIFIED.);
#124=B_SPLINE_SURFACE_WITH_KNOTS('',3,1,((#5870,#5871),(#5872,#5873),(#5874,
#5875),(#5876,#5877),(#5878,#5879),(#5880,#5881),(#5882,#5883),(#5884,#5885),
(#5886,#5887),(#5888,#5889),(#5890,#5891),(#5892,#5893),(#5894,#5895),(#5896,
#5897),(#5898,#5899),(#5900,#5901),(#5902,#5903),(#5904,#5905),(#5906,#5907),
(#5908,#5909),(#5910,#5911),(#5912,#5913),(#5914,#5915)),.UNSPECIFIED.,
 .F.,.F.,.F.,(4,1,1,1,1,1,1,1,1,1,1,1,1,1,1,1,1,1,1,1,4),(2,2),(0.,0.0729510658758665,
0.141583694186545,0.205926460170867,0.265301357184605,0.320597232713928,
0.37181650309881,0.418789769709452,0.461698728615765,0.502133582103566,
0.540804315292648,0.578180525327966,0.614296865207515,0.649678243264787,
0.684299460089638,0.718358952772361,0.752080864647597,0.817652438602385,
0.879722076405437,0.939965559730987,1.),(0.,0.000600000000000009),
 .UNSPECIFIED.);
#125=B_SPLINE_SURFACE_WITH_KNOTS('',3,1,((#5941,#5942),(#5943,#5944),(#5945,
#5946),(#5947,#5948),(#5949,#5950),(#5951,#5952),(#5953,#5954),(#5955,#5956),
(#5957,#5958),(#5959,#5960),(#5961,#5962),(#5963,#5964),(#5965,#5966),(#5967,
#5968),(#5969,#5970)),.UNSPECIFIED.,.F.,.F.,.F.,(4,1,1,1,1,1,1,1,1,1,1,
1,4),(2,2),(0.,0.112813400744458,0.225393883920729,0.339594814562701,0.459675410224864,
0.521735190087933,0.583925838738916,0.648174144765369,0.713881038113066,
0.781004454907389,0.851450927556555,0.924050692664178,1.),(0.,0.000600000000000026),
 .UNSPECIFIED.);
#126=B_SPLINE_SURFACE_WITH_KNOTS('',3,1,((#5988,#5989),(#5990,#5991),(#5992,
#5993),(#5994,#5995),(#5996,#5997),(#5998,#5999),(#6000,#6001),(#6002,#6003),
(#6004,#6005),(#6006,#6007),(#6008,#6009)),.UNSPECIFIED.,.F.,.F.,.F.,(4,
1,1,1,1,1,1,1,4),(2,2),(0.,0.110588338595336,0.224541754053596,0.342503494050104,
0.464324098417358,0.590756032701766,0.722227475355514,0.858842836208724,
1.),(0.,0.000600000000000026),.UNSPECIFIED.);
#127=B_SPLINE_SURFACE_WITH_KNOTS('',3,1,((#6023,#6024),(#6025,#6026),(#6027,
#6028),(#6029,#6030),(#6031,#6032),(#6033,#6034),(#6035,#6036),(#6037,#6038),
(#6039,#6040),(#6041,#6042),(#6043,#6044),(#6045,#6046),(#6047,#6048),(#6049,
#6050),(#6051,#6052),(#6053,#6054),(#6055,#6056),(#6057,#6058),(#6059,#6060),
(#6061,#6062),(#6063,#6064),(#6065,#6066),(#6067,#6068)),.UNSPECIFIED.,
 .F.,.F.,.F.,(4,1,1,1,1,1,1,1,1,1,1,1,1,1,1,1,1,1,1,1,4),(2,2),(0.,0.0656811979906389,
0.128486464174065,0.188175130328008,0.245106130669986,0.299448424529475,
0.350822936009382,0.399941680533778,0.446671743632372,0.491254533373498,
0.533376344270436,0.573852754968224,0.612526311719453,0.649597136445329,
0.68553204155385,0.720105786068201,0.75383766297365,0.818925416046714,0.880493461650164,
0.940311333846057,1.),(0.,0.000599999999999959),.UNSPECIFIED.);
#128=B_SPLINE_SURFACE_WITH_KNOTS('',3,1,((#6109,#6110),(#6111,#6112),(#6113,
#6114),(#6115,#6116),(#6117,#6118),(#6119,#6120),(#6121,#6122),(#6123,#6124),
(#6125,#6126),(#6127,#6128),(#6129,#6130),(#6131,#6132),(#6133,#6134),(#6135,
#6136),(#6137,#6138),(#6139,#6140),(#6141,#6142),(#6143,#6144),(#6145,#6146)),
 .UNSPECIFIED.,.F.,.F.,.F.,(4,1,1,1,1,1,1,1,1,1,1,1,1,1,1,1,4),(2,2),(0.,
0.0611379149156209,0.119993843851214,0.178225321507618,0.236256420261898,
0.29492937695491,0.354715748809754,0.416729663924163,0.480664408470828,
0.545831770210867,0.609758105426166,0.672971228474221,0.736016869167663,
0.799839398192031,0.864775356665567,0.931087623272569,1.),(0.,0.0006),
 .UNSPECIFIED.);
#129=B_SPLINE_SURFACE_WITH_KNOTS('',3,1,((#6170,#6171),(#6172,#6173),(#6174,
#6175),(#6176,#6177),(#6178,#6179),(#6180,#6181),(#6182,#6183),(#6184,#6185),
(#6186,#6187),(#6188,#6189),(#6190,#6191),(#6192,#6193),(#6194,#6195),(#6196,
#6197),(#6198,#6199),(#6200,#6201),(#6202,#6203),(#6204,#6205),(#6206,#6207)),
 .UNSPECIFIED.,.F.,.F.,.F.,(4,1,1,1,1,1,1,1,1,1,1,1,1,1,1,1,4),(2,2),(0.,
0.0705992894335923,0.13790092100362,0.203196197809732,0.266789724650262,
0.329106387221423,0.390653545234861,0.452653056934481,0.515748040300373,
0.577926340800454,0.638930011618447,0.698350717641822,0.757296037444272,
0.816393767350153,0.876266909614129,0.936817108906084,1.),(0.,0.0006),
 .UNSPECIFIED.);
#130=B_SPLINE_SURFACE_WITH_KNOTS('',3,1,((#6229,#6230),(#6231,#6232),(#6233,
#6234),(#6235,#6236),(#6237,#6238),(#6239,#6240),(#6241,#6242),(#6243,#6244),
(#6245,#6246),(#6247,#6248),(#6249,#6250),(#6251,#6252),(#6253,#6254),(#6255,
#6256),(#6257,#6258),(#6259,#6260),(#6261,#6262),(#6263,#6264),(#6265,#6266)),
 .UNSPECIFIED.,.F.,.F.,.F.,(4,1,1,1,1,1,1,1,1,1,1,1,1,1,1,1,4),(2,2),(0.,
0.061841702983909,0.121262373094446,0.180745948865317,0.239230901822106,
0.298307558788465,0.358182797615848,0.420359230780068,0.484792415514185,
0.549938483766687,0.613718277540428,0.676680707249633,0.739154170448318,
0.802199703240353,0.8667401776163,0.932049652400247,1.),(0.,0.000600000000000009),
 .UNSPECIFIED.);
#131=B_SPLINE_SURFACE_WITH_KNOTS('',3,1,((#6288,#6289),(#6290,#6291),(#6292,
#6293),(#6294,#6295),(#6296,#6297),(#6298,#6299),(#6300,#6301),(#6302,#6303),
(#6304,#6305),(#6306,#6307),(#6308,#6309),(#6310,#6311),(#6312,#6313),(#6314,
#6315),(#6316,#6317),(#6318,#6319),(#6320,#6321),(#6322,#6323),(#6324,#6325)),
 .UNSPECIFIED.,.F.,.F.,.F.,(4,1,1,1,1,1,1,1,1,1,1,1,1,1,1,1,4),(2,2),(0.,
0.0679623714944557,0.133283402867522,0.197835297757055,0.260891986530988,
0.323376504483175,0.386350075469088,0.449637731051713,0.514795326978357,
0.57923991324103,0.641814177758288,0.701358564786059,0.760726765985719,
0.819222067924387,0.87871616938463,0.938147354053308,1.),(0.,0.000600000000000042),
 .UNSPECIFIED.);
#132=B_SPLINE_SURFACE_WITH_KNOTS('',3,1,((#6359,#6360),(#6361,#6362),(#6363,
#6364),(#6365,#6366),(#6367,#6368),(#6369,#6370),(#6371,#6372),(#6373,#6374),
(#6375,#6376),(#6377,#6378),(#6379,#6380),(#6381,#6382),(#6383,#6384),(#6385,
#6386),(#6387,#6388),(#6389,#6390),(#6391,#6392),(#6393,#6394),(#6395,#6396)),
 .UNSPECIFIED.,.F.,.F.,.F.,(4,1,1,1,1,1,1,1,1,1,1,1,1,1,1,1,4),(2,2),(0.,
0.0723010339955052,0.139700331739386,0.202288511484773,0.260599533222201,
0.313190329155333,0.361738932985428,0.405706475632223,0.445539984894872,
0.518831955861607,0.589778239583577,0.658867478656146,0.728430478061064,
0.797282703608099,0.864815377401445,0.931363752879269,1.),(0.,0.000600000000000026),
 .UNSPECIFIED.);
#133=B_SPLINE_SURFACE_WITH_KNOTS('',3,1,((#6418,#6419),(#6420,#6421),(#6422,
#6423),(#6424,#6425),(#6426,#6427),(#6428,#6429),(#6430,#6431),(#6432,#6433),
(#6434,#6435),(#6436,#6437),(#6438,#6439),(#6440,#6441),(#6442,#6443),(#6444,
#6445),(#6446,#6447),(#6448,#6449),(#6450,#6451),(#6452,#6453),(#6454,#6455)),
 .UNSPECIFIED.,.F.,.F.,.F.,(4,1,1,1,1,1,1,1,1,1,1,1,1,1,1,1,4),(2,2),(0.,
0.0570031325129242,0.111817869120724,0.164402372218211,0.215869804898795,
0.266841110081868,0.317478963205358,0.36990213627276,0.423400449443636,
0.479718398299451,0.539241496644297,0.602430688943423,0.671029546147335,
0.744484797560848,0.823453971378684,0.908740312730666,1.),(0.,0.000600000000000026),
 .UNSPECIFIED.);
#134=B_SPLINE_SURFACE_WITH_KNOTS('',3,1,((#6489,#6490),(#6491,#6492),(#6493,
#6494),(#6495,#6496),(#6497,#6498),(#6499,#6500),(#6501,#6502),(#6503,#6504),
(#6505,#6506),(#6507,#6508),(#6509,#6510),(#6511,#6512),(#6513,#6514),(#6515,
#6516),(#6517,#6518),(#6519,#6520),(#6521,#6522),(#6523,#6524),(#6525,#6526)),
 .UNSPECIFIED.,.F.,.F.,.F.,(4,1,1,1,1,1,1,1,1,1,1,1,1,1,1,1,4),(2,2),(0.,
0.0725024889330342,0.139738989267894,0.201795134825923,0.259821934414863,
0.312205989384597,0.360773434124338,0.404540342600749,0.443698098552763,
0.51684079424397,0.587874335944281,0.657965417561631,0.728969388647312,
0.799307719954884,0.866635777834471,0.933116329057274,1.),(0.,0.0006),
 .UNSPECIFIED.);
#135=B_SPLINE_SURFACE_WITH_KNOTS('',3,1,((#6548,#6549),(#6550,#6551),(#6552,
#6553),(#6554,#6555),(#6556,#6557),(#6558,#6559),(#6560,#6561),(#6562,#6563),
(#6564,#6565),(#6566,#6567),(#6568,#6569),(#6570,#6571),(#6572,#6573),(#6574,
#6575),(#6576,#6577)),.UNSPECIFIED.,.F.,.F.,.F.,(4,1,1,1,1,1,1,1,1,1,1,
1,4),(2,2),(0.,0.0602873979279713,0.119602354707522,0.177503371018541,0.23514266373233,
0.292132593226934,0.350871208641566,0.410097862566594,0.47073152153045,
0.594828704080416,0.722578824094291,0.856691389544017,1.),(0.,0.000600000000000042),
 .UNSPECIFIED.);
#136=B_SPLINE_SURFACE_WITH_KNOTS('',3,1,((#6595,#6596),(#6597,#6598),(#6599,
#6600),(#6601,#6602),(#6603,#6604),(#6605,#6606),(#6607,#6608),(#6609,#6610),
(#6611,#6612),(#6613,#6614),(#6615,#6616)),.UNSPECIFIED.,.F.,.F.,.F.,(4,
1,1,1,1,1,1,1,4),(2,2),(0.,0.0793064855229996,0.171952818927932,0.27705650739159,
0.394730575864476,0.526177321276759,0.671344766597612,0.829285257189251,
1.),(0.,0.000600000000000009),.UNSPECIFIED.);
#137=FACE_BOUND('',#374,.T.);
#138=FACE_BOUND('',#375,.T.);
#139=FACE_BOUND('',#376,.T.);
#140=FACE_BOUND('',#377,.T.);
#141=FACE_BOUND('',#378,.T.);
#142=FACE_BOUND('',#432,.T.);
#143=FACE_BOUND('',#435,.T.);
#144=FACE_BOUND('',#445,.T.);
#145=FACE_BOUND('',#447,.T.);
#146=FACE_BOUND('',#448,.T.);
#147=FACE_BOUND('',#458,.T.);
#148=B_SPLINE_CURVE_WITH_KNOTS('',3,(#3382,#3383,#3384,#3385,#3386,#3387,
#3388,#3389,#3390,#3391,#3392,#3393,#3394,#3395,#3396),.UNSPECIFIED.,.F.,
 .F.,(4,1,1,1,1,1,1,1,1,1,1,1,4),(0.,1.26799957303116E-5,2.49512307809278E-5,
3.6941659030381E-5,4.90230746813942E-5,6.09840935582037E-5,7.29057870841336E-5,
8.49811278557427E-5,9.74822112364519E-5,0.000110026214780578,0.000122457255285898,
0.00013484750134111,0.000147531113211729),.UNSPECIFIED.);
#149=B_SPLINE_CURVE_WITH_KNOTS('',3,(#3398,#3399,#3400,#3401,#3402,#3403,
#3404,#3405,#3406,#3407,#3408,#3409,#3410,#3411,#3412),.UNSPECIFIED.,.F.,
 .F.,(4,1,1,1,1,1,1,1,1,1,1,1,4),(0.,1.22078511975293E-5,2.41816157952593E-5,
3.61258739333387E-5,4.81657636766298E-5,6.02056534199209E-5,7.20629666978423E-5,
8.40116862123693E-5,9.62040212147384E-5,0.000108488860232717,0.000120509806829624,
0.000132543130956131,0.000144754745247119),.UNSPECIFIED.);
#150=B_SPLINE_CURVE_WITH_KNOTS('',3,(#3414,#3415,#3416,#3417,#3418,#3419,
#3420,#3421,#3422,#3423,#3424,#3425,#3426,#3427,#3428),.UNSPECIFIED.,.F.,
 .F.,(4,1,1,1,1,1,1,1,1,1,1,1,4),(0.,9.34487358068791E-6,1.90804463583022E-5,
2.91639926995247E-5,3.97237551398441E-5,4.53277967528091E-5,5.13274320909953E-5,
5.76692566422798E-5,6.44178516899372E-5,7.1634002830352E-5,7.91585700465768E-5,
8.71622653035777E-5,9.5533086611963E-5),.UNSPECIFIED.);
#151=B_SPLINE_CURVE_WITH_KNOTS('',3,(#3436,#3437,#3438,#3439,#3440),
 .UNSPECIFIED.,.F.,.F.,(4,1,4),(0.,1.60162719741584E-5,3.12415493853029E-5),
 .UNSPECIFIED.);
#152=B_SPLINE_CURVE_WITH_KNOTS('',3,(#3441,#3442,#3443,#3444,#3445,#3446,
#3447,#3448,#3449,#3450,#3451,#3452,#3453,#3454,#3455,#3456,#3457,#3458,
#3459),.UNSPECIFIED.,.F.,.F.,(4,1,1,1,1,1,1,1,1,1,1,1,1,1,1,1,4),(0.,9.20847604808091E-6,
1.81266110713295E-5,2.68313124462904E-5,3.54250728266455E-5,4.39801776940226E-5,
5.26361471255215E-5,6.14112482332061E-5,7.04527578935553E-5,7.94902159720287E-5,
8.83017608483723E-5,9.69369730374684E-5,0.000105492077904846,0.000114142968535146,
0.000122920573476182,0.000131898670246488,0.000141167600578677),
 .UNSPECIFIED.);
#153=B_SPLINE_CURVE_WITH_KNOTS('',3,(#3462,#3463,#3464,#3465,#3466,#3467,
#3468,#3469,#3470,#3471,#3472,#3473,#3474,#3475,#3476),.UNSPECIFIED.,.F.,
 .F.,(4,1,1,1,1,1,1,1,1,1,1,1,4),(0.,1.09889849342515E-5,2.10246503532646E-5,
3.00790075701649E-5,3.83600448139501E-5,4.62513664019459E-5,5.40237422177074E-5,
6.19910153532374E-5,7.00574676267446E-5,7.82829504848373E-5,8.65055572612068E-5,
9.49768781626995E-5,0.000103613470316666),.UNSPECIFIED.);
#154=B_SPLINE_CURVE_WITH_KNOTS('',3,(#3478,#3479,#3480,#3481,#3482,#3483,
#3484,#3485,#3486,#3487,#3488,#3489,#3490,#3491,#3492,#3493,#3494,#3495,
#3496),.UNSPECIFIED.,.F.,.F.,(4,1,1,1,1,1,1,1,1,1,1,1,1,1,1,1,4),(0.,8.85152763268542E-6,
1.74156285984567E-5,2.57874479650161E-5,3.4044813600521E-5,4.23590517131919E-5,
5.08260418566985E-5,5.94040481975867E-5,6.82704780993826E-5,7.72495203655769E-5,
8.62193685477404E-5,9.52139172609578E-5,0.000104390702115638,0.000113874259772857,
0.000123695943248418,0.000133941414581826,0.000144726742903585),
 .UNSPECIFIED.);
#155=B_SPLINE_CURVE_WITH_KNOTS('',3,(#3504,#3505,#3506,#3507,#3508,#3509,
#3510,#3511,#3512,#3513,#3514,#3515,#3516,#3517,#3518,#3519,#3520,#3521,
#3522),.UNSPECIFIED.,.F.,.F.,(4,1,1,1,1,1,1,1,1,1,1,1,1,1,1,1,4),(0.,8.59773321118845E-6,
1.66645467488278E-5,2.42682424476067E-5,3.13675291422954E-5,3.80298005541489E-5,
4.42123297607496E-5,5.00114704408409E-5,5.54037013287217E-5,6.56522114139463E-5,
7.56198624599836E-5,8.56536484207372E-5,9.58991604990412E-5,0.000106225488253066,
0.000116379936755111,0.000126755496802754,0.000137356932962179),
 .UNSPECIFIED.);
#156=B_SPLINE_CURVE_WITH_KNOTS('',3,(#3523,#3524,#3525,#3526,#3527,#3528,
#3529,#3530,#3531,#3532,#3533),.UNSPECIFIED.,.F.,.F.,(4,1,1,1,1,1,1,1,4),
(0.,1.00010182513979E-5,1.96529440060305E-5,2.91485769501943E-5,3.85752962481279E-5,
4.79288748406139E-5,5.72589273126111E-5,6.67734432532158E-5,7.65955935098055E-5),
 .UNSPECIFIED.);
#157=B_SPLINE_CURVE_WITH_KNOTS('',3,(#3552,#3553,#3554,#3555,#3556,#3557,
#3558,#3559,#3560,#3561,#3562),.UNSPECIFIED.,.F.,.F.,(4,1,1,1,1,1,1,1,4),
(0.,2.6385774645084E-6,6.2686560799149E-6,1.09414489584949E-5,1.67313236293675E-5,
2.35184610578242E-5,3.13521961534349E-5,4.02192550680624E-5,5.01685237975284E-5),
 .UNSPECIFIED.);
#158=B_SPLINE_CURVE_WITH_KNOTS('',3,(#3564,#3565,#3566,#3567,#3568,#3569,
#3570,#3571,#3572,#3573,#3574,#3575,#3576,#3577,#3578),.UNSPECIFIED.,.F.,
 .F.,(4,1,1,1,1,1,1,1,1,1,1,1,4),(0.,1.2114142405359E-5,2.34573577817297E-5,
3.40287408405485E-5,4.38883282810618E-5,5.30094814182212E-5,6.14510785231865E-5,
6.92368793110536E-5,7.63618339155448E-5,8.94888424526369E-5,0.000101755383116016,
0.000113492638126425,0.000124923726759717),.UNSPECIFIED.);
#159=B_SPLINE_CURVE_WITH_KNOTS('',3,(#3580,#3581,#3582,#3583,#3584,#3585,
#3586,#3587,#3588,#3589,#3590,#3591,#3592,#3593,#3594,#3595,#3596,#3597,
#3598),.UNSPECIFIED.,.F.,.F.,(4,1,1,1,1,1,1,1,1,1,1,1,1,1,1,1,4),(0.,8.12086793898506E-6,
1.60840341097918E-5,2.38959364169472E-5,3.17331351878019E-5,3.96392501099473E-5,
4.77003183639437E-5,5.59361464303759E-5,6.45436679045857E-5,7.31665060224686E-5,
8.15704093061933E-5,8.98461958026788E-5,9.80284424183133E-5,0.000106280277076016,
0.000114680035831374,0.000123233733070298,0.00013208044747358),
 .UNSPECIFIED.);
#160=B_SPLINE_CURVE_WITH_KNOTS('',3,(#3600,#3601,#3602,#3603,#3604,#3605,
#3606,#3607,#3608,#3609,#3610,#3611,#3612,#3613,#3614,#3615,#3616,#3617,
#3618),.UNSPECIFIED.,.F.,.F.,(4,1,1,1,1,1,1,1,1,1,1,1,1,1,1,1,4),(0.,6.84944978444841E-6,
1.3612637806126E-5,2.02553871076975E-5,2.68382056107154E-5,3.33706617907289E-5,
3.99646196849161E-5,4.66032246067757E-5,5.33775262692992E-5,6.03076655496078E-5,
6.75619576323655E-5,7.51864392968861E-5,8.32157606779105E-5,9.16367878982237E-5,
0.000100525264526351,0.000109855250066565,0.000119728316417773),
 .UNSPECIFIED.);
#161=B_SPLINE_CURVE_WITH_KNOTS('',3,(#3622,#3623,#3624,#3625,#3626,#3627,
#3628,#3629,#3630,#3631,#3632),.UNSPECIFIED.,.F.,.F.,(4,1,1,1,1,1,1,1,4),
(0.,1.38384753399058E-5,2.65139847169591E-5,3.81676506924966E-5,4.89400811000048E-5,
5.89583654127909E-5,6.84853193829161E-5,7.77728172612215E-5,8.70320832137341E-5),
 .UNSPECIFIED.);
#162=B_SPLINE_CURVE_WITH_KNOTS('',3,(#3634,#3635,#3636,#3637,#3638,#3639,
#3640,#3641,#3642,#3643,#3644,#3645,#3646,#3647,#3648),.UNSPECIFIED.,.F.,
 .F.,(4,1,1,1,1,1,1,1,1,1,1,1,4),(0.,7.93281343615275E-6,1.57268212712918E-5,
2.34766034242734E-5,3.13054849990546E-5,3.89708216087745E-5,4.63003708245012E-5,
5.33556422740409E-5,6.03222499298877E-5,6.71660043707976E-5,7.38258966689312E-5,
8.03130714716386E-5,8.69219821542025E-5),.UNSPECIFIED.);
#163=B_SPLINE_CURVE_WITH_KNOTS('',3,(#3650,#3651,#3652,#3653,#3654,#3655,
#3656),.UNSPECIFIED.,.F.,.F.,(4,1,1,1,4),(0.,7.47302691161387E-6,1.51915716898765E-5,
2.31954774390676E-5,3.18375916068591E-5),.UNSPECIFIED.);
#164=B_SPLINE_CURVE_WITH_KNOTS('',3,(#3658,#3659,#3660,#3661,#3662,#3663,
#3664,#3665,#3666,#3667,#3668),.UNSPECIFIED.,.F.,.F.,(4,1,1,1,1,1,1,1,4),
(0.,6.54544854828005E-6,1.37413504798812E-5,2.16925267587119E-5,3.03730803158927E-5,
3.97585288607759E-5,4.98914530711961E-5,6.0835463723412E-5,7.25022761180938E-5),
 .UNSPECIFIED.);
#165=B_SPLINE_CURVE_WITH_KNOTS('',3,(#3670,#3671,#3672,#3673,#3674,#3675,
#3676,#3677,#3678,#3679,#3680),.UNSPECIFIED.,.F.,.F.,(4,1,1,1,1,1,1,1,4),
(0.,1.16299453304313E-5,2.22355698619141E-5,3.1748241630832E-5,4.02553168083923E-5,
4.77612505063031E-5,5.41876170393944E-5,5.96299532508387E-5,6.40643733877681E-5),
 .UNSPECIFIED.);
#166=B_SPLINE_CURVE_WITH_KNOTS('',3,(#3682,#3683,#3684,#3685,#3686,#3687,
#3688,#3689,#3690,#3691,#3692),.UNSPECIFIED.,.F.,.F.,(4,1,1,1,1,1,1,1,4),
(0.,6.64605642947915E-6,1.30703619134684E-5,1.93280643720815E-5,2.55209244768884E-5,
3.15471192839429E-5,3.76040125801331E-5,4.36851736933052E-5,4.97806701437956E-5),
 .UNSPECIFIED.);
#167=B_SPLINE_CURVE_WITH_KNOTS('',3,(#3694,#3695,#3696,#3697,#3698,#3699,
#3700,#3701,#3702,#3703,#3704,#3705,#3706,#3707,#3708),.UNSPECIFIED.,.F.,
 .F.,(4,1,1,1,1,1,1,1,1,1,1,1,4),(0.,9.59680163472326E-6,1.89884783823535E-5,
2.82089864126543E-5,3.75074734657084E-5,4.6823726458637E-5,5.60921314893811E-5,
6.54455831179707E-5,7.50838389871268E-5,8.48765951431839E-5,9.4672915336998E-5,
0.000104459478237361,0.000114540301723882),.UNSPECIFIED.);
#168=B_SPLINE_CURVE_WITH_KNOTS('',3,(#3710,#3711,#3712,#3713,#3714,#3715,
#3716,#3717,#3718,#3719,#3720,#3721,#3722,#3723,#3724),.UNSPECIFIED.,.F.,
 .F.,(4,1,1,1,1,1,1,1,1,1,1,1,4),(0.,1.06978951048427E-5,2.12746989509897E-5,
3.18075691568313E-5,4.25783197808625E-5,4.82501033287502E-5,5.42316968434772E-5,
6.06867624956552E-5,6.75523822670992E-5,7.48908565176221E-5,8.26751635263338E-5,
9.1003095313918E-5,9.9763273631597E-5),.UNSPECIFIED.);
#169=B_SPLINE_CURVE_WITH_KNOTS('',3,(#3728,#3729,#3730,#3731,#3732,#3733,
#3734,#3735,#3736,#3737,#3738,#3739,#3740,#3741,#3742),.UNSPECIFIED.,.F.,
 .F.,(4,1,1,1,1,1,1,1,1,1,1,1,4),(0.,7.22750753598786E-6,1.3918489659589E-5,
2.01246981121131E-5,2.58497121738976E-5,3.10621582078729E-5,3.58589016627543E-5,
4.02571153343672E-5,4.41447997588785E-5,5.14668803523103E-5,5.86888307922474E-5,
6.59518533119143E-5,7.33984898735928E-5),.UNSPECIFIED.);
#170=B_SPLINE_CURVE_WITH_KNOTS('',3,(#3744,#3745,#3746,#3747,#3748,#3749,
#3750,#3751,#3752,#3753,#3754),.UNSPECIFIED.,.F.,.F.,(4,1,1,1,1,1,1,1,4),
(0.,9.33559600430635E-6,1.80028174552888E-5,2.62549157405465E-5,3.44792758018244E-5,
4.24361050772847E-5,4.99750681212594E-5,5.747098784912E-5,6.52505402197123E-5),
 .UNSPECIFIED.);
#171=B_SPLINE_CURVE_WITH_KNOTS('',3,(#3755,#3756,#3757,#3758,#3759,#3760,
#3761,#3762,#3763,#3764,#3765),.UNSPECIFIED.,.F.,.F.,(4,1,1,1,1,1,1,1,4),
(0.,4.82020779557961E-6,9.64829757919248E-6,1.45092776564652E-5,1.95043662354812E-5,
2.48642122183324E-5,3.08245117675845E-5,3.74822128457846E-5,4.4928910553282E-5),
 .UNSPECIFIED.);
#172=B_SPLINE_CURVE_WITH_KNOTS('',3,(#3768,#3769,#3770,#3771,#3772,#3773,
#3774,#3775,#3776,#3777,#3778,#3779,#3780,#3781,#3782,#3783,#3784,#3785,
#3786,#3787,#3788,#3789,#3790,#3791,#3792,#3793,#3794),.UNSPECIFIED.,.F.,
 .F.,(4,1,1,1,1,1,1,1,1,1,1,1,1,1,1,1,1,1,1,1,1,1,1,1,4),(0.,1.44812660647352E-5,
2.81300680600878E-5,4.10220535038378E-5,5.30484922385146E-5,6.42869657846495E-5,
7.47838498667384E-5,8.45469479797125E-5,9.36100951763898E-5,0.00010218218077333,
0.000110465741146579,0.000118443743919505,0.000126224945357159,0.000133744446604723,
0.000141090330633537,0.000148306476371422,0.000155524387465553,0.000162619458582119,
0.000169616629892169,0.000176472695109726,0.000183343875537082,0.00019018106630265,
0.000197067593064529,0.000203990233843363,0.000211113722736326),
 .UNSPECIFIED.);
#173=B_SPLINE_CURVE_WITH_KNOTS('',3,(#3796,#3797,#3798,#3799,#3800,#3801,
#3802,#3803,#3804,#3805,#3806,#3807,#3808,#3809,#3810,#3811,#3812,#3813,
#3814,#3815,#3816,#3817,#3818,#3819,#3820,#3821,#3822),.UNSPECIFIED.,.F.,
 .F.,(4,1,1,1,1,1,1,1,1,1,1,1,1,1,1,1,1,1,1,1,1,1,1,1,4),(0.,7.19128374794391E-6,
1.4301200798345E-5,2.12541867906133E-5,2.82147758316181E-5,3.5149901298485E-5,
4.21227949164633E-5,4.92327119668644E-5,5.64189214242047E-5,6.36919154650362E-5,
7.11716203727558E-5,7.87366718392852E-5,8.6471241931612E-5,9.45121922237295E-5,
0.000102798674628735,0.000111387989440443,0.000120365813415083,0.0001297467870733,
0.000139702744936115,0.000150236931328186,0.000161397771575627,0.000173211647729681,
0.00018576097280738,0.000198941330311629,0.000212834705353607),
 .UNSPECIFIED.);
#174=B_SPLINE_CURVE_WITH_KNOTS('',3,(#3824,#3825,#3826,#3827,#3828,#3829,
#3830,#3831,#3832,#3833,#3834,#3835,#3836,#3837,#3838,#3839,#3840,#3841,
#3842,#3843,#3844,#3845,#3846,#3847,#3848,#3849,#3850),.UNSPECIFIED.,.F.,
 .F.,(4,1,1,1,1,1,1,1,1,1,1,1,1,1,1,1,1,1,1,1,1,1,1,1,4),(0.,1.37947408411624E-5,
2.68784899642515E-5,3.9333115351342E-5,5.10470093406128E-5,6.21176762136667E-5,
7.2564040691147E-5,8.24587996183373E-5,9.17572438031304E-5,0.00010063088206125,
0.000109142705367517,0.000117375710233425,0.000125394428276361,0.000133154736051306,
0.000140739872758321,0.000148198897192058,0.000155536317603911,0.000162752849671868,
0.000169872466985695,0.000176880903653625,0.000183817542402563,0.000190758886261793,
0.000197751777394866,0.000204848940121778,0.000212020340845153),
 .UNSPECIFIED.);
#175=B_SPLINE_CURVE_WITH_KNOTS('',3,(#3851,#3852,#3853,#3854,#3855,#3856,
#3857,#3858,#3859,#3860,#3861,#3862,#3863,#3864,#3865,#3866,#3867,#3868,
#3869,#3870,#3871,#3872,#3873,#3874,#3875,#3876,#3877),.UNSPECIFIED.,.F.,
 .F.,(4,1,1,1,1,1,1,1,1,1,1,1,1,1,1,1,1,1,1,1,1,1,1,1,4),(0.,7.13408995018181E-6,
1.40670328874242E-5,2.09638080634347E-5,2.77366533932927E-5,3.45406928077687E-5,
4.14069611070962E-5,4.83322638548588E-5,5.53541613956891E-5,6.24979683803078E-5,
6.97248530657806E-5,7.70816691165408E-5,8.46599649582652E-5,9.24026888126468E-5,
0.000100444715577029,0.000108821626274083,0.000117485632368741,0.000126639172226174,
0.000136491197704179,0.000147050139076508,0.000158314902834536,0.000170306378179567,
0.000183157318011334,0.000196766067568966,0.000211148046565262),
 .UNSPECIFIED.);
#176=B_SPLINE_CURVE_WITH_KNOTS('',3,(#3942,#3943,#3944,#3945,#3946,#3947,
#3948,#3949,#3950,#3951,#3952,#3953,#3954,#3955,#3956),.UNSPECIFIED.,.F.,
 .F.,(4,1,1,1,1,1,1,1,1,1,1,1,4),(0.,1.2114142405359E-5,2.34573577817297E-5,
3.40287408405485E-5,4.38883282810618E-5,5.30094814182212E-5,6.14510785231864E-5,
6.92368793110536E-5,7.63618339155448E-5,8.94888424526369E-5,0.000101755383116016,
0.000113492638126425,0.000124923726759717),.UNSPECIFIED.);
#177=B_SPLINE_CURVE_WITH_KNOTS('',3,(#3982,#3983,#3984,#3985,#3986,#3987,
#3988,#3989,#3990,#3991,#3992),.UNSPECIFIED.,.F.,.F.,(4,1,1,1,1,1,1,1,4),
(3.3881317890172E-21,2.6385774645084E-6,6.2686560799149E-6,1.09414489584949E-5,
1.67313236293675E-5,2.35184610578242E-5,3.13521961534349E-5,4.02192550680624E-5,
5.01685237975284E-5),.UNSPECIFIED.);
#178=B_SPLINE_CURVE_WITH_KNOTS('',3,(#4017,#4018,#4019,#4020,#4021,#4022,
#4023,#4024,#4025,#4026,#4027),.UNSPECIFIED.,.F.,.F.,(4,1,1,1,1,1,1,1,4),
(1.35525271560688E-20,4.82020779557961E-6,9.64829757919247E-6,1.45092776564652E-5,
1.95043662354812E-5,2.48642122183324E-5,3.08245117675844E-5,3.74822128457845E-5,
4.49289105532819E-5),.UNSPECIFIED.);
#179=B_SPLINE_CURVE_WITH_KNOTS('',3,(#4052,#4053,#4054,#4055,#4056,#4057,
#4058,#4059,#4060,#4061,#4062),.UNSPECIFIED.,.F.,.F.,(4,1,1,1,1,1,1,1,4),
(2.11758236813575E-22,9.33559600430637E-6,1.80028174552888E-5,2.62549157405466E-5,
3.44792758018245E-5,4.24361050772848E-5,4.99750681212595E-5,5.74709878491202E-5,
6.52505402197125E-5),.UNSPECIFIED.);
#180=B_SPLINE_CURVE_WITH_KNOTS('',3,(#4095,#4096,#4097,#4098,#4099,#4100,
#4101,#4102,#4103,#4104,#4105,#4106,#4107,#4108,#4109),.UNSPECIFIED.,.F.,
 .F.,(4,1,1,1,1,1,1,1,1,1,1,1,4),(0.,7.22750753598788E-6,1.3918489659589E-5,
2.01246981121132E-5,2.58497121738977E-5,3.10621582078729E-5,3.58589016627544E-5,
4.02571153343673E-5,4.41447997588786E-5,5.14668803523105E-5,5.86888307922475E-5,
6.59518533119144E-5,7.3398489873593E-5),.UNSPECIFIED.);
#181=B_SPLINE_CURVE_WITH_KNOTS('',3,(#4146,#4147,#4148,#4149,#4150,#4151,
#4152,#4153,#4154,#4155,#4156,#4157,#4158,#4159,#4160),.UNSPECIFIED.,.F.,
 .F.,(4,1,1,1,1,1,1,1,1,1,1,1,4),(0.,1.06978951048426E-5,2.12746989509896E-5,
3.18075691568312E-5,4.25783197808625E-5,4.82501033287501E-5,5.4231696843477E-5,
6.06867624956551E-5,6.7552382267099E-5,7.48908565176219E-5,8.26751635263336E-5,
9.10030953139178E-5,9.97632736315967E-5),.UNSPECIFIED.);
#182=B_SPLINE_CURVE_WITH_KNOTS('',3,(#4193,#4194,#4195,#4196,#4197,#4198,
#4199,#4200,#4201,#4202,#4203,#4204,#4205,#4206,#4207),.UNSPECIFIED.,.F.,
 .F.,(4,1,1,1,1,1,1,1,1,1,1,1,4),(1.35525271560688E-20,9.59680163472326E-6,
1.89884783823535E-5,2.82089864126543E-5,3.75074734657084E-5,4.68237264586369E-5,
5.6092131489381E-5,6.54455831179706E-5,7.50838389871267E-5,8.48765951431837E-5,
9.46729153369978E-5,0.000104459478237361,0.000114540301723882),
 .UNSPECIFIED.);
#183=B_SPLINE_CURVE_WITH_KNOTS('',3,(#4232,#4233,#4234,#4235,#4236,#4237,
#4238,#4239,#4240,#4241,#4242),.UNSPECIFIED.,.F.,.F.,(4,1,1,1,1,1,1,1,4),
(6.7762635780344E-21,6.64605642947915E-6,1.30703619134684E-5,1.93280643720815E-5,
2.55209244768884E-5,3.15471192839429E-5,3.76040125801331E-5,4.36851736933052E-5,
4.97806701437955E-5),.UNSPECIFIED.);
#184=B_SPLINE_CURVE_WITH_KNOTS('',3,(#4267,#4268,#4269,#4270,#4271,#4272,
#4273,#4274,#4275,#4276,#4277),.UNSPECIFIED.,.F.,.F.,(4,1,1,1,1,1,1,1,4),
(0.,1.16299453304313E-5,2.22355698619141E-5,3.1748241630832E-5,4.02553168083923E-5,
4.77612505063031E-5,5.41876170393944E-5,5.96299532508388E-5,6.40643733877681E-5),
 .UNSPECIFIED.);
#185=B_SPLINE_CURVE_WITH_KNOTS('',3,(#4302,#4303,#4304,#4305,#4306,#4307,
#4308,#4309,#4310,#4311,#4312),.UNSPECIFIED.,.F.,.F.,(4,1,1,1,1,1,1,1,4),
(0.,6.54544854828006E-6,1.37413504798812E-5,2.16925267587119E-5,3.03730803158927E-5,
3.97585288607759E-5,4.98914530711961E-5,6.0835463723412E-5,7.25022761180938E-5),
 .UNSPECIFIED.);
#186=B_SPLINE_CURVE_WITH_KNOTS('',3,(#4329,#4330,#4331,#4332,#4333,#4334,
#4335),.UNSPECIFIED.,.F.,.F.,(4,1,1,1,4),(0.,7.47302691161387E-6,1.51915716898765E-5,
2.31954774390676E-5,3.18375916068591E-5),.UNSPECIFIED.);
#187=B_SPLINE_CURVE_WITH_KNOTS('',3,(#4368,#4369,#4370,#4371,#4372,#4373,
#4374,#4375,#4376,#4377,#4378,#4379,#4380,#4381,#4382),.UNSPECIFIED.,.F.,
 .F.,(4,1,1,1,1,1,1,1,1,1,1,1,4),(0.,7.93281343615272E-6,1.57268212712918E-5,
2.34766034242733E-5,3.13054849990545E-5,3.89708216087744E-5,4.63003708245011E-5,
5.33556422740407E-5,6.03222499298875E-5,6.71660043707974E-5,7.38258966689309E-5,
8.03130714716383E-5,8.69219821542022E-5),.UNSPECIFIED.);
#188=B_SPLINE_CURVE_WITH_KNOTS('',3,(#4407,#4408,#4409,#4410,#4411,#4412,
#4413,#4414,#4415,#4416,#4417),.UNSPECIFIED.,.F.,.F.,(4,1,1,1,1,1,1,1,4),
(0.,1.38384753399058E-5,2.65139847169591E-5,3.81676506924966E-5,4.89400811000048E-5,
5.89583654127909E-5,6.84853193829161E-5,7.77728172612215E-5,8.70320832137341E-5),
 .UNSPECIFIED.);
#189=B_SPLINE_CURVE_WITH_KNOTS('',3,(#4462,#4463,#4464,#4465,#4466,#4467,
#4468,#4469,#4470,#4471,#4472,#4473,#4474,#4475,#4476,#4477,#4478,#4479,
#4480),.UNSPECIFIED.,.F.,.F.,(4,1,1,1,1,1,1,1,1,1,1,1,1,1,1,1,4),(0.,6.84944978444838E-6,
1.3612637806126E-5,2.02553871076974E-5,2.68382056107153E-5,3.33706617907287E-5,
3.99646196849159E-5,4.66032246067755E-5,5.3377526269299E-5,6.03076655496075E-5,
6.75619576323651E-5,7.51864392968857E-5,8.32157606779101E-5,9.16367878982232E-5,
0.00010052526452635,0.000109855250066565,0.000119728316417773),
 .UNSPECIFIED.);
#190=B_SPLINE_CURVE_WITH_KNOTS('',3,(#4520,#4521,#4522,#4523,#4524,#4525,
#4526,#4527,#4528,#4529,#4530,#4531,#4532,#4533,#4534,#4535,#4536,#4537,
#4538),.UNSPECIFIED.,.F.,.F.,(4,1,1,1,1,1,1,1,1,1,1,1,1,1,1,1,4),(0.,8.12086793898506E-6,
1.60840341097918E-5,2.38959364169472E-5,3.17331351878019E-5,3.96392501099473E-5,
4.77003183639436E-5,5.59361464303759E-5,6.45436679045857E-5,7.31665060224686E-5,
8.15704093061933E-5,8.98461958026787E-5,9.80284424183132E-5,0.000106280277076016,
0.000114680035831374,0.000123233733070298,0.00013208044747358),
 .UNSPECIFIED.);
#191=B_SPLINE_CURVE_WITH_KNOTS('',3,(#4595,#4596,#4597,#4598,#4599,#4600,
#4601,#4602,#4603,#4604,#4605,#4606,#4607,#4608,#4609,#4610,#4611,#4612,
#4613,#4614,#4615,#4616,#4617,#4618,#4619,#4620,#4621),.UNSPECIFIED.,.F.,
 .F.,(4,1,1,1,1,1,1,1,1,1,1,1,1,1,1,1,1,1,1,1,1,1,1,1,4),(2.71050543121376E-20,
7.19128374794395E-6,1.4301200798345E-5,2.12541867906133E-5,2.82147758316182E-5,
3.51499012984851E-5,4.21227949164634E-5,4.92327119668645E-5,5.64189214242049E-5,
6.36919154650363E-5,7.1171620372756E-5,7.87366718392853E-5,8.64712419316121E-5,
9.45121922237297E-5,0.000102798674628735,0.000111387989440443,0.000120365813415083,
0.0001297467870733,0.000139702744936115,0.000150236931328187,0.000161397771575627,
0.000173211647729681,0.000185760972807381,0.000198941330311629,0.000212834705353608),
 .UNSPECIFIED.);
#192=B_SPLINE_CURVE_WITH_KNOTS('',3,(#4679,#4680,#4681,#4682,#4683,#4684,
#4685,#4686,#4687,#4688,#4689,#4690,#4691,#4692,#4693,#4694,#4695,#4696,
#4697,#4698,#4699,#4700,#4701,#4702,#4703,#4704,#4705),.UNSPECIFIED.,.F.,
 .F.,(4,1,1,1,1,1,1,1,1,1,1,1,1,1,1,1,1,1,1,1,1,1,1,1,4),(0.,1.44812660647352E-5,
2.81300680600878E-5,4.10220535038379E-5,5.30484922385147E-5,6.42869657846496E-5,
7.47838498667385E-5,8.45469479797127E-5,9.361009517639E-5,0.000102182180773331,
0.000110465741146579,0.000118443743919506,0.000126224945357159,0.000133744446604723,
0.000141090330633538,0.000148306476371423,0.000155524387465553,0.00016261945858212,
0.000169616629892169,0.000176472695109726,0.000183343875537082,0.000190181066302651,
0.000197067593064529,0.000203990233843363,0.000211113722736326),
 .UNSPECIFIED.);
#193=B_SPLINE_CURVE_WITH_KNOTS('',3,(#4762,#4763,#4764,#4765,#4766,#4767,
#4768,#4769,#4770,#4771,#4772,#4773,#4774,#4775,#4776,#4777,#4778,#4779,
#4780,#4781,#4782,#4783,#4784,#4785,#4786,#4787,#4788),.UNSPECIFIED.,.F.,
 .F.,(4,1,1,1,1,1,1,1,1,1,1,1,1,1,1,1,1,1,1,1,1,1,1,1,4),(0.,7.13408995018182E-6,
1.40670328874242E-5,2.09638080634348E-5,2.77366533932927E-5,3.45406928077687E-5,
4.14069611070963E-5,4.83322638548588E-5,5.53541613956892E-5,6.24979683803079E-5,
6.97248530657807E-5,7.70816691165409E-5,8.46599649582654E-5,9.24026888126469E-5,
0.000100444715577029,0.000108821626274083,0.000117485632368741,0.000126639172226174,
0.000136491197704179,0.000147050139076508,0.000158314902834536,0.000170306378179567,
0.000183157318011334,0.000196766067568967,0.000211148046565262),
 .UNSPECIFIED.);
#194=B_SPLINE_CURVE_WITH_KNOTS('',3,(#4844,#4845,#4846,#4847,#4848,#4849,
#4850,#4851,#4852,#4853,#4854,#4855,#4856,#4857,#4858,#4859,#4860,#4861,
#4862,#4863,#4864,#4865,#4866,#4867,#4868,#4869,#4870),.UNSPECIFIED.,.F.,
 .F.,(4,1,1,1,1,1,1,1,1,1,1,1,1,1,1,1,1,1,1,1,1,1,1,1,4),(0.,1.37947408411624E-5,
2.68784899642515E-5,3.93331153513419E-5,5.10470093406128E-5,6.21176762136666E-5,
7.25640406911469E-5,8.24587996183372E-5,9.17572438031303E-5,0.00010063088206125,
0.000109142705367517,0.000117375710233425,0.000125394428276361,0.000133154736051306,
0.000140739872758321,0.000148198897192058,0.000155536317603911,0.000162752849671867,
0.000169872466985695,0.000176880903653625,0.000183817542402563,0.000190758886261793,
0.000197751777394866,0.000204848940121778,0.000212020340845153),
 .UNSPECIFIED.);
#195=B_SPLINE_CURVE_WITH_KNOTS('',3,(#4935,#4936,#4937,#4938,#4939,#4940,
#4941,#4942,#4943,#4944,#4945,#4946,#4947,#4948,#4949),.UNSPECIFIED.,.F.,
 .F.,(4,1,1,1,1,1,1,1,1,1,1,1,4),(0.,1.22078511975293E-5,2.41816157952594E-5,
3.61258739333388E-5,4.81657636766299E-5,6.02056534199211E-5,7.20629666978425E-5,
8.40116862123695E-5,9.62040212147387E-5,0.000108488860232718,0.000120509806829625,
0.000132543130956132,0.000144754745247119),.UNSPECIFIED.);
#196=B_SPLINE_CURVE_WITH_KNOTS('',3,(#4983,#4984,#4985,#4986,#4987,#4988,
#4989,#4990,#4991,#4992,#4993,#4994,#4995,#4996,#4997),.UNSPECIFIED.,.F.,
 .F.,(4,1,1,1,1,1,1,1,1,1,1,1,4),(0.,1.26799957303115E-5,2.49512307809275E-5,
3.69416590303806E-5,4.90230746813936E-5,6.0984093558203E-5,7.29057870841328E-5,
8.49811278557417E-5,9.74822112364508E-5,0.000110026214780577,0.000122457255285897,
0.000134847501341108,0.000147531113211727),.UNSPECIFIED.);
#197=B_SPLINE_CURVE_WITH_KNOTS('',3,(#5038,#5039,#5040,#5041,#5042,#5043,
#5044,#5045,#5046,#5047,#5048,#5049,#5050,#5051,#5052,#5053,#5054,#5055,
#5056),.UNSPECIFIED.,.F.,.F.,(4,1,1,1,1,1,1,1,1,1,1,1,1,1,1,1,4),(5.43158845465621E-20,
9.20847604808103E-6,1.81266110713297E-5,2.68313124462907E-5,3.54250728266458E-5,
4.3980177694023E-5,5.2636147125522E-5,6.14112482332066E-5,7.04527578935559E-5,
7.94902159720293E-5,8.83017608483729E-5,9.69369730374692E-5,0.000105492077904846,
0.000114142968535146,0.000122920573476183,0.000131898670246489,0.000141167600578678),
 .UNSPECIFIED.);
#198=B_SPLINE_CURVE_WITH_KNOTS('',3,(#5069,#5070,#5071,#5072,#5073),
 .UNSPECIFIED.,.F.,.F.,(4,1,4),(0.,1.60162719741584E-5,3.12415493853029E-5),
 .UNSPECIFIED.);
#199=B_SPLINE_CURVE_WITH_KNOTS('',3,(#5117,#5118,#5119,#5120,#5121,#5122,
#5123,#5124,#5125,#5126,#5127,#5128,#5129,#5130,#5131),.UNSPECIFIED.,.F.,
 .F.,(4,1,1,1,1,1,1,1,1,1,1,1,4),(0.,9.34487358068793E-6,1.90804463583023E-5,
2.91639926995247E-5,3.97237551398442E-5,4.53277967528091E-5,5.13274320909954E-5,
5.76692566422799E-5,6.44178516899372E-5,7.16340028303521E-5,7.91585700465769E-5,
8.71622653035778E-5,9.55330866119631E-5),.UNSPECIFIED.);
#200=B_SPLINE_CURVE_WITH_KNOTS('',3,(#5172,#5173,#5174,#5175,#5176,#5177,
#5178,#5179,#5180,#5181,#5182,#5183,#5184,#5185,#5186,#5187,#5188,#5189,
#5190,#5191,#5192,#5193,#5194,#5195,#5196,#5197,#5198,#5199,#5200,#5201,
#5202,#5203,#5204,#5205,#5206,#5207,#5208,#5209,#5210,#5211,#5212,#5213,
#5214,#5215,#5216,#5217,#5218,#5219,#5220),.UNSPECIFIED.,.F.,.F.,(4,3,3,
3,3,3,3,3,3,3,3,3,3,3,3,3,4),(0.,8.85152763268544E-6,1.74156285984568E-5,
2.57874479650162E-5,3.40448136005211E-5,4.2359051713192E-5,5.08260418566986E-5,
5.94040481975869E-5,6.82704780993828E-5,7.72495203655771E-5,8.62193685477406E-5,
9.5213917260958E-5,0.000104390702115638,0.000113874259772857,0.000123695943248418,
0.000133941414581826,0.000144726742903586),.UNSPECIFIED.);
#201=B_SPLINE_CURVE_WITH_KNOTS('',3,(#5254,#5255,#5256,#5257,#5258,#5259,
#5260,#5261,#5262,#5263,#5264,#5265,#5266,#5267,#5268,#5269,#5270,#5271,
#5272,#5273,#5274,#5275,#5276,#5277,#5278,#5279,#5280,#5281,#5282,#5283,
#5284,#5285,#5286,#5287,#5288,#5289,#5290),.UNSPECIFIED.,.F.,.F.,(4,3,3,
3,3,3,3,3,3,3,3,3,4),(0.,1.09889849342515E-5,2.10246503532647E-5,3.0079007570165E-5,
3.83600448139502E-5,4.6251366401946E-5,5.40237422177076E-5,6.19910153532376E-5,
7.00574676267449E-5,7.82829504848375E-5,8.65055572612071E-5,9.49768781626998E-5,
0.000103613470316667),.UNSPECIFIED.);
#202=B_SPLINE_CURVE_WITH_KNOTS('',3,(#5315,#5316,#5317,#5318,#5319,#5320,
#5321,#5322,#5323,#5324,#5325),.UNSPECIFIED.,.F.,.F.,(4,1,1,1,1,1,1,1,4),
(0.,1.00010182513979E-5,1.96529440060305E-5,2.91485769501943E-5,3.85752962481279E-5,
4.79288748406139E-5,5.72589273126111E-5,6.67734432532158E-5,7.65955935098055E-5),
 .UNSPECIFIED.);
#203=B_SPLINE_CURVE_WITH_KNOTS('',3,(#5366,#5367,#5368,#5369,#5370,#5371,
#5372,#5373,#5374,#5375,#5376,#5377,#5378,#5379,#5380,#5381,#5382,#5383,
#5384),.UNSPECIFIED.,.F.,.F.,(4,1,1,1,1,1,1,1,1,1,1,1,1,1,1,1,4),(0.,8.59773321118843E-6,
1.66645467488278E-5,2.42682424476067E-5,3.13675291422953E-5,3.80298005541489E-5,
4.42123297607495E-5,5.00114704408408E-5,5.54037013287216E-5,6.56522114139461E-5,
7.56198624599835E-5,8.5653648420737E-5,9.5899160499041E-5,0.000106225488253066,
0.000116379936755111,0.000126755496802754,0.000137356932962178),
 .UNSPECIFIED.);
#204=B_SPLINE_CURVE_WITH_KNOTS('',3,(#5407,#5408,#5409,#5410,#5411,#5412,
#5413,#5414,#5415,#5416,#5417,#5418,#5419,#5420,#5421,#5422,#5423,#5424,
#5425,#5426,#5427,#5428,#5429),.UNSPECIFIED.,.F.,.F.,(4,1,1,1,1,1,1,1,1,
1,1,1,1,1,1,1,1,1,1,1,4),(0.,9.99335465369588E-6,2.00215066902359E-5,3.03536410619877E-5,
4.12687089929114E-5,4.68820706476524E-5,5.25516261257784E-5,5.83146864078914E-5,
6.42042834038565E-5,7.02162224107409E-5,7.64378798597028E-5,8.28750241013294E-5,
8.96058244463173E-5,9.67484652746516E-5,0.000104567652234325,0.000113093630518891,
0.000122298201971127,0.000132181768815861,0.000142892288927314,0.000154316901074117,
0.000166460361900868),.UNSPECIFIED.);
#205=B_SPLINE_CURVE_WITH_KNOTS('',3,(#5431,#5432,#5433,#5434,#5435,#5436,
#5437,#5438,#5439,#5440,#5441,#5442,#5443,#5444,#5445,#5446,#5447,#5448,
#5449,#5450,#5451,#5452,#5453),.UNSPECIFIED.,.F.,.F.,(4,1,1,1,1,1,1,1,1,
1,1,1,1,1,1,1,1,1,1,1,4),(1.02607131643819E-22,1.21251406295293E-5,2.35360364289524E-5,
3.41170170669295E-5,4.4002686034028E-5,5.31988345664877E-5,6.16217853257364E-5,
6.93903370073296E-5,7.64867237166057E-5,8.31739369279275E-5,8.9569395686089E-5,
9.57798326981646E-5,0.000101752839754069,0.000107567805989615,0.00011329354600282,
0.000118882613809608,0.000124421982588954,0.000135183171563469,0.000145417512706882,
0.000155424453584941,0.000165413197363134),.UNSPECIFIED.);
#206=B_SPLINE_CURVE_WITH_KNOTS('',3,(#5455,#5456,#5457,#5458,#5459,#5460,
#5461,#5462,#5463,#5464,#5465,#5466,#5467,#5468,#5469,#5470,#5471,#5472,
#5473,#5474,#5475,#5476,#5477),.UNSPECIFIED.,.F.,.F.,(4,1,1,1,1,1,1,1,1,
1,1,1,1,1,1,1,1,1,1,1,4),(2.71050543121376E-20,9.92179755838423E-6,1.98650724972186E-5,
3.00992714482777E-5,4.09185366644829E-5,4.65256456097059E-5,5.22726946897099E-5,
5.8246003807507E-5,6.44081320967181E-5,7.08366758332919E-5,7.75649004479566E-5,
8.45666330622204E-5,9.19774439062526E-5,9.97451870278527E-5,0.000107909990681466,
0.000116449761050097,0.000125482853482444,0.000134946255776149,0.000144868053334533,
0.000155307910292724,0.000166225821377796),.UNSPECIFIED.);
#207=B_SPLINE_CURVE_WITH_KNOTS('',3,(#5479,#5480,#5481,#5482,#5483,#5484,
#5485,#5486,#5487,#5488,#5489),.UNSPECIFIED.,.F.,.F.,(4,1,1,1,1,1,1,1,4),
(1.28317595281524E-28,1.08280791643856E-5,2.13077594204796E-5,3.13928528771304E-5,
4.10913687481512E-5,5.04361523391024E-5,5.94849248189715E-5,6.8226221190289E-5,
7.67093845863659E-5),.UNSPECIFIED.);
#208=B_SPLINE_CURVE_WITH_KNOTS('',3,(#5490,#5491,#5492,#5493,#5494,#5495,
#5496,#5497,#5498,#5499,#5500,#5501,#5502,#5503,#5504),.UNSPECIFIED.,.F.,
 .F.,(4,1,1,1,1,1,1,1,1,1,1,1,4),(0.,6.72796008590459E-6,1.31592013838717E-5,
1.93996935332031E-5,2.5345813186736E-5,3.11664502842858E-5,3.68578786026726E-5,
4.2367029594534E-5,4.78645875908506E-5,5.85019124466841E-5,6.86183878970132E-5,
7.85913162071119E-5,8.8584877491454E-5),.UNSPECIFIED.);
#209=B_SPLINE_CURVE_WITH_KNOTS('',3,(#5540,#5541,#5542,#5543,#5544,#5545,
#5546,#5547,#5548,#5549,#5550,#5551,#5552,#5553,#5554,#5555,#5556,#5557,
#5558),.UNSPECIFIED.,.F.,.F.,(4,1,1,1,1,1,1,1,1,1,1,1,1,1,1,1,4),(0.,6.17120364849378E-6,
1.20852668437363E-5,1.79332004787614E-5,2.37053979850573E-5,2.94627092813355E-5,
3.52664525330089E-5,4.12248072300729E-5,4.72978904375647E-5,5.34605079564509E-5,
5.95161284920294E-5,6.55275667075169E-5,7.16141640246526E-5,7.78254753157982E-5,
8.42030000456549E-5,9.0776489594862E-5,9.76720682078452E-5),
 .UNSPECIFIED.);
#210=B_SPLINE_CURVE_WITH_KNOTS('',3,(#5560,#5561,#5562,#5563,#5564,#5565,
#5566,#5567,#5568,#5569,#5570,#5571,#5572,#5573,#5574,#5575,#5576,#5577,
#5578),.UNSPECIFIED.,.F.,.F.,(4,1,1,1,1,1,1,1,1,1,1,1,1,1,1,1,4),(0.,6.96027321554E-6,
1.36579306617783E-5,2.02165785266815E-5,2.66627680272028E-5,3.30304904177796E-5,
3.9415128825511E-5,4.58718029368476E-5,5.24538229452512E-5,5.89113464140856E-5,
6.51748626771922E-5,7.12133930898276E-5,7.71394665811277E-5,8.30007112734326E-5,
8.88821945929862E-5,9.48267486078106E-5,0.000101001787285177),
 .UNSPECIFIED.);
#211=B_SPLINE_CURVE_WITH_KNOTS('',3,(#5580,#5581,#5582,#5583,#5584,#5585,
#5586,#5587,#5588,#5589,#5590,#5591,#5592,#5593,#5594,#5595,#5596,#5597,
#5598),.UNSPECIFIED.,.F.,.F.,(4,1,1,1,1,1,1,1,1,1,1,1,1,1,1,1,4),(0.,6.09453020241462E-6,
1.19504664260761E-5,1.78126020334593E-5,2.35763228720444E-5,2.9426053142051E-5,
3.52931435400555E-5,4.14587770252098E-5,4.78086990269052E-5,5.42288760494679E-5,
6.04648021361344E-5,6.66697805077682E-5,7.28265709896359E-5,7.90397392108985E-5,
8.54002346594912E-5,9.18365154759843E-5,9.85330556055312E-5),
 .UNSPECIFIED.);
#212=B_SPLINE_CURVE_WITH_KNOTS('',3,(#5599,#5600,#5601,#5602,#5603,#5604,
#5605,#5606,#5607,#5608,#5609,#5610,#5611,#5612,#5613,#5614,#5615,#5616,
#5617),.UNSPECIFIED.,.F.,.F.,(4,1,1,1,1,1,1,1,1,1,1,1,1,1,1,1,4),(5.42101086242752E-20,
6.73093112711725E-6,1.32002663438886E-5,1.95934269866393E-5,2.58385037829372E-5,
3.20269133042502E-5,3.82637581908267E-5,4.458156839132E-5,5.10347171109251E-5,
5.7417250005396E-5,6.35762367382275E-5,6.95072749595577E-5,7.53592083683919E-5,
8.11525295835178E-5,8.7044770989945E-5,9.29307811748676E-5,9.90566106705483E-5),
 .UNSPECIFIED.);
#213=B_SPLINE_CURVE_WITH_KNOTS('',3,(#5625,#5626,#5627,#5628,#5629,#5630,
#5631,#5632,#5633,#5634,#5635,#5636,#5637,#5638,#5639,#5640,#5641,#5642,
#5643),.UNSPECIFIED.,.F.,.F.,(4,1,1,1,1,1,1,1,1,1,1,1,1,1,1,1,4),(0.,8.01885671820337E-6,
1.55128441707676E-5,2.24517512495443E-5,2.89061579422406E-5,3.49338403002484E-5,
4.04861832278573E-5,4.57163917825083E-5,5.06649684876319E-5,5.53657878835688E-5,
5.9972136273745E-5,6.44216111828174E-5,6.8900386042045E-5,7.34227549068578E-5,
7.80432791334224E-5,8.28597707526273E-5,8.78685535546203E-5),
 .UNSPECIFIED.);
#214=B_SPLINE_CURVE_WITH_KNOTS('',3,(#5645,#5646,#5647,#5648,#5649,#5650,
#5651,#5652,#5653,#5654,#5655,#5656,#5657,#5658,#5659,#5660,#5661,#5662,
#5663),.UNSPECIFIED.,.F.,.F.,(4,1,1,1,1,1,1,1,1,1,1,1,1,1,1,1,4),(0.,7.55666302870414E-6,
1.48834571016525E-5,2.23186197262356E-5,2.98990613887887E-5,3.75577573085156E-5,
4.51642935117937E-5,5.29752852503532E-5,6.10445307370852E-5,6.54300911279254E-5,
7.0270797284216E-5,7.56158657436376E-5,8.14059684947244E-5,8.78258524571168E-5,
9.47166398144722E-5,0.000102137118100908,0.000110097264138174),
 .UNSPECIFIED.);
#215=B_SPLINE_CURVE_WITH_KNOTS('',3,(#5671,#5672,#5673,#5674,#5675,#5676,
#5677,#5678,#5679,#5680,#5681,#5682,#5683,#5684,#5685,#5686,#5687,#5688,
#5689,#5690,#5691,#5692,#5693,#5694,#5695),.UNSPECIFIED.,.F.,.F.,(4,3,3,
3,3,3,3,3,4),(0.,9.6162246059021E-6,1.85128858250171E-5,2.66900516437764E-5,
3.40943414361384E-5,4.07228273776252E-5,4.66432338904695E-5,5.18619275795246E-5,
5.63291983315259E-5),.UNSPECIFIED.);
#216=B_SPLINE_CURVE_WITH_KNOTS('',3,(#5697,#5698,#5699,#5700,#5701,#5702,
#5703,#5704,#5705,#5706,#5707,#5708,#5709,#5710,#5711,#5712,#5713,#5714,
#5715,#5716,#5717,#5718,#5719,#5720,#5721,#5722,#5723,#5724,#5725,#5726,
#5727,#5728,#5729,#5730,#5731,#5732,#5733),.UNSPECIFIED.,.F.,.F.,(4,3,3,
3,3,3,3,3,3,3,3,3,4),(0.,1.13582374809774E-5,2.19876222940343E-5,3.211273757304E-5,
4.19483313007152E-5,4.67539846083621E-5,5.14481226531291E-5,5.61035801379263E-5,
6.06204416940063E-5,6.51887699528297E-5,6.97778416880029E-5,7.44789783687118E-5,
7.92571880003404E-5),.UNSPECIFIED.);
#217=B_SPLINE_CURVE_WITH_KNOTS('',3,(#5735,#5736,#5737,#5738,#5739,#5740,
#5741,#5742,#5743,#5744,#5745,#5746,#5747,#5748,#5749,#5750,#5751,#5752,
#5753,#5754,#5755,#5756,#5757,#5758,#5759,#5760,#5761,#5762,#5763,#5764,
#5765,#5766,#5767,#5768,#5769,#5770,#5771,#5772,#5773,#5774,#5775,#5776,
#5777,#5778,#5779,#5780,#5781,#5782,#5783),.UNSPECIFIED.,.F.,.F.,(4,3,3,
3,3,3,3,3,3,3,3,3,3,3,3,3,4),(1.35525271560688E-20,7.63952029956149E-6,
1.52329958584546E-5,2.29232744817918E-5,3.09573895697872E-5,3.90675347040613E-5,
4.70734086832645E-5,5.51869314029426E-5,6.35413638170383E-5,6.80140021645484E-5,
7.30131025584385E-5,7.85605250422433E-5,8.45438845928476E-5,9.11717641205412E-5,
9.8259879605546E-5,0.000105939700433854,0.000114221007786839),
 .UNSPECIFIED.);
#218=B_SPLINE_CURVE_WITH_KNOTS('',3,(#5846,#5847,#5848,#5849,#5850,#5851,
#5852,#5853,#5854,#5855,#5856,#5857,#5858,#5859,#5860,#5861,#5862,#5863,
#5864,#5865,#5866,#5867,#5868),.UNSPECIFIED.,.F.,.F.,(4,1,1,1,1,1,1,1,1,
1,1,1,1,1,1,1,1,1,1,1,4),(0.,1.21251406295293E-5,2.35360364289524E-5,3.41170170669296E-5,
4.40026860340281E-5,5.31988345664878E-5,6.16217853257366E-5,6.93903370073297E-5,
7.64867237166058E-5,8.31739369279276E-5,8.95693956860892E-5,9.57798326981648E-5,
0.000101752839754069,0.000107567805989616,0.00011329354600282,0.000118882613809608,
0.000124421982588954,0.00013518317156347,0.000145417512706882,0.000155424453584941,
0.000165413197363134),.UNSPECIFIED.);
#219=B_SPLINE_CURVE_WITH_KNOTS('',3,(#5918,#5919,#5920,#5921,#5922,#5923,
#5924,#5925,#5926,#5927,#5928,#5929,#5930,#5931,#5932,#5933,#5934,#5935,
#5936,#5937,#5938,#5939,#5940),.UNSPECIFIED.,.F.,.F.,(4,1,1,1,1,1,1,1,1,
1,1,1,1,1,1,1,1,1,1,1,4),(0.,9.99335465369588E-6,2.00215066902359E-5,3.03536410619877E-5,
4.12687089929114E-5,4.68820706476524E-5,5.25516261257784E-5,5.83146864078914E-5,
6.42042834038565E-5,7.02162224107409E-5,7.64378798597028E-5,8.28750241013294E-5,
8.96058244463173E-5,9.67484652746516E-5,0.000104567652234325,0.000113093630518891,
0.000122298201971127,0.000132181768815861,0.000142892288927314,0.000154316901074117,
0.000166460361900868),.UNSPECIFIED.);
#220=B_SPLINE_CURVE_WITH_KNOTS('',3,(#5973,#5974,#5975,#5976,#5977,#5978,
#5979,#5980,#5981,#5982,#5983,#5984,#5985,#5986,#5987),.UNSPECIFIED.,.F.,
 .F.,(4,1,1,1,1,1,1,1,1,1,1,1,4),(0.,6.72796008590462E-6,1.31592013838718E-5,
1.93996935332032E-5,2.53458131867361E-5,3.1166450284286E-5,3.68578786026728E-5,
4.23670295945343E-5,4.78645875908508E-5,5.85019124466844E-5,6.86183878970136E-5,
7.85913162071123E-5,8.85848774914545E-5),.UNSPECIFIED.);
#221=B_SPLINE_CURVE_WITH_KNOTS('',3,(#6012,#6013,#6014,#6015,#6016,#6017,
#6018,#6019,#6020,#6021,#6022),.UNSPECIFIED.,.F.,.F.,(4,1,1,1,1,1,1,1,4),
(0.,1.08280791643856E-5,2.13077594204796E-5,3.13928528771304E-5,4.10913687481512E-5,
5.04361523391024E-5,5.94849248189715E-5,6.8226221190289E-5,7.67093845863659E-5),
 .UNSPECIFIED.);
#222=B_SPLINE_CURVE_WITH_KNOTS('',3,(#6069,#6070,#6071,#6072,#6073,#6074,
#6075,#6076,#6077,#6078,#6079,#6080,#6081,#6082,#6083,#6084,#6085,#6086,
#6087,#6088,#6089,#6090,#6091),.UNSPECIFIED.,.F.,.F.,(4,1,1,1,1,1,1,1,1,
1,1,1,1,1,1,1,1,1,1,1,4),(2.71050543121376E-20,9.92179755838417E-6,1.98650724972185E-5,
3.00992714482775E-5,4.09185366644826E-5,4.65256456097056E-5,5.22726946897096E-5,
5.82460038075066E-5,6.44081320967177E-5,7.08366758332915E-5,7.75649004479561E-5,
8.45666330622198E-5,9.19774439062521E-5,9.97451870278521E-5,0.000107909990681466,
0.000116449761050096,0.000125482853482443,0.000134946255776148,0.000144868053334532,
0.000155307910292723,0.000166225821377795),.UNSPECIFIED.);
#223=B_SPLINE_CURVE_WITH_KNOTS('',3,(#6150,#6151,#6152,#6153,#6154,#6155,
#6156,#6157,#6158,#6159,#6160,#6161,#6162,#6163,#6164,#6165,#6166,#6167,
#6168),.UNSPECIFIED.,.F.,.F.,(4,1,1,1,1,1,1,1,1,1,1,1,1,1,1,1,4),(0.,6.96027321554001E-6,
1.36579306617784E-5,2.02165785266816E-5,2.66627680272028E-5,3.30304904177796E-5,
3.94151288255111E-5,4.58718029368476E-5,5.24538229452512E-5,5.89113464140856E-5,
6.51748626771923E-5,7.12133930898277E-5,7.71394665811277E-5,8.30007112734327E-5,
8.88821945929863E-5,9.48267486078106E-5,0.000101001787285177),
 .UNSPECIFIED.);
#224=B_SPLINE_CURVE_WITH_KNOTS('',3,(#6210,#6211,#6212,#6213,#6214,#6215,
#6216,#6217,#6218,#6219,#6220,#6221,#6222,#6223,#6224,#6225,#6226,#6227,
#6228),.UNSPECIFIED.,.F.,.F.,(4,1,1,1,1,1,1,1,1,1,1,1,1,1,1,1,4),(0.,6.17120364849374E-6,
1.20852668437362E-5,1.79332004787612E-5,2.37053979850572E-5,2.94627092813353E-5,
3.52664525330087E-5,4.12248072300726E-5,4.72978904375644E-5,5.34605079564506E-5,
5.9516128492029E-5,6.55275667075165E-5,7.16141640246521E-5,7.78254753157977E-5,
8.42030000456544E-5,9.07764895948614E-5,9.76720682078446E-5),
 .UNSPECIFIED.);
#225=B_SPLINE_CURVE_WITH_KNOTS('',3,(#6269,#6270,#6271,#6272,#6273,#6274,
#6275,#6276,#6277,#6278,#6279,#6280,#6281,#6282,#6283,#6284,#6285,#6286,
#6287),.UNSPECIFIED.,.F.,.F.,(4,1,1,1,1,1,1,1,1,1,1,1,1,1,1,1,4),(0.,6.73093112711717E-6,
1.32002663438885E-5,1.95934269866392E-5,2.58385037829371E-5,3.202691330425E-5,
3.82637581908265E-5,4.45815683913198E-5,5.10347171109248E-5,5.74172500053957E-5,
6.35762367382272E-5,6.95072749595574E-5,7.53592083683916E-5,8.11525295835175E-5,
8.70447709899446E-5,9.29307811748672E-5,9.90566106705479E-5),
 .UNSPECIFIED.);
#226=B_SPLINE_CURVE_WITH_KNOTS('',3,(#6326,#6327,#6328,#6329,#6330,#6331,
#6332,#6333,#6334,#6335,#6336,#6337,#6338,#6339,#6340,#6341,#6342,#6343,
#6344),.UNSPECIFIED.,.F.,.F.,(4,1,1,1,1,1,1,1,1,1,1,1,1,1,1,1,4),(0.,6.0945302024145E-6,
1.19504664260759E-5,1.78126020334589E-5,2.35763228720439E-5,2.94260531420504E-5,
3.52931435400548E-5,4.14587770252089E-5,4.78086990269042E-5,5.42288760494668E-5,
6.04648021361332E-5,6.66697805077668E-5,7.28265709896344E-5,7.90397392108969E-5,
8.54002346594895E-5,9.18365154759824E-5,9.85330556055292E-5),
 .UNSPECIFIED.);
#227=B_SPLINE_CURVE_WITH_KNOTS('',3,(#6399,#6400,#6401,#6402,#6403,#6404,
#6405,#6406,#6407,#6408,#6409,#6410,#6411,#6412,#6413,#6414,#6415,#6416,
#6417),.UNSPECIFIED.,.F.,.F.,(4,1,1,1,1,1,1,1,1,1,1,1,1,1,1,1,4),(1.35525271560688E-20,
7.55666302870415E-6,1.48834571016525E-5,2.23186197262356E-5,2.98990613887887E-5,
3.75577573085156E-5,4.51642935117937E-5,5.29752852503532E-5,6.10445307370852E-5,
6.54300911279254E-5,7.0270797284216E-5,7.56158657436376E-5,8.14059684947244E-5,
8.78258524571168E-5,9.47166398144722E-5,0.000102137118100908,0.000110097264138174),
 .UNSPECIFIED.);
#228=B_SPLINE_CURVE_WITH_KNOTS('',3,(#6456,#6457,#6458,#6459,#6460,#6461,
#6462,#6463,#6464,#6465,#6466,#6467,#6468,#6469,#6470,#6471,#6472,#6473,
#6474),.UNSPECIFIED.,.F.,.F.,(4,1,1,1,1,1,1,1,1,1,1,1,1,1,1,1,4),(0.,8.01885671820337E-6,
1.55128441707676E-5,2.24517512495443E-5,2.89061579422406E-5,3.49338403002484E-5,
4.04861832278573E-5,4.57163917825083E-5,5.06649684876319E-5,5.53657878835688E-5,
5.9972136273745E-5,6.44216111828174E-5,6.89003860420451E-5,7.34227549068578E-5,
7.80432791334224E-5,8.28597707526273E-5,8.78685535546203E-5),
 .UNSPECIFIED.);
#229=B_SPLINE_CURVE_WITH_KNOTS('',3,(#6529,#6530,#6531,#6532,#6533,#6534,
#6535,#6536,#6537,#6538,#6539,#6540,#6541,#6542,#6543,#6544,#6545,#6546,
#6547),.UNSPECIFIED.,.F.,.F.,(4,1,1,1,1,1,1,1,1,1,1,1,1,1,1,1,4),(1.35525271560688E-20,
7.6395202995615E-6,1.52329958584546E-5,2.29232744817918E-5,3.09573895697872E-5,
3.90675347040613E-5,4.70734086832646E-5,5.51869314029426E-5,6.35413638170384E-5,
6.80140021645485E-5,7.30131025584385E-5,7.85605250422434E-5,8.45438845928476E-5,
9.11717641205413E-5,9.82598796055461E-5,0.000105939700433854,0.000114221007786839),
 .UNSPECIFIED.);
#230=B_SPLINE_CURVE_WITH_KNOTS('',3,(#6580,#6581,#6582,#6583,#6584,#6585,
#6586,#6587,#6588,#6589,#6590,#6591,#6592,#6593,#6594),.UNSPECIFIED.,.F.,
 .F.,(4,1,1,1,1,1,1,1,1,1,1,1,4),(0.,1.13582374809775E-5,2.19876222940344E-5,
3.21127375730402E-5,4.19483313007154E-5,4.67539846083623E-5,5.14481226531294E-5,
5.61035801379266E-5,6.06204416940066E-5,6.518876995283E-5,6.97778416880033E-5,
7.44789783687122E-5,7.92571880003408E-5),.UNSPECIFIED.);
#231=B_SPLINE_CURVE_WITH_KNOTS('',3,(#6617,#6618,#6619,#6620,#6621,#6622,
#6623,#6624,#6625,#6626,#6627),.UNSPECIFIED.,.F.,.F.,(4,1,1,1,1,1,1,1,4),
(0.,9.6162246059021E-6,1.85128858250171E-5,2.66900516437764E-5,3.40943414361384E-5,
4.07228273776252E-5,4.66432338904695E-5,5.18619275795246E-5,5.63291983315259E-5),
 .UNSPECIFIED.);
#232=FACE_OUTER_BOUND('',#373,.T.);
#233=FACE_OUTER_BOUND('',#379,.T.);
#234=FACE_OUTER_BOUND('',#380,.T.);
#235=FACE_OUTER_BOUND('',#381,.T.);
#236=FACE_OUTER_BOUND('',#382,.T.);
#237=FACE_OUTER_BOUND('',#383,.T.);
#238=FACE_OUTER_BOUND('',#384,.T.);
#239=FACE_OUTER_BOUND('',#385,.T.);
#240=FACE_OUTER_BOUND('',#386,.T.);
#241=FACE_OUTER_BOUND('',#387,.T.);
#242=FACE_OUTER_BOUND('',#388,.T.);
#243=FACE_OUTER_BOUND('',#389,.T.);
#244=FACE_OUTER_BOUND('',#390,.T.);
#245=FACE_OUTER_BOUND('',#391,.T.);
#246=FACE_OUTER_BOUND('',#392,.T.);
#247=FACE_OUTER_BOUND('',#393,.T.);
#248=FACE_OUTER_BOUND('',#394,.T.);
#249=FACE_OUTER_BOUND('',#395,.T.);
#250=FACE_OUTER_BOUND('',#396,.T.);
#251=FACE_OUTER_BOUND('',#397,.T.);
#252=FACE_OUTER_BOUND('',#398,.T.);
#253=FACE_OUTER_BOUND('',#399,.T.);
#254=FACE_OUTER_BOUND('',#400,.T.);
#255=FACE_OUTER_BOUND('',#401,.T.);
#256=FACE_OUTER_BOUND('',#402,.T.);
#257=FACE_OUTER_BOUND('',#403,.T.);
#258=FACE_OUTER_BOUND('',#404,.T.);
#259=FACE_OUTER_BOUND('',#405,.T.);
#260=FACE_OUTER_BOUND('',#406,.T.);
#261=FACE_OUTER_BOUND('',#407,.T.);
#262=FACE_OUTER_BOUND('',#408,.T.);
#263=FACE_OUTER_BOUND('',#409,.T.);
#264=FACE_OUTER_BOUND('',#410,.T.);
#265=FACE_OUTER_BOUND('',#411,.T.);
#266=FACE_OUTER_BOUND('',#412,.T.);
#267=FACE_OUTER_BOUND('',#413,.T.);
#268=FACE_OUTER_BOUND('',#414,.T.);
#269=FACE_OUTER_BOUND('',#415,.T.);
#270=FACE_OUTER_BOUND('',#416,.T.);
#271=FACE_OUTER_BOUND('',#417,.T.);
#272=FACE_OUTER_BOUND('',#418,.T.);
#273=FACE_OUTER_BOUND('',#419,.T.);
#274=FACE_OUTER_BOUND('',#420,.T.);
#275=FACE_OUTER_BOUND('',#421,.T.);
#276=FACE_OUTER_BOUND('',#422,.T.);
#277=FACE_OUTER_BOUND('',#423,.T.);
#278=FACE_OUTER_BOUND('',#424,.T.);
#279=FACE_OUTER_BOUND('',#425,.T.);
#280=FACE_OUTER_BOUND('',#426,.T.);
#281=FACE_OUTER_BOUND('',#427,.T.);
#282=FACE_OUTER_BOUND('',#428,.T.);
#283=FACE_OUTER_BOUND('',#429,.T.);
#284=FACE_OUTER_BOUND('',#430,.T.);
#285=FACE_OUTER_BOUND('',#431,.T.);
#286=FACE_OUTER_BOUND('',#433,.T.);
#287=FACE_OUTER_BOUND('',#434,.T.);
#288=FACE_OUTER_BOUND('',#436,.T.);
#289=FACE_OUTER_BOUND('',#437,.T.);
#290=FACE_OUTER_BOUND('',#438,.T.);
#291=FACE_OUTER_BOUND('',#439,.T.);
#292=FACE_OUTER_BOUND('',#440,.T.);
#293=FACE_OUTER_BOUND('',#441,.T.);
#294=FACE_OUTER_BOUND('',#442,.T.);
#295=FACE_OUTER_BOUND('',#443,.T.);
#296=FACE_OUTER_BOUND('',#444,.T.);
#297=FACE_OUTER_BOUND('',#446,.T.);
#298=FACE_OUTER_BOUND('',#449,.T.);
#299=FACE_OUTER_BOUND('',#450,.T.);
#300=FACE_OUTER_BOUND('',#451,.T.);
#301=FACE_OUTER_BOUND('',#452,.T.);
#302=FACE_OUTER_BOUND('',#453,.T.);
#303=FACE_OUTER_BOUND('',#454,.T.);
#304=FACE_OUTER_BOUND('',#455,.T.);
#305=FACE_OUTER_BOUND('',#456,.T.);
#306=FACE_OUTER_BOUND('',#457,.T.);
#307=FACE_OUTER_BOUND('',#459,.T.);
#308=FACE_OUTER_BOUND('',#460,.T.);
#309=FACE_OUTER_BOUND('',#461,.T.);
#310=FACE_OUTER_BOUND('',#462,.T.);
#311=FACE_OUTER_BOUND('',#463,.T.);
#312=FACE_OUTER_BOUND('',#464,.T.);
#313=FACE_OUTER_BOUND('',#465,.T.);
#314=FACE_OUTER_BOUND('',#466,.T.);
#315=FACE_OUTER_BOUND('',#467,.T.);
#316=FACE_OUTER_BOUND('',#468,.T.);
#317=FACE_OUTER_BOUND('',#469,.T.);
#318=FACE_OUTER_BOUND('',#470,.T.);
#319=FACE_OUTER_BOUND('',#471,.T.);
#320=FACE_OUTER_BOUND('',#472,.T.);
#321=FACE_OUTER_BOUND('',#473,.T.);
#322=FACE_OUTER_BOUND('',#474,.T.);
#323=FACE_OUTER_BOUND('',#475,.T.);
#324=FACE_OUTER_BOUND('',#476,.T.);
#325=FACE_OUTER_BOUND('',#477,.T.);
#326=FACE_OUTER_BOUND('',#478,.T.);
#327=FACE_OUTER_BOUND('',#479,.T.);
#328=FACE_OUTER_BOUND('',#480,.T.);
#329=FACE_OUTER_BOUND('',#481,.T.);
#330=FACE_OUTER_BOUND('',#482,.T.);
#331=FACE_OUTER_BOUND('',#483,.T.);
#332=FACE_OUTER_BOUND('',#484,.T.);
#333=FACE_OUTER_BOUND('',#485,.T.);
#334=FACE_OUTER_BOUND('',#486,.T.);
#335=FACE_OUTER_BOUND('',#487,.T.);
#336=FACE_OUTER_BOUND('',#488,.T.);
#337=FACE_OUTER_BOUND('',#489,.T.);
#338=FACE_OUTER_BOUND('',#490,.T.);
#339=FACE_OUTER_BOUND('',#491,.T.);
#340=FACE_OUTER_BOUND('',#492,.T.);
#341=FACE_OUTER_BOUND('',#493,.T.);
#342=FACE_OUTER_BOUND('',#494,.T.);
#343=FACE_OUTER_BOUND('',#495,.T.);
#344=FACE_OUTER_BOUND('',#496,.T.);
#345=FACE_OUTER_BOUND('',#497,.T.);
#346=FACE_OUTER_BOUND('',#498,.T.);
#347=FACE_OUTER_BOUND('',#499,.T.);
#348=FACE_OUTER_BOUND('',#500,.T.);
#349=FACE_OUTER_BOUND('',#501,.T.);
#350=FACE_OUTER_BOUND('',#502,.T.);
#351=FACE_OUTER_BOUND('',#503,.T.);
#352=FACE_OUTER_BOUND('',#504,.T.);
#353=FACE_OUTER_BOUND('',#505,.T.);
#354=FACE_OUTER_BOUND('',#506,.T.);
#355=FACE_OUTER_BOUND('',#507,.T.);
#356=FACE_OUTER_BOUND('',#508,.T.);
#357=FACE_OUTER_BOUND('',#509,.T.);
#358=FACE_OUTER_BOUND('',#510,.T.);
#359=FACE_OUTER_BOUND('',#511,.T.);
#360=FACE_OUTER_BOUND('',#512,.T.);
#361=FACE_OUTER_BOUND('',#513,.T.);
#362=FACE_OUTER_BOUND('',#514,.T.);
#363=FACE_OUTER_BOUND('',#515,.T.);
#364=FACE_OUTER_BOUND('',#516,.T.);
#365=FACE_OUTER_BOUND('',#517,.T.);
#366=FACE_OUTER_BOUND('',#518,.T.);
#367=FACE_OUTER_BOUND('',#519,.T.);
#368=FACE_OUTER_BOUND('',#520,.T.);
#369=FACE_OUTER_BOUND('',#521,.T.);
#370=FACE_OUTER_BOUND('',#522,.T.);
#371=FACE_OUTER_BOUND('',#523,.T.);
#372=FACE_OUTER_BOUND('',#524,.T.);
#373=EDGE_LOOP('',(#1673,#1674,#1675,#1676,#1677,#1678,#1679,#1680));
#374=EDGE_LOOP('',(#1681,#1682,#1683,#1684,#1685,#1686,#1687,#1688));
#375=EDGE_LOOP('',(#1689,#1690,#1691,#1692,#1693,#1694,#1695));
#376=EDGE_LOOP('',(#1696,#1697,#1698,#1699,#1700,#1701,#1702,#1703));
#377=EDGE_LOOP('',(#1704,#1705,#1706,#1707,#1708,#1709,#1710,#1711,#1712,
#1713,#1714,#1715,#1716,#1717,#1718,#1719,#1720));
#378=EDGE_LOOP('',(#1721,#1722,#1723,#1724));
#379=EDGE_LOOP('',(#1725,#1726,#1727,#1728));
#380=EDGE_LOOP('',(#1729,#1730,#1731,#1732));
#381=EDGE_LOOP('',(#1733,#1734,#1735,#1736));
#382=EDGE_LOOP('',(#1737,#1738,#1739,#1740));
#383=EDGE_LOOP('',(#1741,#1742,#1743,#1744));
#384=EDGE_LOOP('',(#1745,#1746,#1747,#1748));
#385=EDGE_LOOP('',(#1749,#1750,#1751,#1752));
#386=EDGE_LOOP('',(#1753,#1754,#1755,#1756));
#387=EDGE_LOOP('',(#1757,#1758,#1759,#1760));
#388=EDGE_LOOP('',(#1761,#1762,#1763,#1764));
#389=EDGE_LOOP('',(#1765,#1766,#1767,#1768));
#390=EDGE_LOOP('',(#1769,#1770,#1771,#1772));
#391=EDGE_LOOP('',(#1773,#1774,#1775,#1776));
#392=EDGE_LOOP('',(#1777,#1778,#1779,#1780));
#393=EDGE_LOOP('',(#1781,#1782,#1783,#1784));
#394=EDGE_LOOP('',(#1785,#1786,#1787,#1788));
#395=EDGE_LOOP('',(#1789,#1790,#1791,#1792));
#396=EDGE_LOOP('',(#1793,#1794,#1795,#1796));
#397=EDGE_LOOP('',(#1797,#1798,#1799,#1800));
#398=EDGE_LOOP('',(#1801,#1802,#1803,#1804));
#399=EDGE_LOOP('',(#1805,#1806,#1807,#1808));
#400=EDGE_LOOP('',(#1809,#1810,#1811,#1812));
#401=EDGE_LOOP('',(#1813,#1814,#1815,#1816));
#402=EDGE_LOOP('',(#1817,#1818,#1819,#1820));
#403=EDGE_LOOP('',(#1821,#1822,#1823,#1824));
#404=EDGE_LOOP('',(#1825,#1826,#1827,#1828));
#405=EDGE_LOOP('',(#1829,#1830,#1831,#1832));
#406=EDGE_LOOP('',(#1833,#1834,#1835,#1836));
#407=EDGE_LOOP('',(#1837,#1838,#1839,#1840));
#408=EDGE_LOOP('',(#1841,#1842,#1843,#1844));
#409=EDGE_LOOP('',(#1845,#1846,#1847,#1848));
#410=EDGE_LOOP('',(#1849,#1850,#1851,#1852));
#411=EDGE_LOOP('',(#1853,#1854,#1855,#1856));
#412=EDGE_LOOP('',(#1857,#1858,#1859,#1860));
#413=EDGE_LOOP('',(#1861,#1862,#1863,#1864));
#414=EDGE_LOOP('',(#1865,#1866,#1867,#1868));
#415=EDGE_LOOP('',(#1869,#1870,#1871,#1872));
#416=EDGE_LOOP('',(#1873,#1874,#1875,#1876));
#417=EDGE_LOOP('',(#1877,#1878,#1879,#1880));
#418=EDGE_LOOP('',(#1881,#1882,#1883,#1884));
#419=EDGE_LOOP('',(#1885,#1886,#1887,#1888));
#420=EDGE_LOOP('',(#1889,#1890,#1891,#1892));
#421=EDGE_LOOP('',(#1893,#1894,#1895,#1896));
#422=EDGE_LOOP('',(#1897,#1898,#1899,#1900));
#423=EDGE_LOOP('',(#1901,#1902,#1903,#1904));
#424=EDGE_LOOP('',(#1905,#1906,#1907,#1908));
#425=EDGE_LOOP('',(#1909,#1910,#1911,#1912));
#426=EDGE_LOOP('',(#1913,#1914,#1915,#1916));
#427=EDGE_LOOP('',(#1917,#1918,#1919,#1920));
#428=EDGE_LOOP('',(#1921,#1922,#1923,#1924));
#429=EDGE_LOOP('',(#1925,#1926,#1927,#1928));
#430=EDGE_LOOP('',(#1929,#1930,#1931,#1932));
#431=EDGE_LOOP('',(#1933,#1934,#1935,#1936,#1937,#1938,#1939,#1940));
#432=EDGE_LOOP('',(#1941,#1942,#1943));
#433=EDGE_LOOP('',(#1944,#1945,#1946,#1947,#1948,#1949,#1950,#1951,#1952,
#1953,#1954,#1955,#1956,#1957,#1958,#1959,#1960));
#434=EDGE_LOOP('',(#1961,#1962,#1963,#1964));
#435=EDGE_LOOP('',(#1965,#1966,#1967,#1968,#1969));
#436=EDGE_LOOP('',(#1970,#1971,#1972,#1973));
#437=EDGE_LOOP('',(#1974,#1975,#1976,#1977));
#438=EDGE_LOOP('',(#1978,#1979,#1980,#1981));
#439=EDGE_LOOP('',(#1982,#1983,#1984,#1985));
#440=EDGE_LOOP('',(#1986,#1987,#1988,#1989));
#441=EDGE_LOOP('',(#1990,#1991,#1992,#1993));
#442=EDGE_LOOP('',(#1994,#1995,#1996,#1997));
#443=EDGE_LOOP('',(#1998,#1999,#2000,#2001));
#444=EDGE_LOOP('',(#2002,#2003,#2004,#2005,#2006,#2007,#2008,#2009));
#445=EDGE_LOOP('',(#2010,#2011,#2012,#2013));
#446=EDGE_LOOP('',(#2014,#2015,#2016,#2017,#2018,#2019,#2020));
#447=EDGE_LOOP('',(#2021,#2022,#2023,#2024,#2025));
#448=EDGE_LOOP('',(#2026,#2027,#2028,#2029,#2030,#2031));
#449=EDGE_LOOP('',(#2032,#2033,#2034,#2035));
#450=EDGE_LOOP('',(#2036,#2037,#2038,#2039));
#451=EDGE_LOOP('',(#2040,#2041,#2042,#2043));
#452=EDGE_LOOP('',(#2044,#2045,#2046,#2047));
#453=EDGE_LOOP('',(#2048,#2049,#2050,#2051));
#454=EDGE_LOOP('',(#2052,#2053,#2054,#2055));
#455=EDGE_LOOP('',(#2056,#2057,#2058,#2059));
#456=EDGE_LOOP('',(#2060,#2061,#2062,#2063));
#457=EDGE_LOOP('',(#2064,#2065,#2066,#2067,#2068,#2069,#2070,#2071));
#458=EDGE_LOOP('',(#2072,#2073,#2074,#2075,#2076,#2077,#2078,#2079));
#459=EDGE_LOOP('',(#2080,#2081,#2082,#2083));
#460=EDGE_LOOP('',(#2084,#2085,#2086,#2087));
#461=EDGE_LOOP('',(#2088,#2089,#2090,#2091));
#462=EDGE_LOOP('',(#2092,#2093,#2094,#2095));
#463=EDGE_LOOP('',(#2096,#2097,#2098,#2099));
#464=EDGE_LOOP('',(#2100,#2101,#2102,#2103));
#465=EDGE_LOOP('',(#2104,#2105,#2106,#2107));
#466=EDGE_LOOP('',(#2108,#2109,#2110,#2111));
#467=EDGE_LOOP('',(#2112,#2113,#2114,#2115));
#468=EDGE_LOOP('',(#2116,#2117,#2118,#2119));
#469=EDGE_LOOP('',(#2120,#2121,#2122,#2123));
#470=EDGE_LOOP('',(#2124,#2125,#2126,#2127));
#471=EDGE_LOOP('',(#2128,#2129,#2130,#2131));
#472=EDGE_LOOP('',(#2132,#2133,#2134,#2135));
#473=EDGE_LOOP('',(#2136,#2137,#2138,#2139));
#474=EDGE_LOOP('',(#2140,#2141,#2142));
#475=EDGE_LOOP('',(#2143,#2144,#2145,#2146,#2147));
#476=EDGE_LOOP('',(#2148,#2149,#2150,#2151));
#477=EDGE_LOOP('',(#2152,#2153,#2154,#2155,#2156,#2157,#2158,#2159));
#478=EDGE_LOOP('',(#2160,#2161,#2162,#2163));
#479=EDGE_LOOP('',(#2164,#2165,#2166,#2167,#2168,#2169,#2170,#2171));
#480=EDGE_LOOP('',(#2172,#2173,#2174,#2175));
#481=EDGE_LOOP('',(#2176,#2177,#2178,#2179,#2180,#2181,#2182,#2183));
#482=EDGE_LOOP('',(#2184,#2185,#2186,#2187));
#483=EDGE_LOOP('',(#2188,#2189,#2190,#2191,#2192,#2193,#2194,#2195));
#484=EDGE_LOOP('',(#2196,#2197,#2198,#2199));
#485=EDGE_LOOP('',(#2200,#2201,#2202,#2203,#2204));
#486=EDGE_LOOP('',(#2205,#2206,#2207,#2208,#2209,#2210));
#487=EDGE_LOOP('',(#2211,#2212,#2213,#2214,#2215,#2216,#2217,#2218,#2219,
#2220,#2221,#2222,#2223,#2224,#2225,#2226,#2227,#2228,#2229,#2230,#2231));
#488=EDGE_LOOP('',(#2232,#2233,#2234,#2235));
#489=EDGE_LOOP('',(#2236,#2237,#2238,#2239,#2240,#2241));
#490=EDGE_LOOP('',(#2242,#2243,#2244,#2245,#2246,#2247,#2248,#2249));
#491=EDGE_LOOP('',(#2250,#2251,#2252,#2253,#2254,#2255));
#492=EDGE_LOOP('',(#2256,#2257,#2258,#2259,#2260,#2261));
#493=EDGE_LOOP('',(#2262,#2263,#2264,#2265));
#494=EDGE_LOOP('',(#2266,#2267,#2268,#2269,#2270,#2271));
#495=EDGE_LOOP('',(#2272,#2273,#2274,#2275,#2276,#2277));
#496=EDGE_LOOP('',(#2278,#2279,#2280,#2281));
#497=EDGE_LOOP('',(#2282,#2283,#2284,#2285,#2286,#2287));
#498=EDGE_LOOP('',(#2288,#2289,#2290,#2291,#2292,#2293,#2294,#2295));
#499=EDGE_LOOP('',(#2296,#2297,#2298,#2299,#2300,#2301));
#500=EDGE_LOOP('',(#2302,#2303,#2304,#2305));
#501=EDGE_LOOP('',(#2306,#2307,#2308,#2309,#2310,#2311));
#502=EDGE_LOOP('',(#2312,#2313,#2314,#2315));
#503=EDGE_LOOP('',(#2316,#2317,#2318,#2319));
#504=EDGE_LOOP('',(#2320,#2321,#2322,#2323));
#505=EDGE_LOOP('',(#2324,#2325,#2326,#2327));
#506=EDGE_LOOP('',(#2328,#2329,#2330,#2331));
#507=EDGE_LOOP('',(#2332,#2333,#2334,#2335));
#508=EDGE_LOOP('',(#2336,#2337,#2338,#2339));
#509=EDGE_LOOP('',(#2340,#2341,#2342,#2343));
#510=EDGE_LOOP('',(#2344,#2345,#2346,#2347));
#511=EDGE_LOOP('',(#2348,#2349,#2350,#2351));
#512=EDGE_LOOP('',(#2352,#2353,#2354,#2355));
#513=EDGE_LOOP('',(#2356,#2357,#2358,#2359));
#514=EDGE_LOOP('',(#2360,#2361,#2362,#2363,#2364,#2365,#2366,#2367,#2368,
#2369,#2370,#2371,#2372,#2373,#2374));
#515=EDGE_LOOP('',(#2375,#2376,#2377,#2378));
#516=EDGE_LOOP('',(#2379,#2380,#2381,#2382));
#517=EDGE_LOOP('',(#2383,#2384,#2385,#2386));
#518=EDGE_LOOP('',(#2387,#2388,#2389,#2390));
#519=EDGE_LOOP('',(#2391,#2392,#2393,#2394));
#520=EDGE_LOOP('',(#2395,#2396,#2397,#2398,#2399,#2400,#2401,#2402,#2403,
#2404,#2405,#2406,#2407,#2408));
#521=EDGE_LOOP('',(#2409,#2410,#2411,#2412));
#522=EDGE_LOOP('',(#2413,#2414,#2415,#2416));
#523=EDGE_LOOP('',(#2417,#2418,#2419,#2420));
#524=EDGE_LOOP('',(#2421,#2422,#2423,#2424));
#525=CIRCLE('',#2652,0.0700000000000001);
#526=CIRCLE('',#2653,0.0700000000000002);
#527=CIRCLE('',#2654,0.0699999999999996);
#528=CIRCLE('',#2655,0.0700000000000003);
#529=CIRCLE('',#2667,0.03);
#530=CIRCLE('',#2668,0.03);
#531=CIRCLE('',#2669,0.1);
#532=CIRCLE('',#2671,0.03);
#533=CIRCLE('',#2673,0.03);
#534=CIRCLE('',#2674,0.1);
#535=CIRCLE('',#2676,0.03);
#536=CIRCLE('',#2678,0.03);
#537=CIRCLE('',#2679,0.1);
#538=CIRCLE('',#2681,0.03);
#539=CIRCLE('',#2683,0.03);
#540=CIRCLE('',#2684,0.1);
#541=CIRCLE('',#2696,0.1);
#542=CIRCLE('',#2699,0.1);
#543=CIRCLE('',#2702,0.1);
#544=CIRCLE('',#2705,0.1);
#545=CIRCLE('',#2713,0.11);
#546=CIRCLE('',#2714,0.11);
#547=CIRCLE('',#2715,0.11);
#548=CIRCLE('',#2716,0.11);
#549=CIRCLE('',#2727,0.11);
#550=CIRCLE('',#2728,0.11);
#551=CIRCLE('',#2729,0.11);
#552=CIRCLE('',#2732,0.11);
#553=CIRCLE('',#2733,0.11);
#554=CIRCLE('',#2734,0.11);
#555=CIRCLE('',#2737,0.11);
#556=CIRCLE('',#2738,0.11);
#557=CIRCLE('',#2739,0.11);
#558=CIRCLE('',#2742,0.11);
#559=CIRCLE('',#2743,0.11);
#560=CIRCLE('',#2744,0.11);
#561=CIRCLE('',#2749,0.11);
#562=CIRCLE('',#2750,0.11);
#563=CIRCLE('',#2751,0.11);
#564=CIRCLE('',#2752,0.110000000000001);
#565=CIRCLE('',#2754,0.1);
#566=CIRCLE('',#2757,0.11);
#567=CIRCLE('',#2758,0.11);
#568=CIRCLE('',#2762,0.1);
#569=CIRCLE('',#2766,0.1);
#570=CIRCLE('',#2769,0.110000000000001);
#571=CIRCLE('',#2770,0.11);
#572=CIRCLE('',#2773,0.100000000000001);
#573=CIRCLE('',#2776,0.11);
#574=CIRCLE('',#2782,0.11);
#575=CIRCLE('',#2784,0.11);
#576=CIRCLE('',#2789,0.110000000000001);
#577=CIRCLE('',#2791,0.1);
#578=CIRCLE('',#2793,0.11);
#579=CIRCLE('',#2794,0.11);
#580=CIRCLE('',#2795,0.1);
#581=CIRCLE('',#2801,0.11);
#582=CIRCLE('',#2803,0.1);
#583=CIRCLE('',#2804,0.110000000000001);
#584=CIRCLE('',#2805,0.100000000000001);
#585=LINE('',#3366,#817);
#586=LINE('',#3370,#818);
#587=LINE('',#3374,#819);
#588=LINE('',#3378,#820);
#589=LINE('',#3430,#821);
#590=LINE('',#3432,#822);
#591=LINE('',#3434,#823);
#592=LINE('',#3498,#824);
#593=LINE('',#3500,#825);
#594=LINE('',#3502,#826);
#595=LINE('',#3536,#827);
#596=LINE('',#3538,#828);
#597=LINE('',#3540,#829);
#598=LINE('',#3542,#830);
#599=LINE('',#3544,#831);
#600=LINE('',#3546,#832);
#601=LINE('',#3548,#833);
#602=LINE('',#3549,#834);
#603=LINE('',#3620,#835);
#604=LINE('',#3726,#836);
#605=LINE('',#3881,#837);
#606=LINE('',#3882,#838);
#607=LINE('',#3883,#839);
#608=LINE('',#3886,#840);
#609=LINE('',#3887,#841);
#610=LINE('',#3890,#842);
#611=LINE('',#3891,#843);
#612=LINE('',#3894,#844);
#613=LINE('',#3895,#845);
#614=LINE('',#3898,#846);
#615=LINE('',#3899,#847);
#616=LINE('',#3902,#848);
#617=LINE('',#3903,#849);
#618=LINE('',#3906,#850);
#619=LINE('',#3907,#851);
#620=LINE('',#3909,#852);
#621=LINE('',#3957,#853);
#622=LINE('',#3958,#854);
#623=LINE('',#3993,#855);
#624=LINE('',#4028,#856);
#625=LINE('',#4063,#857);
#626=LINE('',#4110,#858);
#627=LINE('',#4113,#859);
#628=LINE('',#4114,#860);
#629=LINE('',#4161,#861);
#630=LINE('',#4208,#862);
#631=LINE('',#4243,#863);
#632=LINE('',#4278,#864);
#633=LINE('',#4313,#865);
#634=LINE('',#4336,#866);
#635=LINE('',#4383,#867);
#636=LINE('',#4418,#868);
#637=LINE('',#4421,#869);
#638=LINE('',#4422,#870);
#639=LINE('',#4481,#871);
#640=LINE('',#4622,#872);
#641=LINE('',#4623,#873);
#642=LINE('',#4706,#874);
#643=LINE('',#4789,#875);
#644=LINE('',#4880,#876);
#645=LINE('',#4888,#877);
#646=LINE('',#4896,#878);
#647=LINE('',#4902,#879);
#648=LINE('',#4950,#880);
#649=LINE('',#4951,#881);
#650=LINE('',#4998,#882);
#651=LINE('',#5057,#883);
#652=LINE('',#5074,#884);
#653=LINE('',#5077,#885);
#654=LINE('',#5078,#886);
#655=LINE('',#5081,#887);
#656=LINE('',#5082,#888);
#657=LINE('',#5085,#889);
#658=LINE('',#5086,#890);
#659=LINE('',#5221,#891);
#660=LINE('',#5222,#892);
#661=LINE('',#5291,#893);
#662=LINE('',#5326,#894);
#663=LINE('',#5385,#895);
#664=LINE('',#5388,#896);
#665=LINE('',#5389,#897);
#666=LINE('',#5392,#898);
#667=LINE('',#5393,#899);
#668=LINE('',#5395,#900);
#669=LINE('',#5399,#901);
#670=LINE('',#5401,#902);
#671=LINE('',#5402,#903);
#672=LINE('',#5507,#904);
#673=LINE('',#5510,#905);
#674=LINE('',#5513,#906);
#675=LINE('',#5514,#907);
#676=LINE('',#5517,#908);
#677=LINE('',#5521,#909);
#678=LINE('',#5522,#910);
#679=LINE('',#5525,#911);
#680=LINE('',#5529,#912);
#681=LINE('',#5530,#913);
#682=LINE('',#5533,#914);
#683=LINE('',#5536,#915);
#684=LINE('',#5621,#916);
#685=LINE('',#5623,#917);
#686=LINE('',#5664,#918);
#687=LINE('',#5667,#919);
#688=LINE('',#5669,#920);
#689=LINE('',#5784,#921);
#690=LINE('',#5787,#922);
#691=LINE('',#5789,#923);
#692=LINE('',#5790,#924);
#693=LINE('',#5793,#925);
#694=LINE('',#5794,#926);
#695=LINE('',#5796,#927);
#696=LINE('',#5844,#928);
#697=LINE('',#5869,#929);
#698=LINE('',#5917,#930);
#699=LINE('',#5972,#931);
#700=LINE('',#6011,#932);
#701=LINE('',#6097,#933);
#702=LINE('',#6101,#934);
#703=LINE('',#6105,#935);
#704=LINE('',#6108,#936);
#705=LINE('',#6148,#937);
#706=LINE('',#6169,#938);
#707=LINE('',#6209,#939);
#708=LINE('',#6268,#940);
#709=LINE('',#6347,#941);
#710=LINE('',#6349,#942);
#711=LINE('',#6350,#943);
#712=LINE('',#6353,#944);
#713=LINE('',#6354,#945);
#714=LINE('',#6357,#946);
#715=LINE('',#6358,#947);
#716=LINE('',#6398,#948);
#717=LINE('',#6477,#949);
#718=LINE('',#6479,#950);
#719=LINE('',#6480,#951);
#720=LINE('',#6483,#952);
#721=LINE('',#6484,#953);
#722=LINE('',#6487,#954);
#723=LINE('',#6488,#955);
#724=LINE('',#6528,#956);
#725=LINE('',#6579,#957);
#726=LINE('',#6632,#958);
#727=LINE('',#6634,#959);
#728=LINE('',#6635,#960);
#729=LINE('',#6639,#961);
#730=LINE('',#6642,#962);
#731=LINE('',#6646,#963);
#732=LINE('',#6650,#964);
#733=LINE('',#6651,#965);
#734=LINE('',#6655,#966);
#735=LINE('',#6659,#967);
#736=LINE('',#6662,#968);
#737=LINE('',#6666,#969);
#738=LINE('',#6667,#970);
#739=LINE('',#6673,#971);
#740=LINE('',#6676,#972);
#741=LINE('',#6679,#973);
#742=LINE('',#6682,#974);
#743=LINE('',#6683,#975);
#744=LINE('',#6689,#976);
#745=LINE('',#6693,#977);
#746=LINE('',#6699,#978);
#747=LINE('',#6703,#979);
#748=LINE('',#6705,#980);
#749=LINE('',#6707,#981);
#750=LINE('',#6709,#982);
#751=LINE('',#6712,#983);
#752=LINE('',#6714,#984);
#753=LINE('',#6718,#985);
#754=LINE('',#6720,#986);
#755=LINE('',#6722,#987);
#756=LINE('',#6725,#988);
#757=LINE('',#6728,#989);
#758=LINE('',#6731,#990);
#759=LINE('',#6734,#991);
#760=LINE('',#6736,#992);
#761=LINE('',#6737,#993);
#762=LINE('',#6740,#994);
#763=LINE('',#6744,#995);
#764=LINE('',#6747,#996);
#765=LINE('',#6750,#997);
#766=LINE('',#6752,#998);
#767=LINE('',#6753,#999);
#768=LINE('',#6756,#1000);
#769=LINE('',#6758,#1001);
#770=LINE('',#6760,#1002);
#771=LINE('',#6761,#1003);
#772=LINE('',#6765,#1004);
#773=LINE('',#6768,#1005);
#774=LINE('',#6770,#1006);
#775=LINE('',#6771,#1007);
#776=LINE('',#6774,#1008);
#777=LINE('',#6776,#1009);
#778=LINE('',#6778,#1010);
#779=LINE('',#6780,#1011);
#780=LINE('',#6781,#1012);
#781=LINE('',#6785,#1013);
#782=LINE('',#6788,#1014);
#783=LINE('',#6790,#1015);
#784=LINE('',#6791,#1016);
#785=LINE('',#6797,#1017);
#786=LINE('',#6799,#1018);
#787=LINE('',#6802,#1019);
#788=LINE('',#6804,#1020);
#789=LINE('',#6806,#1021);
#790=LINE('',#6807,#1022);
#791=LINE('',#6811,#1023);
#792=LINE('',#6814,#1024);
#793=LINE('',#6816,#1025);
#794=LINE('',#6817,#1026);
#795=LINE('',#6821,#1027);
#796=LINE('',#6824,#1028);
#797=LINE('',#6825,#1029);
#798=LINE('',#6828,#1030);
#799=LINE('',#6829,#1031);
#800=LINE('',#6832,#1032);
#801=LINE('',#6833,#1033);
#802=LINE('',#6836,#1034);
#803=LINE('',#6837,#1035);
#804=LINE('',#6843,#1036);
#805=LINE('',#6846,#1037);
#806=LINE('',#6847,#1038);
#807=LINE('',#6850,#1039);
#808=LINE('',#6851,#1040);
#809=LINE('',#6854,#1041);
#810=LINE('',#6855,#1042);
#811=LINE('',#6864,#1043);
#812=LINE('',#6868,#1044);
#813=LINE('',#6870,#1045);
#814=LINE('',#6875,#1046);
#815=LINE('',#6880,#1047);
#816=LINE('',#6885,#1048);
#817=VECTOR('',#2814,1000.);
#818=VECTOR('',#2817,1000.);
#819=VECTOR('',#2820,1000.);
#820=VECTOR('',#2823,1000.);
#821=VECTOR('',#2826,1000.);
#822=VECTOR('',#2827,1000.);
#823=VECTOR('',#2828,1000.);
#824=VECTOR('',#2829,1000.);
#825=VECTOR('',#2830,1000.);
#826=VECTOR('',#2831,1000.);
#827=VECTOR('',#2832,1000.);
#828=VECTOR('',#2833,1000.);
#829=VECTOR('',#2834,1000.);
#830=VECTOR('',#2835,1000.);
#831=VECTOR('',#2836,1000.);
#832=VECTOR('',#2837,1000.);
#833=VECTOR('',#2838,1000.);
#834=VECTOR('',#2839,1000.);
#835=VECTOR('',#2840,1000.);
#836=VECTOR('',#2841,1000.);
#837=VECTOR('',#2844,1000.);
#838=VECTOR('',#2845,1000.);
#839=VECTOR('',#2846,1000.);
#840=VECTOR('',#2849,1000.);
#841=VECTOR('',#2850,1000.);
#842=VECTOR('',#2853,1000.);
#843=VECTOR('',#2854,1000.);
#844=VECTOR('',#2857,1000.);
#845=VECTOR('',#2858,1000.);
#846=VECTOR('',#2861,1000.);
#847=VECTOR('',#2862,1000.);
#848=VECTOR('',#2865,1000.);
#849=VECTOR('',#2866,1000.);
#850=VECTOR('',#2869,1000.);
#851=VECTOR('',#2870,1000.);
#852=VECTOR('',#2873,1000.);
#853=VECTOR('',#2874,1000.);
#854=VECTOR('',#2875,1000.);
#855=VECTOR('',#2876,1000.);
#856=VECTOR('',#2877,1000.);
#857=VECTOR('',#2878,1000.);
#858=VECTOR('',#2879,1000.);
#859=VECTOR('',#2882,1000.);
#860=VECTOR('',#2883,1000.);
#861=VECTOR('',#2884,1000.);
#862=VECTOR('',#2885,1000.);
#863=VECTOR('',#2886,1000.);
#864=VECTOR('',#2887,1000.);
#865=VECTOR('',#2888,1000.);
#866=VECTOR('',#2889,1000.);
#867=VECTOR('',#2890,1000.);
#868=VECTOR('',#2891,1000.);
#869=VECTOR('',#2894,1000.);
#870=VECTOR('',#2895,1000.);
#871=VECTOR('',#2896,1000.);
#872=VECTOR('',#2897,1000.);
#873=VECTOR('',#2898,1000.);
#874=VECTOR('',#2899,1000.);
#875=VECTOR('',#2900,1000.);
#876=VECTOR('',#2913,1000.);
#877=VECTOR('',#2924,1000.);
#878=VECTOR('',#2935,1000.);
#879=VECTOR('',#2944,1000.);
#880=VECTOR('',#2945,1000.);
#881=VECTOR('',#2946,1000.);
#882=VECTOR('',#2947,1000.);
#883=VECTOR('',#2948,1000.);
#884=VECTOR('',#2949,1000.);
#885=VECTOR('',#2952,1000.);
#886=VECTOR('',#2953,1000.);
#887=VECTOR('',#2956,1000.);
#888=VECTOR('',#2957,1000.);
#889=VECTOR('',#2960,1000.);
#890=VECTOR('',#2961,1000.);
#891=VECTOR('',#2962,1000.);
#892=VECTOR('',#2963,1000.);
#893=VECTOR('',#2964,1000.);
#894=VECTOR('',#2965,1000.);
#895=VECTOR('',#2966,1000.);
#896=VECTOR('',#2969,1000.);
#897=VECTOR('',#2970,1000.);
#898=VECTOR('',#2973,1000.);
#899=VECTOR('',#2974,1000.);
#900=VECTOR('',#2977,1000.);
#901=VECTOR('',#2980,1000.);
#902=VECTOR('',#2981,1000.);
#903=VECTOR('',#2982,1000.);
#904=VECTOR('',#2989,1000.);
#905=VECTOR('',#2992,1000.);
#906=VECTOR('',#2995,1000.);
#907=VECTOR('',#2996,1000.);
#908=VECTOR('',#2999,1000.);
#909=VECTOR('',#3004,1000.);
#910=VECTOR('',#3005,1000.);
#911=VECTOR('',#3008,1000.);
#912=VECTOR('',#3013,1000.);
#913=VECTOR('',#3014,1000.);
#914=VECTOR('',#3017,1000.);
#915=VECTOR('',#3022,1000.);
#916=VECTOR('',#3027,1000.);
#917=VECTOR('',#3028,1000.);
#918=VECTOR('',#3029,1000.);
#919=VECTOR('',#3030,1000.);
#920=VECTOR('',#3031,1000.);
#921=VECTOR('',#3032,1000.);
#922=VECTOR('',#3035,1000.);
#923=VECTOR('',#3036,1000.);
#924=VECTOR('',#3037,1000.);
#925=VECTOR('',#3040,1000.);
#926=VECTOR('',#3041,1000.);
#927=VECTOR('',#3044,1000.);
#928=VECTOR('',#3045,1000.);
#929=VECTOR('',#3046,1000.);
#930=VECTOR('',#3047,1000.);
#931=VECTOR('',#3048,1000.);
#932=VECTOR('',#3049,1000.);
#933=VECTOR('',#3054,1000.);
#934=VECTOR('',#3057,1000.);
#935=VECTOR('',#3060,1000.);
#936=VECTOR('',#3063,1000.);
#937=VECTOR('',#3064,1000.);
#938=VECTOR('',#3065,1000.);
#939=VECTOR('',#3066,1000.);
#940=VECTOR('',#3067,1000.);
#941=VECTOR('',#3070,1000.);
#942=VECTOR('',#3071,1000.);
#943=VECTOR('',#3072,1000.);
#944=VECTOR('',#3075,1000.);
#945=VECTOR('',#3076,1000.);
#946=VECTOR('',#3079,1000.);
#947=VECTOR('',#3080,1000.);
#948=VECTOR('',#3081,1000.);
#949=VECTOR('',#3084,1000.);
#950=VECTOR('',#3085,1000.);
#951=VECTOR('',#3086,1000.);
#952=VECTOR('',#3089,1000.);
#953=VECTOR('',#3090,1000.);
#954=VECTOR('',#3093,1000.);
#955=VECTOR('',#3094,1000.);
#956=VECTOR('',#3095,1000.);
#957=VECTOR('',#3096,1000.);
#958=VECTOR('',#3103,1000.);
#959=VECTOR('',#3104,1000.);
#960=VECTOR('',#3105,1000.);
#961=VECTOR('',#3108,1000.);
#962=VECTOR('',#3111,1000.);
#963=VECTOR('',#3114,1000.);
#964=VECTOR('',#3119,1000.);
#965=VECTOR('',#3120,1000.);
#966=VECTOR('',#3123,1000.);
#967=VECTOR('',#3126,1000.);
#968=VECTOR('',#3129,1000.);
#969=VECTOR('',#3134,1000.);
#970=VECTOR('',#3135,1000.);
#971=VECTOR('',#3140,1000.);
#972=VECTOR('',#3143,1000.);
#973=VECTOR('',#3146,1000.);
#974=VECTOR('',#3149,1000.);
#975=VECTOR('',#3150,1000.);
#976=VECTOR('',#3155,1000.);
#977=VECTOR('',#3160,1000.);
#978=VECTOR('',#3169,1000.);
#979=VECTOR('',#3172,1000.);
#980=VECTOR('',#3173,1000.);
#981=VECTOR('',#3174,1000.);
#982=VECTOR('',#3175,1000.);
#983=VECTOR('',#3178,1000.);
#984=VECTOR('',#3179,1000.);
#985=VECTOR('',#3182,1000.);
#986=VECTOR('',#3183,1000.);
#987=VECTOR('',#3184,1000.);
#988=VECTOR('',#3187,1000.);
#989=VECTOR('',#3190,1000.);
#990=VECTOR('',#3193,1000.);
#991=VECTOR('',#3196,1000.);
#992=VECTOR('',#3197,1000.);
#993=VECTOR('',#3198,1000.);
#994=VECTOR('',#3201,1000.);
#995=VECTOR('',#3204,1000.);
#996=VECTOR('',#3207,1000.);
#997=VECTOR('',#3210,1000.);
#998=VECTOR('',#3211,1000.);
#999=VECTOR('',#3212,1000.);
#1000=VECTOR('',#3215,1000.);
#1001=VECTOR('',#3216,1000.);
#1002=VECTOR('',#3217,1000.);
#1003=VECTOR('',#3218,1000.);
#1004=VECTOR('',#3223,1000.);
#1005=VECTOR('',#3226,1000.);
#1006=VECTOR('',#3227,1000.);
#1007=VECTOR('',#3228,1000.);
#1008=VECTOR('',#3231,1000.);
#1009=VECTOR('',#3232,1000.);
#1010=VECTOR('',#3233,1000.);
#1011=VECTOR('',#3234,1000.);
#1012=VECTOR('',#3235,1000.);
#1013=VECTOR('',#3240,1000.);
#1014=VECTOR('',#3243,1000.);
#1015=VECTOR('',#3244,1000.);
#1016=VECTOR('',#3245,1000.);
#1017=VECTOR('',#3250,1000.);
#1018=VECTOR('',#3253,1000.);
#1019=VECTOR('',#3256,1000.);
#1020=VECTOR('',#3257,1000.);
#1021=VECTOR('',#3258,1000.);
#1022=VECTOR('',#3259,1000.);
#1023=VECTOR('',#3264,1000.);
#1024=VECTOR('',#3267,1000.);
#1025=VECTOR('',#3268,1000.);
#1026=VECTOR('',#3269,1000.);
#1027=VECTOR('',#3274,1000.);
#1028=VECTOR('',#3277,1000.);
#1029=VECTOR('',#3278,1000.);
#1030=VECTOR('',#3281,1000.);
#1031=VECTOR('',#3282,1000.);
#1032=VECTOR('',#3285,1000.);
#1033=VECTOR('',#3286,1000.);
#1034=VECTOR('',#3289,1000.);
#1035=VECTOR('',#3290,1000.);
#1036=VECTOR('',#3299,1000.);
#1037=VECTOR('',#3302,1000.);
#1038=VECTOR('',#3303,1000.);
#1039=VECTOR('',#3306,1000.);
#1040=VECTOR('',#3307,1000.);
#1041=VECTOR('',#3310,1000.);
#1042=VECTOR('',#3311,1000.);
#1043=VECTOR('',#3324,1000.);
#1044=VECTOR('',#3331,1000.);
#1045=VECTOR('',#3334,1000.);
#1046=VECTOR('',#3341,1000.);
#1047=VECTOR('',#3348,1000.);
#1048=VECTOR('',#3357,1000.);
#1049=VERTEX_POINT('',#3364);
#1050=VERTEX_POINT('',#3365);
#1051=VERTEX_POINT('',#3367);
#1052=VERTEX_POINT('',#3369);
#1053=VERTEX_POINT('',#3371);
#1054=VERTEX_POINT('',#3373);
#1055=VERTEX_POINT('',#3375);
#1056=VERTEX_POINT('',#3377);
#1057=VERTEX_POINT('',#3380);
#1058=VERTEX_POINT('',#3381);
#1059=VERTEX_POINT('',#3397);
#1060=VERTEX_POINT('',#3413);
#1061=VERTEX_POINT('',#3429);
#1062=VERTEX_POINT('',#3431);
#1063=VERTEX_POINT('',#3433);
#1064=VERTEX_POINT('',#3435);
#1065=VERTEX_POINT('',#3460);
#1066=VERTEX_POINT('',#3461);
#1067=VERTEX_POINT('',#3477);
#1068=VERTEX_POINT('',#3497);
#1069=VERTEX_POINT('',#3499);
#1070=VERTEX_POINT('',#3501);
#1071=VERTEX_POINT('',#3503);
#1072=VERTEX_POINT('',#3534);
#1073=VERTEX_POINT('',#3535);
#1074=VERTEX_POINT('',#3537);
#1075=VERTEX_POINT('',#3539);
#1076=VERTEX_POINT('',#3541);
#1077=VERTEX_POINT('',#3543);
#1078=VERTEX_POINT('',#3545);
#1079=VERTEX_POINT('',#3547);
#1080=VERTEX_POINT('',#3550);
#1081=VERTEX_POINT('',#3551);
#1082=VERTEX_POINT('',#3563);
#1083=VERTEX_POINT('',#3579);
#1084=VERTEX_POINT('',#3599);
#1085=VERTEX_POINT('',#3619);
#1086=VERTEX_POINT('',#3621);
#1087=VERTEX_POINT('',#3633);
#1088=VERTEX_POINT('',#3649);
#1089=VERTEX_POINT('',#3657);
#1090=VERTEX_POINT('',#3669);
#1091=VERTEX_POINT('',#3681);
#1092=VERTEX_POINT('',#3693);
#1093=VERTEX_POINT('',#3709);
#1094=VERTEX_POINT('',#3725);
#1095=VERTEX_POINT('',#3727);
#1096=VERTEX_POINT('',#3743);
#1097=VERTEX_POINT('',#3766);
#1098=VERTEX_POINT('',#3767);
#1099=VERTEX_POINT('',#3795);
#1100=VERTEX_POINT('',#3823);
#1101=VERTEX_POINT('',#3879);
#1102=VERTEX_POINT('',#3880);
#1103=VERTEX_POINT('',#3885);
#1104=VERTEX_POINT('',#3889);
#1105=VERTEX_POINT('',#3893);
#1106=VERTEX_POINT('',#3897);
#1107=VERTEX_POINT('',#3901);
#1108=VERTEX_POINT('',#3905);
#1109=VERTEX_POINT('',#3940);
#1110=VERTEX_POINT('',#3941);
#1111=VERTEX_POINT('',#3981);
#1112=VERTEX_POINT('',#4016);
#1113=VERTEX_POINT('',#4051);
#1114=VERTEX_POINT('',#4094);
#1115=VERTEX_POINT('',#4112);
#1116=VERTEX_POINT('',#4145);
#1117=VERTEX_POINT('',#4192);
#1118=VERTEX_POINT('',#4231);
#1119=VERTEX_POINT('',#4266);
#1120=VERTEX_POINT('',#4301);
#1121=VERTEX_POINT('',#4328);
#1122=VERTEX_POINT('',#4367);
#1123=VERTEX_POINT('',#4406);
#1124=VERTEX_POINT('',#4420);
#1125=VERTEX_POINT('',#4461);
#1126=VERTEX_POINT('',#4593);
#1127=VERTEX_POINT('',#4594);
#1128=VERTEX_POINT('',#4678);
#1129=VERTEX_POINT('',#4761);
#1130=VERTEX_POINT('',#4872);
#1131=VERTEX_POINT('',#4874);
#1132=VERTEX_POINT('',#4878);
#1133=VERTEX_POINT('',#4882);
#1134=VERTEX_POINT('',#4886);
#1135=VERTEX_POINT('',#4890);
#1136=VERTEX_POINT('',#4894);
#1137=VERTEX_POINT('',#4898);
#1138=VERTEX_POINT('',#4933);
#1139=VERTEX_POINT('',#4934);
#1140=VERTEX_POINT('',#4982);
#1141=VERTEX_POINT('',#5037);
#1142=VERTEX_POINT('',#5068);
#1143=VERTEX_POINT('',#5076);
#1144=VERTEX_POINT('',#5080);
#1145=VERTEX_POINT('',#5084);
#1146=VERTEX_POINT('',#5170);
#1147=VERTEX_POINT('',#5171);
#1148=VERTEX_POINT('',#5253);
#1149=VERTEX_POINT('',#5314);
#1150=VERTEX_POINT('',#5365);
#1151=VERTEX_POINT('',#5387);
#1152=VERTEX_POINT('',#5391);
#1153=VERTEX_POINT('',#5397);
#1154=VERTEX_POINT('',#5398);
#1155=VERTEX_POINT('',#5400);
#1156=VERTEX_POINT('',#5405);
#1157=VERTEX_POINT('',#5406);
#1158=VERTEX_POINT('',#5430);
#1159=VERTEX_POINT('',#5454);
#1160=VERTEX_POINT('',#5478);
#1161=VERTEX_POINT('',#5506);
#1162=VERTEX_POINT('',#5508);
#1163=VERTEX_POINT('',#5512);
#1164=VERTEX_POINT('',#5516);
#1165=VERTEX_POINT('',#5520);
#1166=VERTEX_POINT('',#5524);
#1167=VERTEX_POINT('',#5528);
#1168=VERTEX_POINT('',#5532);
#1169=VERTEX_POINT('',#5538);
#1170=VERTEX_POINT('',#5539);
#1171=VERTEX_POINT('',#5559);
#1172=VERTEX_POINT('',#5579);
#1173=VERTEX_POINT('',#5619);
#1174=VERTEX_POINT('',#5620);
#1175=VERTEX_POINT('',#5622);
#1176=VERTEX_POINT('',#5624);
#1177=VERTEX_POINT('',#5644);
#1178=VERTEX_POINT('',#5665);
#1179=VERTEX_POINT('',#5666);
#1180=VERTEX_POINT('',#5668);
#1181=VERTEX_POINT('',#5670);
#1182=VERTEX_POINT('',#5696);
#1183=VERTEX_POINT('',#5734);
#1184=VERTEX_POINT('',#5786);
#1185=VERTEX_POINT('',#5788);
#1186=VERTEX_POINT('',#5792);
#1187=VERTEX_POINT('',#5843);
#1188=VERTEX_POINT('',#5845);
#1189=VERTEX_POINT('',#5916);
#1190=VERTEX_POINT('',#5971);
#1191=VERTEX_POINT('',#6010);
#1192=VERTEX_POINT('',#6093);
#1193=VERTEX_POINT('',#6094);
#1194=VERTEX_POINT('',#6096);
#1195=VERTEX_POINT('',#6098);
#1196=VERTEX_POINT('',#6100);
#1197=VERTEX_POINT('',#6102);
#1198=VERTEX_POINT('',#6104);
#1199=VERTEX_POINT('',#6106);
#1200=VERTEX_POINT('',#6147);
#1201=VERTEX_POINT('',#6149);
#1202=VERTEX_POINT('',#6208);
#1203=VERTEX_POINT('',#6267);
#1204=VERTEX_POINT('',#6346);
#1205=VERTEX_POINT('',#6348);
#1206=VERTEX_POINT('',#6352);
#1207=VERTEX_POINT('',#6356);
#1208=VERTEX_POINT('',#6397);
#1209=VERTEX_POINT('',#6476);
#1210=VERTEX_POINT('',#6478);
#1211=VERTEX_POINT('',#6482);
#1212=VERTEX_POINT('',#6486);
#1213=VERTEX_POINT('',#6527);
#1214=VERTEX_POINT('',#6578);
#1215=VERTEX_POINT('',#6631);
#1216=VERTEX_POINT('',#6633);
#1217=VERTEX_POINT('',#6637);
#1218=VERTEX_POINT('',#6638);
#1219=VERTEX_POINT('',#6641);
#1220=VERTEX_POINT('',#6643);
#1221=VERTEX_POINT('',#6645);
#1222=VERTEX_POINT('',#6649);
#1223=VERTEX_POINT('',#6653);
#1224=VERTEX_POINT('',#6654);
#1225=VERTEX_POINT('',#6656);
#1226=VERTEX_POINT('',#6658);
#1227=VERTEX_POINT('',#6661);
#1228=VERTEX_POINT('',#6665);
#1229=VERTEX_POINT('',#6669);
#1230=VERTEX_POINT('',#6670);
#1231=VERTEX_POINT('',#6672);
#1232=VERTEX_POINT('',#6675);
#1233=VERTEX_POINT('',#6677);
#1234=VERTEX_POINT('',#6681);
#1235=VERTEX_POINT('',#6685);
#1236=VERTEX_POINT('',#6686);
#1237=VERTEX_POINT('',#6688);
#1238=VERTEX_POINT('',#6691);
#1239=VERTEX_POINT('',#6698);
#1240=VERTEX_POINT('',#6700);
#1241=VERTEX_POINT('',#6702);
#1242=VERTEX_POINT('',#6704);
#1243=VERTEX_POINT('',#6706);
#1244=VERTEX_POINT('',#6708);
#1245=VERTEX_POINT('',#6710);
#1246=VERTEX_POINT('',#6713);
#1247=VERTEX_POINT('',#6715);
#1248=VERTEX_POINT('',#6717);
#1249=VERTEX_POINT('',#6719);
#1250=VERTEX_POINT('',#6721);
#1251=VERTEX_POINT('',#6723);
#1252=VERTEX_POINT('',#6727);
#1253=VERTEX_POINT('',#6729);
#1254=VERTEX_POINT('',#6733);
#1255=VERTEX_POINT('',#6735);
#1256=VERTEX_POINT('',#6739);
#1257=VERTEX_POINT('',#6741);
#1258=VERTEX_POINT('',#6743);
#1259=VERTEX_POINT('',#6745);
#1260=VERTEX_POINT('',#6749);
#1261=VERTEX_POINT('',#6751);
#1262=VERTEX_POINT('',#6755);
#1263=VERTEX_POINT('',#6757);
#1264=VERTEX_POINT('',#6759);
#1265=VERTEX_POINT('',#6763);
#1266=VERTEX_POINT('',#6767);
#1267=VERTEX_POINT('',#6769);
#1268=VERTEX_POINT('',#6773);
#1269=VERTEX_POINT('',#6775);
#1270=VERTEX_POINT('',#6777);
#1271=VERTEX_POINT('',#6779);
#1272=VERTEX_POINT('',#6783);
#1273=VERTEX_POINT('',#6787);
#1274=VERTEX_POINT('',#6789);
#1275=VERTEX_POINT('',#6793);
#1276=VERTEX_POINT('',#6794);
#1277=VERTEX_POINT('',#6796);
#1278=VERTEX_POINT('',#6801);
#1279=VERTEX_POINT('',#6803);
#1280=VERTEX_POINT('',#6805);
#1281=VERTEX_POINT('',#6809);
#1282=VERTEX_POINT('',#6813);
#1283=VERTEX_POINT('',#6815);
#1284=VERTEX_POINT('',#6819);
#1285=VERTEX_POINT('',#6823);
#1286=VERTEX_POINT('',#6827);
#1287=VERTEX_POINT('',#6831);
#1288=VERTEX_POINT('',#6835);
#1289=VERTEX_POINT('',#6841);
#1290=VERTEX_POINT('',#6845);
#1291=VERTEX_POINT('',#6849);
#1292=VERTEX_POINT('',#6853);
#1293=VERTEX_POINT('',#6861);
#1294=VERTEX_POINT('',#6863);
#1295=VERTEX_POINT('',#6874);
#1296=VERTEX_POINT('',#6879);
#1297=EDGE_CURVE('',#1049,#1050,#585,.T.);
#1298=EDGE_CURVE('',#1050,#1051,#525,.T.);
#1299=EDGE_CURVE('',#1051,#1052,#586,.T.);
#1300=EDGE_CURVE('',#1052,#1053,#526,.T.);
#1301=EDGE_CURVE('',#1053,#1054,#587,.T.);
#1302=EDGE_CURVE('',#1054,#1055,#527,.T.);
#1303=EDGE_CURVE('',#1055,#1056,#588,.T.);
#1304=EDGE_CURVE('',#1056,#1049,#528,.T.);
#1305=EDGE_CURVE('',#1057,#1058,#148,.T.);
#1306=EDGE_CURVE('',#1058,#1059,#149,.T.);
#1307=EDGE_CURVE('',#1059,#1060,#150,.T.);
#1308=EDGE_CURVE('',#1060,#1061,#589,.T.);
#1309=EDGE_CURVE('',#1061,#1062,#590,.T.);
#1310=EDGE_CURVE('',#1062,#1063,#591,.T.);
#1311=EDGE_CURVE('',#1063,#1064,#151,.T.);
#1312=EDGE_CURVE('',#1064,#1057,#152,.T.);
#1313=EDGE_CURVE('',#1065,#1066,#153,.T.);
#1314=EDGE_CURVE('',#1066,#1067,#154,.T.);
#1315=EDGE_CURVE('',#1067,#1068,#592,.T.);
#1316=EDGE_CURVE('',#1068,#1069,#593,.T.);
#1317=EDGE_CURVE('',#1069,#1070,#594,.T.);
#1318=EDGE_CURVE('',#1070,#1071,#155,.T.);
#1319=EDGE_CURVE('',#1071,#1065,#156,.T.);
#1320=EDGE_CURVE('',#1072,#1073,#595,.T.);
#1321=EDGE_CURVE('',#1073,#1074,#596,.T.);
#1322=EDGE_CURVE('',#1074,#1075,#597,.T.);
#1323=EDGE_CURVE('',#1075,#1076,#598,.T.);
#1324=EDGE_CURVE('',#1076,#1077,#599,.T.);
#1325=EDGE_CURVE('',#1077,#1078,#600,.T.);
#1326=EDGE_CURVE('',#1078,#1079,#601,.T.);
#1327=EDGE_CURVE('',#1079,#1072,#602,.T.);
#1328=EDGE_CURVE('',#1080,#1081,#157,.T.);
#1329=EDGE_CURVE('',#1081,#1082,#158,.T.);
#1330=EDGE_CURVE('',#1082,#1083,#159,.T.);
#1331=EDGE_CURVE('',#1083,#1084,#160,.T.);
#1332=EDGE_CURVE('',#1084,#1085,#603,.T.);
#1333=EDGE_CURVE('',#1085,#1086,#161,.T.);
#1334=EDGE_CURVE('',#1086,#1087,#162,.T.);
#1335=EDGE_CURVE('',#1087,#1088,#163,.T.);
#1336=EDGE_CURVE('',#1088,#1089,#164,.T.);
#1337=EDGE_CURVE('',#1089,#1090,#165,.T.);
#1338=EDGE_CURVE('',#1090,#1091,#166,.T.);
#1339=EDGE_CURVE('',#1091,#1092,#167,.T.);
#1340=EDGE_CURVE('',#1092,#1093,#168,.T.);
#1341=EDGE_CURVE('',#1093,#1094,#604,.T.);
#1342=EDGE_CURVE('',#1094,#1095,#169,.T.);
#1343=EDGE_CURVE('',#1095,#1096,#170,.T.);
#1344=EDGE_CURVE('',#1096,#1080,#171,.T.);
#1345=EDGE_CURVE('',#1097,#1098,#172,.T.);
#1346=EDGE_CURVE('',#1098,#1099,#173,.T.);
#1347=EDGE_CURVE('',#1099,#1100,#174,.T.);
#1348=EDGE_CURVE('',#1100,#1097,#175,.T.);
#1349=EDGE_CURVE('',#1101,#1102,#605,.T.);
#1350=EDGE_CURVE('',#1102,#1074,#606,.T.);
#1351=EDGE_CURVE('',#1073,#1101,#607,.T.);
#1352=EDGE_CURVE('',#1103,#1101,#608,.T.);
#1353=EDGE_CURVE('',#1072,#1103,#609,.T.);
#1354=EDGE_CURVE('',#1104,#1103,#610,.T.);
#1355=EDGE_CURVE('',#1079,#1104,#611,.T.);
#1356=EDGE_CURVE('',#1105,#1104,#612,.T.);
#1357=EDGE_CURVE('',#1078,#1105,#613,.T.);
#1358=EDGE_CURVE('',#1106,#1105,#614,.T.);
#1359=EDGE_CURVE('',#1077,#1106,#615,.T.);
#1360=EDGE_CURVE('',#1107,#1106,#616,.T.);
#1361=EDGE_CURVE('',#1076,#1107,#617,.T.);
#1362=EDGE_CURVE('',#1108,#1107,#618,.T.);
#1363=EDGE_CURVE('',#1075,#1108,#619,.T.);
#1364=EDGE_CURVE('',#1102,#1108,#620,.T.);
#1365=EDGE_CURVE('',#1109,#1110,#176,.T.);
#1366=EDGE_CURVE('',#1110,#1082,#621,.T.);
#1367=EDGE_CURVE('',#1081,#1109,#622,.T.);
#1368=EDGE_CURVE('',#1111,#1109,#177,.T.);
#1369=EDGE_CURVE('',#1080,#1111,#623,.T.);
#1370=EDGE_CURVE('',#1112,#1111,#178,.T.);
#1371=EDGE_CURVE('',#1096,#1112,#624,.T.);
#1372=EDGE_CURVE('',#1113,#1112,#179,.T.);
#1373=EDGE_CURVE('',#1095,#1113,#625,.T.);
#1374=EDGE_CURVE('',#1114,#1113,#180,.T.);
#1375=EDGE_CURVE('',#1094,#1114,#626,.T.);
#1376=EDGE_CURVE('',#1115,#1114,#627,.T.);
#1377=EDGE_CURVE('',#1093,#1115,#628,.T.);
#1378=EDGE_CURVE('',#1116,#1115,#181,.T.);
#1379=EDGE_CURVE('',#1092,#1116,#629,.T.);
#1380=EDGE_CURVE('',#1117,#1116,#182,.T.);
#1381=EDGE_CURVE('',#1091,#1117,#630,.T.);
#1382=EDGE_CURVE('',#1118,#1117,#183,.T.);
#1383=EDGE_CURVE('',#1090,#1118,#631,.T.);
#1384=EDGE_CURVE('',#1119,#1118,#184,.T.);
#1385=EDGE_CURVE('',#1089,#1119,#632,.T.);
#1386=EDGE_CURVE('',#1120,#1119,#185,.T.);
#1387=EDGE_CURVE('',#1088,#1120,#633,.T.);
#1388=EDGE_CURVE('',#1121,#1120,#186,.T.);
#1389=EDGE_CURVE('',#1087,#1121,#634,.T.);
#1390=EDGE_CURVE('',#1122,#1121,#187,.T.);
#1391=EDGE_CURVE('',#1086,#1122,#635,.T.);
#1392=EDGE_CURVE('',#1123,#1122,#188,.T.);
#1393=EDGE_CURVE('',#1085,#1123,#636,.T.);
#1394=EDGE_CURVE('',#1124,#1123,#637,.T.);
#1395=EDGE_CURVE('',#1084,#1124,#638,.T.);
#1396=EDGE_CURVE('',#1125,#1124,#189,.T.);
#1397=EDGE_CURVE('',#1083,#1125,#639,.T.);
#1398=EDGE_CURVE('',#1110,#1125,#190,.T.);
#1399=EDGE_CURVE('',#1126,#1127,#191,.T.);
#1400=EDGE_CURVE('',#1127,#1099,#640,.T.);
#1401=EDGE_CURVE('',#1098,#1126,#641,.T.);
#1402=EDGE_CURVE('',#1128,#1126,#192,.T.);
#1403=EDGE_CURVE('',#1097,#1128,#642,.T.);
#1404=EDGE_CURVE('',#1129,#1128,#193,.T.);
#1405=EDGE_CURVE('',#1100,#1129,#643,.T.);
#1406=EDGE_CURVE('',#1127,#1129,#194,.T.);
#1407=EDGE_CURVE('',#1130,#1051,#529,.T.);
#1408=EDGE_CURVE('',#1050,#1131,#530,.T.);
#1409=EDGE_CURVE('',#1131,#1130,#531,.T.);
#1410=EDGE_CURVE('',#1049,#1132,#532,.T.);
#1411=EDGE_CURVE('',#1132,#1131,#644,.T.);
#1412=EDGE_CURVE('',#1056,#1133,#533,.T.);
#1413=EDGE_CURVE('',#1133,#1132,#534,.T.);
#1414=EDGE_CURVE('',#1055,#1134,#535,.T.);
#1415=EDGE_CURVE('',#1134,#1133,#645,.T.);
#1416=EDGE_CURVE('',#1054,#1135,#536,.T.);
#1417=EDGE_CURVE('',#1135,#1134,#537,.T.);
#1418=EDGE_CURVE('',#1053,#1136,#538,.T.);
#1419=EDGE_CURVE('',#1136,#1135,#646,.T.);
#1420=EDGE_CURVE('',#1052,#1137,#539,.T.);
#1421=EDGE_CURVE('',#1137,#1136,#540,.T.);
#1422=EDGE_CURVE('',#1130,#1137,#647,.T.);
#1423=EDGE_CURVE('',#1138,#1139,#195,.T.);
#1424=EDGE_CURVE('',#1139,#1059,#648,.T.);
#1425=EDGE_CURVE('',#1058,#1138,#649,.T.);
#1426=EDGE_CURVE('',#1140,#1138,#196,.T.);
#1427=EDGE_CURVE('',#1057,#1140,#650,.T.);
#1428=EDGE_CURVE('',#1141,#1140,#197,.T.);
#1429=EDGE_CURVE('',#1064,#1141,#651,.T.);
#1430=EDGE_CURVE('',#1142,#1141,#198,.T.);
#1431=EDGE_CURVE('',#1063,#1142,#652,.T.);
#1432=EDGE_CURVE('',#1143,#1142,#653,.T.);
#1433=EDGE_CURVE('',#1062,#1143,#654,.T.);
#1434=EDGE_CURVE('',#1144,#1143,#655,.T.);
#1435=EDGE_CURVE('',#1061,#1144,#656,.T.);
#1436=EDGE_CURVE('',#1145,#1144,#657,.T.);
#1437=EDGE_CURVE('',#1060,#1145,#658,.T.);
#1438=EDGE_CURVE('',#1139,#1145,#199,.T.);
#1439=EDGE_CURVE('',#1146,#1147,#200,.T.);
#1440=EDGE_CURVE('',#1147,#1067,#659,.T.);
#1441=EDGE_CURVE('',#1066,#1146,#660,.T.);
#1442=EDGE_CURVE('',#1148,#1146,#201,.T.);
#1443=EDGE_CURVE('',#1065,#1148,#661,.T.);
#1444=EDGE_CURVE('',#1149,#1148,#202,.T.);
#1445=EDGE_CURVE('',#1071,#1149,#662,.T.);
#1446=EDGE_CURVE('',#1150,#1149,#203,.T.);
#1447=EDGE_CURVE('',#1070,#1150,#663,.T.);
#1448=EDGE_CURVE('',#1151,#1150,#664,.T.);
#1449=EDGE_CURVE('',#1069,#1151,#665,.T.);
#1450=EDGE_CURVE('',#1152,#1151,#666,.T.);
#1451=EDGE_CURVE('',#1068,#1152,#667,.T.);
#1452=EDGE_CURVE('',#1147,#1152,#668,.T.);
#1453=EDGE_CURVE('',#1153,#1154,#669,.T.);
#1454=EDGE_CURVE('',#1154,#1155,#670,.T.);
#1455=EDGE_CURVE('',#1155,#1153,#671,.T.);
#1456=EDGE_CURVE('',#1156,#1157,#204,.T.);
#1457=EDGE_CURVE('',#1157,#1158,#205,.T.);
#1458=EDGE_CURVE('',#1158,#1159,#206,.T.);
#1459=EDGE_CURVE('',#1159,#1160,#207,.T.);
#1460=EDGE_CURVE('',#1160,#1156,#208,.T.);
#1461=EDGE_CURVE('',#1131,#1161,#672,.T.);
#1462=EDGE_CURVE('',#1162,#1161,#541,.T.);
#1463=EDGE_CURVE('',#1162,#1130,#673,.T.);
#1464=EDGE_CURVE('',#1163,#1132,#674,.T.);
#1465=EDGE_CURVE('',#1161,#1163,#675,.T.);
#1466=EDGE_CURVE('',#1133,#1164,#676,.T.);
#1467=EDGE_CURVE('',#1164,#1163,#542,.T.);
#1468=EDGE_CURVE('',#1165,#1134,#677,.T.);
#1469=EDGE_CURVE('',#1164,#1165,#678,.T.);
#1470=EDGE_CURVE('',#1135,#1166,#679,.T.);
#1471=EDGE_CURVE('',#1166,#1165,#543,.T.);
#1472=EDGE_CURVE('',#1167,#1136,#680,.T.);
#1473=EDGE_CURVE('',#1166,#1167,#681,.T.);
#1474=EDGE_CURVE('',#1137,#1168,#682,.T.);
#1475=EDGE_CURVE('',#1168,#1167,#544,.T.);
#1476=EDGE_CURVE('',#1168,#1162,#683,.T.);
#1477=EDGE_CURVE('',#1169,#1170,#209,.T.);
#1478=EDGE_CURVE('',#1170,#1171,#210,.T.);
#1479=EDGE_CURVE('',#1171,#1172,#211,.T.);
#1480=EDGE_CURVE('',#1172,#1169,#212,.T.);
#1481=EDGE_CURVE('',#1173,#1174,#684,.T.);
#1482=EDGE_CURVE('',#1174,#1175,#685,.T.);
#1483=EDGE_CURVE('',#1175,#1176,#213,.T.);
#1484=EDGE_CURVE('',#1176,#1177,#214,.T.);
#1485=EDGE_CURVE('',#1177,#1173,#686,.T.);
#1486=EDGE_CURVE('',#1178,#1179,#687,.T.);
#1487=EDGE_CURVE('',#1179,#1180,#688,.T.);
#1488=EDGE_CURVE('',#1180,#1181,#215,.T.);
#1489=EDGE_CURVE('',#1181,#1182,#216,.T.);
#1490=EDGE_CURVE('',#1182,#1183,#217,.T.);
#1491=EDGE_CURVE('',#1183,#1178,#689,.T.);
#1492=EDGE_CURVE('',#1154,#1184,#690,.T.);
#1493=EDGE_CURVE('',#1184,#1185,#691,.T.);
#1494=EDGE_CURVE('',#1185,#1155,#692,.T.);
#1495=EDGE_CURVE('',#1153,#1186,#693,.T.);
#1496=EDGE_CURVE('',#1186,#1184,#694,.T.);
#1497=EDGE_CURVE('',#1185,#1186,#695,.T.);
#1498=EDGE_CURVE('',#1157,#1187,#696,.T.);
#1499=EDGE_CURVE('',#1187,#1188,#218,.T.);
#1500=EDGE_CURVE('',#1188,#1158,#697,.T.);
#1501=EDGE_CURVE('',#1156,#1189,#698,.T.);
#1502=EDGE_CURVE('',#1189,#1187,#219,.T.);
#1503=EDGE_CURVE('',#1160,#1190,#699,.T.);
#1504=EDGE_CURVE('',#1190,#1189,#220,.T.);
#1505=EDGE_CURVE('',#1159,#1191,#700,.T.);
#1506=EDGE_CURVE('',#1191,#1190,#221,.T.);
#1507=EDGE_CURVE('',#1188,#1191,#222,.T.);
#1508=EDGE_CURVE('',#1192,#1193,#545,.T.);
#1509=EDGE_CURVE('',#1193,#1194,#701,.T.);
#1510=EDGE_CURVE('',#1194,#1195,#546,.T.);
#1511=EDGE_CURVE('',#1195,#1196,#702,.T.);
#1512=EDGE_CURVE('',#1196,#1197,#547,.T.);
#1513=EDGE_CURVE('',#1197,#1198,#703,.T.);
#1514=EDGE_CURVE('',#1198,#1199,#548,.T.);
#1515=EDGE_CURVE('',#1199,#1192,#704,.T.);
#1516=EDGE_CURVE('',#1170,#1200,#705,.T.);
#1517=EDGE_CURVE('',#1200,#1201,#223,.T.);
#1518=EDGE_CURVE('',#1201,#1171,#706,.T.);
#1519=EDGE_CURVE('',#1169,#1202,#707,.T.);
#1520=EDGE_CURVE('',#1202,#1200,#224,.T.);
#1521=EDGE_CURVE('',#1172,#1203,#708,.T.);
#1522=EDGE_CURVE('',#1203,#1202,#225,.T.);
#1523=EDGE_CURVE('',#1201,#1203,#226,.T.);
#1524=EDGE_CURVE('',#1174,#1204,#709,.T.);
#1525=EDGE_CURVE('',#1204,#1205,#710,.T.);
#1526=EDGE_CURVE('',#1205,#1175,#711,.T.);
#1527=EDGE_CURVE('',#1173,#1206,#712,.T.);
#1528=EDGE_CURVE('',#1206,#1204,#713,.T.);
#1529=EDGE_CURVE('',#1177,#1207,#714,.T.);
#1530=EDGE_CURVE('',#1207,#1206,#715,.T.);
#1531=EDGE_CURVE('',#1176,#1208,#716,.T.);
#1532=EDGE_CURVE('',#1208,#1207,#227,.T.);
#1533=EDGE_CURVE('',#1205,#1208,#228,.T.);
#1534=EDGE_CURVE('',#1179,#1209,#717,.T.);
#1535=EDGE_CURVE('',#1209,#1210,#718,.T.);
#1536=EDGE_CURVE('',#1210,#1180,#719,.T.);
#1537=EDGE_CURVE('',#1178,#1211,#720,.T.);
#1538=EDGE_CURVE('',#1211,#1209,#721,.T.);
#1539=EDGE_CURVE('',#1183,#1212,#722,.T.);
#1540=EDGE_CURVE('',#1212,#1211,#723,.T.);
#1541=EDGE_CURVE('',#1182,#1213,#724,.T.);
#1542=EDGE_CURVE('',#1213,#1212,#229,.T.);
#1543=EDGE_CURVE('',#1181,#1214,#725,.T.);
#1544=EDGE_CURVE('',#1214,#1213,#230,.T.);
#1545=EDGE_CURVE('',#1210,#1214,#231,.T.);
#1546=EDGE_CURVE('',#1194,#1215,#726,.T.);
#1547=EDGE_CURVE('',#1216,#1193,#727,.T.);
#1548=EDGE_CURVE('',#1215,#1216,#728,.T.);
#1549=EDGE_CURVE('',#1217,#1218,#729,.T.);
#1550=EDGE_CURVE('',#1216,#1217,#549,.T.);
#1551=EDGE_CURVE('',#1219,#1192,#730,.T.);
#1552=EDGE_CURVE('',#1220,#1219,#550,.T.);
#1553=EDGE_CURVE('',#1221,#1220,#731,.T.);
#1554=EDGE_CURVE('',#1218,#1221,#551,.T.);
#1555=EDGE_CURVE('',#1222,#1199,#732,.T.);
#1556=EDGE_CURVE('',#1219,#1222,#733,.T.);
#1557=EDGE_CURVE('',#1223,#1224,#734,.T.);
#1558=EDGE_CURVE('',#1225,#1223,#552,.T.);
#1559=EDGE_CURVE('',#1226,#1225,#735,.T.);
#1560=EDGE_CURVE('',#1222,#1226,#553,.T.);
#1561=EDGE_CURVE('',#1227,#1198,#736,.T.);
#1562=EDGE_CURVE('',#1224,#1227,#554,.T.);
#1563=EDGE_CURVE('',#1228,#1197,#737,.T.);
#1564=EDGE_CURVE('',#1227,#1228,#738,.T.);
#1565=EDGE_CURVE('',#1229,#1230,#555,.T.);
#1566=EDGE_CURVE('',#1231,#1229,#739,.T.);
#1567=EDGE_CURVE('',#1228,#1231,#556,.T.);
#1568=EDGE_CURVE('',#1232,#1196,#740,.T.);
#1569=EDGE_CURVE('',#1233,#1232,#557,.T.);
#1570=EDGE_CURVE('',#1230,#1233,#741,.T.);
#1571=EDGE_CURVE('',#1234,#1195,#742,.T.);
#1572=EDGE_CURVE('',#1232,#1234,#743,.T.);
#1573=EDGE_CURVE('',#1235,#1236,#558,.T.);
#1574=EDGE_CURVE('',#1237,#1235,#744,.T.);
#1575=EDGE_CURVE('',#1234,#1237,#559,.T.);
#1576=EDGE_CURVE('',#1238,#1215,#560,.T.);
#1577=EDGE_CURVE('',#1236,#1238,#745,.T.);
#1578=EDGE_CURVE('',#1239,#1217,#746,.T.);
#1579=EDGE_CURVE('',#1240,#1239,#561,.T.);
#1580=EDGE_CURVE('',#1241,#1240,#747,.T.);
#1581=EDGE_CURVE('',#1242,#1241,#748,.T.);
#1582=EDGE_CURVE('',#1243,#1242,#749,.T.);
#1583=EDGE_CURVE('',#1244,#1243,#750,.T.);
#1584=EDGE_CURVE('',#1245,#1244,#562,.T.);
#1585=EDGE_CURVE('',#1224,#1245,#751,.T.);
#1586=EDGE_CURVE('',#1246,#1231,#752,.T.);
#1587=EDGE_CURVE('',#1247,#1246,#563,.T.);
#1588=EDGE_CURVE('',#1248,#1247,#753,.T.);
#1589=EDGE_CURVE('',#1249,#1248,#754,.T.);
#1590=EDGE_CURVE('',#1250,#1249,#755,.T.);
#1591=EDGE_CURVE('',#1251,#1250,#564,.T.);
#1592=EDGE_CURVE('',#1238,#1251,#756,.T.);
#1593=EDGE_CURVE('',#1252,#1221,#757,.T.);
#1594=EDGE_CURVE('',#1253,#1252,#565,.T.);
#1595=EDGE_CURVE('',#1218,#1253,#758,.T.);
#1596=EDGE_CURVE('',#1254,#1253,#759,.T.);
#1597=EDGE_CURVE('',#1255,#1254,#760,.T.);
#1598=EDGE_CURVE('',#1239,#1255,#761,.T.);
#1599=EDGE_CURVE('',#1256,#1226,#762,.T.);
#1600=EDGE_CURVE('',#1257,#1256,#566,.T.);
#1601=EDGE_CURVE('',#1258,#1257,#763,.T.);
#1602=EDGE_CURVE('',#1259,#1258,#567,.T.);
#1603=EDGE_CURVE('',#1220,#1259,#764,.T.);
#1604=EDGE_CURVE('',#1260,#1259,#765,.T.);
#1605=EDGE_CURVE('',#1261,#1260,#766,.T.);
#1606=EDGE_CURVE('',#1252,#1261,#767,.T.);
#1607=EDGE_CURVE('',#1262,#1245,#768,.T.);
#1608=EDGE_CURVE('',#1263,#1262,#769,.T.);
#1609=EDGE_CURVE('',#1264,#1263,#770,.T.);
#1610=EDGE_CURVE('',#1223,#1264,#771,.T.);
#1611=EDGE_CURVE('',#1265,#1264,#568,.T.);
#1612=EDGE_CURVE('',#1225,#1265,#772,.T.);
#1613=EDGE_CURVE('',#1266,#1265,#773,.T.);
#1614=EDGE_CURVE('',#1267,#1266,#774,.T.);
#1615=EDGE_CURVE('',#1256,#1267,#775,.T.);
#1616=EDGE_CURVE('',#1268,#1233,#776,.T.);
#1617=EDGE_CURVE('',#1269,#1268,#777,.T.);
#1618=EDGE_CURVE('',#1270,#1269,#778,.T.);
#1619=EDGE_CURVE('',#1271,#1270,#779,.T.);
#1620=EDGE_CURVE('',#1230,#1271,#780,.T.);
#1621=EDGE_CURVE('',#1271,#1272,#569,.T.);
#1622=EDGE_CURVE('',#1272,#1229,#781,.T.);
#1623=EDGE_CURVE('',#1273,#1272,#782,.T.);
#1624=EDGE_CURVE('',#1274,#1273,#783,.T.);
#1625=EDGE_CURVE('',#1246,#1274,#784,.T.);
#1626=EDGE_CURVE('',#1275,#1276,#570,.T.);
#1627=EDGE_CURVE('',#1277,#1275,#785,.T.);
#1628=EDGE_CURVE('',#1268,#1277,#571,.T.);
#1629=EDGE_CURVE('',#1276,#1237,#786,.T.);
#1630=EDGE_CURVE('',#1278,#1251,#787,.T.);
#1631=EDGE_CURVE('',#1279,#1278,#788,.T.);
#1632=EDGE_CURVE('',#1280,#1279,#789,.T.);
#1633=EDGE_CURVE('',#1236,#1280,#790,.T.);
#1634=EDGE_CURVE('',#1280,#1281,#572,.T.);
#1635=EDGE_CURVE('',#1281,#1235,#791,.T.);
#1636=EDGE_CURVE('',#1282,#1281,#792,.T.);
#1637=EDGE_CURVE('',#1283,#1282,#793,.T.);
#1638=EDGE_CURVE('',#1276,#1283,#794,.T.);
#1639=EDGE_CURVE('',#1255,#1284,#573,.T.);
#1640=EDGE_CURVE('',#1284,#1240,#795,.T.);
#1641=EDGE_CURVE('',#1285,#1284,#796,.T.);
#1642=EDGE_CURVE('',#1241,#1285,#797,.T.);
#1643=EDGE_CURVE('',#1286,#1285,#798,.T.);
#1644=EDGE_CURVE('',#1242,#1286,#799,.T.);
#1645=EDGE_CURVE('',#1287,#1286,#800,.T.);
#1646=EDGE_CURVE('',#1243,#1287,#801,.T.);
#1647=EDGE_CURVE('',#1288,#1287,#802,.T.);
#1648=EDGE_CURVE('',#1244,#1288,#803,.T.);
#1649=EDGE_CURVE('',#1288,#1262,#574,.T.);
#1650=EDGE_CURVE('',#1274,#1289,#575,.T.);
#1651=EDGE_CURVE('',#1289,#1247,#804,.T.);
#1652=EDGE_CURVE('',#1290,#1289,#805,.T.);
#1653=EDGE_CURVE('',#1248,#1290,#806,.T.);
#1654=EDGE_CURVE('',#1291,#1290,#807,.T.);
#1655=EDGE_CURVE('',#1249,#1291,#808,.T.);
#1656=EDGE_CURVE('',#1292,#1291,#809,.T.);
#1657=EDGE_CURVE('',#1250,#1292,#810,.T.);
#1658=EDGE_CURVE('',#1292,#1278,#576,.T.);
#1659=EDGE_CURVE('',#1254,#1261,#577,.T.);
#1660=EDGE_CURVE('',#1260,#1293,#578,.T.);
#1661=EDGE_CURVE('',#1293,#1294,#811,.T.);
#1662=EDGE_CURVE('',#1294,#1267,#579,.T.);
#1663=EDGE_CURVE('',#1266,#1263,#580,.T.);
#1664=EDGE_CURVE('',#1294,#1257,#812,.T.);
#1665=EDGE_CURVE('',#1258,#1293,#813,.T.);
#1666=EDGE_CURVE('',#1277,#1295,#814,.T.);
#1667=EDGE_CURVE('',#1295,#1269,#581,.T.);
#1668=EDGE_CURVE('',#1270,#1273,#582,.T.);
#1669=EDGE_CURVE('',#1296,#1295,#815,.T.);
#1670=EDGE_CURVE('',#1283,#1296,#583,.T.);
#1671=EDGE_CURVE('',#1279,#1282,#584,.T.);
#1672=EDGE_CURVE('',#1296,#1275,#816,.T.);
#1673=ORIENTED_EDGE('',*,*,#1297,.T.);
#1674=ORIENTED_EDGE('',*,*,#1298,.T.);
#1675=ORIENTED_EDGE('',*,*,#1299,.T.);
#1676=ORIENTED_EDGE('',*,*,#1300,.T.);
#1677=ORIENTED_EDGE('',*,*,#1301,.T.);
#1678=ORIENTED_EDGE('',*,*,#1302,.T.);
#1679=ORIENTED_EDGE('',*,*,#1303,.T.);
#1680=ORIENTED_EDGE('',*,*,#1304,.T.);
#1681=ORIENTED_EDGE('',*,*,#1305,.T.);
#1682=ORIENTED_EDGE('',*,*,#1306,.T.);
#1683=ORIENTED_EDGE('',*,*,#1307,.T.);
#1684=ORIENTED_EDGE('',*,*,#1308,.T.);
#1685=ORIENTED_EDGE('',*,*,#1309,.T.);
#1686=ORIENTED_EDGE('',*,*,#1310,.T.);
#1687=ORIENTED_EDGE('',*,*,#1311,.T.);
#1688=ORIENTED_EDGE('',*,*,#1312,.T.);
#1689=ORIENTED_EDGE('',*,*,#1313,.T.);
#1690=ORIENTED_EDGE('',*,*,#1314,.T.);
#1691=ORIENTED_EDGE('',*,*,#1315,.T.);
#1692=ORIENTED_EDGE('',*,*,#1316,.T.);
#1693=ORIENTED_EDGE('',*,*,#1317,.T.);
#1694=ORIENTED_EDGE('',*,*,#1318,.T.);
#1695=ORIENTED_EDGE('',*,*,#1319,.T.);
#1696=ORIENTED_EDGE('',*,*,#1320,.T.);
#1697=ORIENTED_EDGE('',*,*,#1321,.T.);
#1698=ORIENTED_EDGE('',*,*,#1322,.T.);
#1699=ORIENTED_EDGE('',*,*,#1323,.T.);
#1700=ORIENTED_EDGE('',*,*,#1324,.T.);
#1701=ORIENTED_EDGE('',*,*,#1325,.T.);
#1702=ORIENTED_EDGE('',*,*,#1326,.T.);
#1703=ORIENTED_EDGE('',*,*,#1327,.T.);
#1704=ORIENTED_EDGE('',*,*,#1328,.T.);
#1705=ORIENTED_EDGE('',*,*,#1329,.T.);
#1706=ORIENTED_EDGE('',*,*,#1330,.T.);
#1707=ORIENTED_EDGE('',*,*,#1331,.T.);
#1708=ORIENTED_EDGE('',*,*,#1332,.T.);
#1709=ORIENTED_EDGE('',*,*,#1333,.T.);
#1710=ORIENTED_EDGE('',*,*,#1334,.T.);
#1711=ORIENTED_EDGE('',*,*,#1335,.T.);
#1712=ORIENTED_EDGE('',*,*,#1336,.T.);
#1713=ORIENTED_EDGE('',*,*,#1337,.T.);
#1714=ORIENTED_EDGE('',*,*,#1338,.T.);
#1715=ORIENTED_EDGE('',*,*,#1339,.T.);
#1716=ORIENTED_EDGE('',*,*,#1340,.T.);
#1717=ORIENTED_EDGE('',*,*,#1341,.T.);
#1718=ORIENTED_EDGE('',*,*,#1342,.T.);
#1719=ORIENTED_EDGE('',*,*,#1343,.T.);
#1720=ORIENTED_EDGE('',*,*,#1344,.T.);
#1721=ORIENTED_EDGE('',*,*,#1345,.T.);
#1722=ORIENTED_EDGE('',*,*,#1346,.T.);
#1723=ORIENTED_EDGE('',*,*,#1347,.T.);
#1724=ORIENTED_EDGE('',*,*,#1348,.T.);
#1725=ORIENTED_EDGE('',*,*,#1349,.T.);
#1726=ORIENTED_EDGE('',*,*,#1350,.T.);
#1727=ORIENTED_EDGE('',*,*,#1321,.F.);
#1728=ORIENTED_EDGE('',*,*,#1351,.T.);
#1729=ORIENTED_EDGE('',*,*,#1352,.T.);
#1730=ORIENTED_EDGE('',*,*,#1351,.F.);
#1731=ORIENTED_EDGE('',*,*,#1320,.F.);
#1732=ORIENTED_EDGE('',*,*,#1353,.T.);
#1733=ORIENTED_EDGE('',*,*,#1354,.T.);
#1734=ORIENTED_EDGE('',*,*,#1353,.F.);
#1735=ORIENTED_EDGE('',*,*,#1327,.F.);
#1736=ORIENTED_EDGE('',*,*,#1355,.T.);
#1737=ORIENTED_EDGE('',*,*,#1356,.T.);
#1738=ORIENTED_EDGE('',*,*,#1355,.F.);
#1739=ORIENTED_EDGE('',*,*,#1326,.F.);
#1740=ORIENTED_EDGE('',*,*,#1357,.T.);
#1741=ORIENTED_EDGE('',*,*,#1358,.T.);
#1742=ORIENTED_EDGE('',*,*,#1357,.F.);
#1743=ORIENTED_EDGE('',*,*,#1325,.F.);
#1744=ORIENTED_EDGE('',*,*,#1359,.T.);
#1745=ORIENTED_EDGE('',*,*,#1360,.T.);
#1746=ORIENTED_EDGE('',*,*,#1359,.F.);
#1747=ORIENTED_EDGE('',*,*,#1324,.F.);
#1748=ORIENTED_EDGE('',*,*,#1361,.T.);
#1749=ORIENTED_EDGE('',*,*,#1362,.T.);
#1750=ORIENTED_EDGE('',*,*,#1361,.F.);
#1751=ORIENTED_EDGE('',*,*,#1323,.F.);
#1752=ORIENTED_EDGE('',*,*,#1363,.T.);
#1753=ORIENTED_EDGE('',*,*,#1364,.T.);
#1754=ORIENTED_EDGE('',*,*,#1363,.F.);
#1755=ORIENTED_EDGE('',*,*,#1322,.F.);
#1756=ORIENTED_EDGE('',*,*,#1350,.F.);
#1757=ORIENTED_EDGE('',*,*,#1365,.T.);
#1758=ORIENTED_EDGE('',*,*,#1366,.T.);
#1759=ORIENTED_EDGE('',*,*,#1329,.F.);
#1760=ORIENTED_EDGE('',*,*,#1367,.T.);
#1761=ORIENTED_EDGE('',*,*,#1368,.T.);
#1762=ORIENTED_EDGE('',*,*,#1367,.F.);
#1763=ORIENTED_EDGE('',*,*,#1328,.F.);
#1764=ORIENTED_EDGE('',*,*,#1369,.T.);
#1765=ORIENTED_EDGE('',*,*,#1370,.T.);
#1766=ORIENTED_EDGE('',*,*,#1369,.F.);
#1767=ORIENTED_EDGE('',*,*,#1344,.F.);
#1768=ORIENTED_EDGE('',*,*,#1371,.T.);
#1769=ORIENTED_EDGE('',*,*,#1372,.T.);
#1770=ORIENTED_EDGE('',*,*,#1371,.F.);
#1771=ORIENTED_EDGE('',*,*,#1343,.F.);
#1772=ORIENTED_EDGE('',*,*,#1373,.T.);
#1773=ORIENTED_EDGE('',*,*,#1374,.T.);
#1774=ORIENTED_EDGE('',*,*,#1373,.F.);
#1775=ORIENTED_EDGE('',*,*,#1342,.F.);
#1776=ORIENTED_EDGE('',*,*,#1375,.T.);
#1777=ORIENTED_EDGE('',*,*,#1376,.T.);
#1778=ORIENTED_EDGE('',*,*,#1375,.F.);
#1779=ORIENTED_EDGE('',*,*,#1341,.F.);
#1780=ORIENTED_EDGE('',*,*,#1377,.T.);
#1781=ORIENTED_EDGE('',*,*,#1378,.T.);
#1782=ORIENTED_EDGE('',*,*,#1377,.F.);
#1783=ORIENTED_EDGE('',*,*,#1340,.F.);
#1784=ORIENTED_EDGE('',*,*,#1379,.T.);
#1785=ORIENTED_EDGE('',*,*,#1380,.T.);
#1786=ORIENTED_EDGE('',*,*,#1379,.F.);
#1787=ORIENTED_EDGE('',*,*,#1339,.F.);
#1788=ORIENTED_EDGE('',*,*,#1381,.T.);
#1789=ORIENTED_EDGE('',*,*,#1382,.T.);
#1790=ORIENTED_EDGE('',*,*,#1381,.F.);
#1791=ORIENTED_EDGE('',*,*,#1338,.F.);
#1792=ORIENTED_EDGE('',*,*,#1383,.T.);
#1793=ORIENTED_EDGE('',*,*,#1384,.T.);
#1794=ORIENTED_EDGE('',*,*,#1383,.F.);
#1795=ORIENTED_EDGE('',*,*,#1337,.F.);
#1796=ORIENTED_EDGE('',*,*,#1385,.T.);
#1797=ORIENTED_EDGE('',*,*,#1386,.T.);
#1798=ORIENTED_EDGE('',*,*,#1385,.F.);
#1799=ORIENTED_EDGE('',*,*,#1336,.F.);
#1800=ORIENTED_EDGE('',*,*,#1387,.T.);
#1801=ORIENTED_EDGE('',*,*,#1388,.T.);
#1802=ORIENTED_EDGE('',*,*,#1387,.F.);
#1803=ORIENTED_EDGE('',*,*,#1335,.F.);
#1804=ORIENTED_EDGE('',*,*,#1389,.T.);
#1805=ORIENTED_EDGE('',*,*,#1390,.T.);
#1806=ORIENTED_EDGE('',*,*,#1389,.F.);
#1807=ORIENTED_EDGE('',*,*,#1334,.F.);
#1808=ORIENTED_EDGE('',*,*,#1391,.T.);
#1809=ORIENTED_EDGE('',*,*,#1392,.T.);
#1810=ORIENTED_EDGE('',*,*,#1391,.F.);
#1811=ORIENTED_EDGE('',*,*,#1333,.F.);
#1812=ORIENTED_EDGE('',*,*,#1393,.T.);
#1813=ORIENTED_EDGE('',*,*,#1394,.T.);
#1814=ORIENTED_EDGE('',*,*,#1393,.F.);
#1815=ORIENTED_EDGE('',*,*,#1332,.F.);
#1816=ORIENTED_EDGE('',*,*,#1395,.T.);
#1817=ORIENTED_EDGE('',*,*,#1396,.T.);
#1818=ORIENTED_EDGE('',*,*,#1395,.F.);
#1819=ORIENTED_EDGE('',*,*,#1331,.F.);
#1820=ORIENTED_EDGE('',*,*,#1397,.T.);
#1821=ORIENTED_EDGE('',*,*,#1398,.T.);
#1822=ORIENTED_EDGE('',*,*,#1397,.F.);
#1823=ORIENTED_EDGE('',*,*,#1330,.F.);
#1824=ORIENTED_EDGE('',*,*,#1366,.F.);
#1825=ORIENTED_EDGE('',*,*,#1399,.T.);
#1826=ORIENTED_EDGE('',*,*,#1400,.T.);
#1827=ORIENTED_EDGE('',*,*,#1346,.F.);
#1828=ORIENTED_EDGE('',*,*,#1401,.T.);
#1829=ORIENTED_EDGE('',*,*,#1402,.T.);
#1830=ORIENTED_EDGE('',*,*,#1401,.F.);
#1831=ORIENTED_EDGE('',*,*,#1345,.F.);
#1832=ORIENTED_EDGE('',*,*,#1403,.T.);
#1833=ORIENTED_EDGE('',*,*,#1404,.T.);
#1834=ORIENTED_EDGE('',*,*,#1403,.F.);
#1835=ORIENTED_EDGE('',*,*,#1348,.F.);
#1836=ORIENTED_EDGE('',*,*,#1405,.T.);
#1837=ORIENTED_EDGE('',*,*,#1406,.T.);
#1838=ORIENTED_EDGE('',*,*,#1405,.F.);
#1839=ORIENTED_EDGE('',*,*,#1347,.F.);
#1840=ORIENTED_EDGE('',*,*,#1400,.F.);
#1841=ORIENTED_EDGE('',*,*,#1407,.T.);
#1842=ORIENTED_EDGE('',*,*,#1298,.F.);
#1843=ORIENTED_EDGE('',*,*,#1408,.T.);
#1844=ORIENTED_EDGE('',*,*,#1409,.T.);
#1845=ORIENTED_EDGE('',*,*,#1408,.F.);
#1846=ORIENTED_EDGE('',*,*,#1297,.F.);
#1847=ORIENTED_EDGE('',*,*,#1410,.T.);
#1848=ORIENTED_EDGE('',*,*,#1411,.T.);
#1849=ORIENTED_EDGE('',*,*,#1410,.F.);
#1850=ORIENTED_EDGE('',*,*,#1304,.F.);
#1851=ORIENTED_EDGE('',*,*,#1412,.T.);
#1852=ORIENTED_EDGE('',*,*,#1413,.T.);
#1853=ORIENTED_EDGE('',*,*,#1414,.T.);
#1854=ORIENTED_EDGE('',*,*,#1415,.T.);
#1855=ORIENTED_EDGE('',*,*,#1412,.F.);
#1856=ORIENTED_EDGE('',*,*,#1303,.F.);
#1857=ORIENTED_EDGE('',*,*,#1416,.T.);
#1858=ORIENTED_EDGE('',*,*,#1417,.T.);
#1859=ORIENTED_EDGE('',*,*,#1414,.F.);
#1860=ORIENTED_EDGE('',*,*,#1302,.F.);
#1861=ORIENTED_EDGE('',*,*,#1418,.T.);
#1862=ORIENTED_EDGE('',*,*,#1419,.T.);
#1863=ORIENTED_EDGE('',*,*,#1416,.F.);
#1864=ORIENTED_EDGE('',*,*,#1301,.F.);
#1865=ORIENTED_EDGE('',*,*,#1418,.F.);
#1866=ORIENTED_EDGE('',*,*,#1300,.F.);
#1867=ORIENTED_EDGE('',*,*,#1420,.T.);
#1868=ORIENTED_EDGE('',*,*,#1421,.T.);
#1869=ORIENTED_EDGE('',*,*,#1420,.F.);
#1870=ORIENTED_EDGE('',*,*,#1299,.F.);
#1871=ORIENTED_EDGE('',*,*,#1407,.F.);
#1872=ORIENTED_EDGE('',*,*,#1422,.T.);
#1873=ORIENTED_EDGE('',*,*,#1423,.T.);
#1874=ORIENTED_EDGE('',*,*,#1424,.T.);
#1875=ORIENTED_EDGE('',*,*,#1306,.F.);
#1876=ORIENTED_EDGE('',*,*,#1425,.T.);
#1877=ORIENTED_EDGE('',*,*,#1426,.T.);
#1878=ORIENTED_EDGE('',*,*,#1425,.F.);
#1879=ORIENTED_EDGE('',*,*,#1305,.F.);
#1880=ORIENTED_EDGE('',*,*,#1427,.T.);
#1881=ORIENTED_EDGE('',*,*,#1428,.T.);
#1882=ORIENTED_EDGE('',*,*,#1427,.F.);
#1883=ORIENTED_EDGE('',*,*,#1312,.F.);
#1884=ORIENTED_EDGE('',*,*,#1429,.T.);
#1885=ORIENTED_EDGE('',*,*,#1430,.T.);
#1886=ORIENTED_EDGE('',*,*,#1429,.F.);
#1887=ORIENTED_EDGE('',*,*,#1311,.F.);
#1888=ORIENTED_EDGE('',*,*,#1431,.T.);
#1889=ORIENTED_EDGE('',*,*,#1432,.T.);
#1890=ORIENTED_EDGE('',*,*,#1431,.F.);
#1891=ORIENTED_EDGE('',*,*,#1310,.F.);
#1892=ORIENTED_EDGE('',*,*,#1433,.T.);
#1893=ORIENTED_EDGE('',*,*,#1434,.T.);
#1894=ORIENTED_EDGE('',*,*,#1433,.F.);
#1895=ORIENTED_EDGE('',*,*,#1309,.F.);
#1896=ORIENTED_EDGE('',*,*,#1435,.T.);
#1897=ORIENTED_EDGE('',*,*,#1436,.T.);
#1898=ORIENTED_EDGE('',*,*,#1435,.F.);
#1899=ORIENTED_EDGE('',*,*,#1308,.F.);
#1900=ORIENTED_EDGE('',*,*,#1437,.T.);
#1901=ORIENTED_EDGE('',*,*,#1438,.T.);
#1902=ORIENTED_EDGE('',*,*,#1437,.F.);
#1903=ORIENTED_EDGE('',*,*,#1307,.F.);
#1904=ORIENTED_EDGE('',*,*,#1424,.F.);
#1905=ORIENTED_EDGE('',*,*,#1439,.T.);
#1906=ORIENTED_EDGE('',*,*,#1440,.T.);
#1907=ORIENTED_EDGE('',*,*,#1314,.F.);
#1908=ORIENTED_EDGE('',*,*,#1441,.T.);
#1909=ORIENTED_EDGE('',*,*,#1442,.T.);
#1910=ORIENTED_EDGE('',*,*,#1441,.F.);
#1911=ORIENTED_EDGE('',*,*,#1313,.F.);
#1912=ORIENTED_EDGE('',*,*,#1443,.T.);
#1913=ORIENTED_EDGE('',*,*,#1444,.T.);
#1914=ORIENTED_EDGE('',*,*,#1443,.F.);
#1915=ORIENTED_EDGE('',*,*,#1319,.F.);
#1916=ORIENTED_EDGE('',*,*,#1445,.T.);
#1917=ORIENTED_EDGE('',*,*,#1446,.T.);
#1918=ORIENTED_EDGE('',*,*,#1445,.F.);
#1919=ORIENTED_EDGE('',*,*,#1318,.F.);
#1920=ORIENTED_EDGE('',*,*,#1447,.T.);
#1921=ORIENTED_EDGE('',*,*,#1448,.T.);
#1922=ORIENTED_EDGE('',*,*,#1447,.F.);
#1923=ORIENTED_EDGE('',*,*,#1317,.F.);
#1924=ORIENTED_EDGE('',*,*,#1449,.T.);
#1925=ORIENTED_EDGE('',*,*,#1450,.T.);
#1926=ORIENTED_EDGE('',*,*,#1449,.F.);
#1927=ORIENTED_EDGE('',*,*,#1316,.F.);
#1928=ORIENTED_EDGE('',*,*,#1451,.T.);
#1929=ORIENTED_EDGE('',*,*,#1452,.T.);
#1930=ORIENTED_EDGE('',*,*,#1451,.F.);
#1931=ORIENTED_EDGE('',*,*,#1315,.F.);
#1932=ORIENTED_EDGE('',*,*,#1440,.F.);
#1933=ORIENTED_EDGE('',*,*,#1358,.F.);
#1934=ORIENTED_EDGE('',*,*,#1360,.F.);
#1935=ORIENTED_EDGE('',*,*,#1362,.F.);
#1936=ORIENTED_EDGE('',*,*,#1364,.F.);
#1937=ORIENTED_EDGE('',*,*,#1349,.F.);
#1938=ORIENTED_EDGE('',*,*,#1352,.F.);
#1939=ORIENTED_EDGE('',*,*,#1354,.F.);
#1940=ORIENTED_EDGE('',*,*,#1356,.F.);
#1941=ORIENTED_EDGE('',*,*,#1453,.T.);
#1942=ORIENTED_EDGE('',*,*,#1454,.T.);
#1943=ORIENTED_EDGE('',*,*,#1455,.T.);
#1944=ORIENTED_EDGE('',*,*,#1392,.F.);
#1945=ORIENTED_EDGE('',*,*,#1394,.F.);
#1946=ORIENTED_EDGE('',*,*,#1396,.F.);
#1947=ORIENTED_EDGE('',*,*,#1398,.F.);
#1948=ORIENTED_EDGE('',*,*,#1365,.F.);
#1949=ORIENTED_EDGE('',*,*,#1368,.F.);
#1950=ORIENTED_EDGE('',*,*,#1370,.F.);
#1951=ORIENTED_EDGE('',*,*,#1372,.F.);
#1952=ORIENTED_EDGE('',*,*,#1374,.F.);
#1953=ORIENTED_EDGE('',*,*,#1376,.F.);
#1954=ORIENTED_EDGE('',*,*,#1378,.F.);
#1955=ORIENTED_EDGE('',*,*,#1380,.F.);
#1956=ORIENTED_EDGE('',*,*,#1382,.F.);
#1957=ORIENTED_EDGE('',*,*,#1384,.F.);
#1958=ORIENTED_EDGE('',*,*,#1386,.F.);
#1959=ORIENTED_EDGE('',*,*,#1388,.F.);
#1960=ORIENTED_EDGE('',*,*,#1390,.F.);
#1961=ORIENTED_EDGE('',*,*,#1399,.F.);
#1962=ORIENTED_EDGE('',*,*,#1402,.F.);
#1963=ORIENTED_EDGE('',*,*,#1404,.F.);
#1964=ORIENTED_EDGE('',*,*,#1406,.F.);
#1965=ORIENTED_EDGE('',*,*,#1456,.T.);
#1966=ORIENTED_EDGE('',*,*,#1457,.T.);
#1967=ORIENTED_EDGE('',*,*,#1458,.T.);
#1968=ORIENTED_EDGE('',*,*,#1459,.T.);
#1969=ORIENTED_EDGE('',*,*,#1460,.T.);
#1970=ORIENTED_EDGE('',*,*,#1461,.T.);
#1971=ORIENTED_EDGE('',*,*,#1462,.F.);
#1972=ORIENTED_EDGE('',*,*,#1463,.T.);
#1973=ORIENTED_EDGE('',*,*,#1409,.F.);
#1974=ORIENTED_EDGE('',*,*,#1411,.F.);
#1975=ORIENTED_EDGE('',*,*,#1464,.F.);
#1976=ORIENTED_EDGE('',*,*,#1465,.F.);
#1977=ORIENTED_EDGE('',*,*,#1461,.F.);
#1978=ORIENTED_EDGE('',*,*,#1466,.T.);
#1979=ORIENTED_EDGE('',*,*,#1467,.T.);
#1980=ORIENTED_EDGE('',*,*,#1464,.T.);
#1981=ORIENTED_EDGE('',*,*,#1413,.F.);
#1982=ORIENTED_EDGE('',*,*,#1415,.F.);
#1983=ORIENTED_EDGE('',*,*,#1468,.F.);
#1984=ORIENTED_EDGE('',*,*,#1469,.F.);
#1985=ORIENTED_EDGE('',*,*,#1466,.F.);
#1986=ORIENTED_EDGE('',*,*,#1470,.T.);
#1987=ORIENTED_EDGE('',*,*,#1471,.T.);
#1988=ORIENTED_EDGE('',*,*,#1468,.T.);
#1989=ORIENTED_EDGE('',*,*,#1417,.F.);
#1990=ORIENTED_EDGE('',*,*,#1419,.F.);
#1991=ORIENTED_EDGE('',*,*,#1472,.F.);
#1992=ORIENTED_EDGE('',*,*,#1473,.F.);
#1993=ORIENTED_EDGE('',*,*,#1470,.F.);
#1994=ORIENTED_EDGE('',*,*,#1474,.T.);
#1995=ORIENTED_EDGE('',*,*,#1475,.T.);
#1996=ORIENTED_EDGE('',*,*,#1472,.T.);
#1997=ORIENTED_EDGE('',*,*,#1421,.F.);
#1998=ORIENTED_EDGE('',*,*,#1422,.F.);
#1999=ORIENTED_EDGE('',*,*,#1463,.F.);
#2000=ORIENTED_EDGE('',*,*,#1476,.F.);
#2001=ORIENTED_EDGE('',*,*,#1474,.F.);
#2002=ORIENTED_EDGE('',*,*,#1432,.F.);
#2003=ORIENTED_EDGE('',*,*,#1434,.F.);
#2004=ORIENTED_EDGE('',*,*,#1436,.F.);
#2005=ORIENTED_EDGE('',*,*,#1438,.F.);
#2006=ORIENTED_EDGE('',*,*,#1423,.F.);
#2007=ORIENTED_EDGE('',*,*,#1426,.F.);
#2008=ORIENTED_EDGE('',*,*,#1428,.F.);
#2009=ORIENTED_EDGE('',*,*,#1430,.F.);
#2010=ORIENTED_EDGE('',*,*,#1477,.T.);
#2011=ORIENTED_EDGE('',*,*,#1478,.T.);
#2012=ORIENTED_EDGE('',*,*,#1479,.T.);
#2013=ORIENTED_EDGE('',*,*,#1480,.T.);
#2014=ORIENTED_EDGE('',*,*,#1446,.F.);
#2015=ORIENTED_EDGE('',*,*,#1448,.F.);
#2016=ORIENTED_EDGE('',*,*,#1450,.F.);
#2017=ORIENTED_EDGE('',*,*,#1452,.F.);
#2018=ORIENTED_EDGE('',*,*,#1439,.F.);
#2019=ORIENTED_EDGE('',*,*,#1442,.F.);
#2020=ORIENTED_EDGE('',*,*,#1444,.F.);
#2021=ORIENTED_EDGE('',*,*,#1481,.T.);
#2022=ORIENTED_EDGE('',*,*,#1482,.T.);
#2023=ORIENTED_EDGE('',*,*,#1483,.T.);
#2024=ORIENTED_EDGE('',*,*,#1484,.T.);
#2025=ORIENTED_EDGE('',*,*,#1485,.T.);
#2026=ORIENTED_EDGE('',*,*,#1486,.T.);
#2027=ORIENTED_EDGE('',*,*,#1487,.T.);
#2028=ORIENTED_EDGE('',*,*,#1488,.T.);
#2029=ORIENTED_EDGE('',*,*,#1489,.T.);
#2030=ORIENTED_EDGE('',*,*,#1490,.T.);
#2031=ORIENTED_EDGE('',*,*,#1491,.T.);
#2032=ORIENTED_EDGE('',*,*,#1454,.F.);
#2033=ORIENTED_EDGE('',*,*,#1492,.T.);
#2034=ORIENTED_EDGE('',*,*,#1493,.T.);
#2035=ORIENTED_EDGE('',*,*,#1494,.T.);
#2036=ORIENTED_EDGE('',*,*,#1453,.F.);
#2037=ORIENTED_EDGE('',*,*,#1495,.T.);
#2038=ORIENTED_EDGE('',*,*,#1496,.T.);
#2039=ORIENTED_EDGE('',*,*,#1492,.F.);
#2040=ORIENTED_EDGE('',*,*,#1455,.F.);
#2041=ORIENTED_EDGE('',*,*,#1494,.F.);
#2042=ORIENTED_EDGE('',*,*,#1497,.T.);
#2043=ORIENTED_EDGE('',*,*,#1495,.F.);
#2044=ORIENTED_EDGE('',*,*,#1457,.F.);
#2045=ORIENTED_EDGE('',*,*,#1498,.T.);
#2046=ORIENTED_EDGE('',*,*,#1499,.T.);
#2047=ORIENTED_EDGE('',*,*,#1500,.T.);
#2048=ORIENTED_EDGE('',*,*,#1456,.F.);
#2049=ORIENTED_EDGE('',*,*,#1501,.T.);
#2050=ORIENTED_EDGE('',*,*,#1502,.T.);
#2051=ORIENTED_EDGE('',*,*,#1498,.F.);
#2052=ORIENTED_EDGE('',*,*,#1460,.F.);
#2053=ORIENTED_EDGE('',*,*,#1503,.T.);
#2054=ORIENTED_EDGE('',*,*,#1504,.T.);
#2055=ORIENTED_EDGE('',*,*,#1501,.F.);
#2056=ORIENTED_EDGE('',*,*,#1459,.F.);
#2057=ORIENTED_EDGE('',*,*,#1505,.T.);
#2058=ORIENTED_EDGE('',*,*,#1506,.T.);
#2059=ORIENTED_EDGE('',*,*,#1503,.F.);
#2060=ORIENTED_EDGE('',*,*,#1458,.F.);
#2061=ORIENTED_EDGE('',*,*,#1500,.F.);
#2062=ORIENTED_EDGE('',*,*,#1507,.T.);
#2063=ORIENTED_EDGE('',*,*,#1505,.F.);
#2064=ORIENTED_EDGE('',*,*,#1508,.T.);
#2065=ORIENTED_EDGE('',*,*,#1509,.T.);
#2066=ORIENTED_EDGE('',*,*,#1510,.T.);
#2067=ORIENTED_EDGE('',*,*,#1511,.T.);
#2068=ORIENTED_EDGE('',*,*,#1512,.T.);
#2069=ORIENTED_EDGE('',*,*,#1513,.T.);
#2070=ORIENTED_EDGE('',*,*,#1514,.T.);
#2071=ORIENTED_EDGE('',*,*,#1515,.T.);
#2072=ORIENTED_EDGE('',*,*,#1462,.T.);
#2073=ORIENTED_EDGE('',*,*,#1465,.T.);
#2074=ORIENTED_EDGE('',*,*,#1467,.F.);
#2075=ORIENTED_EDGE('',*,*,#1469,.T.);
#2076=ORIENTED_EDGE('',*,*,#1471,.F.);
#2077=ORIENTED_EDGE('',*,*,#1473,.T.);
#2078=ORIENTED_EDGE('',*,*,#1475,.F.);
#2079=ORIENTED_EDGE('',*,*,#1476,.T.);
#2080=ORIENTED_EDGE('',*,*,#1478,.F.);
#2081=ORIENTED_EDGE('',*,*,#1516,.T.);
#2082=ORIENTED_EDGE('',*,*,#1517,.T.);
#2083=ORIENTED_EDGE('',*,*,#1518,.T.);
#2084=ORIENTED_EDGE('',*,*,#1477,.F.);
#2085=ORIENTED_EDGE('',*,*,#1519,.T.);
#2086=ORIENTED_EDGE('',*,*,#1520,.T.);
#2087=ORIENTED_EDGE('',*,*,#1516,.F.);
#2088=ORIENTED_EDGE('',*,*,#1480,.F.);
#2089=ORIENTED_EDGE('',*,*,#1521,.T.);
#2090=ORIENTED_EDGE('',*,*,#1522,.T.);
#2091=ORIENTED_EDGE('',*,*,#1519,.F.);
#2092=ORIENTED_EDGE('',*,*,#1479,.F.);
#2093=ORIENTED_EDGE('',*,*,#1518,.F.);
#2094=ORIENTED_EDGE('',*,*,#1523,.T.);
#2095=ORIENTED_EDGE('',*,*,#1521,.F.);
#2096=ORIENTED_EDGE('',*,*,#1482,.F.);
#2097=ORIENTED_EDGE('',*,*,#1524,.T.);
#2098=ORIENTED_EDGE('',*,*,#1525,.T.);
#2099=ORIENTED_EDGE('',*,*,#1526,.T.);
#2100=ORIENTED_EDGE('',*,*,#1481,.F.);
#2101=ORIENTED_EDGE('',*,*,#1527,.T.);
#2102=ORIENTED_EDGE('',*,*,#1528,.T.);
#2103=ORIENTED_EDGE('',*,*,#1524,.F.);
#2104=ORIENTED_EDGE('',*,*,#1485,.F.);
#2105=ORIENTED_EDGE('',*,*,#1529,.T.);
#2106=ORIENTED_EDGE('',*,*,#1530,.T.);
#2107=ORIENTED_EDGE('',*,*,#1527,.F.);
#2108=ORIENTED_EDGE('',*,*,#1484,.F.);
#2109=ORIENTED_EDGE('',*,*,#1531,.T.);
#2110=ORIENTED_EDGE('',*,*,#1532,.T.);
#2111=ORIENTED_EDGE('',*,*,#1529,.F.);
#2112=ORIENTED_EDGE('',*,*,#1483,.F.);
#2113=ORIENTED_EDGE('',*,*,#1526,.F.);
#2114=ORIENTED_EDGE('',*,*,#1533,.T.);
#2115=ORIENTED_EDGE('',*,*,#1531,.F.);
#2116=ORIENTED_EDGE('',*,*,#1487,.F.);
#2117=ORIENTED_EDGE('',*,*,#1534,.T.);
#2118=ORIENTED_EDGE('',*,*,#1535,.T.);
#2119=ORIENTED_EDGE('',*,*,#1536,.T.);
#2120=ORIENTED_EDGE('',*,*,#1486,.F.);
#2121=ORIENTED_EDGE('',*,*,#1537,.T.);
#2122=ORIENTED_EDGE('',*,*,#1538,.T.);
#2123=ORIENTED_EDGE('',*,*,#1534,.F.);
#2124=ORIENTED_EDGE('',*,*,#1491,.F.);
#2125=ORIENTED_EDGE('',*,*,#1539,.T.);
#2126=ORIENTED_EDGE('',*,*,#1540,.T.);
#2127=ORIENTED_EDGE('',*,*,#1537,.F.);
#2128=ORIENTED_EDGE('',*,*,#1490,.F.);
#2129=ORIENTED_EDGE('',*,*,#1541,.T.);
#2130=ORIENTED_EDGE('',*,*,#1542,.T.);
#2131=ORIENTED_EDGE('',*,*,#1539,.F.);
#2132=ORIENTED_EDGE('',*,*,#1489,.F.);
#2133=ORIENTED_EDGE('',*,*,#1543,.T.);
#2134=ORIENTED_EDGE('',*,*,#1544,.T.);
#2135=ORIENTED_EDGE('',*,*,#1541,.F.);
#2136=ORIENTED_EDGE('',*,*,#1488,.F.);
#2137=ORIENTED_EDGE('',*,*,#1536,.F.);
#2138=ORIENTED_EDGE('',*,*,#1545,.T.);
#2139=ORIENTED_EDGE('',*,*,#1543,.F.);
#2140=ORIENTED_EDGE('',*,*,#1493,.F.);
#2141=ORIENTED_EDGE('',*,*,#1496,.F.);
#2142=ORIENTED_EDGE('',*,*,#1497,.F.);
#2143=ORIENTED_EDGE('',*,*,#1504,.F.);
#2144=ORIENTED_EDGE('',*,*,#1506,.F.);
#2145=ORIENTED_EDGE('',*,*,#1507,.F.);
#2146=ORIENTED_EDGE('',*,*,#1499,.F.);
#2147=ORIENTED_EDGE('',*,*,#1502,.F.);
#2148=ORIENTED_EDGE('',*,*,#1546,.F.);
#2149=ORIENTED_EDGE('',*,*,#1509,.F.);
#2150=ORIENTED_EDGE('',*,*,#1547,.F.);
#2151=ORIENTED_EDGE('',*,*,#1548,.F.);
#2152=ORIENTED_EDGE('',*,*,#1549,.F.);
#2153=ORIENTED_EDGE('',*,*,#1550,.F.);
#2154=ORIENTED_EDGE('',*,*,#1547,.T.);
#2155=ORIENTED_EDGE('',*,*,#1508,.F.);
#2156=ORIENTED_EDGE('',*,*,#1551,.F.);
#2157=ORIENTED_EDGE('',*,*,#1552,.F.);
#2158=ORIENTED_EDGE('',*,*,#1553,.F.);
#2159=ORIENTED_EDGE('',*,*,#1554,.F.);
#2160=ORIENTED_EDGE('',*,*,#1551,.T.);
#2161=ORIENTED_EDGE('',*,*,#1515,.F.);
#2162=ORIENTED_EDGE('',*,*,#1555,.F.);
#2163=ORIENTED_EDGE('',*,*,#1556,.F.);
#2164=ORIENTED_EDGE('',*,*,#1557,.F.);
#2165=ORIENTED_EDGE('',*,*,#1558,.F.);
#2166=ORIENTED_EDGE('',*,*,#1559,.F.);
#2167=ORIENTED_EDGE('',*,*,#1560,.F.);
#2168=ORIENTED_EDGE('',*,*,#1555,.T.);
#2169=ORIENTED_EDGE('',*,*,#1514,.F.);
#2170=ORIENTED_EDGE('',*,*,#1561,.F.);
#2171=ORIENTED_EDGE('',*,*,#1562,.F.);
#2172=ORIENTED_EDGE('',*,*,#1561,.T.);
#2173=ORIENTED_EDGE('',*,*,#1513,.F.);
#2174=ORIENTED_EDGE('',*,*,#1563,.F.);
#2175=ORIENTED_EDGE('',*,*,#1564,.F.);
#2176=ORIENTED_EDGE('',*,*,#1565,.F.);
#2177=ORIENTED_EDGE('',*,*,#1566,.F.);
#2178=ORIENTED_EDGE('',*,*,#1567,.F.);
#2179=ORIENTED_EDGE('',*,*,#1563,.T.);
#2180=ORIENTED_EDGE('',*,*,#1512,.F.);
#2181=ORIENTED_EDGE('',*,*,#1568,.F.);
#2182=ORIENTED_EDGE('',*,*,#1569,.F.);
#2183=ORIENTED_EDGE('',*,*,#1570,.F.);
#2184=ORIENTED_EDGE('',*,*,#1568,.T.);
#2185=ORIENTED_EDGE('',*,*,#1511,.F.);
#2186=ORIENTED_EDGE('',*,*,#1571,.F.);
#2187=ORIENTED_EDGE('',*,*,#1572,.F.);
#2188=ORIENTED_EDGE('',*,*,#1573,.F.);
#2189=ORIENTED_EDGE('',*,*,#1574,.F.);
#2190=ORIENTED_EDGE('',*,*,#1575,.F.);
#2191=ORIENTED_EDGE('',*,*,#1571,.T.);
#2192=ORIENTED_EDGE('',*,*,#1510,.F.);
#2193=ORIENTED_EDGE('',*,*,#1546,.T.);
#2194=ORIENTED_EDGE('',*,*,#1576,.F.);
#2195=ORIENTED_EDGE('',*,*,#1577,.F.);
#2196=ORIENTED_EDGE('',*,*,#1520,.F.);
#2197=ORIENTED_EDGE('',*,*,#1522,.F.);
#2198=ORIENTED_EDGE('',*,*,#1523,.F.);
#2199=ORIENTED_EDGE('',*,*,#1517,.F.);
#2200=ORIENTED_EDGE('',*,*,#1530,.F.);
#2201=ORIENTED_EDGE('',*,*,#1532,.F.);
#2202=ORIENTED_EDGE('',*,*,#1533,.F.);
#2203=ORIENTED_EDGE('',*,*,#1525,.F.);
#2204=ORIENTED_EDGE('',*,*,#1528,.F.);
#2205=ORIENTED_EDGE('',*,*,#1542,.F.);
#2206=ORIENTED_EDGE('',*,*,#1544,.F.);
#2207=ORIENTED_EDGE('',*,*,#1545,.F.);
#2208=ORIENTED_EDGE('',*,*,#1535,.F.);
#2209=ORIENTED_EDGE('',*,*,#1538,.F.);
#2210=ORIENTED_EDGE('',*,*,#1540,.F.);
#2211=ORIENTED_EDGE('',*,*,#1576,.T.);
#2212=ORIENTED_EDGE('',*,*,#1548,.T.);
#2213=ORIENTED_EDGE('',*,*,#1550,.T.);
#2214=ORIENTED_EDGE('',*,*,#1578,.F.);
#2215=ORIENTED_EDGE('',*,*,#1579,.F.);
#2216=ORIENTED_EDGE('',*,*,#1580,.F.);
#2217=ORIENTED_EDGE('',*,*,#1581,.F.);
#2218=ORIENTED_EDGE('',*,*,#1582,.F.);
#2219=ORIENTED_EDGE('',*,*,#1583,.F.);
#2220=ORIENTED_EDGE('',*,*,#1584,.F.);
#2221=ORIENTED_EDGE('',*,*,#1585,.F.);
#2222=ORIENTED_EDGE('',*,*,#1562,.T.);
#2223=ORIENTED_EDGE('',*,*,#1564,.T.);
#2224=ORIENTED_EDGE('',*,*,#1567,.T.);
#2225=ORIENTED_EDGE('',*,*,#1586,.F.);
#2226=ORIENTED_EDGE('',*,*,#1587,.F.);
#2227=ORIENTED_EDGE('',*,*,#1588,.F.);
#2228=ORIENTED_EDGE('',*,*,#1589,.F.);
#2229=ORIENTED_EDGE('',*,*,#1590,.F.);
#2230=ORIENTED_EDGE('',*,*,#1591,.F.);
#2231=ORIENTED_EDGE('',*,*,#1592,.F.);
#2232=ORIENTED_EDGE('',*,*,#1593,.F.);
#2233=ORIENTED_EDGE('',*,*,#1594,.F.);
#2234=ORIENTED_EDGE('',*,*,#1595,.F.);
#2235=ORIENTED_EDGE('',*,*,#1554,.T.);
#2236=ORIENTED_EDGE('',*,*,#1595,.T.);
#2237=ORIENTED_EDGE('',*,*,#1596,.F.);
#2238=ORIENTED_EDGE('',*,*,#1597,.F.);
#2239=ORIENTED_EDGE('',*,*,#1598,.F.);
#2240=ORIENTED_EDGE('',*,*,#1578,.T.);
#2241=ORIENTED_EDGE('',*,*,#1549,.T.);
#2242=ORIENTED_EDGE('',*,*,#1599,.F.);
#2243=ORIENTED_EDGE('',*,*,#1600,.F.);
#2244=ORIENTED_EDGE('',*,*,#1601,.F.);
#2245=ORIENTED_EDGE('',*,*,#1602,.F.);
#2246=ORIENTED_EDGE('',*,*,#1603,.F.);
#2247=ORIENTED_EDGE('',*,*,#1552,.T.);
#2248=ORIENTED_EDGE('',*,*,#1556,.T.);
#2249=ORIENTED_EDGE('',*,*,#1560,.T.);
#2250=ORIENTED_EDGE('',*,*,#1603,.T.);
#2251=ORIENTED_EDGE('',*,*,#1604,.F.);
#2252=ORIENTED_EDGE('',*,*,#1605,.F.);
#2253=ORIENTED_EDGE('',*,*,#1606,.F.);
#2254=ORIENTED_EDGE('',*,*,#1593,.T.);
#2255=ORIENTED_EDGE('',*,*,#1553,.T.);
#2256=ORIENTED_EDGE('',*,*,#1585,.T.);
#2257=ORIENTED_EDGE('',*,*,#1607,.F.);
#2258=ORIENTED_EDGE('',*,*,#1608,.F.);
#2259=ORIENTED_EDGE('',*,*,#1609,.F.);
#2260=ORIENTED_EDGE('',*,*,#1610,.F.);
#2261=ORIENTED_EDGE('',*,*,#1557,.T.);
#2262=ORIENTED_EDGE('',*,*,#1610,.T.);
#2263=ORIENTED_EDGE('',*,*,#1611,.F.);
#2264=ORIENTED_EDGE('',*,*,#1612,.F.);
#2265=ORIENTED_EDGE('',*,*,#1558,.T.);
#2266=ORIENTED_EDGE('',*,*,#1612,.T.);
#2267=ORIENTED_EDGE('',*,*,#1613,.F.);
#2268=ORIENTED_EDGE('',*,*,#1614,.F.);
#2269=ORIENTED_EDGE('',*,*,#1615,.F.);
#2270=ORIENTED_EDGE('',*,*,#1599,.T.);
#2271=ORIENTED_EDGE('',*,*,#1559,.T.);
#2272=ORIENTED_EDGE('',*,*,#1616,.F.);
#2273=ORIENTED_EDGE('',*,*,#1617,.F.);
#2274=ORIENTED_EDGE('',*,*,#1618,.F.);
#2275=ORIENTED_EDGE('',*,*,#1619,.F.);
#2276=ORIENTED_EDGE('',*,*,#1620,.F.);
#2277=ORIENTED_EDGE('',*,*,#1570,.T.);
#2278=ORIENTED_EDGE('',*,*,#1621,.T.);
#2279=ORIENTED_EDGE('',*,*,#1622,.T.);
#2280=ORIENTED_EDGE('',*,*,#1565,.T.);
#2281=ORIENTED_EDGE('',*,*,#1620,.T.);
#2282=ORIENTED_EDGE('',*,*,#1586,.T.);
#2283=ORIENTED_EDGE('',*,*,#1566,.T.);
#2284=ORIENTED_EDGE('',*,*,#1622,.F.);
#2285=ORIENTED_EDGE('',*,*,#1623,.F.);
#2286=ORIENTED_EDGE('',*,*,#1624,.F.);
#2287=ORIENTED_EDGE('',*,*,#1625,.F.);
#2288=ORIENTED_EDGE('',*,*,#1626,.F.);
#2289=ORIENTED_EDGE('',*,*,#1627,.F.);
#2290=ORIENTED_EDGE('',*,*,#1628,.F.);
#2291=ORIENTED_EDGE('',*,*,#1616,.T.);
#2292=ORIENTED_EDGE('',*,*,#1569,.T.);
#2293=ORIENTED_EDGE('',*,*,#1572,.T.);
#2294=ORIENTED_EDGE('',*,*,#1575,.T.);
#2295=ORIENTED_EDGE('',*,*,#1629,.F.);
#2296=ORIENTED_EDGE('',*,*,#1592,.T.);
#2297=ORIENTED_EDGE('',*,*,#1630,.F.);
#2298=ORIENTED_EDGE('',*,*,#1631,.F.);
#2299=ORIENTED_EDGE('',*,*,#1632,.F.);
#2300=ORIENTED_EDGE('',*,*,#1633,.F.);
#2301=ORIENTED_EDGE('',*,*,#1577,.T.);
#2302=ORIENTED_EDGE('',*,*,#1634,.T.);
#2303=ORIENTED_EDGE('',*,*,#1635,.T.);
#2304=ORIENTED_EDGE('',*,*,#1573,.T.);
#2305=ORIENTED_EDGE('',*,*,#1633,.T.);
#2306=ORIENTED_EDGE('',*,*,#1629,.T.);
#2307=ORIENTED_EDGE('',*,*,#1574,.T.);
#2308=ORIENTED_EDGE('',*,*,#1635,.F.);
#2309=ORIENTED_EDGE('',*,*,#1636,.F.);
#2310=ORIENTED_EDGE('',*,*,#1637,.F.);
#2311=ORIENTED_EDGE('',*,*,#1638,.F.);
#2312=ORIENTED_EDGE('',*,*,#1639,.T.);
#2313=ORIENTED_EDGE('',*,*,#1640,.T.);
#2314=ORIENTED_EDGE('',*,*,#1579,.T.);
#2315=ORIENTED_EDGE('',*,*,#1598,.T.);
#2316=ORIENTED_EDGE('',*,*,#1640,.F.);
#2317=ORIENTED_EDGE('',*,*,#1641,.F.);
#2318=ORIENTED_EDGE('',*,*,#1642,.F.);
#2319=ORIENTED_EDGE('',*,*,#1580,.T.);
#2320=ORIENTED_EDGE('',*,*,#1642,.T.);
#2321=ORIENTED_EDGE('',*,*,#1643,.F.);
#2322=ORIENTED_EDGE('',*,*,#1644,.F.);
#2323=ORIENTED_EDGE('',*,*,#1581,.T.);
#2324=ORIENTED_EDGE('',*,*,#1644,.T.);
#2325=ORIENTED_EDGE('',*,*,#1645,.F.);
#2326=ORIENTED_EDGE('',*,*,#1646,.F.);
#2327=ORIENTED_EDGE('',*,*,#1582,.T.);
#2328=ORIENTED_EDGE('',*,*,#1646,.T.);
#2329=ORIENTED_EDGE('',*,*,#1647,.F.);
#2330=ORIENTED_EDGE('',*,*,#1648,.F.);
#2331=ORIENTED_EDGE('',*,*,#1583,.T.);
#2332=ORIENTED_EDGE('',*,*,#1649,.T.);
#2333=ORIENTED_EDGE('',*,*,#1607,.T.);
#2334=ORIENTED_EDGE('',*,*,#1584,.T.);
#2335=ORIENTED_EDGE('',*,*,#1648,.T.);
#2336=ORIENTED_EDGE('',*,*,#1625,.T.);
#2337=ORIENTED_EDGE('',*,*,#1650,.T.);
#2338=ORIENTED_EDGE('',*,*,#1651,.T.);
#2339=ORIENTED_EDGE('',*,*,#1587,.T.);
#2340=ORIENTED_EDGE('',*,*,#1588,.T.);
#2341=ORIENTED_EDGE('',*,*,#1651,.F.);
#2342=ORIENTED_EDGE('',*,*,#1652,.F.);
#2343=ORIENTED_EDGE('',*,*,#1653,.F.);
#2344=ORIENTED_EDGE('',*,*,#1589,.T.);
#2345=ORIENTED_EDGE('',*,*,#1653,.T.);
#2346=ORIENTED_EDGE('',*,*,#1654,.F.);
#2347=ORIENTED_EDGE('',*,*,#1655,.F.);
#2348=ORIENTED_EDGE('',*,*,#1590,.T.);
#2349=ORIENTED_EDGE('',*,*,#1655,.T.);
#2350=ORIENTED_EDGE('',*,*,#1656,.F.);
#2351=ORIENTED_EDGE('',*,*,#1657,.F.);
#2352=ORIENTED_EDGE('',*,*,#1657,.T.);
#2353=ORIENTED_EDGE('',*,*,#1658,.T.);
#2354=ORIENTED_EDGE('',*,*,#1630,.T.);
#2355=ORIENTED_EDGE('',*,*,#1591,.T.);
#2356=ORIENTED_EDGE('',*,*,#1596,.T.);
#2357=ORIENTED_EDGE('',*,*,#1594,.T.);
#2358=ORIENTED_EDGE('',*,*,#1606,.T.);
#2359=ORIENTED_EDGE('',*,*,#1659,.F.);
#2360=ORIENTED_EDGE('',*,*,#1639,.F.);
#2361=ORIENTED_EDGE('',*,*,#1597,.T.);
#2362=ORIENTED_EDGE('',*,*,#1659,.T.);
#2363=ORIENTED_EDGE('',*,*,#1605,.T.);
#2364=ORIENTED_EDGE('',*,*,#1660,.T.);
#2365=ORIENTED_EDGE('',*,*,#1661,.T.);
#2366=ORIENTED_EDGE('',*,*,#1662,.T.);
#2367=ORIENTED_EDGE('',*,*,#1614,.T.);
#2368=ORIENTED_EDGE('',*,*,#1663,.T.);
#2369=ORIENTED_EDGE('',*,*,#1608,.T.);
#2370=ORIENTED_EDGE('',*,*,#1649,.F.);
#2371=ORIENTED_EDGE('',*,*,#1647,.T.);
#2372=ORIENTED_EDGE('',*,*,#1645,.T.);
#2373=ORIENTED_EDGE('',*,*,#1643,.T.);
#2374=ORIENTED_EDGE('',*,*,#1641,.T.);
#2375=ORIENTED_EDGE('',*,*,#1662,.F.);
#2376=ORIENTED_EDGE('',*,*,#1664,.T.);
#2377=ORIENTED_EDGE('',*,*,#1600,.T.);
#2378=ORIENTED_EDGE('',*,*,#1615,.T.);
#2379=ORIENTED_EDGE('',*,*,#1664,.F.);
#2380=ORIENTED_EDGE('',*,*,#1661,.F.);
#2381=ORIENTED_EDGE('',*,*,#1665,.F.);
#2382=ORIENTED_EDGE('',*,*,#1601,.T.);
#2383=ORIENTED_EDGE('',*,*,#1660,.F.);
#2384=ORIENTED_EDGE('',*,*,#1604,.T.);
#2385=ORIENTED_EDGE('',*,*,#1602,.T.);
#2386=ORIENTED_EDGE('',*,*,#1665,.T.);
#2387=ORIENTED_EDGE('',*,*,#1613,.T.);
#2388=ORIENTED_EDGE('',*,*,#1611,.T.);
#2389=ORIENTED_EDGE('',*,*,#1609,.T.);
#2390=ORIENTED_EDGE('',*,*,#1663,.F.);
#2391=ORIENTED_EDGE('',*,*,#1666,.T.);
#2392=ORIENTED_EDGE('',*,*,#1667,.T.);
#2393=ORIENTED_EDGE('',*,*,#1617,.T.);
#2394=ORIENTED_EDGE('',*,*,#1628,.T.);
#2395=ORIENTED_EDGE('',*,*,#1656,.T.);
#2396=ORIENTED_EDGE('',*,*,#1654,.T.);
#2397=ORIENTED_EDGE('',*,*,#1652,.T.);
#2398=ORIENTED_EDGE('',*,*,#1650,.F.);
#2399=ORIENTED_EDGE('',*,*,#1624,.T.);
#2400=ORIENTED_EDGE('',*,*,#1668,.F.);
#2401=ORIENTED_EDGE('',*,*,#1618,.T.);
#2402=ORIENTED_EDGE('',*,*,#1667,.F.);
#2403=ORIENTED_EDGE('',*,*,#1669,.F.);
#2404=ORIENTED_EDGE('',*,*,#1670,.F.);
#2405=ORIENTED_EDGE('',*,*,#1637,.T.);
#2406=ORIENTED_EDGE('',*,*,#1671,.F.);
#2407=ORIENTED_EDGE('',*,*,#1631,.T.);
#2408=ORIENTED_EDGE('',*,*,#1658,.F.);
#2409=ORIENTED_EDGE('',*,*,#1623,.T.);
#2410=ORIENTED_EDGE('',*,*,#1621,.F.);
#2411=ORIENTED_EDGE('',*,*,#1619,.T.);
#2412=ORIENTED_EDGE('',*,*,#1668,.T.);
#2413=ORIENTED_EDGE('',*,*,#1638,.T.);
#2414=ORIENTED_EDGE('',*,*,#1670,.T.);
#2415=ORIENTED_EDGE('',*,*,#1672,.T.);
#2416=ORIENTED_EDGE('',*,*,#1626,.T.);
#2417=ORIENTED_EDGE('',*,*,#1627,.T.);
#2418=ORIENTED_EDGE('',*,*,#1672,.F.);
#2419=ORIENTED_EDGE('',*,*,#1669,.T.);
#2420=ORIENTED_EDGE('',*,*,#1666,.F.);
#2421=ORIENTED_EDGE('',*,*,#1636,.T.);
#2422=ORIENTED_EDGE('',*,*,#1634,.F.);
#2423=ORIENTED_EDGE('',*,*,#1632,.T.);
#2424=ORIENTED_EDGE('',*,*,#1671,.T.);
#2425=PLANE('',#2651);
#2426=PLANE('',#2656);
#2427=PLANE('',#2657);
#2428=PLANE('',#2658);
#2429=PLANE('',#2659);
#2430=PLANE('',#2660);
#2431=PLANE('',#2661);
#2432=PLANE('',#2662);
#2433=PLANE('',#2663);
#2434=PLANE('',#2664);
#2435=PLANE('',#2665);
#2436=PLANE('',#2686);
#2437=PLANE('',#2687);
#2438=PLANE('',#2688);
#2439=PLANE('',#2689);
#2440=PLANE('',#2690);
#2441=PLANE('',#2691);
#2442=PLANE('',#2692);
#2443=PLANE('',#2693);
#2444=PLANE('',#2694);
#2445=PLANE('',#2697);
#2446=PLANE('',#2700);
#2447=PLANE('',#2703);
#2448=PLANE('',#2706);
#2449=PLANE('',#2707);
#2450=PLANE('',#2708);
#2451=PLANE('',#2709);
#2452=PLANE('',#2710);
#2453=PLANE('',#2711);
#2454=PLANE('',#2712);
#2455=PLANE('',#2717);
#2456=PLANE('',#2718);
#2457=PLANE('',#2719);
#2458=PLANE('',#2720);
#2459=PLANE('',#2721);
#2460=PLANE('',#2722);
#2461=PLANE('',#2723);
#2462=PLANE('',#2724);
#2463=PLANE('',#2725);
#2464=PLANE('',#2730);
#2465=PLANE('',#2735);
#2466=PLANE('',#2740);
#2467=PLANE('',#2745);
#2468=PLANE('',#2746);
#2469=PLANE('',#2747);
#2470=PLANE('',#2748);
#2471=PLANE('',#2753);
#2472=PLANE('',#2755);
#2473=PLANE('',#2756);
#2474=PLANE('',#2759);
#2475=PLANE('',#2760);
#2476=PLANE('',#2761);
#2477=PLANE('',#2763);
#2478=PLANE('',#2764);
#2479=PLANE('',#2765);
#2480=PLANE('',#2767);
#2481=PLANE('',#2768);
#2482=PLANE('',#2771);
#2483=PLANE('',#2772);
#2484=PLANE('',#2774);
#2485=PLANE('',#2777);
#2486=PLANE('',#2778);
#2487=PLANE('',#2779);
#2488=PLANE('',#2780);
#2489=PLANE('',#2785);
#2490=PLANE('',#2786);
#2491=PLANE('',#2787);
#2492=PLANE('',#2792);
#2493=PLANE('',#2797);
#2494=PLANE('',#2802);
#2495=PLANE('',#2808);
#2496=ADVANCED_FACE('',(#232,#137,#138,#139,#140,#141),#2425,.T.);
#2497=ADVANCED_FACE('',(#233),#2426,.T.);
#2498=ADVANCED_FACE('',(#234),#2427,.T.);
#2499=ADVANCED_FACE('',(#235),#2428,.T.);
#2500=ADVANCED_FACE('',(#236),#2429,.T.);
#2501=ADVANCED_FACE('',(#237),#2430,.T.);
#2502=ADVANCED_FACE('',(#238),#2431,.T.);
#2503=ADVANCED_FACE('',(#239),#2432,.T.);
#2504=ADVANCED_FACE('',(#240),#2433,.T.);
#2505=ADVANCED_FACE('',(#241),#95,.T.);
#2506=ADVANCED_FACE('',(#242),#96,.T.);
#2507=ADVANCED_FACE('',(#243),#97,.T.);
#2508=ADVANCED_FACE('',(#244),#98,.T.);
#2509=ADVANCED_FACE('',(#245),#99,.T.);
#2510=ADVANCED_FACE('',(#246),#2434,.T.);
#2511=ADVANCED_FACE('',(#247),#100,.T.);
#2512=ADVANCED_FACE('',(#248),#101,.T.);
#2513=ADVANCED_FACE('',(#249),#102,.T.);
#2514=ADVANCED_FACE('',(#250),#103,.T.);
#2515=ADVANCED_FACE('',(#251),#104,.T.);
#2516=ADVANCED_FACE('',(#252),#105,.T.);
#2517=ADVANCED_FACE('',(#253),#106,.T.);
#2518=ADVANCED_FACE('',(#254),#107,.T.);
#2519=ADVANCED_FACE('',(#255),#2435,.T.);
#2520=ADVANCED_FACE('',(#256),#108,.T.);
#2521=ADVANCED_FACE('',(#257),#109,.T.);
#2522=ADVANCED_FACE('',(#258),#110,.T.);
#2523=ADVANCED_FACE('',(#259),#111,.T.);
#2524=ADVANCED_FACE('',(#260),#112,.T.);
#2525=ADVANCED_FACE('',(#261),#113,.T.);
#2526=ADVANCED_FACE('',(#262),#91,.T.);
#2527=ADVANCED_FACE('',(#263),#67,.T.);
#2528=ADVANCED_FACE('',(#264),#92,.T.);
#2529=ADVANCED_FACE('',(#265),#68,.T.);
#2530=ADVANCED_FACE('',(#266),#93,.T.);
#2531=ADVANCED_FACE('',(#267),#69,.T.);
#2532=ADVANCED_FACE('',(#268),#94,.T.);
#2533=ADVANCED_FACE('',(#269),#70,.T.);
#2534=ADVANCED_FACE('',(#270),#114,.T.);
#2535=ADVANCED_FACE('',(#271),#115,.T.);
#2536=ADVANCED_FACE('',(#272),#116,.T.);
#2537=ADVANCED_FACE('',(#273),#117,.T.);
#2538=ADVANCED_FACE('',(#274),#2436,.T.);
#2539=ADVANCED_FACE('',(#275),#2437,.T.);
#2540=ADVANCED_FACE('',(#276),#2438,.T.);
#2541=ADVANCED_FACE('',(#277),#118,.T.);
#2542=ADVANCED_FACE('',(#278),#119,.T.);
#2543=ADVANCED_FACE('',(#279),#120,.T.);
#2544=ADVANCED_FACE('',(#280),#121,.T.);
#2545=ADVANCED_FACE('',(#281),#122,.T.);
#2546=ADVANCED_FACE('',(#282),#2439,.T.);
#2547=ADVANCED_FACE('',(#283),#2440,.T.);
#2548=ADVANCED_FACE('',(#284),#2441,.T.);
#2549=ADVANCED_FACE('',(#285,#142),#2442,.T.);
#2550=ADVANCED_FACE('',(#286),#2443,.T.);
#2551=ADVANCED_FACE('',(#287,#143),#2444,.T.);
#2552=ADVANCED_FACE('',(#288),#71,.T.);
#2553=ADVANCED_FACE('',(#289),#2445,.F.);
#2554=ADVANCED_FACE('',(#290),#72,.T.);
#2555=ADVANCED_FACE('',(#291),#2446,.F.);
#2556=ADVANCED_FACE('',(#292),#73,.T.);
#2557=ADVANCED_FACE('',(#293),#2447,.F.);
#2558=ADVANCED_FACE('',(#294),#74,.T.);
#2559=ADVANCED_FACE('',(#295),#2448,.F.);
#2560=ADVANCED_FACE('',(#296,#144),#2449,.T.);
#2561=ADVANCED_FACE('',(#297,#145,#146),#2450,.T.);
#2562=ADVANCED_FACE('',(#298),#2451,.T.);
#2563=ADVANCED_FACE('',(#299),#2452,.T.);
#2564=ADVANCED_FACE('',(#300),#2453,.T.);
#2565=ADVANCED_FACE('',(#301),#123,.T.);
#2566=ADVANCED_FACE('',(#302),#124,.T.);
#2567=ADVANCED_FACE('',(#303),#125,.T.);
#2568=ADVANCED_FACE('',(#304),#126,.T.);
#2569=ADVANCED_FACE('',(#305),#127,.T.);
#2570=ADVANCED_FACE('',(#306,#147),#2454,.T.);
#2571=ADVANCED_FACE('',(#307),#128,.T.);
#2572=ADVANCED_FACE('',(#308),#129,.T.);
#2573=ADVANCED_FACE('',(#309),#130,.T.);
#2574=ADVANCED_FACE('',(#310),#131,.T.);
#2575=ADVANCED_FACE('',(#311),#2455,.T.);
#2576=ADVANCED_FACE('',(#312),#2456,.T.);
#2577=ADVANCED_FACE('',(#313),#2457,.T.);
#2578=ADVANCED_FACE('',(#314),#132,.T.);
#2579=ADVANCED_FACE('',(#315),#133,.T.);
#2580=ADVANCED_FACE('',(#316),#2458,.T.);
#2581=ADVANCED_FACE('',(#317),#2459,.T.);
#2582=ADVANCED_FACE('',(#318),#2460,.T.);
#2583=ADVANCED_FACE('',(#319),#134,.T.);
#2584=ADVANCED_FACE('',(#320),#135,.T.);
#2585=ADVANCED_FACE('',(#321),#136,.T.);
#2586=ADVANCED_FACE('',(#322),#2461,.T.);
#2587=ADVANCED_FACE('',(#323),#2462,.T.);
#2588=ADVANCED_FACE('',(#324),#2463,.F.);
#2589=ADVANCED_FACE('',(#325),#75,.F.);
#2590=ADVANCED_FACE('',(#326),#2464,.F.);
#2591=ADVANCED_FACE('',(#327),#76,.F.);
#2592=ADVANCED_FACE('',(#328),#2465,.F.);
#2593=ADVANCED_FACE('',(#329),#77,.F.);
#2594=ADVANCED_FACE('',(#330),#2466,.F.);
#2595=ADVANCED_FACE('',(#331),#78,.F.);
#2596=ADVANCED_FACE('',(#332),#2467,.T.);
#2597=ADVANCED_FACE('',(#333),#2468,.T.);
#2598=ADVANCED_FACE('',(#334),#2469,.T.);
#2599=ADVANCED_FACE('',(#335),#2470,.F.);
#2600=ADVANCED_FACE('',(#336),#2471,.F.);
#2601=ADVANCED_FACE('',(#337),#2472,.F.);
#2602=ADVANCED_FACE('',(#338),#2473,.F.);
#2603=ADVANCED_FACE('',(#339),#2474,.F.);
#2604=ADVANCED_FACE('',(#340),#2475,.F.);
#2605=ADVANCED_FACE('',(#341),#2476,.F.);
#2606=ADVANCED_FACE('',(#342),#2477,.F.);
#2607=ADVANCED_FACE('',(#343),#2478,.F.);
#2608=ADVANCED_FACE('',(#344),#2479,.T.);
#2609=ADVANCED_FACE('',(#345),#2480,.F.);
#2610=ADVANCED_FACE('',(#346),#2481,.F.);
#2611=ADVANCED_FACE('',(#347),#2482,.F.);
#2612=ADVANCED_FACE('',(#348),#2483,.T.);
#2613=ADVANCED_FACE('',(#349),#2484,.F.);
#2614=ADVANCED_FACE('',(#350),#79,.T.);
#2615=ADVANCED_FACE('',(#351),#2485,.F.);
#2616=ADVANCED_FACE('',(#352),#2486,.F.);
#2617=ADVANCED_FACE('',(#353),#2487,.F.);
#2618=ADVANCED_FACE('',(#354),#2488,.F.);
#2619=ADVANCED_FACE('',(#355),#80,.T.);
#2620=ADVANCED_FACE('',(#356),#81,.T.);
#2621=ADVANCED_FACE('',(#357),#2489,.F.);
#2622=ADVANCED_FACE('',(#358),#2490,.F.);
#2623=ADVANCED_FACE('',(#359),#2491,.F.);
#2624=ADVANCED_FACE('',(#360),#82,.T.);
#2625=ADVANCED_FACE('',(#361),#83,.F.);
#2626=ADVANCED_FACE('',(#362),#2492,.T.);
#2627=ADVANCED_FACE('',(#363),#84,.T.);
#2628=ADVANCED_FACE('',(#364),#2493,.F.);
#2629=ADVANCED_FACE('',(#365),#85,.T.);
#2630=ADVANCED_FACE('',(#366),#86,.F.);
#2631=ADVANCED_FACE('',(#367),#87,.T.);
#2632=ADVANCED_FACE('',(#368),#2494,.F.);
#2633=ADVANCED_FACE('',(#369),#88,.F.);
#2634=ADVANCED_FACE('',(#370),#89,.T.);
#2635=ADVANCED_FACE('',(#371),#2495,.F.);
#2636=ADVANCED_FACE('',(#372),#90,.F.);
#2637=CLOSED_SHELL('',(#2496,#2497,#2498,#2499,#2500,#2501,#2502,#2503,
#2504,#2505,#2506,#2507,#2508,#2509,#2510,#2511,#2512,#2513,#2514,#2515,
#2516,#2517,#2518,#2519,#2520,#2521,#2522,#2523,#2524,#2525,#2526,#2527,
#2528,#2529,#2530,#2531,#2532,#2533,#2534,#2535,#2536,#2537,#2538,#2539,
#2540,#2541,#2542,#2543,#2544,#2545,#2546,#2547,#2548,#2549,#2550,#2551,
#2552,#2553,#2554,#2555,#2556,#2557,#2558,#2559,#2560,#2561,#2562,#2563,
#2564,#2565,#2566,#2567,#2568,#2569,#2570,#2571,#2572,#2573,#2574,#2575,
#2576,#2577,#2578,#2579,#2580,#2581,#2582,#2583,#2584,#2585,#2586,#2587,
#2588,#2589,#2590,#2591,#2592,#2593,#2594,#2595,#2596,#2597,#2598,#2599,
#2600,#2601,#2602,#2603,#2604,#2605,#2606,#2607,#2608,#2609,#2610,#2611,
#2612,#2613,#2614,#2615,#2616,#2617,#2618,#2619,#2620,#2621,#2622,#2623,
#2624,#2625,#2626,#2627,#2628,#2629,#2630,#2631,#2632,#2633,#2634,#2635,
#2636));
#2638=DERIVED_UNIT_ELEMENT(#2640,1.);
#2639=DERIVED_UNIT_ELEMENT(#6893,-3.);
#2640=(
MASS_UNIT()
NAMED_UNIT(*)
SI_UNIT(.KILO.,.GRAM.)
);
#2641=DERIVED_UNIT((#2638,#2639));
#2642=MEASURE_REPRESENTATION_ITEM('density measure',
POSITIVE_RATIO_MEASURE(7850.),#2641);
#2643=PROPERTY_DEFINITION_REPRESENTATION(#2648,#2645);
#2644=PROPERTY_DEFINITION_REPRESENTATION(#2649,#2646);
#2645=REPRESENTATION('material name',(#2647),#6890);
#2646=REPRESENTATION('density',(#2642),#6890);
#2647=DESCRIPTIVE_REPRESENTATION_ITEM('Stahl','Stahl');
#2648=PROPERTY_DEFINITION('material property','material name',#6900);
#2649=PROPERTY_DEFINITION('material property','density of part',#6900);
#2650=AXIS2_PLACEMENT_3D('placement',#3362,#2810,#2811);
#2651=AXIS2_PLACEMENT_3D('',#3363,#2812,#2813);
#2652=AXIS2_PLACEMENT_3D('',#3368,#2815,#2816);
#2653=AXIS2_PLACEMENT_3D('',#3372,#2818,#2819);
#2654=AXIS2_PLACEMENT_3D('',#3376,#2821,#2822);
#2655=AXIS2_PLACEMENT_3D('',#3379,#2824,#2825);
#2656=AXIS2_PLACEMENT_3D('',#3878,#2842,#2843);
#2657=AXIS2_PLACEMENT_3D('',#3884,#2847,#2848);
#2658=AXIS2_PLACEMENT_3D('',#3888,#2851,#2852);
#2659=AXIS2_PLACEMENT_3D('',#3892,#2855,#2856);
#2660=AXIS2_PLACEMENT_3D('',#3896,#2859,#2860);
#2661=AXIS2_PLACEMENT_3D('',#3900,#2863,#2864);
#2662=AXIS2_PLACEMENT_3D('',#3904,#2867,#2868);
#2663=AXIS2_PLACEMENT_3D('',#3908,#2871,#2872);
#2664=AXIS2_PLACEMENT_3D('',#4111,#2880,#2881);
#2665=AXIS2_PLACEMENT_3D('',#4419,#2892,#2893);
#2666=AXIS2_PLACEMENT_3D('',#4871,#2901,#2902);
#2667=AXIS2_PLACEMENT_3D('',#4873,#2903,#2904);
#2668=AXIS2_PLACEMENT_3D('',#4875,#2905,#2906);
#2669=AXIS2_PLACEMENT_3D('',#4876,#2907,#2908);
#2670=AXIS2_PLACEMENT_3D('',#4877,#2909,#2910);
#2671=AXIS2_PLACEMENT_3D('',#4879,#2911,#2912);
#2672=AXIS2_PLACEMENT_3D('',#4881,#2914,#2915);
#2673=AXIS2_PLACEMENT_3D('',#4883,#2916,#2917);
#2674=AXIS2_PLACEMENT_3D('',#4884,#2918,#2919);
#2675=AXIS2_PLACEMENT_3D('',#4885,#2920,#2921);
#2676=AXIS2_PLACEMENT_3D('',#4887,#2922,#2923);
#2677=AXIS2_PLACEMENT_3D('',#4889,#2925,#2926);
#2678=AXIS2_PLACEMENT_3D('',#4891,#2927,#2928);
#2679=AXIS2_PLACEMENT_3D('',#4892,#2929,#2930);
#2680=AXIS2_PLACEMENT_3D('',#4893,#2931,#2932);
#2681=AXIS2_PLACEMENT_3D('',#4895,#2933,#2934);
#2682=AXIS2_PLACEMENT_3D('',#4897,#2936,#2937);
#2683=AXIS2_PLACEMENT_3D('',#4899,#2938,#2939);
#2684=AXIS2_PLACEMENT_3D('',#4900,#2940,#2941);
#2685=AXIS2_PLACEMENT_3D('',#4901,#2942,#2943);
#2686=AXIS2_PLACEMENT_3D('',#5075,#2950,#2951);
#2687=AXIS2_PLACEMENT_3D('',#5079,#2954,#2955);
#2688=AXIS2_PLACEMENT_3D('',#5083,#2958,#2959);
#2689=AXIS2_PLACEMENT_3D('',#5386,#2967,#2968);
#2690=AXIS2_PLACEMENT_3D('',#5390,#2971,#2972);
#2691=AXIS2_PLACEMENT_3D('',#5394,#2975,#2976);
#2692=AXIS2_PLACEMENT_3D('',#5396,#2978,#2979);
#2693=AXIS2_PLACEMENT_3D('',#5403,#2983,#2984);
#2694=AXIS2_PLACEMENT_3D('',#5404,#2985,#2986);
#2695=AXIS2_PLACEMENT_3D('',#5505,#2987,#2988);
#2696=AXIS2_PLACEMENT_3D('',#5509,#2990,#2991);
#2697=AXIS2_PLACEMENT_3D('',#5511,#2993,#2994);
#2698=AXIS2_PLACEMENT_3D('',#5515,#2997,#2998);
#2699=AXIS2_PLACEMENT_3D('',#5518,#3000,#3001);
#2700=AXIS2_PLACEMENT_3D('',#5519,#3002,#3003);
#2701=AXIS2_PLACEMENT_3D('',#5523,#3006,#3007);
#2702=AXIS2_PLACEMENT_3D('',#5526,#3009,#3010);
#2703=AXIS2_PLACEMENT_3D('',#5527,#3011,#3012);
#2704=AXIS2_PLACEMENT_3D('',#5531,#3015,#3016);
#2705=AXIS2_PLACEMENT_3D('',#5534,#3018,#3019);
#2706=AXIS2_PLACEMENT_3D('',#5535,#3020,#3021);
#2707=AXIS2_PLACEMENT_3D('',#5537,#3023,#3024);
#2708=AXIS2_PLACEMENT_3D('',#5618,#3025,#3026);
#2709=AXIS2_PLACEMENT_3D('',#5785,#3033,#3034);
#2710=AXIS2_PLACEMENT_3D('',#5791,#3038,#3039);
#2711=AXIS2_PLACEMENT_3D('',#5795,#3042,#3043);
#2712=AXIS2_PLACEMENT_3D('',#6092,#3050,#3051);
#2713=AXIS2_PLACEMENT_3D('',#6095,#3052,#3053);
#2714=AXIS2_PLACEMENT_3D('',#6099,#3055,#3056);
#2715=AXIS2_PLACEMENT_3D('',#6103,#3058,#3059);
#2716=AXIS2_PLACEMENT_3D('',#6107,#3061,#3062);
#2717=AXIS2_PLACEMENT_3D('',#6345,#3068,#3069);
#2718=AXIS2_PLACEMENT_3D('',#6351,#3073,#3074);
#2719=AXIS2_PLACEMENT_3D('',#6355,#3077,#3078);
#2720=AXIS2_PLACEMENT_3D('',#6475,#3082,#3083);
#2721=AXIS2_PLACEMENT_3D('',#6481,#3087,#3088);
#2722=AXIS2_PLACEMENT_3D('',#6485,#3091,#3092);
#2723=AXIS2_PLACEMENT_3D('',#6628,#3097,#3098);
#2724=AXIS2_PLACEMENT_3D('',#6629,#3099,#3100);
#2725=AXIS2_PLACEMENT_3D('',#6630,#3101,#3102);
#2726=AXIS2_PLACEMENT_3D('',#6636,#3106,#3107);
#2727=AXIS2_PLACEMENT_3D('',#6640,#3109,#3110);
#2728=AXIS2_PLACEMENT_3D('',#6644,#3112,#3113);
#2729=AXIS2_PLACEMENT_3D('',#6647,#3115,#3116);
#2730=AXIS2_PLACEMENT_3D('',#6648,#3117,#3118);
#2731=AXIS2_PLACEMENT_3D('',#6652,#3121,#3122);
#2732=AXIS2_PLACEMENT_3D('',#6657,#3124,#3125);
#2733=AXIS2_PLACEMENT_3D('',#6660,#3127,#3128);
#2734=AXIS2_PLACEMENT_3D('',#6663,#3130,#3131);
#2735=AXIS2_PLACEMENT_3D('',#6664,#3132,#3133);
#2736=AXIS2_PLACEMENT_3D('',#6668,#3136,#3137);
#2737=AXIS2_PLACEMENT_3D('',#6671,#3138,#3139);
#2738=AXIS2_PLACEMENT_3D('',#6674,#3141,#3142);
#2739=AXIS2_PLACEMENT_3D('',#6678,#3144,#3145);
#2740=AXIS2_PLACEMENT_3D('',#6680,#3147,#3148);
#2741=AXIS2_PLACEMENT_3D('',#6684,#3151,#3152);
#2742=AXIS2_PLACEMENT_3D('',#6687,#3153,#3154);
#2743=AXIS2_PLACEMENT_3D('',#6690,#3156,#3157);
#2744=AXIS2_PLACEMENT_3D('',#6692,#3158,#3159);
#2745=AXIS2_PLACEMENT_3D('',#6694,#3161,#3162);
#2746=AXIS2_PLACEMENT_3D('',#6695,#3163,#3164);
#2747=AXIS2_PLACEMENT_3D('',#6696,#3165,#3166);
#2748=AXIS2_PLACEMENT_3D('',#6697,#3167,#3168);
#2749=AXIS2_PLACEMENT_3D('',#6701,#3170,#3171);
#2750=AXIS2_PLACEMENT_3D('',#6711,#3176,#3177);
#2751=AXIS2_PLACEMENT_3D('',#6716,#3180,#3181);
#2752=AXIS2_PLACEMENT_3D('',#6724,#3185,#3186);
#2753=AXIS2_PLACEMENT_3D('',#6726,#3188,#3189);
#2754=AXIS2_PLACEMENT_3D('',#6730,#3191,#3192);
#2755=AXIS2_PLACEMENT_3D('',#6732,#3194,#3195);
#2756=AXIS2_PLACEMENT_3D('',#6738,#3199,#3200);
#2757=AXIS2_PLACEMENT_3D('',#6742,#3202,#3203);
#2758=AXIS2_PLACEMENT_3D('',#6746,#3205,#3206);
#2759=AXIS2_PLACEMENT_3D('',#6748,#3208,#3209);
#2760=AXIS2_PLACEMENT_3D('',#6754,#3213,#3214);
#2761=AXIS2_PLACEMENT_3D('',#6762,#3219,#3220);
#2762=AXIS2_PLACEMENT_3D('',#6764,#3221,#3222);
#2763=AXIS2_PLACEMENT_3D('',#6766,#3224,#3225);
#2764=AXIS2_PLACEMENT_3D('',#6772,#3229,#3230);
#2765=AXIS2_PLACEMENT_3D('',#6782,#3236,#3237);
#2766=AXIS2_PLACEMENT_3D('',#6784,#3238,#3239);
#2767=AXIS2_PLACEMENT_3D('',#6786,#3241,#3242);
#2768=AXIS2_PLACEMENT_3D('',#6792,#3246,#3247);
#2769=AXIS2_PLACEMENT_3D('',#6795,#3248,#3249);
#2770=AXIS2_PLACEMENT_3D('',#6798,#3251,#3252);
#2771=AXIS2_PLACEMENT_3D('',#6800,#3254,#3255);
#2772=AXIS2_PLACEMENT_3D('',#6808,#3260,#3261);
#2773=AXIS2_PLACEMENT_3D('',#6810,#3262,#3263);
#2774=AXIS2_PLACEMENT_3D('',#6812,#3265,#3266);
#2775=AXIS2_PLACEMENT_3D('',#6818,#3270,#3271);
#2776=AXIS2_PLACEMENT_3D('',#6820,#3272,#3273);
#2777=AXIS2_PLACEMENT_3D('',#6822,#3275,#3276);
#2778=AXIS2_PLACEMENT_3D('',#6826,#3279,#3280);
#2779=AXIS2_PLACEMENT_3D('',#6830,#3283,#3284);
#2780=AXIS2_PLACEMENT_3D('',#6834,#3287,#3288);
#2781=AXIS2_PLACEMENT_3D('',#6838,#3291,#3292);
#2782=AXIS2_PLACEMENT_3D('',#6839,#3293,#3294);
#2783=AXIS2_PLACEMENT_3D('',#6840,#3295,#3296);
#2784=AXIS2_PLACEMENT_3D('',#6842,#3297,#3298);
#2785=AXIS2_PLACEMENT_3D('',#6844,#3300,#3301);
#2786=AXIS2_PLACEMENT_3D('',#6848,#3304,#3305);
#2787=AXIS2_PLACEMENT_3D('',#6852,#3308,#3309);
#2788=AXIS2_PLACEMENT_3D('',#6856,#3312,#3313);
#2789=AXIS2_PLACEMENT_3D('',#6857,#3314,#3315);
#2790=AXIS2_PLACEMENT_3D('',#6858,#3316,#3317);
#2791=AXIS2_PLACEMENT_3D('',#6859,#3318,#3319);
#2792=AXIS2_PLACEMENT_3D('',#6860,#3320,#3321);
#2793=AXIS2_PLACEMENT_3D('',#6862,#3322,#3323);
#2794=AXIS2_PLACEMENT_3D('',#6865,#3325,#3326);
#2795=AXIS2_PLACEMENT_3D('',#6866,#3327,#3328);
#2796=AXIS2_PLACEMENT_3D('',#6867,#3329,#3330);
#2797=AXIS2_PLACEMENT_3D('',#6869,#3332,#3333);
#2798=AXIS2_PLACEMENT_3D('',#6871,#3335,#3336);
#2799=AXIS2_PLACEMENT_3D('',#6872,#3337,#3338);
#2800=AXIS2_PLACEMENT_3D('',#6873,#3339,#3340);
#2801=AXIS2_PLACEMENT_3D('',#6876,#3342,#3343);
#2802=AXIS2_PLACEMENT_3D('',#6877,#3344,#3345);
#2803=AXIS2_PLACEMENT_3D('',#6878,#3346,#3347);
#2804=AXIS2_PLACEMENT_3D('',#6881,#3349,#3350);
#2805=AXIS2_PLACEMENT_3D('',#6882,#3351,#3352);
#2806=AXIS2_PLACEMENT_3D('',#6883,#3353,#3354);
#2807=AXIS2_PLACEMENT_3D('',#6884,#3355,#3356);
#2808=AXIS2_PLACEMENT_3D('',#6886,#3358,#3359);
#2809=AXIS2_PLACEMENT_3D('',#6887,#3360,#3361);
#2810=DIRECTION('axis',(0.,0.,1.));
#2811=DIRECTION('refdir',(1.,0.,0.));
#2812=DIRECTION('center_axis',(0.,0.,1.));
#2813=DIRECTION('ref_axis',(1.,0.,0.));
#2814=DIRECTION('',(-1.,0.,0.));
#2815=DIRECTION('center_axis',(-5.47729410580053E-15,6.46856466350156E-15,
1.));
#2816=DIRECTION('ref_axis',(-1.,9.91270557701032E-16,-5.94762334620619E-15));
#2817=DIRECTION('',(0.,-1.,0.));
#2818=DIRECTION('center_axis',(7.11305474282878E-16,1.70257603198391E-15,
1.));
#2819=DIRECTION('ref_axis',(-1.98254111540206E-15,-1.,1.98254111540206E-15));
#2820=DIRECTION('',(1.,0.,0.));
#2821=DIRECTION('center_axis',(-2.39329004592816E-15,2.39329004592816E-15,
1.));
#2822=DIRECTION('ref_axis',(1.,5.94762334620623E-15,1.98254111540208E-15));
#2823=DIRECTION('',(0.,1.,0.));
#2824=DIRECTION('center_axis',(4.78658009185637E-15,4.78658009185638E-15,
1.));
#2825=DIRECTION('ref_axis',(1.98254111540206E-15,1.,-4.95635278850514E-15));
#2826=DIRECTION('',(0.547387929885783,0.836878996160948,0.));
#2827=DIRECTION('',(0.786397428722926,-0.617720878793951,0.));
#2828=DIRECTION('',(-0.547305260353808,-0.836933063027773,0.));
#2829=DIRECTION('',(-1.,0.,0.));
#2830=DIRECTION('',(0.,1.,0.));
#2831=DIRECTION('',(1.,0.,0.));
#2832=DIRECTION('',(-0.428596026355544,-0.903496234741594,0.));
#2833=DIRECTION('',(-1.,0.,0.));
#2834=DIRECTION('',(0.428584206872173,0.903501841514311,0.));
#2835=DIRECTION('',(1.,0.,0.));
#2836=DIRECTION('',(0.419058177461746,-0.907959384500452,0.));
#2837=DIRECTION('',(-1.,0.,0.));
#2838=DIRECTION('',(-0.418842224744608,0.908059023836549,0.));
#2839=DIRECTION('',(-1.,0.,0.));
#2840=DIRECTION('',(0.857672202911258,0.514196842029733,0.));
#2841=DIRECTION('',(-0.796919912987492,-0.604084971079408,0.));
#2842=DIRECTION('center_axis',(0.,1.,0.));
#2843=DIRECTION('ref_axis',(0.,0.,1.));
#2844=DIRECTION('',(-1.,0.,0.));
#2845=DIRECTION('',(0.,0.,1.));
#2846=DIRECTION('',(0.,0.,-1.));
#2847=DIRECTION('center_axis',(-0.903496234741594,0.428596026355544,0.));
#2848=DIRECTION('ref_axis',(-0.428596026355544,-0.903496234741594,0.));
#2849=DIRECTION('',(-0.428596026355544,-0.903496234741594,0.));
#2850=DIRECTION('',(0.,0.,-1.));
#2851=DIRECTION('center_axis',(0.,1.,0.));
#2852=DIRECTION('ref_axis',(0.,0.,1.));
#2853=DIRECTION('',(-1.,0.,0.));
#2854=DIRECTION('',(0.,0.,-1.));
#2855=DIRECTION('center_axis',(0.908059023836549,0.418842224744609,0.));
#2856=DIRECTION('ref_axis',(-0.418842224744609,0.908059023836549,0.));
#2857=DIRECTION('',(-0.418842224744608,0.908059023836549,0.));
#2858=DIRECTION('',(0.,0.,-1.));
#2859=DIRECTION('center_axis',(0.,1.,0.));
#2860=DIRECTION('ref_axis',(0.,0.,1.));
#2861=DIRECTION('',(-1.,0.,0.));
#2862=DIRECTION('',(0.,0.,-1.));
#2863=DIRECTION('center_axis',(-0.907959384500452,-0.419058177461747,0.));
#2864=DIRECTION('ref_axis',(0.419058177461747,-0.907959384500452,0.));
#2865=DIRECTION('',(0.419058177461747,-0.907959384500452,0.));
#2866=DIRECTION('',(0.,0.,-1.));
#2867=DIRECTION('center_axis',(0.,-1.,0.));
#2868=DIRECTION('ref_axis',(0.,0.,-1.));
#2869=DIRECTION('',(1.,0.,0.));
#2870=DIRECTION('',(0.,0.,-1.));
#2871=DIRECTION('center_axis',(0.903501841514311,-0.428584206872173,0.));
#2872=DIRECTION('ref_axis',(0.428584206872173,0.903501841514311,0.));
#2873=DIRECTION('',(0.428584206872173,0.903501841514311,0.));
#2874=DIRECTION('',(0.,0.,1.));
#2875=DIRECTION('',(0.,0.,-1.));
#2876=DIRECTION('',(0.,0.,-1.));
#2877=DIRECTION('',(0.,0.,-1.));
#2878=DIRECTION('',(0.,0.,-1.));
#2879=DIRECTION('',(0.,0.,-1.));
#2880=DIRECTION('center_axis',(-0.604084971079407,0.796919912987492,0.));
#2881=DIRECTION('ref_axis',(-0.796919912987492,-0.604084971079407,0.));
#2882=DIRECTION('',(-0.796919912987492,-0.604084971079407,0.));
#2883=DIRECTION('',(0.,0.,-1.));
#2884=DIRECTION('',(0.,0.,-1.));
#2885=DIRECTION('',(0.,0.,-1.));
#2886=DIRECTION('',(0.,0.,-1.));
#2887=DIRECTION('',(0.,0.,-1.));
#2888=DIRECTION('',(0.,0.,-1.));
#2889=DIRECTION('',(0.,0.,-1.));
#2890=DIRECTION('',(0.,0.,-1.));
#2891=DIRECTION('',(0.,0.,-1.));
#2892=DIRECTION('center_axis',(0.514196842029735,-0.857672202911257,0.));
#2893=DIRECTION('ref_axis',(0.857672202911257,0.514196842029735,0.));
#2894=DIRECTION('',(0.857672202911257,0.514196842029735,0.));
#2895=DIRECTION('',(0.,0.,-1.));
#2896=DIRECTION('',(0.,0.,-1.));
#2897=DIRECTION('',(0.,0.,1.));
#2898=DIRECTION('',(0.,0.,-1.));
#2899=DIRECTION('',(0.,0.,-1.));
#2900=DIRECTION('',(0.,0.,-1.));
#2901=DIRECTION('center_axis',(0.,0.,1.));
#2902=DIRECTION('ref_axis',(1.,0.,0.));
#2903=DIRECTION('center_axis',(1.22464679914735E-16,1.,0.));
#2904=DIRECTION('ref_axis',(-1.,1.22464679914735E-16,0.));
#2905=DIRECTION('center_axis',(-1.,6.12323399573677E-17,0.));
#2906=DIRECTION('ref_axis',(6.12323399573676E-17,1.,0.));
#2907=DIRECTION('center_axis',(0.,0.,1.));
#2908=DIRECTION('ref_axis',(1.,0.,0.));
#2909=DIRECTION('center_axis',(1.,0.,0.));
#2910=DIRECTION('ref_axis',(0.,0.,-1.));
#2911=DIRECTION('center_axis',(-1.,0.,0.));
#2912=DIRECTION('ref_axis',(0.,0.,-1.));
#2913=DIRECTION('',(-1.,0.,0.));
#2914=DIRECTION('center_axis',(-2.01360922755238E-15,-4.54135921517875E-16,
1.));
#2915=DIRECTION('ref_axis',(1.,0.,2.22044604925037E-15));
#2916=DIRECTION('center_axis',(0.,1.,0.));
#2917=DIRECTION('ref_axis',(1.,0.,0.));
#2918=DIRECTION('center_axis',(0.,0.,1.));
#2919=DIRECTION('ref_axis',(1.,0.,0.));
#2920=DIRECTION('center_axis',(0.,-1.,0.));
#2921=DIRECTION('ref_axis',(0.,0.,-1.));
#2922=DIRECTION('center_axis',(0.,1.,0.));
#2923=DIRECTION('ref_axis',(0.,0.,-1.));
#2924=DIRECTION('',(0.,1.,0.));
#2925=DIRECTION('center_axis',(7.74715463900517E-15,-4.83088980215058E-15,
1.));
#2926=DIRECTION('ref_axis',(1.,0.,-7.77156117237599E-15));
#2927=DIRECTION('center_axis',(1.,-1.83697019872103E-16,0.));
#2928=DIRECTION('ref_axis',(-1.83697019872103E-16,-1.,0.));
#2929=DIRECTION('center_axis',(0.,0.,1.));
#2930=DIRECTION('ref_axis',(1.,0.,0.));
#2931=DIRECTION('center_axis',(-1.,0.,0.));
#2932=DIRECTION('ref_axis',(0.,0.,1.));
#2933=DIRECTION('center_axis',(1.,0.,0.));
#2934=DIRECTION('ref_axis',(0.,0.,1.));
#2935=DIRECTION('',(1.,0.,0.));
#2936=DIRECTION('center_axis',(-8.85810825725498E-15,-8.65542648204062E-15,
1.));
#2937=DIRECTION('ref_axis',(1.,0.,8.88178419700145E-15));
#2938=DIRECTION('center_axis',(-1.22464679914735E-16,-1.,0.));
#2939=DIRECTION('ref_axis',(-1.,1.22464679914735E-16,0.));
#2940=DIRECTION('center_axis',(0.,0.,1.));
#2941=DIRECTION('ref_axis',(1.,0.,0.));
#2942=DIRECTION('center_axis',(0.,1.,0.));
#2943=DIRECTION('ref_axis',(0.,0.,1.));
#2944=DIRECTION('',(0.,-1.,0.));
#2945=DIRECTION('',(0.,0.,1.));
#2946=DIRECTION('',(0.,0.,-1.));
#2947=DIRECTION('',(0.,0.,-1.));
#2948=DIRECTION('',(0.,0.,-1.));
#2949=DIRECTION('',(0.,0.,-1.));
#2950=DIRECTION('center_axis',(-0.836933063027773,0.547305260353808,0.));
#2951=DIRECTION('ref_axis',(-0.547305260353808,-0.836933063027773,0.));
#2952=DIRECTION('',(-0.547305260353808,-0.836933063027773,0.));
#2953=DIRECTION('',(0.,0.,-1.));
#2954=DIRECTION('center_axis',(-0.617720878793951,-0.786397428722926,0.));
#2955=DIRECTION('ref_axis',(0.786397428722926,-0.617720878793951,0.));
#2956=DIRECTION('',(0.786397428722926,-0.617720878793951,0.));
#2957=DIRECTION('',(0.,0.,-1.));
#2958=DIRECTION('center_axis',(0.836878996160948,-0.547387929885783,0.));
#2959=DIRECTION('ref_axis',(0.547387929885783,0.836878996160949,0.));
#2960=DIRECTION('',(0.547387929885783,0.836878996160948,0.));
#2961=DIRECTION('',(0.,0.,-1.));
#2962=DIRECTION('',(0.,0.,1.));
#2963=DIRECTION('',(0.,0.,-1.));
#2964=DIRECTION('',(0.,0.,-1.));
#2965=DIRECTION('',(0.,0.,-1.));
#2966=DIRECTION('',(0.,0.,-1.));
#2967=DIRECTION('center_axis',(0.,-1.,0.));
#2968=DIRECTION('ref_axis',(0.,0.,-1.));
#2969=DIRECTION('',(1.,0.,0.));
#2970=DIRECTION('',(0.,0.,-1.));
#2971=DIRECTION('center_axis',(1.,0.,0.));
#2972=DIRECTION('ref_axis',(0.,0.,-1.));
#2973=DIRECTION('',(0.,1.,0.));
#2974=DIRECTION('',(0.,0.,-1.));
#2975=DIRECTION('center_axis',(0.,1.,0.));
#2976=DIRECTION('ref_axis',(0.,0.,1.));
#2977=DIRECTION('',(-1.,0.,0.));
#2978=DIRECTION('center_axis',(0.,0.,1.));
#2979=DIRECTION('ref_axis',(1.,0.,0.));
#2980=DIRECTION('',(0.42835111915628,0.903612371936973,0.));
#2981=DIRECTION('',(0.418997788826974,-0.907987253742092,0.));
#2982=DIRECTION('',(-1.,0.,0.));
#2983=DIRECTION('center_axis',(-6.54118664971017E-15,-3.38272178543337E-13,
1.));
#2984=DIRECTION('ref_axis',(0.,-1.,-3.38272178543337E-13));
#2985=DIRECTION('center_axis',(-5.24337748668767E-15,-3.10361521616898E-13,
1.));
#2986=DIRECTION('ref_axis',(0.,-1.,-3.10361521616898E-13));
#2987=DIRECTION('center_axis',(0.,0.,-1.));
#2988=DIRECTION('ref_axis',(-1.,0.,0.));
#2989=DIRECTION('',(0.,0.,-1.));
#2990=DIRECTION('center_axis',(0.,0.,-1.));
#2991=DIRECTION('ref_axis',(-1.,0.,0.));
#2992=DIRECTION('',(0.,0.,1.));
#2993=DIRECTION('center_axis',(0.,-1.,0.));
#2994=DIRECTION('ref_axis',(0.,0.,-1.));
#2995=DIRECTION('',(0.,0.,1.));
#2996=DIRECTION('',(1.,0.,0.));
#2997=DIRECTION('center_axis',(0.,0.,-1.));
#2998=DIRECTION('ref_axis',(-1.,0.,0.));
#2999=DIRECTION('',(0.,0.,-1.));
#3000=DIRECTION('center_axis',(0.,0.,1.));
#3001=DIRECTION('ref_axis',(-1.,0.,0.));
#3002=DIRECTION('center_axis',(-1.,0.,0.));
#3003=DIRECTION('ref_axis',(0.,0.,1.));
#3004=DIRECTION('',(0.,0.,1.));
#3005=DIRECTION('',(0.,-1.,0.));
#3006=DIRECTION('center_axis',(0.,0.,-1.));
#3007=DIRECTION('ref_axis',(-1.,0.,0.));
#3008=DIRECTION('',(0.,0.,-1.));
#3009=DIRECTION('center_axis',(0.,0.,1.));
#3010=DIRECTION('ref_axis',(-1.,0.,0.));
#3011=DIRECTION('center_axis',(0.,1.,0.));
#3012=DIRECTION('ref_axis',(0.,0.,1.));
#3013=DIRECTION('',(0.,0.,1.));
#3014=DIRECTION('',(-1.,0.,0.));
#3015=DIRECTION('center_axis',(0.,0.,-1.));
#3016=DIRECTION('ref_axis',(-1.,0.,0.));
#3017=DIRECTION('',(0.,0.,-1.));
#3018=DIRECTION('center_axis',(0.,0.,1.));
#3019=DIRECTION('ref_axis',(-1.,-1.0842021724855E-15,0.));
#3020=DIRECTION('center_axis',(1.,0.,0.));
#3021=DIRECTION('ref_axis',(0.,0.,-1.));
#3022=DIRECTION('',(0.,1.,0.));
#3023=DIRECTION('center_axis',(-6.55413824813096E-14,5.40083438607827E-13,
1.));
#3024=DIRECTION('ref_axis',(0.,-1.,5.40083438607827E-13));
#3025=DIRECTION('center_axis',(-1.38900346452339E-15,-2.64194400415182E-13,
1.));
#3026=DIRECTION('ref_axis',(0.,-1.,-2.64194400415182E-13));
#3027=DIRECTION('',(0.,1.,2.64194400415182E-13));
#3028=DIRECTION('',(1.,-3.66966937484366E-28,1.38900346452339E-15));
#3029=DIRECTION('',(-1.,3.66966937484366E-28,-1.38900346452339E-15));
#3030=DIRECTION('',(0.,1.,2.64194400415182E-13));
#3031=DIRECTION('',(1.,-3.66966937484366E-28,1.38900346452339E-15));
#3032=DIRECTION('',(-1.,3.66966937484366E-28,-1.38900346452339E-15));
#3033=DIRECTION('center_axis',(0.907987253742092,0.418997788826974,0.));
#3034=DIRECTION('ref_axis',(-0.418997788826974,0.907987253742092,0.));
#3035=DIRECTION('',(0.,0.,1.));
#3036=DIRECTION('',(0.418997788826974,-0.907987253742092,0.));
#3037=DIRECTION('',(0.,0.,-1.));
#3038=DIRECTION('center_axis',(-0.903612371936973,0.428351119156279,0.));
#3039=DIRECTION('ref_axis',(-0.428351119156279,-0.903612371936974,0.));
#3040=DIRECTION('',(0.,0.,1.));
#3041=DIRECTION('',(0.428351119156279,0.903612371936973,0.));
#3042=DIRECTION('center_axis',(0.,-1.,0.));
#3043=DIRECTION('ref_axis',(0.,0.,-1.));
#3044=DIRECTION('',(-1.,0.,0.));
#3045=DIRECTION('',(0.,0.,1.));
#3046=DIRECTION('',(0.,0.,-1.));
#3047=DIRECTION('',(0.,0.,1.));
#3048=DIRECTION('',(0.,0.,1.));
#3049=DIRECTION('',(0.,0.,1.));
#3050=DIRECTION('center_axis',(0.,0.,1.));
#3051=DIRECTION('ref_axis',(1.,0.,0.));
#3052=DIRECTION('center_axis',(0.,0.,-1.));
#3053=DIRECTION('ref_axis',(-1.,0.,0.));
#3054=DIRECTION('',(1.,0.,0.));
#3055=DIRECTION('center_axis',(0.,0.,-1.));
#3056=DIRECTION('ref_axis',(-1.,0.,0.));
#3057=DIRECTION('',(0.,1.,0.));
#3058=DIRECTION('center_axis',(0.,0.,-1.));
#3059=DIRECTION('ref_axis',(-1.,0.,0.));
#3060=DIRECTION('',(-1.,0.,0.));
#3061=DIRECTION('center_axis',(0.,0.,-1.));
#3062=DIRECTION('ref_axis',(-1.,0.,0.));
#3063=DIRECTION('',(0.,-1.,0.));
#3064=DIRECTION('',(0.,0.,1.));
#3065=DIRECTION('',(0.,0.,-1.));
#3066=DIRECTION('',(0.,0.,1.));
#3067=DIRECTION('',(0.,0.,1.));
#3068=DIRECTION('center_axis',(0.,1.,0.));
#3069=DIRECTION('ref_axis',(0.,0.,1.));
#3070=DIRECTION('',(0.,0.,1.));
#3071=DIRECTION('',(1.,0.,0.));
#3072=DIRECTION('',(0.,0.,-1.));
#3073=DIRECTION('center_axis',(-1.,0.,0.));
#3074=DIRECTION('ref_axis',(0.,0.,1.));
#3075=DIRECTION('',(0.,0.,1.));
#3076=DIRECTION('',(0.,1.,0.));
#3077=DIRECTION('center_axis',(0.,-1.,0.));
#3078=DIRECTION('ref_axis',(0.,0.,-1.));
#3079=DIRECTION('',(0.,0.,1.));
#3080=DIRECTION('',(-1.,0.,0.));
#3081=DIRECTION('',(0.,0.,1.));
#3082=DIRECTION('center_axis',(0.,1.,0.));
#3083=DIRECTION('ref_axis',(0.,0.,1.));
#3084=DIRECTION('',(0.,0.,1.));
#3085=DIRECTION('',(1.,0.,0.));
#3086=DIRECTION('',(0.,0.,-1.));
#3087=DIRECTION('center_axis',(-1.,0.,0.));
#3088=DIRECTION('ref_axis',(0.,0.,1.));
#3089=DIRECTION('',(0.,0.,1.));
#3090=DIRECTION('',(0.,1.,0.));
#3091=DIRECTION('center_axis',(0.,-1.,0.));
#3092=DIRECTION('ref_axis',(0.,0.,-1.));
#3093=DIRECTION('',(0.,0.,1.));
#3094=DIRECTION('',(-1.,0.,0.));
#3095=DIRECTION('',(0.,0.,1.));
#3096=DIRECTION('',(0.,0.,1.));
#3097=DIRECTION('center_axis',(0.,0.,1.));
#3098=DIRECTION('ref_axis',(1.,0.,0.));
#3099=DIRECTION('center_axis',(0.,0.,1.));
#3100=DIRECTION('ref_axis',(1.,0.,0.));
#3101=DIRECTION('center_axis',(0.,1.,0.));
#3102=DIRECTION('ref_axis',(0.,0.,1.));
#3103=DIRECTION('',(0.,0.,-1.));
#3104=DIRECTION('',(0.,0.,1.));
#3105=DIRECTION('',(-1.,0.,0.));
#3106=DIRECTION('center_axis',(0.,0.,-1.));
#3107=DIRECTION('ref_axis',(-1.,0.,0.));
#3108=DIRECTION('',(0.,0.,1.));
#3109=DIRECTION('center_axis',(0.,0.,1.));
#3110=DIRECTION('ref_axis',(1.,0.,0.));
#3111=DIRECTION('',(0.,0.,1.));
#3112=DIRECTION('center_axis',(0.,0.,1.));
#3113=DIRECTION('ref_axis',(1.,0.,0.));
#3114=DIRECTION('',(0.,0.,-1.));
#3115=DIRECTION('center_axis',(0.,0.,1.));
#3116=DIRECTION('ref_axis',(-1.,9.85638338623185E-16,0.));
#3117=DIRECTION('center_axis',(1.,2.21265749486838E-16,0.));
#3118=DIRECTION('ref_axis',(-2.21265749486838E-16,1.,0.));
#3119=DIRECTION('',(0.,0.,1.));
#3120=DIRECTION('',(-2.21265749486838E-16,1.,0.));
#3121=DIRECTION('center_axis',(0.,0.,-1.));
#3122=DIRECTION('ref_axis',(-1.,0.,0.));
#3123=DIRECTION('',(0.,0.,-1.));
#3124=DIRECTION('center_axis',(0.,0.,1.));
#3125=DIRECTION('ref_axis',(-1.,0.,0.));
#3126=DIRECTION('',(0.,0.,1.));
#3127=DIRECTION('center_axis',(0.,0.,1.));
#3128=DIRECTION('ref_axis',(1.,0.,0.));
#3129=DIRECTION('',(0.,0.,1.));
#3130=DIRECTION('center_axis',(0.,0.,1.));
#3131=DIRECTION('ref_axis',(1.,0.,0.));
#3132=DIRECTION('center_axis',(0.,-1.,0.));
#3133=DIRECTION('ref_axis',(0.,0.,-1.));
#3134=DIRECTION('',(0.,0.,1.));
#3135=DIRECTION('',(1.,0.,0.));
#3136=DIRECTION('center_axis',(0.,0.,-1.));
#3137=DIRECTION('ref_axis',(-1.,0.,0.));
#3138=DIRECTION('center_axis',(0.,0.,1.));
#3139=DIRECTION('ref_axis',(-1.,0.,0.));
#3140=DIRECTION('',(0.,0.,1.));
#3141=DIRECTION('center_axis',(0.,0.,1.));
#3142=DIRECTION('ref_axis',(1.,0.,0.));
#3143=DIRECTION('',(0.,0.,1.));
#3144=DIRECTION('center_axis',(0.,0.,1.));
#3145=DIRECTION('ref_axis',(1.,0.,0.));
#3146=DIRECTION('',(0.,0.,-1.));
#3147=DIRECTION('center_axis',(-1.,0.,0.));
#3148=DIRECTION('ref_axis',(0.,0.,1.));
#3149=DIRECTION('',(0.,0.,1.));
#3150=DIRECTION('',(0.,-1.,0.));
#3151=DIRECTION('center_axis',(0.,0.,-1.));
#3152=DIRECTION('ref_axis',(-1.,0.,0.));
#3153=DIRECTION('center_axis',(0.,0.,1.));
#3154=DIRECTION('ref_axis',(-1.,-9.85638338623186E-16,0.));
#3155=DIRECTION('',(0.,0.,1.));
#3156=DIRECTION('center_axis',(0.,0.,1.));
#3157=DIRECTION('ref_axis',(1.,0.,0.));
#3158=DIRECTION('center_axis',(0.,0.,1.));
#3159=DIRECTION('ref_axis',(1.,0.,0.));
#3160=DIRECTION('',(0.,0.,-1.));
#3161=DIRECTION('center_axis',(0.,0.,1.));
#3162=DIRECTION('ref_axis',(1.,0.,0.));
#3163=DIRECTION('center_axis',(0.,0.,1.));
#3164=DIRECTION('ref_axis',(1.,0.,0.));
#3165=DIRECTION('center_axis',(0.,0.,1.));
#3166=DIRECTION('ref_axis',(1.,0.,0.));
#3167=DIRECTION('center_axis',(0.,0.,1.));
#3168=DIRECTION('ref_axis',(1.,0.,0.));
#3169=DIRECTION('',(-1.,0.,0.));
#3170=DIRECTION('center_axis',(0.,0.,-1.));
#3171=DIRECTION('ref_axis',(-1.,0.,0.));
#3172=DIRECTION('',(-1.,0.,0.));
#3173=DIRECTION('',(-0.707106781186548,-0.707106781186547,0.));
#3174=DIRECTION('',(0.,-1.,0.));
#3175=DIRECTION('',(1.,0.,0.));
#3176=DIRECTION('center_axis',(0.,0.,-1.));
#3177=DIRECTION('ref_axis',(-1.,0.,0.));
#3178=DIRECTION('',(1.,0.,0.));
#3179=DIRECTION('',(1.,0.,0.));
#3180=DIRECTION('center_axis',(0.,0.,-1.));
#3181=DIRECTION('ref_axis',(-1.,0.,0.));
#3182=DIRECTION('',(1.,0.,0.));
#3183=DIRECTION('',(0.,1.,0.));
#3184=DIRECTION('',(-1.,0.,0.));
#3185=DIRECTION('center_axis',(0.,0.,-1.));
#3186=DIRECTION('ref_axis',(-1.,0.,0.));
#3187=DIRECTION('',(-1.,0.,0.));
#3188=DIRECTION('center_axis',(0.,0.,-1.));
#3189=DIRECTION('ref_axis',(-1.,0.,0.));
#3190=DIRECTION('',(0.,1.,0.));
#3191=DIRECTION('center_axis',(0.,0.,1.));
#3192=DIRECTION('ref_axis',(-1.,0.,0.));
#3193=DIRECTION('',(-1.,0.,0.));
#3194=DIRECTION('center_axis',(0.,1.,0.));
#3195=DIRECTION('ref_axis',(0.,0.,1.));
#3196=DIRECTION('',(0.,0.,1.));
#3197=DIRECTION('',(-1.,0.,0.));
#3198=DIRECTION('',(0.,0.,-1.));
#3199=DIRECTION('center_axis',(0.,0.,1.));
#3200=DIRECTION('ref_axis',(1.,0.,0.));
#3201=DIRECTION('',(0.,1.,0.));
#3202=DIRECTION('center_axis',(0.,0.,-1.));
#3203=DIRECTION('ref_axis',(-1.,0.,0.));
#3204=DIRECTION('',(0.,1.,0.));
#3205=DIRECTION('center_axis',(0.,0.,-1.));
#3206=DIRECTION('ref_axis',(-1.,0.,0.));
#3207=DIRECTION('',(0.,1.,0.));
#3208=DIRECTION('center_axis',(1.,-4.33680868994208E-14,0.));
#3209=DIRECTION('ref_axis',(4.33680868994208E-14,1.,0.));
#3210=DIRECTION('',(0.,0.,1.));
#3211=DIRECTION('',(4.33680868994208E-14,1.,0.));
#3212=DIRECTION('',(0.,0.,-1.));
#3213=DIRECTION('center_axis',(0.,-1.,0.));
#3214=DIRECTION('ref_axis',(0.,0.,-1.));
#3215=DIRECTION('',(0.,0.,1.));
#3216=DIRECTION('',(1.,0.,0.));
#3217=DIRECTION('',(0.,0.,-1.));
#3218=DIRECTION('',(-1.,0.,0.));
#3219=DIRECTION('center_axis',(0.,0.,-1.));
#3220=DIRECTION('ref_axis',(-1.,0.,0.));
#3221=DIRECTION('center_axis',(0.,0.,1.));
#3222=DIRECTION('ref_axis',(-1.,1.0842021724855E-15,0.));
#3223=DIRECTION('',(0.,1.,0.));
#3224=DIRECTION('center_axis',(1.,4.33680868994208E-14,0.));
#3225=DIRECTION('ref_axis',(-4.33680868994208E-14,1.,0.));
#3226=DIRECTION('',(0.,0.,1.));
#3227=DIRECTION('',(-4.33680868994208E-14,1.,0.));
#3228=DIRECTION('',(0.,0.,-1.));
#3229=DIRECTION('center_axis',(-1.,4.33680868994208E-14,0.));
#3230=DIRECTION('ref_axis',(-4.33680868994208E-14,-1.,0.));
#3231=DIRECTION('',(4.33680868994208E-14,1.,0.));
#3232=DIRECTION('',(0.,0.,1.));
#3233=DIRECTION('',(-4.33680868994208E-14,-1.,0.));
#3234=DIRECTION('',(0.,0.,-1.));
#3235=DIRECTION('',(4.33680868994208E-14,1.,0.));
#3236=DIRECTION('center_axis',(0.,0.,1.));
#3237=DIRECTION('ref_axis',(1.,0.,0.));
#3238=DIRECTION('center_axis',(0.,0.,-1.));
#3239=DIRECTION('ref_axis',(-1.,0.,0.));
#3240=DIRECTION('',(-1.,0.,0.));
#3241=DIRECTION('center_axis',(0.,-1.,0.));
#3242=DIRECTION('ref_axis',(0.,0.,-1.));
#3243=DIRECTION('',(0.,0.,1.));
#3244=DIRECTION('',(1.,0.,0.));
#3245=DIRECTION('',(0.,0.,-1.));
#3246=DIRECTION('center_axis',(0.,0.,1.));
#3247=DIRECTION('ref_axis',(1.,0.,0.));
#3248=DIRECTION('center_axis',(0.,0.,-1.));
#3249=DIRECTION('ref_axis',(-1.,0.,0.));
#3250=DIRECTION('',(0.,-1.,0.));
#3251=DIRECTION('center_axis',(0.,0.,-1.));
#3252=DIRECTION('ref_axis',(-1.,0.,0.));
#3253=DIRECTION('',(0.,-1.,0.));
#3254=DIRECTION('center_axis',(0.,1.,0.));
#3255=DIRECTION('ref_axis',(0.,0.,1.));
#3256=DIRECTION('',(0.,0.,1.));
#3257=DIRECTION('',(-1.,0.,0.));
#3258=DIRECTION('',(0.,0.,-1.));
#3259=DIRECTION('',(1.,0.,0.));
#3260=DIRECTION('center_axis',(0.,0.,1.));
#3261=DIRECTION('ref_axis',(1.,0.,0.));
#3262=DIRECTION('center_axis',(0.,0.,-1.));
#3263=DIRECTION('ref_axis',(-1.,0.,0.));
#3264=DIRECTION('',(0.,1.,0.));
#3265=DIRECTION('center_axis',(-1.,-4.33680868994208E-14,0.));
#3266=DIRECTION('ref_axis',(4.33680868994208E-14,-1.,0.));
#3267=DIRECTION('',(0.,0.,1.));
#3268=DIRECTION('',(4.33680868994208E-14,-1.,0.));
#3269=DIRECTION('',(0.,0.,-1.));
#3270=DIRECTION('center_axis',(0.,0.,-1.));
#3271=DIRECTION('ref_axis',(-1.,0.,0.));
#3272=DIRECTION('center_axis',(0.,0.,1.));
#3273=DIRECTION('ref_axis',(-1.,0.,0.));
#3274=DIRECTION('',(0.,0.,1.));
#3275=DIRECTION('center_axis',(0.,1.,0.));
#3276=DIRECTION('ref_axis',(0.,0.,1.));
#3277=DIRECTION('',(-1.,0.,0.));
#3278=DIRECTION('',(0.,0.,-1.));
#3279=DIRECTION('center_axis',(-0.707106781186547,0.707106781186548,0.));
#3280=DIRECTION('ref_axis',(-0.707106781186548,-0.707106781186547,0.));
#3281=DIRECTION('',(-0.707106781186548,-0.707106781186547,0.));
#3282=DIRECTION('',(0.,0.,-1.));
#3283=DIRECTION('center_axis',(-1.,0.,0.));
#3284=DIRECTION('ref_axis',(0.,0.,1.));
#3285=DIRECTION('',(0.,-1.,0.));
#3286=DIRECTION('',(0.,0.,-1.));
#3287=DIRECTION('center_axis',(2.42263307426398E-16,-1.,0.));
#3288=DIRECTION('ref_axis',(1.,2.42263307426398E-16,0.));
#3289=DIRECTION('',(1.,2.42263307426398E-16,0.));
#3290=DIRECTION('',(0.,0.,-1.));
#3291=DIRECTION('center_axis',(0.,0.,-1.));
#3292=DIRECTION('ref_axis',(-1.,0.,0.));
#3293=DIRECTION('center_axis',(0.,0.,1.));
#3294=DIRECTION('ref_axis',(-1.,0.,0.));
#3295=DIRECTION('center_axis',(0.,0.,-1.));
#3296=DIRECTION('ref_axis',(-1.,0.,0.));
#3297=DIRECTION('center_axis',(0.,0.,1.));
#3298=DIRECTION('ref_axis',(-1.,0.,0.));
#3299=DIRECTION('',(0.,0.,1.));
#3300=DIRECTION('center_axis',(0.,-1.,0.));
#3301=DIRECTION('ref_axis',(0.,0.,-1.));
#3302=DIRECTION('',(1.,0.,0.));
#3303=DIRECTION('',(0.,0.,-1.));
#3304=DIRECTION('center_axis',(1.,0.,0.));
#3305=DIRECTION('ref_axis',(0.,0.,-1.));
#3306=DIRECTION('',(0.,1.,0.));
#3307=DIRECTION('',(0.,0.,-1.));
#3308=DIRECTION('center_axis',(0.,1.,0.));
#3309=DIRECTION('ref_axis',(0.,0.,1.));
#3310=DIRECTION('',(-1.,0.,0.));
#3311=DIRECTION('',(0.,0.,-1.));
#3312=DIRECTION('center_axis',(0.,0.,-1.));
#3313=DIRECTION('ref_axis',(-1.,0.,0.));
#3314=DIRECTION('center_axis',(0.,0.,1.));
#3315=DIRECTION('ref_axis',(-1.,-9.56069188464486E-14,0.));
#3316=DIRECTION('center_axis',(0.,0.,-1.));
#3317=DIRECTION('ref_axis',(-1.,0.,0.));
#3318=DIRECTION('center_axis',(0.,0.,1.));
#3319=DIRECTION('ref_axis',(-1.,0.,0.));
#3320=DIRECTION('center_axis',(0.,0.,-1.));
#3321=DIRECTION('ref_axis',(-1.,0.,0.));
#3322=DIRECTION('center_axis',(0.,0.,-1.));
#3323=DIRECTION('ref_axis',(-1.,0.,0.));
#3324=DIRECTION('',(0.,1.,0.));
#3325=DIRECTION('center_axis',(0.,0.,-1.));
#3326=DIRECTION('ref_axis',(-1.,0.,0.));
#3327=DIRECTION('center_axis',(0.,0.,1.));
#3328=DIRECTION('ref_axis',(-1.,0.,0.));
#3329=DIRECTION('center_axis',(0.,0.,-1.));
#3330=DIRECTION('ref_axis',(-1.,0.,0.));
#3331=DIRECTION('',(0.,0.,1.));
#3332=DIRECTION('center_axis',(1.,1.09070186056926E-16,0.));
#3333=DIRECTION('ref_axis',(-1.09070186056926E-16,1.,0.));
#3334=DIRECTION('',(0.,0.,-1.));
#3335=DIRECTION('center_axis',(0.,0.,-1.));
#3336=DIRECTION('ref_axis',(-1.,0.,0.));
#3337=DIRECTION('center_axis',(0.,0.,-1.));
#3338=DIRECTION('ref_axis',(-1.,0.,0.));
#3339=DIRECTION('center_axis',(0.,0.,-1.));
#3340=DIRECTION('ref_axis',(-1.,0.,0.));
#3341=DIRECTION('',(0.,0.,-1.));
#3342=DIRECTION('center_axis',(0.,0.,1.));
#3343=DIRECTION('ref_axis',(-1.,1.97127667724637E-15,0.));
#3344=DIRECTION('center_axis',(0.,0.,1.));
#3345=DIRECTION('ref_axis',(1.,0.,0.));
#3346=DIRECTION('center_axis',(0.,0.,-1.));
#3347=DIRECTION('ref_axis',(-1.,0.,0.));
#3348=DIRECTION('',(0.,1.,0.));
#3349=DIRECTION('center_axis',(0.,0.,1.));
#3350=DIRECTION('ref_axis',(-1.,-2.95691501586953E-15,0.));
#3351=DIRECTION('center_axis',(0.,0.,-1.));
#3352=DIRECTION('ref_axis',(-1.,0.,0.));
#3353=DIRECTION('center_axis',(0.,0.,-1.));
#3354=DIRECTION('ref_axis',(-1.,0.,0.));
#3355=DIRECTION('center_axis',(0.,0.,-1.));
#3356=DIRECTION('ref_axis',(-1.,0.,0.));
#3357=DIRECTION('',(0.,0.,1.));
#3358=DIRECTION('center_axis',(-1.,1.09070186056926E-16,0.));
#3359=DIRECTION('ref_axis',(-1.09070186056926E-16,-1.,0.));
#3360=DIRECTION('center_axis',(0.,0.,-1.));
#3361=DIRECTION('ref_axis',(-1.,0.,0.));
#3362=CARTESIAN_POINT('',(0.,0.,0.));
#3363=CARTESIAN_POINT('Origin',(0.85,0.425,0.599));
#3364=CARTESIAN_POINT('',(0.85,0.495,0.599));
#3365=CARTESIAN_POINT('',(-0.85,0.495,0.599));
#3366=CARTESIAN_POINT('',(0.85,0.495,0.599));
#3367=CARTESIAN_POINT('',(-0.92,0.425,0.599));
#3368=CARTESIAN_POINT('Origin',(-0.85,0.425,0.599000000000001));
#3369=CARTESIAN_POINT('',(-0.92,-0.425,0.599));
#3370=CARTESIAN_POINT('',(-0.92,0.425,0.599));
#3371=CARTESIAN_POINT('',(-0.85,-0.495,0.599));
#3372=CARTESIAN_POINT('Origin',(-0.85,-0.425,0.599));
#3373=CARTESIAN_POINT('',(0.85,-0.495,0.599));
#3374=CARTESIAN_POINT('',(0.85,-0.495,0.599));
#3375=CARTESIAN_POINT('',(0.92,-0.425,0.599));
#3376=CARTESIAN_POINT('Origin',(0.85,-0.425,0.599));
#3377=CARTESIAN_POINT('',(0.92,0.425,0.599));
#3378=CARTESIAN_POINT('',(0.92,0.425,0.599));
#3379=CARTESIAN_POINT('Origin',(0.85,0.425,0.599));
#3380=CARTESIAN_POINT('',(0.553846153846154,-0.0658052884615384,0.599));
#3381=CARTESIAN_POINT('',(0.460096153846154,-0.157692307692308,0.599));
#3382=CARTESIAN_POINT('Ctrl Pts',(0.553846153846154,-0.0658052884615384,
0.599));
#3383=CARTESIAN_POINT('Ctrl Pts',(0.553724173427507,-0.0700035487998375,
0.599000000000002));
#3384=CARTESIAN_POINT('Ctrl Pts',(0.553484144831194,-0.078264731595736,
0.599000000000002));
#3385=CARTESIAN_POINT('Ctrl Pts',(0.551092390886565,-0.0902970207161211,
0.599000000000002));
#3386=CARTESIAN_POINT('Ctrl Pts',(0.547375849907538,-0.101759807761813,
0.599000000000002));
#3387=CARTESIAN_POINT('Ctrl Pts',(0.542063490330125,-0.112470079593388,
0.599000000000002));
#3388=CARTESIAN_POINT('Ctrl Pts',(0.53546500036009,-0.122413156985797,0.599000000000002));
#3389=CARTESIAN_POINT('Ctrl Pts',(0.527418349559995,-0.131223339736228,
0.599000000000002));
#3390=CARTESIAN_POINT('Ctrl Pts',(0.518208907702788,-0.139080771506298,
0.599000000000002));
#3391=CARTESIAN_POINT('Ctrl Pts',(0.507795753573074,-0.145651338866977,
0.599000000000002));
#3392=CARTESIAN_POINT('Ctrl Pts',(0.496589213791673,-0.151017314668043,
0.599000000000002));
#3393=CARTESIAN_POINT('Ctrl Pts',(0.484816185441872,-0.154871478275147,
0.599000000000002));
#3394=CARTESIAN_POINT('Ctrl Pts',(0.472591001469941,-0.157244347080083,
0.599000000000001));
#3395=CARTESIAN_POINT('Ctrl Pts',(0.464293463636694,-0.157541827308707,
0.599000000000002));
#3396=CARTESIAN_POINT('Ctrl Pts',(0.460096153846154,-0.157692307692308,
0.599));
#3397=CARTESIAN_POINT('',(0.369230769230769,-0.0663461538461538,0.599));
#3398=CARTESIAN_POINT('Ctrl Pts',(0.460096153846154,-0.157692307692308,
0.599));
#3399=CARTESIAN_POINT('Ctrl Pts',(0.456059293790216,-0.15756131862856,0.599));
#3400=CARTESIAN_POINT('Ctrl Pts',(0.448062980818146,-0.157301852227661,
0.599));
#3401=CARTESIAN_POINT('Ctrl Pts',(0.436300169883503,-0.154990486124143,
0.599));
#3402=CARTESIAN_POINT('Ctrl Pts',(0.424997625539956,-0.15124416302968,0.599));
#3403=CARTESIAN_POINT('Ctrl Pts',(0.414234535747848,-0.146082939154575,
0.599));
#3404=CARTESIAN_POINT('Ctrl Pts',(0.404264197496884,-0.139563692044366,
0.599));
#3405=CARTESIAN_POINT('Ctrl Pts',(0.395344285802664,-0.1317154966902,0.599));
#3406=CARTESIAN_POINT('Ctrl Pts',(0.387519276554785,-0.122706113969706,
0.599));
#3407=CARTESIAN_POINT('Ctrl Pts',(0.381007166189295,-0.1125369413464,0.599));
#3408=CARTESIAN_POINT('Ctrl Pts',(0.375842132022391,-0.101609230703165,
0.599));
#3409=CARTESIAN_POINT('Ctrl Pts',(0.371968709869565,-0.0902146172983462,
0.599));
#3410=CARTESIAN_POINT('Ctrl Pts',(0.369706174735128,-0.0783946188647046,
0.599));
#3411=CARTESIAN_POINT('Ctrl Pts',(0.369390012719792,-0.070381949791577,
0.599));
#3412=CARTESIAN_POINT('Ctrl Pts',(0.369230769230769,-0.0663461538461538,
0.599));
#3413=CARTESIAN_POINT('',(0.402764423076923,0.0207932692307693,0.599));
#3414=CARTESIAN_POINT('Ctrl Pts',(0.369230769230769,-0.0663461538461538,
0.599));
#3415=CARTESIAN_POINT('Ctrl Pts',(0.369332035945617,-0.0632566181424509,
0.598999999999999));
#3416=CARTESIAN_POINT('Ctrl Pts',(0.369538803228647,-0.0569483765426514,
0.598999999999999));
#3417=CARTESIAN_POINT('Ctrl Pts',(0.370982522400505,-0.0473943170046347,
0.598999999999999));
#3418=CARTESIAN_POINT('Ctrl Pts',(0.37330236195336,-0.0376185099994969,
0.598999999999999));
#3419=CARTESIAN_POINT('Ctrl Pts',(0.375900383069284,-0.0293252934055365,
0.598999999999999));
#3420=CARTESIAN_POINT('Ctrl Pts',(0.378645435358864,-0.022531448666143,
0.598999999999999));
#3421=CARTESIAN_POINT('Ctrl Pts',(0.380929938752085,-0.0170540066126366,
0.598999999999999));
#3422=CARTESIAN_POINT('Ctrl Pts',(0.383773424126986,-0.0114173431925182,
0.598999999999999));
#3423=CARTESIAN_POINT('Ctrl Pts',(0.386805428229417,-0.00542817439420182,
0.598999999999999));
#3424=CARTESIAN_POINT('Ctrl Pts',(0.390298874136368,0.000759148407671942,
0.598999999999999));
#3425=CARTESIAN_POINT('Ctrl Pts',(0.394097358369654,0.00724803436150307,
0.598999999999999));
#3426=CARTESIAN_POINT('Ctrl Pts',(0.398305899875843,0.0139352853039553,
0.598999999999999));
#3427=CARTESIAN_POINT('Ctrl Pts',(0.40125619953979,0.0184733591822592,0.598999999999999));
#3428=CARTESIAN_POINT('Ctrl Pts',(0.402764423076923,0.0207932692307693,
0.599));
#3429=CARTESIAN_POINT('',(0.492307692307692,0.157692307692308,0.599));
#3430=CARTESIAN_POINT('',(0.402764423076923,0.0207932692307693,0.599));
#3431=CARTESIAN_POINT('',(0.513040865384615,0.14140625,0.599));
#3432=CARTESIAN_POINT('',(0.492307692307692,0.157692307692308,0.599));
#3433=CARTESIAN_POINT('',(0.433774038461539,0.0201923076923077,0.599));
#3434=CARTESIAN_POINT('',(0.513040865384615,0.14140625,0.599));
#3435=CARTESIAN_POINT('',(0.46484375,0.0230769230769231,0.599));
#3436=CARTESIAN_POINT('Ctrl Pts',(0.433774038461539,0.0201923076923077,
0.599));
#3437=CARTESIAN_POINT('Ctrl Pts',(0.439051490774395,0.0210334957483301,
0.599));
#3438=CARTESIAN_POINT('Ctrl Pts',(0.449345758212331,0.0226743281615752,
0.599));
#3439=CARTESIAN_POINT('Ctrl Pts',(0.459765692371565,0.0229450092000118,
0.599));
#3440=CARTESIAN_POINT('Ctrl Pts',(0.46484375,0.0230769230769231,0.599));
#3441=CARTESIAN_POINT('Ctrl Pts',(0.46484375,0.0230769230769231,0.599));
#3442=CARTESIAN_POINT('Ctrl Pts',(0.467892821114443,0.0229949706458568,
0.598999999999999));
#3443=CARTESIAN_POINT('Ctrl Pts',(0.47389482686781,0.0228336497240743,0.598999999999999));
#3444=CARTESIAN_POINT('Ctrl Pts',(0.482706838482723,0.0215921768076306,
0.598999999999999));
#3445=CARTESIAN_POINT('Ctrl Pts',(0.491174461566138,0.0196357386427491,
0.598999999999999));
#3446=CARTESIAN_POINT('Ctrl Pts',(0.499262599759459,0.0167838309900456,
0.598999999999999));
#3447=CARTESIAN_POINT('Ctrl Pts',(0.507000283918851,0.0131407720447066,
0.598999999999999));
#3448=CARTESIAN_POINT('Ctrl Pts',(0.514431917871011,0.00877458316352196,
0.598999999999999));
#3449=CARTESIAN_POINT('Ctrl Pts',(0.521417804451544,0.00345981056151408,
0.598999999999999));
#3450=CARTESIAN_POINT('Ctrl Pts',(0.528047905526849,-0.00247718564853141,
0.598999999999999));
#3451=CARTESIAN_POINT('Ctrl Pts',(0.534067371017674,-0.00905292717668694,
0.598999999999999));
#3452=CARTESIAN_POINT('Ctrl Pts',(0.539396747208319,-0.0160301846086342,
0.598999999999999));
#3453=CARTESIAN_POINT('Ctrl Pts',(0.543873329356957,-0.0234016886941935,
0.598999999999999));
#3454=CARTESIAN_POINT('Ctrl Pts',(0.547505379781065,-0.031163705774193,
0.598999999999999));
#3455=CARTESIAN_POINT('Ctrl Pts',(0.550325797946597,-0.0393042708793821,
0.598999999999999));
#3456=CARTESIAN_POINT('Ctrl Pts',(0.552381881807477,-0.0478129685498166,
0.598999999999999));
#3457=CARTESIAN_POINT('Ctrl Pts',(0.55359727547775,-0.0566956661035411,
0.598999999999999));
#3458=CARTESIAN_POINT('Ctrl Pts',(0.553762317539044,-0.0627366525549282,
0.598999999999999));
#3459=CARTESIAN_POINT('Ctrl Pts',(0.553846153846154,-0.0658052884615384,
0.599));
#3460=CARTESIAN_POINT('',(-0.176983173076923,0.0118389423076923,0.599));
#3461=CARTESIAN_POINT('',(-0.119230769230769,-0.06484375,0.599));
#3462=CARTESIAN_POINT('Ctrl Pts',(-0.176983173076923,0.0118389423076923,
0.599));
#3463=CARTESIAN_POINT('Ctrl Pts',(-0.173575136425941,0.0105305138270673,
0.598999999999999));
#3464=CARTESIAN_POINT('Ctrl Pts',(-0.167054718079139,0.00802716602178903,
0.598999999999999));
#3465=CARTESIAN_POINT('Ctrl Pts',(-0.158081631299257,0.00360126910775664,
0.598999999999999));
#3466=CARTESIAN_POINT('Ctrl Pts',(-0.150350644585303,-0.00121262606864727,
0.598999999999999));
#3467=CARTESIAN_POINT('Ctrl Pts',(-0.143802317786572,-0.00646964179524935,
0.598999999999999));
#3468=CARTESIAN_POINT('Ctrl Pts',(-0.138201947365146,-0.0121361112915458,
0.598999999999999));
#3469=CARTESIAN_POINT('Ctrl Pts',(-0.133311695230328,-0.0182951210842619,
0.598999999999999));
#3470=CARTESIAN_POINT('Ctrl Pts',(-0.129139006016536,-0.0250270146166101,
0.598999999999999));
#3471=CARTESIAN_POINT('Ctrl Pts',(-0.125563612568057,-0.0322616033619585,
0.598999999999999));
#3472=CARTESIAN_POINT('Ctrl Pts',(-0.122773719194381,-0.0399250149354047,
0.598999999999999));
#3473=CARTESIAN_POINT('Ctrl Pts',(-0.120684355962689,-0.0479453671723229,
0.599));
#3474=CARTESIAN_POINT('Ctrl Pts',(-0.119487146036763,-0.0562939004746961,
0.598999999999999));
#3475=CARTESIAN_POINT('Ctrl Pts',(-0.119316776784346,-0.0619755044179952,
0.598999999999999));
#3476=CARTESIAN_POINT('Ctrl Pts',(-0.119230769230769,-0.06484375,0.599));
#3477=CARTESIAN_POINT('',(-0.215024038461538,-0.15,0.599));
#3478=CARTESIAN_POINT('Ctrl Pts',(-0.119230769230769,-0.06484375,0.599));
#3479=CARTESIAN_POINT('Ctrl Pts',(-0.119314498889912,-0.0677723390390185,
0.598999999999999));
#3480=CARTESIAN_POINT('Ctrl Pts',(-0.119479239340015,-0.0735344200195628,
0.598999999999999));
#3481=CARTESIAN_POINT('Ctrl Pts',(-0.120694665494021,-0.0819991458381771,
0.598999999999999));
#3482=CARTESIAN_POINT('Ctrl Pts',(-0.122752588950384,-0.0900884269764172,
0.598999999999999));
#3483=CARTESIAN_POINT('Ctrl Pts',(-0.125587258638787,-0.0978545854939236,
0.598999999999999));
#3484=CARTESIAN_POINT('Ctrl Pts',(-0.129286885604356,-0.105282597019981,
0.598999999999999));
#3485=CARTESIAN_POINT('Ctrl Pts',(-0.133789282547051,-0.112380876790254,
0.598999999999999));
#3486=CARTESIAN_POINT('Ctrl Pts',(-0.139157702286152,-0.119078105128517,
0.598999999999999));
#3487=CARTESIAN_POINT('Ctrl Pts',(-0.145163091053459,-0.125448701394489,
0.598999999999999));
#3488=CARTESIAN_POINT('Ctrl Pts',(-0.151956989238204,-0.131176797452182,
0.598999999999999));
#3489=CARTESIAN_POINT('Ctrl Pts',(-0.159286911088707,-0.136278143739153,
0.598999999999999));
#3490=CARTESIAN_POINT('Ctrl Pts',(-0.167245167079592,-0.140473520491908,
0.598999999999999));
#3491=CARTESIAN_POINT('Ctrl Pts',(-0.175701052281001,-0.143997750906438,
0.598999999999999));
#3492=CARTESIAN_POINT('Ctrl Pts',(-0.18474942223365,-0.146689796489155,
0.598999999999999));
#3493=CARTESIAN_POINT('Ctrl Pts',(-0.194349645721634,-0.14857315996624,
0.598999999999999));
#3494=CARTESIAN_POINT('Ctrl Pts',(-0.204493443021775,-0.149842163137548,
0.598999999999999));
#3495=CARTESIAN_POINT('Ctrl Pts',(-0.211454278831333,-0.149946494985686,
0.598999999999999));
#3496=CARTESIAN_POINT('Ctrl Pts',(-0.215024038461538,-0.15,0.599));
#3497=CARTESIAN_POINT('',(-0.296153846153846,-0.15,0.599));
#3498=CARTESIAN_POINT('',(0.85,-0.15,0.599));
#3499=CARTESIAN_POINT('',(-0.296153846153846,0.15,0.599));
#3500=CARTESIAN_POINT('',(-0.296153846153846,0.425,0.599));
#3501=CARTESIAN_POINT('',(-0.237620192307692,0.15,0.599));
#3502=CARTESIAN_POINT('',(0.85,0.15,0.599));
#3503=CARTESIAN_POINT('',(-0.142307692307692,0.0756610576923077,0.599));
#3504=CARTESIAN_POINT('Ctrl Pts',(-0.237620192307692,0.15,0.599));
#3505=CARTESIAN_POINT('Ctrl Pts',(-0.234754894177311,0.149984935679849,
0.598999999999998));
#3506=CARTESIAN_POINT('Ctrl Pts',(-0.22920123329133,0.14995573727822,0.598999999999998));
#3507=CARTESIAN_POINT('Ctrl Pts',(-0.221125281134581,0.149502897465621,
0.598999999999998));
#3508=CARTESIAN_POINT('Ctrl Pts',(-0.213561097365392,0.148885440047453,
0.598999999999998));
#3509=CARTESIAN_POINT('Ctrl Pts',(-0.206506488306775,0.147905717820807,
0.598999999999998));
#3510=CARTESIAN_POINT('Ctrl Pts',(-0.199964713816111,0.146723565494063,
0.598999999999998));
#3511=CARTESIAN_POINT('Ctrl Pts',(-0.193916059195725,0.145291981257749,
0.598999999999998));
#3512=CARTESIAN_POINT('Ctrl Pts',(-0.188379758715585,0.14357541437269,0.598999999999998));
#3513=CARTESIAN_POINT('Ctrl Pts',(-0.181770095595056,0.140845733124194,
0.598999999999998));
#3514=CARTESIAN_POINT('Ctrl Pts',(-0.174234038948299,0.136789461551362,
0.598999999999998));
#3515=CARTESIAN_POINT('Ctrl Pts',(-0.166074176716615,0.130795584538589,
0.598999999999998));
#3516=CARTESIAN_POINT('Ctrl Pts',(-0.159096670485816,0.123464230556842,
0.598999999999998));
#3517=CARTESIAN_POINT('Ctrl Pts',(-0.153080700436592,0.115194288663329,
0.598999999999998));
#3518=CARTESIAN_POINT('Ctrl Pts',(-0.148297747327058,0.106096936798956,
0.598999999999998));
#3519=CARTESIAN_POINT('Ctrl Pts',(-0.144837521842855,0.0963890063323114,
0.598999999999998));
#3520=CARTESIAN_POINT('Ctrl Pts',(-0.142646846812113,0.0861957141677795,
0.598999999999998));
#3521=CARTESIAN_POINT('Ctrl Pts',(-0.14242155245075,0.0791977274924428,
0.598999999999998));
#3522=CARTESIAN_POINT('Ctrl Pts',(-0.142307692307692,0.0756610576923077,
0.599));
#3523=CARTESIAN_POINT('Ctrl Pts',(-0.142307692307692,0.0756610576923077,
0.599));
#3524=CARTESIAN_POINT('Ctrl Pts',(-0.142401396745626,0.0723479814913401,
0.599));
#3525=CARTESIAN_POINT('Ctrl Pts',(-0.142585534802925,0.0658374743181102,
0.599));
#3526=CARTESIAN_POINT('Ctrl Pts',(-0.144346342745733,0.0563151220937971,
0.599));
#3527=CARTESIAN_POINT('Ctrl Pts',(-0.147102971469122,0.0472507319085963,
0.599));
#3528=CARTESIAN_POINT('Ctrl Pts',(-0.150934849968889,0.0386773845871478,
0.599));
#3529=CARTESIAN_POINT('Ctrl Pts',(-0.155915021071582,0.0307887891746639,
0.599));
#3530=CARTESIAN_POINT('Ctrl Pts',(-0.161817162671449,0.0235213092279456,
0.599));
#3531=CARTESIAN_POINT('Ctrl Pts',(-0.168938031456389,0.0171826471998068,
0.599));
#3532=CARTESIAN_POINT('Ctrl Pts',(-0.174273166312496,0.0136389698383163,
0.599));
#3533=CARTESIAN_POINT('Ctrl Pts',(-0.176983173076923,0.0118389423076923,
0.599));
#3534=CARTESIAN_POINT('',(-0.559615384615385,-0.0538461538461538,0.599));
#3535=CARTESIAN_POINT('',(-0.605228365384615,-0.15,0.599));
#3536=CARTESIAN_POINT('',(-0.559615384615385,-0.0538461538461538,0.599));
#3537=CARTESIAN_POINT('',(-0.634615384615384,-0.15,0.599));
#3538=CARTESIAN_POINT('',(0.85,-0.15,0.599));
#3539=CARTESIAN_POINT('',(-0.492307692307692,0.15,0.599));
#3540=CARTESIAN_POINT('',(-0.634615384615384,-0.15,0.599));
#3541=CARTESIAN_POINT('',(-0.488461538461538,0.15,0.599));
#3542=CARTESIAN_POINT('',(0.85,0.15,0.599));
#3543=CARTESIAN_POINT('',(-0.35,-0.15,0.599));
#3544=CARTESIAN_POINT('',(-0.488461538461538,0.15,0.599));
#3545=CARTESIAN_POINT('',(-0.379266826923077,-0.15,0.599));
#3546=CARTESIAN_POINT('',(0.85,-0.15,0.599));
#3547=CARTESIAN_POINT('',(-0.423617788461539,-0.0538461538461538,0.599));
#3548=CARTESIAN_POINT('',(-0.379266826923077,-0.15,0.599));
#3549=CARTESIAN_POINT('',(0.85,-0.0538461538461538,0.599));
#3550=CARTESIAN_POINT('',(-0.0225360576923077,0.0501802884615385,0.599));
#3551=CARTESIAN_POINT('',(0.0177884615384615,0.0203125,0.599));
#3552=CARTESIAN_POINT('Ctrl Pts',(-0.0225360576923077,0.0501802884615385,
0.599));
#3553=CARTESIAN_POINT('Ctrl Pts',(-0.0218793686287915,0.0495942576773252,
0.599000000000001));
#3554=CARTESIAN_POINT('Ctrl Pts',(-0.0203192257313416,0.0482019826776746,
0.599000000000001));
#3555=CARTESIAN_POINT('Ctrl Pts',(-0.0174670035250844,0.0459226443367824,
0.599000000000001));
#3556=CARTESIAN_POINT('Ctrl Pts',(-0.013700477962518,0.0431109781400449,
0.599000000000001));
#3557=CARTESIAN_POINT('Ctrl Pts',(-0.00911800357593142,0.0396320652993487,
0.599000000000001));
#3558=CARTESIAN_POINT('Ctrl Pts',(-0.00363508685646965,0.0355965114035825,
0.599000000000001));
#3559=CARTESIAN_POINT('Ctrl Pts',(0.00274887509878249,0.0310559160752571,
0.599000000000001));
#3560=CARTESIAN_POINT('Ctrl Pts',(0.00996272077034855,0.02586287673181,
0.599000000000001));
#3561=CARTESIAN_POINT('Ctrl Pts',(0.0150817421331701,0.0222322303938156,
0.599000000000001));
#3562=CARTESIAN_POINT('Ctrl Pts',(0.0177884615384615,0.0203125,0.599));
#3563=CARTESIAN_POINT('',(0.0884615384615384,-0.0765024038461538,0.599));
#3564=CARTESIAN_POINT('Ctrl Pts',(0.0177884615384615,0.0203125,0.599));
#3565=CARTESIAN_POINT('Ctrl Pts',(0.0210443969648113,0.0179432406100242,
0.598999999999998));
#3566=CARTESIAN_POINT('Ctrl Pts',(0.0273490646543962,0.0133554981740595,
0.598999999999998));
#3567=CARTESIAN_POINT('Ctrl Pts',(0.0363197143610976,0.00646272560027842,
0.598999999999998));
#3568=CARTESIAN_POINT('Ctrl Pts',(0.0444534693406563,-0.000278511706088985,
0.598999999999998));
#3569=CARTESIAN_POINT('Ctrl Pts',(0.0517788867895278,-0.00682516374289678,
0.598999999999998));
#3570=CARTESIAN_POINT('Ctrl Pts',(0.0583683360843654,-0.0131275717146379,
0.598999999999998));
#3571=CARTESIAN_POINT('Ctrl Pts',(0.0641487121422043,-0.0192615586000822,
0.598999999999998));
#3572=CARTESIAN_POINT('Ctrl Pts',(0.0691789133148201,-0.0251831791157013,
0.598999999999998));
#3573=CARTESIAN_POINT('Ctrl Pts',(0.0745942748971187,-0.0327751141749456,
0.598999999999998));
#3574=CARTESIAN_POINT('Ctrl Pts',(0.0801278022845883,-0.0420992071127461,
0.598999999999998));
#3575=CARTESIAN_POINT('Ctrl Pts',(0.0848799314925426,-0.0535230561309124,
0.598999999999998));
#3576=CARTESIAN_POINT('Ctrl Pts',(0.0878763612743615,-0.0649913121735096,
0.598999999999998));
#3577=CARTESIAN_POINT('Ctrl Pts',(0.0882682054542437,-0.0726993267285145,
0.598999999999998));
#3578=CARTESIAN_POINT('Ctrl Pts',(0.0884615384615384,-0.0765024038461538,
0.599));
#3579=CARTESIAN_POINT('',(0.00276442307692303,-0.157692307692308,0.599));
#3580=CARTESIAN_POINT('Ctrl Pts',(0.0884615384615384,-0.0765024038461538,
0.599));
#3581=CARTESIAN_POINT('Ctrl Pts',(0.0884052123366277,-0.0791919779972044,
0.598999999999998));
#3582=CARTESIAN_POINT('Ctrl Pts',(0.088293653902093,-0.0845188965866131,
0.598999999999998));
#3583=CARTESIAN_POINT('Ctrl Pts',(0.0870112898639257,-0.0923407603193655,
0.598999999999998));
#3584=CARTESIAN_POINT('Ctrl Pts',(0.0851324614214197,-0.0999376920065617,
0.598999999999998));
#3585=CARTESIAN_POINT('Ctrl Pts',(0.0823006985113729,-0.107215787358991,
0.598999999999998));
#3586=CARTESIAN_POINT('Ctrl Pts',(0.0788444278033818,-0.114308195589001,
0.598999999999998));
#3587=CARTESIAN_POINT('Ctrl Pts',(0.0744587494148651,-0.12102887276708,
0.598999999999998));
#3588=CARTESIAN_POINT('Ctrl Pts',(0.0693752335802061,-0.127526564074533,
0.598999999999998));
#3589=CARTESIAN_POINT('Ctrl Pts',(0.0635437680169731,-0.133628006190688,
0.598999999999998));
#3590=CARTESIAN_POINT('Ctrl Pts',(0.0571626906755583,-0.139229108703723,
0.598999999999998));
#3591=CARTESIAN_POINT('Ctrl Pts',(0.0504183739901778,-0.144211599687078,
0.598999999999998));
#3592=CARTESIAN_POINT('Ctrl Pts',(0.0432997791672504,-0.148366027406677,
0.598999999999998));
#3593=CARTESIAN_POINT('Ctrl Pts',(0.0358455234515447,-0.151756099582385,
0.598999999999998));
#3594=CARTESIAN_POINT('Ctrl Pts',(0.0280538945909393,-0.154407543941778,
0.598999999999998));
#3595=CARTESIAN_POINT('Ctrl Pts',(0.0199275131194098,-0.156328647010139,
0.598999999999998));
#3596=CARTESIAN_POINT('Ctrl Pts',(0.0114529835863049,-0.157507707945581,
0.598999999999998));
#3597=CARTESIAN_POINT('Ctrl Pts',(0.00569294230866373,-0.15763008749969,
0.598999999999998));
#3598=CARTESIAN_POINT('Ctrl Pts',(0.00276442307692303,-0.157692307692308,
0.599));
#3599=CARTESIAN_POINT('',(-0.0884615384615385,-0.0921274038461538,0.599));
#3600=CARTESIAN_POINT('Ctrl Pts',(0.00276442307692303,-0.157692307692308,
0.599));
#3601=CARTESIAN_POINT('Ctrl Pts',(0.000498536535696542,-0.157648492126815,
0.599));
#3602=CARTESIAN_POINT('Ctrl Pts',(-0.00400470004040396,-0.157561412807733,
0.599));
#3603=CARTESIAN_POINT('Ctrl Pts',(-0.0106655127723899,-0.156791588771547,
0.599));
#3604=CARTESIAN_POINT('Ctrl Pts',(-0.0171917632750814,-0.155702408463731,
0.599));
#3605=CARTESIAN_POINT('Ctrl Pts',(-0.0235015588780069,-0.153973202465708,
0.599));
#3606=CARTESIAN_POINT('Ctrl Pts',(-0.029676194161585,-0.1518751758621,0.599));
#3607=CARTESIAN_POINT('Ctrl Pts',(-0.0356888142638098,-0.149291890210826,
0.599));
#3608=CARTESIAN_POINT('Ctrl Pts',(-0.0415423331657419,-0.146196130086766,
0.599));
#3609=CARTESIAN_POINT('Ctrl Pts',(-0.0472695545544579,-0.142656556547167,
0.599));
#3610=CARTESIAN_POINT('Ctrl Pts',(-0.052855912376126,-0.138537321298859,
0.599));
#3611=CARTESIAN_POINT('Ctrl Pts',(-0.0582490096271708,-0.133739593032728,
0.599));
#3612=CARTESIAN_POINT('Ctrl Pts',(-0.0636257969568816,-0.128395692604903,
0.599));
#3613=CARTESIAN_POINT('Ctrl Pts',(-0.068827573784446,-0.122360501459614,
0.599));
#3614=CARTESIAN_POINT('Ctrl Pts',(-0.0739595575820857,-0.115731522928948,
0.599));
#3615=CARTESIAN_POINT('Ctrl Pts',(-0.0789205641137858,-0.108446735780597,
0.599));
#3616=CARTESIAN_POINT('Ctrl Pts',(-0.0838132827719885,-0.100545819744114,
0.599));
#3617=CARTESIAN_POINT('Ctrl Pts',(-0.0868831800143294,-0.0949859552538434,
0.599));
#3618=CARTESIAN_POINT('Ctrl Pts',(-0.0884615384615385,-0.0921274038461538,
0.599));
#3619=CARTESIAN_POINT('',(-0.0631009615384616,-0.0769230769230769,0.599));
#3620=CARTESIAN_POINT('',(-0.0884615384615386,-0.0921274038461538,0.599));
#3621=CARTESIAN_POINT('',(0.00276442307692303,-0.126923076923077,0.599));
#3622=CARTESIAN_POINT('Ctrl Pts',(-0.0631009615384616,-0.0769230769230769,
0.599));
#3623=CARTESIAN_POINT('Ctrl Pts',(-0.0607422554884159,-0.0808714527756862,
0.598999999999999));
#3624=CARTESIAN_POINT('Ctrl Pts',(-0.0562230657202795,-0.0884363885393109,
0.598999999999999));
#3625=CARTESIAN_POINT('Ctrl Pts',(-0.0486843777929231,-0.0986585062903488,
0.598999999999999));
#3626=CARTESIAN_POINT('Ctrl Pts',(-0.040872985407273,-0.107346691155406,
0.598999999999999));
#3627=CARTESIAN_POINT('Ctrl Pts',(-0.0327310425316065,-0.114450400373105,
0.598999999999999));
#3628=CARTESIAN_POINT('Ctrl Pts',(-0.02430824697826,-0.12004316209433,0.598999999999999));
#3629=CARTESIAN_POINT('Ctrl Pts',(-0.0155496138008287,-0.124003353384491,
0.598999999999999));
#3630=CARTESIAN_POINT('Ctrl Pts',(-0.00648465859699105,-0.126473294130606,
0.598999999999999));
#3631=CARTESIAN_POINT('Ctrl Pts',(-0.000315473898754562,-0.126773301549577,
0.598999999999999));
#3632=CARTESIAN_POINT('Ctrl Pts',(0.00276442307692303,-0.126923076923077,
0.599));
#3633=CARTESIAN_POINT('',(0.0615384615384615,-0.0760817307692307,0.599));
#3634=CARTESIAN_POINT('Ctrl Pts',(0.00276442307692303,-0.126923076923077,
0.599));
#3635=CARTESIAN_POINT('Ctrl Pts',(0.00539472540647959,-0.126849819279173,
0.599000000000002));
#3636=CARTESIAN_POINT('Ctrl Pts',(0.0106093059533858,-0.126704585828051,
0.599000000000002));
#3637=CARTESIAN_POINT('Ctrl Pts',(0.0182860696357665,-0.125309088509531,
0.599000000000002));
#3638=CARTESIAN_POINT('Ctrl Pts',(0.0257416526871429,-0.12316519174552,
0.599000000000002));
#3639=CARTESIAN_POINT('Ctrl Pts',(0.0328223930640463,-0.12009482618765,
0.599000000000002));
#3640=CARTESIAN_POINT('Ctrl Pts',(0.0394305885953203,-0.116380098839794,
0.599000000000002));
#3641=CARTESIAN_POINT('Ctrl Pts',(0.0452254481956034,-0.111893283624882,
0.599000000000002));
#3642=CARTESIAN_POINT('Ctrl Pts',(0.0502351150395583,-0.106869894563708,
0.599000000000002));
#3643=CARTESIAN_POINT('Ctrl Pts',(0.0543330391453137,-0.101265667022973,
0.599000000000002));
#3644=CARTESIAN_POINT('Ctrl Pts',(0.0574770421700303,-0.0952384828566324,
0.599000000000002));
#3645=CARTESIAN_POINT('Ctrl Pts',(0.0598935051768772,-0.0890519727419219,
0.599000000000002));
#3646=CARTESIAN_POINT('Ctrl Pts',(0.0612345114902816,-0.0826089526037227,
0.599000000000002));
#3647=CARTESIAN_POINT('Ctrl Pts',(0.0614365189294261,-0.0782709129310549,
0.599000000000002));
#3648=CARTESIAN_POINT('Ctrl Pts',(0.0615384615384615,-0.0760817307692307,
0.599));
#3649=CARTESIAN_POINT('',(0.05078125,-0.0466346153846154,0.599));
#3650=CARTESIAN_POINT('Ctrl Pts',(0.0615384615384615,-0.0760817307692307,
0.599));
#3651=CARTESIAN_POINT('Ctrl Pts',(0.0614120920499504,-0.0735839436514481,
0.599));
#3652=CARTESIAN_POINT('Ctrl Pts',(0.0611552013459779,-0.0685063074386206,
0.599));
#3653=CARTESIAN_POINT('Ctrl Pts',(0.0589839316254806,-0.0610149086139958,
0.599));
#3654=CARTESIAN_POINT('Ctrl Pts',(0.0555682818960427,-0.0536012597547736,
0.599));
#3655=CARTESIAN_POINT('Ctrl Pts',(0.052417198149902,-0.0490154369909655,
0.599));
#3656=CARTESIAN_POINT('Ctrl Pts',(0.05078125,-0.0466346153846154,0.599));
#3657=CARTESIAN_POINT('',(-0.00330528846153851,0.0012019230769231,0.599));
#3658=CARTESIAN_POINT('Ctrl Pts',(0.05078125,-0.0466346153846154,0.599));
#3659=CARTESIAN_POINT('Ctrl Pts',(0.049438054498806,-0.0449163162186147,
0.599));
#3660=CARTESIAN_POINT('Ctrl Pts',(0.0466181835596698,-0.0413089620556205,
0.599));
#3661=CARTESIAN_POINT('Ctrl Pts',(0.0417703967659827,-0.0359393704434398,
0.599));
#3662=CARTESIAN_POINT('Ctrl Pts',(0.0360818726826636,-0.030400648818978,
0.599));
#3663=CARTESIAN_POINT('Ctrl Pts',(0.0297472822616635,-0.0244813010804635,
0.599));
#3664=CARTESIAN_POINT('Ctrl Pts',(0.0225358746467538,-0.0184566327929174,
0.599));
#3665=CARTESIAN_POINT('Ctrl Pts',(0.0146735162693409,-0.0120393518267215,
0.599));
#3666=CARTESIAN_POINT('Ctrl Pts',(0.00595947121510126,-0.00547350236557794,
0.599));
#3667=CARTESIAN_POINT('Ctrl Pts',(-0.000151914209297845,-0.00107013960444476,
0.599));
#3668=CARTESIAN_POINT('Ctrl Pts',(-0.00330528846153851,0.0012019230769231,
0.599));
#3669=CARTESIAN_POINT('',(-0.0524639423076924,0.0420072115384616,0.599));
#3670=CARTESIAN_POINT('Ctrl Pts',(-0.00330528846153851,0.0012019230769231,
0.599));
#3671=CARTESIAN_POINT('Ctrl Pts',(-0.00646163099117176,0.00345008773000829,
0.599));
#3672=CARTESIAN_POINT('Ctrl Pts',(-0.0124963175551874,0.00774840735099204,
0.599));
#3673=CARTESIAN_POINT('Ctrl Pts',(-0.0209356246134477,0.0141276316950166,
0.599));
#3674=CARTESIAN_POINT('Ctrl Pts',(-0.0284822928714401,0.0199599633700368,
0.599));
#3675=CARTESIAN_POINT('Ctrl Pts',(-0.0351027800020096,0.0253003072645398,
0.599000000000001));
#3676=CARTESIAN_POINT('Ctrl Pts',(-0.0407941740173862,0.0301493876699578,
0.599));
#3677=CARTESIAN_POINT('Ctrl Pts',(-0.0456013235328844,0.0344606395964295,
0.599000000000001));
#3678=CARTESIAN_POINT('Ctrl Pts',(-0.0494017712839328,0.0383506590994316,
0.599));
#3679=CARTESIAN_POINT('Ctrl Pts',(-0.0515151067689492,0.0408742026775881,
0.599));
#3680=CARTESIAN_POINT('Ctrl Pts',(-0.0524639423076924,0.0420072115384616,
0.599));
#3681=CARTESIAN_POINT('',(-0.0692307692307693,0.0876802884615385,0.599));
#3682=CARTESIAN_POINT('Ctrl Pts',(-0.0524639423076924,0.0420072115384616,
0.599));
#3683=CARTESIAN_POINT('Ctrl Pts',(-0.0537901604703623,0.043773014697393,
0.599));
#3684=CARTESIAN_POINT('Ctrl Pts',(-0.0563983464745352,0.0472457035919393,
0.599));
#3685=CARTESIAN_POINT('Ctrl Pts',(-0.0598411469429716,0.0526735485434571,
0.599));
#3686=CARTESIAN_POINT('Ctrl Pts',(-0.0627673608971191,0.0582298284356766,
0.599));
#3687=CARTESIAN_POINT('Ctrl Pts',(-0.0650612750802251,0.0639294739697842,
0.599));
#3688=CARTESIAN_POINT('Ctrl Pts',(-0.06699295098076,0.0696924678738333,
0.599));
#3689=CARTESIAN_POINT('Ctrl Pts',(-0.0682922021851404,0.0755940032195147,
0.599));
#3690=CARTESIAN_POINT('Ctrl Pts',(-0.0691057504922073,0.0816075990878994,
0.599));
#3691=CARTESIAN_POINT('Ctrl Pts',(-0.0691890636236165,0.0856544705698287,
0.599));
#3692=CARTESIAN_POINT('Ctrl Pts',(-0.0692307692307693,0.0876802884615385,
0.599));
#3693=CARTESIAN_POINT('',(0.00468749999999996,0.157692307692308,0.599));
#3694=CARTESIAN_POINT('Ctrl Pts',(-0.0692307692307693,0.0876802884615385,
0.599));
#3695=CARTESIAN_POINT('Ctrl Pts',(-0.0691188941741949,0.0908542691385131,
0.599));
#3696=CARTESIAN_POINT('Ctrl Pts',(-0.068897535311717,0.0971343888872295,
0.599));
#3697=CARTESIAN_POINT('Ctrl Pts',(-0.0670254909742526,0.106308460067981,
0.599));
#3698=CARTESIAN_POINT('Ctrl Pts',(-0.0640706715181537,0.115067295829487,
0.599));
#3699=CARTESIAN_POINT('Ctrl Pts',(-0.0599311097014472,0.123324181577319,
0.599));
#3700=CARTESIAN_POINT('Ctrl Pts',(-0.0545947651655985,0.130864122796309,
0.599));
#3701=CARTESIAN_POINT('Ctrl Pts',(-0.0484193959342938,0.137773850251912,
0.599));
#3702=CARTESIAN_POINT('Ctrl Pts',(-0.0410641256853687,0.143582585870845,
0.599));
#3703=CARTESIAN_POINT('Ctrl Pts',(-0.0329939008342194,0.148657905161349,
0.599));
#3704=CARTESIAN_POINT('Ctrl Pts',(-0.0241604975128464,0.15263041303624,
0.599));
#3705=CARTESIAN_POINT('Ctrl Pts',(-0.0149041343644782,0.155627068478568,
0.599));
#3706=CARTESIAN_POINT('Ctrl Pts',(-0.00521009961946176,0.157325004852079,
0.599));
#3707=CARTESIAN_POINT('Ctrl Pts',(0.00135588334825966,0.15756867041602,
0.599));
#3708=CARTESIAN_POINT('Ctrl Pts',(0.00468749999999996,0.157692307692308,
0.599));
#3709=CARTESIAN_POINT('',(0.0846153846153846,0.106911057692308,0.599));
#3710=CARTESIAN_POINT('Ctrl Pts',(0.00468749999999996,0.157692307692308,
0.599));
#3711=CARTESIAN_POINT('Ctrl Pts',(0.0082227085969723,0.157570374698092,
0.599));
#3712=CARTESIAN_POINT('Ctrl Pts',(0.0152531101752689,0.157327888889556,
0.599));
#3713=CARTESIAN_POINT('Ctrl Pts',(0.0255944715098016,0.15521952906215,0.599));
#3714=CARTESIAN_POINT('Ctrl Pts',(0.0355511043441392,0.151730900051752,
0.599));
#3715=CARTESIAN_POINT('Ctrl Pts',(0.043560527042953,0.147771872225103,0.599));
#3716=CARTESIAN_POINT('Ctrl Pts',(0.0498290494539665,0.143817750878251,
0.599));
#3717=CARTESIAN_POINT('Ctrl Pts',(0.0546095693987319,0.14021605165435,0.599));
#3718=CARTESIAN_POINT('Ctrl Pts',(0.0594539223232948,0.136069613773991,
0.599));
#3719=CARTESIAN_POINT('Ctrl Pts',(0.0644011841657592,0.131367392681349,
0.599));
#3720=CARTESIAN_POINT('Ctrl Pts',(0.0693675264034016,0.126066242587954,
0.599));
#3721=CARTESIAN_POINT('Ctrl Pts',(0.074426679452901,0.120202469252878,0.599));
#3722=CARTESIAN_POINT('Ctrl Pts',(0.0795904739223886,0.113811907321645,
0.599));
#3723=CARTESIAN_POINT('Ctrl Pts',(0.0829124047901523,0.109249807256972,
0.599));
#3724=CARTESIAN_POINT('Ctrl Pts',(0.0846153846153846,0.106911057692308,
0.599));
#3725=CARTESIAN_POINT('',(0.0602764423076923,0.0884615384615385,0.599));
#3726=CARTESIAN_POINT('',(0.0846153846153846,0.106911057692308,0.599));
#3727=CARTESIAN_POINT('',(0.00168269230769227,0.126923076923077,0.599));
#3728=CARTESIAN_POINT('Ctrl Pts',(0.0602764423076923,0.0884615384615385,
0.599));
#3729=CARTESIAN_POINT('Ctrl Pts',(0.0588067909529223,0.0903548547834775,
0.598999999999998));
#3730=CARTESIAN_POINT('Ctrl Pts',(0.0559765860610265,0.0940009393455516,
0.598999999999998));
#3731=CARTESIAN_POINT('Ctrl Pts',(0.0516797729015539,0.0991070521118025,
0.598999999999998));
#3732=CARTESIAN_POINT('Ctrl Pts',(0.0476298887941013,0.103771321785969,
0.598999999999998));
#3733=CARTESIAN_POINT('Ctrl Pts',(0.0436398545268827,0.107822618474258,
0.598999999999998));
#3734=CARTESIAN_POINT('Ctrl Pts',(0.0399204004012329,0.111482801331791,
0.598999999999998));
#3735=CARTESIAN_POINT('Ctrl Pts',(0.0363103682086363,0.114616494773887,
0.598999999999998));
#3736=CARTESIAN_POINT('Ctrl Pts',(0.0328617095311445,0.117254402953609,
0.598999999999998));
#3737=CARTESIAN_POINT('Ctrl Pts',(0.028514545761484,0.120069565235823,0.598999999999998));
#3738=CARTESIAN_POINT('Ctrl Pts',(0.0230530270480674,0.122860122683374,
0.598999999999998));
#3739=CARTESIAN_POINT('Ctrl Pts',(0.0161972096561258,0.125221472232893,
0.598999999999998));
#3740=CARTESIAN_POINT('Ctrl Pts',(0.00903267179598522,0.126640477540217,
0.598999999999998));
#3741=CARTESIAN_POINT('Ctrl Pts',(0.00415298909678312,0.126828096474602,
0.598999999999998));
#3742=CARTESIAN_POINT('Ctrl Pts',(0.00168269230769227,0.126923076923077,
0.599));
#3743=CARTESIAN_POINT('',(-0.0423076923076924,0.0889423076923077,0.599));
#3744=CARTESIAN_POINT('Ctrl Pts',(0.00168269230769227,0.126923076923077,
0.599));
#3745=CARTESIAN_POINT('Ctrl Pts',(-0.00141643818420533,0.126819216927201,
0.598999999999999));
#3746=CARTESIAN_POINT('Ctrl Pts',(-0.00739281939114866,0.126618932709053,
0.598999999999999));
#3747=CARTESIAN_POINT('Ctrl Pts',(-0.0158776967717975,0.124431505398341,
0.598999999999998));
#3748=CARTESIAN_POINT('Ctrl Pts',(-0.0235143189200756,0.120987345943553,
0.598999999999998));
#3749=CARTESIAN_POINT('Ctrl Pts',(-0.0300759673534644,0.116160347821068,
0.598999999999999));
#3750=CARTESIAN_POINT('Ctrl Pts',(-0.0355391368142965,0.110441405590915,
0.598999999999999));
#3751=CARTESIAN_POINT('Ctrl Pts',(-0.0394910332798592,0.103860360870207,
0.598999999999998));
#3752=CARTESIAN_POINT('Ctrl Pts',(-0.0418696188128919,0.0965932977898187,
0.598999999999999));
#3753=CARTESIAN_POINT('Ctrl Pts',(-0.0421598713544097,0.0915240129613863,
0.598999999999998));
#3754=CARTESIAN_POINT('Ctrl Pts',(-0.0423076923076924,0.0889423076923077,
0.599));
#3755=CARTESIAN_POINT('Ctrl Pts',(-0.0423076923076924,0.0889423076923077,
0.599));
#3756=CARTESIAN_POINT('Ctrl Pts',(-0.0422739957389859,0.0873350381031254,
0.599));
#3757=CARTESIAN_POINT('Ctrl Pts',(-0.042206547501054,0.0841178707227815,
0.599));
#3758=CARTESIAN_POINT('Ctrl Pts',(-0.0412658505565067,0.0793648916981569,
0.599));
#3759=CARTESIAN_POINT('Ctrl Pts',(-0.0400573366458347,0.0746239197479888,
0.599));
#3760=CARTESIAN_POINT('Ctrl Pts',(-0.0381422539241128,0.0699162697907744,
0.599));
#3761=CARTESIAN_POINT('Ctrl Pts',(-0.0354983707570463,0.0651596104434377,
0.599));
#3762=CARTESIAN_POINT('Ctrl Pts',(-0.0320264985365006,0.060272032938419,
0.599));
#3763=CARTESIAN_POINT('Ctrl Pts',(-0.0276539289322168,0.0552104579093799,
0.599));
#3764=CARTESIAN_POINT('Ctrl Pts',(-0.0243044707306667,0.0519183973001023,
0.599));
#3765=CARTESIAN_POINT('Ctrl Pts',(-0.0225360576923077,0.0501802884615385,
0.599));
#3766=CARTESIAN_POINT('',(0.123076923076923,-0.000120192307692278,0.599));
#3767=CARTESIAN_POINT('',(0.223377403846154,0.157692307692308,0.599));
#3768=CARTESIAN_POINT('Ctrl Pts',(0.123076923076923,-0.000120192307692278,
0.599));
#3769=CARTESIAN_POINT('Ctrl Pts',(0.123105038918992,0.00468815521238623,
0.599000000000007));
#3770=CARTESIAN_POINT('Ctrl Pts',(0.123159654347464,0.0140284395764548,
0.599000000000007));
#3771=CARTESIAN_POINT('Ctrl Pts',(0.12376723328537,0.0276385517536091,0.599000000000007));
#3772=CARTESIAN_POINT('Ctrl Pts',(0.124776548340785,0.0404065765246242,
0.599000000000007));
#3773=CARTESIAN_POINT('Ctrl Pts',(0.126159751727952,0.0523331250422036,
0.599000000000007));
#3774=CARTESIAN_POINT('Ctrl Pts',(0.127843007175688,0.0634212762865788,
0.599000000000007));
#3775=CARTESIAN_POINT('Ctrl Pts',(0.130090048884372,0.073641398326833,0.599000000000007));
#3776=CARTESIAN_POINT('Ctrl Pts',(0.132645431965655,0.0830407931793812,
0.599000000000007));
#3777=CARTESIAN_POINT('Ctrl Pts',(0.135607070177984,0.0916501116201828,
0.599000000000007));
#3778=CARTESIAN_POINT('Ctrl Pts',(0.13894888066527,0.0995853433077967,0.599000000000007));
#3779=CARTESIAN_POINT('Ctrl Pts',(0.142586103012876,0.106993217704405,0.599000000000007));
#3780=CARTESIAN_POINT('Ctrl Pts',(0.14666308539204,0.113862526190672,0.599000000000007));
#3781=CARTESIAN_POINT('Ctrl Pts',(0.150946820785792,0.120302908226667,0.599000000000007));
#3782=CARTESIAN_POINT('Ctrl Pts',(0.155610712639604,0.126208939208867,0.599000000000007));
#3783=CARTESIAN_POINT('Ctrl Pts',(0.160522037536797,0.131664024567598,0.599000000000007));
#3784=CARTESIAN_POINT('Ctrl Pts',(0.165872484073979,0.136542088893067,0.599000000000007));
#3785=CARTESIAN_POINT('Ctrl Pts',(0.171480170497418,0.140986057668931,0.599000000000008));
#3786=CARTESIAN_POINT('Ctrl Pts',(0.177395867445279,0.144881726669383,0.599000000000007));
#3787=CARTESIAN_POINT('Ctrl Pts',(0.183450953114697,0.14831310426502,0.599000000000007));
#3788=CARTESIAN_POINT('Ctrl Pts',(0.189687105045205,0.151244521458529,0.599000000000007));
#3789=CARTESIAN_POINT('Ctrl Pts',(0.1961213492936,0.153549415960775,0.599000000000007));
#3790=CARTESIAN_POINT('Ctrl Pts',(0.202695854255572,0.155453202826999,0.599000000000007));
#3791=CARTESIAN_POINT('Ctrl Pts',(0.209433602829112,0.156755112625277,0.599000000000007));
#3792=CARTESIAN_POINT('Ctrl Pts',(0.21634571973794,0.157574276210081,0.599000000000007));
#3793=CARTESIAN_POINT('Ctrl Pts',(0.221011271292066,0.157652590587813,0.599000000000007));
#3794=CARTESIAN_POINT('Ctrl Pts',(0.223377403846154,0.157692307692308,0.599));
#3795=CARTESIAN_POINT('',(0.326923076923077,-0.000120192307692278,0.599));
#3796=CARTESIAN_POINT('Ctrl Pts',(0.223377403846154,0.157692307692308,0.599));
#3797=CARTESIAN_POINT('Ctrl Pts',(0.225763302001954,0.157650494962965,0.599000000000003));
#3798=CARTESIAN_POINT('Ctrl Pts',(0.230508102764442,0.157567342599741,0.599000000000003));
#3799=CARTESIAN_POINT('Ctrl Pts',(0.237522992071235,0.156768147525346,0.599000000000003));
#3800=CARTESIAN_POINT('Ctrl Pts',(0.244375821932486,0.155442051259895,0.599000000000003));
#3801=CARTESIAN_POINT('Ctrl Pts',(0.251037376678499,0.153563110581381,0.599000000000003));
#3802=CARTESIAN_POINT('Ctrl Pts',(0.257562375518594,0.151232052582002,0.599000000000003));
#3803=CARTESIAN_POINT('Ctrl Pts',(0.263899781888221,0.14831029968693,0.599000000000003));
#3804=CARTESIAN_POINT('Ctrl Pts',(0.270088960314682,0.144909253914547,0.599000000000003));
#3805=CARTESIAN_POINT('Ctrl Pts',(0.276031556387816,0.140912921573979,0.599000000000003));
#3806=CARTESIAN_POINT('Ctrl Pts',(0.281792809131766,0.136457297899971,0.599000000000003));
#3807=CARTESIAN_POINT('Ctrl Pts',(0.287231205957946,0.131420497716828,0.599000000000003));
#3808=CARTESIAN_POINT('Ctrl Pts',(0.292347241892014,0.125853378922371,0.599000000000003));
#3809=CARTESIAN_POINT('Ctrl Pts',(0.297205125210834,0.119815504874948,0.599000000000003));
#3810=CARTESIAN_POINT('Ctrl Pts',(0.301667033542197,0.113191069032069,0.599000000000003));
#3811=CARTESIAN_POINT('Ctrl Pts',(0.305916184876663,0.106095288190857,0.599000000000003));
#3812=CARTESIAN_POINT('Ctrl Pts',(0.309719502239663,0.0984040712085306,
0.599000000000003));
#3813=CARTESIAN_POINT('Ctrl Pts',(0.313382474397828,0.0902457453935837,
0.599000000000003));
#3814=CARTESIAN_POINT('Ctrl Pts',(0.316544216118335,0.0813945746387267,
0.599000000000003));
#3815=CARTESIAN_POINT('Ctrl Pts',(0.319395608570247,0.0719004523086046,
0.599000000000003));
#3816=CARTESIAN_POINT('Ctrl Pts',(0.321699520162385,0.0616512362926039,
0.599000000000003));
#3817=CARTESIAN_POINT('Ctrl Pts',(0.323618600648511,0.0507007009815946,
0.599000000000003));
#3818=CARTESIAN_POINT('Ctrl Pts',(0.325105306015277,0.0390086309895808,
0.599000000000003));
#3819=CARTESIAN_POINT('Ctrl Pts',(0.326188103907725,0.0266000896600014,
0.599000000000003));
#3820=CARTESIAN_POINT('Ctrl Pts',(0.326760082625553,0.0134669133193644,
0.599000000000003));
#3821=CARTESIAN_POINT('Ctrl Pts',(0.32686779987184,0.00448766910417912,
0.599000000000003));
#3822=CARTESIAN_POINT('Ctrl Pts',(0.326923076923077,-0.000120192307692278,
0.599));
#3823=CARTESIAN_POINT('',(0.223377403846154,-0.157692307692308,0.599));
#3824=CARTESIAN_POINT('Ctrl Pts',(0.326923076923077,-0.000120192307692278,
0.599));
#3825=CARTESIAN_POINT('Ctrl Pts',(0.326867226819312,-0.00470795584548414,
0.598999999999999));
#3826=CARTESIAN_POINT('Ctrl Pts',(0.326758405169755,-0.0136470260048121,
0.598999999999999));
#3827=CARTESIAN_POINT('Ctrl Pts',(0.326194516018237,-0.0267211096036511,
0.598999999999999));
#3828=CARTESIAN_POINT('Ctrl Pts',(0.325083776202917,-0.0390637990292422,
0.598999999999999));
#3829=CARTESIAN_POINT('Ctrl Pts',(0.323694348633594,-0.050704695811418,
0.598999999999999));
#3830=CARTESIAN_POINT('Ctrl Pts',(0.321769980378728,-0.0615953488542429,
0.598999999999999));
#3831=CARTESIAN_POINT('Ctrl Pts',(0.319403823271476,-0.0717734444372066,
0.598999999999999));
#3832=CARTESIAN_POINT('Ctrl Pts',(0.316776652743896,-0.0812829362942433,
0.598999999999999));
#3833=CARTESIAN_POINT('Ctrl Pts',(0.313533670391627,-0.0900459201465251,
0.598999999999999));
#3834=CARTESIAN_POINT('Ctrl Pts',(0.309984180933293,-0.0981846392492216,
0.598999999999999));
#3835=CARTESIAN_POINT('Ctrl Pts',(0.306122306975403,-0.105784680534624,
0.598999999999999));
#3836=CARTESIAN_POINT('Ctrl Pts',(0.301984893310916,-0.112913219907165,
0.598999999999999));
#3837=CARTESIAN_POINT('Ctrl Pts',(0.297477286596371,-0.11951319821555,0.598999999999999));
#3838=CARTESIAN_POINT('Ctrl Pts',(0.292672708322392,-0.125631368821796,
0.598999999999999));
#3839=CARTESIAN_POINT('Ctrl Pts',(0.28746832642585,-0.131159736477641,0.598999999999999));
#3840=CARTESIAN_POINT('Ctrl Pts',(0.282010847702823,-0.136231508360197,
0.598999999999999));
#3841=CARTESIAN_POINT('Ctrl Pts',(0.276232640631341,-0.14074450499981,0.598999999999999));
#3842=CARTESIAN_POINT('Ctrl Pts',(0.270197364811442,-0.144694631111498,
0.598999999999999));
#3843=CARTESIAN_POINT('Ctrl Pts',(0.264029443932166,-0.148227246859025,
0.598999999999999));
#3844=CARTESIAN_POINT('Ctrl Pts',(0.257619439645256,-0.151075763577584,
0.598999999999999));
#3845=CARTESIAN_POINT('Ctrl Pts',(0.251112615125584,-0.15352162423282,0.598999999999999));
#3846=CARTESIAN_POINT('Ctrl Pts',(0.244415898030016,-0.155390234394489,
0.598999999999999));
#3847=CARTESIAN_POINT('Ctrl Pts',(0.237537635970921,-0.156682279153398,
0.598999999999999));
#3848=CARTESIAN_POINT('Ctrl Pts',(0.230512815748462,-0.157588437592379,
0.598999999999999));
#3849=CARTESIAN_POINT('Ctrl Pts',(0.225764110170069,-0.157657564438833,
0.598999999999999));
#3850=CARTESIAN_POINT('Ctrl Pts',(0.223377403846154,-0.157692307692308,
0.599));
#3851=CARTESIAN_POINT('Ctrl Pts',(0.223377403846154,-0.157692307692308,
0.599));
#3852=CARTESIAN_POINT('Ctrl Pts',(0.221011336933132,-0.157652334367267,
0.599000000000005));
#3853=CARTESIAN_POINT('Ctrl Pts',(0.216345914810374,-0.157573514772631,
0.599000000000005));
#3854=CARTESIAN_POINT('Ctrl Pts',(0.209432849772707,-0.156758052073644,
0.599000000000005));
#3855=CARTESIAN_POINT('Ctrl Pts',(0.202722926049283,-0.155447008941156,
0.599000000000005));
#3856=CARTESIAN_POINT('Ctrl Pts',(0.19618303284606,-0.153611300019063,0.599000000000005));
#3857=CARTESIAN_POINT('Ctrl Pts',(0.189779617267458,-0.151364314049168,
0.599000000000005));
#3858=CARTESIAN_POINT('Ctrl Pts',(0.183599935554104,-0.148436855454627,
0.599000000000005));
#3859=CARTESIAN_POINT('Ctrl Pts',(0.177575276952046,-0.14506536382983,0.599000000000005));
#3860=CARTESIAN_POINT('Ctrl Pts',(0.171721715007639,-0.141225756277977,
0.599000000000005));
#3861=CARTESIAN_POINT('Ctrl Pts',(0.166149244061368,-0.136826754866972,
0.599000000000005));
#3862=CARTESIAN_POINT('Ctrl Pts',(0.160826506463039,-0.13196124440813,0.599000000000005));
#3863=CARTESIAN_POINT('Ctrl Pts',(0.15588721911187,-0.126507809154066,0.599000000000005));
#3864=CARTESIAN_POINT('Ctrl Pts',(0.151290010916099,-0.120552558601976,
0.599000000000005));
#3865=CARTESIAN_POINT('Ctrl Pts',(0.146920803356464,-0.11415028068774,0.599000000000005));
#3866=CARTESIAN_POINT('Ctrl Pts',(0.142901714214814,-0.107213562998133,
0.599000000000005));
#3867=CARTESIAN_POINT('Ctrl Pts',(0.139184212437552,-0.0997699106704519,
0.599000000000005));
#3868=CARTESIAN_POINT('Ctrl Pts',(0.135786198951679,-0.0917712326125864,
0.599000000000005));
#3869=CARTESIAN_POINT('Ctrl Pts',(0.132773456364686,-0.0831008102246046,
0.599000000000005));
#3870=CARTESIAN_POINT('Ctrl Pts',(0.130112224240678,-0.0736594520672484,
0.599000000000005));
#3871=CARTESIAN_POINT('Ctrl Pts',(0.128011010743244,-0.0633638261146162,
0.599000000000005));
#3872=CARTESIAN_POINT('Ctrl Pts',(0.126212471714711,-0.0522966232198691,
0.599000000000005));
#3873=CARTESIAN_POINT('Ctrl Pts',(0.124761810310983,-0.0404102863296538,
0.599000000000005));
#3874=CARTESIAN_POINT('Ctrl Pts',(0.123771439569409,-0.027698362485063,
0.599000000000005));
#3875=CARTESIAN_POINT('Ctrl Pts',(0.123159326852058,-0.0141687731485359,
0.599000000000005));
#3876=CARTESIAN_POINT('Ctrl Pts',(0.123104892244619,-0.00488850677854104,
0.599000000000005));
#3877=CARTESIAN_POINT('Ctrl Pts',(0.123076923076923,-0.000120192307692278,
0.599));
#3878=CARTESIAN_POINT('Origin',(-0.605228365384615,-0.15,0.594));
#3879=CARTESIAN_POINT('',(-0.605228365384615,-0.15,0.594));
#3880=CARTESIAN_POINT('',(-0.634615384615385,-0.15,0.594));
#3881=CARTESIAN_POINT('',(-0.605228365384615,-0.15,0.594));
#3882=CARTESIAN_POINT('',(-0.634615384615385,-0.15,0.594));
#3883=CARTESIAN_POINT('',(-0.605228365384615,-0.15,0.594));
#3884=CARTESIAN_POINT('Origin',(-0.559615384615385,-0.0538461538461538,
0.594));
#3885=CARTESIAN_POINT('',(-0.559615384615385,-0.0538461538461538,0.594));
#3886=CARTESIAN_POINT('',(-0.559615384615385,-0.0538461538461538,0.594));
#3887=CARTESIAN_POINT('',(-0.559615384615385,-0.0538461538461538,0.594));
#3888=CARTESIAN_POINT('Origin',(-0.423617788461539,-0.0538461538461538,
0.594));
#3889=CARTESIAN_POINT('',(-0.423617788461538,-0.0538461538461538,0.594));
#3890=CARTESIAN_POINT('',(-0.423617788461539,-0.0538461538461538,0.594));
#3891=CARTESIAN_POINT('',(-0.423617788461539,-0.0538461538461538,0.594));
#3892=CARTESIAN_POINT('Origin',(-0.379266826923077,-0.15,0.594));
#3893=CARTESIAN_POINT('',(-0.379266826923077,-0.15,0.594));
#3894=CARTESIAN_POINT('',(-0.379266826923077,-0.15,0.594));
#3895=CARTESIAN_POINT('',(-0.379266826923077,-0.15,0.594));
#3896=CARTESIAN_POINT('Origin',(-0.35,-0.15,0.594));
#3897=CARTESIAN_POINT('',(-0.35,-0.15,0.594));
#3898=CARTESIAN_POINT('',(-0.35,-0.15,0.594));
#3899=CARTESIAN_POINT('',(-0.35,-0.15,0.594));
#3900=CARTESIAN_POINT('Origin',(-0.488461538461538,0.15,0.594));
#3901=CARTESIAN_POINT('',(-0.488461538461539,0.15,0.594));
#3902=CARTESIAN_POINT('',(-0.488461538461538,0.15,0.594));
#3903=CARTESIAN_POINT('',(-0.488461538461538,0.15,0.594));
#3904=CARTESIAN_POINT('Origin',(-0.492307692307692,0.15,0.594));
#3905=CARTESIAN_POINT('',(-0.492307692307692,0.15,0.594));
#3906=CARTESIAN_POINT('',(-0.492307692307692,0.15,0.594));
#3907=CARTESIAN_POINT('',(-0.492307692307692,0.15,0.594));
#3908=CARTESIAN_POINT('Origin',(-0.634615384615385,-0.15,0.594));
#3909=CARTESIAN_POINT('',(-0.634615384615385,-0.15,0.594));
#3910=CARTESIAN_POINT('Ctrl Pts',(0.0177884615384615,0.0203125,0.594));
#3911=CARTESIAN_POINT('Ctrl Pts',(0.0177884615384615,0.0203125,0.6));
#3912=CARTESIAN_POINT('Ctrl Pts',(0.0210443969648113,0.0179432406100242,
0.594));
#3913=CARTESIAN_POINT('Ctrl Pts',(0.0210443969648113,0.0179432406100242,
0.6));
#3914=CARTESIAN_POINT('Ctrl Pts',(0.0273490646543962,0.0133554981740595,
0.594));
#3915=CARTESIAN_POINT('Ctrl Pts',(0.0273490646543962,0.0133554981740595,
0.6));
#3916=CARTESIAN_POINT('Ctrl Pts',(0.0363197143610976,0.00646272560027842,
0.594));
#3917=CARTESIAN_POINT('Ctrl Pts',(0.0363197143610976,0.00646272560027842,
0.6));
#3918=CARTESIAN_POINT('Ctrl Pts',(0.0444534693406563,-0.000278511706088985,
0.594));
#3919=CARTESIAN_POINT('Ctrl Pts',(0.0444534693406563,-0.000278511706088985,
0.6));
#3920=CARTESIAN_POINT('Ctrl Pts',(0.0517788867895278,-0.00682516374289678,
0.594));
#3921=CARTESIAN_POINT('Ctrl Pts',(0.0517788867895278,-0.00682516374289678,
0.6));
#3922=CARTESIAN_POINT('Ctrl Pts',(0.0583683360843654,-0.0131275717146379,
0.594));
#3923=CARTESIAN_POINT('Ctrl Pts',(0.0583683360843654,-0.0131275717146379,
0.6));
#3924=CARTESIAN_POINT('Ctrl Pts',(0.0641487121422043,-0.0192615586000822,
0.594));
#3925=CARTESIAN_POINT('Ctrl Pts',(0.0641487121422043,-0.0192615586000822,
0.6));
#3926=CARTESIAN_POINT('Ctrl Pts',(0.0691789133148201,-0.0251831791157013,
0.594));
#3927=CARTESIAN_POINT('Ctrl Pts',(0.0691789133148201,-0.0251831791157013,
0.6));
#3928=CARTESIAN_POINT('Ctrl Pts',(0.0745942748971187,-0.0327751141749456,
0.594));
#3929=CARTESIAN_POINT('Ctrl Pts',(0.0745942748971187,-0.0327751141749456,
0.6));
#3930=CARTESIAN_POINT('Ctrl Pts',(0.0801278022845883,-0.0420992071127461,
0.594));
#3931=CARTESIAN_POINT('Ctrl Pts',(0.0801278022845883,-0.0420992071127461,
0.6));
#3932=CARTESIAN_POINT('Ctrl Pts',(0.0848799314925426,-0.0535230561309124,
0.594));
#3933=CARTESIAN_POINT('Ctrl Pts',(0.0848799314925426,-0.0535230561309124,
0.6));
#3934=CARTESIAN_POINT('Ctrl Pts',(0.0878763612743615,-0.0649913121735096,
0.594));
#3935=CARTESIAN_POINT('Ctrl Pts',(0.0878763612743615,-0.0649913121735096,
0.6));
#3936=CARTESIAN_POINT('Ctrl Pts',(0.0882682054542437,-0.0726993267285145,
0.594));
#3937=CARTESIAN_POINT('Ctrl Pts',(0.0882682054542437,-0.0726993267285145,
0.6));
#3938=CARTESIAN_POINT('Ctrl Pts',(0.0884615384615384,-0.0765024038461538,
0.594));
#3939=CARTESIAN_POINT('Ctrl Pts',(0.0884615384615384,-0.0765024038461538,
0.6));
#3940=CARTESIAN_POINT('',(0.0177884615384615,0.0203125,0.594000000000054));
#3941=CARTESIAN_POINT('',(0.0884615384615384,-0.0765024038461538,0.594000000000006));
#3942=CARTESIAN_POINT('Ctrl Pts',(0.0177884615384615,0.0203125,0.594000000000054));
#3943=CARTESIAN_POINT('Ctrl Pts',(0.0210443969648113,0.0179432406100242,
0.594000000000053));
#3944=CARTESIAN_POINT('Ctrl Pts',(0.0273490646543962,0.0133554981740595,
0.594000000000053));
#3945=CARTESIAN_POINT('Ctrl Pts',(0.0363197143610976,0.00646272560027842,
0.594000000000053));
#3946=CARTESIAN_POINT('Ctrl Pts',(0.0444534693406563,-0.000278511706088985,
0.594000000000053));
#3947=CARTESIAN_POINT('Ctrl Pts',(0.0517788867895278,-0.00682516374289678,
0.594000000000053));
#3948=CARTESIAN_POINT('Ctrl Pts',(0.0583683360843654,-0.0131275717146379,
0.594000000000053));
#3949=CARTESIAN_POINT('Ctrl Pts',(0.0641487121422043,-0.0192615586000822,
0.594000000000053));
#3950=CARTESIAN_POINT('Ctrl Pts',(0.0691789133148201,-0.0251831791157013,
0.594000000000053));
#3951=CARTESIAN_POINT('Ctrl Pts',(0.0745942748971187,-0.0327751141749456,
0.594000000000053));
#3952=CARTESIAN_POINT('Ctrl Pts',(0.0801278022845883,-0.0420992071127461,
0.594000000000053));
#3953=CARTESIAN_POINT('Ctrl Pts',(0.0848799314925426,-0.0535230561309124,
0.594000000000053));
#3954=CARTESIAN_POINT('Ctrl Pts',(0.0878763612743615,-0.0649913121735096,
0.594000000000053));
#3955=CARTESIAN_POINT('Ctrl Pts',(0.0882682054542437,-0.0726993267285145,
0.594000000000053));
#3956=CARTESIAN_POINT('Ctrl Pts',(0.0884615384615384,-0.0765024038461538,
0.594000000000006));
#3957=CARTESIAN_POINT('',(0.0884615384615384,-0.0765024038461538,0.5965));
#3958=CARTESIAN_POINT('',(0.0177884615384615,0.0203125,0.5965));
#3959=CARTESIAN_POINT('Ctrl Pts',(-0.0225360576923077,0.0501802884615385,
0.594));
#3960=CARTESIAN_POINT('Ctrl Pts',(-0.0225360576923077,0.0501802884615385,
0.6));
#3961=CARTESIAN_POINT('Ctrl Pts',(-0.0218793686287915,0.0495942576773252,
0.594));
#3962=CARTESIAN_POINT('Ctrl Pts',(-0.0218793686287915,0.0495942576773252,
0.6));
#3963=CARTESIAN_POINT('Ctrl Pts',(-0.0203192257313416,0.0482019826776746,
0.594));
#3964=CARTESIAN_POINT('Ctrl Pts',(-0.0203192257313416,0.0482019826776746,
0.6));
#3965=CARTESIAN_POINT('Ctrl Pts',(-0.0174670035250844,0.0459226443367824,
0.594));
#3966=CARTESIAN_POINT('Ctrl Pts',(-0.0174670035250844,0.0459226443367824,
0.6));
#3967=CARTESIAN_POINT('Ctrl Pts',(-0.013700477962518,0.0431109781400449,
0.594));
#3968=CARTESIAN_POINT('Ctrl Pts',(-0.013700477962518,0.0431109781400449,
0.6));
#3969=CARTESIAN_POINT('Ctrl Pts',(-0.00911800357593142,0.0396320652993487,
0.594));
#3970=CARTESIAN_POINT('Ctrl Pts',(-0.00911800357593142,0.0396320652993487,
0.600000000000001));
#3971=CARTESIAN_POINT('Ctrl Pts',(-0.00363508685646965,0.0355965114035825,
0.594));
#3972=CARTESIAN_POINT('Ctrl Pts',(-0.00363508685646965,0.0355965114035825,
0.6));
#3973=CARTESIAN_POINT('Ctrl Pts',(0.00274887509878249,0.0310559160752571,
0.594));
#3974=CARTESIAN_POINT('Ctrl Pts',(0.00274887509878249,0.0310559160752571,
0.600000000000001));
#3975=CARTESIAN_POINT('Ctrl Pts',(0.00996272077034855,0.02586287673181,
0.594));
#3976=CARTESIAN_POINT('Ctrl Pts',(0.00996272077034855,0.02586287673181,
0.6));
#3977=CARTESIAN_POINT('Ctrl Pts',(0.0150817421331701,0.0222322303938156,
0.594));
#3978=CARTESIAN_POINT('Ctrl Pts',(0.0150817421331701,0.0222322303938156,
0.600000000000001));
#3979=CARTESIAN_POINT('Ctrl Pts',(0.0177884615384615,0.0203125,0.594));
#3980=CARTESIAN_POINT('Ctrl Pts',(0.0177884615384615,0.0203125,0.6));
#3981=CARTESIAN_POINT('',(-0.0225360576923077,0.0501802884615385,0.594000000000064));
#3982=CARTESIAN_POINT('Ctrl Pts',(-0.0225360576923077,0.0501802884615385,
0.594000000000064));
#3983=CARTESIAN_POINT('Ctrl Pts',(-0.0218793686287915,0.0495942576773252,
0.594000000000059));
#3984=CARTESIAN_POINT('Ctrl Pts',(-0.0203192257313416,0.0482019826776746,
0.594000000000059));
#3985=CARTESIAN_POINT('Ctrl Pts',(-0.0174670035250844,0.0459226443367824,
0.594000000000059));
#3986=CARTESIAN_POINT('Ctrl Pts',(-0.013700477962518,0.0431109781400449,
0.594000000000059));
#3987=CARTESIAN_POINT('Ctrl Pts',(-0.00911800357593142,0.0396320652993487,
0.594000000000059));
#3988=CARTESIAN_POINT('Ctrl Pts',(-0.00363508685646965,0.0355965114035825,
0.594000000000059));
#3989=CARTESIAN_POINT('Ctrl Pts',(0.00274887509878249,0.0310559160752571,
0.594000000000059));
#3990=CARTESIAN_POINT('Ctrl Pts',(0.00996272077034855,0.02586287673181,
0.594000000000059));
#3991=CARTESIAN_POINT('Ctrl Pts',(0.0150817421331701,0.0222322303938156,
0.594000000000059));
#3992=CARTESIAN_POINT('Ctrl Pts',(0.0177884615384615,0.0203125,0.594000000000054));
#3993=CARTESIAN_POINT('',(-0.0225360576923077,0.0501802884615385,0.5965));
#3994=CARTESIAN_POINT('Ctrl Pts',(-0.0423076923076924,0.0889423076923077,
0.594));
#3995=CARTESIAN_POINT('Ctrl Pts',(-0.0423076923076924,0.0889423076923077,
0.6));
#3996=CARTESIAN_POINT('Ctrl Pts',(-0.0422739957389859,0.0873350381031254,
0.594));
#3997=CARTESIAN_POINT('Ctrl Pts',(-0.0422739957389859,0.0873350381031254,
0.6));
#3998=CARTESIAN_POINT('Ctrl Pts',(-0.042206547501054,0.0841178707227815,
0.594));
#3999=CARTESIAN_POINT('Ctrl Pts',(-0.042206547501054,0.0841178707227815,
0.6));
#4000=CARTESIAN_POINT('Ctrl Pts',(-0.0412658505565067,0.0793648916981569,
0.594));
#4001=CARTESIAN_POINT('Ctrl Pts',(-0.0412658505565067,0.0793648916981569,
0.6));
#4002=CARTESIAN_POINT('Ctrl Pts',(-0.0400573366458347,0.0746239197479888,
0.594));
#4003=CARTESIAN_POINT('Ctrl Pts',(-0.0400573366458347,0.0746239197479888,
0.6));
#4004=CARTESIAN_POINT('Ctrl Pts',(-0.0381422539241128,0.0699162697907744,
0.594));
#4005=CARTESIAN_POINT('Ctrl Pts',(-0.0381422539241128,0.0699162697907744,
0.6));
#4006=CARTESIAN_POINT('Ctrl Pts',(-0.0354983707570463,0.0651596104434377,
0.594));
#4007=CARTESIAN_POINT('Ctrl Pts',(-0.0354983707570463,0.0651596104434377,
0.6));
#4008=CARTESIAN_POINT('Ctrl Pts',(-0.0320264985365006,0.060272032938419,
0.594));
#4009=CARTESIAN_POINT('Ctrl Pts',(-0.0320264985365006,0.060272032938419,
0.6));
#4010=CARTESIAN_POINT('Ctrl Pts',(-0.0276539289322168,0.0552104579093799,
0.594));
#4011=CARTESIAN_POINT('Ctrl Pts',(-0.0276539289322168,0.0552104579093799,
0.6));
#4012=CARTESIAN_POINT('Ctrl Pts',(-0.0243044707306667,0.0519183973001023,
0.594));
#4013=CARTESIAN_POINT('Ctrl Pts',(-0.0243044707306667,0.0519183973001023,
0.6));
#4014=CARTESIAN_POINT('Ctrl Pts',(-0.0225360576923077,0.0501802884615385,
0.594));
#4015=CARTESIAN_POINT('Ctrl Pts',(-0.0225360576923077,0.0501802884615385,
0.6));
#4016=CARTESIAN_POINT('',(-0.0423076923076924,0.0889423076923077,0.594000000000077));
#4017=CARTESIAN_POINT('Ctrl Pts',(-0.0423076923076924,0.0889423076923077,
0.594000000000077));
#4018=CARTESIAN_POINT('Ctrl Pts',(-0.0422739957389859,0.0873350381031254,
0.59400000000007));
#4019=CARTESIAN_POINT('Ctrl Pts',(-0.042206547501054,0.0841178707227815,
0.594000000000071));
#4020=CARTESIAN_POINT('Ctrl Pts',(-0.0412658505565067,0.0793648916981569,
0.59400000000007));
#4021=CARTESIAN_POINT('Ctrl Pts',(-0.0400573366458347,0.0746239197479888,
0.59400000000007));
#4022=CARTESIAN_POINT('Ctrl Pts',(-0.0381422539241128,0.0699162697907744,
0.59400000000007));
#4023=CARTESIAN_POINT('Ctrl Pts',(-0.0354983707570463,0.0651596104434377,
0.594000000000071));
#4024=CARTESIAN_POINT('Ctrl Pts',(-0.0320264985365006,0.060272032938419,
0.59400000000007));
#4025=CARTESIAN_POINT('Ctrl Pts',(-0.0276539289322168,0.0552104579093799,
0.594000000000071));
#4026=CARTESIAN_POINT('Ctrl Pts',(-0.0243044707306667,0.0519183973001023,
0.59400000000007));
#4027=CARTESIAN_POINT('Ctrl Pts',(-0.0225360576923077,0.0501802884615385,
0.594000000000064));
#4028=CARTESIAN_POINT('',(-0.0423076923076924,0.0889423076923077,0.5965));
#4029=CARTESIAN_POINT('Ctrl Pts',(0.00168269230769227,0.126923076923077,
0.594));
#4030=CARTESIAN_POINT('Ctrl Pts',(0.00168269230769227,0.126923076923077,
0.6));
#4031=CARTESIAN_POINT('Ctrl Pts',(-0.00141643818420533,0.126819216927201,
0.594));
#4032=CARTESIAN_POINT('Ctrl Pts',(-0.00141643818420533,0.126819216927201,
0.600000000000001));
#4033=CARTESIAN_POINT('Ctrl Pts',(-0.00739281939114866,0.126618932709053,
0.594));
#4034=CARTESIAN_POINT('Ctrl Pts',(-0.00739281939114866,0.126618932709053,
0.600000000000001));
#4035=CARTESIAN_POINT('Ctrl Pts',(-0.0158776967717975,0.124431505398341,
0.594));
#4036=CARTESIAN_POINT('Ctrl Pts',(-0.0158776967717975,0.124431505398341,
0.6));
#4037=CARTESIAN_POINT('Ctrl Pts',(-0.0235143189200756,0.120987345943553,
0.594));
#4038=CARTESIAN_POINT('Ctrl Pts',(-0.0235143189200756,0.120987345943553,
0.6));
#4039=CARTESIAN_POINT('Ctrl Pts',(-0.0300759673534644,0.116160347821068,
0.594));
#4040=CARTESIAN_POINT('Ctrl Pts',(-0.0300759673534644,0.116160347821068,
0.600000000000001));
#4041=CARTESIAN_POINT('Ctrl Pts',(-0.0355391368142965,0.110441405590915,
0.594));
#4042=CARTESIAN_POINT('Ctrl Pts',(-0.0355391368142965,0.110441405590915,
0.600000000000001));
#4043=CARTESIAN_POINT('Ctrl Pts',(-0.0394910332798592,0.103860360870207,
0.594));
#4044=CARTESIAN_POINT('Ctrl Pts',(-0.0394910332798592,0.103860360870207,
0.6));
#4045=CARTESIAN_POINT('Ctrl Pts',(-0.0418696188128919,0.0965932977898187,
0.594));
#4046=CARTESIAN_POINT('Ctrl Pts',(-0.0418696188128919,0.0965932977898187,
0.600000000000001));
#4047=CARTESIAN_POINT('Ctrl Pts',(-0.0421598713544097,0.0915240129613863,
0.594));
#4048=CARTESIAN_POINT('Ctrl Pts',(-0.0421598713544097,0.0915240129613863,
0.6));
#4049=CARTESIAN_POINT('Ctrl Pts',(-0.0423076923076924,0.0889423076923077,
0.594));
#4050=CARTESIAN_POINT('Ctrl Pts',(-0.0423076923076924,0.0889423076923077,
0.6));
#4051=CARTESIAN_POINT('',(0.00168269230769227,0.126923076923077,0.59400000000009));
#4052=CARTESIAN_POINT('Ctrl Pts',(0.00168269230769227,0.126923076923077,
0.59400000000009));
#4053=CARTESIAN_POINT('Ctrl Pts',(-0.00141643818420533,0.126819216927201,
0.594000000000084));
#4054=CARTESIAN_POINT('Ctrl Pts',(-0.00739281939114866,0.126618932709053,
0.594000000000084));
#4055=CARTESIAN_POINT('Ctrl Pts',(-0.0158776967717975,0.124431505398341,
0.594000000000084));
#4056=CARTESIAN_POINT('Ctrl Pts',(-0.0235143189200756,0.120987345943553,
0.594000000000084));
#4057=CARTESIAN_POINT('Ctrl Pts',(-0.0300759673534644,0.116160347821068,
0.594000000000084));
#4058=CARTESIAN_POINT('Ctrl Pts',(-0.0355391368142965,0.110441405590915,
0.594000000000084));
#4059=CARTESIAN_POINT('Ctrl Pts',(-0.0394910332798592,0.103860360870207,
0.594000000000083));
#4060=CARTESIAN_POINT('Ctrl Pts',(-0.0418696188128919,0.0965932977898187,
0.594000000000084));
#4061=CARTESIAN_POINT('Ctrl Pts',(-0.0421598713544097,0.0915240129613863,
0.594000000000084));
#4062=CARTESIAN_POINT('Ctrl Pts',(-0.0423076923076924,0.0889423076923077,
0.594000000000077));
#4063=CARTESIAN_POINT('',(0.00168269230769227,0.126923076923077,0.5965));
#4064=CARTESIAN_POINT('Ctrl Pts',(0.0602764423076923,0.0884615384615385,
0.594));
#4065=CARTESIAN_POINT('Ctrl Pts',(0.0602764423076923,0.0884615384615385,
0.600000000000001));
#4066=CARTESIAN_POINT('Ctrl Pts',(0.0588067909529223,0.0903548547834775,
0.594));
#4067=CARTESIAN_POINT('Ctrl Pts',(0.0588067909529223,0.0903548547834775,
0.600000000000001));
#4068=CARTESIAN_POINT('Ctrl Pts',(0.0559765860610265,0.0940009393455516,
0.594));
#4069=CARTESIAN_POINT('Ctrl Pts',(0.0559765860610265,0.0940009393455516,
0.600000000000001));
#4070=CARTESIAN_POINT('Ctrl Pts',(0.0516797729015539,0.0991070521118025,
0.594));
#4071=CARTESIAN_POINT('Ctrl Pts',(0.0516797729015539,0.0991070521118025,
0.600000000000001));
#4072=CARTESIAN_POINT('Ctrl Pts',(0.0476298887941013,0.103771321785969,
0.594));
#4073=CARTESIAN_POINT('Ctrl Pts',(0.0476298887941013,0.103771321785969,
0.600000000000001));
#4074=CARTESIAN_POINT('Ctrl Pts',(0.0436398545268827,0.107822618474258,
0.594));
#4075=CARTESIAN_POINT('Ctrl Pts',(0.0436398545268827,0.107822618474258,
0.600000000000001));
#4076=CARTESIAN_POINT('Ctrl Pts',(0.0399204004012329,0.111482801331791,
0.594));
#4077=CARTESIAN_POINT('Ctrl Pts',(0.0399204004012329,0.111482801331791,
0.600000000000001));
#4078=CARTESIAN_POINT('Ctrl Pts',(0.0363103682086363,0.114616494773887,
0.594));
#4079=CARTESIAN_POINT('Ctrl Pts',(0.0363103682086363,0.114616494773887,
0.6));
#4080=CARTESIAN_POINT('Ctrl Pts',(0.0328617095311445,0.117254402953609,
0.594));
#4081=CARTESIAN_POINT('Ctrl Pts',(0.0328617095311445,0.117254402953609,
0.600000000000001));
#4082=CARTESIAN_POINT('Ctrl Pts',(0.028514545761484,0.120069565235823,0.594));
#4083=CARTESIAN_POINT('Ctrl Pts',(0.028514545761484,0.120069565235823,0.600000000000001));
#4084=CARTESIAN_POINT('Ctrl Pts',(0.0230530270480674,0.122860122683374,
0.594));
#4085=CARTESIAN_POINT('Ctrl Pts',(0.0230530270480674,0.122860122683374,
0.600000000000001));
#4086=CARTESIAN_POINT('Ctrl Pts',(0.0161972096561258,0.125221472232893,
0.594));
#4087=CARTESIAN_POINT('Ctrl Pts',(0.0161972096561258,0.125221472232893,
0.600000000000001));
#4088=CARTESIAN_POINT('Ctrl Pts',(0.00903267179598522,0.126640477540217,
0.594));
#4089=CARTESIAN_POINT('Ctrl Pts',(0.00903267179598522,0.126640477540217,
0.600000000000001));
#4090=CARTESIAN_POINT('Ctrl Pts',(0.00415298909678312,0.126828096474602,
0.594));
#4091=CARTESIAN_POINT('Ctrl Pts',(0.00415298909678312,0.126828096474602,
0.600000000000001));
#4092=CARTESIAN_POINT('Ctrl Pts',(0.00168269230769227,0.126923076923077,
0.594));
#4093=CARTESIAN_POINT('Ctrl Pts',(0.00168269230769227,0.126923076923077,
0.600000000000001));
#4094=CARTESIAN_POINT('',(0.0602764423076923,0.0884615384615385,0.594000000000039));
#4095=CARTESIAN_POINT('Ctrl Pts',(0.0602764423076923,0.0884615384615385,
0.594000000000039));
#4096=CARTESIAN_POINT('Ctrl Pts',(0.0588067909529223,0.0903548547834775,
0.594000000000084));
#4097=CARTESIAN_POINT('Ctrl Pts',(0.0559765860610265,0.0940009393455516,
0.594000000000084));
#4098=CARTESIAN_POINT('Ctrl Pts',(0.0516797729015539,0.0991070521118025,
0.594000000000084));
#4099=CARTESIAN_POINT('Ctrl Pts',(0.0476298887941013,0.103771321785969,
0.594000000000084));
#4100=CARTESIAN_POINT('Ctrl Pts',(0.0436398545268827,0.107822618474258,
0.594000000000084));
#4101=CARTESIAN_POINT('Ctrl Pts',(0.0399204004012329,0.111482801331791,
0.594000000000084));
#4102=CARTESIAN_POINT('Ctrl Pts',(0.0363103682086363,0.114616494773887,
0.594000000000084));
#4103=CARTESIAN_POINT('Ctrl Pts',(0.0328617095311445,0.117254402953609,
0.594000000000084));
#4104=CARTESIAN_POINT('Ctrl Pts',(0.028514545761484,0.120069565235823,0.594000000000084));
#4105=CARTESIAN_POINT('Ctrl Pts',(0.0230530270480674,0.122860122683374,
0.594000000000084));
#4106=CARTESIAN_POINT('Ctrl Pts',(0.0161972096561258,0.125221472232893,
0.594000000000084));
#4107=CARTESIAN_POINT('Ctrl Pts',(0.00903267179598522,0.126640477540217,
0.594000000000084));
#4108=CARTESIAN_POINT('Ctrl Pts',(0.00415298909678312,0.126828096474602,
0.594000000000084));
#4109=CARTESIAN_POINT('Ctrl Pts',(0.00168269230769227,0.126923076923077,
0.59400000000009));
#4110=CARTESIAN_POINT('',(0.0602764423076923,0.0884615384615385,0.5965));
#4111=CARTESIAN_POINT('Origin',(0.0846153846153846,0.106911057692308,0.594));
#4112=CARTESIAN_POINT('',(0.0846153846153846,0.106911057692308,0.594000000000042));
#4113=CARTESIAN_POINT('',(0.0846153846153846,0.106911057692308,0.594));
#4114=CARTESIAN_POINT('',(0.0846153846153846,0.106911057692308,0.594));
#4115=CARTESIAN_POINT('Ctrl Pts',(0.00468749999999996,0.157692307692308,
0.594));
#4116=CARTESIAN_POINT('Ctrl Pts',(0.00468749999999996,0.157692307692308,
0.6));
#4117=CARTESIAN_POINT('Ctrl Pts',(0.0082227085969723,0.157570374698092,
0.594));
#4118=CARTESIAN_POINT('Ctrl Pts',(0.0082227085969723,0.157570374698092,
0.6));
#4119=CARTESIAN_POINT('Ctrl Pts',(0.0152531101752689,0.157327888889556,
0.594));
#4120=CARTESIAN_POINT('Ctrl Pts',(0.0152531101752689,0.157327888889556,
0.6));
#4121=CARTESIAN_POINT('Ctrl Pts',(0.0255944715098016,0.15521952906215,0.594));
#4122=CARTESIAN_POINT('Ctrl Pts',(0.0255944715098016,0.15521952906215,0.6));
#4123=CARTESIAN_POINT('Ctrl Pts',(0.0355511043441392,0.151730900051752,
0.594));
#4124=CARTESIAN_POINT('Ctrl Pts',(0.0355511043441392,0.151730900051752,
0.6));
#4125=CARTESIAN_POINT('Ctrl Pts',(0.043560527042953,0.147771872225103,0.594));
#4126=CARTESIAN_POINT('Ctrl Pts',(0.043560527042953,0.147771872225103,0.6));
#4127=CARTESIAN_POINT('Ctrl Pts',(0.0498290494539665,0.143817750878251,
0.594));
#4128=CARTESIAN_POINT('Ctrl Pts',(0.0498290494539665,0.143817750878251,
0.6));
#4129=CARTESIAN_POINT('Ctrl Pts',(0.0546095693987319,0.14021605165435,0.594));
#4130=CARTESIAN_POINT('Ctrl Pts',(0.0546095693987319,0.14021605165435,0.6));
#4131=CARTESIAN_POINT('Ctrl Pts',(0.0594539223232948,0.136069613773991,
0.594));
#4132=CARTESIAN_POINT('Ctrl Pts',(0.0594539223232948,0.136069613773991,
0.6));
#4133=CARTESIAN_POINT('Ctrl Pts',(0.0644011841657592,0.131367392681349,
0.594));
#4134=CARTESIAN_POINT('Ctrl Pts',(0.0644011841657592,0.131367392681349,
0.6));
#4135=CARTESIAN_POINT('Ctrl Pts',(0.0693675264034016,0.126066242587954,
0.594));
#4136=CARTESIAN_POINT('Ctrl Pts',(0.0693675264034016,0.126066242587954,
0.6));
#4137=CARTESIAN_POINT('Ctrl Pts',(0.074426679452901,0.120202469252878,0.594));
#4138=CARTESIAN_POINT('Ctrl Pts',(0.074426679452901,0.120202469252878,0.6));
#4139=CARTESIAN_POINT('Ctrl Pts',(0.0795904739223886,0.113811907321645,
0.594));
#4140=CARTESIAN_POINT('Ctrl Pts',(0.0795904739223886,0.113811907321645,
0.6));
#4141=CARTESIAN_POINT('Ctrl Pts',(0.0829124047901523,0.109249807256972,
0.594));
#4142=CARTESIAN_POINT('Ctrl Pts',(0.0829124047901523,0.109249807256972,
0.6));
#4143=CARTESIAN_POINT('Ctrl Pts',(0.0846153846153846,0.106911057692308,
0.594));
#4144=CARTESIAN_POINT('Ctrl Pts',(0.0846153846153846,0.106911057692308,
0.6));
#4145=CARTESIAN_POINT('',(0.00468749999999996,0.157692307692308,0.594000000000101));
#4146=CARTESIAN_POINT('Ctrl Pts',(0.00468749999999996,0.157692307692308,
0.594000000000101));
#4147=CARTESIAN_POINT('Ctrl Pts',(0.0082227085969723,0.157570374698092,
0.594000000000092));
#4148=CARTESIAN_POINT('Ctrl Pts',(0.0152531101752689,0.157327888889556,
0.594000000000092));
#4149=CARTESIAN_POINT('Ctrl Pts',(0.0255944715098016,0.15521952906215,0.594000000000092));
#4150=CARTESIAN_POINT('Ctrl Pts',(0.0355511043441392,0.151730900051752,
0.594000000000092));
#4151=CARTESIAN_POINT('Ctrl Pts',(0.043560527042953,0.147771872225103,0.594000000000092));
#4152=CARTESIAN_POINT('Ctrl Pts',(0.0498290494539665,0.143817750878251,
0.594000000000092));
#4153=CARTESIAN_POINT('Ctrl Pts',(0.0546095693987319,0.14021605165435,0.594000000000092));
#4154=CARTESIAN_POINT('Ctrl Pts',(0.0594539223232948,0.136069613773991,
0.594000000000092));
#4155=CARTESIAN_POINT('Ctrl Pts',(0.0644011841657592,0.131367392681349,
0.594000000000092));
#4156=CARTESIAN_POINT('Ctrl Pts',(0.0693675264034016,0.126066242587954,
0.594000000000092));
#4157=CARTESIAN_POINT('Ctrl Pts',(0.074426679452901,0.120202469252878,0.594000000000092));
#4158=CARTESIAN_POINT('Ctrl Pts',(0.0795904739223886,0.113811907321645,
0.594000000000092));
#4159=CARTESIAN_POINT('Ctrl Pts',(0.0829124047901523,0.109249807256972,
0.594000000000092));
#4160=CARTESIAN_POINT('Ctrl Pts',(0.0846153846153846,0.106911057692308,
0.594000000000042));
#4161=CARTESIAN_POINT('',(0.00468749999999996,0.157692307692308,0.5965));
#4162=CARTESIAN_POINT('Ctrl Pts',(-0.0692307692307693,0.0876802884615385,
0.594));
#4163=CARTESIAN_POINT('Ctrl Pts',(-0.0692307692307693,0.0876802884615385,
0.6));
#4164=CARTESIAN_POINT('Ctrl Pts',(-0.0691188941741949,0.0908542691385131,
0.594));
#4165=CARTESIAN_POINT('Ctrl Pts',(-0.0691188941741949,0.0908542691385131,
0.6));
#4166=CARTESIAN_POINT('Ctrl Pts',(-0.068897535311717,0.0971343888872295,
0.594));
#4167=CARTESIAN_POINT('Ctrl Pts',(-0.068897535311717,0.0971343888872295,
0.6));
#4168=CARTESIAN_POINT('Ctrl Pts',(-0.0670254909742526,0.106308460067981,
0.594));
#4169=CARTESIAN_POINT('Ctrl Pts',(-0.0670254909742526,0.106308460067981,
0.6));
#4170=CARTESIAN_POINT('Ctrl Pts',(-0.0640706715181537,0.115067295829487,
0.594));
#4171=CARTESIAN_POINT('Ctrl Pts',(-0.0640706715181537,0.115067295829487,
0.6));
#4172=CARTESIAN_POINT('Ctrl Pts',(-0.0599311097014472,0.123324181577319,
0.594));
#4173=CARTESIAN_POINT('Ctrl Pts',(-0.0599311097014472,0.123324181577319,
0.6));
#4174=CARTESIAN_POINT('Ctrl Pts',(-0.0545947651655985,0.130864122796309,
0.594));
#4175=CARTESIAN_POINT('Ctrl Pts',(-0.0545947651655985,0.130864122796309,
0.6));
#4176=CARTESIAN_POINT('Ctrl Pts',(-0.0484193959342938,0.137773850251912,
0.594));
#4177=CARTESIAN_POINT('Ctrl Pts',(-0.0484193959342938,0.137773850251912,
0.6));
#4178=CARTESIAN_POINT('Ctrl Pts',(-0.0410641256853687,0.143582585870845,
0.594));
#4179=CARTESIAN_POINT('Ctrl Pts',(-0.0410641256853687,0.143582585870845,
0.6));
#4180=CARTESIAN_POINT('Ctrl Pts',(-0.0329939008342194,0.148657905161349,
0.594));
#4181=CARTESIAN_POINT('Ctrl Pts',(-0.0329939008342194,0.148657905161349,
0.6));
#4182=CARTESIAN_POINT('Ctrl Pts',(-0.0241604975128464,0.15263041303624,
0.594));
#4183=CARTESIAN_POINT('Ctrl Pts',(-0.0241604975128464,0.15263041303624,
0.6));
#4184=CARTESIAN_POINT('Ctrl Pts',(-0.0149041343644782,0.155627068478568,
0.594));
#4185=CARTESIAN_POINT('Ctrl Pts',(-0.0149041343644782,0.155627068478568,
0.6));
#4186=CARTESIAN_POINT('Ctrl Pts',(-0.00521009961946176,0.157325004852079,
0.594));
#4187=CARTESIAN_POINT('Ctrl Pts',(-0.00521009961946176,0.157325004852079,
0.6));
#4188=CARTESIAN_POINT('Ctrl Pts',(0.00135588334825966,0.15756867041602,
0.594));
#4189=CARTESIAN_POINT('Ctrl Pts',(0.00135588334825966,0.15756867041602,
0.6));
#4190=CARTESIAN_POINT('Ctrl Pts',(0.00468749999999996,0.157692307692308,
0.594));
#4191=CARTESIAN_POINT('Ctrl Pts',(0.00468749999999996,0.157692307692308,
0.6));
#4192=CARTESIAN_POINT('',(-0.0692307692307693,0.0876802884615385,0.594000000000076));
#4193=CARTESIAN_POINT('Ctrl Pts',(-0.0692307692307693,0.0876802884615385,
0.594000000000076));
#4194=CARTESIAN_POINT('Ctrl Pts',(-0.0691188941741949,0.0908542691385131,
0.594000000000088));
#4195=CARTESIAN_POINT('Ctrl Pts',(-0.068897535311717,0.0971343888872295,
0.594000000000088));
#4196=CARTESIAN_POINT('Ctrl Pts',(-0.0670254909742526,0.106308460067981,
0.594000000000088));
#4197=CARTESIAN_POINT('Ctrl Pts',(-0.0640706715181537,0.115067295829487,
0.594000000000089));
#4198=CARTESIAN_POINT('Ctrl Pts',(-0.0599311097014472,0.123324181577319,
0.594000000000088));
#4199=CARTESIAN_POINT('Ctrl Pts',(-0.0545947651655985,0.130864122796309,
0.594000000000089));
#4200=CARTESIAN_POINT('Ctrl Pts',(-0.0484193959342938,0.137773850251912,
0.594000000000088));
#4201=CARTESIAN_POINT('Ctrl Pts',(-0.0410641256853687,0.143582585870845,
0.594000000000089));
#4202=CARTESIAN_POINT('Ctrl Pts',(-0.0329939008342194,0.148657905161349,
0.594000000000088));
#4203=CARTESIAN_POINT('Ctrl Pts',(-0.0241604975128464,0.15263041303624,
0.594000000000089));
#4204=CARTESIAN_POINT('Ctrl Pts',(-0.0149041343644782,0.155627068478568,
0.594000000000088));
#4205=CARTESIAN_POINT('Ctrl Pts',(-0.00521009961946176,0.157325004852079,
0.594000000000089));
#4206=CARTESIAN_POINT('Ctrl Pts',(0.00135588334825966,0.15756867041602,
0.594000000000088));
#4207=CARTESIAN_POINT('Ctrl Pts',(0.00468749999999996,0.157692307692308,
0.594000000000101));
#4208=CARTESIAN_POINT('',(-0.0692307692307693,0.0876802884615385,0.5965));
#4209=CARTESIAN_POINT('Ctrl Pts',(-0.0524639423076924,0.0420072115384616,
0.594));
#4210=CARTESIAN_POINT('Ctrl Pts',(-0.0524639423076924,0.0420072115384616,
0.6));
#4211=CARTESIAN_POINT('Ctrl Pts',(-0.0537901604703623,0.043773014697393,
0.594));
#4212=CARTESIAN_POINT('Ctrl Pts',(-0.0537901604703623,0.043773014697393,
0.6));
#4213=CARTESIAN_POINT('Ctrl Pts',(-0.0563983464745352,0.0472457035919393,
0.594));
#4214=CARTESIAN_POINT('Ctrl Pts',(-0.0563983464745352,0.0472457035919393,
0.6));
#4215=CARTESIAN_POINT('Ctrl Pts',(-0.0598411469429716,0.0526735485434571,
0.594));
#4216=CARTESIAN_POINT('Ctrl Pts',(-0.0598411469429716,0.0526735485434571,
0.6));
#4217=CARTESIAN_POINT('Ctrl Pts',(-0.0627673608971191,0.0582298284356766,
0.594));
#4218=CARTESIAN_POINT('Ctrl Pts',(-0.0627673608971191,0.0582298284356766,
0.6));
#4219=CARTESIAN_POINT('Ctrl Pts',(-0.0650612750802251,0.0639294739697842,
0.594));
#4220=CARTESIAN_POINT('Ctrl Pts',(-0.0650612750802251,0.0639294739697842,
0.6));
#4221=CARTESIAN_POINT('Ctrl Pts',(-0.06699295098076,0.0696924678738333,
0.594));
#4222=CARTESIAN_POINT('Ctrl Pts',(-0.06699295098076,0.0696924678738333,
0.6));
#4223=CARTESIAN_POINT('Ctrl Pts',(-0.0682922021851404,0.0755940032195147,
0.594));
#4224=CARTESIAN_POINT('Ctrl Pts',(-0.0682922021851404,0.0755940032195147,
0.6));
#4225=CARTESIAN_POINT('Ctrl Pts',(-0.0691057504922073,0.0816075990878994,
0.594));
#4226=CARTESIAN_POINT('Ctrl Pts',(-0.0691057504922073,0.0816075990878994,
0.6));
#4227=CARTESIAN_POINT('Ctrl Pts',(-0.0691890636236165,0.0856544705698287,
0.594));
#4228=CARTESIAN_POINT('Ctrl Pts',(-0.0691890636236165,0.0856544705698287,
0.6));
#4229=CARTESIAN_POINT('Ctrl Pts',(-0.0692307692307693,0.0876802884615385,
0.594));
#4230=CARTESIAN_POINT('Ctrl Pts',(-0.0692307692307693,0.0876802884615385,
0.6));
#4231=CARTESIAN_POINT('',(-0.0524639423076924,0.0420072115384616,0.594000000000061));
#4232=CARTESIAN_POINT('Ctrl Pts',(-0.0524639423076924,0.0420072115384616,
0.594000000000061));
#4233=CARTESIAN_POINT('Ctrl Pts',(-0.0537901604703623,0.043773014697393,
0.594000000000069));
#4234=CARTESIAN_POINT('Ctrl Pts',(-0.0563983464745352,0.0472457035919393,
0.594000000000069));
#4235=CARTESIAN_POINT('Ctrl Pts',(-0.0598411469429716,0.0526735485434571,
0.594000000000069));
#4236=CARTESIAN_POINT('Ctrl Pts',(-0.0627673608971191,0.0582298284356766,
0.594000000000069));
#4237=CARTESIAN_POINT('Ctrl Pts',(-0.0650612750802251,0.0639294739697842,
0.594000000000069));
#4238=CARTESIAN_POINT('Ctrl Pts',(-0.06699295098076,0.0696924678738333,
0.594000000000069));
#4239=CARTESIAN_POINT('Ctrl Pts',(-0.0682922021851404,0.0755940032195147,
0.594000000000069));
#4240=CARTESIAN_POINT('Ctrl Pts',(-0.0691057504922073,0.0816075990878994,
0.594000000000069));
#4241=CARTESIAN_POINT('Ctrl Pts',(-0.0691890636236165,0.0856544705698287,
0.594000000000069));
#4242=CARTESIAN_POINT('Ctrl Pts',(-0.0692307692307693,0.0876802884615385,
0.594000000000076));
#4243=CARTESIAN_POINT('',(-0.0524639423076924,0.0420072115384616,0.5965));
#4244=CARTESIAN_POINT('Ctrl Pts',(-0.00330528846153851,0.0012019230769231,
0.594));
#4245=CARTESIAN_POINT('Ctrl Pts',(-0.00330528846153851,0.0012019230769231,
0.6));
#4246=CARTESIAN_POINT('Ctrl Pts',(-0.00646163099117176,0.00345008773000829,
0.594));
#4247=CARTESIAN_POINT('Ctrl Pts',(-0.00646163099117176,0.00345008773000829,
0.6));
#4248=CARTESIAN_POINT('Ctrl Pts',(-0.0124963175551874,0.00774840735099204,
0.594));
#4249=CARTESIAN_POINT('Ctrl Pts',(-0.0124963175551874,0.00774840735099204,
0.6));
#4250=CARTESIAN_POINT('Ctrl Pts',(-0.0209356246134477,0.0141276316950166,
0.594));
#4251=CARTESIAN_POINT('Ctrl Pts',(-0.0209356246134477,0.0141276316950166,
0.6));
#4252=CARTESIAN_POINT('Ctrl Pts',(-0.0284822928714401,0.0199599633700368,
0.594));
#4253=CARTESIAN_POINT('Ctrl Pts',(-0.0284822928714401,0.0199599633700368,
0.6));
#4254=CARTESIAN_POINT('Ctrl Pts',(-0.0351027800020096,0.0253003072645398,
0.594));
#4255=CARTESIAN_POINT('Ctrl Pts',(-0.0351027800020096,0.0253003072645398,
0.6));
#4256=CARTESIAN_POINT('Ctrl Pts',(-0.0407941740173862,0.0301493876699578,
0.594));
#4257=CARTESIAN_POINT('Ctrl Pts',(-0.0407941740173862,0.0301493876699578,
0.6));
#4258=CARTESIAN_POINT('Ctrl Pts',(-0.0456013235328844,0.0344606395964295,
0.594));
#4259=CARTESIAN_POINT('Ctrl Pts',(-0.0456013235328844,0.0344606395964295,
0.6));
#4260=CARTESIAN_POINT('Ctrl Pts',(-0.0494017712839328,0.0383506590994316,
0.594));
#4261=CARTESIAN_POINT('Ctrl Pts',(-0.0494017712839328,0.0383506590994316,
0.6));
#4262=CARTESIAN_POINT('Ctrl Pts',(-0.0515151067689492,0.0408742026775881,
0.594));
#4263=CARTESIAN_POINT('Ctrl Pts',(-0.0515151067689492,0.0408742026775881,
0.6));
#4264=CARTESIAN_POINT('Ctrl Pts',(-0.0524639423076924,0.0420072115384616,
0.594));
#4265=CARTESIAN_POINT('Ctrl Pts',(-0.0524639423076924,0.0420072115384616,
0.6));
#4266=CARTESIAN_POINT('',(-0.00330528846153851,0.0012019230769231,0.594000000000047));
#4267=CARTESIAN_POINT('Ctrl Pts',(-0.00330528846153851,0.0012019230769231,
0.594000000000047));
#4268=CARTESIAN_POINT('Ctrl Pts',(-0.00646163099117176,0.00345008773000829,
0.594000000000054));
#4269=CARTESIAN_POINT('Ctrl Pts',(-0.0124963175551874,0.00774840735099204,
0.594000000000054));
#4270=CARTESIAN_POINT('Ctrl Pts',(-0.0209356246134477,0.0141276316950166,
0.594000000000054));
#4271=CARTESIAN_POINT('Ctrl Pts',(-0.0284822928714401,0.0199599633700368,
0.594000000000054));
#4272=CARTESIAN_POINT('Ctrl Pts',(-0.0351027800020096,0.0253003072645398,
0.594000000000055));
#4273=CARTESIAN_POINT('Ctrl Pts',(-0.0407941740173862,0.0301493876699578,
0.594000000000054));
#4274=CARTESIAN_POINT('Ctrl Pts',(-0.0456013235328844,0.0344606395964295,
0.594000000000055));
#4275=CARTESIAN_POINT('Ctrl Pts',(-0.0494017712839328,0.0383506590994316,
0.594000000000054));
#4276=CARTESIAN_POINT('Ctrl Pts',(-0.0515151067689492,0.0408742026775881,
0.594000000000054));
#4277=CARTESIAN_POINT('Ctrl Pts',(-0.0524639423076924,0.0420072115384616,
0.594000000000061));
#4278=CARTESIAN_POINT('',(-0.00330528846153851,0.0012019230769231,0.5965));
#4279=CARTESIAN_POINT('Ctrl Pts',(0.05078125,-0.0466346153846154,0.594));
#4280=CARTESIAN_POINT('Ctrl Pts',(0.05078125,-0.0466346153846154,0.6));
#4281=CARTESIAN_POINT('Ctrl Pts',(0.049438054498806,-0.0449163162186147,
0.594));
#4282=CARTESIAN_POINT('Ctrl Pts',(0.049438054498806,-0.0449163162186147,
0.6));
#4283=CARTESIAN_POINT('Ctrl Pts',(0.0466181835596698,-0.0413089620556205,
0.594));
#4284=CARTESIAN_POINT('Ctrl Pts',(0.0466181835596698,-0.0413089620556205,
0.6));
#4285=CARTESIAN_POINT('Ctrl Pts',(0.0417703967659827,-0.0359393704434398,
0.594));
#4286=CARTESIAN_POINT('Ctrl Pts',(0.0417703967659827,-0.0359393704434398,
0.6));
#4287=CARTESIAN_POINT('Ctrl Pts',(0.0360818726826636,-0.030400648818978,
0.594));
#4288=CARTESIAN_POINT('Ctrl Pts',(0.0360818726826636,-0.030400648818978,
0.6));
#4289=CARTESIAN_POINT('Ctrl Pts',(0.0297472822616635,-0.0244813010804635,
0.594));
#4290=CARTESIAN_POINT('Ctrl Pts',(0.0297472822616635,-0.0244813010804635,
0.6));
#4291=CARTESIAN_POINT('Ctrl Pts',(0.0225358746467538,-0.0184566327929174,
0.594));
#4292=CARTESIAN_POINT('Ctrl Pts',(0.0225358746467538,-0.0184566327929174,
0.6));
#4293=CARTESIAN_POINT('Ctrl Pts',(0.0146735162693409,-0.0120393518267215,
0.594));
#4294=CARTESIAN_POINT('Ctrl Pts',(0.0146735162693409,-0.0120393518267215,
0.6));
#4295=CARTESIAN_POINT('Ctrl Pts',(0.00595947121510126,-0.00547350236557794,
0.594));
#4296=CARTESIAN_POINT('Ctrl Pts',(0.00595947121510126,-0.00547350236557794,
0.6));
#4297=CARTESIAN_POINT('Ctrl Pts',(-0.000151914209297844,-0.00107013960444476,
0.594));
#4298=CARTESIAN_POINT('Ctrl Pts',(-0.000151914209297844,-0.00107013960444476,
0.6));
#4299=CARTESIAN_POINT('Ctrl Pts',(-0.00330528846153851,0.0012019230769231,
0.594));
#4300=CARTESIAN_POINT('Ctrl Pts',(-0.00330528846153851,0.0012019230769231,
0.6));
#4301=CARTESIAN_POINT('',(0.05078125,-0.0466346153846154,0.594000000000024));
#4302=CARTESIAN_POINT('Ctrl Pts',(0.05078125,-0.0466346153846154,0.594000000000024));
#4303=CARTESIAN_POINT('Ctrl Pts',(0.049438054498806,-0.0449163162186147,
0.594000000000063));
#4304=CARTESIAN_POINT('Ctrl Pts',(0.0466181835596698,-0.0413089620556205,
0.594000000000063));
#4305=CARTESIAN_POINT('Ctrl Pts',(0.0417703967659827,-0.0359393704434398,
0.594000000000063));
#4306=CARTESIAN_POINT('Ctrl Pts',(0.0360818726826636,-0.030400648818978,
0.594000000000063));
#4307=CARTESIAN_POINT('Ctrl Pts',(0.0297472822616635,-0.0244813010804635,
0.594000000000063));
#4308=CARTESIAN_POINT('Ctrl Pts',(0.0225358746467538,-0.0184566327929174,
0.594000000000063));
#4309=CARTESIAN_POINT('Ctrl Pts',(0.0146735162693409,-0.0120393518267215,
0.594000000000063));
#4310=CARTESIAN_POINT('Ctrl Pts',(0.00595947121510126,-0.00547350236557794,
0.594000000000063));
#4311=CARTESIAN_POINT('Ctrl Pts',(-0.000151914209297844,-0.00107013960444476,
0.594000000000063));
#4312=CARTESIAN_POINT('Ctrl Pts',(-0.00330528846153851,0.0012019230769231,
0.594000000000047));
#4313=CARTESIAN_POINT('',(0.05078125,-0.0466346153846154,0.5965));
#4314=CARTESIAN_POINT('Ctrl Pts',(0.0615384615384615,-0.0760817307692307,
0.594));
#4315=CARTESIAN_POINT('Ctrl Pts',(0.0615384615384615,-0.0760817307692307,
0.6));
#4316=CARTESIAN_POINT('Ctrl Pts',(0.0614120920499504,-0.0735839436514481,
0.594));
#4317=CARTESIAN_POINT('Ctrl Pts',(0.0614120920499504,-0.0735839436514481,
0.6));
#4318=CARTESIAN_POINT('Ctrl Pts',(0.0611552013459779,-0.0685063074386206,
0.594));
#4319=CARTESIAN_POINT('Ctrl Pts',(0.0611552013459779,-0.0685063074386206,
0.6));
#4320=CARTESIAN_POINT('Ctrl Pts',(0.0589839316254806,-0.0610149086139958,
0.594));
#4321=CARTESIAN_POINT('Ctrl Pts',(0.0589839316254806,-0.0610149086139958,
0.6));
#4322=CARTESIAN_POINT('Ctrl Pts',(0.0555682818960427,-0.0536012597547736,
0.594));
#4323=CARTESIAN_POINT('Ctrl Pts',(0.0555682818960427,-0.0536012597547736,
0.6));
#4324=CARTESIAN_POINT('Ctrl Pts',(0.052417198149902,-0.0490154369909655,
0.594));
#4325=CARTESIAN_POINT('Ctrl Pts',(0.052417198149902,-0.0490154369909655,
0.6));
#4326=CARTESIAN_POINT('Ctrl Pts',(0.05078125,-0.0466346153846154,0.594));
#4327=CARTESIAN_POINT('Ctrl Pts',(0.05078125,-0.0466346153846154,0.6));
#4328=CARTESIAN_POINT('',(0.0615384615384615,-0.0760817307692307,0.593999999999989));
#4329=CARTESIAN_POINT('Ctrl Pts',(0.0615384615384615,-0.0760817307692307,
0.593999999999989));
#4330=CARTESIAN_POINT('Ctrl Pts',(0.0614120920499504,-0.0735839436514481,
0.594000000000039));
#4331=CARTESIAN_POINT('Ctrl Pts',(0.0611552013459779,-0.0685063074386206,
0.594000000000039));
#4332=CARTESIAN_POINT('Ctrl Pts',(0.0589839316254806,-0.0610149086139958,
0.594000000000038));
#4333=CARTESIAN_POINT('Ctrl Pts',(0.0555682818960427,-0.0536012597547736,
0.594000000000039));
#4334=CARTESIAN_POINT('Ctrl Pts',(0.052417198149902,-0.0490154369909655,
0.594000000000038));
#4335=CARTESIAN_POINT('Ctrl Pts',(0.05078125,-0.0466346153846154,0.594000000000024));
#4336=CARTESIAN_POINT('',(0.0615384615384615,-0.0760817307692307,0.5965));
#4337=CARTESIAN_POINT('Ctrl Pts',(0.00276442307692303,-0.126923076923077,
0.594));
#4338=CARTESIAN_POINT('Ctrl Pts',(0.00276442307692303,-0.126923076923077,
0.6));
#4339=CARTESIAN_POINT('Ctrl Pts',(0.00539472540647959,-0.126849819279173,
0.594));
#4340=CARTESIAN_POINT('Ctrl Pts',(0.00539472540647959,-0.126849819279173,
0.6));
#4341=CARTESIAN_POINT('Ctrl Pts',(0.0106093059533858,-0.126704585828051,
0.594));
#4342=CARTESIAN_POINT('Ctrl Pts',(0.0106093059533858,-0.126704585828051,
0.6));
#4343=CARTESIAN_POINT('Ctrl Pts',(0.0182860696357665,-0.125309088509531,
0.594));
#4344=CARTESIAN_POINT('Ctrl Pts',(0.0182860696357665,-0.125309088509531,
0.6));
#4345=CARTESIAN_POINT('Ctrl Pts',(0.0257416526871429,-0.12316519174552,
0.594));
#4346=CARTESIAN_POINT('Ctrl Pts',(0.0257416526871429,-0.12316519174552,
0.6));
#4347=CARTESIAN_POINT('Ctrl Pts',(0.0328223930640463,-0.12009482618765,
0.594));
#4348=CARTESIAN_POINT('Ctrl Pts',(0.0328223930640463,-0.12009482618765,
0.6));
#4349=CARTESIAN_POINT('Ctrl Pts',(0.0394305885953203,-0.116380098839794,
0.594));
#4350=CARTESIAN_POINT('Ctrl Pts',(0.0394305885953203,-0.116380098839794,
0.6));
#4351=CARTESIAN_POINT('Ctrl Pts',(0.0452254481956034,-0.111893283624882,
0.594));
#4352=CARTESIAN_POINT('Ctrl Pts',(0.0452254481956034,-0.111893283624882,
0.6));
#4353=CARTESIAN_POINT('Ctrl Pts',(0.0502351150395583,-0.106869894563708,
0.594));
#4354=CARTESIAN_POINT('Ctrl Pts',(0.0502351150395583,-0.106869894563708,
0.6));
#4355=CARTESIAN_POINT('Ctrl Pts',(0.0543330391453137,-0.101265667022973,
0.594));
#4356=CARTESIAN_POINT('Ctrl Pts',(0.0543330391453137,-0.101265667022973,
0.6));
#4357=CARTESIAN_POINT('Ctrl Pts',(0.0574770421700303,-0.0952384828566324,
0.594));
#4358=CARTESIAN_POINT('Ctrl Pts',(0.0574770421700303,-0.0952384828566324,
0.6));
#4359=CARTESIAN_POINT('Ctrl Pts',(0.0598935051768772,-0.0890519727419219,
0.594));
#4360=CARTESIAN_POINT('Ctrl Pts',(0.0598935051768772,-0.0890519727419219,
0.6));
#4361=CARTESIAN_POINT('Ctrl Pts',(0.0612345114902816,-0.0826089526037227,
0.594));
#4362=CARTESIAN_POINT('Ctrl Pts',(0.0612345114902816,-0.0826089526037227,
0.6));
#4363=CARTESIAN_POINT('Ctrl Pts',(0.0614365189294261,-0.0782709129310549,
0.594));
#4364=CARTESIAN_POINT('Ctrl Pts',(0.0614365189294261,-0.0782709129310549,
0.6));
#4365=CARTESIAN_POINT('Ctrl Pts',(0.0615384615384615,-0.0760817307692307,
0.594));
#4366=CARTESIAN_POINT('Ctrl Pts',(0.0615384615384615,-0.0760817307692307,
0.6));
#4367=CARTESIAN_POINT('',(0.00276442307692303,-0.126923076923077,0.593999999999998));
#4368=CARTESIAN_POINT('Ctrl Pts',(0.00276442307692303,-0.126923076923077,
0.593999999999998));
#4369=CARTESIAN_POINT('Ctrl Pts',(0.00539472540647959,-0.126849819279173,
0.594000000000034));
#4370=CARTESIAN_POINT('Ctrl Pts',(0.0106093059533858,-0.126704585828051,
0.594000000000034));
#4371=CARTESIAN_POINT('Ctrl Pts',(0.0182860696357665,-0.125309088509531,
0.594000000000034));
#4372=CARTESIAN_POINT('Ctrl Pts',(0.0257416526871429,-0.12316519174552,
0.594000000000034));
#4373=CARTESIAN_POINT('Ctrl Pts',(0.0328223930640463,-0.12009482618765,
0.594000000000034));
#4374=CARTESIAN_POINT('Ctrl Pts',(0.0394305885953203,-0.116380098839794,
0.594000000000034));
#4375=CARTESIAN_POINT('Ctrl Pts',(0.0452254481956034,-0.111893283624882,
0.594000000000034));
#4376=CARTESIAN_POINT('Ctrl Pts',(0.0502351150395583,-0.106869894563708,
0.594000000000034));
#4377=CARTESIAN_POINT('Ctrl Pts',(0.0543330391453137,-0.101265667022973,
0.594000000000034));
#4378=CARTESIAN_POINT('Ctrl Pts',(0.0574770421700303,-0.0952384828566324,
0.594000000000034));
#4379=CARTESIAN_POINT('Ctrl Pts',(0.0598935051768772,-0.0890519727419219,
0.594000000000034));
#4380=CARTESIAN_POINT('Ctrl Pts',(0.0612345114902816,-0.0826089526037227,
0.594000000000034));
#4381=CARTESIAN_POINT('Ctrl Pts',(0.0614365189294261,-0.0782709129310549,
0.594000000000034));
#4382=CARTESIAN_POINT('Ctrl Pts',(0.0615384615384615,-0.0760817307692307,
0.593999999999989));
#4383=CARTESIAN_POINT('',(0.00276442307692303,-0.126923076923077,0.5965));
#4384=CARTESIAN_POINT('Ctrl Pts',(-0.0631009615384616,-0.0769230769230769,
0.594));
#4385=CARTESIAN_POINT('Ctrl Pts',(-0.0631009615384616,-0.0769230769230769,
0.6));
#4386=CARTESIAN_POINT('Ctrl Pts',(-0.0607422554884159,-0.0808714527756862,
0.594));
#4387=CARTESIAN_POINT('Ctrl Pts',(-0.0607422554884159,-0.0808714527756862,
0.6));
#4388=CARTESIAN_POINT('Ctrl Pts',(-0.0562230657202795,-0.0884363885393109,
0.594));
#4389=CARTESIAN_POINT('Ctrl Pts',(-0.0562230657202795,-0.0884363885393109,
0.6));
#4390=CARTESIAN_POINT('Ctrl Pts',(-0.0486843777929231,-0.0986585062903488,
0.594));
#4391=CARTESIAN_POINT('Ctrl Pts',(-0.0486843777929231,-0.0986585062903488,
0.6));
#4392=CARTESIAN_POINT('Ctrl Pts',(-0.040872985407273,-0.107346691155406,
0.594));
#4393=CARTESIAN_POINT('Ctrl Pts',(-0.040872985407273,-0.107346691155406,
0.6));
#4394=CARTESIAN_POINT('Ctrl Pts',(-0.0327310425316065,-0.114450400373105,
0.594));
#4395=CARTESIAN_POINT('Ctrl Pts',(-0.0327310425316065,-0.114450400373105,
0.6));
#4396=CARTESIAN_POINT('Ctrl Pts',(-0.02430824697826,-0.12004316209433,0.594));
#4397=CARTESIAN_POINT('Ctrl Pts',(-0.02430824697826,-0.12004316209433,0.600000000000001));
#4398=CARTESIAN_POINT('Ctrl Pts',(-0.0155496138008287,-0.124003353384491,
0.594));
#4399=CARTESIAN_POINT('Ctrl Pts',(-0.0155496138008287,-0.124003353384491,
0.6));
#4400=CARTESIAN_POINT('Ctrl Pts',(-0.00648465859699105,-0.126473294130606,
0.594));
#4401=CARTESIAN_POINT('Ctrl Pts',(-0.00648465859699105,-0.126473294130606,
0.6));
#4402=CARTESIAN_POINT('Ctrl Pts',(-0.000315473898754562,-0.126773301549577,
0.594));
#4403=CARTESIAN_POINT('Ctrl Pts',(-0.000315473898754562,-0.126773301549577,
0.6));
#4404=CARTESIAN_POINT('Ctrl Pts',(0.00276442307692303,-0.126923076923077,
0.594));
#4405=CARTESIAN_POINT('Ctrl Pts',(0.00276442307692303,-0.126923076923077,
0.6));
#4406=CARTESIAN_POINT('',(-0.0631009615384616,-0.0769230769230769,0.593999999999995));
#4407=CARTESIAN_POINT('Ctrl Pts',(-0.0631009615384616,-0.0769230769230769,
0.593999999999995));
#4408=CARTESIAN_POINT('Ctrl Pts',(-0.0607422554884159,-0.0808714527756862,
0.594000000000039));
#4409=CARTESIAN_POINT('Ctrl Pts',(-0.0562230657202795,-0.0884363885393109,
0.594000000000039));
#4410=CARTESIAN_POINT('Ctrl Pts',(-0.0486843777929231,-0.0986585062903488,
0.594000000000038));
#4411=CARTESIAN_POINT('Ctrl Pts',(-0.040872985407273,-0.107346691155406,
0.594000000000039));
#4412=CARTESIAN_POINT('Ctrl Pts',(-0.0327310425316065,-0.114450400373105,
0.594000000000039));
#4413=CARTESIAN_POINT('Ctrl Pts',(-0.02430824697826,-0.12004316209433,0.594000000000039));
#4414=CARTESIAN_POINT('Ctrl Pts',(-0.0155496138008287,-0.124003353384491,
0.594000000000038));
#4415=CARTESIAN_POINT('Ctrl Pts',(-0.00648465859699104,-0.126473294130606,
0.594000000000038));
#4416=CARTESIAN_POINT('Ctrl Pts',(-0.000315473898754562,-0.126773301549577,
0.594000000000039));
#4417=CARTESIAN_POINT('Ctrl Pts',(0.00276442307692303,-0.126923076923077,
0.593999999999998));
#4418=CARTESIAN_POINT('',(-0.0631009615384616,-0.0769230769230769,0.5965));
#4419=CARTESIAN_POINT('Origin',(-0.0884615384615385,-0.0921274038461538,
0.594));
#4420=CARTESIAN_POINT('',(-0.0884615384615385,-0.0921274038461538,0.593999999999996));
#4421=CARTESIAN_POINT('',(-0.0884615384615385,-0.0921274038461538,0.594));
#4422=CARTESIAN_POINT('',(-0.0884615384615385,-0.0921274038461538,0.594));
#4423=CARTESIAN_POINT('Ctrl Pts',(0.00276442307692303,-0.157692307692308,
0.594));
#4424=CARTESIAN_POINT('Ctrl Pts',(0.00276442307692303,-0.157692307692308,
0.6));
#4425=CARTESIAN_POINT('Ctrl Pts',(0.000498536535696542,-0.157648492126815,
0.594));
#4426=CARTESIAN_POINT('Ctrl Pts',(0.000498536535696542,-0.157648492126815,
0.6));
#4427=CARTESIAN_POINT('Ctrl Pts',(-0.00400470004040396,-0.157561412807733,
0.594));
#4428=CARTESIAN_POINT('Ctrl Pts',(-0.00400470004040396,-0.157561412807733,
0.6));
#4429=CARTESIAN_POINT('Ctrl Pts',(-0.0106655127723899,-0.156791588771547,
0.594));
#4430=CARTESIAN_POINT('Ctrl Pts',(-0.0106655127723899,-0.156791588771547,
0.6));
#4431=CARTESIAN_POINT('Ctrl Pts',(-0.0171917632750814,-0.155702408463731,
0.594));
#4432=CARTESIAN_POINT('Ctrl Pts',(-0.0171917632750814,-0.155702408463731,
0.6));
#4433=CARTESIAN_POINT('Ctrl Pts',(-0.0235015588780069,-0.153973202465708,
0.594));
#4434=CARTESIAN_POINT('Ctrl Pts',(-0.0235015588780069,-0.153973202465708,
0.6));
#4435=CARTESIAN_POINT('Ctrl Pts',(-0.029676194161585,-0.1518751758621,0.594));
#4436=CARTESIAN_POINT('Ctrl Pts',(-0.029676194161585,-0.1518751758621,0.6));
#4437=CARTESIAN_POINT('Ctrl Pts',(-0.0356888142638098,-0.149291890210826,
0.594));
#4438=CARTESIAN_POINT('Ctrl Pts',(-0.0356888142638098,-0.149291890210826,
0.6));
#4439=CARTESIAN_POINT('Ctrl Pts',(-0.0415423331657419,-0.146196130086766,
0.594));
#4440=CARTESIAN_POINT('Ctrl Pts',(-0.0415423331657419,-0.146196130086766,
0.6));
#4441=CARTESIAN_POINT('Ctrl Pts',(-0.0472695545544579,-0.142656556547167,
0.594));
#4442=CARTESIAN_POINT('Ctrl Pts',(-0.0472695545544579,-0.142656556547167,
0.6));
#4443=CARTESIAN_POINT('Ctrl Pts',(-0.052855912376126,-0.138537321298859,
0.594));
#4444=CARTESIAN_POINT('Ctrl Pts',(-0.052855912376126,-0.138537321298859,
0.6));
#4445=CARTESIAN_POINT('Ctrl Pts',(-0.0582490096271708,-0.133739593032728,
0.594));
#4446=CARTESIAN_POINT('Ctrl Pts',(-0.0582490096271708,-0.133739593032728,
0.6));
#4447=CARTESIAN_POINT('Ctrl Pts',(-0.0636257969568816,-0.128395692604903,
0.594));
#4448=CARTESIAN_POINT('Ctrl Pts',(-0.0636257969568816,-0.128395692604903,
0.6));
#4449=CARTESIAN_POINT('Ctrl Pts',(-0.068827573784446,-0.122360501459614,
0.594));
#4450=CARTESIAN_POINT('Ctrl Pts',(-0.068827573784446,-0.122360501459614,
0.6));
#4451=CARTESIAN_POINT('Ctrl Pts',(-0.0739595575820857,-0.115731522928948,
0.594));
#4452=CARTESIAN_POINT('Ctrl Pts',(-0.0739595575820857,-0.115731522928948,
0.6));
#4453=CARTESIAN_POINT('Ctrl Pts',(-0.0789205641137858,-0.108446735780597,
0.594));
#4454=CARTESIAN_POINT('Ctrl Pts',(-0.0789205641137858,-0.108446735780597,
0.6));
#4455=CARTESIAN_POINT('Ctrl Pts',(-0.0838132827719885,-0.100545819744114,
0.594));
#4456=CARTESIAN_POINT('Ctrl Pts',(-0.0838132827719885,-0.100545819744114,
0.6));
#4457=CARTESIAN_POINT('Ctrl Pts',(-0.0868831800143294,-0.0949859552538434,
0.594));
#4458=CARTESIAN_POINT('Ctrl Pts',(-0.0868831800143294,-0.0949859552538434,
0.6));
#4459=CARTESIAN_POINT('Ctrl Pts',(-0.0884615384615385,-0.0921274038461538,
0.594));
#4460=CARTESIAN_POINT('Ctrl Pts',(-0.0884615384615385,-0.0921274038461538,
0.6));
#4461=CARTESIAN_POINT('',(0.00276442307692303,-0.157692307692308,0.594000000000005));
#4462=CARTESIAN_POINT('Ctrl Pts',(0.00276442307692303,-0.157692307692308,
0.594000000000005));
#4463=CARTESIAN_POINT('Ctrl Pts',(0.000498536535696542,-0.157648492126815,
0.593999999999988));
#4464=CARTESIAN_POINT('Ctrl Pts',(-0.00400470004040396,-0.157561412807733,
0.593999999999988));
#4465=CARTESIAN_POINT('Ctrl Pts',(-0.0106655127723899,-0.156791588771547,
0.593999999999989));
#4466=CARTESIAN_POINT('Ctrl Pts',(-0.0171917632750814,-0.155702408463731,
0.593999999999988));
#4467=CARTESIAN_POINT('Ctrl Pts',(-0.0235015588780069,-0.153973202465708,
0.593999999999988));
#4468=CARTESIAN_POINT('Ctrl Pts',(-0.029676194161585,-0.1518751758621,0.593999999999989));
#4469=CARTESIAN_POINT('Ctrl Pts',(-0.0356888142638098,-0.149291890210826,
0.593999999999989));
#4470=CARTESIAN_POINT('Ctrl Pts',(-0.0415423331657419,-0.146196130086766,
0.593999999999988));
#4471=CARTESIAN_POINT('Ctrl Pts',(-0.0472695545544579,-0.142656556547167,
0.593999999999989));
#4472=CARTESIAN_POINT('Ctrl Pts',(-0.052855912376126,-0.138537321298859,
0.593999999999988));
#4473=CARTESIAN_POINT('Ctrl Pts',(-0.0582490096271708,-0.133739593032728,
0.593999999999988));
#4474=CARTESIAN_POINT('Ctrl Pts',(-0.0636257969568816,-0.128395692604903,
0.593999999999989));
#4475=CARTESIAN_POINT('Ctrl Pts',(-0.068827573784446,-0.122360501459614,
0.593999999999988));
#4476=CARTESIAN_POINT('Ctrl Pts',(-0.0739595575820857,-0.115731522928948,
0.593999999999989));
#4477=CARTESIAN_POINT('Ctrl Pts',(-0.0789205641137858,-0.108446735780597,
0.593999999999988));
#4478=CARTESIAN_POINT('Ctrl Pts',(-0.0838132827719885,-0.100545819744114,
0.593999999999989));
#4479=CARTESIAN_POINT('Ctrl Pts',(-0.0868831800143294,-0.0949859552538434,
0.593999999999988));
#4480=CARTESIAN_POINT('Ctrl Pts',(-0.0884615384615385,-0.0921274038461538,
0.593999999999996));
#4481=CARTESIAN_POINT('',(0.00276442307692303,-0.157692307692308,0.5965));
#4482=CARTESIAN_POINT('Ctrl Pts',(0.0884615384615384,-0.0765024038461538,
0.594));
#4483=CARTESIAN_POINT('Ctrl Pts',(0.0884615384615384,-0.0765024038461538,
0.6));
#4484=CARTESIAN_POINT('Ctrl Pts',(0.0884052123366277,-0.0791919779972044,
0.594));
#4485=CARTESIAN_POINT('Ctrl Pts',(0.0884052123366277,-0.0791919779972044,
0.6));
#4486=CARTESIAN_POINT('Ctrl Pts',(0.088293653902093,-0.0845188965866131,
0.594));
#4487=CARTESIAN_POINT('Ctrl Pts',(0.088293653902093,-0.0845188965866131,
0.6));
#4488=CARTESIAN_POINT('Ctrl Pts',(0.0870112898639257,-0.0923407603193655,
0.594));
#4489=CARTESIAN_POINT('Ctrl Pts',(0.0870112898639257,-0.0923407603193655,
0.6));
#4490=CARTESIAN_POINT('Ctrl Pts',(0.0851324614214197,-0.0999376920065617,
0.594));
#4491=CARTESIAN_POINT('Ctrl Pts',(0.0851324614214197,-0.0999376920065617,
0.6));
#4492=CARTESIAN_POINT('Ctrl Pts',(0.0823006985113729,-0.107215787358991,
0.594));
#4493=CARTESIAN_POINT('Ctrl Pts',(0.0823006985113729,-0.107215787358991,
0.6));
#4494=CARTESIAN_POINT('Ctrl Pts',(0.0788444278033818,-0.114308195589001,
0.594));
#4495=CARTESIAN_POINT('Ctrl Pts',(0.0788444278033818,-0.114308195589001,
0.6));
#4496=CARTESIAN_POINT('Ctrl Pts',(0.0744587494148651,-0.12102887276708,
0.594));
#4497=CARTESIAN_POINT('Ctrl Pts',(0.0744587494148651,-0.12102887276708,
0.6));
#4498=CARTESIAN_POINT('Ctrl Pts',(0.0693752335802061,-0.127526564074533,
0.594));
#4499=CARTESIAN_POINT('Ctrl Pts',(0.0693752335802061,-0.127526564074533,
0.6));
#4500=CARTESIAN_POINT('Ctrl Pts',(0.0635437680169731,-0.133628006190688,
0.594));
#4501=CARTESIAN_POINT('Ctrl Pts',(0.0635437680169731,-0.133628006190688,
0.6));
#4502=CARTESIAN_POINT('Ctrl Pts',(0.0571626906755583,-0.139229108703723,
0.594));
#4503=CARTESIAN_POINT('Ctrl Pts',(0.0571626906755583,-0.139229108703723,
0.6));
#4504=CARTESIAN_POINT('Ctrl Pts',(0.0504183739901778,-0.144211599687078,
0.594));
#4505=CARTESIAN_POINT('Ctrl Pts',(0.0504183739901778,-0.144211599687078,
0.6));
#4506=CARTESIAN_POINT('Ctrl Pts',(0.0432997791672504,-0.148366027406677,
0.594));
#4507=CARTESIAN_POINT('Ctrl Pts',(0.0432997791672504,-0.148366027406677,
0.6));
#4508=CARTESIAN_POINT('Ctrl Pts',(0.0358455234515447,-0.151756099582385,
0.594));
#4509=CARTESIAN_POINT('Ctrl Pts',(0.0358455234515447,-0.151756099582385,
0.6));
#4510=CARTESIAN_POINT('Ctrl Pts',(0.0280538945909393,-0.154407543941778,
0.594));
#4511=CARTESIAN_POINT('Ctrl Pts',(0.0280538945909393,-0.154407543941778,
0.6));
#4512=CARTESIAN_POINT('Ctrl Pts',(0.0199275131194098,-0.156328647010139,
0.594));
#4513=CARTESIAN_POINT('Ctrl Pts',(0.0199275131194098,-0.156328647010139,
0.6));
#4514=CARTESIAN_POINT('Ctrl Pts',(0.0114529835863049,-0.157507707945581,
0.594));
#4515=CARTESIAN_POINT('Ctrl Pts',(0.0114529835863049,-0.157507707945581,
0.6));
#4516=CARTESIAN_POINT('Ctrl Pts',(0.00569294230866373,-0.15763008749969,
0.594));
#4517=CARTESIAN_POINT('Ctrl Pts',(0.00569294230866373,-0.15763008749969,
0.6));
#4518=CARTESIAN_POINT('Ctrl Pts',(0.00276442307692303,-0.157692307692308,
0.594));
#4519=CARTESIAN_POINT('Ctrl Pts',(0.00276442307692303,-0.157692307692308,
0.6));
#4520=CARTESIAN_POINT('Ctrl Pts',(0.0884615384615384,-0.0765024038461538,
0.594000000000006));
#4521=CARTESIAN_POINT('Ctrl Pts',(0.0884052123366277,-0.0791919779972044,
0.594000000000007));
#4522=CARTESIAN_POINT('Ctrl Pts',(0.088293653902093,-0.0845188965866131,
0.594000000000007));
#4523=CARTESIAN_POINT('Ctrl Pts',(0.0870112898639257,-0.0923407603193655,
0.594000000000007));
#4524=CARTESIAN_POINT('Ctrl Pts',(0.0851324614214197,-0.0999376920065617,
0.594000000000007));
#4525=CARTESIAN_POINT('Ctrl Pts',(0.0823006985113729,-0.107215787358991,
0.594000000000007));
#4526=CARTESIAN_POINT('Ctrl Pts',(0.0788444278033818,-0.114308195589001,
0.594000000000007));
#4527=CARTESIAN_POINT('Ctrl Pts',(0.0744587494148651,-0.12102887276708,
0.594000000000007));
#4528=CARTESIAN_POINT('Ctrl Pts',(0.0693752335802061,-0.127526564074533,
0.594000000000008));
#4529=CARTESIAN_POINT('Ctrl Pts',(0.0635437680169731,-0.133628006190688,
0.594000000000007));
#4530=CARTESIAN_POINT('Ctrl Pts',(0.0571626906755583,-0.139229108703723,
0.594000000000007));
#4531=CARTESIAN_POINT('Ctrl Pts',(0.0504183739901778,-0.144211599687078,
0.594000000000007));
#4532=CARTESIAN_POINT('Ctrl Pts',(0.0432997791672504,-0.148366027406677,
0.594000000000007));
#4533=CARTESIAN_POINT('Ctrl Pts',(0.0358455234515447,-0.151756099582385,
0.594000000000007));
#4534=CARTESIAN_POINT('Ctrl Pts',(0.0280538945909393,-0.154407543941778,
0.594000000000007));
#4535=CARTESIAN_POINT('Ctrl Pts',(0.0199275131194098,-0.156328647010139,
0.594000000000007));
#4536=CARTESIAN_POINT('Ctrl Pts',(0.0114529835863049,-0.157507707945582,
0.594000000000007));
#4537=CARTESIAN_POINT('Ctrl Pts',(0.00569294230866373,-0.15763008749969,
0.594000000000007));
#4538=CARTESIAN_POINT('Ctrl Pts',(0.00276442307692303,-0.157692307692308,
0.594000000000005));
#4539=CARTESIAN_POINT('Ctrl Pts',(0.223377403846154,0.157692307692308,0.594));
#4540=CARTESIAN_POINT('Ctrl Pts',(0.223377403846154,0.157692307692308,0.6));
#4541=CARTESIAN_POINT('Ctrl Pts',(0.225763302001954,0.157650494962965,0.594));
#4542=CARTESIAN_POINT('Ctrl Pts',(0.225763302001954,0.157650494962965,0.6));
#4543=CARTESIAN_POINT('Ctrl Pts',(0.230508102764442,0.157567342599741,0.594));
#4544=CARTESIAN_POINT('Ctrl Pts',(0.230508102764442,0.157567342599741,0.6));
#4545=CARTESIAN_POINT('Ctrl Pts',(0.237522992071235,0.156768147525346,0.594));
#4546=CARTESIAN_POINT('Ctrl Pts',(0.237522992071235,0.156768147525346,0.6));
#4547=CARTESIAN_POINT('Ctrl Pts',(0.244375821932486,0.155442051259895,0.594));
#4548=CARTESIAN_POINT('Ctrl Pts',(0.244375821932486,0.155442051259895,0.6));
#4549=CARTESIAN_POINT('Ctrl Pts',(0.251037376678499,0.153563110581381,0.594));
#4550=CARTESIAN_POINT('Ctrl Pts',(0.251037376678499,0.153563110581381,0.6));
#4551=CARTESIAN_POINT('Ctrl Pts',(0.257562375518594,0.151232052582002,0.594));
#4552=CARTESIAN_POINT('Ctrl Pts',(0.257562375518594,0.151232052582002,0.6));
#4553=CARTESIAN_POINT('Ctrl Pts',(0.263899781888221,0.14831029968693,0.594));
#4554=CARTESIAN_POINT('Ctrl Pts',(0.263899781888221,0.14831029968693,0.6));
#4555=CARTESIAN_POINT('Ctrl Pts',(0.270088960314682,0.144909253914547,0.594));
#4556=CARTESIAN_POINT('Ctrl Pts',(0.270088960314682,0.144909253914547,0.6));
#4557=CARTESIAN_POINT('Ctrl Pts',(0.276031556387816,0.140912921573979,0.594));
#4558=CARTESIAN_POINT('Ctrl Pts',(0.276031556387816,0.140912921573979,0.6));
#4559=CARTESIAN_POINT('Ctrl Pts',(0.281792809131766,0.136457297899971,0.594));
#4560=CARTESIAN_POINT('Ctrl Pts',(0.281792809131766,0.136457297899971,0.6));
#4561=CARTESIAN_POINT('Ctrl Pts',(0.287231205957946,0.131420497716828,0.594));
#4562=CARTESIAN_POINT('Ctrl Pts',(0.287231205957946,0.131420497716828,0.6));
#4563=CARTESIAN_POINT('Ctrl Pts',(0.292347241892014,0.125853378922371,0.594));
#4564=CARTESIAN_POINT('Ctrl Pts',(0.292347241892014,0.125853378922371,0.6));
#4565=CARTESIAN_POINT('Ctrl Pts',(0.297205125210834,0.119815504874948,0.594));
#4566=CARTESIAN_POINT('Ctrl Pts',(0.297205125210834,0.119815504874948,0.6));
#4567=CARTESIAN_POINT('Ctrl Pts',(0.301667033542197,0.113191069032069,0.594));
#4568=CARTESIAN_POINT('Ctrl Pts',(0.301667033542197,0.113191069032069,0.6));
#4569=CARTESIAN_POINT('Ctrl Pts',(0.305916184876663,0.106095288190857,0.594));
#4570=CARTESIAN_POINT('Ctrl Pts',(0.305916184876663,0.106095288190857,0.6));
#4571=CARTESIAN_POINT('Ctrl Pts',(0.309719502239663,0.0984040712085306,
0.594));
#4572=CARTESIAN_POINT('Ctrl Pts',(0.309719502239663,0.0984040712085306,
0.6));
#4573=CARTESIAN_POINT('Ctrl Pts',(0.313382474397828,0.0902457453935837,
0.594));
#4574=CARTESIAN_POINT('Ctrl Pts',(0.313382474397828,0.0902457453935837,
0.6));
#4575=CARTESIAN_POINT('Ctrl Pts',(0.316544216118335,0.0813945746387267,
0.594));
#4576=CARTESIAN_POINT('Ctrl Pts',(0.316544216118335,0.0813945746387267,
0.6));
#4577=CARTESIAN_POINT('Ctrl Pts',(0.319395608570247,0.0719004523086046,
0.594));
#4578=CARTESIAN_POINT('Ctrl Pts',(0.319395608570247,0.0719004523086046,
0.6));
#4579=CARTESIAN_POINT('Ctrl Pts',(0.321699520162385,0.0616512362926039,
0.594));
#4580=CARTESIAN_POINT('Ctrl Pts',(0.321699520162385,0.0616512362926039,
0.6));
#4581=CARTESIAN_POINT('Ctrl Pts',(0.323618600648511,0.0507007009815946,
0.594));
#4582=CARTESIAN_POINT('Ctrl Pts',(0.323618600648511,0.0507007009815946,
0.6));
#4583=CARTESIAN_POINT('Ctrl Pts',(0.325105306015277,0.0390086309895808,
0.594));
#4584=CARTESIAN_POINT('Ctrl Pts',(0.325105306015277,0.0390086309895808,
0.6));
#4585=CARTESIAN_POINT('Ctrl Pts',(0.326188103907725,0.0266000896600014,
0.594));
#4586=CARTESIAN_POINT('Ctrl Pts',(0.326188103907725,0.0266000896600014,
0.6));
#4587=CARTESIAN_POINT('Ctrl Pts',(0.326760082625553,0.0134669133193644,
0.594));
#4588=CARTESIAN_POINT('Ctrl Pts',(0.326760082625553,0.0134669133193644,
0.6));
#4589=CARTESIAN_POINT('Ctrl Pts',(0.32686779987184,0.00448766910417912,
0.594));
#4590=CARTESIAN_POINT('Ctrl Pts',(0.32686779987184,0.00448766910417912,
0.6));
#4591=CARTESIAN_POINT('Ctrl Pts',(0.326923076923077,-0.000120192307692278,
0.594));
#4592=CARTESIAN_POINT('Ctrl Pts',(0.326923076923077,-0.000120192307692278,
0.6));
#4593=CARTESIAN_POINT('',(0.223377403846154,0.157692307692308,0.594000000000081));
#4594=CARTESIAN_POINT('',(0.326923076923077,-0.000120192307692278,0.594000000000008));
#4595=CARTESIAN_POINT('Ctrl Pts',(0.223377403846154,0.157692307692308,0.594000000000081));
#4596=CARTESIAN_POINT('Ctrl Pts',(0.225763302001954,0.157650494962965,0.594000000000062));
#4597=CARTESIAN_POINT('Ctrl Pts',(0.230508102764442,0.157567342599741,0.594000000000061));
#4598=CARTESIAN_POINT('Ctrl Pts',(0.237522992071235,0.156768147525346,0.594000000000061));
#4599=CARTESIAN_POINT('Ctrl Pts',(0.244375821932486,0.155442051259895,0.594000000000062));
#4600=CARTESIAN_POINT('Ctrl Pts',(0.251037376678499,0.153563110581381,0.594000000000061));
#4601=CARTESIAN_POINT('Ctrl Pts',(0.257562375518594,0.151232052582002,0.594000000000062));
#4602=CARTESIAN_POINT('Ctrl Pts',(0.263899781888221,0.14831029968693,0.594000000000061));
#4603=CARTESIAN_POINT('Ctrl Pts',(0.270088960314682,0.144909253914547,0.594000000000062));
#4604=CARTESIAN_POINT('Ctrl Pts',(0.276031556387816,0.140912921573979,0.594000000000061));
#4605=CARTESIAN_POINT('Ctrl Pts',(0.281792809131766,0.136457297899971,0.594000000000061));
#4606=CARTESIAN_POINT('Ctrl Pts',(0.287231205957946,0.131420497716828,0.594000000000061));
#4607=CARTESIAN_POINT('Ctrl Pts',(0.292347241892014,0.125853378922371,0.594000000000061));
#4608=CARTESIAN_POINT('Ctrl Pts',(0.297205125210834,0.119815504874948,0.594000000000062));
#4609=CARTESIAN_POINT('Ctrl Pts',(0.301667033542197,0.113191069032069,0.594000000000061));
#4610=CARTESIAN_POINT('Ctrl Pts',(0.305916184876663,0.106095288190857,0.594000000000061));
#4611=CARTESIAN_POINT('Ctrl Pts',(0.309719502239663,0.0984040712085306,
0.594000000000061));
#4612=CARTESIAN_POINT('Ctrl Pts',(0.313382474397828,0.0902457453935837,
0.594000000000062));
#4613=CARTESIAN_POINT('Ctrl Pts',(0.316544216118335,0.0813945746387267,
0.594000000000062));
#4614=CARTESIAN_POINT('Ctrl Pts',(0.319395608570247,0.0719004523086046,
0.594000000000061));
#4615=CARTESIAN_POINT('Ctrl Pts',(0.321699520162385,0.0616512362926039,
0.594000000000062));
#4616=CARTESIAN_POINT('Ctrl Pts',(0.323618600648511,0.0507007009815946,
0.594000000000061));
#4617=CARTESIAN_POINT('Ctrl Pts',(0.325105306015277,0.0390086309895808,
0.594000000000062));
#4618=CARTESIAN_POINT('Ctrl Pts',(0.326188103907725,0.0266000896600014,
0.594000000000062));
#4619=CARTESIAN_POINT('Ctrl Pts',(0.326760082625553,0.0134669133193644,
0.594000000000061));
#4620=CARTESIAN_POINT('Ctrl Pts',(0.32686779987184,0.00448766910417912,
0.594000000000061));
#4621=CARTESIAN_POINT('Ctrl Pts',(0.326923076923077,-0.000120192307692278,
0.594000000000008));
#4622=CARTESIAN_POINT('',(0.326923076923077,-0.000120192307692278,0.5965));
#4623=CARTESIAN_POINT('',(0.223377403846154,0.157692307692308,0.5965));
#4624=CARTESIAN_POINT('Ctrl Pts',(0.123076923076923,-0.000120192307692278,
0.594));
#4625=CARTESIAN_POINT('Ctrl Pts',(0.123076923076923,-0.000120192307692278,
0.6));
#4626=CARTESIAN_POINT('Ctrl Pts',(0.123105038918992,0.00468815521238623,
0.594));
#4627=CARTESIAN_POINT('Ctrl Pts',(0.123105038918992,0.00468815521238623,
0.6));
#4628=CARTESIAN_POINT('Ctrl Pts',(0.123159654347464,0.0140284395764548,
0.594));
#4629=CARTESIAN_POINT('Ctrl Pts',(0.123159654347464,0.0140284395764548,
0.6));
#4630=CARTESIAN_POINT('Ctrl Pts',(0.12376723328537,0.0276385517536091,0.594));
#4631=CARTESIAN_POINT('Ctrl Pts',(0.12376723328537,0.0276385517536091,0.6));
#4632=CARTESIAN_POINT('Ctrl Pts',(0.124776548340785,0.0404065765246242,
0.594));
#4633=CARTESIAN_POINT('Ctrl Pts',(0.124776548340785,0.0404065765246242,
0.6));
#4634=CARTESIAN_POINT('Ctrl Pts',(0.126159751727952,0.0523331250422036,
0.594));
#4635=CARTESIAN_POINT('Ctrl Pts',(0.126159751727952,0.0523331250422036,
0.6));
#4636=CARTESIAN_POINT('Ctrl Pts',(0.127843007175688,0.0634212762865788,
0.594));
#4637=CARTESIAN_POINT('Ctrl Pts',(0.127843007175688,0.0634212762865788,
0.6));
#4638=CARTESIAN_POINT('Ctrl Pts',(0.130090048884372,0.073641398326833,0.594));
#4639=CARTESIAN_POINT('Ctrl Pts',(0.130090048884372,0.073641398326833,0.6));
#4640=CARTESIAN_POINT('Ctrl Pts',(0.132645431965655,0.0830407931793812,
0.594));
#4641=CARTESIAN_POINT('Ctrl Pts',(0.132645431965655,0.0830407931793812,
0.6));
#4642=CARTESIAN_POINT('Ctrl Pts',(0.135607070177984,0.0916501116201828,
0.594));
#4643=CARTESIAN_POINT('Ctrl Pts',(0.135607070177984,0.0916501116201828,
0.6));
#4644=CARTESIAN_POINT('Ctrl Pts',(0.13894888066527,0.0995853433077967,0.594));
#4645=CARTESIAN_POINT('Ctrl Pts',(0.13894888066527,0.0995853433077967,0.6));
#4646=CARTESIAN_POINT('Ctrl Pts',(0.142586103012876,0.106993217704405,0.594));
#4647=CARTESIAN_POINT('Ctrl Pts',(0.142586103012876,0.106993217704405,0.6));
#4648=CARTESIAN_POINT('Ctrl Pts',(0.14666308539204,0.113862526190672,0.594));
#4649=CARTESIAN_POINT('Ctrl Pts',(0.14666308539204,0.113862526190672,0.6));
#4650=CARTESIAN_POINT('Ctrl Pts',(0.150946820785792,0.120302908226667,0.594));
#4651=CARTESIAN_POINT('Ctrl Pts',(0.150946820785792,0.120302908226667,0.6));
#4652=CARTESIAN_POINT('Ctrl Pts',(0.155610712639604,0.126208939208867,0.594));
#4653=CARTESIAN_POINT('Ctrl Pts',(0.155610712639604,0.126208939208867,0.6));
#4654=CARTESIAN_POINT('Ctrl Pts',(0.160522037536797,0.131664024567598,0.594));
#4655=CARTESIAN_POINT('Ctrl Pts',(0.160522037536797,0.131664024567598,0.6));
#4656=CARTESIAN_POINT('Ctrl Pts',(0.165872484073979,0.136542088893067,0.594));
#4657=CARTESIAN_POINT('Ctrl Pts',(0.165872484073979,0.136542088893067,0.6));
#4658=CARTESIAN_POINT('Ctrl Pts',(0.171480170497418,0.140986057668931,0.594));
#4659=CARTESIAN_POINT('Ctrl Pts',(0.171480170497418,0.140986057668931,0.6));
#4660=CARTESIAN_POINT('Ctrl Pts',(0.177395867445279,0.144881726669383,0.594));
#4661=CARTESIAN_POINT('Ctrl Pts',(0.177395867445279,0.144881726669383,0.6));
#4662=CARTESIAN_POINT('Ctrl Pts',(0.183450953114697,0.14831310426502,0.594));
#4663=CARTESIAN_POINT('Ctrl Pts',(0.183450953114697,0.14831310426502,0.6));
#4664=CARTESIAN_POINT('Ctrl Pts',(0.189687105045205,0.151244521458529,0.594));
#4665=CARTESIAN_POINT('Ctrl Pts',(0.189687105045205,0.151244521458529,0.6));
#4666=CARTESIAN_POINT('Ctrl Pts',(0.1961213492936,0.153549415960775,0.594));
#4667=CARTESIAN_POINT('Ctrl Pts',(0.1961213492936,0.153549415960775,0.6));
#4668=CARTESIAN_POINT('Ctrl Pts',(0.202695854255572,0.155453202826999,0.594));
#4669=CARTESIAN_POINT('Ctrl Pts',(0.202695854255572,0.155453202826999,0.6));
#4670=CARTESIAN_POINT('Ctrl Pts',(0.209433602829112,0.156755112625277,0.594));
#4671=CARTESIAN_POINT('Ctrl Pts',(0.209433602829112,0.156755112625277,0.6));
#4672=CARTESIAN_POINT('Ctrl Pts',(0.21634571973794,0.157574276210081,0.594));
#4673=CARTESIAN_POINT('Ctrl Pts',(0.21634571973794,0.157574276210081,0.6));
#4674=CARTESIAN_POINT('Ctrl Pts',(0.221011271292066,0.157652590587813,0.594));
#4675=CARTESIAN_POINT('Ctrl Pts',(0.221011271292066,0.157652590587813,0.6));
#4676=CARTESIAN_POINT('Ctrl Pts',(0.223377403846154,0.157692307692308,0.594));
#4677=CARTESIAN_POINT('Ctrl Pts',(0.223377403846154,0.157692307692308,0.6));
#4678=CARTESIAN_POINT('',(0.123076923076923,-0.000120192307692278,0.593999999999976));
#4679=CARTESIAN_POINT('Ctrl Pts',(0.123076923076923,-0.000120192307692278,
0.593999999999976));
#4680=CARTESIAN_POINT('Ctrl Pts',(0.123105038918992,0.00468815521238623,
0.594000000000065));
#4681=CARTESIAN_POINT('Ctrl Pts',(0.123159654347464,0.0140284395764548,
0.594000000000065));
#4682=CARTESIAN_POINT('Ctrl Pts',(0.12376723328537,0.0276385517536091,0.594000000000065));
#4683=CARTESIAN_POINT('Ctrl Pts',(0.124776548340785,0.0404065765246242,
0.594000000000065));
#4684=CARTESIAN_POINT('Ctrl Pts',(0.126159751727952,0.0523331250422036,
0.594000000000065));
#4685=CARTESIAN_POINT('Ctrl Pts',(0.127843007175688,0.0634212762865788,
0.594000000000065));
#4686=CARTESIAN_POINT('Ctrl Pts',(0.130090048884372,0.073641398326833,0.594000000000065));
#4687=CARTESIAN_POINT('Ctrl Pts',(0.132645431965655,0.0830407931793812,
0.594000000000065));
#4688=CARTESIAN_POINT('Ctrl Pts',(0.135607070177984,0.0916501116201828,
0.594000000000065));
#4689=CARTESIAN_POINT('Ctrl Pts',(0.13894888066527,0.0995853433077967,0.594000000000065));
#4690=CARTESIAN_POINT('Ctrl Pts',(0.142586103012876,0.106993217704405,0.594000000000065));
#4691=CARTESIAN_POINT('Ctrl Pts',(0.14666308539204,0.113862526190672,0.594000000000065));
#4692=CARTESIAN_POINT('Ctrl Pts',(0.150946820785792,0.120302908226667,0.594000000000065));
#4693=CARTESIAN_POINT('Ctrl Pts',(0.155610712639604,0.126208939208867,0.594000000000065));
#4694=CARTESIAN_POINT('Ctrl Pts',(0.160522037536797,0.131664024567598,0.594000000000065));
#4695=CARTESIAN_POINT('Ctrl Pts',(0.165872484073979,0.136542088893067,0.594000000000065));
#4696=CARTESIAN_POINT('Ctrl Pts',(0.171480170497418,0.140986057668931,0.594000000000065));
#4697=CARTESIAN_POINT('Ctrl Pts',(0.177395867445279,0.144881726669383,0.594000000000065));
#4698=CARTESIAN_POINT('Ctrl Pts',(0.183450953114697,0.14831310426502,0.594000000000065));
#4699=CARTESIAN_POINT('Ctrl Pts',(0.189687105045205,0.151244521458529,0.594000000000065));
#4700=CARTESIAN_POINT('Ctrl Pts',(0.1961213492936,0.153549415960775,0.594000000000065));
#4701=CARTESIAN_POINT('Ctrl Pts',(0.202695854255573,0.155453202826999,0.594000000000065));
#4702=CARTESIAN_POINT('Ctrl Pts',(0.209433602829112,0.156755112625277,0.594000000000065));
#4703=CARTESIAN_POINT('Ctrl Pts',(0.21634571973794,0.157574276210081,0.594000000000065));
#4704=CARTESIAN_POINT('Ctrl Pts',(0.221011271292066,0.157652590587813,0.594000000000065));
#4705=CARTESIAN_POINT('Ctrl Pts',(0.223377403846154,0.157692307692308,0.594000000000081));
#4706=CARTESIAN_POINT('',(0.123076923076923,-0.000120192307692278,0.5965));
#4707=CARTESIAN_POINT('Ctrl Pts',(0.223377403846154,-0.157692307692308,
0.594));
#4708=CARTESIAN_POINT('Ctrl Pts',(0.223377403846154,-0.157692307692308,
0.6));
#4709=CARTESIAN_POINT('Ctrl Pts',(0.221011336933132,-0.157652334367267,
0.594));
#4710=CARTESIAN_POINT('Ctrl Pts',(0.221011336933132,-0.157652334367267,
0.6));
#4711=CARTESIAN_POINT('Ctrl Pts',(0.216345914810374,-0.157573514772631,
0.594));
#4712=CARTESIAN_POINT('Ctrl Pts',(0.216345914810374,-0.157573514772631,
0.6));
#4713=CARTESIAN_POINT('Ctrl Pts',(0.209432849772707,-0.156758052073644,
0.594));
#4714=CARTESIAN_POINT('Ctrl Pts',(0.209432849772707,-0.156758052073644,
0.6));
#4715=CARTESIAN_POINT('Ctrl Pts',(0.202722926049283,-0.155447008941156,
0.594));
#4716=CARTESIAN_POINT('Ctrl Pts',(0.202722926049283,-0.155447008941156,
0.6));
#4717=CARTESIAN_POINT('Ctrl Pts',(0.19618303284606,-0.153611300019063,0.594));
#4718=CARTESIAN_POINT('Ctrl Pts',(0.19618303284606,-0.153611300019063,0.6));
#4719=CARTESIAN_POINT('Ctrl Pts',(0.189779617267458,-0.151364314049168,
0.594));
#4720=CARTESIAN_POINT('Ctrl Pts',(0.189779617267458,-0.151364314049168,
0.6));
#4721=CARTESIAN_POINT('Ctrl Pts',(0.183599935554104,-0.148436855454627,
0.594));
#4722=CARTESIAN_POINT('Ctrl Pts',(0.183599935554104,-0.148436855454627,
0.6));
#4723=CARTESIAN_POINT('Ctrl Pts',(0.177575276952046,-0.14506536382983,0.594));
#4724=CARTESIAN_POINT('Ctrl Pts',(0.177575276952046,-0.14506536382983,0.6));
#4725=CARTESIAN_POINT('Ctrl Pts',(0.171721715007639,-0.141225756277977,
0.594));
#4726=CARTESIAN_POINT('Ctrl Pts',(0.171721715007639,-0.141225756277977,
0.6));
#4727=CARTESIAN_POINT('Ctrl Pts',(0.166149244061368,-0.136826754866972,
0.594));
#4728=CARTESIAN_POINT('Ctrl Pts',(0.166149244061368,-0.136826754866972,
0.6));
#4729=CARTESIAN_POINT('Ctrl Pts',(0.160826506463039,-0.13196124440813,0.594));
#4730=CARTESIAN_POINT('Ctrl Pts',(0.160826506463039,-0.13196124440813,0.6));
#4731=CARTESIAN_POINT('Ctrl Pts',(0.15588721911187,-0.126507809154066,0.594));
#4732=CARTESIAN_POINT('Ctrl Pts',(0.15588721911187,-0.126507809154066,0.6));
#4733=CARTESIAN_POINT('Ctrl Pts',(0.151290010916099,-0.120552558601976,
0.594));
#4734=CARTESIAN_POINT('Ctrl Pts',(0.151290010916099,-0.120552558601976,
0.6));
#4735=CARTESIAN_POINT('Ctrl Pts',(0.146920803356464,-0.11415028068774,0.594));
#4736=CARTESIAN_POINT('Ctrl Pts',(0.146920803356464,-0.11415028068774,0.6));
#4737=CARTESIAN_POINT('Ctrl Pts',(0.142901714214814,-0.107213562998133,
0.594));
#4738=CARTESIAN_POINT('Ctrl Pts',(0.142901714214814,-0.107213562998133,
0.6));
#4739=CARTESIAN_POINT('Ctrl Pts',(0.139184212437552,-0.0997699106704519,
0.594));
#4740=CARTESIAN_POINT('Ctrl Pts',(0.139184212437552,-0.0997699106704519,
0.6));
#4741=CARTESIAN_POINT('Ctrl Pts',(0.135786198951679,-0.0917712326125864,
0.594));
#4742=CARTESIAN_POINT('Ctrl Pts',(0.135786198951679,-0.0917712326125864,
0.6));
#4743=CARTESIAN_POINT('Ctrl Pts',(0.132773456364686,-0.0831008102246046,
0.594));
#4744=CARTESIAN_POINT('Ctrl Pts',(0.132773456364686,-0.0831008102246046,
0.6));
#4745=CARTESIAN_POINT('Ctrl Pts',(0.130112224240678,-0.0736594520672484,
0.594));
#4746=CARTESIAN_POINT('Ctrl Pts',(0.130112224240678,-0.0736594520672484,
0.6));
#4747=CARTESIAN_POINT('Ctrl Pts',(0.128011010743244,-0.0633638261146162,
0.594));
#4748=CARTESIAN_POINT('Ctrl Pts',(0.128011010743244,-0.0633638261146162,
0.6));
#4749=CARTESIAN_POINT('Ctrl Pts',(0.126212471714711,-0.0522966232198691,
0.594));
#4750=CARTESIAN_POINT('Ctrl Pts',(0.126212471714711,-0.0522966232198691,
0.6));
#4751=CARTESIAN_POINT('Ctrl Pts',(0.124761810310983,-0.0404102863296538,
0.594));
#4752=CARTESIAN_POINT('Ctrl Pts',(0.124761810310983,-0.0404102863296538,
0.6));
#4753=CARTESIAN_POINT('Ctrl Pts',(0.123771439569409,-0.027698362485063,
0.594));
#4754=CARTESIAN_POINT('Ctrl Pts',(0.123771439569409,-0.027698362485063,
0.6));
#4755=CARTESIAN_POINT('Ctrl Pts',(0.123159326852058,-0.0141687731485359,
0.594));
#4756=CARTESIAN_POINT('Ctrl Pts',(0.123159326852058,-0.0141687731485359,
0.6));
#4757=CARTESIAN_POINT('Ctrl Pts',(0.123104892244619,-0.00488850677854104,
0.594));
#4758=CARTESIAN_POINT('Ctrl Pts',(0.123104892244619,-0.00488850677854104,
0.6));
#4759=CARTESIAN_POINT('Ctrl Pts',(0.123076923076923,-0.000120192307692278,
0.594));
#4760=CARTESIAN_POINT('Ctrl Pts',(0.123076923076923,-0.000120192307692278,
0.6));
#4761=CARTESIAN_POINT('',(0.223377403846154,-0.157692307692308,0.594000000000008));
#4762=CARTESIAN_POINT('Ctrl Pts',(0.223377403846154,-0.157692307692308,
0.594000000000008));
#4763=CARTESIAN_POINT('Ctrl Pts',(0.221011336933132,-0.157652334367267,
0.593999999999983));
#4764=CARTESIAN_POINT('Ctrl Pts',(0.216345914810374,-0.157573514772631,
0.593999999999983));
#4765=CARTESIAN_POINT('Ctrl Pts',(0.209432849772707,-0.156758052073644,
0.593999999999983));
#4766=CARTESIAN_POINT('Ctrl Pts',(0.202722926049283,-0.155447008941156,
0.593999999999983));
#4767=CARTESIAN_POINT('Ctrl Pts',(0.196183032846059,-0.153611300019063,
0.593999999999983));
#4768=CARTESIAN_POINT('Ctrl Pts',(0.189779617267458,-0.151364314049168,
0.593999999999983));
#4769=CARTESIAN_POINT('Ctrl Pts',(0.183599935554104,-0.148436855454627,
0.593999999999983));
#4770=CARTESIAN_POINT('Ctrl Pts',(0.177575276952046,-0.14506536382983,0.593999999999983));
#4771=CARTESIAN_POINT('Ctrl Pts',(0.171721715007639,-0.141225756277977,
0.593999999999983));
#4772=CARTESIAN_POINT('Ctrl Pts',(0.166149244061368,-0.136826754866972,
0.593999999999983));
#4773=CARTESIAN_POINT('Ctrl Pts',(0.160826506463039,-0.13196124440813,0.593999999999983));
#4774=CARTESIAN_POINT('Ctrl Pts',(0.15588721911187,-0.126507809154066,0.593999999999983));
#4775=CARTESIAN_POINT('Ctrl Pts',(0.151290010916099,-0.120552558601976,
0.593999999999983));
#4776=CARTESIAN_POINT('Ctrl Pts',(0.146920803356464,-0.11415028068774,0.593999999999983));
#4777=CARTESIAN_POINT('Ctrl Pts',(0.142901714214814,-0.107213562998133,
0.593999999999983));
#4778=CARTESIAN_POINT('Ctrl Pts',(0.139184212437552,-0.0997699106704519,
0.593999999999983));
#4779=CARTESIAN_POINT('Ctrl Pts',(0.135786198951679,-0.0917712326125864,
0.593999999999983));
#4780=CARTESIAN_POINT('Ctrl Pts',(0.132773456364685,-0.0831008102246046,
0.593999999999983));
#4781=CARTESIAN_POINT('Ctrl Pts',(0.130112224240678,-0.0736594520672484,
0.593999999999983));
#4782=CARTESIAN_POINT('Ctrl Pts',(0.128011010743244,-0.0633638261146162,
0.593999999999983));
#4783=CARTESIAN_POINT('Ctrl Pts',(0.126212471714711,-0.0522966232198691,
0.593999999999983));
#4784=CARTESIAN_POINT('Ctrl Pts',(0.124761810310983,-0.0404102863296538,
0.593999999999983));
#4785=CARTESIAN_POINT('Ctrl Pts',(0.123771439569409,-0.027698362485063,
0.593999999999983));
#4786=CARTESIAN_POINT('Ctrl Pts',(0.123159326852058,-0.0141687731485359,
0.593999999999983));
#4787=CARTESIAN_POINT('Ctrl Pts',(0.123104892244619,-0.00488850677854103,
0.593999999999983));
#4788=CARTESIAN_POINT('Ctrl Pts',(0.123076923076923,-0.000120192307692278,
0.593999999999976));
#4789=CARTESIAN_POINT('',(0.223377403846154,-0.157692307692308,0.5965));
#4790=CARTESIAN_POINT('Ctrl Pts',(0.326923076923077,-0.000120192307692278,
0.594));
#4791=CARTESIAN_POINT('Ctrl Pts',(0.326923076923077,-0.000120192307692278,
0.6));
#4792=CARTESIAN_POINT('Ctrl Pts',(0.326867226819312,-0.00470795584548414,
0.594));
#4793=CARTESIAN_POINT('Ctrl Pts',(0.326867226819312,-0.00470795584548414,
0.600000000000001));
#4794=CARTESIAN_POINT('Ctrl Pts',(0.326758405169755,-0.0136470260048121,
0.594));
#4795=CARTESIAN_POINT('Ctrl Pts',(0.326758405169755,-0.0136470260048121,
0.600000000000001));
#4796=CARTESIAN_POINT('Ctrl Pts',(0.326194516018237,-0.0267211096036511,
0.594));
#4797=CARTESIAN_POINT('Ctrl Pts',(0.326194516018237,-0.0267211096036511,
0.6));
#4798=CARTESIAN_POINT('Ctrl Pts',(0.325083776202917,-0.0390637990292422,
0.594));
#4799=CARTESIAN_POINT('Ctrl Pts',(0.325083776202917,-0.0390637990292422,
0.600000000000001));
#4800=CARTESIAN_POINT('Ctrl Pts',(0.323694348633594,-0.050704695811418,
0.594));
#4801=CARTESIAN_POINT('Ctrl Pts',(0.323694348633594,-0.050704695811418,
0.6));
#4802=CARTESIAN_POINT('Ctrl Pts',(0.321769980378728,-0.0615953488542429,
0.594));
#4803=CARTESIAN_POINT('Ctrl Pts',(0.321769980378728,-0.0615953488542429,
0.6));
#4804=CARTESIAN_POINT('Ctrl Pts',(0.319403823271476,-0.0717734444372066,
0.594));
#4805=CARTESIAN_POINT('Ctrl Pts',(0.319403823271476,-0.0717734444372066,
0.6));
#4806=CARTESIAN_POINT('Ctrl Pts',(0.316776652743896,-0.0812829362942433,
0.594));
#4807=CARTESIAN_POINT('Ctrl Pts',(0.316776652743896,-0.0812829362942433,
0.600000000000001));
#4808=CARTESIAN_POINT('Ctrl Pts',(0.313533670391627,-0.0900459201465251,
0.594));
#4809=CARTESIAN_POINT('Ctrl Pts',(0.313533670391627,-0.0900459201465251,
0.6));
#4810=CARTESIAN_POINT('Ctrl Pts',(0.309984180933293,-0.0981846392492216,
0.594));
#4811=CARTESIAN_POINT('Ctrl Pts',(0.309984180933293,-0.0981846392492216,
0.600000000000001));
#4812=CARTESIAN_POINT('Ctrl Pts',(0.306122306975403,-0.105784680534624,
0.594));
#4813=CARTESIAN_POINT('Ctrl Pts',(0.306122306975403,-0.105784680534624,
0.6));
#4814=CARTESIAN_POINT('Ctrl Pts',(0.301984893310916,-0.112913219907165,
0.594));
#4815=CARTESIAN_POINT('Ctrl Pts',(0.301984893310916,-0.112913219907165,
0.600000000000001));
#4816=CARTESIAN_POINT('Ctrl Pts',(0.297477286596371,-0.11951319821555,0.594));
#4817=CARTESIAN_POINT('Ctrl Pts',(0.297477286596371,-0.11951319821555,0.6));
#4818=CARTESIAN_POINT('Ctrl Pts',(0.292672708322392,-0.125631368821796,
0.594));
#4819=CARTESIAN_POINT('Ctrl Pts',(0.292672708322392,-0.125631368821796,
0.600000000000001));
#4820=CARTESIAN_POINT('Ctrl Pts',(0.28746832642585,-0.131159736477641,0.594));
#4821=CARTESIAN_POINT('Ctrl Pts',(0.28746832642585,-0.131159736477641,0.6));
#4822=CARTESIAN_POINT('Ctrl Pts',(0.282010847702823,-0.136231508360197,
0.594));
#4823=CARTESIAN_POINT('Ctrl Pts',(0.282010847702823,-0.136231508360197,
0.600000000000001));
#4824=CARTESIAN_POINT('Ctrl Pts',(0.276232640631341,-0.14074450499981,0.594));
#4825=CARTESIAN_POINT('Ctrl Pts',(0.276232640631341,-0.14074450499981,0.6));
#4826=CARTESIAN_POINT('Ctrl Pts',(0.270197364811442,-0.144694631111498,
0.594));
#4827=CARTESIAN_POINT('Ctrl Pts',(0.270197364811442,-0.144694631111498,
0.6));
#4828=CARTESIAN_POINT('Ctrl Pts',(0.264029443932166,-0.148227246859025,
0.594));
#4829=CARTESIAN_POINT('Ctrl Pts',(0.264029443932166,-0.148227246859025,
0.6));
#4830=CARTESIAN_POINT('Ctrl Pts',(0.257619439645256,-0.151075763577584,
0.594));
#4831=CARTESIAN_POINT('Ctrl Pts',(0.257619439645256,-0.151075763577584,
0.6));
#4832=CARTESIAN_POINT('Ctrl Pts',(0.251112615125584,-0.15352162423282,0.594));
#4833=CARTESIAN_POINT('Ctrl Pts',(0.251112615125584,-0.15352162423282,0.600000000000001));
#4834=CARTESIAN_POINT('Ctrl Pts',(0.244415898030016,-0.155390234394489,
0.594));
#4835=CARTESIAN_POINT('Ctrl Pts',(0.244415898030016,-0.155390234394489,
0.6));
#4836=CARTESIAN_POINT('Ctrl Pts',(0.237537635970921,-0.156682279153398,
0.594));
#4837=CARTESIAN_POINT('Ctrl Pts',(0.237537635970921,-0.156682279153398,
0.6));
#4838=CARTESIAN_POINT('Ctrl Pts',(0.230512815748462,-0.157588437592379,
0.594));
#4839=CARTESIAN_POINT('Ctrl Pts',(0.230512815748462,-0.157588437592379,
0.6));
#4840=CARTESIAN_POINT('Ctrl Pts',(0.225764110170069,-0.157657564438833,
0.594));
#4841=CARTESIAN_POINT('Ctrl Pts',(0.225764110170069,-0.157657564438833,
0.600000000000001));
#4842=CARTESIAN_POINT('Ctrl Pts',(0.223377403846154,-0.157692307692308,
0.594));
#4843=CARTESIAN_POINT('Ctrl Pts',(0.223377403846154,-0.157692307692308,
0.6));
#4844=CARTESIAN_POINT('Ctrl Pts',(0.326923076923077,-0.000120192307692278,
0.594000000000008));
#4845=CARTESIAN_POINT('Ctrl Pts',(0.326867226819312,-0.00470795584548414,
0.594000000000007));
#4846=CARTESIAN_POINT('Ctrl Pts',(0.326758405169755,-0.0136470260048121,
0.594000000000007));
#4847=CARTESIAN_POINT('Ctrl Pts',(0.326194516018237,-0.0267211096036511,
0.594000000000006));
#4848=CARTESIAN_POINT('Ctrl Pts',(0.325083776202917,-0.0390637990292422,
0.594000000000007));
#4849=CARTESIAN_POINT('Ctrl Pts',(0.323694348633594,-0.050704695811418,
0.594000000000007));
#4850=CARTESIAN_POINT('Ctrl Pts',(0.321769980378728,-0.0615953488542429,
0.594000000000007));
#4851=CARTESIAN_POINT('Ctrl Pts',(0.319403823271476,-0.0717734444372066,
0.594000000000006));
#4852=CARTESIAN_POINT('Ctrl Pts',(0.316776652743896,-0.0812829362942433,
0.594000000000007));
#4853=CARTESIAN_POINT('Ctrl Pts',(0.313533670391627,-0.0900459201465251,
0.594000000000007));
#4854=CARTESIAN_POINT('Ctrl Pts',(0.309984180933293,-0.0981846392492216,
0.594000000000007));
#4855=CARTESIAN_POINT('Ctrl Pts',(0.306122306975403,-0.105784680534624,
0.594000000000007));
#4856=CARTESIAN_POINT('Ctrl Pts',(0.301984893310916,-0.112913219907165,
0.594000000000007));
#4857=CARTESIAN_POINT('Ctrl Pts',(0.297477286596371,-0.11951319821555,0.594000000000007));
#4858=CARTESIAN_POINT('Ctrl Pts',(0.292672708322392,-0.125631368821796,
0.594000000000007));
#4859=CARTESIAN_POINT('Ctrl Pts',(0.28746832642585,-0.131159736477641,0.594000000000007));
#4860=CARTESIAN_POINT('Ctrl Pts',(0.282010847702823,-0.136231508360197,
0.594000000000007));
#4861=CARTESIAN_POINT('Ctrl Pts',(0.276232640631341,-0.14074450499981,0.594000000000006));
#4862=CARTESIAN_POINT('Ctrl Pts',(0.270197364811442,-0.144694631111498,
0.594000000000007));
#4863=CARTESIAN_POINT('Ctrl Pts',(0.264029443932166,-0.148227246859025,
0.594000000000007));
#4864=CARTESIAN_POINT('Ctrl Pts',(0.257619439645256,-0.151075763577584,
0.594000000000007));
#4865=CARTESIAN_POINT('Ctrl Pts',(0.251112615125584,-0.15352162423282,0.594000000000007));
#4866=CARTESIAN_POINT('Ctrl Pts',(0.244415898030016,-0.155390234394489,
0.594000000000007));
#4867=CARTESIAN_POINT('Ctrl Pts',(0.237537635970921,-0.156682279153398,
0.594000000000007));
#4868=CARTESIAN_POINT('Ctrl Pts',(0.230512815748462,-0.157588437592379,
0.594000000000007));
#4869=CARTESIAN_POINT('Ctrl Pts',(0.225764110170069,-0.157657564438833,
0.594000000000007));
#4870=CARTESIAN_POINT('Ctrl Pts',(0.223377403846154,-0.157692307692308,
0.594000000000008));
#4871=CARTESIAN_POINT('Origin',(-0.85,0.425,0.569));
#4872=CARTESIAN_POINT('',(-0.95,0.425,0.569));
#4873=CARTESIAN_POINT('Origin',(-0.92,0.425,0.569));
#4874=CARTESIAN_POINT('',(-0.85,0.525,0.569));
#4875=CARTESIAN_POINT('Origin',(-0.85,0.495,0.569));
#4876=CARTESIAN_POINT('Origin',(-0.85,0.425,0.569));
#4877=CARTESIAN_POINT('Origin',(0.85,0.495,0.569));
#4878=CARTESIAN_POINT('',(0.85,0.525,0.569));
#4879=CARTESIAN_POINT('Origin',(0.85,0.495,0.569));
#4880=CARTESIAN_POINT('',(0.85,0.525,0.569));
#4881=CARTESIAN_POINT('Origin',(0.850000000000002,0.425000000000002,0.569));
#4882=CARTESIAN_POINT('',(0.95,0.425,0.569));
#4883=CARTESIAN_POINT('Origin',(0.92,0.425,0.569));
#4884=CARTESIAN_POINT('Origin',(0.85,0.425,0.569));
#4885=CARTESIAN_POINT('Origin',(0.92,0.425,0.569));
#4886=CARTESIAN_POINT('',(0.95,-0.425,0.569));
#4887=CARTESIAN_POINT('Origin',(0.92,-0.425,0.569));
#4888=CARTESIAN_POINT('',(0.95,0.425,0.569));
#4889=CARTESIAN_POINT('Origin',(0.849999999999999,-0.424999999999999,0.569));
#4890=CARTESIAN_POINT('',(0.85,-0.525,0.569));
#4891=CARTESIAN_POINT('Origin',(0.85,-0.495,0.569));
#4892=CARTESIAN_POINT('Origin',(0.85,-0.425,0.569));
#4893=CARTESIAN_POINT('Origin',(0.85,-0.495,0.569));
#4894=CARTESIAN_POINT('',(-0.85,-0.525,0.569));
#4895=CARTESIAN_POINT('Origin',(-0.85,-0.495,0.569));
#4896=CARTESIAN_POINT('',(0.85,-0.525,0.569));
#4897=CARTESIAN_POINT('Origin',(-0.850000000000002,-0.425000000000002,0.569000000000001));
#4898=CARTESIAN_POINT('',(-0.95,-0.425,0.569));
#4899=CARTESIAN_POINT('Origin',(-0.92,-0.425,0.569));
#4900=CARTESIAN_POINT('Origin',(-0.85,-0.425,0.569));
#4901=CARTESIAN_POINT('Origin',(-0.92,0.425,0.569));
#4902=CARTESIAN_POINT('',(-0.95,0.425,0.569));
#4903=CARTESIAN_POINT('Ctrl Pts',(0.460096153846154,-0.157692307692308,
0.594));
#4904=CARTESIAN_POINT('Ctrl Pts',(0.460096153846154,-0.157692307692308,
0.6));
#4905=CARTESIAN_POINT('Ctrl Pts',(0.456059293790216,-0.15756131862856,0.594));
#4906=CARTESIAN_POINT('Ctrl Pts',(0.456059293790216,-0.15756131862856,0.6));
#4907=CARTESIAN_POINT('Ctrl Pts',(0.448062980818146,-0.157301852227661,
0.594));
#4908=CARTESIAN_POINT('Ctrl Pts',(0.448062980818146,-0.157301852227661,
0.6));
#4909=CARTESIAN_POINT('Ctrl Pts',(0.436300169883503,-0.154990486124143,
0.594));
#4910=CARTESIAN_POINT('Ctrl Pts',(0.436300169883503,-0.154990486124143,
0.6));
#4911=CARTESIAN_POINT('Ctrl Pts',(0.424997625539956,-0.15124416302968,0.594));
#4912=CARTESIAN_POINT('Ctrl Pts',(0.424997625539956,-0.15124416302968,0.6));
#4913=CARTESIAN_POINT('Ctrl Pts',(0.414234535747848,-0.146082939154575,
0.594));
#4914=CARTESIAN_POINT('Ctrl Pts',(0.414234535747848,-0.146082939154575,
0.6));
#4915=CARTESIAN_POINT('Ctrl Pts',(0.404264197496884,-0.139563692044366,
0.594));
#4916=CARTESIAN_POINT('Ctrl Pts',(0.404264197496884,-0.139563692044366,
0.6));
#4917=CARTESIAN_POINT('Ctrl Pts',(0.395344285802664,-0.1317154966902,0.594));
#4918=CARTESIAN_POINT('Ctrl Pts',(0.395344285802664,-0.1317154966902,0.6));
#4919=CARTESIAN_POINT('Ctrl Pts',(0.387519276554785,-0.122706113969706,
0.594));
#4920=CARTESIAN_POINT('Ctrl Pts',(0.387519276554785,-0.122706113969706,
0.6));
#4921=CARTESIAN_POINT('Ctrl Pts',(0.381007166189295,-0.1125369413464,0.594));
#4922=CARTESIAN_POINT('Ctrl Pts',(0.381007166189295,-0.1125369413464,0.6));
#4923=CARTESIAN_POINT('Ctrl Pts',(0.375842132022391,-0.101609230703165,
0.594));
#4924=CARTESIAN_POINT('Ctrl Pts',(0.375842132022391,-0.101609230703165,
0.6));
#4925=CARTESIAN_POINT('Ctrl Pts',(0.371968709869565,-0.0902146172983462,
0.594));
#4926=CARTESIAN_POINT('Ctrl Pts',(0.371968709869565,-0.0902146172983462,
0.6));
#4927=CARTESIAN_POINT('Ctrl Pts',(0.369706174735128,-0.0783946188647046,
0.594));
#4928=CARTESIAN_POINT('Ctrl Pts',(0.369706174735128,-0.0783946188647046,
0.6));
#4929=CARTESIAN_POINT('Ctrl Pts',(0.369390012719792,-0.070381949791577,
0.594));
#4930=CARTESIAN_POINT('Ctrl Pts',(0.369390012719792,-0.070381949791577,
0.6));
#4931=CARTESIAN_POINT('Ctrl Pts',(0.369230769230769,-0.0663461538461538,
0.594));
#4932=CARTESIAN_POINT('Ctrl Pts',(0.369230769230769,-0.0663461538461538,
0.6));
#4933=CARTESIAN_POINT('',(0.460096153846154,-0.157692307692308,0.594000000000098));
#4934=CARTESIAN_POINT('',(0.369230769230769,-0.0663461538461538,0.594000000000011));
#4935=CARTESIAN_POINT('Ctrl Pts',(0.460096153846154,-0.157692307692308,
0.594000000000098));
#4936=CARTESIAN_POINT('Ctrl Pts',(0.456059293790216,-0.15756131862856,0.59400000000007));
#4937=CARTESIAN_POINT('Ctrl Pts',(0.448062980818146,-0.157301852227661,
0.59400000000007));
#4938=CARTESIAN_POINT('Ctrl Pts',(0.436300169883503,-0.154990486124143,
0.59400000000007));
#4939=CARTESIAN_POINT('Ctrl Pts',(0.424997625539956,-0.15124416302968,0.59400000000007));
#4940=CARTESIAN_POINT('Ctrl Pts',(0.414234535747848,-0.146082939154575,
0.59400000000007));
#4941=CARTESIAN_POINT('Ctrl Pts',(0.404264197496884,-0.139563692044366,
0.59400000000007));
#4942=CARTESIAN_POINT('Ctrl Pts',(0.395344285802664,-0.1317154966902,0.59400000000007));
#4943=CARTESIAN_POINT('Ctrl Pts',(0.387519276554785,-0.122706113969706,
0.59400000000007));
#4944=CARTESIAN_POINT('Ctrl Pts',(0.381007166189295,-0.1125369413464,0.59400000000007));
#4945=CARTESIAN_POINT('Ctrl Pts',(0.375842132022391,-0.101609230703165,
0.59400000000007));
#4946=CARTESIAN_POINT('Ctrl Pts',(0.371968709869565,-0.0902146172983462,
0.59400000000007));
#4947=CARTESIAN_POINT('Ctrl Pts',(0.369706174735128,-0.0783946188647046,
0.59400000000007));
#4948=CARTESIAN_POINT('Ctrl Pts',(0.369390012719792,-0.070381949791577,
0.59400000000007));
#4949=CARTESIAN_POINT('Ctrl Pts',(0.369230769230769,-0.0663461538461538,
0.594000000000011));
#4950=CARTESIAN_POINT('',(0.369230769230769,-0.0663461538461538,0.5965));
#4951=CARTESIAN_POINT('',(0.460096153846154,-0.157692307692308,0.5965));
#4952=CARTESIAN_POINT('Ctrl Pts',(0.553846153846154,-0.0658052884615384,
0.594));
#4953=CARTESIAN_POINT('Ctrl Pts',(0.553846153846154,-0.0658052884615384,
0.6));
#4954=CARTESIAN_POINT('Ctrl Pts',(0.553724173427507,-0.0700035487998375,
0.594));
#4955=CARTESIAN_POINT('Ctrl Pts',(0.553724173427507,-0.0700035487998375,
0.6));
#4956=CARTESIAN_POINT('Ctrl Pts',(0.553484144831194,-0.078264731595736,
0.594));
#4957=CARTESIAN_POINT('Ctrl Pts',(0.553484144831194,-0.078264731595736,
0.6));
#4958=CARTESIAN_POINT('Ctrl Pts',(0.551092390886565,-0.0902970207161211,
0.594));
#4959=CARTESIAN_POINT('Ctrl Pts',(0.551092390886565,-0.0902970207161211,
0.6));
#4960=CARTESIAN_POINT('Ctrl Pts',(0.547375849907538,-0.101759807761813,
0.594));
#4961=CARTESIAN_POINT('Ctrl Pts',(0.547375849907538,-0.101759807761813,
0.6));
#4962=CARTESIAN_POINT('Ctrl Pts',(0.542063490330125,-0.112470079593388,
0.594));
#4963=CARTESIAN_POINT('Ctrl Pts',(0.542063490330125,-0.112470079593388,
0.6));
#4964=CARTESIAN_POINT('Ctrl Pts',(0.53546500036009,-0.122413156985797,0.594));
#4965=CARTESIAN_POINT('Ctrl Pts',(0.53546500036009,-0.122413156985797,0.6));
#4966=CARTESIAN_POINT('Ctrl Pts',(0.527418349559995,-0.131223339736228,
0.594));
#4967=CARTESIAN_POINT('Ctrl Pts',(0.527418349559995,-0.131223339736228,
0.6));
#4968=CARTESIAN_POINT('Ctrl Pts',(0.518208907702788,-0.139080771506298,
0.594));
#4969=CARTESIAN_POINT('Ctrl Pts',(0.518208907702788,-0.139080771506298,
0.6));
#4970=CARTESIAN_POINT('Ctrl Pts',(0.507795753573074,-0.145651338866977,
0.594));
#4971=CARTESIAN_POINT('Ctrl Pts',(0.507795753573074,-0.145651338866977,
0.6));
#4972=CARTESIAN_POINT('Ctrl Pts',(0.496589213791673,-0.151017314668043,
0.594));
#4973=CARTESIAN_POINT('Ctrl Pts',(0.496589213791673,-0.151017314668043,
0.6));
#4974=CARTESIAN_POINT('Ctrl Pts',(0.484816185441872,-0.154871478275147,
0.594));
#4975=CARTESIAN_POINT('Ctrl Pts',(0.484816185441872,-0.154871478275147,
0.6));
#4976=CARTESIAN_POINT('Ctrl Pts',(0.472591001469941,-0.157244347080083,
0.594));
#4977=CARTESIAN_POINT('Ctrl Pts',(0.472591001469941,-0.157244347080083,
0.6));
#4978=CARTESIAN_POINT('Ctrl Pts',(0.464293463636694,-0.157541827308707,
0.594));
#4979=CARTESIAN_POINT('Ctrl Pts',(0.464293463636694,-0.157541827308707,
0.6));
#4980=CARTESIAN_POINT('Ctrl Pts',(0.460096153846154,-0.157692307692308,
0.594));
#4981=CARTESIAN_POINT('Ctrl Pts',(0.460096153846154,-0.157692307692308,
0.6));
#4982=CARTESIAN_POINT('',(0.553846153846154,-0.0658052884615384,0.594000000000054));
#4983=CARTESIAN_POINT('Ctrl Pts',(0.553846153846154,-0.0658052884615384,
0.594000000000054));
#4984=CARTESIAN_POINT('Ctrl Pts',(0.553724173427507,-0.0700035487998375,
0.594000000000077));
#4985=CARTESIAN_POINT('Ctrl Pts',(0.553484144831194,-0.078264731595736,
0.594000000000077));
#4986=CARTESIAN_POINT('Ctrl Pts',(0.551092390886565,-0.0902970207161211,
0.594000000000076));
#4987=CARTESIAN_POINT('Ctrl Pts',(0.547375849907538,-0.101759807761813,
0.594000000000077));
#4988=CARTESIAN_POINT('Ctrl Pts',(0.542063490330125,-0.112470079593388,
0.594000000000076));
#4989=CARTESIAN_POINT('Ctrl Pts',(0.53546500036009,-0.122413156985797,0.594000000000076));
#4990=CARTESIAN_POINT('Ctrl Pts',(0.527418349559995,-0.131223339736228,
0.594000000000077));
#4991=CARTESIAN_POINT('Ctrl Pts',(0.518208907702788,-0.139080771506298,
0.594000000000076));
#4992=CARTESIAN_POINT('Ctrl Pts',(0.507795753573074,-0.145651338866977,
0.594000000000076));
#4993=CARTESIAN_POINT('Ctrl Pts',(0.496589213791673,-0.151017314668043,
0.594000000000076));
#4994=CARTESIAN_POINT('Ctrl Pts',(0.484816185441872,-0.154871478275147,
0.594000000000076));
#4995=CARTESIAN_POINT('Ctrl Pts',(0.472591001469941,-0.157244347080083,
0.594000000000076));
#4996=CARTESIAN_POINT('Ctrl Pts',(0.464293463636693,-0.157541827308707,
0.594000000000076));
#4997=CARTESIAN_POINT('Ctrl Pts',(0.460096153846154,-0.157692307692308,
0.594000000000098));
#4998=CARTESIAN_POINT('',(0.553846153846154,-0.0658052884615384,0.5965));
#4999=CARTESIAN_POINT('Ctrl Pts',(0.46484375,0.0230769230769231,0.594));
#5000=CARTESIAN_POINT('Ctrl Pts',(0.46484375,0.0230769230769231,0.6));
#5001=CARTESIAN_POINT('Ctrl Pts',(0.467892821114443,0.0229949706458568,
0.594));
#5002=CARTESIAN_POINT('Ctrl Pts',(0.467892821114443,0.0229949706458568,
0.600000000000001));
#5003=CARTESIAN_POINT('Ctrl Pts',(0.47389482686781,0.0228336497240743,0.594));
#5004=CARTESIAN_POINT('Ctrl Pts',(0.47389482686781,0.0228336497240743,0.600000000000001));
#5005=CARTESIAN_POINT('Ctrl Pts',(0.482706838482723,0.0215921768076306,
0.594));
#5006=CARTESIAN_POINT('Ctrl Pts',(0.482706838482723,0.0215921768076306,
0.6));
#5007=CARTESIAN_POINT('Ctrl Pts',(0.491174461566138,0.0196357386427491,
0.594));
#5008=CARTESIAN_POINT('Ctrl Pts',(0.491174461566138,0.0196357386427491,
0.6));
#5009=CARTESIAN_POINT('Ctrl Pts',(0.499262599759459,0.0167838309900456,
0.594));
#5010=CARTESIAN_POINT('Ctrl Pts',(0.499262599759459,0.0167838309900456,
0.6));
#5011=CARTESIAN_POINT('Ctrl Pts',(0.507000283918851,0.0131407720447066,
0.594));
#5012=CARTESIAN_POINT('Ctrl Pts',(0.507000283918851,0.0131407720447066,
0.600000000000001));
#5013=CARTESIAN_POINT('Ctrl Pts',(0.514431917871011,0.00877458316352196,
0.594));
#5014=CARTESIAN_POINT('Ctrl Pts',(0.514431917871011,0.00877458316352196,
0.600000000000001));
#5015=CARTESIAN_POINT('Ctrl Pts',(0.521417804451544,0.00345981056151408,
0.594));
#5016=CARTESIAN_POINT('Ctrl Pts',(0.521417804451544,0.00345981056151408,
0.6));
#5017=CARTESIAN_POINT('Ctrl Pts',(0.528047905526849,-0.00247718564853141,
0.594));
#5018=CARTESIAN_POINT('Ctrl Pts',(0.528047905526849,-0.00247718564853141,
0.6));
#5019=CARTESIAN_POINT('Ctrl Pts',(0.534067371017674,-0.00905292717668694,
0.594));
#5020=CARTESIAN_POINT('Ctrl Pts',(0.534067371017674,-0.00905292717668694,
0.600000000000001));
#5021=CARTESIAN_POINT('Ctrl Pts',(0.539396747208319,-0.0160301846086342,
0.594));
#5022=CARTESIAN_POINT('Ctrl Pts',(0.539396747208319,-0.0160301846086342,
0.6));
#5023=CARTESIAN_POINT('Ctrl Pts',(0.543873329356957,-0.0234016886941935,
0.594));
#5024=CARTESIAN_POINT('Ctrl Pts',(0.543873329356957,-0.0234016886941935,
0.6));
#5025=CARTESIAN_POINT('Ctrl Pts',(0.547505379781065,-0.031163705774193,
0.594));
#5026=CARTESIAN_POINT('Ctrl Pts',(0.547505379781065,-0.031163705774193,
0.6));
#5027=CARTESIAN_POINT('Ctrl Pts',(0.550325797946597,-0.0393042708793821,
0.594));
#5028=CARTESIAN_POINT('Ctrl Pts',(0.550325797946597,-0.0393042708793821,
0.600000000000001));
#5029=CARTESIAN_POINT('Ctrl Pts',(0.552381881807477,-0.0478129685498166,
0.594));
#5030=CARTESIAN_POINT('Ctrl Pts',(0.552381881807477,-0.0478129685498166,
0.6));
#5031=CARTESIAN_POINT('Ctrl Pts',(0.55359727547775,-0.0566956661035411,
0.594));
#5032=CARTESIAN_POINT('Ctrl Pts',(0.55359727547775,-0.0566956661035411,
0.6));
#5033=CARTESIAN_POINT('Ctrl Pts',(0.553762317539044,-0.0627366525549282,
0.594));
#5034=CARTESIAN_POINT('Ctrl Pts',(0.553762317539044,-0.0627366525549282,
0.6));
#5035=CARTESIAN_POINT('Ctrl Pts',(0.553846153846154,-0.0658052884615384,
0.594));
#5036=CARTESIAN_POINT('Ctrl Pts',(0.553846153846154,-0.0658052884615384,
0.6));
#5037=CARTESIAN_POINT('',(0.46484375,0.0230769230769231,0.594));
#5038=CARTESIAN_POINT('Ctrl Pts',(0.46484375,0.0230769230769231,0.594));
#5039=CARTESIAN_POINT('Ctrl Pts',(0.467892821114443,0.0229949706458568,
0.594000000000049));
#5040=CARTESIAN_POINT('Ctrl Pts',(0.47389482686781,0.0228336497240743,0.594000000000049));
#5041=CARTESIAN_POINT('Ctrl Pts',(0.482706838482723,0.0215921768076306,
0.594000000000049));
#5042=CARTESIAN_POINT('Ctrl Pts',(0.491174461566138,0.0196357386427491,
0.594000000000049));
#5043=CARTESIAN_POINT('Ctrl Pts',(0.499262599759459,0.0167838309900456,
0.594000000000049));
#5044=CARTESIAN_POINT('Ctrl Pts',(0.507000283918851,0.0131407720447066,
0.594000000000049));
#5045=CARTESIAN_POINT('Ctrl Pts',(0.514431917871011,0.00877458316352196,
0.594000000000049));
#5046=CARTESIAN_POINT('Ctrl Pts',(0.521417804451544,0.00345981056151408,
0.594000000000049));
#5047=CARTESIAN_POINT('Ctrl Pts',(0.528047905526849,-0.00247718564853141,
0.594000000000049));
#5048=CARTESIAN_POINT('Ctrl Pts',(0.534067371017674,-0.00905292717668694,
0.594000000000049));
#5049=CARTESIAN_POINT('Ctrl Pts',(0.539396747208319,-0.0160301846086342,
0.594000000000049));
#5050=CARTESIAN_POINT('Ctrl Pts',(0.543873329356957,-0.0234016886941935,
0.594000000000049));
#5051=CARTESIAN_POINT('Ctrl Pts',(0.547505379781065,-0.031163705774193,
0.594000000000049));
#5052=CARTESIAN_POINT('Ctrl Pts',(0.550325797946597,-0.0393042708793821,
0.594000000000049));
#5053=CARTESIAN_POINT('Ctrl Pts',(0.552381881807477,-0.0478129685498166,
0.594000000000049));
#5054=CARTESIAN_POINT('Ctrl Pts',(0.55359727547775,-0.0566956661035411,
0.594000000000049));
#5055=CARTESIAN_POINT('Ctrl Pts',(0.553762317539044,-0.0627366525549282,
0.594000000000049));
#5056=CARTESIAN_POINT('Ctrl Pts',(0.553846153846154,-0.0658052884615384,
0.594000000000054));
#5057=CARTESIAN_POINT('',(0.46484375,0.0230769230769231,0.5965));
#5058=CARTESIAN_POINT('Ctrl Pts',(0.433774038461539,0.0201923076923077,
0.594));
#5059=CARTESIAN_POINT('Ctrl Pts',(0.433774038461539,0.0201923076923077,
0.6));
#5060=CARTESIAN_POINT('Ctrl Pts',(0.439051490774395,0.0210334957483301,
0.594));
#5061=CARTESIAN_POINT('Ctrl Pts',(0.439051490774395,0.0210334957483301,
0.6));
#5062=CARTESIAN_POINT('Ctrl Pts',(0.449345758212331,0.0226743281615752,
0.594));
#5063=CARTESIAN_POINT('Ctrl Pts',(0.449345758212331,0.0226743281615752,
0.6));
#5064=CARTESIAN_POINT('Ctrl Pts',(0.459765692371565,0.0229450092000118,
0.594));
#5065=CARTESIAN_POINT('Ctrl Pts',(0.459765692371565,0.0229450092000118,
0.6));
#5066=CARTESIAN_POINT('Ctrl Pts',(0.46484375,0.0230769230769231,0.594));
#5067=CARTESIAN_POINT('Ctrl Pts',(0.46484375,0.0230769230769231,0.6));
#5068=CARTESIAN_POINT('',(0.433774038461539,0.0201923076923077,0.594));
#5069=CARTESIAN_POINT('Ctrl Pts',(0.433774038461539,0.0201923076923077,
0.594));
#5070=CARTESIAN_POINT('Ctrl Pts',(0.439051490774395,0.0210334957483301,
0.594000000000001));
#5071=CARTESIAN_POINT('Ctrl Pts',(0.449345758212331,0.0226743281615752,
0.594000000000001));
#5072=CARTESIAN_POINT('Ctrl Pts',(0.459765692371565,0.0229450092000118,
0.594000000000001));
#5073=CARTESIAN_POINT('Ctrl Pts',(0.46484375,0.0230769230769231,0.594));
#5074=CARTESIAN_POINT('',(0.433774038461539,0.0201923076923077,0.5965));
#5075=CARTESIAN_POINT('Origin',(0.513040865384615,0.14140625,0.594));
#5076=CARTESIAN_POINT('',(0.513040865384615,0.14140625,0.594));
#5077=CARTESIAN_POINT('',(0.513040865384615,0.14140625,0.594));
#5078=CARTESIAN_POINT('',(0.513040865384615,0.14140625,0.594));
#5079=CARTESIAN_POINT('Origin',(0.492307692307692,0.157692307692308,0.594));
#5080=CARTESIAN_POINT('',(0.492307692307692,0.157692307692308,0.594));
#5081=CARTESIAN_POINT('',(0.492307692307692,0.157692307692308,0.594));
#5082=CARTESIAN_POINT('',(0.492307692307692,0.157692307692308,0.594));
#5083=CARTESIAN_POINT('Origin',(0.402764423076923,0.0207932692307693,0.594));
#5084=CARTESIAN_POINT('',(0.402764423076923,0.0207932692307693,0.594000000000001));
#5085=CARTESIAN_POINT('',(0.402764423076923,0.0207932692307693,0.594));
#5086=CARTESIAN_POINT('',(0.402764423076923,0.0207932692307693,0.594));
#5087=CARTESIAN_POINT('Ctrl Pts',(0.369230769230769,-0.0663461538461538,
0.594));
#5088=CARTESIAN_POINT('Ctrl Pts',(0.369230769230769,-0.0663461538461538,
0.6));
#5089=CARTESIAN_POINT('Ctrl Pts',(0.369332035945617,-0.0632566181424509,
0.594));
#5090=CARTESIAN_POINT('Ctrl Pts',(0.369332035945617,-0.0632566181424509,
0.6));
#5091=CARTESIAN_POINT('Ctrl Pts',(0.369538803228647,-0.0569483765426514,
0.594));
#5092=CARTESIAN_POINT('Ctrl Pts',(0.369538803228647,-0.0569483765426514,
0.6));
#5093=CARTESIAN_POINT('Ctrl Pts',(0.370982522400505,-0.0473943170046347,
0.594));
#5094=CARTESIAN_POINT('Ctrl Pts',(0.370982522400505,-0.0473943170046347,
0.600000000000001));
#5095=CARTESIAN_POINT('Ctrl Pts',(0.37330236195336,-0.0376185099994969,
0.594));
#5096=CARTESIAN_POINT('Ctrl Pts',(0.37330236195336,-0.0376185099994969,
0.6));
#5097=CARTESIAN_POINT('Ctrl Pts',(0.375900383069284,-0.0293252934055365,
0.594));
#5098=CARTESIAN_POINT('Ctrl Pts',(0.375900383069284,-0.0293252934055365,
0.600000000000001));
#5099=CARTESIAN_POINT('Ctrl Pts',(0.378645435358864,-0.022531448666143,
0.594));
#5100=CARTESIAN_POINT('Ctrl Pts',(0.378645435358864,-0.022531448666143,
0.600000000000001));
#5101=CARTESIAN_POINT('Ctrl Pts',(0.380929938752085,-0.0170540066126366,
0.594));
#5102=CARTESIAN_POINT('Ctrl Pts',(0.380929938752085,-0.0170540066126366,
0.6));
#5103=CARTESIAN_POINT('Ctrl Pts',(0.383773424126986,-0.0114173431925182,
0.594));
#5104=CARTESIAN_POINT('Ctrl Pts',(0.383773424126986,-0.0114173431925182,
0.600000000000001));
#5105=CARTESIAN_POINT('Ctrl Pts',(0.386805428229417,-0.00542817439420182,
0.594));
#5106=CARTESIAN_POINT('Ctrl Pts',(0.386805428229417,-0.00542817439420182,
0.6));
#5107=CARTESIAN_POINT('Ctrl Pts',(0.390298874136368,0.000759148407671942,
0.594));
#5108=CARTESIAN_POINT('Ctrl Pts',(0.390298874136368,0.000759148407671942,
0.6));
#5109=CARTESIAN_POINT('Ctrl Pts',(0.394097358369654,0.00724803436150307,
0.594));
#5110=CARTESIAN_POINT('Ctrl Pts',(0.394097358369654,0.00724803436150307,
0.600000000000001));
#5111=CARTESIAN_POINT('Ctrl Pts',(0.398305899875843,0.0139352853039553,
0.594));
#5112=CARTESIAN_POINT('Ctrl Pts',(0.398305899875843,0.0139352853039553,
0.6));
#5113=CARTESIAN_POINT('Ctrl Pts',(0.40125619953979,0.0184733591822592,0.594));
#5114=CARTESIAN_POINT('Ctrl Pts',(0.40125619953979,0.0184733591822592,0.6));
#5115=CARTESIAN_POINT('Ctrl Pts',(0.402764423076923,0.0207932692307693,
0.594));
#5116=CARTESIAN_POINT('Ctrl Pts',(0.402764423076923,0.0207932692307693,
0.6));
#5117=CARTESIAN_POINT('Ctrl Pts',(0.369230769230769,-0.0663461538461538,
0.594000000000011));
#5118=CARTESIAN_POINT('Ctrl Pts',(0.369332035945617,-0.0632566181424509,
0.594000000000034));
#5119=CARTESIAN_POINT('Ctrl Pts',(0.369538803228647,-0.0569483765426514,
0.594000000000034));
#5120=CARTESIAN_POINT('Ctrl Pts',(0.370982522400505,-0.0473943170046347,
0.594000000000035));
#5121=CARTESIAN_POINT('Ctrl Pts',(0.37330236195336,-0.0376185099994969,
0.594000000000034));
#5122=CARTESIAN_POINT('Ctrl Pts',(0.375900383069284,-0.0293252934055365,
0.594000000000035));
#5123=CARTESIAN_POINT('Ctrl Pts',(0.378645435358864,-0.022531448666143,
0.594000000000035));
#5124=CARTESIAN_POINT('Ctrl Pts',(0.380929938752085,-0.0170540066126366,
0.594000000000034));
#5125=CARTESIAN_POINT('Ctrl Pts',(0.383773424126986,-0.0114173431925182,
0.594000000000035));
#5126=CARTESIAN_POINT('Ctrl Pts',(0.386805428229417,-0.00542817439420182,
0.594000000000034));
#5127=CARTESIAN_POINT('Ctrl Pts',(0.390298874136368,0.000759148407671942,
0.594000000000034));
#5128=CARTESIAN_POINT('Ctrl Pts',(0.394097358369654,0.00724803436150307,
0.594000000000035));
#5129=CARTESIAN_POINT('Ctrl Pts',(0.398305899875843,0.0139352853039553,
0.594000000000034));
#5130=CARTESIAN_POINT('Ctrl Pts',(0.40125619953979,0.0184733591822592,0.594000000000034));
#5131=CARTESIAN_POINT('Ctrl Pts',(0.402764423076923,0.0207932692307693,
0.594000000000001));
#5132=CARTESIAN_POINT('Ctrl Pts',(-0.119230769230769,-0.06484375,0.594));
#5133=CARTESIAN_POINT('Ctrl Pts',(-0.119230769230769,-0.06484375,0.6));
#5134=CARTESIAN_POINT('Ctrl Pts',(-0.119314498889912,-0.0677723390390185,
0.594));
#5135=CARTESIAN_POINT('Ctrl Pts',(-0.119314498889912,-0.0677723390390185,
0.600000000000001));
#5136=CARTESIAN_POINT('Ctrl Pts',(-0.119479239340015,-0.0735344200195628,
0.594));
#5137=CARTESIAN_POINT('Ctrl Pts',(-0.119479239340015,-0.0735344200195628,
0.600000000000001));
#5138=CARTESIAN_POINT('Ctrl Pts',(-0.120694665494021,-0.0819991458381771,
0.594));
#5139=CARTESIAN_POINT('Ctrl Pts',(-0.120694665494021,-0.0819991458381771,
0.6));
#5140=CARTESIAN_POINT('Ctrl Pts',(-0.122752588950384,-0.0900884269764172,
0.594));
#5141=CARTESIAN_POINT('Ctrl Pts',(-0.122752588950384,-0.0900884269764172,
0.6));
#5142=CARTESIAN_POINT('Ctrl Pts',(-0.125587258638787,-0.0978545854939236,
0.594));
#5143=CARTESIAN_POINT('Ctrl Pts',(-0.125587258638787,-0.0978545854939236,
0.600000000000001));
#5144=CARTESIAN_POINT('Ctrl Pts',(-0.129286885604356,-0.105282597019981,
0.594));
#5145=CARTESIAN_POINT('Ctrl Pts',(-0.129286885604356,-0.105282597019981,
0.6));
#5146=CARTESIAN_POINT('Ctrl Pts',(-0.133789282547051,-0.112380876790254,
0.594));
#5147=CARTESIAN_POINT('Ctrl Pts',(-0.133789282547051,-0.112380876790254,
0.6));
#5148=CARTESIAN_POINT('Ctrl Pts',(-0.139157702286152,-0.119078105128517,
0.594));
#5149=CARTESIAN_POINT('Ctrl Pts',(-0.139157702286152,-0.119078105128517,
0.6));
#5150=CARTESIAN_POINT('Ctrl Pts',(-0.145163091053459,-0.125448701394489,
0.594));
#5151=CARTESIAN_POINT('Ctrl Pts',(-0.145163091053459,-0.125448701394489,
0.600000000000001));
#5152=CARTESIAN_POINT('Ctrl Pts',(-0.151956989238204,-0.131176797452182,
0.594));
#5153=CARTESIAN_POINT('Ctrl Pts',(-0.151956989238204,-0.131176797452182,
0.6));
#5154=CARTESIAN_POINT('Ctrl Pts',(-0.159286911088707,-0.136278143739153,
0.594));
#5155=CARTESIAN_POINT('Ctrl Pts',(-0.159286911088707,-0.136278143739153,
0.600000000000001));
#5156=CARTESIAN_POINT('Ctrl Pts',(-0.167245167079592,-0.140473520491908,
0.594));
#5157=CARTESIAN_POINT('Ctrl Pts',(-0.167245167079592,-0.140473520491908,
0.6));
#5158=CARTESIAN_POINT('Ctrl Pts',(-0.175701052281001,-0.143997750906438,
0.594));
#5159=CARTESIAN_POINT('Ctrl Pts',(-0.175701052281001,-0.143997750906438,
0.600000000000001));
#5160=CARTESIAN_POINT('Ctrl Pts',(-0.18474942223365,-0.146689796489155,
0.594));
#5161=CARTESIAN_POINT('Ctrl Pts',(-0.18474942223365,-0.146689796489155,
0.6));
#5162=CARTESIAN_POINT('Ctrl Pts',(-0.194349645721634,-0.14857315996624,
0.594));
#5163=CARTESIAN_POINT('Ctrl Pts',(-0.194349645721634,-0.14857315996624,
0.600000000000001));
#5164=CARTESIAN_POINT('Ctrl Pts',(-0.204493443021775,-0.149842163137548,
0.594));
#5165=CARTESIAN_POINT('Ctrl Pts',(-0.204493443021775,-0.149842163137548,
0.6));
#5166=CARTESIAN_POINT('Ctrl Pts',(-0.211454278831333,-0.149946494985686,
0.594));
#5167=CARTESIAN_POINT('Ctrl Pts',(-0.211454278831333,-0.149946494985686,
0.600000000000001));
#5168=CARTESIAN_POINT('Ctrl Pts',(-0.215024038461538,-0.15,0.594));
#5169=CARTESIAN_POINT('Ctrl Pts',(-0.215024038461538,-0.15,0.6));
#5170=CARTESIAN_POINT('',(-0.119230769230769,-0.06484375,0.593999999999947));
#5171=CARTESIAN_POINT('',(-0.215024038461538,-0.15,0.593999999999962));
#5172=CARTESIAN_POINT('Ctrl Pts',(-0.119230769230769,-0.06484375,0.594));
#5173=CARTESIAN_POINT('Ctrl Pts',(-0.119314498889912,-0.0677723390390185,
0.594));
#5174=CARTESIAN_POINT('Ctrl Pts',(-0.119398228549055,-0.0707009280780371,
0.594));
#5175=CARTESIAN_POINT('Ctrl Pts',(-0.119651442307692,-0.0736177884615384,
0.594));
#5176=CARTESIAN_POINT('Ctrl Pts',(-0.119896433713118,-0.0764399326002655,
0.594));
#5177=CARTESIAN_POINT('Ctrl Pts',(-0.120300080957059,-0.0792510974218689,
0.594));
#5178=CARTESIAN_POINT('Ctrl Pts',(-0.120853365384615,-0.08203125,0.594));
#5179=CARTESIAN_POINT('Ctrl Pts',(-0.121394227444083,-0.0847489824611902,
0.594));
#5180=CARTESIAN_POINT('Ctrl Pts',(-0.122078082796214,-0.0874370796225182,
0.594));
#5181=CARTESIAN_POINT('Ctrl Pts',(-0.122896634615385,-0.0900841346153846,
0.594));
#5182=CARTESIAN_POINT('Ctrl Pts',(-0.123703995759546,-0.092695000900997,
0.594));
#5183=CARTESIAN_POINT('Ctrl Pts',(-0.124642395592053,-0.0952659395475238,
0.594));
#5184=CARTESIAN_POINT('Ctrl Pts',(-0.125721153846154,-0.0977764423076923,
0.594));
#5185=CARTESIAN_POINT('Ctrl Pts',(-0.126807342030923,-0.100304236116508,
0.594));
#5186=CARTESIAN_POINT('Ctrl Pts',(-0.128035828728414,-0.102770758669591,
0.594));
#5187=CARTESIAN_POINT('Ctrl Pts',(-0.129387019230769,-0.105168269230769,
0.594));
#5188=CARTESIAN_POINT('Ctrl Pts',(-0.130763034267915,-0.107609827677299,
0.594));
#5189=CARTESIAN_POINT('Ctrl Pts',(-0.132266303240408,-0.109979815013498,
0.594));
#5190=CARTESIAN_POINT('Ctrl Pts',(-0.133894230769231,-0.112259615384615,
0.594));
#5191=CARTESIAN_POINT('Ctrl Pts',(-0.135543503111358,-0.114569307696517,
0.594));
#5192=CARTESIAN_POINT('Ctrl Pts',(-0.137320724398839,-0.11678643253927,
0.594));
#5193=CARTESIAN_POINT('Ctrl Pts',(-0.139182692307692,-0.118930288461538,
0.594));
#5194=CARTESIAN_POINT('Ctrl Pts',(-0.14110726630393,-0.121146228564513,
0.594));
#5195=CARTESIAN_POINT('Ctrl Pts',(-0.143122381706714,-0.123283889781446,
0.594));
#5196=CARTESIAN_POINT('Ctrl Pts',(-0.145252403846154,-0.125300480769231,
0.594));
#5197=CARTESIAN_POINT('Ctrl Pts',(-0.147409479357921,-0.127342684442355,
0.594));
#5198=CARTESIAN_POINT('Ctrl Pts',(-0.149684398999248,-0.129260722934353,
0.594));
#5199=CARTESIAN_POINT('Ctrl Pts',(-0.152043269230769,-0.131069711538462,
0.594));
#5200=CARTESIAN_POINT('Ctrl Pts',(-0.154399724098772,-0.132876847829958,
0.594));
#5201=CARTESIAN_POINT('Ctrl Pts',(-0.156839957722692,-0.134575157442341,
0.594));
#5202=CARTESIAN_POINT('Ctrl Pts',(-0.159375,-0.136117788461538,0.594));
#5203=CARTESIAN_POINT('Ctrl Pts',(-0.16191702309674,-0.137664667468508,
0.594));
#5204=CARTESIAN_POINT('Ctrl Pts',(-0.164554377720479,-0.139055009308464,
0.594));
#5205=CARTESIAN_POINT('Ctrl Pts',(-0.167247596153846,-0.140324519230769,
0.594));
#5206=CARTESIAN_POINT('Ctrl Pts',(-0.169995381164266,-0.141619750353456,
0.594));
#5207=CARTESIAN_POINT('Ctrl Pts',(-0.172801316599613,-0.142789203671106,
0.594));
#5208=CARTESIAN_POINT('Ctrl Pts',(-0.175661057692308,-0.143810096153846,
0.594));
#5209=CARTESIAN_POINT('Ctrl Pts',(-0.178616397712452,-0.144865116280743,
0.594));
#5210=CARTESIAN_POINT('Ctrl Pts',(-0.181629200881285,-0.145761477007006,
0.594));
#5211=CARTESIAN_POINT('Ctrl Pts',(-0.184675480769231,-0.146514423076923,
0.594));
#5212=CARTESIAN_POINT('Ctrl Pts',(-0.187830372416312,-0.14729421461088,
0.594));
#5213=CARTESIAN_POINT('Ctrl Pts',(-0.191021170489337,-0.147920182596001,
0.594));
#5214=CARTESIAN_POINT('Ctrl Pts',(-0.194230769230769,-0.1484375,0.594));
#5215=CARTESIAN_POINT('Ctrl Pts',(-0.197578856346273,-0.148977138713275,
0.594));
#5216=CARTESIAN_POINT('Ctrl Pts',(-0.200947401562233,-0.14939854841176,
0.594));
#5217=CARTESIAN_POINT('Ctrl Pts',(-0.204326923076923,-0.149639423076923,
0.594));
#5218=CARTESIAN_POINT('Ctrl Pts',(-0.207884519201128,-0.149892989971372,
0.594));
#5219=CARTESIAN_POINT('Ctrl Pts',(-0.211454278831333,-0.149946494985686,
0.594));
#5220=CARTESIAN_POINT('Ctrl Pts',(-0.215024038461538,-0.15,0.594));
#5221=CARTESIAN_POINT('',(-0.215024038461538,-0.15,0.5965));
#5222=CARTESIAN_POINT('',(-0.119230769230769,-0.06484375,0.5965));
#5223=CARTESIAN_POINT('Ctrl Pts',(-0.176983173076923,0.0118389423076923,
0.594));
#5224=CARTESIAN_POINT('Ctrl Pts',(-0.176983173076923,0.0118389423076923,
0.6));
#5225=CARTESIAN_POINT('Ctrl Pts',(-0.173575136425941,0.0105305138270673,
0.594));
#5226=CARTESIAN_POINT('Ctrl Pts',(-0.173575136425941,0.0105305138270673,
0.6));
#5227=CARTESIAN_POINT('Ctrl Pts',(-0.167054718079139,0.00802716602178903,
0.594));
#5228=CARTESIAN_POINT('Ctrl Pts',(-0.167054718079139,0.00802716602178903,
0.6));
#5229=CARTESIAN_POINT('Ctrl Pts',(-0.158081631299257,0.00360126910775664,
0.594));
#5230=CARTESIAN_POINT('Ctrl Pts',(-0.158081631299257,0.00360126910775664,
0.6));
#5231=CARTESIAN_POINT('Ctrl Pts',(-0.150350644585303,-0.00121262606864727,
0.594));
#5232=CARTESIAN_POINT('Ctrl Pts',(-0.150350644585303,-0.00121262606864727,
0.6));
#5233=CARTESIAN_POINT('Ctrl Pts',(-0.143802317786572,-0.00646964179524935,
0.594));
#5234=CARTESIAN_POINT('Ctrl Pts',(-0.143802317786572,-0.00646964179524935,
0.6));
#5235=CARTESIAN_POINT('Ctrl Pts',(-0.138201947365146,-0.0121361112915458,
0.594));
#5236=CARTESIAN_POINT('Ctrl Pts',(-0.138201947365146,-0.0121361112915458,
0.6));
#5237=CARTESIAN_POINT('Ctrl Pts',(-0.133311695230328,-0.0182951210842619,
0.594));
#5238=CARTESIAN_POINT('Ctrl Pts',(-0.133311695230328,-0.0182951210842619,
0.6));
#5239=CARTESIAN_POINT('Ctrl Pts',(-0.129139006016536,-0.0250270146166101,
0.594));
#5240=CARTESIAN_POINT('Ctrl Pts',(-0.129139006016536,-0.0250270146166101,
0.6));
#5241=CARTESIAN_POINT('Ctrl Pts',(-0.125563612568057,-0.0322616033619585,
0.594));
#5242=CARTESIAN_POINT('Ctrl Pts',(-0.125563612568057,-0.0322616033619585,
0.6));
#5243=CARTESIAN_POINT('Ctrl Pts',(-0.122773719194381,-0.0399250149354047,
0.594));
#5244=CARTESIAN_POINT('Ctrl Pts',(-0.122773719194381,-0.0399250149354047,
0.6));
#5245=CARTESIAN_POINT('Ctrl Pts',(-0.120684355962689,-0.0479453671723229,
0.594));
#5246=CARTESIAN_POINT('Ctrl Pts',(-0.120684355962689,-0.0479453671723229,
0.6));
#5247=CARTESIAN_POINT('Ctrl Pts',(-0.119487146036763,-0.0562939004746961,
0.594));
#5248=CARTESIAN_POINT('Ctrl Pts',(-0.119487146036763,-0.0562939004746961,
0.6));
#5249=CARTESIAN_POINT('Ctrl Pts',(-0.119316776784346,-0.0619755044179952,
0.594));
#5250=CARTESIAN_POINT('Ctrl Pts',(-0.119316776784346,-0.0619755044179952,
0.6));
#5251=CARTESIAN_POINT('Ctrl Pts',(-0.119230769230769,-0.06484375,0.594));
#5252=CARTESIAN_POINT('Ctrl Pts',(-0.119230769230769,-0.06484375,0.6));
#5253=CARTESIAN_POINT('',(-0.176983173076923,0.0118389423076923,0.594000000000008));
#5254=CARTESIAN_POINT('Ctrl Pts',(-0.176983173076923,0.0118389423076923,
0.594000000000008));
#5255=CARTESIAN_POINT('Ctrl Pts',(-0.173575136425941,0.0105305138270673,
0.594000000000008));
#5256=CARTESIAN_POINT('Ctrl Pts',(-0.170167099774958,0.00922208534644228,
0.594000000000008));
#5257=CARTESIAN_POINT('Ctrl Pts',(-0.166826923076923,0.00775240384615387,
0.594000000000008));
#5258=CARTESIAN_POINT('Ctrl Pts',(-0.163776514328306,0.00641022056920389,
0.594000000000007));
#5259=CARTESIAN_POINT('Ctrl Pts',(-0.160782702232325,0.00493354882381265,
0.594000000000007));
#5260=CARTESIAN_POINT('Ctrl Pts',(-0.157872596153846,0.00330528846153851,
0.594000000000007));
#5261=CARTESIAN_POINT('Ctrl Pts',(-0.155247046290087,0.00183624277830773,
0.594000000000006));
#5262=CARTESIAN_POINT('Ctrl Pts',(-0.152689632888673,0.000243804388145029,
0.594000000000006));
#5263=CARTESIAN_POINT('Ctrl Pts',(-0.150240384615385,-0.00150240384615383,
0.594000000000006));
#5264=CARTESIAN_POINT('Ctrl Pts',(-0.148000323207986,-0.00309947087998394,
0.594000000000006));
#5265=CARTESIAN_POINT('Ctrl Pts',(-0.14585073948888,-0.00482516291770884,
0.594000000000005));
#5266=CARTESIAN_POINT('Ctrl Pts',(-0.143810096153846,-0.00667067307692304,
0.594000000000005));
#5267=CARTESIAN_POINT('Ctrl Pts',(-0.141865487969016,-0.00842933128984224,
0.594000000000005));
#5268=CARTESIAN_POINT('Ctrl Pts',(-0.140019807711627,-0.0102967954201425,
0.594000000000005));
#5269=CARTESIAN_POINT('Ctrl Pts',(-0.13828125,-0.0122596153846153,0.594000000000005));
#5270=CARTESIAN_POINT('Ctrl Pts',(-0.136568897542749,-0.0141928497931293,
0.594000000000004));
#5271=CARTESIAN_POINT('Ctrl Pts',(-0.134960462655894,-0.0162185871060492,
0.594000000000004));
#5272=CARTESIAN_POINT('Ctrl Pts',(-0.133473557692308,-0.0183293269230769,
0.594000000000004));
#5273=CARTESIAN_POINT('Ctrl Pts',(-0.131949367630957,-0.0204929948978286,
0.594000000000004));
#5274=CARTESIAN_POINT('Ctrl Pts',(-0.130552878791309,-0.0227459818100936,
0.594000000000004));
#5275=CARTESIAN_POINT('Ctrl Pts',(-0.129266826923077,-0.0250600961538461,
0.594000000000003));
#5276=CARTESIAN_POINT('Ctrl Pts',(-0.127964765874098,-0.0274030173254669,
0.594000000000003));
#5277=CARTESIAN_POINT('Ctrl Pts',(-0.12677590841867,-0.0298085972681511,
0.594000000000003));
#5278=CARTESIAN_POINT('Ctrl Pts',(-0.125721153846154,-0.0322716346153846,
0.594000000000003));
#5279=CARTESIAN_POINT('Ctrl Pts',(-0.124645604724736,-0.034783230889877,
0.594000000000003));
#5280=CARTESIAN_POINT('Ctrl Pts',(-0.123709498302384,-0.0373545724539385,
0.594000000000002));
#5281=CARTESIAN_POINT('Ctrl Pts',(-0.122896634615385,-0.0399639423076923,
0.594000000000002));
#5282=CARTESIAN_POINT('Ctrl Pts',(-0.122084055150289,-0.0425723997820666,
0.594000000000002));
#5283=CARTESIAN_POINT('Ctrl Pts',(-0.121394632250722,-0.0452188589572145,
0.594000000000002));
#5284=CARTESIAN_POINT('Ctrl Pts',(-0.120853365384615,-0.0478966346153846,
0.594000000000002));
#5285=CARTESIAN_POINT('Ctrl Pts',(-0.120295726494561,-0.0506554065619837,
0.594000000000001));
#5286=CARTESIAN_POINT('Ctrl Pts',(-0.119895341917525,-0.0534474181405355,
0.594000000000001));
#5287=CARTESIAN_POINT('Ctrl Pts',(-0.119651442307692,-0.05625,0.594000000000001));
#5288=CARTESIAN_POINT('Ctrl Pts',(-0.119402784337923,-0.0591072588359904,
0.594000000000001));
#5289=CARTESIAN_POINT('Ctrl Pts',(-0.119316776784346,-0.0619755044179952,
0.594));
#5290=CARTESIAN_POINT('Ctrl Pts',(-0.119230769230769,-0.06484375,0.594));
#5291=CARTESIAN_POINT('',(-0.176983173076923,0.0118389423076923,0.5965));
#5292=CARTESIAN_POINT('Ctrl Pts',(-0.142307692307692,0.0756610576923077,
0.594));
#5293=CARTESIAN_POINT('Ctrl Pts',(-0.142307692307692,0.0756610576923077,
0.6));
#5294=CARTESIAN_POINT('Ctrl Pts',(-0.142401396745626,0.0723479814913401,
0.594));
#5295=CARTESIAN_POINT('Ctrl Pts',(-0.142401396745626,0.0723479814913401,
0.6));
#5296=CARTESIAN_POINT('Ctrl Pts',(-0.142585534802925,0.0658374743181102,
0.594));
#5297=CARTESIAN_POINT('Ctrl Pts',(-0.142585534802925,0.0658374743181102,
0.6));
#5298=CARTESIAN_POINT('Ctrl Pts',(-0.144346342745733,0.0563151220937971,
0.594));
#5299=CARTESIAN_POINT('Ctrl Pts',(-0.144346342745733,0.0563151220937971,
0.6));
#5300=CARTESIAN_POINT('Ctrl Pts',(-0.147102971469122,0.0472507319085963,
0.594));
#5301=CARTESIAN_POINT('Ctrl Pts',(-0.147102971469122,0.0472507319085963,
0.6));
#5302=CARTESIAN_POINT('Ctrl Pts',(-0.150934849968889,0.0386773845871478,
0.594));
#5303=CARTESIAN_POINT('Ctrl Pts',(-0.150934849968889,0.0386773845871478,
0.6));
#5304=CARTESIAN_POINT('Ctrl Pts',(-0.155915021071582,0.0307887891746639,
0.594));
#5305=CARTESIAN_POINT('Ctrl Pts',(-0.155915021071582,0.0307887891746639,
0.6));
#5306=CARTESIAN_POINT('Ctrl Pts',(-0.161817162671449,0.0235213092279456,
0.594));
#5307=CARTESIAN_POINT('Ctrl Pts',(-0.161817162671449,0.0235213092279456,
0.6));
#5308=CARTESIAN_POINT('Ctrl Pts',(-0.168938031456389,0.0171826471998068,
0.594));
#5309=CARTESIAN_POINT('Ctrl Pts',(-0.168938031456389,0.0171826471998068,
0.6));
#5310=CARTESIAN_POINT('Ctrl Pts',(-0.174273166312496,0.0136389698383163,
0.594));
#5311=CARTESIAN_POINT('Ctrl Pts',(-0.174273166312496,0.0136389698383163,
0.6));
#5312=CARTESIAN_POINT('Ctrl Pts',(-0.176983173076923,0.0118389423076923,
0.594));
#5313=CARTESIAN_POINT('Ctrl Pts',(-0.176983173076923,0.0118389423076923,
0.6));
#5314=CARTESIAN_POINT('',(-0.142307692307692,0.0756610576923077,0.594000000000008));
#5315=CARTESIAN_POINT('Ctrl Pts',(-0.142307692307692,0.0756610576923077,
0.594000000000008));
#5316=CARTESIAN_POINT('Ctrl Pts',(-0.142401396745626,0.0723479814913401,
0.593999999999962));
#5317=CARTESIAN_POINT('Ctrl Pts',(-0.142585534802925,0.0658374743181102,
0.593999999999962));
#5318=CARTESIAN_POINT('Ctrl Pts',(-0.144346342745733,0.0563151220937971,
0.593999999999962));
#5319=CARTESIAN_POINT('Ctrl Pts',(-0.147102971469122,0.0472507319085963,
0.593999999999962));
#5320=CARTESIAN_POINT('Ctrl Pts',(-0.150934849968889,0.0386773845871478,
0.593999999999962));
#5321=CARTESIAN_POINT('Ctrl Pts',(-0.155915021071582,0.0307887891746639,
0.593999999999961));
#5322=CARTESIAN_POINT('Ctrl Pts',(-0.161817162671449,0.0235213092279456,
0.593999999999962));
#5323=CARTESIAN_POINT('Ctrl Pts',(-0.168938031456389,0.0171826471998068,
0.593999999999962));
#5324=CARTESIAN_POINT('Ctrl Pts',(-0.174273166312497,0.0136389698383163,
0.593999999999961));
#5325=CARTESIAN_POINT('Ctrl Pts',(-0.176983173076923,0.0118389423076923,
0.594000000000008));
#5326=CARTESIAN_POINT('',(-0.142307692307692,0.0756610576923077,0.5965));
#5327=CARTESIAN_POINT('Ctrl Pts',(-0.237620192307692,0.15,0.594));
#5328=CARTESIAN_POINT('Ctrl Pts',(-0.237620192307692,0.15,0.6));
#5329=CARTESIAN_POINT('Ctrl Pts',(-0.234754894177311,0.149984935679849,
0.594));
#5330=CARTESIAN_POINT('Ctrl Pts',(-0.234754894177311,0.149984935679849,
0.6));
#5331=CARTESIAN_POINT('Ctrl Pts',(-0.22920123329133,0.14995573727822,0.594));
#5332=CARTESIAN_POINT('Ctrl Pts',(-0.22920123329133,0.14995573727822,0.6));
#5333=CARTESIAN_POINT('Ctrl Pts',(-0.221125281134581,0.149502897465621,
0.594));
#5334=CARTESIAN_POINT('Ctrl Pts',(-0.221125281134581,0.149502897465621,
0.6));
#5335=CARTESIAN_POINT('Ctrl Pts',(-0.213561097365392,0.148885440047453,
0.594));
#5336=CARTESIAN_POINT('Ctrl Pts',(-0.213561097365392,0.148885440047453,
0.6));
#5337=CARTESIAN_POINT('Ctrl Pts',(-0.206506488306775,0.147905717820807,
0.594));
#5338=CARTESIAN_POINT('Ctrl Pts',(-0.206506488306775,0.147905717820807,
0.6));
#5339=CARTESIAN_POINT('Ctrl Pts',(-0.199964713816111,0.146723565494063,
0.594));
#5340=CARTESIAN_POINT('Ctrl Pts',(-0.199964713816111,0.146723565494063,
0.6));
#5341=CARTESIAN_POINT('Ctrl Pts',(-0.193916059195725,0.145291981257749,
0.594));
#5342=CARTESIAN_POINT('Ctrl Pts',(-0.193916059195725,0.145291981257749,
0.6));
#5343=CARTESIAN_POINT('Ctrl Pts',(-0.188379758715585,0.14357541437269,0.594));
#5344=CARTESIAN_POINT('Ctrl Pts',(-0.188379758715585,0.14357541437269,0.6));
#5345=CARTESIAN_POINT('Ctrl Pts',(-0.181770095595056,0.140845733124194,
0.594));
#5346=CARTESIAN_POINT('Ctrl Pts',(-0.181770095595056,0.140845733124194,
0.6));
#5347=CARTESIAN_POINT('Ctrl Pts',(-0.174234038948299,0.136789461551362,
0.594));
#5348=CARTESIAN_POINT('Ctrl Pts',(-0.174234038948299,0.136789461551362,
0.6));
#5349=CARTESIAN_POINT('Ctrl Pts',(-0.166074176716615,0.130795584538589,
0.594));
#5350=CARTESIAN_POINT('Ctrl Pts',(-0.166074176716615,0.130795584538589,
0.6));
#5351=CARTESIAN_POINT('Ctrl Pts',(-0.159096670485816,0.123464230556842,
0.594));
#5352=CARTESIAN_POINT('Ctrl Pts',(-0.159096670485816,0.123464230556842,
0.6));
#5353=CARTESIAN_POINT('Ctrl Pts',(-0.153080700436592,0.115194288663329,
0.594));
#5354=CARTESIAN_POINT('Ctrl Pts',(-0.153080700436592,0.115194288663329,
0.6));
#5355=CARTESIAN_POINT('Ctrl Pts',(-0.148297747327058,0.106096936798956,
0.594));
#5356=CARTESIAN_POINT('Ctrl Pts',(-0.148297747327058,0.106096936798956,
0.6));
#5357=CARTESIAN_POINT('Ctrl Pts',(-0.144837521842855,0.0963890063323114,
0.594));
#5358=CARTESIAN_POINT('Ctrl Pts',(-0.144837521842855,0.0963890063323114,
0.6));
#5359=CARTESIAN_POINT('Ctrl Pts',(-0.142646846812113,0.0861957141677795,
0.594));
#5360=CARTESIAN_POINT('Ctrl Pts',(-0.142646846812113,0.0861957141677795,
0.6));
#5361=CARTESIAN_POINT('Ctrl Pts',(-0.14242155245075,0.0791977274924428,
0.594));
#5362=CARTESIAN_POINT('Ctrl Pts',(-0.14242155245075,0.0791977274924428,
0.6));
#5363=CARTESIAN_POINT('Ctrl Pts',(-0.142307692307692,0.0756610576923077,
0.594));
#5364=CARTESIAN_POINT('Ctrl Pts',(-0.142307692307692,0.0756610576923077,
0.6));
#5365=CARTESIAN_POINT('',(-0.237620192307692,0.15,0.593999999999999));
#5366=CARTESIAN_POINT('Ctrl Pts',(-0.237620192307692,0.15,0.593999999999999));
#5367=CARTESIAN_POINT('Ctrl Pts',(-0.234754894177311,0.149984935679849,
0.593999999999992));
#5368=CARTESIAN_POINT('Ctrl Pts',(-0.22920123329133,0.14995573727822,0.593999999999992));
#5369=CARTESIAN_POINT('Ctrl Pts',(-0.221125281134581,0.149502897465621,
0.593999999999992));
#5370=CARTESIAN_POINT('Ctrl Pts',(-0.213561097365392,0.148885440047453,
0.593999999999992));
#5371=CARTESIAN_POINT('Ctrl Pts',(-0.206506488306775,0.147905717820807,
0.593999999999992));
#5372=CARTESIAN_POINT('Ctrl Pts',(-0.199964713816111,0.146723565494063,
0.593999999999992));
#5373=CARTESIAN_POINT('Ctrl Pts',(-0.193916059195725,0.145291981257749,
0.593999999999992));
#5374=CARTESIAN_POINT('Ctrl Pts',(-0.188379758715585,0.14357541437269,0.593999999999992));
#5375=CARTESIAN_POINT('Ctrl Pts',(-0.181770095595056,0.140845733124194,
0.593999999999992));
#5376=CARTESIAN_POINT('Ctrl Pts',(-0.174234038948299,0.136789461551362,
0.593999999999992));
#5377=CARTESIAN_POINT('Ctrl Pts',(-0.166074176716615,0.130795584538589,
0.593999999999992));
#5378=CARTESIAN_POINT('Ctrl Pts',(-0.159096670485816,0.123464230556842,
0.593999999999992));
#5379=CARTESIAN_POINT('Ctrl Pts',(-0.153080700436592,0.115194288663329,
0.593999999999992));
#5380=CARTESIAN_POINT('Ctrl Pts',(-0.148297747327058,0.106096936798956,
0.593999999999992));
#5381=CARTESIAN_POINT('Ctrl Pts',(-0.144837521842856,0.0963890063323114,
0.593999999999992));
#5382=CARTESIAN_POINT('Ctrl Pts',(-0.142646846812113,0.0861957141677795,
0.593999999999992));
#5383=CARTESIAN_POINT('Ctrl Pts',(-0.14242155245075,0.0791977274924428,
0.593999999999992));
#5384=CARTESIAN_POINT('Ctrl Pts',(-0.142307692307692,0.0756610576923077,
0.594000000000008));
#5385=CARTESIAN_POINT('',(-0.237620192307692,0.15,0.5965));
#5386=CARTESIAN_POINT('Origin',(-0.296153846153846,0.15,0.594));
#5387=CARTESIAN_POINT('',(-0.296153846153846,0.15,0.594));
#5388=CARTESIAN_POINT('',(-0.296153846153846,0.15,0.594));
#5389=CARTESIAN_POINT('',(-0.296153846153846,0.15,0.594));
#5390=CARTESIAN_POINT('Origin',(-0.296153846153846,-0.15,0.594));
#5391=CARTESIAN_POINT('',(-0.296153846153846,-0.15,0.594));
#5392=CARTESIAN_POINT('',(-0.296153846153846,-0.15,0.594));
#5393=CARTESIAN_POINT('',(-0.296153846153846,-0.15,0.594));
#5394=CARTESIAN_POINT('Origin',(-0.215024038461538,-0.15,0.594));
#5395=CARTESIAN_POINT('',(-0.215024038461538,-0.15,0.594));
#5396=CARTESIAN_POINT('Origin',(0.,0.,0.594));
#5397=CARTESIAN_POINT('',(-0.545012019230769,-0.0230769230769231,0.594));
#5398=CARTESIAN_POINT('',(-0.490685096153846,0.0915264423076924,0.594));
#5399=CARTESIAN_POINT('',(-0.545012019230769,-0.0230769230769231,0.594));
#5400=CARTESIAN_POINT('',(-0.437800480769231,-0.0230769230769231,0.594));
#5401=CARTESIAN_POINT('',(-0.490685096153846,0.0915264423076924,0.594));
#5402=CARTESIAN_POINT('',(0.,-0.0230769230769231,0.594));
#5403=CARTESIAN_POINT('Origin',(-0.0523614058975077,-0.138797403611544,
0.594));
#5404=CARTESIAN_POINT('Origin',(0.140692719623794,-0.102735866756298,0.594));
#5405=CARTESIAN_POINT('',(0.224278846153846,-0.126923076923077,0.593999999999998));
#5406=CARTESIAN_POINT('',(0.15,2.72076672933589E-17,0.594000000000008));
#5407=CARTESIAN_POINT('Ctrl Pts',(0.224278846153846,-0.126923076923077,
0.593999999999998));
#5408=CARTESIAN_POINT('Ctrl Pts',(0.22097811067393,-0.1267577751768,0.593999999999991));
#5409=CARTESIAN_POINT('Ctrl Pts',(0.214365146380765,-0.126426596094932,
0.593999999999991));
#5410=CARTESIAN_POINT('Ctrl Pts',(0.204622136296636,-0.123822385543591,
0.593999999999991));
#5411=CARTESIAN_POINT('Ctrl Pts',(0.195140382991113,-0.119678434986594,
0.593999999999991));
#5412=CARTESIAN_POINT('Ctrl Pts',(0.187614970897366,-0.114919652095486,
0.593999999999991));
#5413=CARTESIAN_POINT('Ctrl Pts',(0.181914650107948,-0.11031449309296,0.593999999999991));
#5414=CARTESIAN_POINT('Ctrl Pts',(0.177794142887195,-0.106474751835623,
0.593999999999991));
#5415=CARTESIAN_POINT('Ctrl Pts',(0.174025006389695,-0.102169080493712,
0.593999999999991));
#5416=CARTESIAN_POINT('Ctrl Pts',(0.170466572398638,-0.0975485521446096,
0.593999999999991));
#5417=CARTESIAN_POINT('Ctrl Pts',(0.167199216636954,-0.0925313857125418,
0.593999999999991));
#5418=CARTESIAN_POINT('Ctrl Pts',(0.164279726102247,-0.087101219732332,
0.593999999999991));
#5419=CARTESIAN_POINT('Ctrl Pts',(0.161562080644813,-0.0813068298642744,
0.593999999999991));
#5420=CARTESIAN_POINT('Ctrl Pts',(0.159073015196802,-0.0750797668503874,
0.593999999999991));
#5421=CARTESIAN_POINT('Ctrl Pts',(0.156887727951059,-0.0682579545042847,
0.593999999999991));
#5422=CARTESIAN_POINT('Ctrl Pts',(0.15504074884084,-0.0607256198945301,
0.593999999999991));
#5423=CARTESIAN_POINT('Ctrl Pts',(0.153523024170753,-0.0524310756318043,
0.593999999999991));
#5424=CARTESIAN_POINT('Ctrl Pts',(0.152168485725666,-0.0434182174166779,
0.593999999999991));
#5425=CARTESIAN_POINT('Ctrl Pts',(0.151256374538367,-0.033625057148238,
0.593999999999991));
#5426=CARTESIAN_POINT('Ctrl Pts',(0.150549211795555,-0.0230847432496245,
0.593999999999991));
#5427=CARTESIAN_POINT('Ctrl Pts',(0.150030108888936,-0.0117838923088295,
0.593999999999991));
#5428=CARTESIAN_POINT('Ctrl Pts',(0.150010238320073,-0.00400703132604456,
0.593999999999991));
#5429=CARTESIAN_POINT('Ctrl Pts',(0.15,2.72076672933589E-17,0.594000000000008));
#5430=CARTESIAN_POINT('',(0.224278846153846,0.126923076923077,0.594000000000072));
#5431=CARTESIAN_POINT('Ctrl Pts',(0.15,2.72076672933589E-17,0.594000000000008));
#5432=CARTESIAN_POINT('Ctrl Pts',(0.150009646888733,0.00402714714449797,
0.594000000000065));
#5433=CARTESIAN_POINT('Ctrl Pts',(0.150028372405541,0.0118442178732962,
0.594000000000065));
#5434=CARTESIAN_POINT('Ctrl Pts',(0.150553908760046,0.0231640219077841,
0.594000000000065));
#5435=CARTESIAN_POINT('Ctrl Pts',(0.15122945287024,0.0337306491845844,0.594000000000065));
#5436=CARTESIAN_POINT('Ctrl Pts',(0.152280631935529,0.0435262623305184,
0.594000000000066));
#5437=CARTESIAN_POINT('Ctrl Pts',(0.153463083555577,0.052587934440106,0.594000000000066));
#5438=CARTESIAN_POINT('Ctrl Pts',(0.155133402394425,0.0608560965934648,
0.594000000000065));
#5439=CARTESIAN_POINT('Ctrl Pts',(0.156941456385567,0.0683791531871901,
0.594000000000065));
#5440=CARTESIAN_POINT('Ctrl Pts',(0.159133409644957,0.075200376995951,0.594000000000065));
#5441=CARTESIAN_POINT('Ctrl Pts',(0.161626369888972,0.0814246428890135,
0.594000000000065));
#5442=CARTESIAN_POINT('Ctrl Pts',(0.164327855289776,0.0872387598226192,
0.594000000000066));
#5443=CARTESIAN_POINT('Ctrl Pts',(0.167326227796265,0.0926377967990702,
0.594000000000065));
#5444=CARTESIAN_POINT('Ctrl Pts',(0.170591023498459,0.0976491139978523,
0.594000000000065));
#5445=CARTESIAN_POINT('Ctrl Pts',(0.1740768263674,0.10231213527074,0.594000000000066));
#5446=CARTESIAN_POINT('Ctrl Pts',(0.17786078398606,0.106567528502037,0.594000000000065));
#5447=CARTESIAN_POINT('Ctrl Pts',(0.181896443418353,0.110457795992763,0.594000000000065));
#5448=CARTESIAN_POINT('Ctrl Pts',(0.187627625119004,0.114943936973476,0.594000000000066));
#5449=CARTESIAN_POINT('Ctrl Pts',(0.195105594377192,0.119654140327612,0.594000000000066));
#5450=CARTESIAN_POINT('Ctrl Pts',(0.20450882451796,0.123940965979407,0.594000000000065));
#5451=CARTESIAN_POINT('Ctrl Pts',(0.214318649208825,0.126400387715829,0.594000000000066));
#5452=CARTESIAN_POINT('Ctrl Pts',(0.220960795403548,0.126748952924741,0.594000000000066));
#5453=CARTESIAN_POINT('Ctrl Pts',(0.224278846153846,0.126923076923077,0.594000000000072));
#5454=CARTESIAN_POINT('',(0.3,2.71050543095953E-17,0.594000000000057));
#5455=CARTESIAN_POINT('Ctrl Pts',(0.224278846153846,0.126923076923077,0.594000000000072));
#5456=CARTESIAN_POINT('Ctrl Pts',(0.227557017541428,0.126749192821966,0.594000000000057));
#5457=CARTESIAN_POINT('Ctrl Pts',(0.234120456463603,0.126401048218698,0.594000000000057));
#5458=CARTESIAN_POINT('Ctrl Pts',(0.243829368827986,0.123931765994049,0.594000000000057));
#5459=CARTESIAN_POINT('Ctrl Pts',(0.253158995743052,0.119631843720305,0.594000000000057));
#5460=CARTESIAN_POINT('Ctrl Pts',(0.260656792011657,0.114959412678892,0.594000000000057));
#5461=CARTESIAN_POINT('Ctrl Pts',(0.26638397936797,0.110376906754183,0.594000000000057));
#5462=CARTESIAN_POINT('Ctrl Pts',(0.2704729256089,0.106362309487736,0.594000000000057));
#5463=CARTESIAN_POINT('Ctrl Pts',(0.274395001254406,0.10193648709713,0.594000000000057));
#5464=CARTESIAN_POINT('Ctrl Pts',(0.277994631231429,0.0969622691333181,
0.594000000000057));
#5465=CARTESIAN_POINT('Ctrl Pts',(0.281366823270794,0.09153938842676,0.594000000000057));
#5466=CARTESIAN_POINT('Ctrl Pts',(0.284471545450996,0.0856435548761766,
0.594000000000057));
#5467=CARTESIAN_POINT('Ctrl Pts',(0.287378608387359,0.0792909446165803,
0.594000000000057));
#5468=CARTESIAN_POINT('Ctrl Pts',(0.290019499432911,0.0724508885165121,
0.594000000000057));
#5469=CARTESIAN_POINT('Ctrl Pts',(0.292326908716395,0.0650914957983745,
0.594000000000057));
#5470=CARTESIAN_POINT('Ctrl Pts',(0.294487012626986,0.0572963793852874,
0.594000000000057));
#5471=CARTESIAN_POINT('Ctrl Pts',(0.296094824645297,0.0489434960776032,
0.594000000000057));
#5472=CARTESIAN_POINT('Ctrl Pts',(0.297586015024619,0.0401363272743611,
0.594000000000057));
#5473=CARTESIAN_POINT('Ctrl Pts',(0.298597368070148,0.0308011439031342,
0.594000000000057));
#5474=CARTESIAN_POINT('Ctrl Pts',(0.299507960169462,0.0209896215394926,
0.594000000000057));
#5475=CARTESIAN_POINT('Ctrl Pts',(0.299860587686702,0.0106594917684531,
0.594000000000057));
#5476=CARTESIAN_POINT('Ctrl Pts',(0.299952840922891,0.00360579193011796,
0.594000000000057));
#5477=CARTESIAN_POINT('Ctrl Pts',(0.3,2.71050543095953E-17,0.594000000000057));
#5478=CARTESIAN_POINT('',(0.288641826923077,-0.075420673076923,0.594000000000002));
#5479=CARTESIAN_POINT('Ctrl Pts',(0.3,2.71050543095953E-17,0.594000000000057));
#5480=CARTESIAN_POINT('Ctrl Pts',(0.299965817898044,-0.00360637523657267,
0.594000000000029));
#5481=CARTESIAN_POINT('Ctrl Pts',(0.299898553520501,-0.0107030887675941,
0.594000000000029));
#5482=CARTESIAN_POINT('Ctrl Pts',(0.299355923211422,-0.0211483483877753,
0.594000000000029));
#5483=CARTESIAN_POINT('Ctrl Pts',(0.298434682072858,-0.0311860384376965,
0.594000000000029));
#5484=CARTESIAN_POINT('Ctrl Pts',(0.297290134424513,-0.0408237270957807,
0.594000000000029));
#5485=CARTESIAN_POINT('Ctrl Pts',(0.295613274503134,-0.0500315942430758,
0.594000000000029));
#5486=CARTESIAN_POINT('Ctrl Pts',(0.293749383142817,-0.058877545437756,
0.594000000000029));
#5487=CARTESIAN_POINT('Ctrl Pts',(0.291382659633896,-0.0673087156160837,
0.594000000000029));
#5488=CARTESIAN_POINT('Ctrl Pts',(0.289546264162543,-0.0727438382655234,
0.594000000000029));
#5489=CARTESIAN_POINT('Ctrl Pts',(0.288641826923077,-0.075420673076923,
0.594000000000002));
#5490=CARTESIAN_POINT('Ctrl Pts',(0.288641826923077,-0.075420673076923,
0.594000000000002));
#5491=CARTESIAN_POINT('Ctrl Pts',(0.287865754505846,-0.0775141103524401,
0.594000000000008));
#5492=CARTESIAN_POINT('Ctrl Pts',(0.286347836281538,-0.0816086594195112,
0.594000000000008));
#5493=CARTESIAN_POINT('Ctrl Pts',(0.283683549349096,-0.0874740175262704,
0.594000000000008));
#5494=CARTESIAN_POINT('Ctrl Pts',(0.280763851832364,-0.0929222382633572,
0.594000000000008));
#5495=CARTESIAN_POINT('Ctrl Pts',(0.277553073917373,-0.0979684511925387,
0.594000000000008));
#5496=CARTESIAN_POINT('Ctrl Pts',(0.274052324644121,-0.102588390842388,
0.594000000000008));
#5497=CARTESIAN_POINT('Ctrl Pts',(0.270361291921271,-0.106870322325796,
0.594000000000008));
#5498=CARTESIAN_POINT('Ctrl Pts',(0.266339835626479,-0.110694435038331,
0.594000000000008));
#5499=CARTESIAN_POINT('Ctrl Pts',(0.260727046183498,-0.115179720419869,
0.594000000000008));
#5500=CARTESIAN_POINT('Ctrl Pts',(0.253349451302451,-0.119889506598662,
0.594000000000008));
#5501=CARTESIAN_POINT('Ctrl Pts',(0.243935428152543,-0.123872609981263,
0.594000000000008));
#5502=CARTESIAN_POINT('Ctrl Pts',(0.234238245711599,-0.126512501756197,
0.594000000000008));
#5503=CARTESIAN_POINT('Ctrl Pts',(0.227600932295767,-0.126786124282087,
0.594000000000008));
#5504=CARTESIAN_POINT('Ctrl Pts',(0.224278846153846,-0.126923076923077,
0.593999999999998));
#5505=CARTESIAN_POINT('Origin',(-0.85,0.425,0.599));
#5506=CARTESIAN_POINT('',(-0.85,0.525,0.509));
#5507=CARTESIAN_POINT('',(-0.85,0.525,0.599));
#5508=CARTESIAN_POINT('',(-0.95,0.425,0.509));
#5509=CARTESIAN_POINT('Origin',(-0.85,0.425,0.509));
#5510=CARTESIAN_POINT('',(-0.95,0.425,0.599));
#5511=CARTESIAN_POINT('Origin',(-0.85,0.525,0.599));
#5512=CARTESIAN_POINT('',(0.85,0.525,0.509));
#5513=CARTESIAN_POINT('',(0.85,0.525,0.599));
#5514=CARTESIAN_POINT('',(-0.85,0.525,0.509));
#5515=CARTESIAN_POINT('Origin',(0.85,0.425,0.599));
#5516=CARTESIAN_POINT('',(0.95,0.425,0.509));
#5517=CARTESIAN_POINT('',(0.95,0.425,0.599));
#5518=CARTESIAN_POINT('Origin',(0.85,0.425,0.509));
#5519=CARTESIAN_POINT('Origin',(0.95,0.425,0.599));
#5520=CARTESIAN_POINT('',(0.95,-0.425,0.509));
#5521=CARTESIAN_POINT('',(0.95,-0.425,0.599));
#5522=CARTESIAN_POINT('',(0.95,0.425,0.509));
#5523=CARTESIAN_POINT('Origin',(0.85,-0.425,0.599));
#5524=CARTESIAN_POINT('',(0.85,-0.525,0.509));
#5525=CARTESIAN_POINT('',(0.85,-0.525,0.599));
#5526=CARTESIAN_POINT('Origin',(0.85,-0.425,0.509));
#5527=CARTESIAN_POINT('Origin',(-0.85,-0.525,0.599));
#5528=CARTESIAN_POINT('',(-0.85,-0.525,0.509));
#5529=CARTESIAN_POINT('',(-0.85,-0.525,0.599));
#5530=CARTESIAN_POINT('',(-0.85,-0.525,0.509));
#5531=CARTESIAN_POINT('Origin',(-0.85,-0.425,0.599));
#5532=CARTESIAN_POINT('',(-0.95,-0.425,0.509));
#5533=CARTESIAN_POINT('',(-0.95,-0.425,0.599));
#5534=CARTESIAN_POINT('Origin',(-0.85,-0.425,0.509));
#5535=CARTESIAN_POINT('Origin',(-0.95,0.425,0.599));
#5536=CARTESIAN_POINT('',(-0.95,0.425,0.509));
#5537=CARTESIAN_POINT('Origin',(0.449246080512011,0.0223194769153713,0.594));
#5538=CARTESIAN_POINT('',(0.396153846153846,-0.0674278846153846,0.594000000000011));
#5539=CARTESIAN_POINT('',(0.459194711538462,-0.00769230769230765,0.594000000000009));
#5540=CARTESIAN_POINT('Ctrl Pts',(0.396153846153846,-0.0674278846153846,
0.594000000000011));
#5541=CARTESIAN_POINT('Ctrl Pts',(0.396219772434039,-0.0653824486661431,
0.594000000000049));
#5542=CARTESIAN_POINT('Ctrl Pts',(0.396348877991647,-0.0613768055750441,
0.594000000000049));
#5543=CARTESIAN_POINT('Ctrl Pts',(0.397124913810595,-0.0554698650499394,
0.594000000000049));
#5544=CARTESIAN_POINT('Ctrl Pts',(0.398519335313734,-0.0498162151029271,
0.594000000000049));
#5545=CARTESIAN_POINT('Ctrl Pts',(0.400447056093655,-0.0443779437095414,
0.594000000000049));
#5546=CARTESIAN_POINT('Ctrl Pts',(0.402922640569315,-0.0391800629498098,
0.594000000000049));
#5547=CARTESIAN_POINT('Ctrl Pts',(0.405967417720134,-0.0342245598264521,
0.594000000000049));
#5548=CARTESIAN_POINT('Ctrl Pts',(0.40949722892889,-0.0294700293542243,
0.594000000000049));
#5549=CARTESIAN_POINT('Ctrl Pts',(0.413596057216068,-0.0250310550981826,
0.594000000000049));
#5550=CARTESIAN_POINT('Ctrl Pts',(0.418116933078566,-0.0209766912893068,
0.594000000000049));
#5551=CARTESIAN_POINT('Ctrl Pts',(0.423008223240385,-0.0174091617338737,
0.594000000000049));
#5552=CARTESIAN_POINT('Ctrl Pts',(0.428218695227381,-0.0143790075377188,
0.594000000000049));
#5553=CARTESIAN_POINT('Ctrl Pts',(0.433768498333622,-0.0118844595620921,
0.594000000000049));
#5554=CARTESIAN_POINT('Ctrl Pts',(0.439697966932249,-0.010070202536729,
0.594000000000049));
#5555=CARTESIAN_POINT('Ctrl Pts',(0.44589624562777,-0.00864571120123287,
0.594000000000049));
#5556=CARTESIAN_POINT('Ctrl Pts',(0.452445452603872,-0.00788926103623478,
0.594000000000049));
#5557=CARTESIAN_POINT('Ctrl Pts',(0.456909376267163,-0.00775899715081547,
0.594000000000049));
#5558=CARTESIAN_POINT('Ctrl Pts',(0.459194711538462,-0.00769230769230765,
0.594000000000009));
#5559=CARTESIAN_POINT('',(0.526923076923077,-0.0674278846153846,0.594000000000054));
#5560=CARTESIAN_POINT('Ctrl Pts',(0.459194711538462,-0.00769230769230765,
0.594000000000009));
#5561=CARTESIAN_POINT('Ctrl Pts',(0.461500057300232,-0.00775944854801665,
0.594000000000049));
#5562=CARTESIAN_POINT('Ctrl Pts',(0.466023766584428,-0.00789119698998852,
0.594000000000049));
#5563=CARTESIAN_POINT('Ctrl Pts',(0.472691415953923,-0.00865079850934525,
0.594000000000049));
#5564=CARTESIAN_POINT('Ctrl Pts',(0.479067730741282,-0.0100782193437728,
0.594000000000049));
#5565=CARTESIAN_POINT('Ctrl Pts',(0.485234263539837,-0.0118910314121941,
0.594000000000049));
#5566=CARTESIAN_POINT('Ctrl Pts',(0.4910914586064,-0.014403068749338,0.594000000000049));
#5567=CARTESIAN_POINT('Ctrl Pts',(0.496706427780553,-0.0174137810353661,
0.594000000000049));
#5568=CARTESIAN_POINT('Ctrl Pts',(0.502073477955373,-0.0209811715837693,
0.594000000000049));
#5569=CARTESIAN_POINT('Ctrl Pts',(0.507121212294032,-0.0250223496926698,
0.594000000000049));
#5570=CARTESIAN_POINT('Ctrl Pts',(0.511758144259165,-0.0294420189819635,
0.594000000000049));
#5571=CARTESIAN_POINT('Ctrl Pts',(0.515772364571489,-0.0342000487508227,
0.594000000000049));
#5572=CARTESIAN_POINT('Ctrl Pts',(0.519242370888409,-0.0391536145436649,
0.594000000000049));
#5573=CARTESIAN_POINT('Ctrl Pts',(0.522091217580445,-0.0443406940214333,
0.594000000000049));
#5574=CARTESIAN_POINT('Ctrl Pts',(0.524284048784135,-0.0497874896528574,
0.594000000000049));
#5575=CARTESIAN_POINT('Ctrl Pts',(0.525736252257866,-0.0554725073289975,
0.594000000000049));
#5576=CARTESIAN_POINT('Ctrl Pts',(0.526783333564862,-0.0613600174635147,
0.594000000000049));
#5577=CARTESIAN_POINT('Ctrl Pts',(0.526875908952077,-0.065379780251048,
0.594000000000049));
#5578=CARTESIAN_POINT('Ctrl Pts',(0.526923076923077,-0.0674278846153846,
0.594000000000054));
#5579=CARTESIAN_POINT('',(0.461538461538462,-0.126923076923077,0.594000000000081));
#5580=CARTESIAN_POINT('Ctrl Pts',(0.526923076923077,-0.0674278846153846,
0.594000000000054));
#5581=CARTESIAN_POINT('Ctrl Pts',(0.526869250461585,-0.0694549485867662,
0.594000000000068));
#5582=CARTESIAN_POINT('Ctrl Pts',(0.526763704783817,-0.073429719262922,
0.594000000000068));
#5583=CARTESIAN_POINT('Ctrl Pts',(0.525809765733176,-0.0792884643456234,
0.594000000000068));
#5584=CARTESIAN_POINT('Ctrl Pts',(0.524342211402525,-0.0849213263958168,
0.594000000000068));
#5585=CARTESIAN_POINT('Ctrl Pts',(0.522194100718166,-0.0903324253359967,
0.594000000000068));
#5586=CARTESIAN_POINT('Ctrl Pts',(0.519499741826634,-0.0954922444686772,
0.594000000000068));
#5587=CARTESIAN_POINT('Ctrl Pts',(0.516184036120252,-0.100437435496724,
0.594000000000068));
#5588=CARTESIAN_POINT('Ctrl Pts',(0.512303126502645,-0.10517141170474,0.594000000000068));
#5589=CARTESIAN_POINT('Ctrl Pts',(0.507791646073577,-0.109574799014942,
0.594000000000068));
#5590=CARTESIAN_POINT('Ctrl Pts',(0.502926451826668,-0.113613692862824,
0.594000000000068));
#5591=CARTESIAN_POINT('Ctrl Pts',(0.497781186665641,-0.117209931527227,
0.594000000000068));
#5592=CARTESIAN_POINT('Ctrl Pts',(0.492372210536193,-0.12022981036202,0.594000000000068));
#5593=CARTESIAN_POINT('Ctrl Pts',(0.486668659301975,-0.122617262612433,
0.594000000000068));
#5594=CARTESIAN_POINT('Ctrl Pts',(0.480750387136703,-0.124572642920892,
0.594000000000068));
#5595=CARTESIAN_POINT('Ctrl Pts',(0.474572245539432,-0.125949612743657,
0.594000000000068));
#5596=CARTESIAN_POINT('Ctrl Pts',(0.468128806091108,-0.126727870072807,
0.594000000000068));
#5597=CARTESIAN_POINT('Ctrl Pts',(0.463764075696987,-0.126857153946466,
0.594000000000068));
#5598=CARTESIAN_POINT('Ctrl Pts',(0.461538461538462,-0.126923076923077,
0.594000000000081));
#5599=CARTESIAN_POINT('Ctrl Pts',(0.461538461538462,-0.126923076923077,
0.594000000000081));
#5600=CARTESIAN_POINT('Ctrl Pts',(0.459312843733785,-0.126857159114851,
0.594000000000063));
#5601=CARTESIAN_POINT('Ctrl Pts',(0.454948106189067,-0.126727885377095,
0.594000000000063));
#5602=CARTESIAN_POINT('Ctrl Pts',(0.448504718572127,-0.125949554577451,
0.594000000000063));
#5603=CARTESIAN_POINT('Ctrl Pts',(0.442326385368183,-0.124572856355325,
0.594000000000063));
#5604=CARTESIAN_POINT('Ctrl Pts',(0.436408809599524,-0.122616488911284,
0.594000000000063));
#5605=CARTESIAN_POINT('Ctrl Pts',(0.43070268770737,-0.120232680544073,0.594000000000063));
#5606=CARTESIAN_POINT('Ctrl Pts',(0.425288976862482,-0.117191008538513,
0.594000000000063));
#5607=CARTESIAN_POINT('Ctrl Pts',(0.420094588076264,-0.113635558236993,
0.594000000000063));
#5608=CARTESIAN_POINT('Ctrl Pts',(0.415232585535236,-0.109567847593352,
0.594000000000063));
#5609=CARTESIAN_POINT('Ctrl Pts',(0.410702248382566,-0.10519629289963,0.594000000000063));
#5610=CARTESIAN_POINT('Ctrl Pts',(0.406912238168403,-0.100394572605922,
0.594000000000063));
#5611=CARTESIAN_POINT('Ctrl Pts',(0.403491781809342,-0.0955315481369091,
0.594000000000063));
#5612=CARTESIAN_POINT('Ctrl Pts',(0.400900905680924,-0.0903118637341349,
0.594000000000063));
#5613=CARTESIAN_POINT('Ctrl Pts',(0.398728871749995,-0.0849245838383613,
0.594000000000063));
#5614=CARTESIAN_POINT('Ctrl Pts',(0.397268721836537,-0.0792875916895711,
0.594000000000063));
#5615=CARTESIAN_POINT('Ctrl Pts',(0.396312808704943,-0.0734299477264805,
0.594000000000063));
#5616=CARTESIAN_POINT('Ctrl Pts',(0.396207534280736,-0.0694550257482135,
0.594000000000063));
#5617=CARTESIAN_POINT('Ctrl Pts',(0.396153846153846,-0.0674278846153846,
0.594000000000011));
#5618=CARTESIAN_POINT('Origin',(-0.171755448421761,0.134862774514783,0.594));
#5619=CARTESIAN_POINT('',(-0.269230769230769,0.0230769230769231,0.59399999999997));
#5620=CARTESIAN_POINT('',(-0.269230769230769,0.119230769230769,0.593999999999996));
#5621=CARTESIAN_POINT('',(-0.269230769230769,0.134862774514783,0.594));
#5622=CARTESIAN_POINT('',(-0.232692307692308,0.119230769230769,0.593999999999999));
#5623=CARTESIAN_POINT('',(-0.171755448421761,0.119230769230769,0.593999999999996));
#5624=CARTESIAN_POINT('',(-0.169230769230769,0.0751201923076923,0.593999999999996));
#5625=CARTESIAN_POINT('Ctrl Pts',(-0.232692307692308,0.119230769230769,
0.593999999999999));
#5626=CARTESIAN_POINT('Ctrl Pts',(-0.230027447045334,0.11919597200655,0.593999999999967));
#5627=CARTESIAN_POINT('Ctrl Pts',(-0.22487215254313,0.119128655188721,0.593999999999968));
#5628=CARTESIAN_POINT('Ctrl Pts',(-0.217420605197962,0.11862013444547,0.593999999999968));
#5629=CARTESIAN_POINT('Ctrl Pts',(-0.210548500620082,0.117621272646291,
0.593999999999967));
#5630=CARTESIAN_POINT('Ctrl Pts',(-0.204199550263056,0.1164222760333,0.593999999999967));
#5631=CARTESIAN_POINT('Ctrl Pts',(-0.198447019836078,0.114715177249505,
0.593999999999967));
#5632=CARTESIAN_POINT('Ctrl Pts',(-0.193202361801783,0.112765967819803,
0.593999999999967));
#5633=CARTESIAN_POINT('Ctrl Pts',(-0.188553965360126,0.110345330976353,
0.593999999999967));
#5634=CARTESIAN_POINT('Ctrl Pts',(-0.184438940543696,0.107581514307948,
0.593999999999967));
#5635=CARTESIAN_POINT('Ctrl Pts',(-0.180859742316041,0.104464128738065,
0.593999999999967));
#5636=CARTESIAN_POINT('Ctrl Pts',(-0.177715254576922,0.101128804295473,
0.593999999999968));
#5637=CARTESIAN_POINT('Ctrl Pts',(-0.175112672008179,0.0974479589502035,
0.593999999999967));
#5638=CARTESIAN_POINT('Ctrl Pts',(-0.172902212975348,0.0935469432170345,
0.593999999999967));
#5639=CARTESIAN_POINT('Ctrl Pts',(-0.171320416411909,0.0892908766178134,
0.593999999999968));
#5640=CARTESIAN_POINT('Ctrl Pts',(-0.170088910031716,0.0848128406881971,
0.593999999999967));
#5641=CARTESIAN_POINT('Ctrl Pts',(-0.169364341237006,0.0800514674747896,
0.593999999999967));
#5642=CARTESIAN_POINT('Ctrl Pts',(-0.16927587038938,0.0767852584374251,
0.593999999999967));
#5643=CARTESIAN_POINT('Ctrl Pts',(-0.169230769230769,0.0751201923076923,
0.593999999999996));
#5644=CARTESIAN_POINT('',(-0.251141826923077,0.0230769230769231,0.59399999999997));
#5645=CARTESIAN_POINT('Ctrl Pts',(-0.169230769230769,0.0751201923076923,
0.593999999999996));
#5646=CARTESIAN_POINT('Ctrl Pts',(-0.169317438791522,0.0726039966401123,
0.593999999999964));
#5647=CARTESIAN_POINT('Ctrl Pts',(-0.169488141479282,0.0676481464009873,
0.593999999999964));
#5648=CARTESIAN_POINT('Ctrl Pts',(-0.17137790869493,0.0604292779407962,
0.593999999999964));
#5649=CARTESIAN_POINT('Ctrl Pts',(-0.174164798565296,0.0535252596178176,
0.593999999999964));
#5650=CARTESIAN_POINT('Ctrl Pts',(-0.17817721032489,0.0471081579728373,
0.593999999999964));
#5651=CARTESIAN_POINT('Ctrl Pts',(-0.183079826415114,0.0412803612509782,
0.593999999999964));
#5652=CARTESIAN_POINT('Ctrl Pts',(-0.188885638094159,0.0362297024053412,
0.593999999999964));
#5653=CARTESIAN_POINT('Ctrl Pts',(-0.195471332735966,0.0319892593093419,
0.593999999999964));
#5654=CARTESIAN_POINT('Ctrl Pts',(-0.201649014032376,0.0292568871507221,
0.593999999999964));
#5655=CARTESIAN_POINT('Ctrl Pts',(-0.207095260792641,0.0274080739878327,
0.593999999999964));
#5656=CARTESIAN_POINT('Ctrl Pts',(-0.211817997673085,0.0263209678367087,
0.593999999999964));
#5657=CARTESIAN_POINT('Ctrl Pts',(-0.217024614373268,0.0252930715870784,
0.593999999999964));
#5658=CARTESIAN_POINT('Ctrl Pts',(-0.222796823856121,0.0244295355016095,
0.593999999999964));
#5659=CARTESIAN_POINT('Ctrl Pts',(-0.229121838119606,0.0238984273254989,
0.593999999999964));
#5660=CARTESIAN_POINT('Ctrl Pts',(-0.235989696822132,0.0233671664611846,
0.593999999999964));
#5661=CARTESIAN_POINT('Ctrl Pts',(-0.2433885450986,0.0231774364273024,0.593999999999964));
#5662=CARTESIAN_POINT('Ctrl Pts',(-0.248497644463096,0.0231112021917655,
0.593999999999964));
#5663=CARTESIAN_POINT('Ctrl Pts',(-0.251141826923077,0.0230769230769231,
0.59399999999997));
#5664=CARTESIAN_POINT('',(-0.171755448421761,0.0230769230769231,0.59399999999997));
#5665=CARTESIAN_POINT('',(-0.269230769230769,-0.119230769230769,0.593999999999933));
#5666=CARTESIAN_POINT('',(-0.269230769230769,-0.00769230769230765,0.593999999999962));
#5667=CARTESIAN_POINT('',(-0.269230769230769,0.134862774514783,0.594));
#5668=CARTESIAN_POINT('',(-0.251382211538462,-0.00769230769230765,0.593999999999991));
#5669=CARTESIAN_POINT('',(-0.171755448421761,-0.00769230769230765,0.593999999999962));
#5670=CARTESIAN_POINT('',(-0.195252403846154,-0.0112379807692307,0.59399999999999));
#5671=CARTESIAN_POINT('Ctrl Pts',(-0.251382211538462,-0.00769230769230765,
0.594));
#5672=CARTESIAN_POINT('Ctrl Pts',(-0.24817690055615,-0.00770037231853331,
0.594));
#5673=CARTESIAN_POINT('Ctrl Pts',(-0.244971589573838,-0.00770843694475898,
0.594));
#5674=CARTESIAN_POINT('Ctrl Pts',(-0.241766826923077,-0.00775240384615381,
0.594));
#5675=CARTESIAN_POINT('Ctrl Pts',(-0.238801870429237,-0.0077930807898188,
0.594));
#5676=CARTESIAN_POINT('Ctrl Pts',(-0.23583738327602,-0.00786448803916646,
0.594));
#5677=CARTESIAN_POINT('Ctrl Pts',(-0.232872596153846,-0.00793269230769228,
0.594));
#5678=CARTESIAN_POINT('Ctrl Pts',(-0.2301475788335,-0.00799538072523983,
0.594));
#5679=CARTESIAN_POINT('Ctrl Pts',(-0.227422308100782,-0.0080553632795567,
0.594));
#5680=CARTESIAN_POINT('Ctrl Pts',(-0.224699519230769,-0.00817307692307689,
0.594));
#5681=CARTESIAN_POINT('Ctrl Pts',(-0.222234078479801,-0.00827966470036506,
0.594));
#5682=CARTESIAN_POINT('Ctrl Pts',(-0.219770672609567,-0.00843358623261909,
0.594));
#5683=CARTESIAN_POINT('Ctrl Pts',(-0.217307692307692,-0.00859374999999997,
0.594));
#5684=CARTESIAN_POINT('Ctrl Pts',(-0.215102777216177,-0.00873713218927015,
0.594));
#5685=CARTESIAN_POINT('Ctrl Pts',(-0.212898203184981,-0.00888551705004402,
0.594));
#5686=CARTESIAN_POINT('Ctrl Pts',(-0.210697115384615,-0.0090745192307692,
0.594));
#5687=CARTESIAN_POINT('Ctrl Pts',(-0.208731155938724,-0.00924333149824398,
0.594));
#5688=CARTESIAN_POINT('Ctrl Pts',(-0.206767977681912,-0.00944454679702486,
0.594));
#5689=CARTESIAN_POINT('Ctrl Pts',(-0.204807692307692,-0.00967548076923075,
0.594));
#5690=CARTESIAN_POINT('Ctrl Pts',(-0.203079748645548,-0.00987904342337023,
0.594));
#5691=CARTESIAN_POINT('Ctrl Pts',(-0.201354052750792,-0.0101056974622608,
0.594));
#5692=CARTESIAN_POINT('Ctrl Pts',(-0.199639423076923,-0.0103966346153846,
0.594));
#5693=CARTESIAN_POINT('Ctrl Pts',(-0.198171677420831,-0.0106456806625872,
0.594));
#5694=CARTESIAN_POINT('Ctrl Pts',(-0.196712040633492,-0.010941830715909,
0.594));
#5695=CARTESIAN_POINT('Ctrl Pts',(-0.195252403846154,-0.0112379807692307,
0.594));
#5696=CARTESIAN_POINT('',(-0.146153846153846,-0.06484375,0.593999999999947));
#5697=CARTESIAN_POINT('Ctrl Pts',(-0.195252403846154,-0.0112379807692307,
0.594));
#5698=CARTESIAN_POINT('Ctrl Pts',(-0.191611552594394,-0.0122164966312167,
0.594));
#5699=CARTESIAN_POINT('Ctrl Pts',(-0.187970701342635,-0.0131950124932026,
0.594));
#5700=CARTESIAN_POINT('Ctrl Pts',(-0.184435096153846,-0.014483173076923,
0.594));
#5701=CARTESIAN_POINT('Ctrl Pts',(-0.181126369059381,-0.0156886730119533,
0.594));
#5702=CARTESIAN_POINT('Ctrl Pts',(-0.177909814223429,-0.0171653531938555,
0.594));
#5703=CARTESIAN_POINT('Ctrl Pts',(-0.174819711538462,-0.0188701923076923,
0.594));
#5704=CARTESIAN_POINT('Ctrl Pts',(-0.171876206673455,-0.0204941520065219,
0.594));
#5705=CARTESIAN_POINT('Ctrl Pts',(-0.169047440505633,-0.0223251359307003,
0.594));
#5706=CARTESIAN_POINT('Ctrl Pts',(-0.16640625,-0.0243990384615384,0.594));
#5707=CARTESIAN_POINT('Ctrl Pts',(-0.163840582740421,-0.0264136390030667,
0.594));
#5708=CARTESIAN_POINT('Ctrl Pts',(-0.161451917286931,-0.0286574645496393,
0.594));
#5709=CARTESIAN_POINT('Ctrl Pts',(-0.159254807692308,-0.0310697115384615,
0.594));
#5710=CARTESIAN_POINT('Ctrl Pts',(-0.158181303917853,-0.0322483310546455,
0.594));
#5711=CARTESIAN_POINT('Ctrl Pts',(-0.157153529927393,-0.0334671575173554,
0.594));
#5712=CARTESIAN_POINT('Ctrl Pts',(-0.156189903846154,-0.0347355769230769,
0.594));
#5713=CARTESIAN_POINT('Ctrl Pts',(-0.155248638723746,-0.0359745626359338,
0.594));
#5714=CARTESIAN_POINT('Ctrl Pts',(-0.154368578945916,-0.0372608663861595,
0.594));
#5715=CARTESIAN_POINT('Ctrl Pts',(-0.153545673076923,-0.0385817307692307,
0.594));
#5716=CARTESIAN_POINT('Ctrl Pts',(-0.152729548103488,-0.0398917109870955,
0.594));
#5717=CARTESIAN_POINT('Ctrl Pts',(-0.151969639002257,-0.0412356846125651,
0.594));
#5718=CARTESIAN_POINT('Ctrl Pts',(-0.151262019230769,-0.042608173076923,
0.594));
#5719=CARTESIAN_POINT('Ctrl Pts',(-0.1505754657497,-0.0439398016872295,
0.594));
#5720=CARTESIAN_POINT('Ctrl Pts',(-0.149938134568752,-0.045298272599102,
0.594));
#5721=CARTESIAN_POINT('Ctrl Pts',(-0.149399038461538,-0.0466947115384615,
0.594));
#5722=CARTESIAN_POINT('Ctrl Pts',(-0.148853799704443,-0.048107061992243,
0.594));
#5723=CARTESIAN_POINT('Ctrl Pts',(-0.148409047424742,-0.0495582506449563,
0.594));
#5724=CARTESIAN_POINT('Ctrl Pts',(-0.148016826923077,-0.0510216346153846,
0.594));
#5725=CARTESIAN_POINT('Ctrl Pts',(-0.147622825459923,-0.0524916633952621,
0.594));
#5726=CARTESIAN_POINT('Ctrl Pts',(-0.147281833921568,-0.0539739984952214,
0.594));
#5727=CARTESIAN_POINT('Ctrl Pts',(-0.146995192307692,-0.05546875,0.594));
#5728=CARTESIAN_POINT('Ctrl Pts',(-0.146701550917238,-0.057000003275864,
0.594));
#5729=CARTESIAN_POINT('Ctrl Pts',(-0.146464946307893,-0.0585442867770804,
0.594));
#5730=CARTESIAN_POINT('Ctrl Pts',(-0.146334134615385,-0.0600961538461538,
0.594));
#5731=CARTESIAN_POINT('Ctrl Pts',(-0.146201178325976,-0.0616734630545591,
0.594));
#5732=CARTESIAN_POINT('Ctrl Pts',(-0.146177512239911,-0.0632586065272795,
0.594));
#5733=CARTESIAN_POINT('Ctrl Pts',(-0.146153846153846,-0.06484375,0.594));
#5734=CARTESIAN_POINT('',(-0.230889423076923,-0.119230769230769,0.593999999999933));
#5735=CARTESIAN_POINT('Ctrl Pts',(-0.146153846153846,-0.06484375,0.594));
#5736=CARTESIAN_POINT('Ctrl Pts',(-0.146268283991963,-0.0673785336179689,
0.594));
#5737=CARTESIAN_POINT('Ctrl Pts',(-0.146382721830079,-0.0699133172359378,
0.594));
#5738=CARTESIAN_POINT('Ctrl Pts',(-0.146754807692308,-0.0724158653846153,
0.594));
#5739=CARTESIAN_POINT('Ctrl Pts',(-0.147124650927204,-0.0749033302327717,
0.594));
#5740=CARTESIAN_POINT('Ctrl Pts',(-0.147749045765291,-0.0773589470183783,
0.594));
#5741=CARTESIAN_POINT('Ctrl Pts',(-0.148557692307692,-0.0797475961538461,
0.594));
#5742=CARTESIAN_POINT('Ctrl Pts',(-0.149376647629354,-0.0821666962408448,
0.594));
#5743=CARTESIAN_POINT('Ctrl Pts',(-0.150384582350478,-0.0845171103617957,
0.594));
#5744=CARTESIAN_POINT('Ctrl Pts',(-0.1515625,-0.0867788461538461,0.594));
#5745=CARTESIAN_POINT('Ctrl Pts',(-0.152793082976762,-0.0891417053611613,
0.594));
#5746=CARTESIAN_POINT('Ctrl Pts',(-0.154209188738245,-0.0914077792578741,
0.594));
#5747=CARTESIAN_POINT('Ctrl Pts',(-0.155769230769231,-0.0935697115384615,
0.594));
#5748=CARTESIAN_POINT('Ctrl Pts',(-0.157344036102274,-0.0957521030494114,
0.594));
#5749=CARTESIAN_POINT('Ctrl Pts',(-0.159065514848209,-0.0978283725501548,
0.594));
#5750=CARTESIAN_POINT('Ctrl Pts',(-0.1609375,-0.0997596153846154,0.594));
#5751=CARTESIAN_POINT('Ctrl Pts',(-0.162785417265111,-0.101666028463537,
0.594));
#5752=CARTESIAN_POINT('Ctrl Pts',(-0.164779995729374,-0.103431120083978,
0.594));
#5753=CARTESIAN_POINT('Ctrl Pts',(-0.166887019230769,-0.105048076923077,
0.594));
#5754=CARTESIAN_POINT('Ctrl Pts',(-0.169022374233093,-0.106686775719092,
0.594));
#5755=CARTESIAN_POINT('Ctrl Pts',(-0.171273218524051,-0.108173329245241,
0.594));
#5756=CARTESIAN_POINT('Ctrl Pts',(-0.173617788461538,-0.109495192307692,
0.594));
#5757=CARTESIAN_POINT('Ctrl Pts',(-0.176031974230113,-0.110856304613344,
0.594));
#5758=CARTESIAN_POINT('Ctrl Pts',(-0.178545534149774,-0.11204280115876,
0.594));
#5759=CARTESIAN_POINT('Ctrl Pts',(-0.181129807692308,-0.113040865384615,
0.594));
#5760=CARTESIAN_POINT('Ctrl Pts',(-0.182513327286923,-0.113575190172773,
0.594));
#5761=CARTESIAN_POINT('Ctrl Pts',(-0.183917114221581,-0.114055508084456,
0.594));
#5762=CARTESIAN_POINT('Ctrl Pts',(-0.185336538461538,-0.114483173076923,
0.594));
#5763=CARTESIAN_POINT('Ctrl Pts',(-0.186923039252737,-0.114961177347822,
0.594));
#5764=CARTESIAN_POINT('Ctrl Pts',(-0.188529075253132,-0.115373403930562,
0.594));
#5765=CARTESIAN_POINT('Ctrl Pts',(-0.190144230769231,-0.115745192307692,
0.594));
#5766=CARTESIAN_POINT('Ctrl Pts',(-0.191936543249252,-0.116157759977873,
0.594));
#5767=CARTESIAN_POINT('Ctrl Pts',(-0.193740085491045,-0.116520532085407,
0.594));
#5768=CARTESIAN_POINT('Ctrl Pts',(-0.195552884615385,-0.116826923076923,
0.594));
#5769=CARTESIAN_POINT('Ctrl Pts',(-0.19750814022925,-0.117157391410759,
0.594));
#5770=CARTESIAN_POINT('Ctrl Pts',(-0.199474164771054,-0.117422269177526,
0.594));
#5771=CARTESIAN_POINT('Ctrl Pts',(-0.201442307692308,-0.117668269230769,
0.594));
#5772=CARTESIAN_POINT('Ctrl Pts',(-0.203622456497511,-0.117940768100829,
0.594));
#5773=CARTESIAN_POINT('Ctrl Pts',(-0.205805204640763,-0.118190103245875,
0.594));
#5774=CARTESIAN_POINT('Ctrl Pts',(-0.207992788461539,-0.118389423076923,
0.594));
#5775=CARTESIAN_POINT('Ctrl Pts',(-0.210332276783557,-0.118602583556835,
0.594));
#5776=CARTESIAN_POINT('Ctrl Pts',(-0.212677295672973,-0.118758541490932,
0.594));
#5777=CARTESIAN_POINT('Ctrl Pts',(-0.215024038461539,-0.118870192307692,
0.594));
#5778=CARTESIAN_POINT('Ctrl Pts',(-0.217566683849362,-0.118991163568652,
0.594));
#5779=CARTESIAN_POINT('Ctrl Pts',(-0.22011135296668,-0.119060121566366,
0.594));
#5780=CARTESIAN_POINT('Ctrl Pts',(-0.22265625,-0.119110576923077,0.594));
#5781=CARTESIAN_POINT('Ctrl Pts',(-0.225400464348978,-0.119164983962755,
0.594));
#5782=CARTESIAN_POINT('Ctrl Pts',(-0.228144943712951,-0.119197876596762,
0.594));
#5783=CARTESIAN_POINT('Ctrl Pts',(-0.230889423076923,-0.119230769230769,
0.594));
#5784=CARTESIAN_POINT('',(-0.171755448421761,-0.119230769230769,0.593999999999933));
#5785=CARTESIAN_POINT('Origin',(-0.437800480769231,-0.0230769230769231,
0.594));
#5786=CARTESIAN_POINT('',(-0.490685096153846,0.0915264423076924,0.599));
#5787=CARTESIAN_POINT('',(-0.490685096153846,0.0915264423076923,0.594));
#5788=CARTESIAN_POINT('',(-0.437800480769231,-0.0230769230769231,0.599));
#5789=CARTESIAN_POINT('',(-0.437800480769231,-0.0230769230769231,0.599));
#5790=CARTESIAN_POINT('',(-0.437800480769231,-0.0230769230769231,0.594));
#5791=CARTESIAN_POINT('Origin',(-0.490685096153846,0.0915264423076924,0.594));
#5792=CARTESIAN_POINT('',(-0.545012019230769,-0.0230769230769231,0.599));
#5793=CARTESIAN_POINT('',(-0.545012019230769,-0.0230769230769231,0.594));
#5794=CARTESIAN_POINT('',(-0.490685096153846,0.0915264423076924,0.599));
#5795=CARTESIAN_POINT('Origin',(-0.545012019230769,-0.0230769230769231,
0.594));
#5796=CARTESIAN_POINT('',(-0.545012019230769,-0.0230769230769231,0.599));
#5797=CARTESIAN_POINT('Ctrl Pts',(0.224278846153846,0.126923076923077,0.594));
#5798=CARTESIAN_POINT('Ctrl Pts',(0.224278846153846,0.126923076923077,0.6));
#5799=CARTESIAN_POINT('Ctrl Pts',(0.220960795403548,0.126748952924741,0.594));
#5800=CARTESIAN_POINT('Ctrl Pts',(0.220960795403548,0.126748952924741,0.6));
#5801=CARTESIAN_POINT('Ctrl Pts',(0.214318649208825,0.126400387715829,0.594));
#5802=CARTESIAN_POINT('Ctrl Pts',(0.214318649208825,0.126400387715829,0.6));
#5803=CARTESIAN_POINT('Ctrl Pts',(0.20450882451796,0.123940965979407,0.594));
#5804=CARTESIAN_POINT('Ctrl Pts',(0.20450882451796,0.123940965979407,0.6));
#5805=CARTESIAN_POINT('Ctrl Pts',(0.195105594377192,0.119654140327612,0.594));
#5806=CARTESIAN_POINT('Ctrl Pts',(0.195105594377192,0.119654140327612,0.6));
#5807=CARTESIAN_POINT('Ctrl Pts',(0.187627625119004,0.114943936973476,0.594));
#5808=CARTESIAN_POINT('Ctrl Pts',(0.187627625119004,0.114943936973476,0.6));
#5809=CARTESIAN_POINT('Ctrl Pts',(0.181896443418353,0.110457795992763,0.594));
#5810=CARTESIAN_POINT('Ctrl Pts',(0.181896443418353,0.110457795992763,0.6));
#5811=CARTESIAN_POINT('Ctrl Pts',(0.17786078398606,0.106567528502037,0.594));
#5812=CARTESIAN_POINT('Ctrl Pts',(0.17786078398606,0.106567528502037,0.6));
#5813=CARTESIAN_POINT('Ctrl Pts',(0.1740768263674,0.10231213527074,0.594));
#5814=CARTESIAN_POINT('Ctrl Pts',(0.1740768263674,0.10231213527074,0.6));
#5815=CARTESIAN_POINT('Ctrl Pts',(0.170591023498459,0.0976491139978523,
0.594));
#5816=CARTESIAN_POINT('Ctrl Pts',(0.170591023498459,0.0976491139978523,
0.6));
#5817=CARTESIAN_POINT('Ctrl Pts',(0.167326227796265,0.0926377967990702,
0.594));
#5818=CARTESIAN_POINT('Ctrl Pts',(0.167326227796265,0.0926377967990702,
0.6));
#5819=CARTESIAN_POINT('Ctrl Pts',(0.164327855289776,0.0872387598226192,
0.594));
#5820=CARTESIAN_POINT('Ctrl Pts',(0.164327855289776,0.0872387598226192,
0.6));
#5821=CARTESIAN_POINT('Ctrl Pts',(0.161626369888972,0.0814246428890135,
0.594));
#5822=CARTESIAN_POINT('Ctrl Pts',(0.161626369888972,0.0814246428890135,
0.6));
#5823=CARTESIAN_POINT('Ctrl Pts',(0.159133409644957,0.075200376995951,0.594));
#5824=CARTESIAN_POINT('Ctrl Pts',(0.159133409644957,0.075200376995951,0.6));
#5825=CARTESIAN_POINT('Ctrl Pts',(0.156941456385567,0.0683791531871901,
0.594));
#5826=CARTESIAN_POINT('Ctrl Pts',(0.156941456385567,0.0683791531871901,
0.6));
#5827=CARTESIAN_POINT('Ctrl Pts',(0.155133402394425,0.0608560965934648,
0.594));
#5828=CARTESIAN_POINT('Ctrl Pts',(0.155133402394425,0.0608560965934648,
0.6));
#5829=CARTESIAN_POINT('Ctrl Pts',(0.153463083555577,0.052587934440106,0.594));
#5830=CARTESIAN_POINT('Ctrl Pts',(0.153463083555577,0.052587934440106,0.6));
#5831=CARTESIAN_POINT('Ctrl Pts',(0.152280631935529,0.0435262623305184,
0.594));
#5832=CARTESIAN_POINT('Ctrl Pts',(0.152280631935529,0.0435262623305184,
0.6));
#5833=CARTESIAN_POINT('Ctrl Pts',(0.15122945287024,0.0337306491845844,0.594));
#5834=CARTESIAN_POINT('Ctrl Pts',(0.15122945287024,0.0337306491845844,0.6));
#5835=CARTESIAN_POINT('Ctrl Pts',(0.150553908760046,0.0231640219077841,
0.594));
#5836=CARTESIAN_POINT('Ctrl Pts',(0.150553908760046,0.0231640219077841,
0.6));
#5837=CARTESIAN_POINT('Ctrl Pts',(0.150028372405541,0.0118442178732962,
0.594));
#5838=CARTESIAN_POINT('Ctrl Pts',(0.150028372405541,0.0118442178732962,
0.6));
#5839=CARTESIAN_POINT('Ctrl Pts',(0.150009646888733,0.00402714714449797,
0.594));
#5840=CARTESIAN_POINT('Ctrl Pts',(0.150009646888733,0.00402714714449797,
0.6));
#5841=CARTESIAN_POINT('Ctrl Pts',(0.15,2.71050543121376E-17,0.594));
#5842=CARTESIAN_POINT('Ctrl Pts',(0.15,2.71050543121376E-17,0.6));
#5843=CARTESIAN_POINT('',(0.15,2.71050543121376E-17,0.599));
#5844=CARTESIAN_POINT('',(0.15,2.71050543121376E-17,0.5965));
#5845=CARTESIAN_POINT('',(0.224278846153846,0.126923076923077,0.599));
#5846=CARTESIAN_POINT('Ctrl Pts',(0.15,2.71050543121376E-17,0.599));
#5847=CARTESIAN_POINT('Ctrl Pts',(0.150009646888733,0.00402714714449797,
0.599000000000001));
#5848=CARTESIAN_POINT('Ctrl Pts',(0.150028372405541,0.0118442178732962,
0.599000000000001));
#5849=CARTESIAN_POINT('Ctrl Pts',(0.150553908760046,0.0231640219077841,
0.599000000000001));
#5850=CARTESIAN_POINT('Ctrl Pts',(0.15122945287024,0.0337306491845844,0.599000000000001));
#5851=CARTESIAN_POINT('Ctrl Pts',(0.152280631935529,0.0435262623305184,
0.599000000000001));
#5852=CARTESIAN_POINT('Ctrl Pts',(0.153463083555577,0.052587934440106,0.599000000000001));
#5853=CARTESIAN_POINT('Ctrl Pts',(0.155133402394425,0.0608560965934648,
0.599000000000001));
#5854=CARTESIAN_POINT('Ctrl Pts',(0.156941456385567,0.0683791531871901,
0.599000000000001));
#5855=CARTESIAN_POINT('Ctrl Pts',(0.159133409644957,0.075200376995951,0.599000000000001));
#5856=CARTESIAN_POINT('Ctrl Pts',(0.161626369888972,0.0814246428890135,
0.599000000000001));
#5857=CARTESIAN_POINT('Ctrl Pts',(0.164327855289776,0.0872387598226192,
0.599000000000001));
#5858=CARTESIAN_POINT('Ctrl Pts',(0.167326227796265,0.0926377967990702,
0.599000000000001));
#5859=CARTESIAN_POINT('Ctrl Pts',(0.170591023498459,0.0976491139978523,
0.599000000000001));
#5860=CARTESIAN_POINT('Ctrl Pts',(0.1740768263674,0.10231213527074,0.599000000000001));
#5861=CARTESIAN_POINT('Ctrl Pts',(0.17786078398606,0.106567528502037,0.599000000000001));
#5862=CARTESIAN_POINT('Ctrl Pts',(0.181896443418353,0.110457795992763,0.599000000000001));
#5863=CARTESIAN_POINT('Ctrl Pts',(0.187627625119004,0.114943936973476,0.599000000000001));
#5864=CARTESIAN_POINT('Ctrl Pts',(0.195105594377192,0.119654140327612,0.599000000000001));
#5865=CARTESIAN_POINT('Ctrl Pts',(0.20450882451796,0.123940965979407,0.599000000000001));
#5866=CARTESIAN_POINT('Ctrl Pts',(0.214318649208825,0.126400387715829,0.599000000000001));
#5867=CARTESIAN_POINT('Ctrl Pts',(0.220960795403548,0.126748952924741,0.599000000000001));
#5868=CARTESIAN_POINT('Ctrl Pts',(0.224278846153846,0.126923076923077,0.599));
#5869=CARTESIAN_POINT('',(0.224278846153846,0.126923076923077,0.5965));
#5870=CARTESIAN_POINT('Ctrl Pts',(0.15,2.71050543121376E-17,0.594));
#5871=CARTESIAN_POINT('Ctrl Pts',(0.15,2.71050543121376E-17,0.6));
#5872=CARTESIAN_POINT('Ctrl Pts',(0.150010238320073,-0.00400703132604456,
0.594));
#5873=CARTESIAN_POINT('Ctrl Pts',(0.150010238320073,-0.00400703132604456,
0.6));
#5874=CARTESIAN_POINT('Ctrl Pts',(0.150030108888936,-0.0117838923088295,
0.594));
#5875=CARTESIAN_POINT('Ctrl Pts',(0.150030108888936,-0.0117838923088295,
0.6));
#5876=CARTESIAN_POINT('Ctrl Pts',(0.150549211795555,-0.0230847432496245,
0.594));
#5877=CARTESIAN_POINT('Ctrl Pts',(0.150549211795555,-0.0230847432496245,
0.6));
#5878=CARTESIAN_POINT('Ctrl Pts',(0.151256374538367,-0.033625057148238,
0.594));
#5879=CARTESIAN_POINT('Ctrl Pts',(0.151256374538367,-0.033625057148238,
0.6));
#5880=CARTESIAN_POINT('Ctrl Pts',(0.152168485725666,-0.0434182174166779,
0.594));
#5881=CARTESIAN_POINT('Ctrl Pts',(0.152168485725666,-0.0434182174166779,
0.6));
#5882=CARTESIAN_POINT('Ctrl Pts',(0.153523024170753,-0.0524310756318043,
0.594));
#5883=CARTESIAN_POINT('Ctrl Pts',(0.153523024170753,-0.0524310756318043,
0.6));
#5884=CARTESIAN_POINT('Ctrl Pts',(0.15504074884084,-0.0607256198945301,
0.594));
#5885=CARTESIAN_POINT('Ctrl Pts',(0.15504074884084,-0.0607256198945301,
0.6));
#5886=CARTESIAN_POINT('Ctrl Pts',(0.156887727951059,-0.0682579545042847,
0.594));
#5887=CARTESIAN_POINT('Ctrl Pts',(0.156887727951059,-0.0682579545042847,
0.6));
#5888=CARTESIAN_POINT('Ctrl Pts',(0.159073015196802,-0.0750797668503874,
0.594));
#5889=CARTESIAN_POINT('Ctrl Pts',(0.159073015196802,-0.0750797668503874,
0.6));
#5890=CARTESIAN_POINT('Ctrl Pts',(0.161562080644813,-0.0813068298642744,
0.594));
#5891=CARTESIAN_POINT('Ctrl Pts',(0.161562080644813,-0.0813068298642744,
0.6));
#5892=CARTESIAN_POINT('Ctrl Pts',(0.164279726102247,-0.087101219732332,
0.594));
#5893=CARTESIAN_POINT('Ctrl Pts',(0.164279726102247,-0.087101219732332,
0.6));
#5894=CARTESIAN_POINT('Ctrl Pts',(0.167199216636954,-0.0925313857125418,
0.594));
#5895=CARTESIAN_POINT('Ctrl Pts',(0.167199216636954,-0.0925313857125418,
0.6));
#5896=CARTESIAN_POINT('Ctrl Pts',(0.170466572398638,-0.0975485521446096,
0.594));
#5897=CARTESIAN_POINT('Ctrl Pts',(0.170466572398638,-0.0975485521446096,
0.6));
#5898=CARTESIAN_POINT('Ctrl Pts',(0.174025006389695,-0.102169080493712,
0.594));
#5899=CARTESIAN_POINT('Ctrl Pts',(0.174025006389695,-0.102169080493712,
0.6));
#5900=CARTESIAN_POINT('Ctrl Pts',(0.177794142887195,-0.106474751835623,
0.594));
#5901=CARTESIAN_POINT('Ctrl Pts',(0.177794142887195,-0.106474751835623,
0.6));
#5902=CARTESIAN_POINT('Ctrl Pts',(0.181914650107948,-0.11031449309296,0.594));
#5903=CARTESIAN_POINT('Ctrl Pts',(0.181914650107948,-0.11031449309296,0.6));
#5904=CARTESIAN_POINT('Ctrl Pts',(0.187614970897366,-0.114919652095486,
0.594));
#5905=CARTESIAN_POINT('Ctrl Pts',(0.187614970897366,-0.114919652095486,
0.6));
#5906=CARTESIAN_POINT('Ctrl Pts',(0.195140382991113,-0.119678434986594,
0.594));
#5907=CARTESIAN_POINT('Ctrl Pts',(0.195140382991113,-0.119678434986594,
0.6));
#5908=CARTESIAN_POINT('Ctrl Pts',(0.204622136296636,-0.123822385543591,
0.594));
#5909=CARTESIAN_POINT('Ctrl Pts',(0.204622136296636,-0.123822385543591,
0.6));
#5910=CARTESIAN_POINT('Ctrl Pts',(0.214365146380765,-0.126426596094932,
0.594));
#5911=CARTESIAN_POINT('Ctrl Pts',(0.214365146380765,-0.126426596094932,
0.6));
#5912=CARTESIAN_POINT('Ctrl Pts',(0.22097811067393,-0.1267577751768,0.594));
#5913=CARTESIAN_POINT('Ctrl Pts',(0.22097811067393,-0.1267577751768,0.6));
#5914=CARTESIAN_POINT('Ctrl Pts',(0.224278846153846,-0.126923076923077,
0.594));
#5915=CARTESIAN_POINT('Ctrl Pts',(0.224278846153846,-0.126923076923077,
0.6));
#5916=CARTESIAN_POINT('',(0.224278846153846,-0.126923076923077,0.599));
#5917=CARTESIAN_POINT('',(0.224278846153846,-0.126923076923077,0.5965));
#5918=CARTESIAN_POINT('Ctrl Pts',(0.224278846153846,-0.126923076923077,
0.599));
#5919=CARTESIAN_POINT('Ctrl Pts',(0.22097811067393,-0.1267577751768,0.599));
#5920=CARTESIAN_POINT('Ctrl Pts',(0.214365146380765,-0.126426596094932,
0.599));
#5921=CARTESIAN_POINT('Ctrl Pts',(0.204622136296636,-0.123822385543591,
0.599));
#5922=CARTESIAN_POINT('Ctrl Pts',(0.195140382991113,-0.119678434986594,
0.599));
#5923=CARTESIAN_POINT('Ctrl Pts',(0.187614970897366,-0.114919652095486,
0.599));
#5924=CARTESIAN_POINT('Ctrl Pts',(0.181914650107948,-0.11031449309296,0.599));
#5925=CARTESIAN_POINT('Ctrl Pts',(0.177794142887195,-0.106474751835623,
0.599));
#5926=CARTESIAN_POINT('Ctrl Pts',(0.174025006389695,-0.102169080493712,
0.599));
#5927=CARTESIAN_POINT('Ctrl Pts',(0.170466572398638,-0.0975485521446096,
0.599));
#5928=CARTESIAN_POINT('Ctrl Pts',(0.167199216636954,-0.0925313857125418,
0.599));
#5929=CARTESIAN_POINT('Ctrl Pts',(0.164279726102247,-0.087101219732332,
0.599));
#5930=CARTESIAN_POINT('Ctrl Pts',(0.161562080644813,-0.0813068298642744,
0.599));
#5931=CARTESIAN_POINT('Ctrl Pts',(0.159073015196802,-0.0750797668503874,
0.599));
#5932=CARTESIAN_POINT('Ctrl Pts',(0.156887727951059,-0.0682579545042847,
0.599));
#5933=CARTESIAN_POINT('Ctrl Pts',(0.15504074884084,-0.0607256198945301,
0.599));
#5934=CARTESIAN_POINT('Ctrl Pts',(0.153523024170753,-0.0524310756318043,
0.599));
#5935=CARTESIAN_POINT('Ctrl Pts',(0.152168485725666,-0.0434182174166779,
0.599));
#5936=CARTESIAN_POINT('Ctrl Pts',(0.151256374538367,-0.033625057148238,
0.599));
#5937=CARTESIAN_POINT('Ctrl Pts',(0.150549211795555,-0.0230847432496245,
0.599));
#5938=CARTESIAN_POINT('Ctrl Pts',(0.150030108888936,-0.0117838923088295,
0.599));
#5939=CARTESIAN_POINT('Ctrl Pts',(0.150010238320073,-0.00400703132604456,
0.599));
#5940=CARTESIAN_POINT('Ctrl Pts',(0.15,2.71050543121376E-17,0.599));
#5941=CARTESIAN_POINT('Ctrl Pts',(0.224278846153846,-0.126923076923077,
0.594));
#5942=CARTESIAN_POINT('Ctrl Pts',(0.224278846153846,-0.126923076923077,
0.6));
#5943=CARTESIAN_POINT('Ctrl Pts',(0.227600932295767,-0.126786124282087,
0.594));
#5944=CARTESIAN_POINT('Ctrl Pts',(0.227600932295767,-0.126786124282087,
0.6));
#5945=CARTESIAN_POINT('Ctrl Pts',(0.234238245711599,-0.126512501756197,
0.594));
#5946=CARTESIAN_POINT('Ctrl Pts',(0.234238245711599,-0.126512501756197,
0.6));
#5947=CARTESIAN_POINT('Ctrl Pts',(0.243935428152543,-0.123872609981263,
0.594));
#5948=CARTESIAN_POINT('Ctrl Pts',(0.243935428152543,-0.123872609981263,
0.6));
#5949=CARTESIAN_POINT('Ctrl Pts',(0.253349451302451,-0.119889506598662,
0.594));
#5950=CARTESIAN_POINT('Ctrl Pts',(0.253349451302451,-0.119889506598662,
0.6));
#5951=CARTESIAN_POINT('Ctrl Pts',(0.260727046183498,-0.115179720419869,
0.594));
#5952=CARTESIAN_POINT('Ctrl Pts',(0.260727046183498,-0.115179720419869,
0.6));
#5953=CARTESIAN_POINT('Ctrl Pts',(0.266339835626479,-0.110694435038331,
0.594));
#5954=CARTESIAN_POINT('Ctrl Pts',(0.266339835626479,-0.110694435038331,
0.6));
#5955=CARTESIAN_POINT('Ctrl Pts',(0.270361291921271,-0.106870322325796,
0.594));
#5956=CARTESIAN_POINT('Ctrl Pts',(0.270361291921271,-0.106870322325796,
0.6));
#5957=CARTESIAN_POINT('Ctrl Pts',(0.274052324644121,-0.102588390842388,
0.594));
#5958=CARTESIAN_POINT('Ctrl Pts',(0.274052324644121,-0.102588390842388,
0.6));
#5959=CARTESIAN_POINT('Ctrl Pts',(0.277553073917373,-0.0979684511925387,
0.594));
#5960=CARTESIAN_POINT('Ctrl Pts',(0.277553073917373,-0.0979684511925387,
0.6));
#5961=CARTESIAN_POINT('Ctrl Pts',(0.280763851832364,-0.0929222382633572,
0.594));
#5962=CARTESIAN_POINT('Ctrl Pts',(0.280763851832364,-0.0929222382633572,
0.6));
#5963=CARTESIAN_POINT('Ctrl Pts',(0.283683549349096,-0.0874740175262704,
0.594));
#5964=CARTESIAN_POINT('Ctrl Pts',(0.283683549349096,-0.0874740175262704,
0.6));
#5965=CARTESIAN_POINT('Ctrl Pts',(0.286347836281538,-0.0816086594195112,
0.594));
#5966=CARTESIAN_POINT('Ctrl Pts',(0.286347836281538,-0.0816086594195112,
0.6));
#5967=CARTESIAN_POINT('Ctrl Pts',(0.287865754505846,-0.0775141103524401,
0.594));
#5968=CARTESIAN_POINT('Ctrl Pts',(0.287865754505846,-0.0775141103524401,
0.6));
#5969=CARTESIAN_POINT('Ctrl Pts',(0.288641826923077,-0.075420673076923,
0.594));
#5970=CARTESIAN_POINT('Ctrl Pts',(0.288641826923077,-0.075420673076923,
0.6));
#5971=CARTESIAN_POINT('',(0.288641826923077,-0.075420673076923,0.599));
#5972=CARTESIAN_POINT('',(0.288641826923077,-0.075420673076923,0.5965));
#5973=CARTESIAN_POINT('Ctrl Pts',(0.288641826923077,-0.075420673076923,
0.599));
#5974=CARTESIAN_POINT('Ctrl Pts',(0.287865754505846,-0.0775141103524401,
0.599000000000001));
#5975=CARTESIAN_POINT('Ctrl Pts',(0.286347836281538,-0.0816086594195112,
0.599000000000001));
#5976=CARTESIAN_POINT('Ctrl Pts',(0.283683549349096,-0.0874740175262704,
0.599000000000001));
#5977=CARTESIAN_POINT('Ctrl Pts',(0.280763851832364,-0.0929222382633572,
0.599000000000001));
#5978=CARTESIAN_POINT('Ctrl Pts',(0.277553073917373,-0.0979684511925387,
0.599000000000001));
#5979=CARTESIAN_POINT('Ctrl Pts',(0.274052324644121,-0.102588390842388,
0.599000000000001));
#5980=CARTESIAN_POINT('Ctrl Pts',(0.270361291921271,-0.106870322325796,
0.599000000000001));
#5981=CARTESIAN_POINT('Ctrl Pts',(0.266339835626479,-0.110694435038331,
0.599000000000001));
#5982=CARTESIAN_POINT('Ctrl Pts',(0.260727046183498,-0.115179720419869,
0.599000000000001));
#5983=CARTESIAN_POINT('Ctrl Pts',(0.253349451302451,-0.119889506598662,
0.599000000000001));
#5984=CARTESIAN_POINT('Ctrl Pts',(0.243935428152543,-0.123872609981263,
0.599000000000001));
#5985=CARTESIAN_POINT('Ctrl Pts',(0.234238245711599,-0.126512501756197,
0.599000000000001));
#5986=CARTESIAN_POINT('Ctrl Pts',(0.227600932295767,-0.126786124282087,
0.599000000000001));
#5987=CARTESIAN_POINT('Ctrl Pts',(0.224278846153846,-0.126923076923077,
0.599));
#5988=CARTESIAN_POINT('Ctrl Pts',(0.288641826923077,-0.075420673076923,
0.594));
#5989=CARTESIAN_POINT('Ctrl Pts',(0.288641826923077,-0.075420673076923,
0.6));
#5990=CARTESIAN_POINT('Ctrl Pts',(0.289546264162543,-0.0727438382655234,
0.594));
#5991=CARTESIAN_POINT('Ctrl Pts',(0.289546264162543,-0.0727438382655234,
0.6));
#5992=CARTESIAN_POINT('Ctrl Pts',(0.291382659633896,-0.0673087156160837,
0.594));
#5993=CARTESIAN_POINT('Ctrl Pts',(0.291382659633896,-0.0673087156160837,
0.6));
#5994=CARTESIAN_POINT('Ctrl Pts',(0.293749383142817,-0.058877545437756,
0.594));
#5995=CARTESIAN_POINT('Ctrl Pts',(0.293749383142817,-0.058877545437756,
0.6));
#5996=CARTESIAN_POINT('Ctrl Pts',(0.295613274503133,-0.0500315942430758,
0.594));
#5997=CARTESIAN_POINT('Ctrl Pts',(0.295613274503133,-0.0500315942430758,
0.6));
#5998=CARTESIAN_POINT('Ctrl Pts',(0.297290134424513,-0.0408237270957807,
0.594));
#5999=CARTESIAN_POINT('Ctrl Pts',(0.297290134424513,-0.0408237270957807,
0.6));
#6000=CARTESIAN_POINT('Ctrl Pts',(0.298434682072858,-0.0311860384376965,
0.594));
#6001=CARTESIAN_POINT('Ctrl Pts',(0.298434682072858,-0.0311860384376965,
0.6));
#6002=CARTESIAN_POINT('Ctrl Pts',(0.299355923211422,-0.0211483483877753,
0.594));
#6003=CARTESIAN_POINT('Ctrl Pts',(0.299355923211422,-0.0211483483877753,
0.6));
#6004=CARTESIAN_POINT('Ctrl Pts',(0.299898553520501,-0.0107030887675941,
0.594));
#6005=CARTESIAN_POINT('Ctrl Pts',(0.299898553520501,-0.0107030887675941,
0.6));
#6006=CARTESIAN_POINT('Ctrl Pts',(0.299965817898043,-0.00360637523657267,
0.594));
#6007=CARTESIAN_POINT('Ctrl Pts',(0.299965817898043,-0.00360637523657267,
0.6));
#6008=CARTESIAN_POINT('Ctrl Pts',(0.3,2.71050543121376E-17,0.594));
#6009=CARTESIAN_POINT('Ctrl Pts',(0.3,2.71050543121376E-17,0.6));
#6010=CARTESIAN_POINT('',(0.3,2.71050543121376E-17,0.599));
#6011=CARTESIAN_POINT('',(0.3,2.71050543121376E-17,0.5965));
#6012=CARTESIAN_POINT('Ctrl Pts',(0.3,2.71050543121376E-17,0.599));
#6013=CARTESIAN_POINT('Ctrl Pts',(0.299965817898043,-0.00360637523657267,
0.599));
#6014=CARTESIAN_POINT('Ctrl Pts',(0.299898553520501,-0.0107030887675941,
0.599));
#6015=CARTESIAN_POINT('Ctrl Pts',(0.299355923211422,-0.0211483483877753,
0.599));
#6016=CARTESIAN_POINT('Ctrl Pts',(0.298434682072858,-0.0311860384376965,
0.599));
#6017=CARTESIAN_POINT('Ctrl Pts',(0.297290134424513,-0.0408237270957807,
0.599));
#6018=CARTESIAN_POINT('Ctrl Pts',(0.295613274503133,-0.0500315942430758,
0.599));
#6019=CARTESIAN_POINT('Ctrl Pts',(0.293749383142817,-0.058877545437756,
0.599));
#6020=CARTESIAN_POINT('Ctrl Pts',(0.291382659633896,-0.0673087156160837,
0.599));
#6021=CARTESIAN_POINT('Ctrl Pts',(0.289546264162543,-0.0727438382655234,
0.599));
#6022=CARTESIAN_POINT('Ctrl Pts',(0.288641826923077,-0.075420673076923,
0.599));
#6023=CARTESIAN_POINT('Ctrl Pts',(0.3,2.71050543121376E-17,0.594));
#6024=CARTESIAN_POINT('Ctrl Pts',(0.3,2.71050543121376E-17,0.6));
#6025=CARTESIAN_POINT('Ctrl Pts',(0.299952840922891,0.00360579193011796,
0.594));
#6026=CARTESIAN_POINT('Ctrl Pts',(0.299952840922891,0.00360579193011796,
0.6));
#6027=CARTESIAN_POINT('Ctrl Pts',(0.299860587686702,0.0106594917684531,
0.594));
#6028=CARTESIAN_POINT('Ctrl Pts',(0.299860587686702,0.0106594917684531,
0.6));
#6029=CARTESIAN_POINT('Ctrl Pts',(0.299507960169462,0.0209896215394926,
0.594));
#6030=CARTESIAN_POINT('Ctrl Pts',(0.299507960169462,0.0209896215394926,
0.6));
#6031=CARTESIAN_POINT('Ctrl Pts',(0.298597368070148,0.0308011439031342,
0.594));
#6032=CARTESIAN_POINT('Ctrl Pts',(0.298597368070148,0.0308011439031342,
0.6));
#6033=CARTESIAN_POINT('Ctrl Pts',(0.297586015024619,0.0401363272743611,
0.594));
#6034=CARTESIAN_POINT('Ctrl Pts',(0.297586015024619,0.0401363272743611,
0.6));
#6035=CARTESIAN_POINT('Ctrl Pts',(0.296094824645297,0.0489434960776032,
0.594));
#6036=CARTESIAN_POINT('Ctrl Pts',(0.296094824645297,0.0489434960776032,
0.6));
#6037=CARTESIAN_POINT('Ctrl Pts',(0.294487012626986,0.0572963793852874,
0.594));
#6038=CARTESIAN_POINT('Ctrl Pts',(0.294487012626986,0.0572963793852874,
0.6));
#6039=CARTESIAN_POINT('Ctrl Pts',(0.292326908716395,0.0650914957983745,
0.594));
#6040=CARTESIAN_POINT('Ctrl Pts',(0.292326908716395,0.0650914957983745,
0.6));
#6041=CARTESIAN_POINT('Ctrl Pts',(0.290019499432911,0.0724508885165121,
0.594));
#6042=CARTESIAN_POINT('Ctrl Pts',(0.290019499432911,0.0724508885165121,
0.6));
#6043=CARTESIAN_POINT('Ctrl Pts',(0.287378608387359,0.0792909446165803,
0.594));
#6044=CARTESIAN_POINT('Ctrl Pts',(0.287378608387359,0.0792909446165803,
0.6));
#6045=CARTESIAN_POINT('Ctrl Pts',(0.284471545450996,0.0856435548761766,
0.594));
#6046=CARTESIAN_POINT('Ctrl Pts',(0.284471545450996,0.0856435548761766,
0.6));
#6047=CARTESIAN_POINT('Ctrl Pts',(0.281366823270794,0.09153938842676,0.594));
#6048=CARTESIAN_POINT('Ctrl Pts',(0.281366823270794,0.09153938842676,0.6));
#6049=CARTESIAN_POINT('Ctrl Pts',(0.277994631231429,0.0969622691333181,
0.594));
#6050=CARTESIAN_POINT('Ctrl Pts',(0.277994631231429,0.0969622691333181,
0.6));
#6051=CARTESIAN_POINT('Ctrl Pts',(0.274395001254406,0.10193648709713,0.594));
#6052=CARTESIAN_POINT('Ctrl Pts',(0.274395001254406,0.10193648709713,0.6));
#6053=CARTESIAN_POINT('Ctrl Pts',(0.2704729256089,0.106362309487736,0.594));
#6054=CARTESIAN_POINT('Ctrl Pts',(0.2704729256089,0.106362309487736,0.6));
#6055=CARTESIAN_POINT('Ctrl Pts',(0.26638397936797,0.110376906754183,0.594));
#6056=CARTESIAN_POINT('Ctrl Pts',(0.26638397936797,0.110376906754183,0.6));
#6057=CARTESIAN_POINT('Ctrl Pts',(0.260656792011657,0.114959412678892,0.594));
#6058=CARTESIAN_POINT('Ctrl Pts',(0.260656792011657,0.114959412678892,0.6));
#6059=CARTESIAN_POINT('Ctrl Pts',(0.253158995743052,0.119631843720305,0.594));
#6060=CARTESIAN_POINT('Ctrl Pts',(0.253158995743052,0.119631843720305,0.6));
#6061=CARTESIAN_POINT('Ctrl Pts',(0.243829368827986,0.123931765994049,0.594));
#6062=CARTESIAN_POINT('Ctrl Pts',(0.243829368827986,0.123931765994049,0.6));
#6063=CARTESIAN_POINT('Ctrl Pts',(0.234120456463603,0.126401048218698,0.594));
#6064=CARTESIAN_POINT('Ctrl Pts',(0.234120456463603,0.126401048218698,0.6));
#6065=CARTESIAN_POINT('Ctrl Pts',(0.227557017541428,0.126749192821966,0.594));
#6066=CARTESIAN_POINT('Ctrl Pts',(0.227557017541428,0.126749192821966,0.6));
#6067=CARTESIAN_POINT('Ctrl Pts',(0.224278846153846,0.126923076923077,0.594));
#6068=CARTESIAN_POINT('Ctrl Pts',(0.224278846153846,0.126923076923077,0.6));
#6069=CARTESIAN_POINT('Ctrl Pts',(0.224278846153846,0.126923076923077,0.599));
#6070=CARTESIAN_POINT('Ctrl Pts',(0.227557017541428,0.126749192821966,0.599000000000007));
#6071=CARTESIAN_POINT('Ctrl Pts',(0.234120456463603,0.126401048218698,0.599000000000007));
#6072=CARTESIAN_POINT('Ctrl Pts',(0.243829368827986,0.123931765994049,0.599000000000007));
#6073=CARTESIAN_POINT('Ctrl Pts',(0.253158995743052,0.119631843720305,0.599000000000007));
#6074=CARTESIAN_POINT('Ctrl Pts',(0.260656792011657,0.114959412678892,0.599000000000007));
#6075=CARTESIAN_POINT('Ctrl Pts',(0.26638397936797,0.110376906754183,0.599000000000007));
#6076=CARTESIAN_POINT('Ctrl Pts',(0.2704729256089,0.106362309487736,0.599000000000007));
#6077=CARTESIAN_POINT('Ctrl Pts',(0.274395001254406,0.10193648709713,0.599000000000007));
#6078=CARTESIAN_POINT('Ctrl Pts',(0.277994631231429,0.0969622691333181,
0.599000000000007));
#6079=CARTESIAN_POINT('Ctrl Pts',(0.281366823270794,0.09153938842676,0.599000000000007));
#6080=CARTESIAN_POINT('Ctrl Pts',(0.284471545450996,0.0856435548761766,
0.599000000000007));
#6081=CARTESIAN_POINT('Ctrl Pts',(0.287378608387359,0.0792909446165803,
0.599000000000007));
#6082=CARTESIAN_POINT('Ctrl Pts',(0.290019499432911,0.0724508885165121,
0.599000000000007));
#6083=CARTESIAN_POINT('Ctrl Pts',(0.292326908716395,0.0650914957983745,
0.599000000000007));
#6084=CARTESIAN_POINT('Ctrl Pts',(0.294487012626986,0.0572963793852874,
0.599000000000007));
#6085=CARTESIAN_POINT('Ctrl Pts',(0.296094824645297,0.0489434960776032,
0.599000000000007));
#6086=CARTESIAN_POINT('Ctrl Pts',(0.297586015024619,0.0401363272743611,
0.599000000000007));
#6087=CARTESIAN_POINT('Ctrl Pts',(0.298597368070148,0.0308011439031342,
0.599000000000007));
#6088=CARTESIAN_POINT('Ctrl Pts',(0.299507960169462,0.0209896215394926,
0.599000000000007));
#6089=CARTESIAN_POINT('Ctrl Pts',(0.299860587686702,0.0106594917684531,
0.599000000000007));
#6090=CARTESIAN_POINT('Ctrl Pts',(0.299952840922891,0.00360579193011796,
0.599000000000007));
#6091=CARTESIAN_POINT('Ctrl Pts',(0.3,2.71050543121376E-17,0.599));
#6092=CARTESIAN_POINT('Origin',(1.,-0.6,0.509));
#6093=CARTESIAN_POINT('',(-1.,-0.49,0.509));
#6094=CARTESIAN_POINT('',(-0.89,-0.6,0.509));
#6095=CARTESIAN_POINT('Origin',(-1.,-0.6,0.509));
#6096=CARTESIAN_POINT('',(0.89,-0.6,0.509));
#6097=CARTESIAN_POINT('',(1.,-0.6,0.509));
#6098=CARTESIAN_POINT('',(1.,-0.49,0.509));
#6099=CARTESIAN_POINT('Origin',(1.,-0.6,0.509));
#6100=CARTESIAN_POINT('',(1.,0.49,0.509));
#6101=CARTESIAN_POINT('',(1.,-0.6,0.509));
#6102=CARTESIAN_POINT('',(0.89,0.6,0.509));
#6103=CARTESIAN_POINT('Origin',(1.,0.6,0.509));
#6104=CARTESIAN_POINT('',(-0.89,0.6,0.509));
#6105=CARTESIAN_POINT('',(1.,0.6,0.509));
#6106=CARTESIAN_POINT('',(-1.,0.49,0.509));
#6107=CARTESIAN_POINT('Origin',(-1.,0.6,0.509));
#6108=CARTESIAN_POINT('',(-1.,-0.6,0.509));
#6109=CARTESIAN_POINT('Ctrl Pts',(0.526923076923077,-0.0674278846153846,
0.594));
#6110=CARTESIAN_POINT('Ctrl Pts',(0.526923076923077,-0.0674278846153846,
0.6));
#6111=CARTESIAN_POINT('Ctrl Pts',(0.526875908952077,-0.065379780251048,
0.594));
#6112=CARTESIAN_POINT('Ctrl Pts',(0.526875908952077,-0.065379780251048,
0.6));
#6113=CARTESIAN_POINT('Ctrl Pts',(0.526783333564862,-0.0613600174635147,
0.594));
#6114=CARTESIAN_POINT('Ctrl Pts',(0.526783333564862,-0.0613600174635147,
0.6));
#6115=CARTESIAN_POINT('Ctrl Pts',(0.525736252257866,-0.0554725073289975,
0.594));
#6116=CARTESIAN_POINT('Ctrl Pts',(0.525736252257866,-0.0554725073289975,
0.6));
#6117=CARTESIAN_POINT('Ctrl Pts',(0.524284048784135,-0.0497874896528574,
0.594));
#6118=CARTESIAN_POINT('Ctrl Pts',(0.524284048784135,-0.0497874896528574,
0.6));
#6119=CARTESIAN_POINT('Ctrl Pts',(0.522091217580445,-0.0443406940214333,
0.594));
#6120=CARTESIAN_POINT('Ctrl Pts',(0.522091217580445,-0.0443406940214333,
0.6));
#6121=CARTESIAN_POINT('Ctrl Pts',(0.519242370888409,-0.0391536145436649,
0.594));
#6122=CARTESIAN_POINT('Ctrl Pts',(0.519242370888409,-0.0391536145436649,
0.6));
#6123=CARTESIAN_POINT('Ctrl Pts',(0.515772364571489,-0.0342000487508227,
0.594));
#6124=CARTESIAN_POINT('Ctrl Pts',(0.515772364571489,-0.0342000487508227,
0.6));
#6125=CARTESIAN_POINT('Ctrl Pts',(0.511758144259165,-0.0294420189819635,
0.594));
#6126=CARTESIAN_POINT('Ctrl Pts',(0.511758144259165,-0.0294420189819635,
0.6));
#6127=CARTESIAN_POINT('Ctrl Pts',(0.507121212294032,-0.0250223496926698,
0.594));
#6128=CARTESIAN_POINT('Ctrl Pts',(0.507121212294032,-0.0250223496926698,
0.6));
#6129=CARTESIAN_POINT('Ctrl Pts',(0.502073477955373,-0.0209811715837693,
0.594));
#6130=CARTESIAN_POINT('Ctrl Pts',(0.502073477955373,-0.0209811715837693,
0.6));
#6131=CARTESIAN_POINT('Ctrl Pts',(0.496706427780553,-0.0174137810353661,
0.594));
#6132=CARTESIAN_POINT('Ctrl Pts',(0.496706427780553,-0.0174137810353661,
0.6));
#6133=CARTESIAN_POINT('Ctrl Pts',(0.4910914586064,-0.014403068749338,0.594));
#6134=CARTESIAN_POINT('Ctrl Pts',(0.4910914586064,-0.014403068749338,0.6));
#6135=CARTESIAN_POINT('Ctrl Pts',(0.485234263539837,-0.0118910314121941,
0.594));
#6136=CARTESIAN_POINT('Ctrl Pts',(0.485234263539837,-0.0118910314121941,
0.6));
#6137=CARTESIAN_POINT('Ctrl Pts',(0.479067730741282,-0.0100782193437728,
0.594));
#6138=CARTESIAN_POINT('Ctrl Pts',(0.479067730741282,-0.0100782193437728,
0.6));
#6139=CARTESIAN_POINT('Ctrl Pts',(0.472691415953923,-0.00865079850934525,
0.594));
#6140=CARTESIAN_POINT('Ctrl Pts',(0.472691415953923,-0.00865079850934525,
0.6));
#6141=CARTESIAN_POINT('Ctrl Pts',(0.466023766584428,-0.00789119698998852,
0.594));
#6142=CARTESIAN_POINT('Ctrl Pts',(0.466023766584428,-0.00789119698998852,
0.6));
#6143=CARTESIAN_POINT('Ctrl Pts',(0.461500057300232,-0.00775944854801665,
0.594));
#6144=CARTESIAN_POINT('Ctrl Pts',(0.461500057300232,-0.00775944854801665,
0.6));
#6145=CARTESIAN_POINT('Ctrl Pts',(0.459194711538462,-0.00769230769230765,
0.594));
#6146=CARTESIAN_POINT('Ctrl Pts',(0.459194711538462,-0.00769230769230765,
0.6));
#6147=CARTESIAN_POINT('',(0.459194711538462,-0.00769230769230765,0.599));
#6148=CARTESIAN_POINT('',(0.459194711538462,-0.00769230769230765,0.5965));
#6149=CARTESIAN_POINT('',(0.526923076923077,-0.0674278846153846,0.599));
#6150=CARTESIAN_POINT('Ctrl Pts',(0.459194711538462,-0.00769230769230765,
0.599));
#6151=CARTESIAN_POINT('Ctrl Pts',(0.461500057300232,-0.00775944854801665,
0.599000000000001));
#6152=CARTESIAN_POINT('Ctrl Pts',(0.466023766584428,-0.00789119698998852,
0.599));
#6153=CARTESIAN_POINT('Ctrl Pts',(0.472691415953923,-0.00865079850934525,
0.599000000000001));
#6154=CARTESIAN_POINT('Ctrl Pts',(0.479067730741282,-0.0100782193437728,
0.599));
#6155=CARTESIAN_POINT('Ctrl Pts',(0.485234263539837,-0.0118910314121941,
0.599));
#6156=CARTESIAN_POINT('Ctrl Pts',(0.4910914586064,-0.014403068749338,0.599));
#6157=CARTESIAN_POINT('Ctrl Pts',(0.496706427780553,-0.0174137810353661,
0.599));
#6158=CARTESIAN_POINT('Ctrl Pts',(0.502073477955373,-0.0209811715837693,
0.599));
#6159=CARTESIAN_POINT('Ctrl Pts',(0.507121212294032,-0.0250223496926698,
0.599000000000001));
#6160=CARTESIAN_POINT('Ctrl Pts',(0.511758144259165,-0.0294420189819635,
0.599));
#6161=CARTESIAN_POINT('Ctrl Pts',(0.515772364571489,-0.0342000487508227,
0.599));
#6162=CARTESIAN_POINT('Ctrl Pts',(0.519242370888409,-0.0391536145436649,
0.599000000000001));
#6163=CARTESIAN_POINT('Ctrl Pts',(0.522091217580445,-0.0443406940214333,
0.599000000000001));
#6164=CARTESIAN_POINT('Ctrl Pts',(0.524284048784135,-0.0497874896528574,
0.599));
#6165=CARTESIAN_POINT('Ctrl Pts',(0.525736252257866,-0.0554725073289975,
0.599000000000001));
#6166=CARTESIAN_POINT('Ctrl Pts',(0.526783333564862,-0.0613600174635147,
0.599));
#6167=CARTESIAN_POINT('Ctrl Pts',(0.526875908952077,-0.065379780251048,
0.599));
#6168=CARTESIAN_POINT('Ctrl Pts',(0.526923076923077,-0.0674278846153846,
0.599));
#6169=CARTESIAN_POINT('',(0.526923076923077,-0.0674278846153846,0.5965));
#6170=CARTESIAN_POINT('Ctrl Pts',(0.459194711538462,-0.00769230769230765,
0.594));
#6171=CARTESIAN_POINT('Ctrl Pts',(0.459194711538462,-0.00769230769230765,
0.6));
#6172=CARTESIAN_POINT('Ctrl Pts',(0.456909376267163,-0.00775899715081547,
0.594));
#6173=CARTESIAN_POINT('Ctrl Pts',(0.456909376267163,-0.00775899715081547,
0.6));
#6174=CARTESIAN_POINT('Ctrl Pts',(0.452445452603872,-0.00788926103623478,
0.594));
#6175=CARTESIAN_POINT('Ctrl Pts',(0.452445452603872,-0.00788926103623478,
0.6));
#6176=CARTESIAN_POINT('Ctrl Pts',(0.44589624562777,-0.00864571120123287,
0.594));
#6177=CARTESIAN_POINT('Ctrl Pts',(0.44589624562777,-0.00864571120123287,
0.6));
#6178=CARTESIAN_POINT('Ctrl Pts',(0.439697966932249,-0.010070202536729,
0.594));
#6179=CARTESIAN_POINT('Ctrl Pts',(0.439697966932249,-0.010070202536729,
0.6));
#6180=CARTESIAN_POINT('Ctrl Pts',(0.433768498333622,-0.0118844595620921,
0.594));
#6181=CARTESIAN_POINT('Ctrl Pts',(0.433768498333622,-0.0118844595620921,
0.6));
#6182=CARTESIAN_POINT('Ctrl Pts',(0.428218695227381,-0.0143790075377188,
0.594));
#6183=CARTESIAN_POINT('Ctrl Pts',(0.428218695227381,-0.0143790075377188,
0.6));
#6184=CARTESIAN_POINT('Ctrl Pts',(0.423008223240385,-0.0174091617338737,
0.594));
#6185=CARTESIAN_POINT('Ctrl Pts',(0.423008223240385,-0.0174091617338737,
0.6));
#6186=CARTESIAN_POINT('Ctrl Pts',(0.418116933078566,-0.0209766912893068,
0.594));
#6187=CARTESIAN_POINT('Ctrl Pts',(0.418116933078566,-0.0209766912893068,
0.6));
#6188=CARTESIAN_POINT('Ctrl Pts',(0.413596057216068,-0.0250310550981826,
0.594));
#6189=CARTESIAN_POINT('Ctrl Pts',(0.413596057216068,-0.0250310550981826,
0.6));
#6190=CARTESIAN_POINT('Ctrl Pts',(0.40949722892889,-0.0294700293542243,
0.594));
#6191=CARTESIAN_POINT('Ctrl Pts',(0.40949722892889,-0.0294700293542243,
0.6));
#6192=CARTESIAN_POINT('Ctrl Pts',(0.405967417720134,-0.0342245598264521,
0.594));
#6193=CARTESIAN_POINT('Ctrl Pts',(0.405967417720134,-0.0342245598264521,
0.6));
#6194=CARTESIAN_POINT('Ctrl Pts',(0.402922640569315,-0.0391800629498098,
0.594));
#6195=CARTESIAN_POINT('Ctrl Pts',(0.402922640569315,-0.0391800629498098,
0.6));
#6196=CARTESIAN_POINT('Ctrl Pts',(0.400447056093655,-0.0443779437095414,
0.594));
#6197=CARTESIAN_POINT('Ctrl Pts',(0.400447056093655,-0.0443779437095414,
0.6));
#6198=CARTESIAN_POINT('Ctrl Pts',(0.398519335313734,-0.0498162151029271,
0.594));
#6199=CARTESIAN_POINT('Ctrl Pts',(0.398519335313734,-0.0498162151029271,
0.6));
#6200=CARTESIAN_POINT('Ctrl Pts',(0.397124913810595,-0.0554698650499394,
0.594));
#6201=CARTESIAN_POINT('Ctrl Pts',(0.397124913810595,-0.0554698650499394,
0.6));
#6202=CARTESIAN_POINT('Ctrl Pts',(0.396348877991647,-0.0613768055750441,
0.594));
#6203=CARTESIAN_POINT('Ctrl Pts',(0.396348877991647,-0.0613768055750441,
0.6));
#6204=CARTESIAN_POINT('Ctrl Pts',(0.396219772434039,-0.0653824486661431,
0.594));
#6205=CARTESIAN_POINT('Ctrl Pts',(0.396219772434039,-0.0653824486661431,
0.6));
#6206=CARTESIAN_POINT('Ctrl Pts',(0.396153846153846,-0.0674278846153846,
0.594));
#6207=CARTESIAN_POINT('Ctrl Pts',(0.396153846153846,-0.0674278846153846,
0.6));
#6208=CARTESIAN_POINT('',(0.396153846153846,-0.0674278846153846,0.599));
#6209=CARTESIAN_POINT('',(0.396153846153846,-0.0674278846153846,0.5965));
#6210=CARTESIAN_POINT('Ctrl Pts',(0.396153846153846,-0.0674278846153846,
0.599));
#6211=CARTESIAN_POINT('Ctrl Pts',(0.396219772434039,-0.0653824486661431,
0.599000000000002));
#6212=CARTESIAN_POINT('Ctrl Pts',(0.396348877991647,-0.0613768055750441,
0.599000000000002));
#6213=CARTESIAN_POINT('Ctrl Pts',(0.397124913810595,-0.0554698650499394,
0.599000000000002));
#6214=CARTESIAN_POINT('Ctrl Pts',(0.398519335313734,-0.0498162151029271,
0.599000000000002));
#6215=CARTESIAN_POINT('Ctrl Pts',(0.400447056093655,-0.0443779437095414,
0.599000000000002));
#6216=CARTESIAN_POINT('Ctrl Pts',(0.402922640569315,-0.0391800629498098,
0.599000000000002));
#6217=CARTESIAN_POINT('Ctrl Pts',(0.405967417720134,-0.0342245598264521,
0.599000000000002));
#6218=CARTESIAN_POINT('Ctrl Pts',(0.40949722892889,-0.0294700293542243,
0.599000000000002));
#6219=CARTESIAN_POINT('Ctrl Pts',(0.413596057216068,-0.0250310550981826,
0.599000000000002));
#6220=CARTESIAN_POINT('Ctrl Pts',(0.418116933078566,-0.0209766912893068,
0.599000000000002));
#6221=CARTESIAN_POINT('Ctrl Pts',(0.423008223240385,-0.0174091617338737,
0.599000000000002));
#6222=CARTESIAN_POINT('Ctrl Pts',(0.428218695227381,-0.0143790075377188,
0.599000000000002));
#6223=CARTESIAN_POINT('Ctrl Pts',(0.433768498333622,-0.0118844595620921,
0.599000000000002));
#6224=CARTESIAN_POINT('Ctrl Pts',(0.439697966932249,-0.010070202536729,
0.599000000000002));
#6225=CARTESIAN_POINT('Ctrl Pts',(0.44589624562777,-0.00864571120123287,
0.599000000000002));
#6226=CARTESIAN_POINT('Ctrl Pts',(0.452445452603872,-0.00788926103623478,
0.599000000000002));
#6227=CARTESIAN_POINT('Ctrl Pts',(0.456909376267163,-0.00775899715081547,
0.599000000000002));
#6228=CARTESIAN_POINT('Ctrl Pts',(0.459194711538462,-0.00769230769230765,
0.599));
#6229=CARTESIAN_POINT('Ctrl Pts',(0.396153846153846,-0.0674278846153846,
0.594));
#6230=CARTESIAN_POINT('Ctrl Pts',(0.396153846153846,-0.0674278846153846,
0.6));
#6231=CARTESIAN_POINT('Ctrl Pts',(0.396207534280736,-0.0694550257482135,
0.594));
#6232=CARTESIAN_POINT('Ctrl Pts',(0.396207534280736,-0.0694550257482135,
0.6));
#6233=CARTESIAN_POINT('Ctrl Pts',(0.396312808704943,-0.0734299477264805,
0.594));
#6234=CARTESIAN_POINT('Ctrl Pts',(0.396312808704943,-0.0734299477264805,
0.6));
#6235=CARTESIAN_POINT('Ctrl Pts',(0.397268721836537,-0.0792875916895711,
0.594));
#6236=CARTESIAN_POINT('Ctrl Pts',(0.397268721836537,-0.0792875916895711,
0.6));
#6237=CARTESIAN_POINT('Ctrl Pts',(0.398728871749995,-0.0849245838383613,
0.594));
#6238=CARTESIAN_POINT('Ctrl Pts',(0.398728871749995,-0.0849245838383613,
0.6));
#6239=CARTESIAN_POINT('Ctrl Pts',(0.400900905680924,-0.0903118637341349,
0.594));
#6240=CARTESIAN_POINT('Ctrl Pts',(0.400900905680924,-0.0903118637341349,
0.6));
#6241=CARTESIAN_POINT('Ctrl Pts',(0.403491781809342,-0.0955315481369091,
0.594));
#6242=CARTESIAN_POINT('Ctrl Pts',(0.403491781809342,-0.0955315481369091,
0.6));
#6243=CARTESIAN_POINT('Ctrl Pts',(0.406912238168403,-0.100394572605922,
0.594));
#6244=CARTESIAN_POINT('Ctrl Pts',(0.406912238168403,-0.100394572605922,
0.6));
#6245=CARTESIAN_POINT('Ctrl Pts',(0.410702248382566,-0.10519629289963,0.594));
#6246=CARTESIAN_POINT('Ctrl Pts',(0.410702248382566,-0.10519629289963,0.6));
#6247=CARTESIAN_POINT('Ctrl Pts',(0.415232585535236,-0.109567847593352,
0.594));
#6248=CARTESIAN_POINT('Ctrl Pts',(0.415232585535236,-0.109567847593352,
0.6));
#6249=CARTESIAN_POINT('Ctrl Pts',(0.420094588076264,-0.113635558236993,
0.594));
#6250=CARTESIAN_POINT('Ctrl Pts',(0.420094588076264,-0.113635558236993,
0.6));
#6251=CARTESIAN_POINT('Ctrl Pts',(0.425288976862482,-0.117191008538513,
0.594));
#6252=CARTESIAN_POINT('Ctrl Pts',(0.425288976862482,-0.117191008538513,
0.6));
#6253=CARTESIAN_POINT('Ctrl Pts',(0.43070268770737,-0.120232680544073,0.594));
#6254=CARTESIAN_POINT('Ctrl Pts',(0.43070268770737,-0.120232680544073,0.6));
#6255=CARTESIAN_POINT('Ctrl Pts',(0.436408809599524,-0.122616488911284,
0.594));
#6256=CARTESIAN_POINT('Ctrl Pts',(0.436408809599524,-0.122616488911284,
0.6));
#6257=CARTESIAN_POINT('Ctrl Pts',(0.442326385368183,-0.124572856355325,
0.594));
#6258=CARTESIAN_POINT('Ctrl Pts',(0.442326385368183,-0.124572856355325,
0.6));
#6259=CARTESIAN_POINT('Ctrl Pts',(0.448504718572127,-0.125949554577451,
0.594));
#6260=CARTESIAN_POINT('Ctrl Pts',(0.448504718572127,-0.125949554577451,
0.6));
#6261=CARTESIAN_POINT('Ctrl Pts',(0.454948106189067,-0.126727885377095,
0.594));
#6262=CARTESIAN_POINT('Ctrl Pts',(0.454948106189067,-0.126727885377095,
0.6));
#6263=CARTESIAN_POINT('Ctrl Pts',(0.459312843733785,-0.126857159114851,
0.594));
#6264=CARTESIAN_POINT('Ctrl Pts',(0.459312843733785,-0.126857159114851,
0.6));
#6265=CARTESIAN_POINT('Ctrl Pts',(0.461538461538462,-0.126923076923077,
0.594));
#6266=CARTESIAN_POINT('Ctrl Pts',(0.461538461538462,-0.126923076923077,
0.6));
#6267=CARTESIAN_POINT('',(0.461538461538462,-0.126923076923077,0.599));
#6268=CARTESIAN_POINT('',(0.461538461538462,-0.126923076923077,0.5965));
#6269=CARTESIAN_POINT('Ctrl Pts',(0.461538461538462,-0.126923076923077,
0.599));
#6270=CARTESIAN_POINT('Ctrl Pts',(0.459312843733785,-0.126857159114851,
0.599000000000001));
#6271=CARTESIAN_POINT('Ctrl Pts',(0.454948106189067,-0.126727885377095,
0.599000000000001));
#6272=CARTESIAN_POINT('Ctrl Pts',(0.448504718572127,-0.125949554577451,
0.599000000000001));
#6273=CARTESIAN_POINT('Ctrl Pts',(0.442326385368183,-0.124572856355325,
0.599000000000001));
#6274=CARTESIAN_POINT('Ctrl Pts',(0.436408809599524,-0.122616488911284,
0.599000000000001));
#6275=CARTESIAN_POINT('Ctrl Pts',(0.43070268770737,-0.120232680544073,0.599000000000001));
#6276=CARTESIAN_POINT('Ctrl Pts',(0.425288976862482,-0.117191008538513,
0.599000000000001));
#6277=CARTESIAN_POINT('Ctrl Pts',(0.420094588076264,-0.113635558236993,
0.599000000000001));
#6278=CARTESIAN_POINT('Ctrl Pts',(0.415232585535236,-0.109567847593352,
0.599000000000001));
#6279=CARTESIAN_POINT('Ctrl Pts',(0.410702248382566,-0.10519629289963,0.599000000000001));
#6280=CARTESIAN_POINT('Ctrl Pts',(0.406912238168403,-0.100394572605922,
0.599000000000001));
#6281=CARTESIAN_POINT('Ctrl Pts',(0.403491781809342,-0.0955315481369091,
0.599000000000001));
#6282=CARTESIAN_POINT('Ctrl Pts',(0.400900905680924,-0.0903118637341349,
0.599000000000001));
#6283=CARTESIAN_POINT('Ctrl Pts',(0.398728871749995,-0.0849245838383613,
0.599000000000001));
#6284=CARTESIAN_POINT('Ctrl Pts',(0.397268721836537,-0.0792875916895711,
0.599000000000001));
#6285=CARTESIAN_POINT('Ctrl Pts',(0.396312808704943,-0.0734299477264805,
0.599000000000001));
#6286=CARTESIAN_POINT('Ctrl Pts',(0.396207534280736,-0.0694550257482135,
0.599000000000001));
#6287=CARTESIAN_POINT('Ctrl Pts',(0.396153846153846,-0.0674278846153846,
0.599));
#6288=CARTESIAN_POINT('Ctrl Pts',(0.461538461538462,-0.126923076923077,
0.594));
#6289=CARTESIAN_POINT('Ctrl Pts',(0.461538461538462,-0.126923076923077,
0.6));
#6290=CARTESIAN_POINT('Ctrl Pts',(0.463764075696987,-0.126857153946466,
0.594));
#6291=CARTESIAN_POINT('Ctrl Pts',(0.463764075696987,-0.126857153946466,
0.6));
#6292=CARTESIAN_POINT('Ctrl Pts',(0.468128806091108,-0.126727870072807,
0.594));
#6293=CARTESIAN_POINT('Ctrl Pts',(0.468128806091108,-0.126727870072807,
0.6));
#6294=CARTESIAN_POINT('Ctrl Pts',(0.474572245539432,-0.125949612743657,
0.594));
#6295=CARTESIAN_POINT('Ctrl Pts',(0.474572245539432,-0.125949612743657,
0.6));
#6296=CARTESIAN_POINT('Ctrl Pts',(0.480750387136703,-0.124572642920892,
0.594));
#6297=CARTESIAN_POINT('Ctrl Pts',(0.480750387136703,-0.124572642920892,
0.6));
#6298=CARTESIAN_POINT('Ctrl Pts',(0.486668659301975,-0.122617262612433,
0.594));
#6299=CARTESIAN_POINT('Ctrl Pts',(0.486668659301975,-0.122617262612433,
0.600000000000001));
#6300=CARTESIAN_POINT('Ctrl Pts',(0.492372210536193,-0.12022981036202,0.594));
#6301=CARTESIAN_POINT('Ctrl Pts',(0.492372210536193,-0.12022981036202,0.6));
#6302=CARTESIAN_POINT('Ctrl Pts',(0.497781186665641,-0.117209931527227,
0.594));
#6303=CARTESIAN_POINT('Ctrl Pts',(0.497781186665641,-0.117209931527227,
0.600000000000001));
#6304=CARTESIAN_POINT('Ctrl Pts',(0.502926451826668,-0.113613692862824,
0.594));
#6305=CARTESIAN_POINT('Ctrl Pts',(0.502926451826668,-0.113613692862824,
0.6));
#6306=CARTESIAN_POINT('Ctrl Pts',(0.507791646073577,-0.109574799014942,
0.594));
#6307=CARTESIAN_POINT('Ctrl Pts',(0.507791646073577,-0.109574799014942,
0.6));
#6308=CARTESIAN_POINT('Ctrl Pts',(0.512303126502645,-0.105171411704739,
0.594));
#6309=CARTESIAN_POINT('Ctrl Pts',(0.512303126502645,-0.105171411704739,
0.600000000000001));
#6310=CARTESIAN_POINT('Ctrl Pts',(0.516184036120252,-0.100437435496724,
0.594));
#6311=CARTESIAN_POINT('Ctrl Pts',(0.516184036120252,-0.100437435496724,
0.6));
#6312=CARTESIAN_POINT('Ctrl Pts',(0.519499741826634,-0.0954922444686772,
0.594));
#6313=CARTESIAN_POINT('Ctrl Pts',(0.519499741826634,-0.0954922444686772,
0.6));
#6314=CARTESIAN_POINT('Ctrl Pts',(0.522194100718166,-0.0903324253359967,
0.594));
#6315=CARTESIAN_POINT('Ctrl Pts',(0.522194100718166,-0.0903324253359967,
0.6));
#6316=CARTESIAN_POINT('Ctrl Pts',(0.524342211402525,-0.0849213263958168,
0.594));
#6317=CARTESIAN_POINT('Ctrl Pts',(0.524342211402525,-0.0849213263958168,
0.600000000000001));
#6318=CARTESIAN_POINT('Ctrl Pts',(0.525809765733176,-0.0792884643456234,
0.594));
#6319=CARTESIAN_POINT('Ctrl Pts',(0.525809765733176,-0.0792884643456234,
0.600000000000001));
#6320=CARTESIAN_POINT('Ctrl Pts',(0.526763704783817,-0.073429719262922,
0.594));
#6321=CARTESIAN_POINT('Ctrl Pts',(0.526763704783817,-0.073429719262922,
0.6));
#6322=CARTESIAN_POINT('Ctrl Pts',(0.526869250461585,-0.0694549485867662,
0.594));
#6323=CARTESIAN_POINT('Ctrl Pts',(0.526869250461585,-0.0694549485867662,
0.600000000000001));
#6324=CARTESIAN_POINT('Ctrl Pts',(0.526923076923077,-0.0674278846153846,
0.594));
#6325=CARTESIAN_POINT('Ctrl Pts',(0.526923076923077,-0.0674278846153846,
0.6));
#6326=CARTESIAN_POINT('Ctrl Pts',(0.526923076923077,-0.0674278846153846,
0.599));
#6327=CARTESIAN_POINT('Ctrl Pts',(0.526869250461585,-0.0694549485867662,
0.598999999999998));
#6328=CARTESIAN_POINT('Ctrl Pts',(0.526763704783817,-0.073429719262922,
0.598999999999998));
#6329=CARTESIAN_POINT('Ctrl Pts',(0.525809765733176,-0.0792884643456234,
0.598999999999998));
#6330=CARTESIAN_POINT('Ctrl Pts',(0.524342211402525,-0.0849213263958168,
0.598999999999998));
#6331=CARTESIAN_POINT('Ctrl Pts',(0.522194100718166,-0.0903324253359967,
0.598999999999998));
#6332=CARTESIAN_POINT('Ctrl Pts',(0.519499741826634,-0.0954922444686772,
0.598999999999998));
#6333=CARTESIAN_POINT('Ctrl Pts',(0.516184036120252,-0.100437435496724,
0.598999999999998));
#6334=CARTESIAN_POINT('Ctrl Pts',(0.512303126502645,-0.105171411704739,
0.598999999999998));
#6335=CARTESIAN_POINT('Ctrl Pts',(0.507791646073577,-0.109574799014942,
0.598999999999998));
#6336=CARTESIAN_POINT('Ctrl Pts',(0.502926451826668,-0.113613692862824,
0.598999999999998));
#6337=CARTESIAN_POINT('Ctrl Pts',(0.497781186665641,-0.117209931527227,
0.598999999999998));
#6338=CARTESIAN_POINT('Ctrl Pts',(0.492372210536193,-0.12022981036202,0.598999999999998));
#6339=CARTESIAN_POINT('Ctrl Pts',(0.486668659301975,-0.122617262612433,
0.598999999999998));
#6340=CARTESIAN_POINT('Ctrl Pts',(0.480750387136703,-0.124572642920892,
0.598999999999998));
#6341=CARTESIAN_POINT('Ctrl Pts',(0.474572245539432,-0.125949612743657,
0.598999999999998));
#6342=CARTESIAN_POINT('Ctrl Pts',(0.468128806091108,-0.126727870072807,
0.598999999999998));
#6343=CARTESIAN_POINT('Ctrl Pts',(0.463764075696987,-0.126857153946466,
0.598999999999998));
#6344=CARTESIAN_POINT('Ctrl Pts',(0.461538461538462,-0.126923076923077,
0.599));
#6345=CARTESIAN_POINT('Origin',(-0.232692307692308,0.119230769230769,0.594));
#6346=CARTESIAN_POINT('',(-0.269230769230769,0.119230769230769,0.598999999999997));
#6347=CARTESIAN_POINT('',(-0.269230769230769,0.119230769230769,0.594));
#6348=CARTESIAN_POINT('',(-0.232692307692308,0.119230769230769,0.598999999999998));
#6349=CARTESIAN_POINT('',(-0.232692307692308,0.119230769230769,0.598999999999996));
#6350=CARTESIAN_POINT('',(-0.232692307692308,0.119230769230769,0.594));
#6351=CARTESIAN_POINT('Origin',(-0.269230769230769,0.119230769230769,0.594));
#6352=CARTESIAN_POINT('',(-0.269230769230769,0.0230769230769231,0.599));
#6353=CARTESIAN_POINT('',(-0.269230769230769,0.0230769230769231,0.594));
#6354=CARTESIAN_POINT('',(-0.269230769230769,0.119230769230769,0.599));
#6355=CARTESIAN_POINT('Origin',(-0.269230769230769,0.0230769230769231,0.594));
#6356=CARTESIAN_POINT('',(-0.251141826923077,0.0230769230769231,0.599));
#6357=CARTESIAN_POINT('',(-0.251141826923077,0.0230769230769231,0.594));
#6358=CARTESIAN_POINT('',(-0.269230769230769,0.0230769230769231,0.599));
#6359=CARTESIAN_POINT('Ctrl Pts',(-0.251141826923077,0.0230769230769231,
0.594));
#6360=CARTESIAN_POINT('Ctrl Pts',(-0.251141826923077,0.0230769230769231,
0.6));
#6361=CARTESIAN_POINT('Ctrl Pts',(-0.248497644463096,0.0231112021917655,
0.594));
#6362=CARTESIAN_POINT('Ctrl Pts',(-0.248497644463096,0.0231112021917655,
0.6));
#6363=CARTESIAN_POINT('Ctrl Pts',(-0.2433885450986,0.0231774364273024,0.594));
#6364=CARTESIAN_POINT('Ctrl Pts',(-0.2433885450986,0.0231774364273024,0.6));
#6365=CARTESIAN_POINT('Ctrl Pts',(-0.235989696822132,0.0233671664611846,
0.594));
#6366=CARTESIAN_POINT('Ctrl Pts',(-0.235989696822132,0.0233671664611846,
0.6));
#6367=CARTESIAN_POINT('Ctrl Pts',(-0.229121838119606,0.0238984273254989,
0.594));
#6368=CARTESIAN_POINT('Ctrl Pts',(-0.229121838119606,0.0238984273254989,
0.6));
#6369=CARTESIAN_POINT('Ctrl Pts',(-0.222796823856121,0.0244295355016095,
0.594));
#6370=CARTESIAN_POINT('Ctrl Pts',(-0.222796823856121,0.0244295355016095,
0.6));
#6371=CARTESIAN_POINT('Ctrl Pts',(-0.217024614373268,0.0252930715870784,
0.594));
#6372=CARTESIAN_POINT('Ctrl Pts',(-0.217024614373268,0.0252930715870784,
0.6));
#6373=CARTESIAN_POINT('Ctrl Pts',(-0.211817997673085,0.0263209678367087,
0.594));
#6374=CARTESIAN_POINT('Ctrl Pts',(-0.211817997673085,0.0263209678367087,
0.6));
#6375=CARTESIAN_POINT('Ctrl Pts',(-0.207095260792641,0.0274080739878327,
0.594));
#6376=CARTESIAN_POINT('Ctrl Pts',(-0.207095260792641,0.0274080739878327,
0.6));
#6377=CARTESIAN_POINT('Ctrl Pts',(-0.201649014032376,0.0292568871507221,
0.594));
#6378=CARTESIAN_POINT('Ctrl Pts',(-0.201649014032376,0.0292568871507221,
0.6));
#6379=CARTESIAN_POINT('Ctrl Pts',(-0.195471332735966,0.0319892593093419,
0.594));
#6380=CARTESIAN_POINT('Ctrl Pts',(-0.195471332735966,0.0319892593093419,
0.6));
#6381=CARTESIAN_POINT('Ctrl Pts',(-0.188885638094159,0.0362297024053412,
0.594));
#6382=CARTESIAN_POINT('Ctrl Pts',(-0.188885638094159,0.0362297024053412,
0.6));
#6383=CARTESIAN_POINT('Ctrl Pts',(-0.183079826415114,0.0412803612509782,
0.594));
#6384=CARTESIAN_POINT('Ctrl Pts',(-0.183079826415114,0.0412803612509782,
0.6));
#6385=CARTESIAN_POINT('Ctrl Pts',(-0.17817721032489,0.0471081579728374,
0.594));
#6386=CARTESIAN_POINT('Ctrl Pts',(-0.17817721032489,0.0471081579728374,
0.6));
#6387=CARTESIAN_POINT('Ctrl Pts',(-0.174164798565296,0.0535252596178176,
0.594));
#6388=CARTESIAN_POINT('Ctrl Pts',(-0.174164798565296,0.0535252596178176,
0.6));
#6389=CARTESIAN_POINT('Ctrl Pts',(-0.17137790869493,0.0604292779407963,
0.594));
#6390=CARTESIAN_POINT('Ctrl Pts',(-0.17137790869493,0.0604292779407963,
0.6));
#6391=CARTESIAN_POINT('Ctrl Pts',(-0.169488141479282,0.0676481464009873,
0.594));
#6392=CARTESIAN_POINT('Ctrl Pts',(-0.169488141479282,0.0676481464009873,
0.6));
#6393=CARTESIAN_POINT('Ctrl Pts',(-0.169317438791522,0.0726039966401124,
0.594));
#6394=CARTESIAN_POINT('Ctrl Pts',(-0.169317438791522,0.0726039966401124,
0.6));
#6395=CARTESIAN_POINT('Ctrl Pts',(-0.169230769230769,0.0751201923076923,
0.594));
#6396=CARTESIAN_POINT('Ctrl Pts',(-0.169230769230769,0.0751201923076923,
0.6));
#6397=CARTESIAN_POINT('',(-0.169230769230769,0.0751201923076923,0.599));
#6398=CARTESIAN_POINT('',(-0.169230769230769,0.0751201923076923,0.5965));
#6399=CARTESIAN_POINT('Ctrl Pts',(-0.169230769230769,0.0751201923076923,
0.599));
#6400=CARTESIAN_POINT('Ctrl Pts',(-0.169317438791522,0.0726039966401124,
0.598999999999999));
#6401=CARTESIAN_POINT('Ctrl Pts',(-0.169488141479282,0.0676481464009873,
0.598999999999999));
#6402=CARTESIAN_POINT('Ctrl Pts',(-0.17137790869493,0.0604292779407963,
0.598999999999999));
#6403=CARTESIAN_POINT('Ctrl Pts',(-0.174164798565296,0.0535252596178176,
0.598999999999999));
#6404=CARTESIAN_POINT('Ctrl Pts',(-0.17817721032489,0.0471081579728374,
0.598999999999999));
#6405=CARTESIAN_POINT('Ctrl Pts',(-0.183079826415114,0.0412803612509782,
0.598999999999999));
#6406=CARTESIAN_POINT('Ctrl Pts',(-0.188885638094159,0.0362297024053412,
0.598999999999999));
#6407=CARTESIAN_POINT('Ctrl Pts',(-0.195471332735966,0.0319892593093419,
0.598999999999999));
#6408=CARTESIAN_POINT('Ctrl Pts',(-0.201649014032376,0.0292568871507221,
0.598999999999999));
#6409=CARTESIAN_POINT('Ctrl Pts',(-0.207095260792641,0.0274080739878327,
0.598999999999999));
#6410=CARTESIAN_POINT('Ctrl Pts',(-0.211817997673085,0.0263209678367087,
0.598999999999999));
#6411=CARTESIAN_POINT('Ctrl Pts',(-0.217024614373268,0.0252930715870784,
0.598999999999999));
#6412=CARTESIAN_POINT('Ctrl Pts',(-0.222796823856121,0.0244295355016095,
0.598999999999999));
#6413=CARTESIAN_POINT('Ctrl Pts',(-0.229121838119606,0.0238984273254989,
0.598999999999999));
#6414=CARTESIAN_POINT('Ctrl Pts',(-0.235989696822132,0.0233671664611846,
0.598999999999999));
#6415=CARTESIAN_POINT('Ctrl Pts',(-0.2433885450986,0.0231774364273024,0.598999999999999));
#6416=CARTESIAN_POINT('Ctrl Pts',(-0.248497644463096,0.0231112021917655,
0.598999999999999));
#6417=CARTESIAN_POINT('Ctrl Pts',(-0.251141826923077,0.0230769230769231,
0.599));
#6418=CARTESIAN_POINT('Ctrl Pts',(-0.169230769230769,0.0751201923076923,
0.594));
#6419=CARTESIAN_POINT('Ctrl Pts',(-0.169230769230769,0.0751201923076923,
0.6));
#6420=CARTESIAN_POINT('Ctrl Pts',(-0.16927587038938,0.076785258437425,0.594));
#6421=CARTESIAN_POINT('Ctrl Pts',(-0.16927587038938,0.076785258437425,0.6));
#6422=CARTESIAN_POINT('Ctrl Pts',(-0.169364341237006,0.0800514674747896,
0.594));
#6423=CARTESIAN_POINT('Ctrl Pts',(-0.169364341237006,0.0800514674747896,
0.6));
#6424=CARTESIAN_POINT('Ctrl Pts',(-0.170088910031716,0.0848128406881971,
0.594));
#6425=CARTESIAN_POINT('Ctrl Pts',(-0.170088910031716,0.0848128406881971,
0.6));
#6426=CARTESIAN_POINT('Ctrl Pts',(-0.171320416411909,0.0892908766178134,
0.594));
#6427=CARTESIAN_POINT('Ctrl Pts',(-0.171320416411909,0.0892908766178134,
0.6));
#6428=CARTESIAN_POINT('Ctrl Pts',(-0.172902212975348,0.0935469432170345,
0.594));
#6429=CARTESIAN_POINT('Ctrl Pts',(-0.172902212975348,0.0935469432170345,
0.6));
#6430=CARTESIAN_POINT('Ctrl Pts',(-0.175112672008179,0.0974479589502035,
0.594));
#6431=CARTESIAN_POINT('Ctrl Pts',(-0.175112672008179,0.0974479589502035,
0.6));
#6432=CARTESIAN_POINT('Ctrl Pts',(-0.177715254576922,0.101128804295473,
0.594));
#6433=CARTESIAN_POINT('Ctrl Pts',(-0.177715254576922,0.101128804295473,
0.6));
#6434=CARTESIAN_POINT('Ctrl Pts',(-0.180859742316041,0.104464128738065,
0.594));
#6435=CARTESIAN_POINT('Ctrl Pts',(-0.180859742316041,0.104464128738065,
0.6));
#6436=CARTESIAN_POINT('Ctrl Pts',(-0.184438940543696,0.107581514307948,
0.594));
#6437=CARTESIAN_POINT('Ctrl Pts',(-0.184438940543696,0.107581514307948,
0.6));
#6438=CARTESIAN_POINT('Ctrl Pts',(-0.188553965360126,0.110345330976353,
0.594));
#6439=CARTESIAN_POINT('Ctrl Pts',(-0.188553965360126,0.110345330976353,
0.6));
#6440=CARTESIAN_POINT('Ctrl Pts',(-0.193202361801783,0.112765967819803,
0.594));
#6441=CARTESIAN_POINT('Ctrl Pts',(-0.193202361801783,0.112765967819803,
0.6));
#6442=CARTESIAN_POINT('Ctrl Pts',(-0.198447019836078,0.114715177249505,
0.594));
#6443=CARTESIAN_POINT('Ctrl Pts',(-0.198447019836078,0.114715177249505,
0.6));
#6444=CARTESIAN_POINT('Ctrl Pts',(-0.204199550263056,0.1164222760333,0.594));
#6445=CARTESIAN_POINT('Ctrl Pts',(-0.204199550263056,0.1164222760333,0.6));
#6446=CARTESIAN_POINT('Ctrl Pts',(-0.210548500620082,0.117621272646291,
0.594));
#6447=CARTESIAN_POINT('Ctrl Pts',(-0.210548500620082,0.117621272646291,
0.6));
#6448=CARTESIAN_POINT('Ctrl Pts',(-0.217420605197962,0.11862013444547,0.594));
#6449=CARTESIAN_POINT('Ctrl Pts',(-0.217420605197962,0.11862013444547,0.6));
#6450=CARTESIAN_POINT('Ctrl Pts',(-0.22487215254313,0.119128655188721,0.594));
#6451=CARTESIAN_POINT('Ctrl Pts',(-0.22487215254313,0.119128655188721,0.6));
#6452=CARTESIAN_POINT('Ctrl Pts',(-0.230027447045334,0.11919597200655,0.594));
#6453=CARTESIAN_POINT('Ctrl Pts',(-0.230027447045334,0.11919597200655,0.6));
#6454=CARTESIAN_POINT('Ctrl Pts',(-0.232692307692308,0.119230769230769,
0.594));
#6455=CARTESIAN_POINT('Ctrl Pts',(-0.232692307692308,0.119230769230769,
0.6));
#6456=CARTESIAN_POINT('Ctrl Pts',(-0.232692307692308,0.119230769230769,
0.598999999999998));
#6457=CARTESIAN_POINT('Ctrl Pts',(-0.230027447045334,0.11919597200655,0.599));
#6458=CARTESIAN_POINT('Ctrl Pts',(-0.22487215254313,0.119128655188721,0.599));
#6459=CARTESIAN_POINT('Ctrl Pts',(-0.217420605197962,0.11862013444547,0.599));
#6460=CARTESIAN_POINT('Ctrl Pts',(-0.210548500620082,0.117621272646291,
0.599));
#6461=CARTESIAN_POINT('Ctrl Pts',(-0.204199550263056,0.1164222760333,0.599));
#6462=CARTESIAN_POINT('Ctrl Pts',(-0.198447019836078,0.114715177249505,
0.599));
#6463=CARTESIAN_POINT('Ctrl Pts',(-0.193202361801783,0.112765967819803,
0.599));
#6464=CARTESIAN_POINT('Ctrl Pts',(-0.188553965360126,0.110345330976353,
0.599));
#6465=CARTESIAN_POINT('Ctrl Pts',(-0.184438940543696,0.107581514307948,
0.599));
#6466=CARTESIAN_POINT('Ctrl Pts',(-0.180859742316041,0.104464128738065,
0.599));
#6467=CARTESIAN_POINT('Ctrl Pts',(-0.177715254576922,0.101128804295473,
0.599));
#6468=CARTESIAN_POINT('Ctrl Pts',(-0.175112672008179,0.0974479589502035,
0.599));
#6469=CARTESIAN_POINT('Ctrl Pts',(-0.172902212975348,0.0935469432170345,
0.599));
#6470=CARTESIAN_POINT('Ctrl Pts',(-0.171320416411909,0.0892908766178134,
0.599));
#6471=CARTESIAN_POINT('Ctrl Pts',(-0.170088910031716,0.0848128406881971,
0.599));
#6472=CARTESIAN_POINT('Ctrl Pts',(-0.169364341237006,0.0800514674747896,
0.599));
#6473=CARTESIAN_POINT('Ctrl Pts',(-0.16927587038938,0.076785258437425,0.599));
#6474=CARTESIAN_POINT('Ctrl Pts',(-0.169230769230769,0.0751201923076923,
0.599));
#6475=CARTESIAN_POINT('Origin',(-0.251382211538462,-0.00769230769230765,
0.594));
#6476=CARTESIAN_POINT('',(-0.269230769230769,-0.00769230769230765,0.598999999999975));
#6477=CARTESIAN_POINT('',(-0.269230769230769,-0.00769230769230765,0.594));
#6478=CARTESIAN_POINT('',(-0.251382211538462,-0.00769230769230765,0.598999999999981));
#6479=CARTESIAN_POINT('',(-0.251382211538462,-0.00769230769230765,0.598999999999962));
#6480=CARTESIAN_POINT('',(-0.251382211538462,-0.00769230769230765,0.594));
#6481=CARTESIAN_POINT('Origin',(-0.269230769230769,-0.00769230769230765,
0.594));
#6482=CARTESIAN_POINT('',(-0.269230769230769,-0.119230769230769,0.599));
#6483=CARTESIAN_POINT('',(-0.269230769230769,-0.119230769230769,0.594));
#6484=CARTESIAN_POINT('',(-0.269230769230769,-0.00769230769230765,0.599));
#6485=CARTESIAN_POINT('Origin',(-0.269230769230769,-0.119230769230769,0.594));
#6486=CARTESIAN_POINT('',(-0.230889423076923,-0.119230769230769,0.599));
#6487=CARTESIAN_POINT('',(-0.230889423076923,-0.119230769230769,0.594));
#6488=CARTESIAN_POINT('',(-0.269230769230769,-0.119230769230769,0.599));
#6489=CARTESIAN_POINT('Ctrl Pts',(-0.230889423076923,-0.119230769230769,
0.594));
#6490=CARTESIAN_POINT('Ctrl Pts',(-0.230889423076923,-0.119230769230769,
0.6));
#6491=CARTESIAN_POINT('Ctrl Pts',(-0.228144943712951,-0.119197876596762,
0.594));
#6492=CARTESIAN_POINT('Ctrl Pts',(-0.228144943712951,-0.119197876596762,
0.6));
#6493=CARTESIAN_POINT('Ctrl Pts',(-0.222855321549188,-0.119134480381016,
0.594));
#6494=CARTESIAN_POINT('Ctrl Pts',(-0.222855321549188,-0.119134480381016,
0.6));
#6495=CARTESIAN_POINT('Ctrl Pts',(-0.21521807325311,-0.118927518561517,
0.594));
#6496=CARTESIAN_POINT('Ctrl Pts',(-0.21521807325311,-0.118927518561517,
0.6));
#6497=CARTESIAN_POINT('Ctrl Pts',(-0.208139521498728,-0.118456752073026,
0.594));
#6498=CARTESIAN_POINT('Ctrl Pts',(-0.208139521498728,-0.118456752073026,
0.6));
#6499=CARTESIAN_POINT('Ctrl Pts',(-0.201651967007634,-0.117715679244705,
0.594));
#6500=CARTESIAN_POINT('Ctrl Pts',(-0.201651967007634,-0.117715679244705,
0.6));
#6501=CARTESIAN_POINT('Ctrl Pts',(-0.195685356782146,-0.116911812172807,
0.594));
#6502=CARTESIAN_POINT('Ctrl Pts',(-0.195685356782146,-0.116911812172807,
0.6));
#6503=CARTESIAN_POINT('Ctrl Pts',(-0.190311267951099,-0.115830845236665,
0.594));
#6504=CARTESIAN_POINT('Ctrl Pts',(-0.190311267951099,-0.115830845236665,
0.6));
#6505=CARTESIAN_POINT('Ctrl Pts',(-0.185486137082973,-0.114592362905911,
0.594));
#6506=CARTESIAN_POINT('Ctrl Pts',(-0.185486137082973,-0.114592362905911,
0.6));
#6507=CARTESIAN_POINT('Ctrl Pts',(-0.179891196419598,-0.112678005285766,
0.594));
#6508=CARTESIAN_POINT('Ctrl Pts',(-0.179891196419598,-0.112678005285766,
0.6));
#6509=CARTESIAN_POINT('Ctrl Pts',(-0.173590895709802,-0.109704022064284,
0.594));
#6510=CARTESIAN_POINT('Ctrl Pts',(-0.173590895709802,-0.109704022064284,
0.6));
#6511=CARTESIAN_POINT('Ctrl Pts',(-0.166801393733892,-0.105219945514151,
0.594));
#6512=CARTESIAN_POINT('Ctrl Pts',(-0.166801393733892,-0.105219945514151,
0.6));
#6513=CARTESIAN_POINT('Ctrl Pts',(-0.16076486075012,-0.0998779477050516,
0.594));
#6514=CARTESIAN_POINT('Ctrl Pts',(-0.16076486075012,-0.0998779477050516,
0.6));
#6515=CARTESIAN_POINT('Ctrl Pts',(-0.155638695675266,-0.0936952979187396,
0.594));
#6516=CARTESIAN_POINT('Ctrl Pts',(-0.155638695675266,-0.0936952979187396,
0.6));
#6517=CARTESIAN_POINT('Ctrl Pts',(-0.151437582371326,-0.08697261275346,
0.594));
#6518=CARTESIAN_POINT('Ctrl Pts',(-0.151437582371326,-0.08697261275346,
0.6));
#6519=CARTESIAN_POINT('Ctrl Pts',(-0.14838140050702,-0.0798458684718019,
0.594));
#6520=CARTESIAN_POINT('Ctrl Pts',(-0.14838140050702,-0.0798458684718019,
0.6));
#6521=CARTESIAN_POINT('Ctrl Pts',(-0.146496469931095,-0.072432823264508,
0.594));
#6522=CARTESIAN_POINT('Ctrl Pts',(-0.146496469931095,-0.072432823264508,
0.6));
#6523=CARTESIAN_POINT('Ctrl Pts',(-0.146268283991963,-0.0673785336179689,
0.594));
#6524=CARTESIAN_POINT('Ctrl Pts',(-0.146268283991963,-0.0673785336179689,
0.6));
#6525=CARTESIAN_POINT('Ctrl Pts',(-0.146153846153846,-0.06484375,0.594));
#6526=CARTESIAN_POINT('Ctrl Pts',(-0.146153846153846,-0.06484375,0.6));
#6527=CARTESIAN_POINT('',(-0.146153846153846,-0.06484375,0.599));
#6528=CARTESIAN_POINT('',(-0.146153846153846,-0.06484375,0.5965));
#6529=CARTESIAN_POINT('Ctrl Pts',(-0.146153846153846,-0.06484375,0.599));
#6530=CARTESIAN_POINT('Ctrl Pts',(-0.146268283991963,-0.0673785336179689,
0.599000000000002));
#6531=CARTESIAN_POINT('Ctrl Pts',(-0.146496469931095,-0.072432823264508,
0.599000000000002));
#6532=CARTESIAN_POINT('Ctrl Pts',(-0.14838140050702,-0.0798458684718019,
0.599000000000002));
#6533=CARTESIAN_POINT('Ctrl Pts',(-0.151437582371326,-0.08697261275346,
0.599000000000002));
#6534=CARTESIAN_POINT('Ctrl Pts',(-0.155638695675266,-0.0936952979187396,
0.599000000000002));
#6535=CARTESIAN_POINT('Ctrl Pts',(-0.16076486075012,-0.0998779477050516,
0.599000000000002));
#6536=CARTESIAN_POINT('Ctrl Pts',(-0.166801393733892,-0.105219945514151,
0.599000000000002));
#6537=CARTESIAN_POINT('Ctrl Pts',(-0.173590895709802,-0.109704022064284,
0.599000000000002));
#6538=CARTESIAN_POINT('Ctrl Pts',(-0.179891196419598,-0.112678005285766,
0.599000000000002));
#6539=CARTESIAN_POINT('Ctrl Pts',(-0.185486137082973,-0.114592362905911,
0.599000000000002));
#6540=CARTESIAN_POINT('Ctrl Pts',(-0.190311267951099,-0.115830845236665,
0.599000000000002));
#6541=CARTESIAN_POINT('Ctrl Pts',(-0.195685356782146,-0.116911812172807,
0.599000000000002));
#6542=CARTESIAN_POINT('Ctrl Pts',(-0.201651967007634,-0.117715679244705,
0.599000000000002));
#6543=CARTESIAN_POINT('Ctrl Pts',(-0.208139521498728,-0.118456752073026,
0.599000000000002));
#6544=CARTESIAN_POINT('Ctrl Pts',(-0.21521807325311,-0.118927518561517,
0.599000000000002));
#6545=CARTESIAN_POINT('Ctrl Pts',(-0.222855321549188,-0.119134480381016,
0.599000000000002));
#6546=CARTESIAN_POINT('Ctrl Pts',(-0.228144943712951,-0.119197876596762,
0.599000000000002));
#6547=CARTESIAN_POINT('Ctrl Pts',(-0.230889423076923,-0.119230769230769,
0.599));
#6548=CARTESIAN_POINT('Ctrl Pts',(-0.146153846153846,-0.06484375,0.594));
#6549=CARTESIAN_POINT('Ctrl Pts',(-0.146153846153846,-0.06484375,0.6));
#6550=CARTESIAN_POINT('Ctrl Pts',(-0.146177512239911,-0.0632586065272795,
0.594));
#6551=CARTESIAN_POINT('Ctrl Pts',(-0.146177512239911,-0.0632586065272795,
0.600000000000001));
#6552=CARTESIAN_POINT('Ctrl Pts',(-0.146224462675945,-0.0601138880885582,
0.594));
#6553=CARTESIAN_POINT('Ctrl Pts',(-0.146224462675945,-0.0601138880885582,
0.600000000000001));
#6554=CARTESIAN_POINT('Ctrl Pts',(-0.146932515383686,-0.0554925321581645,
0.594));
#6555=CARTESIAN_POINT('Ctrl Pts',(-0.146932515383686,-0.0554925321581645,
0.6));
#6556=CARTESIAN_POINT('Ctrl Pts',(-0.147962275651722,-0.0510160287316574,
0.594));
#6557=CARTESIAN_POINT('Ctrl Pts',(-0.147962275651722,-0.0510160287316574,
0.6));
#6558=CARTESIAN_POINT('Ctrl Pts',(-0.149293541413083,-0.0466722224043917,
0.594));
#6559=CARTESIAN_POINT('Ctrl Pts',(-0.149293541413083,-0.0466722224043917,
0.600000000000001));
#6560=CARTESIAN_POINT('Ctrl Pts',(-0.151232352878031,-0.0425396472888635,
0.594));
#6561=CARTESIAN_POINT('Ctrl Pts',(-0.151232352878031,-0.0425396472888635,
0.6));
#6562=CARTESIAN_POINT('Ctrl Pts',(-0.153495771022353,-0.0385365707571433,
0.594));
#6563=CARTESIAN_POINT('Ctrl Pts',(-0.153495771022353,-0.0385365707571433,
0.600000000000001));
#6564=CARTESIAN_POINT('Ctrl Pts',(-0.156149605449036,-0.034657701092247,
0.594));
#6565=CARTESIAN_POINT('Ctrl Pts',(-0.156149605449036,-0.034657701092247,
0.6));
#6566=CARTESIAN_POINT('Ctrl Pts',(-0.160284819666263,-0.0297537936537307,
0.594));
#6567=CARTESIAN_POINT('Ctrl Pts',(-0.160284819666263,-0.0297537936537307,
0.600000000000001));
#6568=CARTESIAN_POINT('Ctrl Pts',(-0.166299561196548,-0.0241037639762954,
0.594));
#6569=CARTESIAN_POINT('Ctrl Pts',(-0.166299561196548,-0.0241037639762954,
0.6));
#6570=CARTESIAN_POINT('Ctrl Pts',(-0.17484585623451,-0.0185719780677255,
0.594));
#6571=CARTESIAN_POINT('Ctrl Pts',(-0.17484585623451,-0.0185719780677255,
0.600000000000001));
#6572=CARTESIAN_POINT('Ctrl Pts',(-0.184563481774734,-0.0141107374602274,
0.594));
#6573=CARTESIAN_POINT('Ctrl Pts',(-0.184563481774734,-0.0141107374602274,
0.6));
#6574=CARTESIAN_POINT('Ctrl Pts',(-0.191611552594394,-0.0122164966312167,
0.594));
#6575=CARTESIAN_POINT('Ctrl Pts',(-0.191611552594394,-0.0122164966312167,
0.6));
#6576=CARTESIAN_POINT('Ctrl Pts',(-0.195252403846154,-0.0112379807692307,
0.594));
#6577=CARTESIAN_POINT('Ctrl Pts',(-0.195252403846154,-0.0112379807692307,
0.6));
#6578=CARTESIAN_POINT('',(-0.195252403846154,-0.0112379807692307,0.599));
#6579=CARTESIAN_POINT('',(-0.195252403846154,-0.0112379807692307,0.5965));
#6580=CARTESIAN_POINT('Ctrl Pts',(-0.195252403846154,-0.0112379807692307,
0.599));
#6581=CARTESIAN_POINT('Ctrl Pts',(-0.191611552594394,-0.0122164966312167,
0.598999999999999));
#6582=CARTESIAN_POINT('Ctrl Pts',(-0.184563481774734,-0.0141107374602274,
0.598999999999999));
#6583=CARTESIAN_POINT('Ctrl Pts',(-0.17484585623451,-0.0185719780677255,
0.598999999999999));
#6584=CARTESIAN_POINT('Ctrl Pts',(-0.166299561196548,-0.0241037639762954,
0.598999999999999));
#6585=CARTESIAN_POINT('Ctrl Pts',(-0.160284819666263,-0.0297537936537307,
0.598999999999999));
#6586=CARTESIAN_POINT('Ctrl Pts',(-0.156149605449036,-0.034657701092247,
0.598999999999999));
#6587=CARTESIAN_POINT('Ctrl Pts',(-0.153495771022353,-0.0385365707571433,
0.598999999999999));
#6588=CARTESIAN_POINT('Ctrl Pts',(-0.151232352878031,-0.0425396472888635,
0.598999999999999));
#6589=CARTESIAN_POINT('Ctrl Pts',(-0.149293541413083,-0.0466722224043917,
0.598999999999999));
#6590=CARTESIAN_POINT('Ctrl Pts',(-0.147962275651722,-0.0510160287316574,
0.598999999999999));
#6591=CARTESIAN_POINT('Ctrl Pts',(-0.146932515383686,-0.0554925321581645,
0.598999999999999));
#6592=CARTESIAN_POINT('Ctrl Pts',(-0.146224462675945,-0.0601138880885582,
0.598999999999999));
#6593=CARTESIAN_POINT('Ctrl Pts',(-0.146177512239911,-0.0632586065272795,
0.598999999999999));
#6594=CARTESIAN_POINT('Ctrl Pts',(-0.146153846153846,-0.06484375,0.599));
#6595=CARTESIAN_POINT('Ctrl Pts',(-0.195252403846154,-0.0112379807692307,
0.594));
#6596=CARTESIAN_POINT('Ctrl Pts',(-0.195252403846154,-0.0112379807692307,
0.6));
#6597=CARTESIAN_POINT('Ctrl Pts',(-0.196712040633492,-0.010941830715909,
0.594));
#6598=CARTESIAN_POINT('Ctrl Pts',(-0.196712040633492,-0.010941830715909,
0.6));
#6599=CARTESIAN_POINT('Ctrl Pts',(-0.199876834263403,-0.0102997163143123,
0.594));
#6600=CARTESIAN_POINT('Ctrl Pts',(-0.199876834263403,-0.0102997163143123,
0.6));
#6601=CARTESIAN_POINT('Ctrl Pts',(-0.205037484014445,-0.00962191316665016,
0.594));
#6602=CARTESIAN_POINT('Ctrl Pts',(-0.205037484014445,-0.00962191316665016,
0.6));
#6603=CARTESIAN_POINT('Ctrl Pts',(-0.210929129920354,-0.0090180508901831,
0.594));
#6604=CARTESIAN_POINT('Ctrl Pts',(-0.210929129920354,-0.0090180508901831,
0.6));
#6605=CARTESIAN_POINT('Ctrl Pts',(-0.21756537653973,-0.00857138023329292,
0.594));
#6606=CARTESIAN_POINT('Ctrl Pts',(-0.21756537653973,-0.00857138023329292,
0.6));
#6607=CARTESIAN_POINT('Ctrl Pts',(-0.224954620063761,-0.00810967650060321,
0.594));
#6608=CARTESIAN_POINT('Ctrl Pts',(-0.224954620063761,-0.00810967650060321,
0.6));
#6609=CARTESIAN_POINT('Ctrl Pts',(-0.233112641665386,-0.00793012040440958,
0.594));
#6610=CARTESIAN_POINT('Ctrl Pts',(-0.233112641665386,-0.00793012040440958,
0.6));
#6611=CARTESIAN_POINT('Ctrl Pts',(-0.242006125779031,-0.00771589811068728,
0.594));
#6612=CARTESIAN_POINT('Ctrl Pts',(-0.242006125779031,-0.00771589811068728,
0.6));
#6613=CARTESIAN_POINT('Ctrl Pts',(-0.24817690055615,-0.00770037231853331,
0.594));
#6614=CARTESIAN_POINT('Ctrl Pts',(-0.24817690055615,-0.00770037231853331,
0.6));
#6615=CARTESIAN_POINT('Ctrl Pts',(-0.251382211538462,-0.00769230769230765,
0.594));
#6616=CARTESIAN_POINT('Ctrl Pts',(-0.251382211538462,-0.00769230769230765,
0.6));
#6617=CARTESIAN_POINT('Ctrl Pts',(-0.251382211538462,-0.00769230769230765,
0.598999999999981));
#6618=CARTESIAN_POINT('Ctrl Pts',(-0.24817690055615,-0.00770037231853331,
0.599));
#6619=CARTESIAN_POINT('Ctrl Pts',(-0.242006125779031,-0.00771589811068728,
0.599));
#6620=CARTESIAN_POINT('Ctrl Pts',(-0.233112641665386,-0.00793012040440958,
0.599));
#6621=CARTESIAN_POINT('Ctrl Pts',(-0.224954620063761,-0.00810967650060321,
0.599));
#6622=CARTESIAN_POINT('Ctrl Pts',(-0.21756537653973,-0.00857138023329292,
0.599));
#6623=CARTESIAN_POINT('Ctrl Pts',(-0.210929129920354,-0.0090180508901831,
0.599000000000001));
#6624=CARTESIAN_POINT('Ctrl Pts',(-0.205037484014445,-0.00962191316665016,
0.599));
#6625=CARTESIAN_POINT('Ctrl Pts',(-0.199876834263403,-0.0102997163143123,
0.599));
#6626=CARTESIAN_POINT('Ctrl Pts',(-0.196712040633492,-0.010941830715909,
0.599));
#6627=CARTESIAN_POINT('Ctrl Pts',(-0.195252403846154,-0.0112379807692307,
0.599));
#6628=CARTESIAN_POINT('Origin',(0.85,0.425,0.599));
#6629=CARTESIAN_POINT('Origin',(0.85,0.425,0.599));
#6630=CARTESIAN_POINT('Origin',(-0.89,-0.6,0.509));
#6631=CARTESIAN_POINT('',(0.89,-0.6,0.01));
#6632=CARTESIAN_POINT('',(0.89,-0.6,0.509));
#6633=CARTESIAN_POINT('',(-0.89,-0.6,0.01));
#6634=CARTESIAN_POINT('',(-0.89,-0.6,0.509));
#6635=CARTESIAN_POINT('',(-0.89,-0.6,0.01));
#6636=CARTESIAN_POINT('Origin',(-1.,-0.6,0.509));
#6637=CARTESIAN_POINT('',(-0.89011369512082,-0.595,0.01));
#6638=CARTESIAN_POINT('',(-0.89011369512082,-0.595,0.4));
#6639=CARTESIAN_POINT('',(-0.89011369512082,-0.595,0.509));
#6640=CARTESIAN_POINT('Origin',(-1.,-0.6,0.01));
#6641=CARTESIAN_POINT('',(-1.,-0.49,0.01));
#6642=CARTESIAN_POINT('',(-1.,-0.49,0.509));
#6643=CARTESIAN_POINT('',(-0.995,-0.49011369512082,0.01));
#6644=CARTESIAN_POINT('Origin',(-1.,-0.6,0.01));
#6645=CARTESIAN_POINT('',(-0.995,-0.49011369512082,0.4));
#6646=CARTESIAN_POINT('',(-0.995,-0.49011369512082,0.509));
#6647=CARTESIAN_POINT('Origin',(-1.,-0.6,0.4));
#6648=CARTESIAN_POINT('Origin',(-1.,0.49,0.509));
#6649=CARTESIAN_POINT('',(-1.,0.49,0.01));
#6650=CARTESIAN_POINT('',(-1.,0.49,0.509));
#6651=CARTESIAN_POINT('',(-1.,0.49,0.01));
#6652=CARTESIAN_POINT('Origin',(-1.,0.6,0.509));
#6653=CARTESIAN_POINT('',(-0.890113695120821,0.595,0.4));
#6654=CARTESIAN_POINT('',(-0.890113695120821,0.595,0.01));
#6655=CARTESIAN_POINT('',(-0.890113695120821,0.595,0.509));
#6656=CARTESIAN_POINT('',(-0.995,0.490113695120821,0.4));
#6657=CARTESIAN_POINT('Origin',(-1.,0.6,0.4));
#6658=CARTESIAN_POINT('',(-0.995,0.490113695120821,0.01));
#6659=CARTESIAN_POINT('',(-0.995,0.490113695120821,0.509));
#6660=CARTESIAN_POINT('Origin',(-1.,0.6,0.01));
#6661=CARTESIAN_POINT('',(-0.89,0.6,0.01));
#6662=CARTESIAN_POINT('',(-0.89,0.6,0.509));
#6663=CARTESIAN_POINT('Origin',(-1.,0.6,0.01));
#6664=CARTESIAN_POINT('Origin',(-0.89,0.6,0.509));
#6665=CARTESIAN_POINT('',(0.89,0.6,0.01));
#6666=CARTESIAN_POINT('',(0.89,0.6,0.509));
#6667=CARTESIAN_POINT('',(-0.89,0.6,0.01));
#6668=CARTESIAN_POINT('Origin',(1.,0.6,0.509));
#6669=CARTESIAN_POINT('',(0.890113695120821,0.595,0.4));
#6670=CARTESIAN_POINT('',(0.995,0.49011369512082,0.4));
#6671=CARTESIAN_POINT('Origin',(1.,0.6,0.4));
#6672=CARTESIAN_POINT('',(0.890113695120821,0.595,0.01));
#6673=CARTESIAN_POINT('',(0.890113695120821,0.595,0.509));
#6674=CARTESIAN_POINT('Origin',(1.,0.6,0.01));
#6675=CARTESIAN_POINT('',(1.,0.49,0.01));
#6676=CARTESIAN_POINT('',(1.,0.49,0.509));
#6677=CARTESIAN_POINT('',(0.995,0.49011369512082,0.01));
#6678=CARTESIAN_POINT('Origin',(1.,0.6,0.01));
#6679=CARTESIAN_POINT('',(0.995,0.49011369512082,0.509));
#6680=CARTESIAN_POINT('Origin',(1.,0.49,0.509));
#6681=CARTESIAN_POINT('',(1.,-0.49,0.01));
#6682=CARTESIAN_POINT('',(1.,-0.49,0.509));
#6683=CARTESIAN_POINT('',(1.,0.49,0.01));
#6684=CARTESIAN_POINT('Origin',(1.,-0.6,0.509));
#6685=CARTESIAN_POINT('',(0.995,-0.49011369512082,0.4));
#6686=CARTESIAN_POINT('',(0.890113695120821,-0.594999999999999,0.4));
#6687=CARTESIAN_POINT('Origin',(1.,-0.6,0.4));
#6688=CARTESIAN_POINT('',(0.995,-0.49011369512082,0.01));
#6689=CARTESIAN_POINT('',(0.995,-0.49011369512082,0.509));
#6690=CARTESIAN_POINT('Origin',(1.,-0.6,0.01));
#6691=CARTESIAN_POINT('',(0.890113695120821,-0.594999999999999,0.01));
#6692=CARTESIAN_POINT('Origin',(1.,-0.6,0.01));
#6693=CARTESIAN_POINT('',(0.890113695120821,-0.594999999999999,0.509));
#6694=CARTESIAN_POINT('Origin',(0.85,0.425,0.599));
#6695=CARTESIAN_POINT('Origin',(0.85,0.425,0.599));
#6696=CARTESIAN_POINT('Origin',(0.85,0.425,0.599));
#6697=CARTESIAN_POINT('Origin',(1.,-0.6,0.01));
#6698=CARTESIAN_POINT('',(-0.885,-0.595,0.01));
#6699=CARTESIAN_POINT('',(1.,-0.595,0.01));
#6700=CARTESIAN_POINT('',(-0.897020410288673,-0.545,0.01));
#6701=CARTESIAN_POINT('Origin',(-0.995,-0.595,0.01));
#6702=CARTESIAN_POINT('',(-0.545,-0.545,0.01));
#6703=CARTESIAN_POINT('',(1.,-0.545,0.01));
#6704=CARTESIAN_POINT('',(-0.445,-0.445,0.01));
#6705=CARTESIAN_POINT('',(-0.445,-0.445,0.01));
#6706=CARTESIAN_POINT('',(-0.445,0.555,0.01));
#6707=CARTESIAN_POINT('',(-0.445,-0.6,0.01));
#6708=CARTESIAN_POINT('',(-0.892530492340404,0.555,0.01));
#6709=CARTESIAN_POINT('',(1.,0.555,0.01));
#6710=CARTESIAN_POINT('',(-0.885,0.595,0.01));
#6711=CARTESIAN_POINT('Origin',(-0.995,0.595,0.01));
#6712=CARTESIAN_POINT('',(1.,0.595,0.01));
#6713=CARTESIAN_POINT('',(0.885,0.595,0.01));
#6714=CARTESIAN_POINT('',(1.,0.595,0.01));
#6715=CARTESIAN_POINT('',(0.892530492340404,0.555,0.01));
#6716=CARTESIAN_POINT('Origin',(0.995,0.595,0.01));
#6717=CARTESIAN_POINT('',(0.445,0.555,0.01));
#6718=CARTESIAN_POINT('',(1.,0.555,0.01));
#6719=CARTESIAN_POINT('',(0.445,-0.544999999999999,0.01));
#6720=CARTESIAN_POINT('',(0.445,-0.6,0.01));
#6721=CARTESIAN_POINT('',(0.897020410288673,-0.544999999999999,0.01));
#6722=CARTESIAN_POINT('',(1.,-0.544999999999999,0.01));
#6723=CARTESIAN_POINT('',(0.885,-0.594999999999999,0.01));
#6724=CARTESIAN_POINT('Origin',(0.995,-0.595,0.01));
#6725=CARTESIAN_POINT('',(1.,-0.594999999999999,0.01));
#6726=CARTESIAN_POINT('Origin',(-0.995,-0.595,0.4));
#6727=CARTESIAN_POINT('',(-0.995,-0.495,0.4));
#6728=CARTESIAN_POINT('',(-0.995,-0.595,0.4));
#6729=CARTESIAN_POINT('',(-0.895,-0.595,0.4));
#6730=CARTESIAN_POINT('Origin',(-0.995,-0.595,0.4));
#6731=CARTESIAN_POINT('',(-0.995,-0.595,0.4));
#6732=CARTESIAN_POINT('Origin',(-0.895,-0.595,0.4));
#6733=CARTESIAN_POINT('',(-0.895,-0.595,0.));
#6734=CARTESIAN_POINT('',(-0.895,-0.595,0.4));
#6735=CARTESIAN_POINT('',(-0.885,-0.595,0.));
#6736=CARTESIAN_POINT('',(-0.895,-0.595,0.));
#6737=CARTESIAN_POINT('',(-0.885,-0.595,0.4));
#6738=CARTESIAN_POINT('Origin',(1.,-0.6,0.01));
#6739=CARTESIAN_POINT('',(-0.994999999999999,0.485,0.01));
#6740=CARTESIAN_POINT('',(-0.994999999999999,-0.6,0.01));
#6741=CARTESIAN_POINT('',(-0.945,0.497020410288673,0.01));
#6742=CARTESIAN_POINT('Origin',(-0.995,0.595,0.01));
#6743=CARTESIAN_POINT('',(-0.945,-0.497020410288673,0.01));
#6744=CARTESIAN_POINT('',(-0.945,-0.6,0.01));
#6745=CARTESIAN_POINT('',(-0.995,-0.485,0.01));
#6746=CARTESIAN_POINT('Origin',(-0.995,-0.595,0.01));
#6747=CARTESIAN_POINT('',(-0.995,-0.6,0.01));
#6748=CARTESIAN_POINT('Origin',(-0.995,-0.495,0.4));
#6749=CARTESIAN_POINT('',(-0.995,-0.485,0.));
#6750=CARTESIAN_POINT('',(-0.995,-0.485,0.4));
#6751=CARTESIAN_POINT('',(-0.995,-0.495,0.));
#6752=CARTESIAN_POINT('',(-0.995,-0.495,0.));
#6753=CARTESIAN_POINT('',(-0.995,-0.495,0.4));
#6754=CARTESIAN_POINT('Origin',(-0.895,0.595,0.4));
#6755=CARTESIAN_POINT('',(-0.885,0.595,0.));
#6756=CARTESIAN_POINT('',(-0.885,0.595,0.4));
#6757=CARTESIAN_POINT('',(-0.895,0.595,0.));
#6758=CARTESIAN_POINT('',(-0.895,0.595,0.));
#6759=CARTESIAN_POINT('',(-0.895,0.595,0.4));
#6760=CARTESIAN_POINT('',(-0.895,0.595,0.4));
#6761=CARTESIAN_POINT('',(-0.895,0.595,0.4));
#6762=CARTESIAN_POINT('Origin',(-0.995,-0.595,0.4));
#6763=CARTESIAN_POINT('',(-0.995,0.495,0.4));
#6764=CARTESIAN_POINT('Origin',(-0.995,0.595,0.4));
#6765=CARTESIAN_POINT('',(-0.995,-0.595,0.4));
#6766=CARTESIAN_POINT('Origin',(-0.995,0.495,0.4));
#6767=CARTESIAN_POINT('',(-0.995,0.495,0.));
#6768=CARTESIAN_POINT('',(-0.995,0.495,0.4));
#6769=CARTESIAN_POINT('',(-0.995,0.485,0.));
#6770=CARTESIAN_POINT('',(-0.995,0.495,0.));
#6771=CARTESIAN_POINT('',(-0.995,0.485,0.4));
#6772=CARTESIAN_POINT('Origin',(0.995,0.495,0.4));
#6773=CARTESIAN_POINT('',(0.995,0.485,0.01));
#6774=CARTESIAN_POINT('',(0.995,0.495,0.01));
#6775=CARTESIAN_POINT('',(0.995,0.485,0.));
#6776=CARTESIAN_POINT('',(0.995,0.485,0.4));
#6777=CARTESIAN_POINT('',(0.995,0.495,0.));
#6778=CARTESIAN_POINT('',(0.995,0.495,0.));
#6779=CARTESIAN_POINT('',(0.995,0.495,0.4));
#6780=CARTESIAN_POINT('',(0.995,0.495,0.4));
#6781=CARTESIAN_POINT('',(0.995,0.495,0.4));
#6782=CARTESIAN_POINT('Origin',(0.995,-0.595,0.4));
#6783=CARTESIAN_POINT('',(0.895,0.595,0.4));
#6784=CARTESIAN_POINT('Origin',(0.995,0.595,0.4));
#6785=CARTESIAN_POINT('',(0.995,0.595,0.4));
#6786=CARTESIAN_POINT('Origin',(0.895,0.595,0.4));
#6787=CARTESIAN_POINT('',(0.895,0.595,0.));
#6788=CARTESIAN_POINT('',(0.895,0.595,0.4));
#6789=CARTESIAN_POINT('',(0.885,0.595,0.));
#6790=CARTESIAN_POINT('',(0.895,0.595,0.));
#6791=CARTESIAN_POINT('',(0.885,0.595,0.4));
#6792=CARTESIAN_POINT('Origin',(1.,-0.6,0.01));
#6793=CARTESIAN_POINT('',(0.945,-0.497020410288672,0.01));
#6794=CARTESIAN_POINT('',(0.995,-0.484999999999999,0.01));
#6795=CARTESIAN_POINT('Origin',(0.995,-0.595,0.01));
#6796=CARTESIAN_POINT('',(0.945,0.497020410288673,0.01));
#6797=CARTESIAN_POINT('',(0.945,-0.6,0.01));
#6798=CARTESIAN_POINT('Origin',(0.995,0.595,0.01));
#6799=CARTESIAN_POINT('',(0.995,-0.6,0.01));
#6800=CARTESIAN_POINT('Origin',(0.895,-0.594999999999999,0.4));
#6801=CARTESIAN_POINT('',(0.885,-0.594999999999999,0.));
#6802=CARTESIAN_POINT('',(0.885,-0.594999999999999,0.4));
#6803=CARTESIAN_POINT('',(0.895,-0.594999999999999,0.));
#6804=CARTESIAN_POINT('',(0.895,-0.594999999999999,0.));
#6805=CARTESIAN_POINT('',(0.895,-0.594999999999999,0.4));
#6806=CARTESIAN_POINT('',(0.895,-0.594999999999999,0.4));
#6807=CARTESIAN_POINT('',(0.895,-0.594999999999999,0.4));
#6808=CARTESIAN_POINT('Origin',(0.995,-0.595,0.4));
#6809=CARTESIAN_POINT('',(0.995,-0.494999999999999,0.4));
#6810=CARTESIAN_POINT('Origin',(0.995,-0.595,0.4));
#6811=CARTESIAN_POINT('',(0.995,-0.595,0.4));
#6812=CARTESIAN_POINT('Origin',(0.995,-0.494999999999999,0.4));
#6813=CARTESIAN_POINT('',(0.995,-0.494999999999999,0.));
#6814=CARTESIAN_POINT('',(0.995,-0.494999999999999,0.4));
#6815=CARTESIAN_POINT('',(0.995,-0.484999999999999,0.));
#6816=CARTESIAN_POINT('',(0.995,-0.494999999999999,0.));
#6817=CARTESIAN_POINT('',(0.995,-0.484999999999999,0.4));
#6818=CARTESIAN_POINT('Origin',(-0.995,-0.595,0.4));
#6819=CARTESIAN_POINT('',(-0.897020410288673,-0.545,0.));
#6820=CARTESIAN_POINT('Origin',(-0.995,-0.595,0.));
#6821=CARTESIAN_POINT('',(-0.897020410288673,-0.545,0.4));
#6822=CARTESIAN_POINT('Origin',(-0.897020410288673,-0.545,0.4));
#6823=CARTESIAN_POINT('',(-0.545,-0.545,0.));
#6824=CARTESIAN_POINT('',(-0.897020410288673,-0.545,0.));
#6825=CARTESIAN_POINT('',(-0.545,-0.545,0.4));
#6826=CARTESIAN_POINT('Origin',(-0.545,-0.545,0.4));
#6827=CARTESIAN_POINT('',(-0.445,-0.445,0.));
#6828=CARTESIAN_POINT('',(-0.545,-0.545,0.));
#6829=CARTESIAN_POINT('',(-0.445,-0.445,0.4));
#6830=CARTESIAN_POINT('Origin',(-0.445,-0.445,0.4));
#6831=CARTESIAN_POINT('',(-0.445,0.555,0.));
#6832=CARTESIAN_POINT('',(-0.445,-0.445,0.));
#6833=CARTESIAN_POINT('',(-0.445,0.555,0.4));
#6834=CARTESIAN_POINT('Origin',(-0.445,0.555,0.4));
#6835=CARTESIAN_POINT('',(-0.892530492340404,0.555,0.));
#6836=CARTESIAN_POINT('',(-0.445,0.555,0.));
#6837=CARTESIAN_POINT('',(-0.892530492340404,0.555,0.4));
#6838=CARTESIAN_POINT('Origin',(-0.995,0.595,0.4));
#6839=CARTESIAN_POINT('Origin',(-0.995,0.595,0.));
#6840=CARTESIAN_POINT('Origin',(0.995,0.595,0.4));
#6841=CARTESIAN_POINT('',(0.892530492340404,0.555,0.));
#6842=CARTESIAN_POINT('Origin',(0.995,0.595,0.));
#6843=CARTESIAN_POINT('',(0.892530492340404,0.555,0.4));
#6844=CARTESIAN_POINT('Origin',(0.445,0.555,0.4));
#6845=CARTESIAN_POINT('',(0.445,0.555,0.));
#6846=CARTESIAN_POINT('',(0.445,0.555,0.));
#6847=CARTESIAN_POINT('',(0.445,0.555,0.4));
#6848=CARTESIAN_POINT('Origin',(0.445,-0.544999999999999,0.4));
#6849=CARTESIAN_POINT('',(0.445,-0.544999999999999,0.));
#6850=CARTESIAN_POINT('',(0.445,-0.544999999999999,0.));
#6851=CARTESIAN_POINT('',(0.445,-0.544999999999999,0.4));
#6852=CARTESIAN_POINT('Origin',(0.897020410288673,-0.544999999999999,0.4));
#6853=CARTESIAN_POINT('',(0.897020410288673,-0.544999999999999,0.));
#6854=CARTESIAN_POINT('',(0.897020410288673,-0.544999999999999,0.));
#6855=CARTESIAN_POINT('',(0.897020410288673,-0.544999999999999,0.4));
#6856=CARTESIAN_POINT('Origin',(0.995,-0.595,0.4));
#6857=CARTESIAN_POINT('Origin',(0.995,-0.595,0.));
#6858=CARTESIAN_POINT('Origin',(-0.995,-0.595,0.4));
#6859=CARTESIAN_POINT('Origin',(-0.995,-0.595,0.));
#6860=CARTESIAN_POINT('Origin',(-0.995,-0.595,0.));
#6861=CARTESIAN_POINT('',(-0.945,-0.497020410288673,0.));
#6862=CARTESIAN_POINT('Origin',(-0.995,-0.595,0.));
#6863=CARTESIAN_POINT('',(-0.945,0.497020410288673,0.));
#6864=CARTESIAN_POINT('',(-0.945,-0.595,0.));
#6865=CARTESIAN_POINT('Origin',(-0.995,0.595,0.));
#6866=CARTESIAN_POINT('Origin',(-0.995,0.595,0.));
#6867=CARTESIAN_POINT('Origin',(-0.995,0.595,0.4));
#6868=CARTESIAN_POINT('',(-0.945,0.497020410288673,0.4));
#6869=CARTESIAN_POINT('Origin',(-0.945,0.497020410288673,0.4));
#6870=CARTESIAN_POINT('',(-0.945,-0.497020410288673,0.4));
#6871=CARTESIAN_POINT('Origin',(-0.995,-0.595,0.4));
#6872=CARTESIAN_POINT('Origin',(-0.995,0.595,0.4));
#6873=CARTESIAN_POINT('Origin',(0.995,0.595,0.4));
#6874=CARTESIAN_POINT('',(0.945,0.497020410288673,0.));
#6875=CARTESIAN_POINT('',(0.945,0.497020410288673,0.4));
#6876=CARTESIAN_POINT('Origin',(0.995,0.595,0.));
#6877=CARTESIAN_POINT('Origin',(0.995,-0.595,0.));
#6878=CARTESIAN_POINT('Origin',(0.995,0.595,0.));
#6879=CARTESIAN_POINT('',(0.945,-0.497020410288672,0.));
#6880=CARTESIAN_POINT('',(0.945,-0.595,0.));
#6881=CARTESIAN_POINT('Origin',(0.995,-0.595,0.));
#6882=CARTESIAN_POINT('Origin',(0.995,-0.595,0.));
#6883=CARTESIAN_POINT('Origin',(0.995,0.595,0.4));
#6884=CARTESIAN_POINT('Origin',(0.995,-0.595,0.4));
#6885=CARTESIAN_POINT('',(0.945,-0.497020410288672,0.4));
#6886=CARTESIAN_POINT('Origin',(0.945,0.497020410288673,0.4));
#6887=CARTESIAN_POINT('Origin',(0.995,-0.595,0.4));
#6888=UNCERTAINTY_MEASURE_WITH_UNIT(LENGTH_MEASURE(0.01),#6892,
'DISTANCE_ACCURACY_VALUE',
'Maximum model space distance between geometric entities at asserted c
onnectivities');
#6889=UNCERTAINTY_MEASURE_WITH_UNIT(LENGTH_MEASURE(0.01),#6892,
'DISTANCE_ACCURACY_VALUE',
'Maximum model space distance between geometric entities at asserted c
onnectivities');
#6890=(
GEOMETRIC_REPRESENTATION_CONTEXT(3)
GLOBAL_UNCERTAINTY_ASSIGNED_CONTEXT((#6888))
GLOBAL_UNIT_ASSIGNED_CONTEXT((#6892,#6894,#6895))
REPRESENTATION_CONTEXT('','3D')
);
#6891=(
GEOMETRIC_REPRESENTATION_CONTEXT(3)
GLOBAL_UNCERTAINTY_ASSIGNED_CONTEXT((#6889))
GLOBAL_UNIT_ASSIGNED_CONTEXT((#6892,#6894,#6895))
REPRESENTATION_CONTEXT('','3D')
);
#6892=(
LENGTH_UNIT()
NAMED_UNIT(*)
SI_UNIT(.MILLI.,.METRE.)
);
#6893=(
LENGTH_UNIT()
NAMED_UNIT(*)
SI_UNIT($,.METRE.)
);
#6894=(
NAMED_UNIT(*)
PLANE_ANGLE_UNIT()
SI_UNIT($,.RADIAN.)
);
#6895=(
NAMED_UNIT(*)
SI_UNIT($,.STERADIAN.)
SOLID_ANGLE_UNIT()
);
#6896=SHAPE_DEFINITION_REPRESENTATION(#6897,#6898);
#6897=PRODUCT_DEFINITION_SHAPE('',$,#6900);
#6898=SHAPE_REPRESENTATION('',(#2650),#6890);
#6899=PRODUCT_DEFINITION_CONTEXT('part definition',#6904,'design');
#6900=PRODUCT_DEFINITION('(Nicht gespeichert)','(Nicht gespeichert)',#6901,
#6899);
#6901=PRODUCT_DEFINITION_FORMATION('',$,#6906);
#6902=PRODUCT_RELATED_PRODUCT_CATEGORY('(Nicht gespeichert)',
'(Nicht gespeichert)',(#6906));
#6903=APPLICATION_PROTOCOL_DEFINITION('international standard',
'automotive_design',2009,#6904);
#6904=APPLICATION_CONTEXT(
'Core Data for Automotive Mechanical Design Process');
#6905=PRODUCT_CONTEXT('part definition',#6904,'mechanical');
#6906=PRODUCT('(Nicht gespeichert)','(Nicht gespeichert)',$,(#6905));
#6907=PRESENTATION_STYLE_ASSIGNMENT((#6911));
#6908=PRESENTATION_STYLE_ASSIGNMENT((#6912));
#6909=PRESENTATION_STYLE_ASSIGNMENT((#6913));
#6910=PRESENTATION_STYLE_ASSIGNMENT((#6914));
#6911=SURFACE_STYLE_USAGE(.BOTH.,#6915);
#6912=SURFACE_STYLE_USAGE(.BOTH.,#6916);
#6913=SURFACE_STYLE_USAGE(.BOTH.,#6917);
#6914=SURFACE_STYLE_USAGE(.BOTH.,#6918);
#6915=SURFACE_SIDE_STYLE('',(#6919));
#6916=SURFACE_SIDE_STYLE('',(#6920));
#6917=SURFACE_SIDE_STYLE('',(#6921));
#6918=SURFACE_SIDE_STYLE('',(#6922));
#6919=SURFACE_STYLE_FILL_AREA(#6923);
#6920=SURFACE_STYLE_FILL_AREA(#6924);
#6921=SURFACE_STYLE_FILL_AREA(#6925);
#6922=SURFACE_STYLE_FILL_AREA(#6926);
#6923=FILL_AREA_STYLE('Stahl - satiniert',(#6927));
#6924=FILL_AREA_STYLE('Opaque(170,170,170)',(#6928));
#6925=FILL_AREA_STYLE('Opaque(51,51,51)',(#6929));
#6926=FILL_AREA_STYLE('Opaque(247,224,153)',(#6930));
#6927=FILL_AREA_STYLE_COLOUR('Stahl - satiniert',#6931);
#6928=FILL_AREA_STYLE_COLOUR('Opaque(170,170,170)',#6932);
#6929=FILL_AREA_STYLE_COLOUR('Opaque(51,51,51)',#6933);
#6930=FILL_AREA_STYLE_COLOUR('Opaque(247,224,153)',#6934);
#6931=COLOUR_RGB('Stahl - satiniert',0.627450980392157,0.627450980392157,
0.627450980392157);
#6932=COLOUR_RGB('Opaque(170,170,170)',0.666666666666667,0.666666666666667,
0.666666666666667);
#6933=COLOUR_RGB('Opaque(51,51,51)',0.2,0.2,0.2);
#6934=COLOUR_RGB('Opaque(247,224,153)',0.968627450980392,0.87843137254902,
0.6);
ENDSEC;
END-ISO-10303-21;
