ISO-10303-21;
HEADER;
FILE_DESCRIPTION( ( 'STEP AP214' ), '1' );
FILE_NAME( 'p:/temp/worker_291/temp/exporttempdir_3392_155_AYrh3/format_0/FTSH-105-01-F-DV-K.stp', '2021-01-24T13:19:17', ( 'License CC BY-ND 4.0' ), ( 'CADENAS' ), ' ', 'PARTsolutions', ' ' );
FILE_SCHEMA( ( 'AUTOMOTIVE_DESIGN { 1 0 10303 214 1 1 1 1 }' ) );
ENDSEC;
DATA;
#1 = PRODUCT_DEFINITION_CONTEXT( '', #22, 'design' );
#2 = APPLICATION_PROTOCOL_DEFINITION( 'international standard', 'automotive_design', 2001, #22 );
#3 = PRODUCT_CATEGORY_RELATIONSHIP( 'NONE', 'NONE', #23, #24 );
#4 = SHAPE_DEFINITION_REPRESENTATION( #25, #26 );
#5 = PRODUCT_CATEGORY_RELATIONSHIP( 'NONE', 'NONE', #23, #27 );
#6 = CONTEXT_DEPENDENT_SHAPE_REPRESENTATION( #28, #29 );
#7 = SHAPE_DEFINITION_REPRESENTATION( #30, #31 );
#8 = SHAPE_REPRESENTATION_RELATIONSHIP( 'NONE', 'NONE', #31, #32 );
#9 = PRODUCT_CATEGORY_RELATIONSHIP( 'NONE', 'NONE', #23, #33 );
#10 = CONTEXT_DEPENDENT_SHAPE_REPRESENTATION( #34, #35 );
#11 = SHAPE_DEFINITION_REPRESENTATION( #36, #37 );
#12 = SHAPE_REPRESENTATION_RELATIONSHIP( 'NONE', 'NONE', #37, #38 );
#13 = PRODUCT_CATEGORY_RELATIONSHIP( 'NONE', 'NONE', #23, #39 );
#14 = CONTEXT_DEPENDENT_SHAPE_REPRESENTATION( #40, #41 );
#15 = SHAPE_DEFINITION_REPRESENTATION( #42, #43 );
#16 = SHAPE_REPRESENTATION_RELATIONSHIP( 'NONE', 'NONE', #43, #44 );
#17 = MECHANICAL_DESIGN_GEOMETRIC_PRESENTATION_REPRESENTATION( ' ', ( #45, #46, #47, #48, #49, #50, #51, #52, #53, #54, #55, #56, #57, #58, #59, #60, #61, #62, #63, #64, #65, #66, #67, #68, #69, #70, #71, #72, #73, #74, #75, #76, #77, #78, #79, #80, #81, #82, #83, #84, #85, #86, #87, #88, #89, #90, #91, #92, #93, #94, #95, #96, #97, #98, #99, #100, #101, #102, #103, #104, #105, #106, #107, #108, #109, #110, #111, #112, #113, #114, #115, #116, #117, #118, #119, #120, #121, #122, #123, #124, #125, #126, #127, #128, #129, #130, #131, #132, #133, #134, #135, #136, #137, #138, #139, #140, #141, #142, #143, #144, #145, #146, #147, #148, #149, #150, #151, #152, #153, #154, #155, #156, #157, #158, #159, #160, #161, #162, #163, #164, #165, #166, #167, #168, #169, #170, #171, #172, #173, #174, #175, #176, #177, #178, #179, #180, #181, #182, #183, #184, #185, #186, #187, #188, #189, #190, #191, #192, #193, #194, #195, #196, #197, #198, #199, #200, #201, #202, #203, #204, #205, #206, #207, #208, #209, #210, #211, #212, #213, #214, #215, #216, #217, #218, #219, #220, #221, #222, #223, #224, #225, #226, #227, #228, #229, #230, #231, #232, #233, #234, #235, #236, #237, #238, #239, #240, #241, #242, #243, #244, #245, #246, #247, #248, #249, #250, #251, #252, #253, #254, #255, #256, #257, #258, #259, #260, #261, #262, #263, #264, #265, #266, #267, #268, #269, #270, #271, #272, #273, #274, #275, #276, #277, #278, #279, #280, #281, #282, #283, #284, #285, #286, #287, #288, #289, #290, #291, #292, #293, #294, #295, #296 ), #18 );
#18 =  ( GEOMETRIC_REPRESENTATION_CONTEXT( 3 )GLOBAL_UNCERTAINTY_ASSIGNED_CONTEXT( ( #299 ) )GLOBAL_UNIT_ASSIGNED_CONTEXT( ( #301, #302, #303 ) )REPRESENTATION_CONTEXT( 'NONE', 'WORKSPACE' ) );
#22 = APPLICATION_CONTEXT( 'core data for automotive mechanical design processes' );
#23 = PRODUCT_CATEGORY( 'part', 'NONE' );
#24 = PRODUCT_RELATED_PRODUCT_CATEGORY( 'detail', ' ', ( #305 ) );
#25 = PRODUCT_DEFINITION_SHAPE( 'NONE', 'NONE', #306 );
#26 = SHAPE_REPRESENTATION( 'FTSH-105-01-F-DV-K', ( #307, #308, #309, #310 ), #311 );
#27 = PRODUCT_RELATED_PRODUCT_CATEGORY( 'detail', ' ', ( #312 ) );
#28 = ( REPRESENTATION_RELATIONSHIP( '', '', #31, #26 )REPRESENTATION_RELATIONSHIP_WITH_TRANSFORMATION( #315 )SHAPE_REPRESENTATION_RELATIONSHIP(  ) );
#29 = PRODUCT_DEFINITION_SHAPE( 'NAUO-PROD-DEF', 'NAUO-PROD-DEF', #317 );
#30 = PRODUCT_DEFINITION_SHAPE( 'NONE', 'NONE', #318 );
#31 = SHAPE_REPRESENTATION( '_FTSH-105-01-F-DV-K_body', ( #307 ), #311 );
#32 = ADVANCED_BREP_SHAPE_REPRESENTATION( '_FTSH-105-01-F-DV-K_body', ( #319 ), #18 );
#33 = PRODUCT_RELATED_PRODUCT_CATEGORY( 'detail', ' ', ( #320 ) );
#34 = ( REPRESENTATION_RELATIONSHIP( '', '', #37, #26 )REPRESENTATION_RELATIONSHIP_WITH_TRANSFORMATION( #323 )SHAPE_REPRESENTATION_RELATIONSHIP(  ) );
#35 = PRODUCT_DEFINITION_SHAPE( 'NAUO-PROD-DEF', 'NAUO-PROD-DEF', #325 );
#36 = PRODUCT_DEFINITION_SHAPE( 'NONE', 'NONE', #326 );
#37 = SHAPE_REPRESENTATION( '_FTSH-105-01-F-DV-K_pins1', ( #307 ), #311 );
#38 = ADVANCED_BREP_SHAPE_REPRESENTATION( '_FTSH-105-01-F-DV-K_pins1', ( #327 ), #18 );
#39 = PRODUCT_RELATED_PRODUCT_CATEGORY( 'detail', ' ', ( #328 ) );
#40 = ( REPRESENTATION_RELATIONSHIP( '', '', #43, #26 )REPRESENTATION_RELATIONSHIP_WITH_TRANSFORMATION( #331 )SHAPE_REPRESENTATION_RELATIONSHIP(  ) );
#41 = PRODUCT_DEFINITION_SHAPE( 'NAUO-PROD-DEF', 'NAUO-PROD-DEF', #333 );
#42 = PRODUCT_DEFINITION_SHAPE( 'NONE', 'NONE', #334 );
#43 = SHAPE_REPRESENTATION( '_FTSH-105-01-F-DV-K_pins2', ( #307 ), #311 );
#44 = ADVANCED_BREP_SHAPE_REPRESENTATION( '_FTSH-105-01-F-DV-K_pins2', ( #335 ), #18 );
#45 = STYLED_ITEM( '', ( #336 ), #337 );
#46 = STYLED_ITEM( '', ( #338 ), #339 );
#47 = STYLED_ITEM( '', ( #340 ), #341 );
#48 = STYLED_ITEM( '', ( #342 ), #343 );
#49 = STYLED_ITEM( '', ( #344 ), #345 );
#50 = STYLED_ITEM( '', ( #346 ), #347 );
#51 = STYLED_ITEM( '', ( #348 ), #349 );
#52 = STYLED_ITEM( '', ( #350 ), #351 );
#53 = STYLED_ITEM( '', ( #352 ), #353 );
#54 = STYLED_ITEM( '', ( #354 ), #355 );
#55 = STYLED_ITEM( '', ( #356 ), #357 );
#56 = STYLED_ITEM( '', ( #358 ), #359 );
#57 = STYLED_ITEM( '', ( #360 ), #361 );
#58 = STYLED_ITEM( '', ( #362 ), #363 );
#59 = STYLED_ITEM( '', ( #364 ), #365 );
#60 = STYLED_ITEM( '', ( #366 ), #367 );
#61 = STYLED_ITEM( '', ( #368 ), #369 );
#62 = STYLED_ITEM( '', ( #370 ), #371 );
#63 = STYLED_ITEM( '', ( #372 ), #373 );
#64 = STYLED_ITEM( '', ( #374 ), #375 );
#65 = STYLED_ITEM( '', ( #376 ), #377 );
#66 = STYLED_ITEM( '', ( #378 ), #379 );
#67 = STYLED_ITEM( '', ( #380 ), #381 );
#68 = STYLED_ITEM( '', ( #382 ), #383 );
#69 = STYLED_ITEM( '', ( #384 ), #385 );
#70 = STYLED_ITEM( '', ( #386 ), #387 );
#71 = STYLED_ITEM( '', ( #388 ), #389 );
#72 = STYLED_ITEM( '', ( #390 ), #391 );
#73 = STYLED_ITEM( '', ( #392 ), #393 );
#74 = STYLED_ITEM( '', ( #394 ), #395 );
#75 = STYLED_ITEM( '', ( #396 ), #397 );
#76 = STYLED_ITEM( '', ( #398 ), #399 );
#77 = STYLED_ITEM( '', ( #400 ), #401 );
#78 = STYLED_ITEM( '', ( #402 ), #403 );
#79 = STYLED_ITEM( '', ( #404 ), #405 );
#80 = STYLED_ITEM( '', ( #406 ), #407 );
#81 = STYLED_ITEM( '', ( #408 ), #409 );
#82 = STYLED_ITEM( '', ( #410 ), #411 );
#83 = STYLED_ITEM( '', ( #412 ), #413 );
#84 = STYLED_ITEM( '', ( #414 ), #415 );
#85 = STYLED_ITEM( '', ( #416 ), #417 );
#86 = STYLED_ITEM( '', ( #418 ), #419 );
#87 = STYLED_ITEM( '', ( #420 ), #421 );
#88 = STYLED_ITEM( '', ( #422 ), #423 );
#89 = STYLED_ITEM( '', ( #424 ), #425 );
#90 = STYLED_ITEM( '', ( #426 ), #427 );
#91 = STYLED_ITEM( '', ( #428 ), #429 );
#92 = STYLED_ITEM( '', ( #430 ), #431 );
#93 = STYLED_ITEM( '', ( #432 ), #433 );
#94 = STYLED_ITEM( '', ( #434 ), #435 );
#95 = STYLED_ITEM( '', ( #436 ), #437 );
#96 = STYLED_ITEM( '', ( #438 ), #439 );
#97 = STYLED_ITEM( '', ( #440 ), #441 );
#98 = STYLED_ITEM( '', ( #442 ), #443 );
#99 = STYLED_ITEM( '', ( #444 ), #445 );
#100 = STYLED_ITEM( '', ( #446 ), #447 );
#101 = STYLED_ITEM( '', ( #448 ), #449 );
#102 = STYLED_ITEM( '', ( #450 ), #451 );
#103 = STYLED_ITEM( '', ( #452 ), #453 );
#104 = STYLED_ITEM( '', ( #454 ), #455 );
#105 = STYLED_ITEM( '', ( #456 ), #457 );
#106 = STYLED_ITEM( '', ( #458 ), #459 );
#107 = STYLED_ITEM( '', ( #460 ), #461 );
#108 = STYLED_ITEM( '', ( #462 ), #463 );
#109 = STYLED_ITEM( '', ( #464 ), #465 );
#110 = STYLED_ITEM( '', ( #466 ), #467 );
#111 = STYLED_ITEM( '', ( #468 ), #469 );
#112 = STYLED_ITEM( '', ( #470 ), #471 );
#113 = STYLED_ITEM( '', ( #472 ), #473 );
#114 = STYLED_ITEM( '', ( #474 ), #475 );
#115 = STYLED_ITEM( '', ( #476 ), #477 );
#116 = STYLED_ITEM( '', ( #478 ), #479 );
#117 = STYLED_ITEM( '', ( #480 ), #481 );
#118 = STYLED_ITEM( '', ( #482 ), #483 );
#119 = STYLED_ITEM( '', ( #484 ), #485 );
#120 = STYLED_ITEM( '', ( #486 ), #487 );
#121 = STYLED_ITEM( '', ( #488 ), #489 );
#122 = STYLED_ITEM( '', ( #490 ), #491 );
#123 = STYLED_ITEM( '', ( #492 ), #493 );
#124 = STYLED_ITEM( '', ( #494 ), #495 );
#125 = STYLED_ITEM( '', ( #496 ), #497 );
#126 = STYLED_ITEM( '', ( #498 ), #499 );
#127 = STYLED_ITEM( '', ( #500 ), #501 );
#128 = STYLED_ITEM( '', ( #502 ), #503 );
#129 = STYLED_ITEM( '', ( #504 ), #505 );
#130 = STYLED_ITEM( '', ( #506 ), #507 );
#131 = STYLED_ITEM( '', ( #508 ), #509 );
#132 = STYLED_ITEM( '', ( #510 ), #511 );
#133 = STYLED_ITEM( '', ( #512 ), #513 );
#134 = STYLED_ITEM( '', ( #514 ), #515 );
#135 = STYLED_ITEM( '', ( #516 ), #517 );
#136 = STYLED_ITEM( '', ( #518 ), #519 );
#137 = STYLED_ITEM( '', ( #520 ), #521 );
#138 = STYLED_ITEM( '', ( #522 ), #523 );
#139 = STYLED_ITEM( '', ( #524 ), #525 );
#140 = STYLED_ITEM( '', ( #526 ), #527 );
#141 = STYLED_ITEM( '', ( #528 ), #529 );
#142 = STYLED_ITEM( '', ( #530 ), #531 );
#143 = STYLED_ITEM( '', ( #532 ), #533 );
#144 = STYLED_ITEM( '', ( #534 ), #535 );
#145 = STYLED_ITEM( '', ( #536 ), #537 );
#146 = STYLED_ITEM( '', ( #538 ), #539 );
#147 = STYLED_ITEM( '', ( #540 ), #541 );
#148 = STYLED_ITEM( '', ( #542 ), #543 );
#149 = STYLED_ITEM( '', ( #544 ), #545 );
#150 = STYLED_ITEM( '', ( #546 ), #547 );
#151 = STYLED_ITEM( '', ( #548 ), #549 );
#152 = STYLED_ITEM( '', ( #550 ), #551 );
#153 = STYLED_ITEM( '', ( #552 ), #553 );
#154 = STYLED_ITEM( '', ( #554 ), #555 );
#155 = STYLED_ITEM( '', ( #556 ), #557 );
#156 = STYLED_ITEM( '', ( #558 ), #559 );
#157 = STYLED_ITEM( '', ( #560 ), #561 );
#158 = STYLED_ITEM( '', ( #562 ), #563 );
#159 = STYLED_ITEM( '', ( #564 ), #565 );
#160 = STYLED_ITEM( '', ( #566 ), #567 );
#161 = STYLED_ITEM( '', ( #568 ), #569 );
#162 = STYLED_ITEM( '', ( #570 ), #571 );
#163 = STYLED_ITEM( '', ( #572 ), #573 );
#164 = STYLED_ITEM( '', ( #574 ), #575 );
#165 = STYLED_ITEM( '', ( #576 ), #577 );
#166 = STYLED_ITEM( '', ( #578 ), #579 );
#167 = STYLED_ITEM( '', ( #580 ), #581 );
#168 = STYLED_ITEM( '', ( #582 ), #583 );
#169 = STYLED_ITEM( '', ( #584 ), #585 );
#170 = STYLED_ITEM( '', ( #586 ), #587 );
#171 = STYLED_ITEM( '', ( #588 ), #589 );
#172 = STYLED_ITEM( '', ( #590 ), #591 );
#173 = STYLED_ITEM( '', ( #592 ), #593 );
#174 = STYLED_ITEM( '', ( #594 ), #595 );
#175 = STYLED_ITEM( '', ( #596 ), #597 );
#176 = STYLED_ITEM( '', ( #598 ), #599 );
#177 = STYLED_ITEM( '', ( #600 ), #601 );
#178 = STYLED_ITEM( '', ( #602 ), #603 );
#179 = STYLED_ITEM( '', ( #604 ), #605 );
#180 = STYLED_ITEM( '', ( #606 ), #607 );
#181 = STYLED_ITEM( '', ( #608 ), #609 );
#182 = STYLED_ITEM( '', ( #610 ), #611 );
#183 = STYLED_ITEM( '', ( #612 ), #613 );
#184 = STYLED_ITEM( '', ( #614 ), #615 );
#185 = STYLED_ITEM( '', ( #616 ), #617 );
#186 = STYLED_ITEM( '', ( #618 ), #619 );
#187 = STYLED_ITEM( '', ( #620 ), #621 );
#188 = STYLED_ITEM( '', ( #622 ), #623 );
#189 = STYLED_ITEM( '', ( #624 ), #625 );
#190 = STYLED_ITEM( '', ( #626 ), #627 );
#191 = STYLED_ITEM( '', ( #628 ), #629 );
#192 = STYLED_ITEM( '', ( #630 ), #631 );
#193 = STYLED_ITEM( '', ( #632 ), #633 );
#194 = STYLED_ITEM( '', ( #634 ), #635 );
#195 = STYLED_ITEM( '', ( #636 ), #637 );
#196 = STYLED_ITEM( '', ( #638 ), #639 );
#197 = STYLED_ITEM( '', ( #640 ), #641 );
#198 = STYLED_ITEM( '', ( #642 ), #643 );
#199 = STYLED_ITEM( '', ( #644 ), #645 );
#200 = STYLED_ITEM( '', ( #646 ), #647 );
#201 = STYLED_ITEM( '', ( #648 ), #649 );
#202 = STYLED_ITEM( '', ( #650 ), #651 );
#203 = STYLED_ITEM( '', ( #652 ), #653 );
#204 = STYLED_ITEM( '', ( #654 ), #655 );
#205 = STYLED_ITEM( '', ( #656 ), #657 );
#206 = STYLED_ITEM( '', ( #658 ), #659 );
#207 = STYLED_ITEM( '', ( #660 ), #661 );
#208 = STYLED_ITEM( '', ( #662 ), #663 );
#209 = STYLED_ITEM( '', ( #664 ), #665 );
#210 = STYLED_ITEM( '', ( #666 ), #667 );
#211 = STYLED_ITEM( '', ( #668 ), #669 );
#212 = STYLED_ITEM( '', ( #670 ), #671 );
#213 = STYLED_ITEM( '', ( #672 ), #673 );
#214 = STYLED_ITEM( '', ( #674 ), #675 );
#215 = STYLED_ITEM( '', ( #676 ), #677 );
#216 = STYLED_ITEM( '', ( #678 ), #679 );
#217 = STYLED_ITEM( '', ( #680 ), #681 );
#218 = STYLED_ITEM( '', ( #682 ), #683 );
#219 = STYLED_ITEM( '', ( #684 ), #685 );
#220 = STYLED_ITEM( '', ( #686 ), #687 );
#221 = STYLED_ITEM( '', ( #688 ), #689 );
#222 = STYLED_ITEM( '', ( #690 ), #691 );
#223 = STYLED_ITEM( '', ( #692 ), #693 );
#224 = STYLED_ITEM( '', ( #694 ), #695 );
#225 = STYLED_ITEM( '', ( #696 ), #697 );
#226 = STYLED_ITEM( '', ( #698 ), #699 );
#227 = STYLED_ITEM( '', ( #700 ), #701 );
#228 = STYLED_ITEM( '', ( #702 ), #703 );
#229 = STYLED_ITEM( '', ( #704 ), #705 );
#230 = STYLED_ITEM( '', ( #706 ), #707 );
#231 = STYLED_ITEM( '', ( #708 ), #709 );
#232 = STYLED_ITEM( '', ( #710 ), #711 );
#233 = STYLED_ITEM( '', ( #712 ), #713 );
#234 = STYLED_ITEM( '', ( #714 ), #715 );
#235 = STYLED_ITEM( '', ( #716 ), #717 );
#236 = STYLED_ITEM( '', ( #718 ), #719 );
#237 = STYLED_ITEM( '', ( #720 ), #721 );
#238 = STYLED_ITEM( '', ( #722 ), #723 );
#239 = STYLED_ITEM( '', ( #724 ), #725 );
#240 = STYLED_ITEM( '', ( #726 ), #727 );
#241 = STYLED_ITEM( '', ( #728 ), #729 );
#242 = STYLED_ITEM( '', ( #730 ), #731 );
#243 = STYLED_ITEM( '', ( #732 ), #733 );
#244 = STYLED_ITEM( '', ( #734 ), #735 );
#245 = STYLED_ITEM( '', ( #736 ), #737 );
#246 = STYLED_ITEM( '', ( #738 ), #739 );
#247 = STYLED_ITEM( '', ( #740 ), #741 );
#248 = STYLED_ITEM( '', ( #742 ), #743 );
#249 = STYLED_ITEM( '', ( #744 ), #745 );
#250 = STYLED_ITEM( '', ( #746 ), #747 );
#251 = STYLED_ITEM( '', ( #748 ), #749 );
#252 = STYLED_ITEM( '', ( #750 ), #751 );
#253 = STYLED_ITEM( '', ( #752 ), #753 );
#254 = STYLED_ITEM( '', ( #754 ), #755 );
#255 = STYLED_ITEM( '', ( #756 ), #757 );
#256 = STYLED_ITEM( '', ( #758 ), #759 );
#257 = STYLED_ITEM( '', ( #760 ), #761 );
#258 = STYLED_ITEM( '', ( #762 ), #763 );
#259 = STYLED_ITEM( '', ( #764 ), #765 );
#260 = STYLED_ITEM( '', ( #766 ), #767 );
#261 = STYLED_ITEM( '', ( #768 ), #769 );
#262 = STYLED_ITEM( '', ( #770 ), #771 );
#263 = STYLED_ITEM( '', ( #772 ), #773 );
#264 = STYLED_ITEM( '', ( #774 ), #775 );
#265 = STYLED_ITEM( '', ( #776 ), #777 );
#266 = STYLED_ITEM( '', ( #778 ), #779 );
#267 = STYLED_ITEM( '', ( #780 ), #781 );
#268 = STYLED_ITEM( '', ( #782 ), #783 );
#269 = STYLED_ITEM( '', ( #784 ), #785 );
#270 = STYLED_ITEM( '', ( #786 ), #787 );
#271 = STYLED_ITEM( '', ( #788 ), #789 );
#272 = STYLED_ITEM( '', ( #790 ), #791 );
#273 = STYLED_ITEM( '', ( #792 ), #793 );
#274 = STYLED_ITEM( '', ( #794 ), #795 );
#275 = STYLED_ITEM( '', ( #796 ), #797 );
#276 = STYLED_ITEM( '', ( #798 ), #799 );
#277 = STYLED_ITEM( '', ( #800 ), #801 );
#278 = STYLED_ITEM( '', ( #802 ), #803 );
#279 = STYLED_ITEM( '', ( #804 ), #805 );
#280 = STYLED_ITEM( '', ( #806 ), #807 );
#281 = STYLED_ITEM( '', ( #808 ), #809 );
#282 = STYLED_ITEM( '', ( #810 ), #811 );
#283 = STYLED_ITEM( '', ( #812 ), #813 );
#284 = STYLED_ITEM( '', ( #814 ), #815 );
#285 = STYLED_ITEM( '', ( #816 ), #817 );
#286 = STYLED_ITEM( '', ( #818 ), #819 );
#287 = STYLED_ITEM( '', ( #820 ), #821 );
#288 = STYLED_ITEM( '', ( #822 ), #823 );
#289 = STYLED_ITEM( '', ( #824 ), #825 );
#290 = STYLED_ITEM( '', ( #826 ), #827 );
#291 = STYLED_ITEM( '', ( #828 ), #829 );
#292 = STYLED_ITEM( '', ( #830 ), #831 );
#293 = STYLED_ITEM( '', ( #832 ), #833 );
#294 = STYLED_ITEM( '', ( #834 ), #835 );
#295 = STYLED_ITEM( '', ( #836 ), #837 );
#296 = STYLED_ITEM( '', ( #838 ), #839 );
#299 = UNCERTAINTY_MEASURE_WITH_UNIT( LENGTH_MEASURE( 3.93701000000000E-05 ), #301, '', '' );
#301 =  ( CONVERSION_BASED_UNIT( 'INCH', #842 )LENGTH_UNIT(  )NAMED_UNIT( #845 ) );
#302 =  ( NAMED_UNIT( #847 )PLANE_ANGLE_UNIT(  )SI_UNIT( $, .RADIAN. ) );
#303 =  ( NAMED_UNIT( #847 )SI_UNIT( $, .STERADIAN. )SOLID_ANGLE_UNIT(  ) );
#305 = PRODUCT( 'FTSH-105-01-F-DV-K', 'FTSH-105-01-F-DV-K', 'PART-FTSH-105-01-F-DV-K-DESC', ( #853 ) );
#306 = PRODUCT_DEFINITION( 'NONE', 'NONE', #854, #1 );
#307 = AXIS2_PLACEMENT_3D( '', #855, #856, #857 );
#308 = AXIS2_PLACEMENT_3D( '', #858, #859, #860 );
#309 = AXIS2_PLACEMENT_3D( '', #861, #862, #863 );
#310 = AXIS2_PLACEMENT_3D( '', #864, #865, #866 );
#311 =  ( GEOMETRIC_REPRESENTATION_CONTEXT( 3 )GLOBAL_UNCERTAINTY_ASSIGNED_CONTEXT( ( #869 ) )GLOBAL_UNIT_ASSIGNED_CONTEXT( ( #871, #872, #873 ) )REPRESENTATION_CONTEXT( 'NONE', 'WORKSPACE' ) );
#312 = PRODUCT( '_FTSH-105-01-F-DV-K_body', '_FTSH-105-01-F-DV-K_body', 'PART-_FTSH-105-01-F-DV-K_body-DESC', ( #853 ) );
#315 = ITEM_DEFINED_TRANSFORMATION( '', '', #307, #308 );
#317 = NEXT_ASSEMBLY_USAGE_OCCURRENCE( 'NAUO1', '_FTSH-105-01-F-DV-K_body', '_FTSH-105-01-F-DV-K_body', #306, #318, $ );
#318 = PRODUCT_DEFINITION( '_FTSH-105-01-F-DV-K_body', '_FTSH-105-01-F-DV-K_body', #875, #1 );
#319 = MANIFOLD_SOLID_BREP( '_FTSH-105-01-F-DV-K_body', #876 );
#320 = PRODUCT( '_FTSH-105-01-F-DV-K_pins1', '_FTSH-105-01-F-DV-K_pins1', 'PART-_FTSH-105-01-F-DV-K_pins1-DESC', ( #853 ) );
#323 = ITEM_DEFINED_TRANSFORMATION( '', '', #307, #309 );
#325 = NEXT_ASSEMBLY_USAGE_OCCURRENCE( 'NAUO2', '_FTSH-105-01-F-DV-K_pins1', '_FTSH-105-01-F-DV-K_pins1', #306, #326, $ );
#326 = PRODUCT_DEFINITION( '_FTSH-105-01-F-DV-K_pins1', '_FTSH-105-01-F-DV-K_pins1', #877, #1 );
#327 = MANIFOLD_SOLID_BREP( '_FTSH-105-01-F-DV-K_pins1', #878 );
#328 = PRODUCT( '_FTSH-105-01-F-DV-K_pins2', '_FTSH-105-01-F-DV-K_pins2', 'PART-_FTSH-105-01-F-DV-K_pins2-DESC', ( #853 ) );
#331 = ITEM_DEFINED_TRANSFORMATION( '', '', #307, #310 );
#333 = NEXT_ASSEMBLY_USAGE_OCCURRENCE( 'NAUO3', '_FTSH-105-01-F-DV-K_pins2', '_FTSH-105-01-F-DV-K_pins2', #306, #334, $ );
#334 = PRODUCT_DEFINITION( '_FTSH-105-01-F-DV-K_pins2', '_FTSH-105-01-F-DV-K_pins2', #879, #1 );
#335 = MANIFOLD_SOLID_BREP( '_FTSH-105-01-F-DV-K_pins2', #880 );
#336 = PRESENTATION_STYLE_ASSIGNMENT( ( #881 ) );
#337 = ADVANCED_FACE( '', ( #882 ), #883, .T. );
#338 = PRESENTATION_STYLE_ASSIGNMENT( ( #884 ) );
#339 = ADVANCED_FACE( '', ( #885 ), #886, .T. );
#340 = PRESENTATION_STYLE_ASSIGNMENT( ( #887 ) );
#341 = ADVANCED_FACE( '', ( #888 ), #889, .T. );
#342 = PRESENTATION_STYLE_ASSIGNMENT( ( #890 ) );
#343 = ADVANCED_FACE( '', ( #891 ), #892, .F. );
#344 = PRESENTATION_STYLE_ASSIGNMENT( ( #893 ) );
#345 = ADVANCED_FACE( '', ( #894 ), #895, .F. );
#346 = PRESENTATION_STYLE_ASSIGNMENT( ( #896 ) );
#347 = ADVANCED_FACE( '', ( #897 ), #898, .T. );
#348 = PRESENTATION_STYLE_ASSIGNMENT( ( #899 ) );
#349 = ADVANCED_FACE( '', ( #900 ), #901, .T. );
#350 = PRESENTATION_STYLE_ASSIGNMENT( ( #902 ) );
#351 = ADVANCED_FACE( '', ( #903 ), #904, .T. );
#352 = PRESENTATION_STYLE_ASSIGNMENT( ( #905 ) );
#353 = ADVANCED_FACE( '', ( #906 ), #907, .T. );
#354 = PRESENTATION_STYLE_ASSIGNMENT( ( #908 ) );
#355 = ADVANCED_FACE( '', ( #909 ), #910, .T. );
#356 = PRESENTATION_STYLE_ASSIGNMENT( ( #911 ) );
#357 = ADVANCED_FACE( '', ( #912 ), #913, .T. );
#358 = PRESENTATION_STYLE_ASSIGNMENT( ( #914 ) );
#359 = ADVANCED_FACE( '', ( #915 ), #916, .T. );
#360 = PRESENTATION_STYLE_ASSIGNMENT( ( #917 ) );
#361 = ADVANCED_FACE( '', ( #918 ), #919, .T. );
#362 = PRESENTATION_STYLE_ASSIGNMENT( ( #920 ) );
#363 = ADVANCED_FACE( '', ( #921 ), #922, .T. );
#364 = PRESENTATION_STYLE_ASSIGNMENT( ( #923 ) );
#365 = ADVANCED_FACE( '', ( #924 ), #925, .F. );
#366 = PRESENTATION_STYLE_ASSIGNMENT( ( #926 ) );
#367 = ADVANCED_FACE( '', ( #927 ), #928, .F. );
#368 = PRESENTATION_STYLE_ASSIGNMENT( ( #929 ) );
#369 = ADVANCED_FACE( '', ( #930 ), #931, .T. );
#370 = PRESENTATION_STYLE_ASSIGNMENT( ( #932 ) );
#371 = ADVANCED_FACE( '', ( #933 ), #934, .T. );
#372 = PRESENTATION_STYLE_ASSIGNMENT( ( #935 ) );
#373 = ADVANCED_FACE( '', ( #936 ), #937, .T. );
#374 = PRESENTATION_STYLE_ASSIGNMENT( ( #938 ) );
#375 = ADVANCED_FACE( '', ( #939 ), #940, .T. );
#376 = PRESENTATION_STYLE_ASSIGNMENT( ( #941 ) );
#377 = ADVANCED_FACE( '', ( #942 ), #943, .T. );
#378 = PRESENTATION_STYLE_ASSIGNMENT( ( #944 ) );
#379 = ADVANCED_FACE( '', ( #945 ), #946, .T. );
#380 = PRESENTATION_STYLE_ASSIGNMENT( ( #947 ) );
#381 = ADVANCED_FACE( '', ( #948 ), #949, .F. );
#382 = PRESENTATION_STYLE_ASSIGNMENT( ( #950 ) );
#383 = ADVANCED_FACE( '', ( #951 ), #952, .T. );
#384 = PRESENTATION_STYLE_ASSIGNMENT( ( #953 ) );
#385 = ADVANCED_FACE( '', ( #954 ), #955, .F. );
#386 = PRESENTATION_STYLE_ASSIGNMENT( ( #956 ) );
#387 = ADVANCED_FACE( '', ( #957 ), #958, .T. );
#388 = PRESENTATION_STYLE_ASSIGNMENT( ( #959 ) );
#389 = ADVANCED_FACE( '', ( #960 ), #961, .T. );
#390 = PRESENTATION_STYLE_ASSIGNMENT( ( #962 ) );
#391 = ADVANCED_FACE( '', ( #963 ), #964, .T. );
#392 = PRESENTATION_STYLE_ASSIGNMENT( ( #965 ) );
#393 = ADVANCED_FACE( '', ( #966 ), #967, .T. );
#394 = PRESENTATION_STYLE_ASSIGNMENT( ( #968 ) );
#395 = ADVANCED_FACE( '', ( #969 ), #970, .T. );
#396 = PRESENTATION_STYLE_ASSIGNMENT( ( #971 ) );
#397 = ADVANCED_FACE( '', ( #972 ), #973, .F. );
#398 = PRESENTATION_STYLE_ASSIGNMENT( ( #974 ) );
#399 = ADVANCED_FACE( '', ( #975 ), #976, .T. );
#400 = PRESENTATION_STYLE_ASSIGNMENT( ( #977 ) );
#401 = ADVANCED_FACE( '', ( #978 ), #979, .T. );
#402 = PRESENTATION_STYLE_ASSIGNMENT( ( #980 ) );
#403 = ADVANCED_FACE( '', ( #981 ), #982, .F. );
#404 = PRESENTATION_STYLE_ASSIGNMENT( ( #983 ) );
#405 = ADVANCED_FACE( '', ( #984 ), #985, .T. );
#406 = PRESENTATION_STYLE_ASSIGNMENT( ( #986 ) );
#407 = ADVANCED_FACE( '', ( #987 ), #988, .T. );
#408 = PRESENTATION_STYLE_ASSIGNMENT( ( #989 ) );
#409 = ADVANCED_FACE( '', ( #990 ), #991, .F. );
#410 = PRESENTATION_STYLE_ASSIGNMENT( ( #992 ) );
#411 = ADVANCED_FACE( '', ( #993 ), #994, .T. );
#412 = PRESENTATION_STYLE_ASSIGNMENT( ( #995 ) );
#413 = ADVANCED_FACE( '', ( #996 ), #997, .F. );
#414 = PRESENTATION_STYLE_ASSIGNMENT( ( #998 ) );
#415 = ADVANCED_FACE( '', ( #999, #1000, #1001, #1002, #1003 ), #1004, .F. );
#416 = PRESENTATION_STYLE_ASSIGNMENT( ( #1005 ) );
#417 = ADVANCED_FACE( '', ( #1006 ), #1007, .F. );
#418 = PRESENTATION_STYLE_ASSIGNMENT( ( #1008 ) );
#419 = ADVANCED_FACE( '', ( #1009 ), #1010, .F. );
#420 = PRESENTATION_STYLE_ASSIGNMENT( ( #1011 ) );
#421 = ADVANCED_FACE( '', ( #1012 ), #1013, .T. );
#422 = PRESENTATION_STYLE_ASSIGNMENT( ( #1014 ) );
#423 = ADVANCED_FACE( '', ( #1015 ), #1016, .T. );
#424 = PRESENTATION_STYLE_ASSIGNMENT( ( #1017 ) );
#425 = ADVANCED_FACE( '', ( #1018 ), #1019, .T. );
#426 = PRESENTATION_STYLE_ASSIGNMENT( ( #1020 ) );
#427 = ADVANCED_FACE( '', ( #1021 ), #1022, .T. );
#428 = PRESENTATION_STYLE_ASSIGNMENT( ( #1023 ) );
#429 = ADVANCED_FACE( '', ( #1024 ), #1025, .F. );
#430 = PRESENTATION_STYLE_ASSIGNMENT( ( #1026 ) );
#431 = ADVANCED_FACE( '', ( #1027 ), #1028, .T. );
#432 = PRESENTATION_STYLE_ASSIGNMENT( ( #1029 ) );
#433 = ADVANCED_FACE( '', ( #1030 ), #1031, .T. );
#434 = PRESENTATION_STYLE_ASSIGNMENT( ( #1032 ) );
#435 = ADVANCED_FACE( '', ( #1033 ), #1034, .F. );
#436 = PRESENTATION_STYLE_ASSIGNMENT( ( #1035 ) );
#437 = ADVANCED_FACE( '', ( #1036 ), #1037, .T. );
#438 = PRESENTATION_STYLE_ASSIGNMENT( ( #1038 ) );
#439 = ADVANCED_FACE( '', ( #1039 ), #1040, .F. );
#440 = PRESENTATION_STYLE_ASSIGNMENT( ( #1041 ) );
#441 = ADVANCED_FACE( '', ( #1042 ), #1043, .T. );
#442 = PRESENTATION_STYLE_ASSIGNMENT( ( #1044 ) );
#443 = ADVANCED_FACE( '', ( #1045 ), #1046, .F. );
#444 = PRESENTATION_STYLE_ASSIGNMENT( ( #1047 ) );
#445 = ADVANCED_FACE( '', ( #1048 ), #1049, .F. );
#446 = PRESENTATION_STYLE_ASSIGNMENT( ( #1050 ) );
#447 = ADVANCED_FACE( '', ( #1051 ), #1052, .T. );
#448 = PRESENTATION_STYLE_ASSIGNMENT( ( #1053 ) );
#449 = ADVANCED_FACE( '', ( #1054 ), #1055, .T. );
#450 = PRESENTATION_STYLE_ASSIGNMENT( ( #1056 ) );
#451 = ADVANCED_FACE( '', ( #1057 ), #1058, .T. );
#452 = PRESENTATION_STYLE_ASSIGNMENT( ( #1059 ) );
#453 = ADVANCED_FACE( '', ( #1060 ), #1061, .F. );
#454 = PRESENTATION_STYLE_ASSIGNMENT( ( #1062 ) );
#455 = ADVANCED_FACE( '', ( #1063 ), #1064, .T. );
#456 = PRESENTATION_STYLE_ASSIGNMENT( ( #1065 ) );
#457 = ADVANCED_FACE( '', ( #1066 ), #1067, .F. );
#458 = PRESENTATION_STYLE_ASSIGNMENT( ( #1068 ) );
#459 = ADVANCED_FACE( '', ( #1069 ), #1070, .F. );
#460 = PRESENTATION_STYLE_ASSIGNMENT( ( #1071 ) );
#461 = ADVANCED_FACE( '', ( #1072 ), #1073, .T. );
#462 = PRESENTATION_STYLE_ASSIGNMENT( ( #1074 ) );
#463 = ADVANCED_FACE( '', ( #1075 ), #1076, .F. );
#464 = PRESENTATION_STYLE_ASSIGNMENT( ( #1077 ) );
#465 = ADVANCED_FACE( '', ( #1078 ), #1079, .F. );
#466 = PRESENTATION_STYLE_ASSIGNMENT( ( #1080 ) );
#467 = ADVANCED_FACE( '', ( #1081 ), #1082, .F. );
#468 = PRESENTATION_STYLE_ASSIGNMENT( ( #1083 ) );
#469 = ADVANCED_FACE( '', ( #1084 ), #1085, .F. );
#470 = PRESENTATION_STYLE_ASSIGNMENT( ( #1086 ) );
#471 = ADVANCED_FACE( '', ( #1087 ), #1088, .T. );
#472 = PRESENTATION_STYLE_ASSIGNMENT( ( #1089 ) );
#473 = ADVANCED_FACE( '', ( #1090 ), #1091, .T. );
#474 = PRESENTATION_STYLE_ASSIGNMENT( ( #1092 ) );
#475 = ADVANCED_FACE( '', ( #1093 ), #1094, .F. );
#476 = PRESENTATION_STYLE_ASSIGNMENT( ( #1095 ) );
#477 = ADVANCED_FACE( '', ( #1096 ), #1097, .T. );
#478 = PRESENTATION_STYLE_ASSIGNMENT( ( #1098 ) );
#479 = ADVANCED_FACE( '', ( #1099 ), #1100, .T. );
#480 = PRESENTATION_STYLE_ASSIGNMENT( ( #1101 ) );
#481 = ADVANCED_FACE( '', ( #1102 ), #1103, .T. );
#482 = PRESENTATION_STYLE_ASSIGNMENT( ( #1104 ) );
#483 = ADVANCED_FACE( '', ( #1105 ), #1106, .T. );
#484 = PRESENTATION_STYLE_ASSIGNMENT( ( #1107 ) );
#485 = ADVANCED_FACE( '', ( #1108 ), #1109, .T. );
#486 = PRESENTATION_STYLE_ASSIGNMENT( ( #1110 ) );
#487 = ADVANCED_FACE( '', ( #1111 ), #1112, .F. );
#488 = PRESENTATION_STYLE_ASSIGNMENT( ( #1113 ) );
#489 = ADVANCED_FACE( '', ( #1114 ), #1115, .T. );
#490 = PRESENTATION_STYLE_ASSIGNMENT( ( #1116 ) );
#491 = ADVANCED_FACE( '', ( #1117 ), #1118, .F. );
#492 = PRESENTATION_STYLE_ASSIGNMENT( ( #1119 ) );
#493 = ADVANCED_FACE( '', ( #1120 ), #1121, .F. );
#494 = PRESENTATION_STYLE_ASSIGNMENT( ( #1122 ) );
#495 = ADVANCED_FACE( '', ( #1123 ), #1124, .F. );
#496 = PRESENTATION_STYLE_ASSIGNMENT( ( #1125 ) );
#497 = ADVANCED_FACE( '', ( #1126 ), #1127, .F. );
#498 = PRESENTATION_STYLE_ASSIGNMENT( ( #1128 ) );
#499 = ADVANCED_FACE( '', ( #1129 ), #1130, .T. );
#500 = PRESENTATION_STYLE_ASSIGNMENT( ( #1131 ) );
#501 = ADVANCED_FACE( '', ( #1132 ), #1133, .F. );
#502 = PRESENTATION_STYLE_ASSIGNMENT( ( #1134 ) );
#503 = ADVANCED_FACE( '', ( #1135 ), #1136, .T. );
#504 = PRESENTATION_STYLE_ASSIGNMENT( ( #1137 ) );
#505 = ADVANCED_FACE( '', ( #1138 ), #1139, .T. );
#506 = PRESENTATION_STYLE_ASSIGNMENT( ( #1140 ) );
#507 = ADVANCED_FACE( '', ( #1141 ), #1142, .F. );
#508 = PRESENTATION_STYLE_ASSIGNMENT( ( #1143 ) );
#509 = ADVANCED_FACE( '', ( #1144 ), #1145, .T. );
#510 = PRESENTATION_STYLE_ASSIGNMENT( ( #1146 ) );
#511 = ADVANCED_FACE( '', ( #1147 ), #1148, .T. );
#512 = PRESENTATION_STYLE_ASSIGNMENT( ( #1149 ) );
#513 = ADVANCED_FACE( '', ( #1150 ), #1151, .F. );
#514 = PRESENTATION_STYLE_ASSIGNMENT( ( #1152 ) );
#515 = ADVANCED_FACE( '', ( #1153 ), #1154, .T. );
#516 = PRESENTATION_STYLE_ASSIGNMENT( ( #1155 ) );
#517 = ADVANCED_FACE( '', ( #1156 ), #1157, .T. );
#518 = PRESENTATION_STYLE_ASSIGNMENT( ( #1158 ) );
#519 = ADVANCED_FACE( '', ( #1159 ), #1160, .T. );
#520 = PRESENTATION_STYLE_ASSIGNMENT( ( #1161 ) );
#521 = ADVANCED_FACE( '', ( #1162 ), #1163, .T. );
#522 = PRESENTATION_STYLE_ASSIGNMENT( ( #1164 ) );
#523 = ADVANCED_FACE( '', ( #1165 ), #1166, .T. );
#524 = PRESENTATION_STYLE_ASSIGNMENT( ( #1167 ) );
#525 = ADVANCED_FACE( '', ( #1168 ), #1169, .F. );
#526 = PRESENTATION_STYLE_ASSIGNMENT( ( #1170 ) );
#527 = ADVANCED_FACE( '', ( #1171 ), #1172, .T. );
#528 = PRESENTATION_STYLE_ASSIGNMENT( ( #1173 ) );
#529 = ADVANCED_FACE( '', ( #1174 ), #1175, .T. );
#530 = PRESENTATION_STYLE_ASSIGNMENT( ( #1176 ) );
#531 = ADVANCED_FACE( '', ( #1177 ), #1178, .F. );
#532 = PRESENTATION_STYLE_ASSIGNMENT( ( #1179 ) );
#533 = ADVANCED_FACE( '', ( #1180 ), #1181, .T. );
#534 = PRESENTATION_STYLE_ASSIGNMENT( ( #1182 ) );
#535 = ADVANCED_FACE( '', ( #1183 ), #1184, .F. );
#536 = PRESENTATION_STYLE_ASSIGNMENT( ( #1185 ) );
#537 = ADVANCED_FACE( '', ( #1186 ), #1187, .F. );
#538 = PRESENTATION_STYLE_ASSIGNMENT( ( #1188 ) );
#539 = ADVANCED_FACE( '', ( #1189 ), #1190, .T. );
#540 = PRESENTATION_STYLE_ASSIGNMENT( ( #1191 ) );
#541 = ADVANCED_FACE( '', ( #1192 ), #1193, .T. );
#542 = PRESENTATION_STYLE_ASSIGNMENT( ( #1194 ) );
#543 = ADVANCED_FACE( '', ( #1195 ), #1196, .T. );
#544 = PRESENTATION_STYLE_ASSIGNMENT( ( #1197 ) );
#545 = ADVANCED_FACE( '', ( #1198 ), #1199, .T. );
#546 = PRESENTATION_STYLE_ASSIGNMENT( ( #1200 ) );
#547 = ADVANCED_FACE( '', ( #1201 ), #1202, .F. );
#548 = PRESENTATION_STYLE_ASSIGNMENT( ( #1203 ) );
#549 = ADVANCED_FACE( '', ( #1204 ), #1205, .F. );
#550 = PRESENTATION_STYLE_ASSIGNMENT( ( #1206 ) );
#551 = ADVANCED_FACE( '', ( #1207 ), #1208, .T. );
#552 = PRESENTATION_STYLE_ASSIGNMENT( ( #1209 ) );
#553 = ADVANCED_FACE( '', ( #1210 ), #1211, .F. );
#554 = PRESENTATION_STYLE_ASSIGNMENT( ( #1212 ) );
#555 = ADVANCED_FACE( '', ( #1213 ), #1214, .T. );
#556 = PRESENTATION_STYLE_ASSIGNMENT( ( #1215 ) );
#557 = ADVANCED_FACE( '', ( #1216 ), #1217, .T. );
#558 = PRESENTATION_STYLE_ASSIGNMENT( ( #1218 ) );
#559 = ADVANCED_FACE( '', ( #1219 ), #1220, .F. );
#560 = PRESENTATION_STYLE_ASSIGNMENT( ( #1221 ) );
#561 = ADVANCED_FACE( '', ( #1222 ), #1223, .T. );
#562 = PRESENTATION_STYLE_ASSIGNMENT( ( #1224 ) );
#563 = ADVANCED_FACE( '', ( #1225 ), #1226, .T. );
#564 = PRESENTATION_STYLE_ASSIGNMENT( ( #1227 ) );
#565 = ADVANCED_FACE( '', ( #1228 ), #1229, .T. );
#566 = PRESENTATION_STYLE_ASSIGNMENT( ( #1230 ) );
#567 = ADVANCED_FACE( '', ( #1231 ), #1232, .T. );
#568 = PRESENTATION_STYLE_ASSIGNMENT( ( #1233 ) );
#569 = ADVANCED_FACE( '', ( #1234 ), #1235, .T. );
#570 = PRESENTATION_STYLE_ASSIGNMENT( ( #1236 ) );
#571 = ADVANCED_FACE( '', ( #1237 ), #1238, .F. );
#572 = PRESENTATION_STYLE_ASSIGNMENT( ( #1239 ) );
#573 = ADVANCED_FACE( '', ( #1240 ), #1241, .T. );
#574 = PRESENTATION_STYLE_ASSIGNMENT( ( #1242 ) );
#575 = ADVANCED_FACE( '', ( #1243 ), #1244, .T. );
#576 = PRESENTATION_STYLE_ASSIGNMENT( ( #1245 ) );
#577 = ADVANCED_FACE( '', ( #1246 ), #1247, .T. );
#578 = PRESENTATION_STYLE_ASSIGNMENT( ( #1248 ) );
#579 = ADVANCED_FACE( '', ( #1249 ), #1250, .F. );
#580 = PRESENTATION_STYLE_ASSIGNMENT( ( #1251 ) );
#581 = ADVANCED_FACE( '', ( #1252 ), #1253, .T. );
#582 = PRESENTATION_STYLE_ASSIGNMENT( ( #1254 ) );
#583 = ADVANCED_FACE( '', ( #1255 ), #1256, .T. );
#584 = PRESENTATION_STYLE_ASSIGNMENT( ( #1257 ) );
#585 = ADVANCED_FACE( '', ( #1258 ), #1259, .T. );
#586 = PRESENTATION_STYLE_ASSIGNMENT( ( #1260 ) );
#587 = ADVANCED_FACE( '', ( #1261 ), #1262, .F. );
#588 = PRESENTATION_STYLE_ASSIGNMENT( ( #1263 ) );
#589 = ADVANCED_FACE( '', ( #1264 ), #1265, .T. );
#590 = PRESENTATION_STYLE_ASSIGNMENT( ( #1266 ) );
#591 = ADVANCED_FACE( '', ( #1267 ), #1268, .T. );
#592 = PRESENTATION_STYLE_ASSIGNMENT( ( #1269 ) );
#593 = ADVANCED_FACE( '', ( #1270 ), #1271, .F. );
#594 = PRESENTATION_STYLE_ASSIGNMENT( ( #1272 ) );
#595 = ADVANCED_FACE( '', ( #1273 ), #1274, .F. );
#596 = PRESENTATION_STYLE_ASSIGNMENT( ( #1275 ) );
#597 = ADVANCED_FACE( '', ( #1276 ), #1277, .T. );
#598 = PRESENTATION_STYLE_ASSIGNMENT( ( #1278 ) );
#599 = ADVANCED_FACE( '', ( #1279 ), #1280, .T. );
#600 = PRESENTATION_STYLE_ASSIGNMENT( ( #1281 ) );
#601 = ADVANCED_FACE( '', ( #1282 ), #1283, .T. );
#602 = PRESENTATION_STYLE_ASSIGNMENT( ( #1284 ) );
#603 = ADVANCED_FACE( '', ( #1285 ), #1286, .T. );
#604 = PRESENTATION_STYLE_ASSIGNMENT( ( #1287 ) );
#605 = ADVANCED_FACE( '', ( #1288 ), #1289, .F. );
#606 = PRESENTATION_STYLE_ASSIGNMENT( ( #1290 ) );
#607 = ADVANCED_FACE( '', ( #1291 ), #1292, .F. );
#608 = PRESENTATION_STYLE_ASSIGNMENT( ( #1293 ) );
#609 = ADVANCED_FACE( '', ( #1294 ), #1295, .F. );
#610 = PRESENTATION_STYLE_ASSIGNMENT( ( #1296 ) );
#611 = ADVANCED_FACE( '', ( #1297 ), #1298, .T. );
#612 = PRESENTATION_STYLE_ASSIGNMENT( ( #1299 ) );
#613 = ADVANCED_FACE( '', ( #1300 ), #1301, .T. );
#614 = PRESENTATION_STYLE_ASSIGNMENT( ( #1302 ) );
#615 = ADVANCED_FACE( '', ( #1303, #1304, #1305, #1306, #1307, #1308, #1309, #1310, #1311, #1312, #1313 ), #1314, .T. );
#616 = PRESENTATION_STYLE_ASSIGNMENT( ( #1315 ) );
#617 = ADVANCED_FACE( '', ( #1316 ), #1317, .T. );
#618 = PRESENTATION_STYLE_ASSIGNMENT( ( #1318 ) );
#619 = ADVANCED_FACE( '', ( #1319 ), #1320, .T. );
#620 = PRESENTATION_STYLE_ASSIGNMENT( ( #1321 ) );
#621 = ADVANCED_FACE( '', ( #1322 ), #1323, .F. );
#622 = PRESENTATION_STYLE_ASSIGNMENT( ( #1324 ) );
#623 = ADVANCED_FACE( '', ( #1325 ), #1326, .F. );
#624 = PRESENTATION_STYLE_ASSIGNMENT( ( #1327 ) );
#625 = ADVANCED_FACE( '', ( #1328 ), #1329, .F. );
#626 = PRESENTATION_STYLE_ASSIGNMENT( ( #1330 ) );
#627 = ADVANCED_FACE( '', ( #1331 ), #1332, .T. );
#628 = PRESENTATION_STYLE_ASSIGNMENT( ( #1333 ) );
#629 = ADVANCED_FACE( '', ( #1334 ), #1335, .F. );
#630 = PRESENTATION_STYLE_ASSIGNMENT( ( #1336 ) );
#631 = ADVANCED_FACE( '', ( #1337 ), #1338, .T. );
#632 = PRESENTATION_STYLE_ASSIGNMENT( ( #1339 ) );
#633 = ADVANCED_FACE( '', ( #1340 ), #1341, .T. );
#634 = PRESENTATION_STYLE_ASSIGNMENT( ( #1342 ) );
#635 = ADVANCED_FACE( '', ( #1343 ), #1344, .T. );
#636 = PRESENTATION_STYLE_ASSIGNMENT( ( #1345 ) );
#637 = ADVANCED_FACE( '', ( #1346 ), #1347, .T. );
#638 = PRESENTATION_STYLE_ASSIGNMENT( ( #1348 ) );
#639 = ADVANCED_FACE( '', ( #1349 ), #1350, .T. );
#640 = PRESENTATION_STYLE_ASSIGNMENT( ( #1351 ) );
#641 = ADVANCED_FACE( '', ( #1352 ), #1353, .F. );
#642 = PRESENTATION_STYLE_ASSIGNMENT( ( #1354 ) );
#643 = ADVANCED_FACE( '', ( #1355 ), #1356, .T. );
#644 = PRESENTATION_STYLE_ASSIGNMENT( ( #1357 ) );
#645 = ADVANCED_FACE( '', ( #1358 ), #1359, .F. );
#646 = PRESENTATION_STYLE_ASSIGNMENT( ( #1360 ) );
#647 = ADVANCED_FACE( '', ( #1361 ), #1362, .T. );
#648 = PRESENTATION_STYLE_ASSIGNMENT( ( #1363 ) );
#649 = ADVANCED_FACE( '', ( #1364 ), #1365, .F. );
#650 = PRESENTATION_STYLE_ASSIGNMENT( ( #1366 ) );
#651 = ADVANCED_FACE( '', ( #1367 ), #1368, .T. );
#652 = PRESENTATION_STYLE_ASSIGNMENT( ( #1369 ) );
#653 = ADVANCED_FACE( '', ( #1370 ), #1371, .F. );
#654 = PRESENTATION_STYLE_ASSIGNMENT( ( #1372 ) );
#655 = ADVANCED_FACE( '', ( #1373 ), #1374, .F. );
#656 = PRESENTATION_STYLE_ASSIGNMENT( ( #1375 ) );
#657 = ADVANCED_FACE( '', ( #1376 ), #1377, .T. );
#658 = PRESENTATION_STYLE_ASSIGNMENT( ( #1378 ) );
#659 = ADVANCED_FACE( '', ( #1379 ), #1380, .T. );
#660 = PRESENTATION_STYLE_ASSIGNMENT( ( #1381 ) );
#661 = ADVANCED_FACE( '', ( #1382 ), #1383, .F. );
#662 = PRESENTATION_STYLE_ASSIGNMENT( ( #1384 ) );
#663 = ADVANCED_FACE( '', ( #1385 ), #1386, .T. );
#664 = PRESENTATION_STYLE_ASSIGNMENT( ( #1387 ) );
#665 = ADVANCED_FACE( '', ( #1388 ), #1389, .F. );
#666 = PRESENTATION_STYLE_ASSIGNMENT( ( #1390 ) );
#667 = ADVANCED_FACE( '', ( #1391 ), #1392, .T. );
#668 = PRESENTATION_STYLE_ASSIGNMENT( ( #1393 ) );
#669 = ADVANCED_FACE( '', ( #1394 ), #1395, .T. );
#670 = PRESENTATION_STYLE_ASSIGNMENT( ( #1396 ) );
#671 = ADVANCED_FACE( '', ( #1397 ), #1398, .F. );
#672 = PRESENTATION_STYLE_ASSIGNMENT( ( #1399 ) );
#673 = ADVANCED_FACE( '', ( #1400 ), #1401, .F. );
#674 = PRESENTATION_STYLE_ASSIGNMENT( ( #1402 ) );
#675 = ADVANCED_FACE( '', ( #1403 ), #1404, .F. );
#676 = PRESENTATION_STYLE_ASSIGNMENT( ( #1405 ) );
#677 = ADVANCED_FACE( '', ( #1406 ), #1407, .T. );
#678 = PRESENTATION_STYLE_ASSIGNMENT( ( #1408 ) );
#679 = ADVANCED_FACE( '', ( #1409 ), #1410, .F. );
#680 = PRESENTATION_STYLE_ASSIGNMENT( ( #1411 ) );
#681 = ADVANCED_FACE( '', ( #1412 ), #1413, .T. );
#682 = PRESENTATION_STYLE_ASSIGNMENT( ( #1414 ) );
#683 = ADVANCED_FACE( '', ( #1415 ), #1416, .T. );
#684 = PRESENTATION_STYLE_ASSIGNMENT( ( #1417 ) );
#685 = ADVANCED_FACE( '', ( #1418 ), #1419, .T. );
#686 = PRESENTATION_STYLE_ASSIGNMENT( ( #1420 ) );
#687 = ADVANCED_FACE( '', ( #1421 ), #1422, .T. );
#688 = PRESENTATION_STYLE_ASSIGNMENT( ( #1423 ) );
#689 = ADVANCED_FACE( '', ( #1424 ), #1425, .T. );
#690 = PRESENTATION_STYLE_ASSIGNMENT( ( #1426 ) );
#691 = ADVANCED_FACE( '', ( #1427 ), #1428, .T. );
#692 = PRESENTATION_STYLE_ASSIGNMENT( ( #1429 ) );
#693 = ADVANCED_FACE( '', ( #1430 ), #1431, .T. );
#694 = PRESENTATION_STYLE_ASSIGNMENT( ( #1432 ) );
#695 = ADVANCED_FACE( '', ( #1433 ), #1434, .T. );
#696 = PRESENTATION_STYLE_ASSIGNMENT( ( #1435 ) );
#697 = ADVANCED_FACE( '', ( #1436 ), #1437, .T. );
#698 = PRESENTATION_STYLE_ASSIGNMENT( ( #1438 ) );
#699 = ADVANCED_FACE( '', ( #1439 ), #1440, .F. );
#700 = PRESENTATION_STYLE_ASSIGNMENT( ( #1441 ) );
#701 = ADVANCED_FACE( '', ( #1442 ), #1443, .T. );
#702 = PRESENTATION_STYLE_ASSIGNMENT( ( #1444 ) );
#703 = ADVANCED_FACE( '', ( #1445 ), #1446, .F. );
#704 = PRESENTATION_STYLE_ASSIGNMENT( ( #1447 ) );
#705 = ADVANCED_FACE( '', ( #1448 ), #1449, .T. );
#706 = PRESENTATION_STYLE_ASSIGNMENT( ( #1450 ) );
#707 = ADVANCED_FACE( '', ( #1451 ), #1452, .T. );
#708 = PRESENTATION_STYLE_ASSIGNMENT( ( #1453 ) );
#709 = ADVANCED_FACE( '', ( #1454 ), #1455, .T. );
#710 = PRESENTATION_STYLE_ASSIGNMENT( ( #1456 ) );
#711 = ADVANCED_FACE( '', ( #1457 ), #1458, .F. );
#712 = PRESENTATION_STYLE_ASSIGNMENT( ( #1459 ) );
#713 = ADVANCED_FACE( '', ( #1460 ), #1461, .T. );
#714 = PRESENTATION_STYLE_ASSIGNMENT( ( #1462 ) );
#715 = ADVANCED_FACE( '', ( #1463 ), #1464, .F. );
#716 = PRESENTATION_STYLE_ASSIGNMENT( ( #1465 ) );
#717 = ADVANCED_FACE( '', ( #1466 ), #1467, .T. );
#718 = PRESENTATION_STYLE_ASSIGNMENT( ( #1468 ) );
#719 = ADVANCED_FACE( '', ( #1469 ), #1470, .T. );
#720 = PRESENTATION_STYLE_ASSIGNMENT( ( #1471 ) );
#721 = ADVANCED_FACE( '', ( #1472 ), #1473, .F. );
#722 = PRESENTATION_STYLE_ASSIGNMENT( ( #1474 ) );
#723 = ADVANCED_FACE( '', ( #1475 ), #1476, .T. );
#724 = PRESENTATION_STYLE_ASSIGNMENT( ( #1477 ) );
#725 = ADVANCED_FACE( '', ( #1478 ), #1479, .T. );
#726 = PRESENTATION_STYLE_ASSIGNMENT( ( #1480 ) );
#727 = ADVANCED_FACE( '', ( #1481 ), #1482, .T. );
#728 = PRESENTATION_STYLE_ASSIGNMENT( ( #1483 ) );
#729 = ADVANCED_FACE( '', ( #1484 ), #1485, .T. );
#730 = PRESENTATION_STYLE_ASSIGNMENT( ( #1486 ) );
#731 = ADVANCED_FACE( '', ( #1487 ), #1488, .T. );
#732 = PRESENTATION_STYLE_ASSIGNMENT( ( #1489 ) );
#733 = ADVANCED_FACE( '', ( #1490 ), #1491, .T. );
#734 = PRESENTATION_STYLE_ASSIGNMENT( ( #1492 ) );
#735 = ADVANCED_FACE( '', ( #1493 ), #1494, .T. );
#736 = PRESENTATION_STYLE_ASSIGNMENT( ( #1495 ) );
#737 = ADVANCED_FACE( '', ( #1496 ), #1497, .T. );
#738 = PRESENTATION_STYLE_ASSIGNMENT( ( #1498 ) );
#739 = ADVANCED_FACE( '', ( #1499 ), #1500, .T. );
#740 = PRESENTATION_STYLE_ASSIGNMENT( ( #1501 ) );
#741 = ADVANCED_FACE( '', ( #1502 ), #1503, .T. );
#742 = PRESENTATION_STYLE_ASSIGNMENT( ( #1504 ) );
#743 = ADVANCED_FACE( '', ( #1505 ), #1506, .F. );
#744 = PRESENTATION_STYLE_ASSIGNMENT( ( #1507 ) );
#745 = ADVANCED_FACE( '', ( #1508 ), #1509, .F. );
#746 = PRESENTATION_STYLE_ASSIGNMENT( ( #1510 ) );
#747 = ADVANCED_FACE( '', ( #1511 ), #1512, .F. );
#748 = PRESENTATION_STYLE_ASSIGNMENT( ( #1513 ) );
#749 = ADVANCED_FACE( '', ( #1514 ), #1515, .T. );
#750 = PRESENTATION_STYLE_ASSIGNMENT( ( #1516 ) );
#751 = ADVANCED_FACE( '', ( #1517 ), #1518, .T. );
#752 = PRESENTATION_STYLE_ASSIGNMENT( ( #1519 ) );
#753 = ADVANCED_FACE( '', ( #1520 ), #1521, .T. );
#754 = PRESENTATION_STYLE_ASSIGNMENT( ( #1522 ) );
#755 = ADVANCED_FACE( '', ( #1523 ), #1524, .T. );
#756 = PRESENTATION_STYLE_ASSIGNMENT( ( #1525 ) );
#757 = ADVANCED_FACE( '', ( #1526 ), #1527, .T. );
#758 = PRESENTATION_STYLE_ASSIGNMENT( ( #1528 ) );
#759 = ADVANCED_FACE( '', ( #1529 ), #1530, .T. );
#760 = PRESENTATION_STYLE_ASSIGNMENT( ( #1531 ) );
#761 = ADVANCED_FACE( '', ( #1532 ), #1533, .T. );
#762 = PRESENTATION_STYLE_ASSIGNMENT( ( #1534 ) );
#763 = ADVANCED_FACE( '', ( #1535 ), #1536, .T. );
#764 = PRESENTATION_STYLE_ASSIGNMENT( ( #1537 ) );
#765 = ADVANCED_FACE( '', ( #1538 ), #1539, .T. );
#766 = PRESENTATION_STYLE_ASSIGNMENT( ( #1540 ) );
#767 = ADVANCED_FACE( '', ( #1541 ), #1542, .T. );
#768 = PRESENTATION_STYLE_ASSIGNMENT( ( #1543 ) );
#769 = ADVANCED_FACE( '', ( #1544 ), #1545, .T. );
#770 = PRESENTATION_STYLE_ASSIGNMENT( ( #1546 ) );
#771 = ADVANCED_FACE( '', ( #1547 ), #1548, .T. );
#772 = PRESENTATION_STYLE_ASSIGNMENT( ( #1549 ) );
#773 = ADVANCED_FACE( '', ( #1550 ), #1551, .T. );
#774 = PRESENTATION_STYLE_ASSIGNMENT( ( #1552 ) );
#775 = ADVANCED_FACE( '', ( #1553 ), #1554, .T. );
#776 = PRESENTATION_STYLE_ASSIGNMENT( ( #1555 ) );
#777 = ADVANCED_FACE( '', ( #1556 ), #1557, .F. );
#778 = PRESENTATION_STYLE_ASSIGNMENT( ( #1558 ) );
#779 = ADVANCED_FACE( '', ( #1559 ), #1560, .T. );
#780 = PRESENTATION_STYLE_ASSIGNMENT( ( #1561 ) );
#781 = ADVANCED_FACE( '', ( #1562 ), #1563, .F. );
#782 = PRESENTATION_STYLE_ASSIGNMENT( ( #1564 ) );
#783 = ADVANCED_FACE( '', ( #1565 ), #1566, .F. );
#784 = PRESENTATION_STYLE_ASSIGNMENT( ( #1567 ) );
#785 = ADVANCED_FACE( '', ( #1568 ), #1569, .F. );
#786 = PRESENTATION_STYLE_ASSIGNMENT( ( #1570 ) );
#787 = ADVANCED_FACE( '', ( #1571 ), #1572, .F. );
#788 = PRESENTATION_STYLE_ASSIGNMENT( ( #1573 ) );
#789 = ADVANCED_FACE( '', ( #1574 ), #1575, .T. );
#790 = PRESENTATION_STYLE_ASSIGNMENT( ( #1576 ) );
#791 = ADVANCED_FACE( '', ( #1577 ), #1578, .T. );
#792 = PRESENTATION_STYLE_ASSIGNMENT( ( #1579 ) );
#793 = ADVANCED_FACE( '', ( #1580 ), #1581, .T. );
#794 = PRESENTATION_STYLE_ASSIGNMENT( ( #1582 ) );
#795 = ADVANCED_FACE( '', ( #1583 ), #1584, .T. );
#796 = PRESENTATION_STYLE_ASSIGNMENT( ( #1585 ) );
#797 = ADVANCED_FACE( '', ( #1586 ), #1587, .T. );
#798 = PRESENTATION_STYLE_ASSIGNMENT( ( #1588 ) );
#799 = ADVANCED_FACE( '', ( #1589 ), #1590, .T. );
#800 = PRESENTATION_STYLE_ASSIGNMENT( ( #1591 ) );
#801 = ADVANCED_FACE( '', ( #1592 ), #1593, .T. );
#802 = PRESENTATION_STYLE_ASSIGNMENT( ( #1594 ) );
#803 = ADVANCED_FACE( '', ( #1595 ), #1596, .F. );
#804 = PRESENTATION_STYLE_ASSIGNMENT( ( #1597 ) );
#805 = ADVANCED_FACE( '', ( #1598 ), #1599, .T. );
#806 = PRESENTATION_STYLE_ASSIGNMENT( ( #1600 ) );
#807 = ADVANCED_FACE( '', ( #1601 ), #1602, .T. );
#808 = PRESENTATION_STYLE_ASSIGNMENT( ( #1603 ) );
#809 = ADVANCED_FACE( '', ( #1604 ), #1605, .T. );
#810 = PRESENTATION_STYLE_ASSIGNMENT( ( #1606 ) );
#811 = ADVANCED_FACE( '', ( #1607 ), #1608, .T. );
#812 = PRESENTATION_STYLE_ASSIGNMENT( ( #1609 ) );
#813 = ADVANCED_FACE( '', ( #1610 ), #1611, .T. );
#814 = PRESENTATION_STYLE_ASSIGNMENT( ( #1612 ) );
#815 = ADVANCED_FACE( '', ( #1613 ), #1614, .F. );
#816 = PRESENTATION_STYLE_ASSIGNMENT( ( #1615 ) );
#817 = ADVANCED_FACE( '', ( #1616 ), #1617, .T. );
#818 = PRESENTATION_STYLE_ASSIGNMENT( ( #1618 ) );
#819 = ADVANCED_FACE( '', ( #1619 ), #1620, .T. );
#820 = PRESENTATION_STYLE_ASSIGNMENT( ( #1621 ) );
#821 = ADVANCED_FACE( '', ( #1622 ), #1623, .T. );
#822 = PRESENTATION_STYLE_ASSIGNMENT( ( #1624 ) );
#823 = ADVANCED_FACE( '', ( #1625 ), #1626, .T. );
#824 = PRESENTATION_STYLE_ASSIGNMENT( ( #1627 ) );
#825 = ADVANCED_FACE( '', ( #1628 ), #1629, .T. );
#826 = PRESENTATION_STYLE_ASSIGNMENT( ( #1630 ) );
#827 = ADVANCED_FACE( '', ( #1631 ), #1632, .F. );
#828 = PRESENTATION_STYLE_ASSIGNMENT( ( #1633 ) );
#829 = ADVANCED_FACE( '', ( #1634 ), #1635, .F. );
#830 = PRESENTATION_STYLE_ASSIGNMENT( ( #1636 ) );
#831 = ADVANCED_FACE( '', ( #1637 ), #1638, .T. );
#832 = PRESENTATION_STYLE_ASSIGNMENT( ( #1639 ) );
#833 = ADVANCED_FACE( '', ( #1640 ), #1641, .T. );
#834 = PRESENTATION_STYLE_ASSIGNMENT( ( #1642 ) );
#835 = ADVANCED_FACE( '', ( #1643 ), #1644, .T. );
#836 = PRESENTATION_STYLE_ASSIGNMENT( ( #1645 ) );
#837 = ADVANCED_FACE( '', ( #1646 ), #1647, .F. );
#838 = PRESENTATION_STYLE_ASSIGNMENT( ( #1648 ) );
#839 = ADVANCED_FACE( '', ( #1649 ), #1650, .F. );
#842 = LENGTH_MEASURE_WITH_UNIT( LENGTH_MEASURE( 25.4000000000000 ), #1651 );
#845 = DIMENSIONAL_EXPONENTS( 1.00000000000000, 0.000000000000000, 0.000000000000000, 0.000000000000000, 0.000000000000000, 0.000000000000000, 0.000000000000000 );
#847 = DIMENSIONAL_EXPONENTS( 0.000000000000000, 0.000000000000000, 0.000000000000000, 0.000000000000000, 0.000000000000000, 0.000000000000000, 0.000000000000000 );
#853 = PRODUCT_CONTEXT( '', #22, 'mechanical' );
#854 = PRODUCT_DEFINITION_FORMATION_WITH_SPECIFIED_SOURCE( ' ', 'NONE', #305, .NOT_KNOWN. );
#855 = CARTESIAN_POINT( '', ( 0.000000000000000, 0.000000000000000, 0.000000000000000 ) );
#856 = DIRECTION( '', ( 0.000000000000000, 0.000000000000000, 1.00000000000000 ) );
#857 = DIRECTION( '', ( 1.00000000000000, 0.000000000000000, 0.000000000000000 ) );
#858 = CARTESIAN_POINT( '', ( 0.000000000000000, 0.000000000000000, 0.000000000000000 ) );
#859 = DIRECTION( '', ( 0.000000000000000, 0.000000000000000, 1.00000000000000 ) );
#860 = DIRECTION( '', ( 1.00000000000000, 0.000000000000000, 0.000000000000000 ) );
#861 = CARTESIAN_POINT( '', ( 0.000000000000000, 0.000000000000000, 0.000000000000000 ) );
#862 = DIRECTION( '', ( 0.000000000000000, 0.000000000000000, 1.00000000000000 ) );
#863 = DIRECTION( '', ( 1.00000000000000, 0.000000000000000, 0.000000000000000 ) );
#864 = CARTESIAN_POINT( '', ( 0.000000000000000, 0.000000000000000, 0.000000000000000 ) );
#865 = DIRECTION( '', ( 0.000000000000000, 0.000000000000000, 1.00000000000000 ) );
#866 = DIRECTION( '', ( 1.00000000000000, 0.000000000000000, 0.000000000000000 ) );
#869 = UNCERTAINTY_MEASURE_WITH_UNIT( LENGTH_MEASURE( 3.93701000000000E-05 ), #871, '', '' );
#871 =  ( CONVERSION_BASED_UNIT( 'INCH', #1654 )LENGTH_UNIT(  )NAMED_UNIT( #1657 ) );
#872 =  ( NAMED_UNIT( #1659 )PLANE_ANGLE_UNIT(  )SI_UNIT( $, .RADIAN. ) );
#873 =  ( NAMED_UNIT( #1659 )SI_UNIT( $, .STERADIAN. )SOLID_ANGLE_UNIT(  ) );
#875 = PRODUCT_DEFINITION_FORMATION_WITH_SPECIFIED_SOURCE( ' ', 'NONE', #312, .NOT_KNOWN. );
#876 = CLOSED_SHELL( '', ( #615, #415, #777, #709, #347, #549, #445, #829, #661, #495, #673, #567, #775, #651, #493, #373, #755, #787, #543, #545, #501, #421, #401, #405, #739, #687, #619, #537, #459, #487, #439, #671, #679, #513, #463, #409, #757, #741, #393, #693, #793, #583, #349, #617, #377, #539, #633, #797, #689, #481, #407, #695, #575, #591, #529, #597, #779, #359, #697, #355, #637, #479, #561, #341, #823, #577, #639, #387, #799, #731, #507, #655, #641, #625, #629, #675, #813, #419, #707, #761, #563, #653, #699, #557, #669, #733, #403, #805, #391, #599 ) );
#877 = PRODUCT_DEFINITION_FORMATION_WITH_SPECIFIED_SOURCE( ' ', 'NONE', #320, .NOT_KNOWN. );
#878 = CLOSED_SHELL( '', ( #581, #737, #723, #819, #751, #585, #627, #821, #801, #753, #657, #509, #431, #389, #411, #485, #767, #791, #511, #789, #601, #735, #473, #685, #475, #413, #783, #607, #785, #343, #571, #781, #837, #345, #595, #465, #467, #453, #763, #729, #573, #701, #773, #603, #683, #489, #825, #713, #703, #579, #525, #803, #559, #587, #435, #417, #711, #605, #443, #365, #535, #547, #645, #457, #469, #609, #429, #715, #691, #769, #541, #747, #827, #397, #635, #477, #749, #727, #505, #519, #423, #399, #835, #719, #589, #705, #375, #717, #521, #809, #833 ) );
#879 = PRODUCT_DEFINITION_FORMATION_WITH_SPECIFIED_SOURCE( ' ', 'NONE', #328, .NOT_KNOWN. );
#880 = CLOSED_SHELL( '', ( #367, #497, #381, #721, #369, #363, #371, #441, #533, #447, #759, #663, #351, #471, #771, #527, #677, #659, #361, #765, #455, #795, #395, #807, #831, #437, #523, #385, #815, #839, #743, #621, #665, #531, #649, #491, #623, #553, #451, #745, #667, #725, #643, #613, #427, #555, #339, #515, #681, #611, #379, #337, #565, #357, #461, #817, #569, #811, #517, #631, #433, #499, #353, #449, #647, #383, #503, #425, #483, #551, #593 ) );
#881 = SURFACE_STYLE_USAGE( .BOTH., #1665 );
#882 = FACE_OUTER_BOUND( '', #1666, .T. );
#883 = PLANE( '', #1667 );
#884 = SURFACE_STYLE_USAGE( .BOTH., #1668 );
#885 = FACE_OUTER_BOUND( '', #1669, .T. );
#886 = PLANE( '', #1670 );
#887 = SURFACE_STYLE_USAGE( .BOTH., #1671 );
#888 = FACE_OUTER_BOUND( '', #1672, .T. );
#889 = PLANE( '', #1673 );
#890 = SURFACE_STYLE_USAGE( .BOTH., #1674 );
#891 = FACE_OUTER_BOUND( '', #1675, .T. );
#892 = PLANE( '', #1676 );
#893 = SURFACE_STYLE_USAGE( .BOTH., #1677 );
#894 = FACE_OUTER_BOUND( '', #1678, .T. );
#895 = PLANE( '', #1679 );
#896 = SURFACE_STYLE_USAGE( .BOTH., #1680 );
#897 = FACE_OUTER_BOUND( '', #1681, .T. );
#898 = PLANE( '', #1682 );
#899 = SURFACE_STYLE_USAGE( .BOTH., #1683 );
#900 = FACE_OUTER_BOUND( '', #1684, .T. );
#901 = PLANE( '', #1685 );
#902 = SURFACE_STYLE_USAGE( .BOTH., #1686 );
#903 = FACE_OUTER_BOUND( '', #1687, .T. );
#904 = CYLINDRICAL_SURFACE( '', #1688, 0.0250000000000000 );
#905 = SURFACE_STYLE_USAGE( .BOTH., #1689 );
#906 = FACE_OUTER_BOUND( '', #1690, .T. );
#907 = PLANE( '', #1691 );
#908 = SURFACE_STYLE_USAGE( .BOTH., #1692 );
#909 = FACE_OUTER_BOUND( '', #1693, .T. );
#910 = PLANE( '', #1694 );
#911 = SURFACE_STYLE_USAGE( .BOTH., #1695 );
#912 = FACE_OUTER_BOUND( '', #1696, .T. );
#913 = PLANE( '', #1697 );
#914 = SURFACE_STYLE_USAGE( .BOTH., #1698 );
#915 = FACE_OUTER_BOUND( '', #1699, .T. );
#916 = PLANE( '', #1700 );
#917 = SURFACE_STYLE_USAGE( .BOTH., #1701 );
#918 = FACE_OUTER_BOUND( '', #1702, .T. );
#919 = CYLINDRICAL_SURFACE( '', #1703, 0.0250000000000000 );
#920 = SURFACE_STYLE_USAGE( .BOTH., #1704 );
#921 = FACE_OUTER_BOUND( '', #1705, .T. );
#922 = PLANE( '', #1706 );
#923 = SURFACE_STYLE_USAGE( .BOTH., #1707 );
#924 = FACE_OUTER_BOUND( '', #1708, .T. );
#925 = PLANE( '', #1709 );
#926 = SURFACE_STYLE_USAGE( .BOTH., #1710 );
#927 = FACE_OUTER_BOUND( '', #1711, .T. );
#928 = PLANE( '', #1712 );
#929 = SURFACE_STYLE_USAGE( .BOTH., #1713 );
#930 = FACE_OUTER_BOUND( '', #1714, .T. );
#931 = PLANE( '', #1715 );
#932 = SURFACE_STYLE_USAGE( .BOTH., #1716 );
#933 = FACE_OUTER_BOUND( '', #1717, .T. );
#934 = PLANE( '', #1718 );
#935 = SURFACE_STYLE_USAGE( .BOTH., #1719 );
#936 = FACE_OUTER_BOUND( '', #1720, .T. );
#937 = PLANE( '', #1721 );
#938 = SURFACE_STYLE_USAGE( .BOTH., #1722 );
#939 = FACE_OUTER_BOUND( '', #1723, .T. );
#940 = PLANE( '', #1724 );
#941 = SURFACE_STYLE_USAGE( .BOTH., #1725 );
#942 = FACE_OUTER_BOUND( '', #1726, .T. );
#943 = PLANE( '', #1727 );
#944 = SURFACE_STYLE_USAGE( .BOTH., #1728 );
#945 = FACE_OUTER_BOUND( '', #1729, .T. );
#946 = CYLINDRICAL_SURFACE( '', #1730, 0.0250000000000000 );
#947 = SURFACE_STYLE_USAGE( .BOTH., #1731 );
#948 = FACE_OUTER_BOUND( '', #1732, .T. );
#949 = PLANE( '', #1733 );
#950 = SURFACE_STYLE_USAGE( .BOTH., #1734 );
#951 = FACE_OUTER_BOUND( '', #1735, .T. );
#952 = PLANE( '', #1736 );
#953 = SURFACE_STYLE_USAGE( .BOTH., #1737 );
#954 = FACE_OUTER_BOUND( '', #1738, .T. );
#955 = PLANE( '', #1739 );
#956 = SURFACE_STYLE_USAGE( .BOTH., #1740 );
#957 = FACE_OUTER_BOUND( '', #1741, .T. );
#958 = PLANE( '', #1742 );
#959 = SURFACE_STYLE_USAGE( .BOTH., #1743 );
#960 = FACE_OUTER_BOUND( '', #1744, .T. );
#961 = PLANE( '', #1745 );
#962 = SURFACE_STYLE_USAGE( .BOTH., #1746 );
#963 = FACE_OUTER_BOUND( '', #1747, .T. );
#964 = PLANE( '', #1748 );
#965 = SURFACE_STYLE_USAGE( .BOTH., #1749 );
#966 = FACE_OUTER_BOUND( '', #1750, .T. );
#967 = PLANE( '', #1751 );
#968 = SURFACE_STYLE_USAGE( .BOTH., #1752 );
#969 = FACE_OUTER_BOUND( '', #1753, .T. );
#970 = PLANE( '', #1754 );
#971 = SURFACE_STYLE_USAGE( .BOTH., #1755 );
#972 = FACE_OUTER_BOUND( '', #1756, .T. );
#973 = PLANE( '', #1757 );
#974 = SURFACE_STYLE_USAGE( .BOTH., #1758 );
#975 = FACE_OUTER_BOUND( '', #1759, .T. );
#976 = PLANE( '', #1760 );
#977 = SURFACE_STYLE_USAGE( .BOTH., #1761 );
#978 = FACE_OUTER_BOUND( '', #1762, .T. );
#979 = PLANE( '', #1763 );
#980 = SURFACE_STYLE_USAGE( .BOTH., #1764 );
#981 = FACE_OUTER_BOUND( '', #1765, .T. );
#982 = PLANE( '', #1766 );
#983 = SURFACE_STYLE_USAGE( .BOTH., #1767 );
#984 = FACE_OUTER_BOUND( '', #1768, .T. );
#985 = PLANE( '', #1769 );
#986 = SURFACE_STYLE_USAGE( .BOTH., #1770 );
#987 = FACE_OUTER_BOUND( '', #1771, .T. );
#988 = PLANE( '', #1772 );
#989 = SURFACE_STYLE_USAGE( .BOTH., #1773 );
#990 = FACE_OUTER_BOUND( '', #1774, .T. );
#991 = PLANE( '', #1775 );
#992 = SURFACE_STYLE_USAGE( .BOTH., #1776 );
#993 = FACE_OUTER_BOUND( '', #1777, .T. );
#994 = PLANE( '', #1778 );
#995 = SURFACE_STYLE_USAGE( .BOTH., #1779 );
#996 = FACE_OUTER_BOUND( '', #1780, .T. );
#997 = PLANE( '', #1781 );
#998 = SURFACE_STYLE_USAGE( .BOTH., #1782 );
#999 = FACE_BOUND( '', #1783, .T. );
#1000 = FACE_BOUND( '', #1784, .T. );
#1001 = FACE_BOUND( '', #1785, .T. );
#1002 = FACE_BOUND( '', #1786, .T. );
#1003 = FACE_OUTER_BOUND( '', #1787, .T. );
#1004 = PLANE( '', #1788 );
#1005 = SURFACE_STYLE_USAGE( .BOTH., #1789 );
#1006 = FACE_OUTER_BOUND( '', #1790, .T. );
#1007 = PLANE( '', #1791 );
#1008 = SURFACE_STYLE_USAGE( .BOTH., #1792 );
#1009 = FACE_OUTER_BOUND( '', #1793, .T. );
#1010 = PLANE( '', #1794 );
#1011 = SURFACE_STYLE_USAGE( .BOTH., #1795 );
#1012 = FACE_OUTER_BOUND( '', #1796, .T. );
#1013 = PLANE( '', #1797 );
#1014 = SURFACE_STYLE_USAGE( .BOTH., #1798 );
#1015 = FACE_OUTER_BOUND( '', #1799, .T. );
#1016 = PLANE( '', #1800 );
#1017 = SURFACE_STYLE_USAGE( .BOTH., #1801 );
#1018 = FACE_OUTER_BOUND( '', #1802, .T. );
#1019 = PLANE( '', #1803 );
#1020 = SURFACE_STYLE_USAGE( .BOTH., #1804 );
#1021 = FACE_OUTER_BOUND( '', #1805, .T. );
#1022 = PLANE( '', #1806 );
#1023 = SURFACE_STYLE_USAGE( .BOTH., #1807 );
#1024 = FACE_OUTER_BOUND( '', #1808, .T. );
#1025 = PLANE( '', #1809 );
#1026 = SURFACE_STYLE_USAGE( .BOTH., #1810 );
#1027 = FACE_OUTER_BOUND( '', #1811, .T. );
#1028 = PLANE( '', #1812 );
#1029 = SURFACE_STYLE_USAGE( .BOTH., #1813 );
#1030 = FACE_OUTER_BOUND( '', #1814, .T. );
#1031 = PLANE( '', #1815 );
#1032 = SURFACE_STYLE_USAGE( .BOTH., #1816 );
#1033 = FACE_OUTER_BOUND( '', #1817, .T. );
#1034 = PLANE( '', #1818 );
#1035 = SURFACE_STYLE_USAGE( .BOTH., #1819 );
#1036 = FACE_OUTER_BOUND( '', #1820, .T. );
#1037 = PLANE( '', #1821 );
#1038 = SURFACE_STYLE_USAGE( .BOTH., #1822 );
#1039 = FACE_OUTER_BOUND( '', #1823, .T. );
#1040 = PLANE( '', #1824 );
#1041 = SURFACE_STYLE_USAGE( .BOTH., #1825 );
#1042 = FACE_OUTER_BOUND( '', #1826, .T. );
#1043 = PLANE( '', #1827 );
#1044 = SURFACE_STYLE_USAGE( .BOTH., #1828 );
#1045 = FACE_OUTER_BOUND( '', #1829, .T. );
#1046 = PLANE( '', #1830 );
#1047 = SURFACE_STYLE_USAGE( .BOTH., #1831 );
#1048 = FACE_OUTER_BOUND( '', #1832, .T. );
#1049 = PLANE( '', #1833 );
#1050 = SURFACE_STYLE_USAGE( .BOTH., #1834 );
#1051 = FACE_OUTER_BOUND( '', #1835, .T. );
#1052 = PLANE( '', #1836 );
#1053 = SURFACE_STYLE_USAGE( .BOTH., #1837 );
#1054 = FACE_OUTER_BOUND( '', #1838, .T. );
#1055 = PLANE( '', #1839 );
#1056 = SURFACE_STYLE_USAGE( .BOTH., #1840 );
#1057 = FACE_OUTER_BOUND( '', #1841, .T. );
#1058 = PLANE( '', #1842 );
#1059 = SURFACE_STYLE_USAGE( .BOTH., #1843 );
#1060 = FACE_OUTER_BOUND( '', #1844, .T. );
#1061 = PLANE( '', #1845 );
#1062 = SURFACE_STYLE_USAGE( .BOTH., #1846 );
#1063 = FACE_OUTER_BOUND( '', #1847, .T. );
#1064 = CYLINDRICAL_SURFACE( '', #1848, 0.0250000000000000 );
#1065 = SURFACE_STYLE_USAGE( .BOTH., #1849 );
#1066 = FACE_OUTER_BOUND( '', #1850, .T. );
#1067 = PLANE( '', #1851 );
#1068 = SURFACE_STYLE_USAGE( .BOTH., #1852 );
#1069 = FACE_OUTER_BOUND( '', #1853, .T. );
#1070 = PLANE( '', #1854 );
#1071 = SURFACE_STYLE_USAGE( .BOTH., #1855 );
#1072 = FACE_OUTER_BOUND( '', #1856, .T. );
#1073 = PLANE( '', #1857 );
#1074 = SURFACE_STYLE_USAGE( .BOTH., #1858 );
#1075 = FACE_OUTER_BOUND( '', #1859, .T. );
#1076 = PLANE( '', #1860 );
#1077 = SURFACE_STYLE_USAGE( .BOTH., #1861 );
#1078 = FACE_OUTER_BOUND( '', #1862, .T. );
#1079 = PLANE( '', #1863 );
#1080 = SURFACE_STYLE_USAGE( .BOTH., #1864 );
#1081 = FACE_OUTER_BOUND( '', #1865, .T. );
#1082 = PLANE( '', #1866 );
#1083 = SURFACE_STYLE_USAGE( .BOTH., #1867 );
#1084 = FACE_OUTER_BOUND( '', #1868, .T. );
#1085 = PLANE( '', #1869 );
#1086 = SURFACE_STYLE_USAGE( .BOTH., #1870 );
#1087 = FACE_OUTER_BOUND( '', #1871, .T. );
#1088 = CYLINDRICAL_SURFACE( '', #1872, 0.0250000000000000 );
#1089 = SURFACE_STYLE_USAGE( .BOTH., #1873 );
#1090 = FACE_OUTER_BOUND( '', #1874, .T. );
#1091 = PLANE( '', #1875 );
#1092 = SURFACE_STYLE_USAGE( .BOTH., #1876 );
#1093 = FACE_OUTER_BOUND( '', #1877, .T. );
#1094 = PLANE( '', #1878 );
#1095 = SURFACE_STYLE_USAGE( .BOTH., #1879 );
#1096 = FACE_OUTER_BOUND( '', #1880, .T. );
#1097 = PLANE( '', #1881 );
#1098 = SURFACE_STYLE_USAGE( .BOTH., #1882 );
#1099 = FACE_OUTER_BOUND( '', #1883, .T. );
#1100 = PLANE( '', #1884 );
#1101 = SURFACE_STYLE_USAGE( .BOTH., #1885 );
#1102 = FACE_OUTER_BOUND( '', #1886, .T. );
#1103 = PLANE( '', #1887 );
#1104 = SURFACE_STYLE_USAGE( .BOTH., #1888 );
#1105 = FACE_OUTER_BOUND( '', #1889, .T. );
#1106 = PLANE( '', #1890 );
#1107 = SURFACE_STYLE_USAGE( .BOTH., #1891 );
#1108 = FACE_OUTER_BOUND( '', #1892, .T. );
#1109 = PLANE( '', #1893 );
#1110 = SURFACE_STYLE_USAGE( .BOTH., #1894 );
#1111 = FACE_OUTER_BOUND( '', #1895, .T. );
#1112 = PLANE( '', #1896 );
#1113 = SURFACE_STYLE_USAGE( .BOTH., #1897 );
#1114 = FACE_OUTER_BOUND( '', #1898, .T. );
#1115 = PLANE( '', #1899 );
#1116 = SURFACE_STYLE_USAGE( .BOTH., #1900 );
#1117 = FACE_OUTER_BOUND( '', #1901, .T. );
#1118 = PLANE( '', #1902 );
#1119 = SURFACE_STYLE_USAGE( .BOTH., #1903 );
#1120 = FACE_OUTER_BOUND( '', #1904, .T. );
#1121 = PLANE( '', #1905 );
#1122 = SURFACE_STYLE_USAGE( .BOTH., #1906 );
#1123 = FACE_OUTER_BOUND( '', #1907, .T. );
#1124 = PLANE( '', #1908 );
#1125 = SURFACE_STYLE_USAGE( .BOTH., #1909 );
#1126 = FACE_OUTER_BOUND( '', #1910, .T. );
#1127 = PLANE( '', #1911 );
#1128 = SURFACE_STYLE_USAGE( .BOTH., #1912 );
#1129 = FACE_OUTER_BOUND( '', #1913, .T. );
#1130 = PLANE( '', #1914 );
#1131 = SURFACE_STYLE_USAGE( .BOTH., #1915 );
#1132 = FACE_OUTER_BOUND( '', #1916, .T. );
#1133 = PLANE( '', #1917 );
#1134 = SURFACE_STYLE_USAGE( .BOTH., #1918 );
#1135 = FACE_OUTER_BOUND( '', #1919, .T. );
#1136 = PLANE( '', #1920 );
#1137 = SURFACE_STYLE_USAGE( .BOTH., #1921 );
#1138 = FACE_OUTER_BOUND( '', #1922, .T. );
#1139 = PLANE( '', #1923 );
#1140 = SURFACE_STYLE_USAGE( .BOTH., #1924 );
#1141 = FACE_OUTER_BOUND( '', #1925, .T. );
#1142 = PLANE( '', #1926 );
#1143 = SURFACE_STYLE_USAGE( .BOTH., #1927 );
#1144 = FACE_OUTER_BOUND( '', #1928, .T. );
#1145 = PLANE( '', #1929 );
#1146 = SURFACE_STYLE_USAGE( .BOTH., #1930 );
#1147 = FACE_OUTER_BOUND( '', #1931, .T. );
#1148 = PLANE( '', #1932 );
#1149 = SURFACE_STYLE_USAGE( .BOTH., #1933 );
#1150 = FACE_OUTER_BOUND( '', #1934, .T. );
#1151 = PLANE( '', #1935 );
#1152 = SURFACE_STYLE_USAGE( .BOTH., #1936 );
#1153 = FACE_OUTER_BOUND( '', #1937, .T. );
#1154 = PLANE( '', #1938 );
#1155 = SURFACE_STYLE_USAGE( .BOTH., #1939 );
#1156 = FACE_OUTER_BOUND( '', #1940, .T. );
#1157 = CYLINDRICAL_SURFACE( '', #1941, 0.0250000000000000 );
#1158 = SURFACE_STYLE_USAGE( .BOTH., #1942 );
#1159 = FACE_OUTER_BOUND( '', #1943, .T. );
#1160 = PLANE( '', #1944 );
#1161 = SURFACE_STYLE_USAGE( .BOTH., #1945 );
#1162 = FACE_OUTER_BOUND( '', #1946, .T. );
#1163 = PLANE( '', #1947 );
#1164 = SURFACE_STYLE_USAGE( .BOTH., #1948 );
#1165 = FACE_OUTER_BOUND( '', #1949, .T. );
#1166 = PLANE( '', #1950 );
#1167 = SURFACE_STYLE_USAGE( .BOTH., #1951 );
#1168 = FACE_OUTER_BOUND( '', #1952, .T. );
#1169 = PLANE( '', #1953 );
#1170 = SURFACE_STYLE_USAGE( .BOTH., #1954 );
#1171 = FACE_OUTER_BOUND( '', #1955, .T. );
#1172 = CYLINDRICAL_SURFACE( '', #1956, 0.0250000000000000 );
#1173 = SURFACE_STYLE_USAGE( .BOTH., #1957 );
#1174 = FACE_OUTER_BOUND( '', #1958, .T. );
#1175 = PLANE( '', #1959 );
#1176 = SURFACE_STYLE_USAGE( .BOTH., #1960 );
#1177 = FACE_OUTER_BOUND( '', #1961, .T. );
#1178 = PLANE( '', #1962 );
#1179 = SURFACE_STYLE_USAGE( .BOTH., #1963 );
#1180 = FACE_OUTER_BOUND( '', #1964, .T. );
#1181 = PLANE( '', #1965 );
#1182 = SURFACE_STYLE_USAGE( .BOTH., #1966 );
#1183 = FACE_OUTER_BOUND( '', #1967, .T. );
#1184 = PLANE( '', #1968 );
#1185 = SURFACE_STYLE_USAGE( .BOTH., #1969 );
#1186 = FACE_OUTER_BOUND( '', #1970, .T. );
#1187 = PLANE( '', #1971 );
#1188 = SURFACE_STYLE_USAGE( .BOTH., #1972 );
#1189 = FACE_OUTER_BOUND( '', #1973, .T. );
#1190 = PLANE( '', #1974 );
#1191 = SURFACE_STYLE_USAGE( .BOTH., #1975 );
#1192 = FACE_OUTER_BOUND( '', #1976, .T. );
#1193 = PLANE( '', #1977 );
#1194 = SURFACE_STYLE_USAGE( .BOTH., #1978 );
#1195 = FACE_OUTER_BOUND( '', #1979, .T. );
#1196 = PLANE( '', #1980 );
#1197 = SURFACE_STYLE_USAGE( .BOTH., #1981 );
#1198 = FACE_OUTER_BOUND( '', #1982, .T. );
#1199 = PLANE( '', #1983 );
#1200 = SURFACE_STYLE_USAGE( .BOTH., #1984 );
#1201 = FACE_OUTER_BOUND( '', #1985, .T. );
#1202 = PLANE( '', #1986 );
#1203 = SURFACE_STYLE_USAGE( .BOTH., #1987 );
#1204 = FACE_OUTER_BOUND( '', #1988, .T. );
#1205 = PLANE( '', #1989 );
#1206 = SURFACE_STYLE_USAGE( .BOTH., #1990 );
#1207 = FACE_OUTER_BOUND( '', #1991, .T. );
#1208 = PLANE( '', #1992 );
#1209 = SURFACE_STYLE_USAGE( .BOTH., #1993 );
#1210 = FACE_OUTER_BOUND( '', #1994, .T. );
#1211 = PLANE( '', #1995 );
#1212 = SURFACE_STYLE_USAGE( .BOTH., #1996 );
#1213 = FACE_OUTER_BOUND( '', #1997, .T. );
#1214 = CYLINDRICAL_SURFACE( '', #1998, 0.0250000000000000 );
#1215 = SURFACE_STYLE_USAGE( .BOTH., #1999 );
#1216 = FACE_OUTER_BOUND( '', #2000, .T. );
#1217 = PLANE( '', #2001 );
#1218 = SURFACE_STYLE_USAGE( .BOTH., #2002 );
#1219 = FACE_OUTER_BOUND( '', #2003, .T. );
#1220 = PLANE( '', #2004 );
#1221 = SURFACE_STYLE_USAGE( .BOTH., #2005 );
#1222 = FACE_OUTER_BOUND( '', #2006, .T. );
#1223 = PLANE( '', #2007 );
#1224 = SURFACE_STYLE_USAGE( .BOTH., #2008 );
#1225 = FACE_OUTER_BOUND( '', #2009, .T. );
#1226 = PLANE( '', #2010 );
#1227 = SURFACE_STYLE_USAGE( .BOTH., #2011 );
#1228 = FACE_OUTER_BOUND( '', #2012, .T. );
#1229 = PLANE( '', #2013 );
#1230 = SURFACE_STYLE_USAGE( .BOTH., #2014 );
#1231 = FACE_OUTER_BOUND( '', #2015, .T. );
#1232 = PLANE( '', #2016 );
#1233 = SURFACE_STYLE_USAGE( .BOTH., #2017 );
#1234 = FACE_OUTER_BOUND( '', #2018, .T. );
#1235 = CYLINDRICAL_SURFACE( '', #2019, 0.0250000000000000 );
#1236 = SURFACE_STYLE_USAGE( .BOTH., #2020 );
#1237 = FACE_OUTER_BOUND( '', #2021, .T. );
#1238 = PLANE( '', #2022 );
#1239 = SURFACE_STYLE_USAGE( .BOTH., #2023 );
#1240 = FACE_OUTER_BOUND( '', #2024, .T. );
#1241 = PLANE( '', #2025 );
#1242 = SURFACE_STYLE_USAGE( .BOTH., #2026 );
#1243 = FACE_OUTER_BOUND( '', #2027, .T. );
#1244 = PLANE( '', #2028 );
#1245 = SURFACE_STYLE_USAGE( .BOTH., #2029 );
#1246 = FACE_OUTER_BOUND( '', #2030, .T. );
#1247 = PLANE( '', #2031 );
#1248 = SURFACE_STYLE_USAGE( .BOTH., #2032 );
#1249 = FACE_OUTER_BOUND( '', #2033, .T. );
#1250 = PLANE( '', #2034 );
#1251 = SURFACE_STYLE_USAGE( .BOTH., #2035 );
#1252 = FACE_OUTER_BOUND( '', #2036, .T. );
#1253 = PLANE( '', #2037 );
#1254 = SURFACE_STYLE_USAGE( .BOTH., #2038 );
#1255 = FACE_OUTER_BOUND( '', #2039, .T. );
#1256 = PLANE( '', #2040 );
#1257 = SURFACE_STYLE_USAGE( .BOTH., #2041 );
#1258 = FACE_OUTER_BOUND( '', #2042, .T. );
#1259 = PLANE( '', #2043 );
#1260 = SURFACE_STYLE_USAGE( .BOTH., #2044 );
#1261 = FACE_OUTER_BOUND( '', #2045, .T. );
#1262 = PLANE( '', #2046 );
#1263 = SURFACE_STYLE_USAGE( .BOTH., #2047 );
#1264 = FACE_OUTER_BOUND( '', #2048, .T. );
#1265 = PLANE( '', #2049 );
#1266 = SURFACE_STYLE_USAGE( .BOTH., #2050 );
#1267 = FACE_OUTER_BOUND( '', #2051, .T. );
#1268 = PLANE( '', #2052 );
#1269 = SURFACE_STYLE_USAGE( .BOTH., #2053 );
#1270 = FACE_OUTER_BOUND( '', #2054, .T. );
#1271 = PLANE( '', #2055 );
#1272 = SURFACE_STYLE_USAGE( .BOTH., #2056 );
#1273 = FACE_OUTER_BOUND( '', #2057, .T. );
#1274 = PLANE( '', #2058 );
#1275 = SURFACE_STYLE_USAGE( .BOTH., #2059 );
#1276 = FACE_OUTER_BOUND( '', #2060, .T. );
#1277 = PLANE( '', #2061 );
#1278 = SURFACE_STYLE_USAGE( .BOTH., #2062 );
#1279 = FACE_OUTER_BOUND( '', #2063, .T. );
#1280 = PLANE( '', #2064 );
#1281 = SURFACE_STYLE_USAGE( .BOTH., #2065 );
#1282 = FACE_OUTER_BOUND( '', #2066, .T. );
#1283 = PLANE( '', #2067 );
#1284 = SURFACE_STYLE_USAGE( .BOTH., #2068 );
#1285 = FACE_OUTER_BOUND( '', #2069, .T. );
#1286 = PLANE( '', #2070 );
#1287 = SURFACE_STYLE_USAGE( .BOTH., #2071 );
#1288 = FACE_OUTER_BOUND( '', #2072, .T. );
#1289 = PLANE( '', #2073 );
#1290 = SURFACE_STYLE_USAGE( .BOTH., #2074 );
#1291 = FACE_OUTER_BOUND( '', #2075, .T. );
#1292 = PLANE( '', #2076 );
#1293 = SURFACE_STYLE_USAGE( .BOTH., #2077 );
#1294 = FACE_OUTER_BOUND( '', #2078, .T. );
#1295 = PLANE( '', #2079 );
#1296 = SURFACE_STYLE_USAGE( .BOTH., #2080 );
#1297 = FACE_OUTER_BOUND( '', #2081, .T. );
#1298 = PLANE( '', #2082 );
#1299 = SURFACE_STYLE_USAGE( .BOTH., #2083 );
#1300 = FACE_OUTER_BOUND( '', #2084, .T. );
#1301 = PLANE( '', #2085 );
#1302 = SURFACE_STYLE_USAGE( .BOTH., #2086 );
#1303 = FACE_BOUND( '', #2087, .T. );
#1304 = FACE_BOUND( '', #2088, .T. );
#1305 = FACE_BOUND( '', #2089, .T. );
#1306 = FACE_BOUND( '', #2090, .T. );
#1307 = FACE_BOUND( '', #2091, .T. );
#1308 = FACE_BOUND( '', #2092, .T. );
#1309 = FACE_BOUND( '', #2093, .T. );
#1310 = FACE_BOUND( '', #2094, .T. );
#1311 = FACE_BOUND( '', #2095, .T. );
#1312 = FACE_BOUND( '', #2096, .T. );
#1313 = FACE_OUTER_BOUND( '', #2097, .T. );
#1314 = PLANE( '', #2098 );
#1315 = SURFACE_STYLE_USAGE( .BOTH., #2099 );
#1316 = FACE_OUTER_BOUND( '', #2100, .T. );
#1317 = PLANE( '', #2101 );
#1318 = SURFACE_STYLE_USAGE( .BOTH., #2102 );
#1319 = FACE_OUTER_BOUND( '', #2103, .T. );
#1320 = PLANE( '', #2104 );
#1321 = SURFACE_STYLE_USAGE( .BOTH., #2105 );
#1322 = FACE_OUTER_BOUND( '', #2106, .T. );
#1323 = PLANE( '', #2107 );
#1324 = SURFACE_STYLE_USAGE( .BOTH., #2108 );
#1325 = FACE_OUTER_BOUND( '', #2109, .T. );
#1326 = PLANE( '', #2110 );
#1327 = SURFACE_STYLE_USAGE( .BOTH., #2111 );
#1328 = FACE_OUTER_BOUND( '', #2112, .T. );
#1329 = PLANE( '', #2113 );
#1330 = SURFACE_STYLE_USAGE( .BOTH., #2114 );
#1331 = FACE_OUTER_BOUND( '', #2115, .T. );
#1332 = PLANE( '', #2116 );
#1333 = SURFACE_STYLE_USAGE( .BOTH., #2117 );
#1334 = FACE_OUTER_BOUND( '', #2118, .T. );
#1335 = PLANE( '', #2119 );
#1336 = SURFACE_STYLE_USAGE( .BOTH., #2120 );
#1337 = FACE_OUTER_BOUND( '', #2121, .T. );
#1338 = PLANE( '', #2122 );
#1339 = SURFACE_STYLE_USAGE( .BOTH., #2123 );
#1340 = FACE_OUTER_BOUND( '', #2124, .T. );
#1341 = PLANE( '', #2125 );
#1342 = SURFACE_STYLE_USAGE( .BOTH., #2126 );
#1343 = FACE_OUTER_BOUND( '', #2127, .T. );
#1344 = PLANE( '', #2128 );
#1345 = SURFACE_STYLE_USAGE( .BOTH., #2129 );
#1346 = FACE_OUTER_BOUND( '', #2130, .T. );
#1347 = PLANE( '', #2131 );
#1348 = SURFACE_STYLE_USAGE( .BOTH., #2132 );
#1349 = FACE_OUTER_BOUND( '', #2133, .T. );
#1350 = PLANE( '', #2134 );
#1351 = SURFACE_STYLE_USAGE( .BOTH., #2135 );
#1352 = FACE_OUTER_BOUND( '', #2136, .T. );
#1353 = PLANE( '', #2137 );
#1354 = SURFACE_STYLE_USAGE( .BOTH., #2138 );
#1355 = FACE_OUTER_BOUND( '', #2139, .T. );
#1356 = PLANE( '', #2140 );
#1357 = SURFACE_STYLE_USAGE( .BOTH., #2141 );
#1358 = FACE_OUTER_BOUND( '', #2142, .T. );
#1359 = PLANE( '', #2143 );
#1360 = SURFACE_STYLE_USAGE( .BOTH., #2144 );
#1361 = FACE_OUTER_BOUND( '', #2145, .T. );
#1362 = PLANE( '', #2146 );
#1363 = SURFACE_STYLE_USAGE( .BOTH., #2147 );
#1364 = FACE_OUTER_BOUND( '', #2148, .T. );
#1365 = PLANE( '', #2149 );
#1366 = SURFACE_STYLE_USAGE( .BOTH., #2150 );
#1367 = FACE_OUTER_BOUND( '', #2151, .T. );
#1368 = PLANE( '', #2152 );
#1369 = SURFACE_STYLE_USAGE( .BOTH., #2153 );
#1370 = FACE_OUTER_BOUND( '', #2154, .T. );
#1371 = PLANE( '', #2155 );
#1372 = SURFACE_STYLE_USAGE( .BOTH., #2156 );
#1373 = FACE_OUTER_BOUND( '', #2157, .T. );
#1374 = PLANE( '', #2158 );
#1375 = SURFACE_STYLE_USAGE( .BOTH., #2159 );
#1376 = FACE_OUTER_BOUND( '', #2160, .T. );
#1377 = PLANE( '', #2161 );
#1378 = SURFACE_STYLE_USAGE( .BOTH., #2162 );
#1379 = FACE_OUTER_BOUND( '', #2163, .T. );
#1380 = PLANE( '', #2164 );
#1381 = SURFACE_STYLE_USAGE( .BOTH., #2165 );
#1382 = FACE_OUTER_BOUND( '', #2166, .T. );
#1383 = PLANE( '', #2167 );
#1384 = SURFACE_STYLE_USAGE( .BOTH., #2168 );
#1385 = FACE_OUTER_BOUND( '', #2169, .T. );
#1386 = PLANE( '', #2170 );
#1387 = SURFACE_STYLE_USAGE( .BOTH., #2171 );
#1388 = FACE_OUTER_BOUND( '', #2172, .T. );
#1389 = PLANE( '', #2173 );
#1390 = SURFACE_STYLE_USAGE( .BOTH., #2174 );
#1391 = FACE_OUTER_BOUND( '', #2175, .T. );
#1392 = PLANE( '', #2176 );
#1393 = SURFACE_STYLE_USAGE( .BOTH., #2177 );
#1394 = FACE_OUTER_BOUND( '', #2178, .T. );
#1395 = PLANE( '', #2179 );
#1396 = SURFACE_STYLE_USAGE( .BOTH., #2180 );
#1397 = FACE_OUTER_BOUND( '', #2181, .T. );
#1398 = PLANE( '', #2182 );
#1399 = SURFACE_STYLE_USAGE( .BOTH., #2183 );
#1400 = FACE_OUTER_BOUND( '', #2184, .T. );
#1401 = PLANE( '', #2185 );
#1402 = SURFACE_STYLE_USAGE( .BOTH., #2186 );
#1403 = FACE_OUTER_BOUND( '', #2187, .T. );
#1404 = PLANE( '', #2188 );
#1405 = SURFACE_STYLE_USAGE( .BOTH., #2189 );
#1406 = FACE_OUTER_BOUND( '', #2190, .T. );
#1407 = PLANE( '', #2191 );
#1408 = SURFACE_STYLE_USAGE( .BOTH., #2192 );
#1409 = FACE_OUTER_BOUND( '', #2193, .T. );
#1410 = PLANE( '', #2194 );
#1411 = SURFACE_STYLE_USAGE( .BOTH., #2195 );
#1412 = FACE_OUTER_BOUND( '', #2196, .T. );
#1413 = PLANE( '', #2197 );
#1414 = SURFACE_STYLE_USAGE( .BOTH., #2198 );
#1415 = FACE_OUTER_BOUND( '', #2199, .T. );
#1416 = PLANE( '', #2200 );
#1417 = SURFACE_STYLE_USAGE( .BOTH., #2201 );
#1418 = FACE_OUTER_BOUND( '', #2202, .T. );
#1419 = PLANE( '', #2203 );
#1420 = SURFACE_STYLE_USAGE( .BOTH., #2204 );
#1421 = FACE_OUTER_BOUND( '', #2205, .T. );
#1422 = PLANE( '', #2206 );
#1423 = SURFACE_STYLE_USAGE( .BOTH., #2207 );
#1424 = FACE_OUTER_BOUND( '', #2208, .T. );
#1425 = PLANE( '', #2209 );
#1426 = SURFACE_STYLE_USAGE( .BOTH., #2210 );
#1427 = FACE_OUTER_BOUND( '', #2211, .T. );
#1428 = PLANE( '', #2212 );
#1429 = SURFACE_STYLE_USAGE( .BOTH., #2213 );
#1430 = FACE_OUTER_BOUND( '', #2214, .T. );
#1431 = PLANE( '', #2215 );
#1432 = SURFACE_STYLE_USAGE( .BOTH., #2216 );
#1433 = FACE_OUTER_BOUND( '', #2217, .T. );
#1434 = PLANE( '', #2218 );
#1435 = SURFACE_STYLE_USAGE( .BOTH., #2219 );
#1436 = FACE_OUTER_BOUND( '', #2220, .T. );
#1437 = PLANE( '', #2221 );
#1438 = SURFACE_STYLE_USAGE( .BOTH., #2222 );
#1439 = FACE_OUTER_BOUND( '', #2223, .T. );
#1440 = PLANE( '', #2224 );
#1441 = SURFACE_STYLE_USAGE( .BOTH., #2225 );
#1442 = FACE_OUTER_BOUND( '', #2226, .T. );
#1443 = PLANE( '', #2227 );
#1444 = SURFACE_STYLE_USAGE( .BOTH., #2228 );
#1445 = FACE_OUTER_BOUND( '', #2229, .T. );
#1446 = PLANE( '', #2230 );
#1447 = SURFACE_STYLE_USAGE( .BOTH., #2231 );
#1448 = FACE_OUTER_BOUND( '', #2232, .T. );
#1449 = PLANE( '', #2233 );
#1450 = SURFACE_STYLE_USAGE( .BOTH., #2234 );
#1451 = FACE_OUTER_BOUND( '', #2235, .T. );
#1452 = PLANE( '', #2236 );
#1453 = SURFACE_STYLE_USAGE( .BOTH., #2237 );
#1454 = FACE_OUTER_BOUND( '', #2238, .T. );
#1455 = PLANE( '', #2239 );
#1456 = SURFACE_STYLE_USAGE( .BOTH., #2240 );
#1457 = FACE_OUTER_BOUND( '', #2241, .T. );
#1458 = PLANE( '', #2242 );
#1459 = SURFACE_STYLE_USAGE( .BOTH., #2243 );
#1460 = FACE_OUTER_BOUND( '', #2244, .T. );
#1461 = PLANE( '', #2245 );
#1462 = SURFACE_STYLE_USAGE( .BOTH., #2246 );
#1463 = FACE_OUTER_BOUND( '', #2247, .T. );
#1464 = PLANE( '', #2248 );
#1465 = SURFACE_STYLE_USAGE( .BOTH., #2249 );
#1466 = FACE_OUTER_BOUND( '', #2250, .T. );
#1467 = PLANE( '', #2251 );
#1468 = SURFACE_STYLE_USAGE( .BOTH., #2252 );
#1469 = FACE_OUTER_BOUND( '', #2253, .T. );
#1470 = PLANE( '', #2254 );
#1471 = SURFACE_STYLE_USAGE( .BOTH., #2255 );
#1472 = FACE_OUTER_BOUND( '', #2256, .T. );
#1473 = PLANE( '', #2257 );
#1474 = SURFACE_STYLE_USAGE( .BOTH., #2258 );
#1475 = FACE_OUTER_BOUND( '', #2259, .T. );
#1476 = PLANE( '', #2260 );
#1477 = SURFACE_STYLE_USAGE( .BOTH., #2261 );
#1478 = FACE_OUTER_BOUND( '', #2262, .T. );
#1479 = PLANE( '', #2263 );
#1480 = SURFACE_STYLE_USAGE( .BOTH., #2264 );
#1481 = FACE_OUTER_BOUND( '', #2265, .T. );
#1482 = PLANE( '', #2266 );
#1483 = SURFACE_STYLE_USAGE( .BOTH., #2267 );
#1484 = FACE_OUTER_BOUND( '', #2268, .T. );
#1485 = PLANE( '', #2269 );
#1486 = SURFACE_STYLE_USAGE( .BOTH., #2270 );
#1487 = FACE_OUTER_BOUND( '', #2271, .T. );
#1488 = PLANE( '', #2272 );
#1489 = SURFACE_STYLE_USAGE( .BOTH., #2273 );
#1490 = FACE_OUTER_BOUND( '', #2274, .T. );
#1491 = PLANE( '', #2275 );
#1492 = SURFACE_STYLE_USAGE( .BOTH., #2276 );
#1493 = FACE_OUTER_BOUND( '', #2277, .T. );
#1494 = PLANE( '', #2278 );
#1495 = SURFACE_STYLE_USAGE( .BOTH., #2279 );
#1496 = FACE_OUTER_BOUND( '', #2280, .T. );
#1497 = PLANE( '', #2281 );
#1498 = SURFACE_STYLE_USAGE( .BOTH., #2282 );
#1499 = FACE_OUTER_BOUND( '', #2283, .T. );
#1500 = PLANE( '', #2284 );
#1501 = SURFACE_STYLE_USAGE( .BOTH., #2285 );
#1502 = FACE_OUTER_BOUND( '', #2286, .T. );
#1503 = PLANE( '', #2287 );
#1504 = SURFACE_STYLE_USAGE( .BOTH., #2288 );
#1505 = FACE_OUTER_BOUND( '', #2289, .T. );
#1506 = PLANE( '', #2290 );
#1507 = SURFACE_STYLE_USAGE( .BOTH., #2291 );
#1508 = FACE_OUTER_BOUND( '', #2292, .T. );
#1509 = PLANE( '', #2293 );
#1510 = SURFACE_STYLE_USAGE( .BOTH., #2294 );
#1511 = FACE_OUTER_BOUND( '', #2295, .T. );
#1512 = PLANE( '', #2296 );
#1513 = SURFACE_STYLE_USAGE( .BOTH., #2297 );
#1514 = FACE_OUTER_BOUND( '', #2298, .T. );
#1515 = PLANE( '', #2299 );
#1516 = SURFACE_STYLE_USAGE( .BOTH., #2300 );
#1517 = FACE_OUTER_BOUND( '', #2301, .T. );
#1518 = PLANE( '', #2302 );
#1519 = SURFACE_STYLE_USAGE( .BOTH., #2303 );
#1520 = FACE_OUTER_BOUND( '', #2304, .T. );
#1521 = PLANE( '', #2305 );
#1522 = SURFACE_STYLE_USAGE( .BOTH., #2306 );
#1523 = FACE_OUTER_BOUND( '', #2307, .T. );
#1524 = PLANE( '', #2308 );
#1525 = SURFACE_STYLE_USAGE( .BOTH., #2309 );
#1526 = FACE_OUTER_BOUND( '', #2310, .T. );
#1527 = PLANE( '', #2311 );
#1528 = SURFACE_STYLE_USAGE( .BOTH., #2312 );
#1529 = FACE_OUTER_BOUND( '', #2313, .T. );
#1530 = PLANE( '', #2314 );
#1531 = SURFACE_STYLE_USAGE( .BOTH., #2315 );
#1532 = FACE_OUTER_BOUND( '', #2316, .T. );
#1533 = PLANE( '', #2317 );
#1534 = SURFACE_STYLE_USAGE( .BOTH., #2318 );
#1535 = FACE_OUTER_BOUND( '', #2319, .T. );
#1536 = PLANE( '', #2320 );
#1537 = SURFACE_STYLE_USAGE( .BOTH., #2321 );
#1538 = FACE_OUTER_BOUND( '', #2322, .T. );
#1539 = PLANE( '', #2323 );
#1540 = SURFACE_STYLE_USAGE( .BOTH., #2324 );
#1541 = FACE_OUTER_BOUND( '', #2325, .T. );
#1542 = PLANE( '', #2326 );
#1543 = SURFACE_STYLE_USAGE( .BOTH., #2327 );
#1544 = FACE_OUTER_BOUND( '', #2328, .T. );
#1545 = PLANE( '', #2329 );
#1546 = SURFACE_STYLE_USAGE( .BOTH., #2330 );
#1547 = FACE_OUTER_BOUND( '', #2331, .T. );
#1548 = PLANE( '', #2332 );
#1549 = SURFACE_STYLE_USAGE( .BOTH., #2333 );
#1550 = FACE_OUTER_BOUND( '', #2334, .T. );
#1551 = PLANE( '', #2335 );
#1552 = SURFACE_STYLE_USAGE( .BOTH., #2336 );
#1553 = FACE_OUTER_BOUND( '', #2337, .T. );
#1554 = PLANE( '', #2338 );
#1555 = SURFACE_STYLE_USAGE( .BOTH., #2339 );
#1556 = FACE_OUTER_BOUND( '', #2340, .T. );
#1557 = PLANE( '', #2341 );
#1558 = SURFACE_STYLE_USAGE( .BOTH., #2342 );
#1559 = FACE_OUTER_BOUND( '', #2343, .T. );
#1560 = PLANE( '', #2344 );
#1561 = SURFACE_STYLE_USAGE( .BOTH., #2345 );
#1562 = FACE_OUTER_BOUND( '', #2346, .T. );
#1563 = PLANE( '', #2347 );
#1564 = SURFACE_STYLE_USAGE( .BOTH., #2348 );
#1565 = FACE_OUTER_BOUND( '', #2349, .T. );
#1566 = PLANE( '', #2350 );
#1567 = SURFACE_STYLE_USAGE( .BOTH., #2351 );
#1568 = FACE_OUTER_BOUND( '', #2352, .T. );
#1569 = PLANE( '', #2353 );
#1570 = SURFACE_STYLE_USAGE( .BOTH., #2354 );
#1571 = FACE_OUTER_BOUND( '', #2355, .T. );
#1572 = PLANE( '', #2356 );
#1573 = SURFACE_STYLE_USAGE( .BOTH., #2357 );
#1574 = FACE_OUTER_BOUND( '', #2358, .T. );
#1575 = PLANE( '', #2359 );
#1576 = SURFACE_STYLE_USAGE( .BOTH., #2360 );
#1577 = FACE_OUTER_BOUND( '', #2361, .T. );
#1578 = PLANE( '', #2362 );
#1579 = SURFACE_STYLE_USAGE( .BOTH., #2363 );
#1580 = FACE_OUTER_BOUND( '', #2364, .T. );
#1581 = PLANE( '', #2365 );
#1582 = SURFACE_STYLE_USAGE( .BOTH., #2366 );
#1583 = FACE_OUTER_BOUND( '', #2367, .T. );
#1584 = PLANE( '', #2368 );
#1585 = SURFACE_STYLE_USAGE( .BOTH., #2369 );
#1586 = FACE_OUTER_BOUND( '', #2370, .T. );
#1587 = PLANE( '', #2371 );
#1588 = SURFACE_STYLE_USAGE( .BOTH., #2372 );
#1589 = FACE_OUTER_BOUND( '', #2373, .T. );
#1590 = PLANE( '', #2374 );
#1591 = SURFACE_STYLE_USAGE( .BOTH., #2375 );
#1592 = FACE_OUTER_BOUND( '', #2376, .T. );
#1593 = PLANE( '', #2377 );
#1594 = SURFACE_STYLE_USAGE( .BOTH., #2378 );
#1595 = FACE_OUTER_BOUND( '', #2379, .T. );
#1596 = PLANE( '', #2380 );
#1597 = SURFACE_STYLE_USAGE( .BOTH., #2381 );
#1598 = FACE_OUTER_BOUND( '', #2382, .T. );
#1599 = PLANE( '', #2383 );
#1600 = SURFACE_STYLE_USAGE( .BOTH., #2384 );
#1601 = FACE_OUTER_BOUND( '', #2385, .T. );
#1602 = PLANE( '', #2386 );
#1603 = SURFACE_STYLE_USAGE( .BOTH., #2387 );
#1604 = FACE_OUTER_BOUND( '', #2388, .T. );
#1605 = PLANE( '', #2389 );
#1606 = SURFACE_STYLE_USAGE( .BOTH., #2390 );
#1607 = FACE_OUTER_BOUND( '', #2391, .T. );
#1608 = CYLINDRICAL_SURFACE( '', #2392, 0.0250000000000000 );
#1609 = SURFACE_STYLE_USAGE( .BOTH., #2393 );
#1610 = FACE_OUTER_BOUND( '', #2394, .T. );
#1611 = PLANE( '', #2395 );
#1612 = SURFACE_STYLE_USAGE( .BOTH., #2396 );
#1613 = FACE_OUTER_BOUND( '', #2397, .T. );
#1614 = PLANE( '', #2398 );
#1615 = SURFACE_STYLE_USAGE( .BOTH., #2399 );
#1616 = FACE_OUTER_BOUND( '', #2400, .T. );
#1617 = PLANE( '', #2401 );
#1618 = SURFACE_STYLE_USAGE( .BOTH., #2402 );
#1619 = FACE_OUTER_BOUND( '', #2403, .T. );
#1620 = PLANE( '', #2404 );
#1621 = SURFACE_STYLE_USAGE( .BOTH., #2405 );
#1622 = FACE_OUTER_BOUND( '', #2406, .T. );
#1623 = PLANE( '', #2407 );
#1624 = SURFACE_STYLE_USAGE( .BOTH., #2408 );
#1625 = FACE_OUTER_BOUND( '', #2409, .T. );
#1626 = PLANE( '', #2410 );
#1627 = SURFACE_STYLE_USAGE( .BOTH., #2411 );
#1628 = FACE_OUTER_BOUND( '', #2412, .T. );
#1629 = PLANE( '', #2413 );
#1630 = SURFACE_STYLE_USAGE( .BOTH., #2414 );
#1631 = FACE_OUTER_BOUND( '', #2415, .T. );
#1632 = PLANE( '', #2416 );
#1633 = SURFACE_STYLE_USAGE( .BOTH., #2417 );
#1634 = FACE_OUTER_BOUND( '', #2418, .T. );
#1635 = PLANE( '', #2419 );
#1636 = SURFACE_STYLE_USAGE( .BOTH., #2420 );
#1637 = FACE_OUTER_BOUND( '', #2421, .T. );
#1638 = PLANE( '', #2422 );
#1639 = SURFACE_STYLE_USAGE( .BOTH., #2423 );
#1640 = FACE_OUTER_BOUND( '', #2424, .T. );
#1641 = PLANE( '', #2425 );
#1642 = SURFACE_STYLE_USAGE( .BOTH., #2426 );
#1643 = FACE_OUTER_BOUND( '', #2427, .T. );
#1644 = PLANE( '', #2428 );
#1645 = SURFACE_STYLE_USAGE( .BOTH., #2429 );
#1646 = FACE_OUTER_BOUND( '', #2430, .T. );
#1647 = PLANE( '', #2431 );
#1648 = SURFACE_STYLE_USAGE( .BOTH., #2432 );
#1649 = FACE_OUTER_BOUND( '', #2433, .T. );
#1650 = PLANE( '', #2434 );
#1651 =  ( LENGTH_UNIT(  )NAMED_UNIT( #845 )SI_UNIT( .MILLI., .METRE. ) );
#1654 = LENGTH_MEASURE_WITH_UNIT( LENGTH_MEASURE( 25.4000000000000 ), #2436 );
#1657 = DIMENSIONAL_EXPONENTS( 1.00000000000000, 0.000000000000000, 0.000000000000000, 0.000000000000000, 0.000000000000000, 0.000000000000000, 0.000000000000000 );
#1659 = DIMENSIONAL_EXPONENTS( 0.000000000000000, 0.000000000000000, 0.000000000000000, 0.000000000000000, 0.000000000000000, 0.000000000000000, 0.000000000000000 );
#1665 = SURFACE_SIDE_STYLE( '', ( #2437 ) );
#1666 = EDGE_LOOP( '', ( #2438, #2439, #2440, #2441 ) );
#1667 = AXIS2_PLACEMENT_3D( '', #2442, #2443, #2444 );
#1668 = SURFACE_SIDE_STYLE( '', ( #2445 ) );
#1669 = EDGE_LOOP( '', ( #2446, #2447, #2448, #2449 ) );
#1670 = AXIS2_PLACEMENT_3D( '', #2450, #2451, #2452 );
#1671 = SURFACE_SIDE_STYLE( '', ( #2453 ) );
#1672 = EDGE_LOOP( '', ( #2454, #2455, #2456, #2457, #2458, #2459 ) );
#1673 = AXIS2_PLACEMENT_3D( '', #2460, #2461, #2462 );
#1674 = SURFACE_SIDE_STYLE( '', ( #2463 ) );
#1675 = EDGE_LOOP( '', ( #2464, #2465, #2466, #2467 ) );
#1676 = AXIS2_PLACEMENT_3D( '', #2468, #2469, #2470 );
#1677 = SURFACE_SIDE_STYLE( '', ( #2471 ) );
#1678 = EDGE_LOOP( '', ( #2472, #2473, #2474, #2475, #2476 ) );
#1679 = AXIS2_PLACEMENT_3D( '', #2477, #2478, #2479 );
#1680 = SURFACE_SIDE_STYLE( '', ( #2480 ) );
#1681 = EDGE_LOOP( '', ( #2481, #2482, #2483, #2484, #2485 ) );
#1682 = AXIS2_PLACEMENT_3D( '', #2486, #2487, #2488 );
#1683 = SURFACE_SIDE_STYLE( '', ( #2489 ) );
#1684 = EDGE_LOOP( '', ( #2490, #2491, #2492, #2493 ) );
#1685 = AXIS2_PLACEMENT_3D( '', #2494, #2495, #2496 );
#1686 = SURFACE_SIDE_STYLE( '', ( #2497 ) );
#1687 = EDGE_LOOP( '', ( #2498, #2499, #2500, #2501 ) );
#1688 = AXIS2_PLACEMENT_3D( '', #2502, #2503, #2504 );
#1689 = SURFACE_SIDE_STYLE( '', ( #2505 ) );
#1690 = EDGE_LOOP( '', ( #2506, #2507, #2508, #2509 ) );
#1691 = AXIS2_PLACEMENT_3D( '', #2510, #2511, #2512 );
#1692 = SURFACE_SIDE_STYLE( '', ( #2513 ) );
#1693 = EDGE_LOOP( '', ( #2514, #2515, #2516, #2517 ) );
#1694 = AXIS2_PLACEMENT_3D( '', #2518, #2519, #2520 );
#1695 = SURFACE_SIDE_STYLE( '', ( #2521 ) );
#1696 = EDGE_LOOP( '', ( #2522, #2523, #2524, #2525 ) );
#1697 = AXIS2_PLACEMENT_3D( '', #2526, #2527, #2528 );
#1698 = SURFACE_SIDE_STYLE( '', ( #2529 ) );
#1699 = EDGE_LOOP( '', ( #2530, #2531, #2532, #2533 ) );
#1700 = AXIS2_PLACEMENT_3D( '', #2534, #2535, #2536 );
#1701 = SURFACE_SIDE_STYLE( '', ( #2537 ) );
#1702 = EDGE_LOOP( '', ( #2538, #2539, #2540, #2541 ) );
#1703 = AXIS2_PLACEMENT_3D( '', #2542, #2543, #2544 );
#1704 = SURFACE_SIDE_STYLE( '', ( #2545 ) );
#1705 = EDGE_LOOP( '', ( #2546, #2547, #2548, #2549 ) );
#1706 = AXIS2_PLACEMENT_3D( '', #2550, #2551, #2552 );
#1707 = SURFACE_SIDE_STYLE( '', ( #2553 ) );
#1708 = EDGE_LOOP( '', ( #2554, #2555, #2556, #2557 ) );
#1709 = AXIS2_PLACEMENT_3D( '', #2558, #2559, #2560 );
#1710 = SURFACE_SIDE_STYLE( '', ( #2561 ) );
#1711 = EDGE_LOOP( '', ( #2562, #2563, #2564, #2565, #2566, #2567, #2568 ) );
#1712 = AXIS2_PLACEMENT_3D( '', #2569, #2570, #2571 );
#1713 = SURFACE_SIDE_STYLE( '', ( #2572 ) );
#1714 = EDGE_LOOP( '', ( #2573, #2574, #2575, #2576 ) );
#1715 = AXIS2_PLACEMENT_3D( '', #2577, #2578, #2579 );
#1716 = SURFACE_SIDE_STYLE( '', ( #2580 ) );
#1717 = EDGE_LOOP( '', ( #2581, #2582, #2583, #2584 ) );
#1718 = AXIS2_PLACEMENT_3D( '', #2585, #2586, #2587 );
#1719 = SURFACE_SIDE_STYLE( '', ( #2588 ) );
#1720 = EDGE_LOOP( '', ( #2589, #2590, #2591, #2592 ) );
#1721 = AXIS2_PLACEMENT_3D( '', #2593, #2594, #2595 );
#1722 = SURFACE_SIDE_STYLE( '', ( #2596 ) );
#1723 = EDGE_LOOP( '', ( #2597, #2598, #2599, #2600 ) );
#1724 = AXIS2_PLACEMENT_3D( '', #2601, #2602, #2603 );
#1725 = SURFACE_SIDE_STYLE( '', ( #2604 ) );
#1726 = EDGE_LOOP( '', ( #2605, #2606, #2607, #2608 ) );
#1727 = AXIS2_PLACEMENT_3D( '', #2609, #2610, #2611 );
#1728 = SURFACE_SIDE_STYLE( '', ( #2612 ) );
#1729 = EDGE_LOOP( '', ( #2613, #2614, #2615, #2616 ) );
#1730 = AXIS2_PLACEMENT_3D( '', #2617, #2618, #2619 );
#1731 = SURFACE_SIDE_STYLE( '', ( #2620 ) );
#1732 = EDGE_LOOP( '', ( #2621, #2622, #2623, #2624, #2625, #2626, #2627 ) );
#1733 = AXIS2_PLACEMENT_3D( '', #2628, #2629, #2630 );
#1734 = SURFACE_SIDE_STYLE( '', ( #2631 ) );
#1735 = EDGE_LOOP( '', ( #2632, #2633, #2634, #2635 ) );
#1736 = AXIS2_PLACEMENT_3D( '', #2636, #2637, #2638 );
#1737 = SURFACE_SIDE_STYLE( '', ( #2639 ) );
#1738 = EDGE_LOOP( '', ( #2640, #2641, #2642, #2643, #2644, #2645, #2646 ) );
#1739 = AXIS2_PLACEMENT_3D( '', #2647, #2648, #2649 );
#1740 = SURFACE_SIDE_STYLE( '', ( #2650 ) );
#1741 = EDGE_LOOP( '', ( #2651, #2652, #2653, #2654, #2655, #2656 ) );
#1742 = AXIS2_PLACEMENT_3D( '', #2657, #2658, #2659 );
#1743 = SURFACE_SIDE_STYLE( '', ( #2660 ) );
#1744 = EDGE_LOOP( '', ( #2661, #2662, #2663, #2664 ) );
#1745 = AXIS2_PLACEMENT_3D( '', #2665, #2666, #2667 );
#1746 = SURFACE_SIDE_STYLE( '', ( #2668 ) );
#1747 = EDGE_LOOP( '', ( #2669, #2670, #2671, #2672 ) );
#1748 = AXIS2_PLACEMENT_3D( '', #2673, #2674, #2675 );
#1749 = SURFACE_SIDE_STYLE( '', ( #2676 ) );
#1750 = EDGE_LOOP( '', ( #2677, #2678, #2679, #2680 ) );
#1751 = AXIS2_PLACEMENT_3D( '', #2681, #2682, #2683 );
#1752 = SURFACE_SIDE_STYLE( '', ( #2684 ) );
#1753 = EDGE_LOOP( '', ( #2685, #2686, #2687, #2688 ) );
#1754 = AXIS2_PLACEMENT_3D( '', #2689, #2690, #2691 );
#1755 = SURFACE_SIDE_STYLE( '', ( #2692 ) );
#1756 = EDGE_LOOP( '', ( #2693, #2694, #2695, #2696 ) );
#1757 = AXIS2_PLACEMENT_3D( '', #2697, #2698, #2699 );
#1758 = SURFACE_SIDE_STYLE( '', ( #2700 ) );
#1759 = EDGE_LOOP( '', ( #2701, #2702, #2703, #2704 ) );
#1760 = AXIS2_PLACEMENT_3D( '', #2705, #2706, #2707 );
#1761 = SURFACE_SIDE_STYLE( '', ( #2708 ) );
#1762 = EDGE_LOOP( '', ( #2709, #2710, #2711, #2712, #2713, #2714 ) );
#1763 = AXIS2_PLACEMENT_3D( '', #2715, #2716, #2717 );
#1764 = SURFACE_SIDE_STYLE( '', ( #2718 ) );
#1765 = EDGE_LOOP( '', ( #2719, #2720, #2721, #2722 ) );
#1766 = AXIS2_PLACEMENT_3D( '', #2723, #2724, #2725 );
#1767 = SURFACE_SIDE_STYLE( '', ( #2726 ) );
#1768 = EDGE_LOOP( '', ( #2727, #2728, #2729, #2730, #2731, #2732 ) );
#1769 = AXIS2_PLACEMENT_3D( '', #2733, #2734, #2735 );
#1770 = SURFACE_SIDE_STYLE( '', ( #2736 ) );
#1771 = EDGE_LOOP( '', ( #2737, #2738, #2739, #2740 ) );
#1772 = AXIS2_PLACEMENT_3D( '', #2741, #2742, #2743 );
#1773 = SURFACE_SIDE_STYLE( '', ( #2744 ) );
#1774 = EDGE_LOOP( '', ( #2745, #2746, #2747, #2748 ) );
#1775 = AXIS2_PLACEMENT_3D( '', #2749, #2750, #2751 );
#1776 = SURFACE_SIDE_STYLE( '', ( #2752 ) );
#1777 = EDGE_LOOP( '', ( #2753, #2754, #2755, #2756 ) );
#1778 = AXIS2_PLACEMENT_3D( '', #2757, #2758, #2759 );
#1779 = SURFACE_SIDE_STYLE( '', ( #2760 ) );
#1780 = EDGE_LOOP( '', ( #2761, #2762, #2763, #2764, #2765 ) );
#1781 = AXIS2_PLACEMENT_3D( '', #2766, #2767, #2768 );
#1782 = SURFACE_SIDE_STYLE( '', ( #2769 ) );
#1783 = EDGE_LOOP( '', ( #2770, #2771, #2772, #2773 ) );
#1784 = EDGE_LOOP( '', ( #2774, #2775, #2776, #2777 ) );
#1785 = EDGE_LOOP( '', ( #2778, #2779, #2780, #2781 ) );
#1786 = EDGE_LOOP( '', ( #2782, #2783, #2784, #2785 ) );
#1787 = EDGE_LOOP( '', ( #2786, #2787, #2788, #2789, #2790, #2791, #2792, #2793, #2794, #2795, #2796, #2797 ) );
#1788 = AXIS2_PLACEMENT_3D( '', #2798, #2799, #2800 );
#1789 = SURFACE_SIDE_STYLE( '', ( #2801 ) );
#1790 = EDGE_LOOP( '', ( #2802, #2803, #2804, #2805, #2806 ) );
#1791 = AXIS2_PLACEMENT_3D( '', #2807, #2808, #2809 );
#1792 = SURFACE_SIDE_STYLE( '', ( #2810 ) );
#1793 = EDGE_LOOP( '', ( #2811, #2812, #2813, #2814 ) );
#1794 = AXIS2_PLACEMENT_3D( '', #2815, #2816, #2817 );
#1795 = SURFACE_SIDE_STYLE( '', ( #2818 ) );
#1796 = EDGE_LOOP( '', ( #2819, #2820, #2821, #2822, #2823, #2824 ) );
#1797 = AXIS2_PLACEMENT_3D( '', #2825, #2826, #2827 );
#1798 = SURFACE_SIDE_STYLE( '', ( #2828 ) );
#1799 = EDGE_LOOP( '', ( #2829, #2830, #2831, #2832 ) );
#1800 = AXIS2_PLACEMENT_3D( '', #2833, #2834, #2835 );
#1801 = SURFACE_SIDE_STYLE( '', ( #2836 ) );
#1802 = EDGE_LOOP( '', ( #2837, #2838, #2839, #2840 ) );
#1803 = AXIS2_PLACEMENT_3D( '', #2841, #2842, #2843 );
#1804 = SURFACE_SIDE_STYLE( '', ( #2844 ) );
#1805 = EDGE_LOOP( '', ( #2845, #2846, #2847, #2848 ) );
#1806 = AXIS2_PLACEMENT_3D( '', #2849, #2850, #2851 );
#1807 = SURFACE_SIDE_STYLE( '', ( #2852 ) );
#1808 = EDGE_LOOP( '', ( #2853, #2854, #2855, #2856 ) );
#1809 = AXIS2_PLACEMENT_3D( '', #2857, #2858, #2859 );
#1810 = SURFACE_SIDE_STYLE( '', ( #2860 ) );
#1811 = EDGE_LOOP( '', ( #2861, #2862, #2863, #2864 ) );
#1812 = AXIS2_PLACEMENT_3D( '', #2865, #2866, #2867 );
#1813 = SURFACE_SIDE_STYLE( '', ( #2868 ) );
#1814 = EDGE_LOOP( '', ( #2869, #2870, #2871, #2872 ) );
#1815 = AXIS2_PLACEMENT_3D( '', #2873, #2874, #2875 );
#1816 = SURFACE_SIDE_STYLE( '', ( #2876 ) );
#1817 = EDGE_LOOP( '', ( #2877, #2878, #2879, #2880 ) );
#1818 = AXIS2_PLACEMENT_3D( '', #2881, #2882, #2883 );
#1819 = SURFACE_SIDE_STYLE( '', ( #2884 ) );
#1820 = EDGE_LOOP( '', ( #2885, #2886, #2887, #2888 ) );
#1821 = AXIS2_PLACEMENT_3D( '', #2889, #2890, #2891 );
#1822 = SURFACE_SIDE_STYLE( '', ( #2892 ) );
#1823 = EDGE_LOOP( '', ( #2893, #2894, #2895, #2896 ) );
#1824 = AXIS2_PLACEMENT_3D( '', #2897, #2898, #2899 );
#1825 = SURFACE_SIDE_STYLE( '', ( #2900 ) );
#1826 = EDGE_LOOP( '', ( #2901, #2902, #2903, #2904 ) );
#1827 = AXIS2_PLACEMENT_3D( '', #2905, #2906, #2907 );
#1828 = SURFACE_SIDE_STYLE( '', ( #2908 ) );
#1829 = EDGE_LOOP( '', ( #2909, #2910, #2911, #2912 ) );
#1830 = AXIS2_PLACEMENT_3D( '', #2913, #2914, #2915 );
#1831 = SURFACE_SIDE_STYLE( '', ( #2916 ) );
#1832 = EDGE_LOOP( '', ( #2917, #2918, #2919, #2920 ) );
#1833 = AXIS2_PLACEMENT_3D( '', #2921, #2922, #2923 );
#1834 = SURFACE_SIDE_STYLE( '', ( #2924 ) );
#1835 = EDGE_LOOP( '', ( #2925, #2926, #2927, #2928 ) );
#1836 = AXIS2_PLACEMENT_3D( '', #2929, #2930, #2931 );
#1837 = SURFACE_SIDE_STYLE( '', ( #2932 ) );
#1838 = EDGE_LOOP( '', ( #2933, #2934, #2935, #2936 ) );
#1839 = AXIS2_PLACEMENT_3D( '', #2937, #2938, #2939 );
#1840 = SURFACE_SIDE_STYLE( '', ( #2940 ) );
#1841 = EDGE_LOOP( '', ( #2941, #2942, #2943, #2944, #2945, #2946, #2947, #2948, #2949, #2950, #2951, #2952, #2953 ) );
#1842 = AXIS2_PLACEMENT_3D( '', #2954, #2955, #2956 );
#1843 = SURFACE_SIDE_STYLE( '', ( #2957 ) );
#1844 = EDGE_LOOP( '', ( #2958, #2959, #2960, #2961, #2962 ) );
#1845 = AXIS2_PLACEMENT_3D( '', #2963, #2964, #2965 );
#1846 = SURFACE_SIDE_STYLE( '', ( #2966 ) );
#1847 = EDGE_LOOP( '', ( #2967, #2968, #2969, #2970 ) );
#1848 = AXIS2_PLACEMENT_3D( '', #2971, #2972, #2973 );
#1849 = SURFACE_SIDE_STYLE( '', ( #2974 ) );
#1850 = EDGE_LOOP( '', ( #2975, #2976, #2977, #2978, #2979 ) );
#1851 = AXIS2_PLACEMENT_3D( '', #2980, #2981, #2982 );
#1852 = SURFACE_SIDE_STYLE( '', ( #2983 ) );
#1853 = EDGE_LOOP( '', ( #2984, #2985, #2986, #2987 ) );
#1854 = AXIS2_PLACEMENT_3D( '', #2988, #2989, #2990 );
#1855 = SURFACE_SIDE_STYLE( '', ( #2991 ) );
#1856 = EDGE_LOOP( '', ( #2992, #2993, #2994, #2995 ) );
#1857 = AXIS2_PLACEMENT_3D( '', #2996, #2997, #2998 );
#1858 = SURFACE_SIDE_STYLE( '', ( #2999 ) );
#1859 = EDGE_LOOP( '', ( #3000, #3001, #3002, #3003 ) );
#1860 = AXIS2_PLACEMENT_3D( '', #3004, #3005, #3006 );
#1861 = SURFACE_SIDE_STYLE( '', ( #3007 ) );
#1862 = EDGE_LOOP( '', ( #3008, #3009, #3010, #3011, #3012 ) );
#1863 = AXIS2_PLACEMENT_3D( '', #3013, #3014, #3015 );
#1864 = SURFACE_SIDE_STYLE( '', ( #3016 ) );
#1865 = EDGE_LOOP( '', ( #3017, #3018, #3019, #3020 ) );
#1866 = AXIS2_PLACEMENT_3D( '', #3021, #3022, #3023 );
#1867 = SURFACE_SIDE_STYLE( '', ( #3024 ) );
#1868 = EDGE_LOOP( '', ( #3025, #3026, #3027, #3028 ) );
#1869 = AXIS2_PLACEMENT_3D( '', #3029, #3030, #3031 );
#1870 = SURFACE_SIDE_STYLE( '', ( #3032 ) );
#1871 = EDGE_LOOP( '', ( #3033, #3034, #3035, #3036 ) );
#1872 = AXIS2_PLACEMENT_3D( '', #3037, #3038, #3039 );
#1873 = SURFACE_SIDE_STYLE( '', ( #3040 ) );
#1874 = EDGE_LOOP( '', ( #3041, #3042, #3043, #3044, #3045, #3046, #3047, #3048, #3049, #3050, #3051, #3052, #3053, #3054, #3055, #3056, #3057, #3058, #3059, #3060 ) );
#1875 = AXIS2_PLACEMENT_3D( '', #3061, #3062, #3063 );
#1876 = SURFACE_SIDE_STYLE( '', ( #3064 ) );
#1877 = EDGE_LOOP( '', ( #3065, #3066, #3067, #3068, #3069 ) );
#1878 = AXIS2_PLACEMENT_3D( '', #3070, #3071, #3072 );
#1879 = SURFACE_SIDE_STYLE( '', ( #3073 ) );
#1880 = EDGE_LOOP( '', ( #3074, #3075, #3076, #3077 ) );
#1881 = AXIS2_PLACEMENT_3D( '', #3078, #3079, #3080 );
#1882 = SURFACE_SIDE_STYLE( '', ( #3081 ) );
#1883 = EDGE_LOOP( '', ( #3082, #3083, #3084, #3085 ) );
#1884 = AXIS2_PLACEMENT_3D( '', #3086, #3087, #3088 );
#1885 = SURFACE_SIDE_STYLE( '', ( #3089 ) );
#1886 = EDGE_LOOP( '', ( #3090, #3091, #3092, #3093 ) );
#1887 = AXIS2_PLACEMENT_3D( '', #3094, #3095, #3096 );
#1888 = SURFACE_SIDE_STYLE( '', ( #3097 ) );
#1889 = EDGE_LOOP( '', ( #3098, #3099, #3100, #3101 ) );
#1890 = AXIS2_PLACEMENT_3D( '', #3102, #3103, #3104 );
#1891 = SURFACE_SIDE_STYLE( '', ( #3105 ) );
#1892 = EDGE_LOOP( '', ( #3106, #3107, #3108, #3109 ) );
#1893 = AXIS2_PLACEMENT_3D( '', #3110, #3111, #3112 );
#1894 = SURFACE_SIDE_STYLE( '', ( #3113 ) );
#1895 = EDGE_LOOP( '', ( #3114, #3115, #3116, #3117, #3118, #3119, #3120, #3121, #3122, #3123, #3124, #3125 ) );
#1896 = AXIS2_PLACEMENT_3D( '', #3126, #3127, #3128 );
#1897 = SURFACE_SIDE_STYLE( '', ( #3129 ) );
#1898 = EDGE_LOOP( '', ( #3130, #3131, #3132, #3133 ) );
#1899 = AXIS2_PLACEMENT_3D( '', #3134, #3135, #3136 );
#1900 = SURFACE_SIDE_STYLE( '', ( #3137 ) );
#1901 = EDGE_LOOP( '', ( #3138, #3139, #3140, #3141, #3142, #3143, #3144 ) );
#1902 = AXIS2_PLACEMENT_3D( '', #3145, #3146, #3147 );
#1903 = SURFACE_SIDE_STYLE( '', ( #3148 ) );
#1904 = EDGE_LOOP( '', ( #3149, #3150, #3151, #3152 ) );
#1905 = AXIS2_PLACEMENT_3D( '', #3153, #3154, #3155 );
#1906 = SURFACE_SIDE_STYLE( '', ( #3156 ) );
#1907 = EDGE_LOOP( '', ( #3157, #3158, #3159, #3160, #3161, #3162 ) );
#1908 = AXIS2_PLACEMENT_3D( '', #3163, #3164, #3165 );
#1909 = SURFACE_SIDE_STYLE( '', ( #3166 ) );
#1910 = EDGE_LOOP( '', ( #3167, #3168, #3169, #3170, #3171, #3172, #3173 ) );
#1911 = AXIS2_PLACEMENT_3D( '', #3174, #3175, #3176 );
#1912 = SURFACE_SIDE_STYLE( '', ( #3177 ) );
#1913 = EDGE_LOOP( '', ( #3178, #3179, #3180, #3181 ) );
#1914 = AXIS2_PLACEMENT_3D( '', #3182, #3183, #3184 );
#1915 = SURFACE_SIDE_STYLE( '', ( #3185 ) );
#1916 = EDGE_LOOP( '', ( #3186, #3187, #3188, #3189 ) );
#1917 = AXIS2_PLACEMENT_3D( '', #3190, #3191, #3192 );
#1918 = SURFACE_SIDE_STYLE( '', ( #3193 ) );
#1919 = EDGE_LOOP( '', ( #3194, #3195, #3196, #3197 ) );
#1920 = AXIS2_PLACEMENT_3D( '', #3198, #3199, #3200 );
#1921 = SURFACE_SIDE_STYLE( '', ( #3201 ) );
#1922 = EDGE_LOOP( '', ( #3202, #3203, #3204, #3205 ) );
#1923 = AXIS2_PLACEMENT_3D( '', #3206, #3207, #3208 );
#1924 = SURFACE_SIDE_STYLE( '', ( #3209 ) );
#1925 = EDGE_LOOP( '', ( #3210, #3211, #3212, #3213 ) );
#1926 = AXIS2_PLACEMENT_3D( '', #3214, #3215, #3216 );
#1927 = SURFACE_SIDE_STYLE( '', ( #3217 ) );
#1928 = EDGE_LOOP( '', ( #3218, #3219, #3220, #3221 ) );
#1929 = AXIS2_PLACEMENT_3D( '', #3222, #3223, #3224 );
#1930 = SURFACE_SIDE_STYLE( '', ( #3225 ) );
#1931 = EDGE_LOOP( '', ( #3226, #3227, #3228, #3229 ) );
#1932 = AXIS2_PLACEMENT_3D( '', #3230, #3231, #3232 );
#1933 = SURFACE_SIDE_STYLE( '', ( #3233 ) );
#1934 = EDGE_LOOP( '', ( #3234, #3235, #3236, #3237 ) );
#1935 = AXIS2_PLACEMENT_3D( '', #3238, #3239, #3240 );
#1936 = SURFACE_SIDE_STYLE( '', ( #3241 ) );
#1937 = EDGE_LOOP( '', ( #3242, #3243, #3244, #3245, #3246, #3247, #3248, #3249, #3250, #3251, #3252, #3253, #3254, #3255, #3256, #3257, #3258, #3259, #3260, #3261, #3262, #3263, #3264, #3265, #3266, #3267, #3268, #3269, #3270, #3271, #3272, #3273, #3274, #3275, #3276, #3277 ) );
#1938 = AXIS2_PLACEMENT_3D( '', #3278, #3279, #3280 );
#1939 = SURFACE_SIDE_STYLE( '', ( #3281 ) );
#1940 = EDGE_LOOP( '', ( #3282, #3283, #3284, #3285 ) );
#1941 = AXIS2_PLACEMENT_3D( '', #3286, #3287, #3288 );
#1942 = SURFACE_SIDE_STYLE( '', ( #3289 ) );
#1943 = EDGE_LOOP( '', ( #3290, #3291, #3292, #3293 ) );
#1944 = AXIS2_PLACEMENT_3D( '', #3294, #3295, #3296 );
#1945 = SURFACE_SIDE_STYLE( '', ( #3297 ) );
#1946 = EDGE_LOOP( '', ( #3298, #3299, #3300, #3301 ) );
#1947 = AXIS2_PLACEMENT_3D( '', #3302, #3303, #3304 );
#1948 = SURFACE_SIDE_STYLE( '', ( #3305 ) );
#1949 = EDGE_LOOP( '', ( #3306, #3307, #3308, #3309 ) );
#1950 = AXIS2_PLACEMENT_3D( '', #3310, #3311, #3312 );
#1951 = SURFACE_SIDE_STYLE( '', ( #3313 ) );
#1952 = EDGE_LOOP( '', ( #3314, #3315, #3316, #3317 ) );
#1953 = AXIS2_PLACEMENT_3D( '', #3318, #3319, #3320 );
#1954 = SURFACE_SIDE_STYLE( '', ( #3321 ) );
#1955 = EDGE_LOOP( '', ( #3322, #3323, #3324, #3325 ) );
#1956 = AXIS2_PLACEMENT_3D( '', #3326, #3327, #3328 );
#1957 = SURFACE_SIDE_STYLE( '', ( #3329 ) );
#1958 = EDGE_LOOP( '', ( #3330, #3331, #3332, #3333 ) );
#1959 = AXIS2_PLACEMENT_3D( '', #3334, #3335, #3336 );
#1960 = SURFACE_SIDE_STYLE( '', ( #3337 ) );
#1961 = EDGE_LOOP( '', ( #3338, #3339, #3340, #3341, #3342, #3343, #3344 ) );
#1962 = AXIS2_PLACEMENT_3D( '', #3345, #3346, #3347 );
#1963 = SURFACE_SIDE_STYLE( '', ( #3348 ) );
#1964 = EDGE_LOOP( '', ( #3349, #3350, #3351, #3352 ) );
#1965 = AXIS2_PLACEMENT_3D( '', #3353, #3354, #3355 );
#1966 = SURFACE_SIDE_STYLE( '', ( #3356 ) );
#1967 = EDGE_LOOP( '', ( #3357, #3358, #3359, #3360, #3361 ) );
#1968 = AXIS2_PLACEMENT_3D( '', #3362, #3363, #3364 );
#1969 = SURFACE_SIDE_STYLE( '', ( #3365 ) );
#1970 = EDGE_LOOP( '', ( #3366, #3367, #3368, #3369, #3370, #3371, #3372, #3373, #3374, #3375, #3376, #3377 ) );
#1971 = AXIS2_PLACEMENT_3D( '', #3378, #3379, #3380 );
#1972 = SURFACE_SIDE_STYLE( '', ( #3381 ) );
#1973 = EDGE_LOOP( '', ( #3382, #3383, #3384, #3385 ) );
#1974 = AXIS2_PLACEMENT_3D( '', #3386, #3387, #3388 );
#1975 = SURFACE_SIDE_STYLE( '', ( #3389 ) );
#1976 = EDGE_LOOP( '', ( #3390, #3391, #3392, #3393 ) );
#1977 = AXIS2_PLACEMENT_3D( '', #3394, #3395, #3396 );
#1978 = SURFACE_SIDE_STYLE( '', ( #3397 ) );
#1979 = EDGE_LOOP( '', ( #3398, #3399, #3400, #3401, #3402, #3403, #3404 ) );
#1980 = AXIS2_PLACEMENT_3D( '', #3405, #3406, #3407 );
#1981 = SURFACE_SIDE_STYLE( '', ( #3408 ) );
#1982 = EDGE_LOOP( '', ( #3409, #3410, #3411, #3412 ) );
#1983 = AXIS2_PLACEMENT_3D( '', #3413, #3414, #3415 );
#1984 = SURFACE_SIDE_STYLE( '', ( #3416 ) );
#1985 = EDGE_LOOP( '', ( #3417, #3418, #3419, #3420, #3421 ) );
#1986 = AXIS2_PLACEMENT_3D( '', #3422, #3423, #3424 );
#1987 = SURFACE_SIDE_STYLE( '', ( #3425 ) );
#1988 = EDGE_LOOP( '', ( #3426, #3427, #3428, #3429, #3430, #3431 ) );
#1989 = AXIS2_PLACEMENT_3D( '', #3432, #3433, #3434 );
#1990 = SURFACE_SIDE_STYLE( '', ( #3435 ) );
#1991 = EDGE_LOOP( '', ( #3436, #3437, #3438, #3439 ) );
#1992 = AXIS2_PLACEMENT_3D( '', #3440, #3441, #3442 );
#1993 = SURFACE_SIDE_STYLE( '', ( #3443 ) );
#1994 = EDGE_LOOP( '', ( #3444, #3445, #3446, #3447, #3448, #3449, #3450 ) );
#1995 = AXIS2_PLACEMENT_3D( '', #3451, #3452, #3453 );
#1996 = SURFACE_SIDE_STYLE( '', ( #3454 ) );
#1997 = EDGE_LOOP( '', ( #3455, #3456, #3457, #3458 ) );
#1998 = AXIS2_PLACEMENT_3D( '', #3459, #3460, #3461 );
#1999 = SURFACE_SIDE_STYLE( '', ( #3462 ) );
#2000 = EDGE_LOOP( '', ( #3463, #3464, #3465, #3466, #3467 ) );
#2001 = AXIS2_PLACEMENT_3D( '', #3468, #3469, #3470 );
#2002 = SURFACE_SIDE_STYLE( '', ( #3471 ) );
#2003 = EDGE_LOOP( '', ( #3472, #3473, #3474, #3475 ) );
#2004 = AXIS2_PLACEMENT_3D( '', #3476, #3477, #3478 );
#2005 = SURFACE_SIDE_STYLE( '', ( #3479 ) );
#2006 = EDGE_LOOP( '', ( #3480, #3481, #3482, #3483 ) );
#2007 = AXIS2_PLACEMENT_3D( '', #3484, #3485, #3486 );
#2008 = SURFACE_SIDE_STYLE( '', ( #3487 ) );
#2009 = EDGE_LOOP( '', ( #3488, #3489, #3490, #3491, #3492, #3493, #3494 ) );
#2010 = AXIS2_PLACEMENT_3D( '', #3495, #3496, #3497 );
#2011 = SURFACE_SIDE_STYLE( '', ( #3498 ) );
#2012 = EDGE_LOOP( '', ( #3499, #3500, #3501, #3502 ) );
#2013 = AXIS2_PLACEMENT_3D( '', #3503, #3504, #3505 );
#2014 = SURFACE_SIDE_STYLE( '', ( #3506 ) );
#2015 = EDGE_LOOP( '', ( #3507, #3508, #3509, #3510 ) );
#2016 = AXIS2_PLACEMENT_3D( '', #3511, #3512, #3513 );
#2017 = SURFACE_SIDE_STYLE( '', ( #3514 ) );
#2018 = EDGE_LOOP( '', ( #3515, #3516, #3517, #3518 ) );
#2019 = AXIS2_PLACEMENT_3D( '', #3519, #3520, #3521 );
#2020 = SURFACE_SIDE_STYLE( '', ( #3522 ) );
#2021 = EDGE_LOOP( '', ( #3523, #3524, #3525, #3526 ) );
#2022 = AXIS2_PLACEMENT_3D( '', #3527, #3528, #3529 );
#2023 = SURFACE_SIDE_STYLE( '', ( #3530 ) );
#2024 = EDGE_LOOP( '', ( #3531, #3532, #3533, #3534 ) );
#2025 = AXIS2_PLACEMENT_3D( '', #3535, #3536, #3537 );
#2026 = SURFACE_SIDE_STYLE( '', ( #3538 ) );
#2027 = EDGE_LOOP( '', ( #3539, #3540, #3541, #3542 ) );
#2028 = AXIS2_PLACEMENT_3D( '', #3543, #3544, #3545 );
#2029 = SURFACE_SIDE_STYLE( '', ( #3546 ) );
#2030 = EDGE_LOOP( '', ( #3547, #3548, #3549, #3550 ) );
#2031 = AXIS2_PLACEMENT_3D( '', #3551, #3552, #3553 );
#2032 = SURFACE_SIDE_STYLE( '', ( #3554 ) );
#2033 = EDGE_LOOP( '', ( #3555, #3556, #3557, #3558 ) );
#2034 = AXIS2_PLACEMENT_3D( '', #3559, #3560, #3561 );
#2035 = SURFACE_SIDE_STYLE( '', ( #3562 ) );
#2036 = EDGE_LOOP( '', ( #3563, #3564, #3565, #3566 ) );
#2037 = AXIS2_PLACEMENT_3D( '', #3567, #3568, #3569 );
#2038 = SURFACE_SIDE_STYLE( '', ( #3570 ) );
#2039 = EDGE_LOOP( '', ( #3571, #3572, #3573, #3574 ) );
#2040 = AXIS2_PLACEMENT_3D( '', #3575, #3576, #3577 );
#2041 = SURFACE_SIDE_STYLE( '', ( #3578 ) );
#2042 = EDGE_LOOP( '', ( #3579, #3580, #3581, #3582 ) );
#2043 = AXIS2_PLACEMENT_3D( '', #3583, #3584, #3585 );
#2044 = SURFACE_SIDE_STYLE( '', ( #3586 ) );
#2045 = EDGE_LOOP( '', ( #3587, #3588, #3589, #3590 ) );
#2046 = AXIS2_PLACEMENT_3D( '', #3591, #3592, #3593 );
#2047 = SURFACE_SIDE_STYLE( '', ( #3594 ) );
#2048 = EDGE_LOOP( '', ( #3595, #3596, #3597, #3598 ) );
#2049 = AXIS2_PLACEMENT_3D( '', #3599, #3600, #3601 );
#2050 = SURFACE_SIDE_STYLE( '', ( #3602 ) );
#2051 = EDGE_LOOP( '', ( #3603, #3604, #3605, #3606 ) );
#2052 = AXIS2_PLACEMENT_3D( '', #3607, #3608, #3609 );
#2053 = SURFACE_SIDE_STYLE( '', ( #3610 ) );
#2054 = EDGE_LOOP( '', ( #3611, #3612, #3613, #3614, #3615, #3616, #3617 ) );
#2055 = AXIS2_PLACEMENT_3D( '', #3618, #3619, #3620 );
#2056 = SURFACE_SIDE_STYLE( '', ( #3621 ) );
#2057 = EDGE_LOOP( '', ( #3622, #3623, #3624, #3625, #3626 ) );
#2058 = AXIS2_PLACEMENT_3D( '', #3627, #3628, #3629 );
#2059 = SURFACE_SIDE_STYLE( '', ( #3630 ) );
#2060 = EDGE_LOOP( '', ( #3631, #3632, #3633, #3634 ) );
#2061 = AXIS2_PLACEMENT_3D( '', #3635, #3636, #3637 );
#2062 = SURFACE_SIDE_STYLE( '', ( #3638 ) );
#2063 = EDGE_LOOP( '', ( #3639, #3640, #3641, #3642 ) );
#2064 = AXIS2_PLACEMENT_3D( '', #3643, #3644, #3645 );
#2065 = SURFACE_SIDE_STYLE( '', ( #3646 ) );
#2066 = EDGE_LOOP( '', ( #3647, #3648, #3649, #3650 ) );
#2067 = AXIS2_PLACEMENT_3D( '', #3651, #3652, #3653 );
#2068 = SURFACE_SIDE_STYLE( '', ( #3654 ) );
#2069 = EDGE_LOOP( '', ( #3655, #3656, #3657, #3658, #3659, #3660, #3661, #3662, #3663, #3664, #3665, #3666, #3667, #3668, #3669, #3670, #3671, #3672, #3673, #3674, #3675, #3676, #3677, #3678, #3679, #3680, #3681, #3682, #3683, #3684, #3685, #3686, #3687, #3688, #3689, #3690 ) );
#2070 = AXIS2_PLACEMENT_3D( '', #3691, #3692, #3693 );
#2071 = SURFACE_SIDE_STYLE( '', ( #3694 ) );
#2072 = EDGE_LOOP( '', ( #3695, #3696, #3697, #3698 ) );
#2073 = AXIS2_PLACEMENT_3D( '', #3699, #3700, #3701 );
#2074 = SURFACE_SIDE_STYLE( '', ( #3702 ) );
#2075 = EDGE_LOOP( '', ( #3703, #3704, #3705, #3706, #3707 ) );
#2076 = AXIS2_PLACEMENT_3D( '', #3708, #3709, #3710 );
#2077 = SURFACE_SIDE_STYLE( '', ( #3711 ) );
#2078 = EDGE_LOOP( '', ( #3712, #3713, #3714, #3715 ) );
#2079 = AXIS2_PLACEMENT_3D( '', #3716, #3717, #3718 );
#2080 = SURFACE_SIDE_STYLE( '', ( #3719 ) );
#2081 = EDGE_LOOP( '', ( #3720, #3721, #3722, #3723 ) );
#2082 = AXIS2_PLACEMENT_3D( '', #3724, #3725, #3726 );
#2083 = SURFACE_SIDE_STYLE( '', ( #3727 ) );
#2084 = EDGE_LOOP( '', ( #3728, #3729, #3730, #3731 ) );
#2085 = AXIS2_PLACEMENT_3D( '', #3732, #3733, #3734 );
#2086 = SURFACE_SIDE_STYLE( '', ( #3735 ) );
#2087 = EDGE_LOOP( '', ( #3736, #3737, #3738, #3739 ) );
#2088 = EDGE_LOOP( '', ( #3740, #3741, #3742, #3743 ) );
#2089 = EDGE_LOOP( '', ( #3744, #3745, #3746, #3747 ) );
#2090 = EDGE_LOOP( '', ( #3748, #3749, #3750, #3751 ) );
#2091 = EDGE_LOOP( '', ( #3752, #3753, #3754, #3755 ) );
#2092 = EDGE_LOOP( '', ( #3756, #3757, #3758, #3759 ) );
#2093 = EDGE_LOOP( '', ( #3760, #3761, #3762, #3763 ) );
#2094 = EDGE_LOOP( '', ( #3764, #3765, #3766, #3767 ) );
#2095 = EDGE_LOOP( '', ( #3768, #3769, #3770, #3771 ) );
#2096 = EDGE_LOOP( '', ( #3772, #3773, #3774, #3775 ) );
#2097 = EDGE_LOOP( '', ( #3776, #3777, #3778, #3779, #3780, #3781, #3782, #3783, #3784, #3785, #3786, #3787 ) );
#2098 = AXIS2_PLACEMENT_3D( '', #3788, #3789, #3790 );
#2099 = SURFACE_SIDE_STYLE( '', ( #3791 ) );
#2100 = EDGE_LOOP( '', ( #3792, #3793, #3794, #3795 ) );
#2101 = AXIS2_PLACEMENT_3D( '', #3796, #3797, #3798 );
#2102 = SURFACE_SIDE_STYLE( '', ( #3799 ) );
#2103 = EDGE_LOOP( '', ( #3800, #3801, #3802, #3803 ) );
#2104 = AXIS2_PLACEMENT_3D( '', #3804, #3805, #3806 );
#2105 = SURFACE_SIDE_STYLE( '', ( #3807 ) );
#2106 = EDGE_LOOP( '', ( #3808, #3809, #3810, #3811, #3812, #3813, #3814 ) );
#2107 = AXIS2_PLACEMENT_3D( '', #3815, #3816, #3817 );
#2108 = SURFACE_SIDE_STYLE( '', ( #3818 ) );
#2109 = EDGE_LOOP( '', ( #3819, #3820, #3821, #3822, #3823, #3824, #3825 ) );
#2110 = AXIS2_PLACEMENT_3D( '', #3826, #3827, #3828 );
#2111 = SURFACE_SIDE_STYLE( '', ( #3829 ) );
#2112 = EDGE_LOOP( '', ( #3830, #3831, #3832, #3833 ) );
#2113 = AXIS2_PLACEMENT_3D( '', #3834, #3835, #3836 );
#2114 = SURFACE_SIDE_STYLE( '', ( #3837 ) );
#2115 = EDGE_LOOP( '', ( #3838, #3839, #3840, #3841 ) );
#2116 = AXIS2_PLACEMENT_3D( '', #3842, #3843, #3844 );
#2117 = SURFACE_SIDE_STYLE( '', ( #3845 ) );
#2118 = EDGE_LOOP( '', ( #3846, #3847, #3848, #3849 ) );
#2119 = AXIS2_PLACEMENT_3D( '', #3850, #3851, #3852 );
#2120 = SURFACE_SIDE_STYLE( '', ( #3853 ) );
#2121 = EDGE_LOOP( '', ( #3854, #3855, #3856, #3857 ) );
#2122 = AXIS2_PLACEMENT_3D( '', #3858, #3859, #3860 );
#2123 = SURFACE_SIDE_STYLE( '', ( #3861 ) );
#2124 = EDGE_LOOP( '', ( #3862, #3863, #3864, #3865 ) );
#2125 = AXIS2_PLACEMENT_3D( '', #3866, #3867, #3868 );
#2126 = SURFACE_SIDE_STYLE( '', ( #3869 ) );
#2127 = EDGE_LOOP( '', ( #3870, #3871, #3872, #3873 ) );
#2128 = AXIS2_PLACEMENT_3D( '', #3874, #3875, #3876 );
#2129 = SURFACE_SIDE_STYLE( '', ( #3877 ) );
#2130 = EDGE_LOOP( '', ( #3878, #3879, #3880, #3881 ) );
#2131 = AXIS2_PLACEMENT_3D( '', #3882, #3883, #3884 );
#2132 = SURFACE_SIDE_STYLE( '', ( #3885 ) );
#2133 = EDGE_LOOP( '', ( #3886, #3887, #3888, #3889, #3890, #3891 ) );
#2134 = AXIS2_PLACEMENT_3D( '', #3892, #3893, #3894 );
#2135 = SURFACE_SIDE_STYLE( '', ( #3895 ) );
#2136 = EDGE_LOOP( '', ( #3896, #3897, #3898, #3899 ) );
#2137 = AXIS2_PLACEMENT_3D( '', #3900, #3901, #3902 );
#2138 = SURFACE_SIDE_STYLE( '', ( #3903 ) );
#2139 = EDGE_LOOP( '', ( #3904, #3905, #3906, #3907 ) );
#2140 = AXIS2_PLACEMENT_3D( '', #3908, #3909, #3910 );
#2141 = SURFACE_SIDE_STYLE( '', ( #3911 ) );
#2142 = EDGE_LOOP( '', ( #3912, #3913, #3914, #3915, #3916 ) );
#2143 = AXIS2_PLACEMENT_3D( '', #3917, #3918, #3919 );
#2144 = SURFACE_SIDE_STYLE( '', ( #3920 ) );
#2145 = EDGE_LOOP( '', ( #3921, #3922, #3923, #3924 ) );
#2146 = AXIS2_PLACEMENT_3D( '', #3925, #3926, #3927 );
#2147 = SURFACE_SIDE_STYLE( '', ( #3928 ) );
#2148 = EDGE_LOOP( '', ( #3929, #3930, #3931, #3932, #3933, #3934, #3935 ) );
#2149 = AXIS2_PLACEMENT_3D( '', #3936, #3937, #3938 );
#2150 = SURFACE_SIDE_STYLE( '', ( #3939 ) );
#2151 = EDGE_LOOP( '', ( #3940, #3941, #3942, #3943 ) );
#2152 = AXIS2_PLACEMENT_3D( '', #3944, #3945, #3946 );
#2153 = SURFACE_SIDE_STYLE( '', ( #3947 ) );
#2154 = EDGE_LOOP( '', ( #3948, #3949, #3950, #3951 ) );
#2155 = AXIS2_PLACEMENT_3D( '', #3952, #3953, #3954 );
#2156 = SURFACE_SIDE_STYLE( '', ( #3955 ) );
#2157 = EDGE_LOOP( '', ( #3956, #3957, #3958, #3959 ) );
#2158 = AXIS2_PLACEMENT_3D( '', #3960, #3961, #3962 );
#2159 = SURFACE_SIDE_STYLE( '', ( #3963 ) );
#2160 = EDGE_LOOP( '', ( #3964, #3965, #3966, #3967 ) );
#2161 = AXIS2_PLACEMENT_3D( '', #3968, #3969, #3970 );
#2162 = SURFACE_SIDE_STYLE( '', ( #3971 ) );
#2163 = EDGE_LOOP( '', ( #3972, #3973, #3974, #3975 ) );
#2164 = AXIS2_PLACEMENT_3D( '', #3976, #3977, #3978 );
#2165 = SURFACE_SIDE_STYLE( '', ( #3979 ) );
#2166 = EDGE_LOOP( '', ( #3980, #3981, #3982, #3983, #3984, #3985 ) );
#2167 = AXIS2_PLACEMENT_3D( '', #3986, #3987, #3988 );
#2168 = SURFACE_SIDE_STYLE( '', ( #3989 ) );
#2169 = EDGE_LOOP( '', ( #3990, #3991, #3992, #3993 ) );
#2170 = AXIS2_PLACEMENT_3D( '', #3994, #3995, #3996 );
#2171 = SURFACE_SIDE_STYLE( '', ( #3997 ) );
#2172 = EDGE_LOOP( '', ( #3998, #3999, #4000, #4001, #4002, #4003, #4004 ) );
#2173 = AXIS2_PLACEMENT_3D( '', #4005, #4006, #4007 );
#2174 = SURFACE_SIDE_STYLE( '', ( #4008 ) );
#2175 = EDGE_LOOP( '', ( #4009, #4010, #4011, #4012, #4013, #4014, #4015, #4016, #4017, #4018, #4019, #4020, #4021, #4022, #4023, #4024, #4025, #4026, #4027, #4028 ) );
#2176 = AXIS2_PLACEMENT_3D( '', #4029, #4030, #4031 );
#2177 = SURFACE_SIDE_STYLE( '', ( #4032 ) );
#2178 = EDGE_LOOP( '', ( #4033, #4034, #4035, #4036 ) );
#2179 = AXIS2_PLACEMENT_3D( '', #4037, #4038, #4039 );
#2180 = SURFACE_SIDE_STYLE( '', ( #4040 ) );
#2181 = EDGE_LOOP( '', ( #4041, #4042, #4043, #4044 ) );
#2182 = AXIS2_PLACEMENT_3D( '', #4045, #4046, #4047 );
#2183 = SURFACE_SIDE_STYLE( '', ( #4048 ) );
#2184 = EDGE_LOOP( '', ( #4049, #4050, #4051, #4052 ) );
#2185 = AXIS2_PLACEMENT_3D( '', #4053, #4054, #4055 );
#2186 = SURFACE_SIDE_STYLE( '', ( #4056 ) );
#2187 = EDGE_LOOP( '', ( #4057, #4058, #4059, #4060 ) );
#2188 = AXIS2_PLACEMENT_3D( '', #4061, #4062, #4063 );
#2189 = SURFACE_SIDE_STYLE( '', ( #4064 ) );
#2190 = EDGE_LOOP( '', ( #4065, #4066, #4067, #4068 ) );
#2191 = AXIS2_PLACEMENT_3D( '', #4069, #4070, #4071 );
#2192 = SURFACE_SIDE_STYLE( '', ( #4072 ) );
#2193 = EDGE_LOOP( '', ( #4073, #4074, #4075, #4076 ) );
#2194 = AXIS2_PLACEMENT_3D( '', #4077, #4078, #4079 );
#2195 = SURFACE_SIDE_STYLE( '', ( #4080 ) );
#2196 = EDGE_LOOP( '', ( #4081, #4082, #4083, #4084 ) );
#2197 = AXIS2_PLACEMENT_3D( '', #4085, #4086, #4087 );
#2198 = SURFACE_SIDE_STYLE( '', ( #4088 ) );
#2199 = EDGE_LOOP( '', ( #4089, #4090, #4091, #4092 ) );
#2200 = AXIS2_PLACEMENT_3D( '', #4093, #4094, #4095 );
#2201 = SURFACE_SIDE_STYLE( '', ( #4096 ) );
#2202 = EDGE_LOOP( '', ( #4097, #4098, #4099, #4100 ) );
#2203 = AXIS2_PLACEMENT_3D( '', #4101, #4102, #4103 );
#2204 = SURFACE_SIDE_STYLE( '', ( #4104 ) );
#2205 = EDGE_LOOP( '', ( #4105, #4106, #4107, #4108, #4109, #4110 ) );
#2206 = AXIS2_PLACEMENT_3D( '', #4111, #4112, #4113 );
#2207 = SURFACE_SIDE_STYLE( '', ( #4114 ) );
#2208 = EDGE_LOOP( '', ( #4115, #4116, #4117, #4118 ) );
#2209 = AXIS2_PLACEMENT_3D( '', #4119, #4120, #4121 );
#2210 = SURFACE_SIDE_STYLE( '', ( #4122 ) );
#2211 = EDGE_LOOP( '', ( #4123, #4124, #4125, #4126 ) );
#2212 = AXIS2_PLACEMENT_3D( '', #4127, #4128, #4129 );
#2213 = SURFACE_SIDE_STYLE( '', ( #4130 ) );
#2214 = EDGE_LOOP( '', ( #4131, #4132, #4133, #4134 ) );
#2215 = AXIS2_PLACEMENT_3D( '', #4135, #4136, #4137 );
#2216 = SURFACE_SIDE_STYLE( '', ( #4138 ) );
#2217 = EDGE_LOOP( '', ( #4139, #4140, #4141, #4142 ) );
#2218 = AXIS2_PLACEMENT_3D( '', #4143, #4144, #4145 );
#2219 = SURFACE_SIDE_STYLE( '', ( #4146 ) );
#2220 = EDGE_LOOP( '', ( #4147, #4148, #4149, #4150 ) );
#2221 = AXIS2_PLACEMENT_3D( '', #4151, #4152, #4153 );
#2222 = SURFACE_SIDE_STYLE( '', ( #4154 ) );
#2223 = EDGE_LOOP( '', ( #4155, #4156, #4157, #4158 ) );
#2224 = AXIS2_PLACEMENT_3D( '', #4159, #4160, #4161 );
#2225 = SURFACE_SIDE_STYLE( '', ( #4162 ) );
#2226 = EDGE_LOOP( '', ( #4163, #4164, #4165, #4166 ) );
#2227 = AXIS2_PLACEMENT_3D( '', #4167, #4168, #4169 );
#2228 = SURFACE_SIDE_STYLE( '', ( #4170 ) );
#2229 = EDGE_LOOP( '', ( #4171, #4172, #4173, #4174, #4175, #4176, #4177, #4178, #4179 ) );
#2230 = AXIS2_PLACEMENT_3D( '', #4180, #4181, #4182 );
#2231 = SURFACE_SIDE_STYLE( '', ( #4183 ) );
#2232 = EDGE_LOOP( '', ( #4184, #4185, #4186, #4187 ) );
#2233 = AXIS2_PLACEMENT_3D( '', #4188, #4189, #4190 );
#2234 = SURFACE_SIDE_STYLE( '', ( #4191 ) );
#2235 = EDGE_LOOP( '', ( #4192, #4193, #4194, #4195 ) );
#2236 = AXIS2_PLACEMENT_3D( '', #4196, #4197, #4198 );
#2237 = SURFACE_SIDE_STYLE( '', ( #4199 ) );
#2238 = EDGE_LOOP( '', ( #4200, #4201, #4202, #4203, #4204, #4205, #4206, #4207, #4208, #4209 ) );
#2239 = AXIS2_PLACEMENT_3D( '', #4210, #4211, #4212 );
#2240 = SURFACE_SIDE_STYLE( '', ( #4213 ) );
#2241 = EDGE_LOOP( '', ( #4214, #4215, #4216, #4217, #4218 ) );
#2242 = AXIS2_PLACEMENT_3D( '', #4219, #4220, #4221 );
#2243 = SURFACE_SIDE_STYLE( '', ( #4222 ) );
#2244 = EDGE_LOOP( '', ( #4223, #4224, #4225, #4226, #4227, #4228, #4229, #4230, #4231 ) );
#2245 = AXIS2_PLACEMENT_3D( '', #4232, #4233, #4234 );
#2246 = SURFACE_SIDE_STYLE( '', ( #4235 ) );
#2247 = EDGE_LOOP( '', ( #4236, #4237, #4238, #4239 ) );
#2248 = AXIS2_PLACEMENT_3D( '', #4240, #4241, #4242 );
#2249 = SURFACE_SIDE_STYLE( '', ( #4243 ) );
#2250 = EDGE_LOOP( '', ( #4244, #4245, #4246, #4247 ) );
#2251 = AXIS2_PLACEMENT_3D( '', #4248, #4249, #4250 );
#2252 = SURFACE_SIDE_STYLE( '', ( #4251 ) );
#2253 = EDGE_LOOP( '', ( #4252, #4253, #4254, #4255 ) );
#2254 = AXIS2_PLACEMENT_3D( '', #4256, #4257, #4258 );
#2255 = SURFACE_SIDE_STYLE( '', ( #4259 ) );
#2256 = EDGE_LOOP( '', ( #4260, #4261, #4262, #4263, #4264, #4265, #4266 ) );
#2257 = AXIS2_PLACEMENT_3D( '', #4267, #4268, #4269 );
#2258 = SURFACE_SIDE_STYLE( '', ( #4270 ) );
#2259 = EDGE_LOOP( '', ( #4271, #4272, #4273, #4274 ) );
#2260 = AXIS2_PLACEMENT_3D( '', #4275, #4276, #4277 );
#2261 = SURFACE_SIDE_STYLE( '', ( #4278 ) );
#2262 = EDGE_LOOP( '', ( #4279, #4280, #4281, #4282, #4283, #4284, #4285, #4286, #4287, #4288, #4289, #4290, #4291, #4292, #4293, #4294, #4295, #4296, #4297, #4298 ) );
#2263 = AXIS2_PLACEMENT_3D( '', #4299, #4300, #4301 );
#2264 = SURFACE_SIDE_STYLE( '', ( #4302 ) );
#2265 = EDGE_LOOP( '', ( #4303, #4304, #4305, #4306 ) );
#2266 = AXIS2_PLACEMENT_3D( '', #4307, #4308, #4309 );
#2267 = SURFACE_SIDE_STYLE( '', ( #4310 ) );
#2268 = EDGE_LOOP( '', ( #4311, #4312, #4313, #4314 ) );
#2269 = AXIS2_PLACEMENT_3D( '', #4315, #4316, #4317 );
#2270 = SURFACE_SIDE_STYLE( '', ( #4318 ) );
#2271 = EDGE_LOOP( '', ( #4319, #4320, #4321, #4322 ) );
#2272 = AXIS2_PLACEMENT_3D( '', #4323, #4324, #4325 );
#2273 = SURFACE_SIDE_STYLE( '', ( #4326 ) );
#2274 = EDGE_LOOP( '', ( #4327, #4328, #4329, #4330 ) );
#2275 = AXIS2_PLACEMENT_3D( '', #4331, #4332, #4333 );
#2276 = SURFACE_SIDE_STYLE( '', ( #4334 ) );
#2277 = EDGE_LOOP( '', ( #4335, #4336, #4337, #4338 ) );
#2278 = AXIS2_PLACEMENT_3D( '', #4339, #4340, #4341 );
#2279 = SURFACE_SIDE_STYLE( '', ( #4342 ) );
#2280 = EDGE_LOOP( '', ( #4343, #4344, #4345, #4346 ) );
#2281 = AXIS2_PLACEMENT_3D( '', #4347, #4348, #4349 );
#2282 = SURFACE_SIDE_STYLE( '', ( #4350 ) );
#2283 = EDGE_LOOP( '', ( #4351, #4352, #4353, #4354 ) );
#2284 = AXIS2_PLACEMENT_3D( '', #4355, #4356, #4357 );
#2285 = SURFACE_SIDE_STYLE( '', ( #4358 ) );
#2286 = EDGE_LOOP( '', ( #4359, #4360, #4361, #4362 ) );
#2287 = AXIS2_PLACEMENT_3D( '', #4363, #4364, #4365 );
#2288 = SURFACE_SIDE_STYLE( '', ( #4366 ) );
#2289 = EDGE_LOOP( '', ( #4367, #4368, #4369, #4370, #4371, #4372, #4373 ) );
#2290 = AXIS2_PLACEMENT_3D( '', #4374, #4375, #4376 );
#2291 = SURFACE_SIDE_STYLE( '', ( #4377 ) );
#2292 = EDGE_LOOP( '', ( #4378, #4379, #4380, #4381, #4382, #4383, #4384, #4385, #4386, #4387, #4388, #4389, #4390 ) );
#2293 = AXIS2_PLACEMENT_3D( '', #4391, #4392, #4393 );
#2294 = SURFACE_SIDE_STYLE( '', ( #4394 ) );
#2295 = EDGE_LOOP( '', ( #4395, #4396, #4397, #4398, #4399 ) );
#2296 = AXIS2_PLACEMENT_3D( '', #4400, #4401, #4402 );
#2297 = SURFACE_SIDE_STYLE( '', ( #4403 ) );
#2298 = EDGE_LOOP( '', ( #4404, #4405, #4406, #4407 ) );
#2299 = AXIS2_PLACEMENT_3D( '', #4408, #4409, #4410 );
#2300 = SURFACE_SIDE_STYLE( '', ( #4411 ) );
#2301 = EDGE_LOOP( '', ( #4412, #4413, #4414, #4415 ) );
#2302 = AXIS2_PLACEMENT_3D( '', #4416, #4417, #4418 );
#2303 = SURFACE_SIDE_STYLE( '', ( #4419 ) );
#2304 = EDGE_LOOP( '', ( #4420, #4421, #4422, #4423 ) );
#2305 = AXIS2_PLACEMENT_3D( '', #4424, #4425, #4426 );
#2306 = SURFACE_SIDE_STYLE( '', ( #4427 ) );
#2307 = EDGE_LOOP( '', ( #4428, #4429, #4430, #4431, #4432, #4433, #4434 ) );
#2308 = AXIS2_PLACEMENT_3D( '', #4435, #4436, #4437 );
#2309 = SURFACE_SIDE_STYLE( '', ( #4438 ) );
#2310 = EDGE_LOOP( '', ( #4439, #4440, #4441, #4442 ) );
#2311 = AXIS2_PLACEMENT_3D( '', #4443, #4444, #4445 );
#2312 = SURFACE_SIDE_STYLE( '', ( #4446 ) );
#2313 = EDGE_LOOP( '', ( #4447, #4448, #4449, #4450 ) );
#2314 = AXIS2_PLACEMENT_3D( '', #4451, #4452, #4453 );
#2315 = SURFACE_SIDE_STYLE( '', ( #4454 ) );
#2316 = EDGE_LOOP( '', ( #4455, #4456, #4457, #4458, #4459, #4460, #4461 ) );
#2317 = AXIS2_PLACEMENT_3D( '', #4462, #4463, #4464 );
#2318 = SURFACE_SIDE_STYLE( '', ( #4465 ) );
#2319 = EDGE_LOOP( '', ( #4466, #4467, #4468, #4469 ) );
#2320 = AXIS2_PLACEMENT_3D( '', #4470, #4471, #4472 );
#2321 = SURFACE_SIDE_STYLE( '', ( #4473 ) );
#2322 = EDGE_LOOP( '', ( #4474, #4475, #4476, #4477 ) );
#2323 = AXIS2_PLACEMENT_3D( '', #4478, #4479, #4480 );
#2324 = SURFACE_SIDE_STYLE( '', ( #4481 ) );
#2325 = EDGE_LOOP( '', ( #4482, #4483, #4484, #4485 ) );
#2326 = AXIS2_PLACEMENT_3D( '', #4486, #4487, #4488 );
#2327 = SURFACE_SIDE_STYLE( '', ( #4489 ) );
#2328 = EDGE_LOOP( '', ( #4490, #4491, #4492, #4493 ) );
#2329 = AXIS2_PLACEMENT_3D( '', #4494, #4495, #4496 );
#2330 = SURFACE_SIDE_STYLE( '', ( #4497 ) );
#2331 = EDGE_LOOP( '', ( #4498, #4499, #4500, #4501 ) );
#2332 = AXIS2_PLACEMENT_3D( '', #4502, #4503, #4504 );
#2333 = SURFACE_SIDE_STYLE( '', ( #4505 ) );
#2334 = EDGE_LOOP( '', ( #4506, #4507, #4508, #4509 ) );
#2335 = AXIS2_PLACEMENT_3D( '', #4510, #4511, #4512 );
#2336 = SURFACE_SIDE_STYLE( '', ( #4513 ) );
#2337 = EDGE_LOOP( '', ( #4514, #4515, #4516, #4517 ) );
#2338 = AXIS2_PLACEMENT_3D( '', #4518, #4519, #4520 );
#2339 = SURFACE_SIDE_STYLE( '', ( #4521 ) );
#2340 = EDGE_LOOP( '', ( #4522, #4523, #4524, #4525 ) );
#2341 = AXIS2_PLACEMENT_3D( '', #4526, #4527, #4528 );
#2342 = SURFACE_SIDE_STYLE( '', ( #4529 ) );
#2343 = EDGE_LOOP( '', ( #4530, #4531, #4532, #4533 ) );
#2344 = AXIS2_PLACEMENT_3D( '', #4534, #4535, #4536 );
#2345 = SURFACE_SIDE_STYLE( '', ( #4537 ) );
#2346 = EDGE_LOOP( '', ( #4538, #4539, #4540, #4541 ) );
#2347 = AXIS2_PLACEMENT_3D( '', #4542, #4543, #4544 );
#2348 = SURFACE_SIDE_STYLE( '', ( #4545 ) );
#2349 = EDGE_LOOP( '', ( #4546, #4547, #4548, #4549, #4550 ) );
#2350 = AXIS2_PLACEMENT_3D( '', #4551, #4552, #4553 );
#2351 = SURFACE_SIDE_STYLE( '', ( #4554 ) );
#2352 = EDGE_LOOP( '', ( #4555, #4556, #4557, #4558, #4559 ) );
#2353 = AXIS2_PLACEMENT_3D( '', #4560, #4561, #4562 );
#2354 = SURFACE_SIDE_STYLE( '', ( #4563 ) );
#2355 = EDGE_LOOP( '', ( #4564, #4565, #4566, #4567 ) );
#2356 = AXIS2_PLACEMENT_3D( '', #4568, #4569, #4570 );
#2357 = SURFACE_SIDE_STYLE( '', ( #4571 ) );
#2358 = EDGE_LOOP( '', ( #4572, #4573, #4574, #4575 ) );
#2359 = AXIS2_PLACEMENT_3D( '', #4576, #4577, #4578 );
#2360 = SURFACE_SIDE_STYLE( '', ( #4579 ) );
#2361 = EDGE_LOOP( '', ( #4580, #4581, #4582, #4583 ) );
#2362 = AXIS2_PLACEMENT_3D( '', #4584, #4585, #4586 );
#2363 = SURFACE_SIDE_STYLE( '', ( #4587 ) );
#2364 = EDGE_LOOP( '', ( #4588, #4589, #4590, #4591 ) );
#2365 = AXIS2_PLACEMENT_3D( '', #4592, #4593, #4594 );
#2366 = SURFACE_SIDE_STYLE( '', ( #4595 ) );
#2367 = EDGE_LOOP( '', ( #4596, #4597, #4598, #4599 ) );
#2368 = AXIS2_PLACEMENT_3D( '', #4600, #4601, #4602 );
#2369 = SURFACE_SIDE_STYLE( '', ( #4603 ) );
#2370 = EDGE_LOOP( '', ( #4604, #4605, #4606, #4607 ) );
#2371 = AXIS2_PLACEMENT_3D( '', #4608, #4609, #4610 );
#2372 = SURFACE_SIDE_STYLE( '', ( #4611 ) );
#2373 = EDGE_LOOP( '', ( #4612, #4613, #4614, #4615, #4616, #4617 ) );
#2374 = AXIS2_PLACEMENT_3D( '', #4618, #4619, #4620 );
#2375 = SURFACE_SIDE_STYLE( '', ( #4621 ) );
#2376 = EDGE_LOOP( '', ( #4622, #4623, #4624, #4625 ) );
#2377 = AXIS2_PLACEMENT_3D( '', #4626, #4627, #4628 );
#2378 = SURFACE_SIDE_STYLE( '', ( #4629 ) );
#2379 = EDGE_LOOP( '', ( #4630, #4631, #4632, #4633 ) );
#2380 = AXIS2_PLACEMENT_3D( '', #4634, #4635, #4636 );
#2381 = SURFACE_SIDE_STYLE( '', ( #4637 ) );
#2382 = EDGE_LOOP( '', ( #4638, #4639, #4640, #4641 ) );
#2383 = AXIS2_PLACEMENT_3D( '', #4642, #4643, #4644 );
#2384 = SURFACE_SIDE_STYLE( '', ( #4645 ) );
#2385 = EDGE_LOOP( '', ( #4646, #4647, #4648, #4649 ) );
#2386 = AXIS2_PLACEMENT_3D( '', #4650, #4651, #4652 );
#2387 = SURFACE_SIDE_STYLE( '', ( #4653 ) );
#2388 = EDGE_LOOP( '', ( #4654, #4655, #4656, #4657 ) );
#2389 = AXIS2_PLACEMENT_3D( '', #4658, #4659, #4660 );
#2390 = SURFACE_SIDE_STYLE( '', ( #4661 ) );
#2391 = EDGE_LOOP( '', ( #4662, #4663, #4664, #4665 ) );
#2392 = AXIS2_PLACEMENT_3D( '', #4666, #4667, #4668 );
#2393 = SURFACE_SIDE_STYLE( '', ( #4669 ) );
#2394 = EDGE_LOOP( '', ( #4670, #4671, #4672, #4673 ) );
#2395 = AXIS2_PLACEMENT_3D( '', #4674, #4675, #4676 );
#2396 = SURFACE_SIDE_STYLE( '', ( #4677 ) );
#2397 = EDGE_LOOP( '', ( #4678, #4679, #4680, #4681, #4682, #4683, #4684 ) );
#2398 = AXIS2_PLACEMENT_3D( '', #4685, #4686, #4687 );
#2399 = SURFACE_SIDE_STYLE( '', ( #4688 ) );
#2400 = EDGE_LOOP( '', ( #4689, #4690, #4691, #4692 ) );
#2401 = AXIS2_PLACEMENT_3D( '', #4693, #4694, #4695 );
#2402 = SURFACE_SIDE_STYLE( '', ( #4696 ) );
#2403 = EDGE_LOOP( '', ( #4697, #4698, #4699, #4700 ) );
#2404 = AXIS2_PLACEMENT_3D( '', #4701, #4702, #4703 );
#2405 = SURFACE_SIDE_STYLE( '', ( #4704 ) );
#2406 = EDGE_LOOP( '', ( #4705, #4706, #4707, #4708, #4709, #4710, #4711, #4712, #4713, #4714, #4715, #4716, #4717, #4718, #4719, #4720, #4721, #4722, #4723, #4724 ) );
#2407 = AXIS2_PLACEMENT_3D( '', #4725, #4726, #4727 );
#2408 = SURFACE_SIDE_STYLE( '', ( #4728 ) );
#2409 = EDGE_LOOP( '', ( #4729, #4730, #4731, #4732 ) );
#2410 = AXIS2_PLACEMENT_3D( '', #4733, #4734, #4735 );
#2411 = SURFACE_SIDE_STYLE( '', ( #4736 ) );
#2412 = EDGE_LOOP( '', ( #4737, #4738, #4739, #4740 ) );
#2413 = AXIS2_PLACEMENT_3D( '', #4741, #4742, #4743 );
#2414 = SURFACE_SIDE_STYLE( '', ( #4744 ) );
#2415 = EDGE_LOOP( '', ( #4745, #4746, #4747, #4748 ) );
#2416 = AXIS2_PLACEMENT_3D( '', #4749, #4750, #4751 );
#2417 = SURFACE_SIDE_STYLE( '', ( #4752 ) );
#2418 = EDGE_LOOP( '', ( #4753, #4754, #4755, #4756, #4757, #4758 ) );
#2419 = AXIS2_PLACEMENT_3D( '', #4759, #4760, #4761 );
#2420 = SURFACE_SIDE_STYLE( '', ( #4762 ) );
#2421 = EDGE_LOOP( '', ( #4763, #4764, #4765, #4766 ) );
#2422 = AXIS2_PLACEMENT_3D( '', #4767, #4768, #4769 );
#2423 = SURFACE_SIDE_STYLE( '', ( #4770 ) );
#2424 = EDGE_LOOP( '', ( #4771, #4772, #4773, #4774 ) );
#2425 = AXIS2_PLACEMENT_3D( '', #4775, #4776, #4777 );
#2426 = SURFACE_SIDE_STYLE( '', ( #4778 ) );
#2427 = EDGE_LOOP( '', ( #4779, #4780, #4781, #4782 ) );
#2428 = AXIS2_PLACEMENT_3D( '', #4783, #4784, #4785 );
#2429 = SURFACE_SIDE_STYLE( '', ( #4786 ) );
#2430 = EDGE_LOOP( '', ( #4787, #4788, #4789, #4790 ) );
#2431 = AXIS2_PLACEMENT_3D( '', #4791, #4792, #4793 );
#2432 = SURFACE_SIDE_STYLE( '', ( #4794 ) );
#2433 = EDGE_LOOP( '', ( #4795, #4796, #4797, #4798, #4799, #4800, #4801 ) );
#2434 = AXIS2_PLACEMENT_3D( '', #4802, #4803, #4804 );
#2436 =  ( LENGTH_UNIT(  )NAMED_UNIT( #1657 )SI_UNIT( .MILLI., .METRE. ) );
#2437 = SURFACE_STYLE_FILL_AREA( #4806 );
#2438 = ORIENTED_EDGE( '', *, *, #4807, .F. );
#2439 = ORIENTED_EDGE( '', *, *, #4808, .T. );
#2440 = ORIENTED_EDGE( '', *, *, #4809, .F. );
#2441 = ORIENTED_EDGE( '', *, *, #4810, .F. );
#2442 = CARTESIAN_POINT( '', ( 0.108000000000000, 0.0100000000000000, 0.0170000000000000 ) );
#2443 = DIRECTION( '', ( -0.000000000000000, 0.000000000000000, -1.00000000000000 ) );
#2444 = DIRECTION( '', ( -1.00000000000000, 0.000000000000000, 0.000000000000000 ) );
#2445 = SURFACE_STYLE_FILL_AREA( #4811 );
#2446 = ORIENTED_EDGE( '', *, *, #4812, .F. );
#2447 = ORIENTED_EDGE( '', *, *, #4813, .T. );
#2448 = ORIENTED_EDGE( '', *, *, #4814, .F. );
#2449 = ORIENTED_EDGE( '', *, *, #4815, .F. );
#2450 = CARTESIAN_POINT( '', ( 0.108000000000000, 0.0100000000000000, 0.0170000000000000 ) );
#2451 = DIRECTION( '', ( -0.000000000000000, 0.000000000000000, -1.00000000000000 ) );
#2452 = DIRECTION( '', ( -1.00000000000000, 0.000000000000000, 0.000000000000000 ) );
#2453 = SURFACE_STYLE_FILL_AREA( #4816 );
#2454 = ORIENTED_EDGE( '', *, *, #4817, .F. );
#2455 = ORIENTED_EDGE( '', *, *, #4818, .F. );
#2456 = ORIENTED_EDGE( '', *, *, #4819, .F. );
#2457 = ORIENTED_EDGE( '', *, *, #4820, .T. );
#2458 = ORIENTED_EDGE( '', *, *, #4821, .T. );
#2459 = ORIENTED_EDGE( '', *, *, #4822, .T. );
#2460 = CARTESIAN_POINT( '', ( 0.108000000000000, 0.0990000000000000, 0.0175000000000000 ) );
#2461 = DIRECTION( '', ( 0.000000000000000, 0.000000000000000, 1.00000000000000 ) );
#2462 = DIRECTION( '', ( 1.00000000000000, 0.000000000000000, -0.000000000000000 ) );
#2463 = SURFACE_STYLE_FILL_AREA( #4823 );
#2464 = ORIENTED_EDGE( '', *, *, #4824, .T. );
#2465 = ORIENTED_EDGE( '', *, *, #4825, .T. );
#2466 = ORIENTED_EDGE( '', *, *, #4826, .T. );
#2467 = ORIENTED_EDGE( '', *, *, #4827, .F. );
#2468 = CARTESIAN_POINT( '', ( -0.0420000000000000, 0.210000000000000, 0.500000000000000 ) );
#2469 = DIRECTION( '', ( -0.866025403784301, -0.500000000000239, 0.000000000000000 ) );
#2470 = DIRECTION( '', ( 0.500000000000239, -0.866025403784301, 0.000000000000000 ) );
#2471 = SURFACE_STYLE_FILL_AREA( #4828 );
#2472 = ORIENTED_EDGE( '', *, *, #4829, .T. );
#2473 = ORIENTED_EDGE( '', *, *, #4830, .F. );
#2474 = ORIENTED_EDGE( '', *, *, #4831, .T. );
#2475 = ORIENTED_EDGE( '', *, *, #4832, .T. );
#2476 = ORIENTED_EDGE( '', *, *, #4833, .T. );
#2477 = CARTESIAN_POINT( '', ( 0.00799999999999997, 0.0890000000000000, 0.500000000000000 ) );
#2478 = DIRECTION( '', ( -1.00000000000000, 0.000000000000000, 0.000000000000000 ) );
#2479 = DIRECTION( '', ( 0.000000000000000, 0.000000000000000, 1.00000000000000 ) );
#2480 = SURFACE_STYLE_FILL_AREA( #4834 );
#2481 = ORIENTED_EDGE( '', *, *, #4835, .T. );
#2482 = ORIENTED_EDGE( '', *, *, #4836, .T. );
#2483 = ORIENTED_EDGE( '', *, *, #4837, .T. );
#2484 = ORIENTED_EDGE( '', *, *, #4838, .T. );
#2485 = ORIENTED_EDGE( '', *, *, #4839, .F. );
#2486 = CARTESIAN_POINT( '', ( -0.100000000000000, 0.225000000000000, 0.0675000000000000 ) );
#2487 = DIRECTION( '', ( 0.000000000000000, 0.000000000000000, -1.00000000000000 ) );
#2488 = DIRECTION( '', ( -1.00000000000000, 0.000000000000000, 0.000000000000000 ) );
#2489 = SURFACE_STYLE_FILL_AREA( #4840 );
#2490 = ORIENTED_EDGE( '', *, *, #4841, .T. );
#2491 = ORIENTED_EDGE( '', *, *, #4842, .T. );
#2492 = ORIENTED_EDGE( '', *, *, #4843, .F. );
#2493 = ORIENTED_EDGE( '', *, *, #4844, .T. );
#2494 = CARTESIAN_POINT( '', ( 0.0580000000000000, 0.0990000000000000, 0.0335000000000000 ) );
#2495 = DIRECTION( '', ( -1.00000000000000, 0.000000000000000, 0.000000000000000 ) );
#2496 = DIRECTION( '', ( 0.000000000000000, 0.000000000000000, 1.00000000000000 ) );
#2497 = SURFACE_STYLE_FILL_AREA( #4845 );
#2498 = ORIENTED_EDGE( '', *, *, #4846, .F. );
#2499 = ORIENTED_EDGE( '', *, *, #4847, .F. );
#2500 = ORIENTED_EDGE( '', *, *, #4848, .T. );
#2501 = ORIENTED_EDGE( '', *, *, #4849, .T. );
#2502 = CARTESIAN_POINT( '', ( 0.108000000000000, 0.00900000000000050, -0.0403238075793815 ) );
#2503 = DIRECTION( '', ( 1.00000000000000, -0.000000000000000, -0.000000000000000 ) );
#2504 = DIRECTION( '', ( 0.000000000000000, 0.000000000000000, 1.00000000000000 ) );
#2505 = SURFACE_STYLE_FILL_AREA( #4850 );
#2506 = ORIENTED_EDGE( '', *, *, #4851, .F. );
#2507 = ORIENTED_EDGE( '', *, *, #4852, .T. );
#2508 = ORIENTED_EDGE( '', *, *, #4853, .F. );
#2509 = ORIENTED_EDGE( '', *, *, #4854, .F. );
#2510 = CARTESIAN_POINT( '', ( 0.108000000000000, -0.0160000000000000, 0.0403238075793815 ) );
#2511 = DIRECTION( '', ( 0.000000000000000, -1.00000000000000, 0.000000000000000 ) );
#2512 = DIRECTION( '', ( 0.000000000000000, 0.000000000000000, -1.00000000000000 ) );
#2513 = SURFACE_STYLE_FILL_AREA( #4855 );
#2514 = ORIENTED_EDGE( '', *, *, #4856, .T. );
#2515 = ORIENTED_EDGE( '', *, *, #4857, .T. );
#2516 = ORIENTED_EDGE( '', *, *, #4858, .F. );
#2517 = ORIENTED_EDGE( '', *, *, #4859, .T. );
#2518 = CARTESIAN_POINT( '', ( -0.00799999999999999, 0.0990000000000000, -0.0165000000000000 ) );
#2519 = DIRECTION( '', ( 0.000000000000000, 0.000000000000000, -1.00000000000000 ) );
#2520 = DIRECTION( '', ( -1.00000000000000, 0.000000000000000, 0.000000000000000 ) );
#2521 = SURFACE_STYLE_FILL_AREA( #4860 );
#2522 = ORIENTED_EDGE( '', *, *, #4861, .F. );
#2523 = ORIENTED_EDGE( '', *, *, #4862, .T. );
#2524 = ORIENTED_EDGE( '', *, *, #4863, .F. );
#2525 = ORIENTED_EDGE( '', *, *, #4864, .F. );
#2526 = CARTESIAN_POINT( '', ( 0.108000000000000, -8.67361737988404E-18, -0.0170000000000000 ) );
#2527 = DIRECTION( '', ( 0.000000000000000, -0.000000000000000, 1.00000000000000 ) );
#2528 = DIRECTION( '', ( 1.00000000000000, 0.000000000000000, -0.000000000000000 ) );
#2529 = SURFACE_STYLE_FILL_AREA( #4865 );
#2530 = ORIENTED_EDGE( '', *, *, #4866, .T. );
#2531 = ORIENTED_EDGE( '', *, *, #4867, .T. );
#2532 = ORIENTED_EDGE( '', *, *, #4868, .F. );
#2533 = ORIENTED_EDGE( '', *, *, #4869, .T. );
#2534 = CARTESIAN_POINT( '', ( 0.0420000000000000, 0.0990000000000000, -0.0165000000000000 ) );
#2535 = DIRECTION( '', ( 0.000000000000000, 0.000000000000000, -1.00000000000000 ) );
#2536 = DIRECTION( '', ( -1.00000000000000, 0.000000000000000, 0.000000000000000 ) );
#2537 = SURFACE_STYLE_FILL_AREA( #4870 );
#2538 = ORIENTED_EDGE( '', *, *, #4871, .F. );
#2539 = ORIENTED_EDGE( '', *, *, #4864, .T. );
#2540 = ORIENTED_EDGE( '', *, *, #4872, .F. );
#2541 = ORIENTED_EDGE( '', *, *, #4873, .F. );
#2542 = CARTESIAN_POINT( '', ( 0.108000000000000, 0.00900000000000050, -0.0403238075793815 ) );
#2543 = DIRECTION( '', ( 1.00000000000000, -0.000000000000000, -0.000000000000000 ) );
#2544 = DIRECTION( '', ( 0.000000000000000, 0.000000000000000, 1.00000000000000 ) );
#2545 = SURFACE_STYLE_FILL_AREA( #4874 );
#2546 = ORIENTED_EDGE( '', *, *, #4875, .F. );
#2547 = ORIENTED_EDGE( '', *, *, #4876, .T. );
#2548 = ORIENTED_EDGE( '', *, *, #4877, .F. );
#2549 = ORIENTED_EDGE( '', *, *, #4878, .F. );
#2550 = CARTESIAN_POINT( '', ( 0.108000000000000, 0.000000000000000, -0.0660000000000000 ) );
#2551 = DIRECTION( '', ( 0.000000000000000, 1.00000000000000, 0.000000000000000 ) );
#2552 = DIRECTION( '', ( 0.000000000000000, -0.000000000000000, 1.00000000000000 ) );
#2553 = SURFACE_STYLE_FILL_AREA( #4879 );
#2554 = ORIENTED_EDGE( '', *, *, #4880, .T. );
#2555 = ORIENTED_EDGE( '', *, *, #4881, .T. );
#2556 = ORIENTED_EDGE( '', *, *, #4882, .T. );
#2557 = ORIENTED_EDGE( '', *, *, #4883, .F. );
#2558 = CARTESIAN_POINT( '', ( 0.00799999999999997, 0.210000000000000, 0.500000000000000 ) );
#2559 = DIRECTION( '', ( -0.866025403784300, -0.500000000000241, 0.000000000000000 ) );
#2560 = DIRECTION( '', ( 0.500000000000241, -0.866025403784300, 0.000000000000000 ) );
#2561 = SURFACE_STYLE_FILL_AREA( #4884 );
#2562 = ORIENTED_EDGE( '', *, *, #4885, .T. );
#2563 = ORIENTED_EDGE( '', *, *, #4886, .F. );
#2564 = ORIENTED_EDGE( '', *, *, #4887, .T. );
#2565 = ORIENTED_EDGE( '', *, *, #4888, .T. );
#2566 = ORIENTED_EDGE( '', *, *, #4889, .T. );
#2567 = ORIENTED_EDGE( '', *, *, #4851, .T. );
#2568 = ORIENTED_EDGE( '', *, *, #4890, .T. );
#2569 = CARTESIAN_POINT( '', ( -0.0420000000000000, -0.444456055085140, 0.500000000000000 ) );
#2570 = DIRECTION( '', ( -1.00000000000000, 0.000000000000000, 0.000000000000000 ) );
#2571 = DIRECTION( '', ( 0.000000000000000, 0.000000000000000, 1.00000000000000 ) );
#2572 = SURFACE_STYLE_FILL_AREA( #4891 );
#2573 = ORIENTED_EDGE( '', *, *, #4892, .F. );
#2574 = ORIENTED_EDGE( '', *, *, #4893, .F. );
#2575 = ORIENTED_EDGE( '', *, *, #4894, .T. );
#2576 = ORIENTED_EDGE( '', *, *, #4895, .T. );
#2577 = CARTESIAN_POINT( '', ( 0.108000000000000, 0.000000000000000, -0.0660000000000000 ) );
#2578 = DIRECTION( '', ( 0.000000000000000, 1.00000000000000, 0.000000000000000 ) );
#2579 = DIRECTION( '', ( 0.000000000000000, -0.000000000000000, 1.00000000000000 ) );
#2580 = SURFACE_STYLE_FILL_AREA( #4896 );
#2581 = ORIENTED_EDGE( '', *, *, #4897, .F. );
#2582 = ORIENTED_EDGE( '', *, *, #4898, .T. );
#2583 = ORIENTED_EDGE( '', *, *, #4899, .F. );
#2584 = ORIENTED_EDGE( '', *, *, #4900, .F. );
#2585 = CARTESIAN_POINT( '', ( 0.108000000000000, 0.000000000000000, -0.0660000000000000 ) );
#2586 = DIRECTION( '', ( 0.000000000000000, 1.00000000000000, 0.000000000000000 ) );
#2587 = DIRECTION( '', ( 0.000000000000000, -0.000000000000000, 1.00000000000000 ) );
#2588 = SURFACE_STYLE_FILL_AREA( #4901 );
#2589 = ORIENTED_EDGE( '', *, *, #4902, .F. );
#2590 = ORIENTED_EDGE( '', *, *, #4903, .T. );
#2591 = ORIENTED_EDGE( '', *, *, #4904, .T. );
#2592 = ORIENTED_EDGE( '', *, *, #4905, .T. );
#2593 = CARTESIAN_POINT( '', ( 0.100000000000005, 0.00500000000000000, -0.100000000000000 ) );
#2594 = DIRECTION( '', ( 1.00000000000000, 0.000000000000000, 3.08186601785250E-14 ) );
#2595 = DIRECTION( '', ( 3.08186601785250E-14, 0.000000000000000, -1.00000000000000 ) );
#2596 = SURFACE_STYLE_FILL_AREA( #4906 );
#2597 = ORIENTED_EDGE( '', *, *, #4907, .F. );
#2598 = ORIENTED_EDGE( '', *, *, #4908, .F. );
#2599 = ORIENTED_EDGE( '', *, *, #4909, .F. );
#2600 = ORIENTED_EDGE( '', *, *, #4910, .T. );
#2601 = CARTESIAN_POINT( '', ( 0.108000000000000, 0.219000000000000, -0.0278038475772920 ) );
#2602 = DIRECTION( '', ( 0.000000000000000, 0.499999999999954, -0.866025403784465 ) );
#2603 = DIRECTION( '', ( 0.000000000000000, 0.866025403784465, 0.499999999999954 ) );
#2604 = SURFACE_STYLE_FILL_AREA( #4911 );
#2605 = ORIENTED_EDGE( '', *, *, #4912, .T. );
#2606 = ORIENTED_EDGE( '', *, *, #4913, .T. );
#2607 = ORIENTED_EDGE( '', *, *, #4914, .F. );
#2608 = ORIENTED_EDGE( '', *, *, #4915, .T. );
#2609 = CARTESIAN_POINT( '', ( 0.00800000000000001, 0.0990000000000000, -0.0325000000000000 ) );
#2610 = DIRECTION( '', ( 0.000000000000000, 0.000000000000000, 1.00000000000000 ) );
#2611 = DIRECTION( '', ( 1.00000000000000, 0.000000000000000, -0.000000000000000 ) );
#2612 = SURFACE_STYLE_FILL_AREA( #4916 );
#2613 = ORIENTED_EDGE( '', *, *, #4917, .F. );
#2614 = ORIENTED_EDGE( '', *, *, #4918, .F. );
#2615 = ORIENTED_EDGE( '', *, *, #4919, .T. );
#2616 = ORIENTED_EDGE( '', *, *, #4920, .T. );
#2617 = CARTESIAN_POINT( '', ( 0.108000000000000, 0.00900000000000052, 0.0403238075793816 ) );
#2618 = DIRECTION( '', ( 1.00000000000000, -0.000000000000000, -0.000000000000000 ) );
#2619 = DIRECTION( '', ( 0.000000000000000, 0.000000000000000, 1.00000000000000 ) );
#2620 = SURFACE_STYLE_FILL_AREA( #4921 );
#2621 = ORIENTED_EDGE( '', *, *, #4922, .T. );
#2622 = ORIENTED_EDGE( '', *, *, #4923, .T. );
#2623 = ORIENTED_EDGE( '', *, *, #4853, .T. );
#2624 = ORIENTED_EDGE( '', *, *, #4924, .T. );
#2625 = ORIENTED_EDGE( '', *, *, #4925, .T. );
#2626 = ORIENTED_EDGE( '', *, *, #4926, .T. );
#2627 = ORIENTED_EDGE( '', *, *, #4927, .T. );
#2628 = CARTESIAN_POINT( '', ( -0.0580000000000000, 0.0100000000000000, 0.500000000000000 ) );
#2629 = DIRECTION( '', ( 1.00000000000000, 0.000000000000000, -0.000000000000000 ) );
#2630 = DIRECTION( '', ( -0.000000000000000, 0.000000000000000, -1.00000000000000 ) );
#2631 = SURFACE_STYLE_FILL_AREA( #4928 );
#2632 = ORIENTED_EDGE( '', *, *, #4929, .F. );
#2633 = ORIENTED_EDGE( '', *, *, #4930, .T. );
#2634 = ORIENTED_EDGE( '', *, *, #4931, .F. );
#2635 = ORIENTED_EDGE( '', *, *, #4932, .F. );
#2636 = CARTESIAN_POINT( '', ( 0.108000000000000, -0.0160000000000000, 0.115000000000000 ) );
#2637 = DIRECTION( '', ( 0.000000000000000, -0.000000000000000, 1.00000000000000 ) );
#2638 = DIRECTION( '', ( 1.00000000000000, 0.000000000000000, -0.000000000000000 ) );
#2639 = SURFACE_STYLE_FILL_AREA( #4933 );
#2640 = ORIENTED_EDGE( '', *, *, #4934, .T. );
#2641 = ORIENTED_EDGE( '', *, *, #4935, .T. );
#2642 = ORIENTED_EDGE( '', *, *, #4936, .T. );
#2643 = ORIENTED_EDGE( '', *, *, #4937, .T. );
#2644 = ORIENTED_EDGE( '', *, *, #4875, .T. );
#2645 = ORIENTED_EDGE( '', *, *, #4938, .T. );
#2646 = ORIENTED_EDGE( '', *, *, #4939, .F. );
#2647 = CARTESIAN_POINT( '', ( 0.0580000000000000, -0.444456055085140, 0.500000000000000 ) );
#2648 = DIRECTION( '', ( -1.00000000000000, 0.000000000000000, 0.000000000000000 ) );
#2649 = DIRECTION( '', ( 0.000000000000000, 0.000000000000000, 1.00000000000000 ) );
#2650 = SURFACE_STYLE_FILL_AREA( #4940 );
#2651 = ORIENTED_EDGE( '', *, *, #4941, .F. );
#2652 = ORIENTED_EDGE( '', *, *, #4942, .F. );
#2653 = ORIENTED_EDGE( '', *, *, #4943, .F. );
#2654 = ORIENTED_EDGE( '', *, *, #4944, .T. );
#2655 = ORIENTED_EDGE( '', *, *, #4945, .T. );
#2656 = ORIENTED_EDGE( '', *, *, #4946, .T. );
#2657 = CARTESIAN_POINT( '', ( -0.108000000000000, 0.0990000000000000, 0.0335000000000000 ) );
#2658 = DIRECTION( '', ( 0.000000000000000, 0.000000000000000, -1.00000000000000 ) );
#2659 = DIRECTION( '', ( -1.00000000000000, 0.000000000000000, 0.000000000000000 ) );
#2660 = SURFACE_STYLE_FILL_AREA( #4947 );
#2661 = ORIENTED_EDGE( '', *, *, #4948, .F. );
#2662 = ORIENTED_EDGE( '', *, *, #4949, .F. );
#2663 = ORIENTED_EDGE( '', *, *, #4950, .T. );
#2664 = ORIENTED_EDGE( '', *, *, #4951, .T. );
#2665 = CARTESIAN_POINT( '', ( 0.108000000000000, 0.219000000000000, 0.0278038475772950 ) );
#2666 = DIRECTION( '', ( 0.000000000000000, 1.00000000000000, 0.000000000000000 ) );
#2667 = DIRECTION( '', ( 0.000000000000000, -0.000000000000000, 1.00000000000000 ) );
#2668 = SURFACE_STYLE_FILL_AREA( #4952 );
#2669 = ORIENTED_EDGE( '', *, *, #4953, .T. );
#2670 = ORIENTED_EDGE( '', *, *, #4954, .F. );
#2671 = ORIENTED_EDGE( '', *, *, #4955, .F. );
#2672 = ORIENTED_EDGE( '', *, *, #4956, .F. );
#2673 = CARTESIAN_POINT( '', ( 0.0425000000000000, 0.0990000000000000, 0.292500000000000 ) );
#2674 = DIRECTION( '', ( -1.00000000000000, 0.000000000000000, 0.000000000000000 ) );
#2675 = DIRECTION( '', ( 0.000000000000000, 0.000000000000000, 1.00000000000000 ) );
#2676 = SURFACE_STYLE_FILL_AREA( #4957 );
#2677 = ORIENTED_EDGE( '', *, *, #4958, .T. );
#2678 = ORIENTED_EDGE( '', *, *, #4959, .T. );
#2679 = ORIENTED_EDGE( '', *, *, #4960, .F. );
#2680 = ORIENTED_EDGE( '', *, *, #4961, .T. );
#2681 = CARTESIAN_POINT( '', ( 0.0580000000000000, 0.0990000000000000, -0.0325000000000000 ) );
#2682 = DIRECTION( '', ( 0.000000000000000, 0.000000000000000, 1.00000000000000 ) );
#2683 = DIRECTION( '', ( 1.00000000000000, 0.000000000000000, -0.000000000000000 ) );
#2684 = SURFACE_STYLE_FILL_AREA( #4962 );
#2685 = ORIENTED_EDGE( '', *, *, #4963, .F. );
#2686 = ORIENTED_EDGE( '', *, *, #4964, .T. );
#2687 = ORIENTED_EDGE( '', *, *, #4965, .F. );
#2688 = ORIENTED_EDGE( '', *, *, #4966, .F. );
#2689 = CARTESIAN_POINT( '', ( 0.108000000000000, 0.000000000000000, -0.115000000000000 ) );
#2690 = DIRECTION( '', ( -0.000000000000000, 0.000000000000000, -1.00000000000000 ) );
#2691 = DIRECTION( '', ( -1.00000000000000, 0.000000000000000, 0.000000000000000 ) );
#2692 = SURFACE_STYLE_FILL_AREA( #4967 );
#2693 = ORIENTED_EDGE( '', *, *, #4968, .T. );
#2694 = ORIENTED_EDGE( '', *, *, #4969, .T. );
#2695 = ORIENTED_EDGE( '', *, *, #4970, .T. );
#2696 = ORIENTED_EDGE( '', *, *, #4971, .F. );
#2697 = CARTESIAN_POINT( '', ( 0.0580000000000000, 0.210000000000000, 0.500000000000000 ) );
#2698 = DIRECTION( '', ( -0.866025403784299, -0.500000000000241, 0.000000000000000 ) );
#2699 = DIRECTION( '', ( 0.500000000000241, -0.866025403784299, 0.000000000000000 ) );
#2700 = SURFACE_STYLE_FILL_AREA( #4972 );
#2701 = ORIENTED_EDGE( '', *, *, #4973, .F. );
#2702 = ORIENTED_EDGE( '', *, *, #4974, .F. );
#2703 = ORIENTED_EDGE( '', *, *, #4975, .F. );
#2704 = ORIENTED_EDGE( '', *, *, #4976, .T. );
#2705 = CARTESIAN_POINT( '', ( 0.108000000000000, 0.210000000000000, -0.0169999999999990 ) );
#2706 = DIRECTION( '', ( 0.000000000000000, 0.499999999999953, 0.866025403784466 ) );
#2707 = DIRECTION( '', ( 0.000000000000000, -0.866025403784466, 0.499999999999953 ) );
#2708 = SURFACE_STYLE_FILL_AREA( #4977 );
#2709 = ORIENTED_EDGE( '', *, *, #4978, .F. );
#2710 = ORIENTED_EDGE( '', *, *, #4979, .F. );
#2711 = ORIENTED_EDGE( '', *, *, #4980, .F. );
#2712 = ORIENTED_EDGE( '', *, *, #4981, .T. );
#2713 = ORIENTED_EDGE( '', *, *, #4982, .T. );
#2714 = ORIENTED_EDGE( '', *, *, #4983, .T. );
#2715 = CARTESIAN_POINT( '', ( -0.108000000000000, 0.0990000000000000, -0.0165000000000000 ) );
#2716 = DIRECTION( '', ( 0.000000000000000, 0.000000000000000, -1.00000000000000 ) );
#2717 = DIRECTION( '', ( -1.00000000000000, 0.000000000000000, 0.000000000000000 ) );
#2718 = SURFACE_STYLE_FILL_AREA( #4984 );
#2719 = ORIENTED_EDGE( '', *, *, #4985, .F. );
#2720 = ORIENTED_EDGE( '', *, *, #4986, .F. );
#2721 = ORIENTED_EDGE( '', *, *, #4987, .F. );
#2722 = ORIENTED_EDGE( '', *, *, #4988, .F. );
#2723 = CARTESIAN_POINT( '', ( -0.000000000000000, 0.225000000000000, -0.000000000000000 ) );
#2724 = DIRECTION( '', ( 0.000000000000000, -1.00000000000000, -0.000000000000000 ) );
#2725 = DIRECTION( '', ( 0.000000000000000, 0.000000000000000, -1.00000000000000 ) );
#2726 = SURFACE_STYLE_FILL_AREA( #4989 );
#2727 = ORIENTED_EDGE( '', *, *, #4905, .F. );
#2728 = ORIENTED_EDGE( '', *, *, #4990, .T. );
#2729 = ORIENTED_EDGE( '', *, *, #4991, .F. );
#2730 = ORIENTED_EDGE( '', *, *, #4992, .T. );
#2731 = ORIENTED_EDGE( '', *, *, #4993, .T. );
#2732 = ORIENTED_EDGE( '', *, *, #4994, .F. );
#2733 = CARTESIAN_POINT( '', ( 0.0920000000000000, 0.0990000000000000, -0.0165000000000000 ) );
#2734 = DIRECTION( '', ( 0.000000000000000, 0.000000000000000, -1.00000000000000 ) );
#2735 = DIRECTION( '', ( -1.00000000000000, 0.000000000000000, 0.000000000000000 ) );
#2736 = SURFACE_STYLE_FILL_AREA( #4995 );
#2737 = ORIENTED_EDGE( '', *, *, #4996, .T. );
#2738 = ORIENTED_EDGE( '', *, *, #4997, .T. );
#2739 = ORIENTED_EDGE( '', *, *, #4998, .F. );
#2740 = ORIENTED_EDGE( '', *, *, #4999, .T. );
#2741 = CARTESIAN_POINT( '', ( -0.0420000000000000, 0.0990000000000000, -0.0325000000000000 ) );
#2742 = DIRECTION( '', ( 0.000000000000000, 0.000000000000000, 1.00000000000000 ) );
#2743 = DIRECTION( '', ( 1.00000000000000, 0.000000000000000, -0.000000000000000 ) );
#2744 = SURFACE_STYLE_FILL_AREA( #5000 );
#2745 = ORIENTED_EDGE( '', *, *, #5001, .F. );
#2746 = ORIENTED_EDGE( '', *, *, #5002, .T. );
#2747 = ORIENTED_EDGE( '', *, *, #5003, .T. );
#2748 = ORIENTED_EDGE( '', *, *, #5004, .F. );
#2749 = CARTESIAN_POINT( '', ( 0.125000000000000, 0.0990000000000000, -0.0675000000000000 ) );
#2750 = DIRECTION( '', ( 0.000000000000000, 0.000000000000000, 1.00000000000000 ) );
#2751 = DIRECTION( '', ( 1.00000000000000, 0.000000000000000, -0.000000000000000 ) );
#2752 = SURFACE_STYLE_FILL_AREA( #5005 );
#2753 = ORIENTED_EDGE( '', *, *, #5006, .F. );
#2754 = ORIENTED_EDGE( '', *, *, #5007, .F. );
#2755 = ORIENTED_EDGE( '', *, *, #4880, .F. );
#2756 = ORIENTED_EDGE( '', *, *, #5008, .T. );
#2757 = CARTESIAN_POINT( '', ( 0.108000000000000, 0.210000000000000, 0.0330000000000010 ) );
#2758 = DIRECTION( '', ( 0.000000000000000, 0.499999999999953, 0.866025403784466 ) );
#2759 = DIRECTION( '', ( 0.000000000000000, -0.866025403784466, 0.499999999999953 ) );
#2760 = SURFACE_STYLE_FILL_AREA( #5009 );
#2761 = ORIENTED_EDGE( '', *, *, #5010, .T. );
#2762 = ORIENTED_EDGE( '', *, *, #5011, .T. );
#2763 = ORIENTED_EDGE( '', *, *, #5012, .T. );
#2764 = ORIENTED_EDGE( '', *, *, #5013, .T. );
#2765 = ORIENTED_EDGE( '', *, *, #5014, .F. );
#2766 = CARTESIAN_POINT( '', ( 0.0920000000000000, 0.210000000000000, 0.500000000000000 ) );
#2767 = DIRECTION( '', ( 1.00000000000000, 0.000000000000000, -0.000000000000000 ) );
#2768 = DIRECTION( '', ( -0.000000000000000, 0.000000000000000, -1.00000000000000 ) );
#2769 = SURFACE_STYLE_FILL_AREA( #5015 );
#2770 = ORIENTED_EDGE( '', *, *, #5016, .T. );
#2771 = ORIENTED_EDGE( '', *, *, #5017, .T. );
#2772 = ORIENTED_EDGE( '', *, *, #5018, .T. );
#2773 = ORIENTED_EDGE( '', *, *, #4979, .T. );
#2774 = ORIENTED_EDGE( '', *, *, #5019, .T. );
#2775 = ORIENTED_EDGE( '', *, *, #5020, .T. );
#2776 = ORIENTED_EDGE( '', *, *, #5021, .T. );
#2777 = ORIENTED_EDGE( '', *, *, #4942, .T. );
#2778 = ORIENTED_EDGE( '', *, *, #4818, .T. );
#2779 = ORIENTED_EDGE( '', *, *, #5022, .T. );
#2780 = ORIENTED_EDGE( '', *, *, #5023, .T. );
#2781 = ORIENTED_EDGE( '', *, *, #5024, .T. );
#2782 = ORIENTED_EDGE( '', *, *, #5025, .T. );
#2783 = ORIENTED_EDGE( '', *, *, #4902, .T. );
#2784 = ORIENTED_EDGE( '', *, *, #4994, .T. );
#2785 = ORIENTED_EDGE( '', *, *, #5026, .T. );
#2786 = ORIENTED_EDGE( '', *, *, #5027, .F. );
#2787 = ORIENTED_EDGE( '', *, *, #5028, .T. );
#2788 = ORIENTED_EDGE( '', *, *, #5029, .T. );
#2789 = ORIENTED_EDGE( '', *, *, #5030, .T. );
#2790 = ORIENTED_EDGE( '', *, *, #5031, .F. );
#2791 = ORIENTED_EDGE( '', *, *, #5032, .F. );
#2792 = ORIENTED_EDGE( '', *, *, #5033, .F. );
#2793 = ORIENTED_EDGE( '', *, *, #5034, .T. );
#2794 = ORIENTED_EDGE( '', *, *, #5035, .T. );
#2795 = ORIENTED_EDGE( '', *, *, #5036, .T. );
#2796 = ORIENTED_EDGE( '', *, *, #5037, .F. );
#2797 = ORIENTED_EDGE( '', *, *, #5038, .F. );
#2798 = CARTESIAN_POINT( '', ( 0.000000000000000, 0.000000000000000, 0.000000000000000 ) );
#2799 = DIRECTION( '', ( 0.000000000000000, 1.00000000000000, 0.000000000000000 ) );
#2800 = DIRECTION( '', ( 0.000000000000000, -0.000000000000000, 1.00000000000000 ) );
#2801 = SURFACE_STYLE_FILL_AREA( #5039 );
#2802 = ORIENTED_EDGE( '', *, *, #5040, .T. );
#2803 = ORIENTED_EDGE( '', *, *, #5041, .T. );
#2804 = ORIENTED_EDGE( '', *, *, #5042, .F. );
#2805 = ORIENTED_EDGE( '', *, *, #5043, .T. );
#2806 = ORIENTED_EDGE( '', *, *, #5044, .T. );
#2807 = CARTESIAN_POINT( '', ( 0.0920000000000000, 0.210000000000000, 0.500000000000000 ) );
#2808 = DIRECTION( '', ( 1.00000000000000, 0.000000000000000, -0.000000000000000 ) );
#2809 = DIRECTION( '', ( -0.000000000000000, 0.000000000000000, -1.00000000000000 ) );
#2810 = SURFACE_STYLE_FILL_AREA( #5045 );
#2811 = ORIENTED_EDGE( '', *, *, #5046, .F. );
#2812 = ORIENTED_EDGE( '', *, *, #5047, .F. );
#2813 = ORIENTED_EDGE( '', *, *, #4983, .F. );
#2814 = ORIENTED_EDGE( '', *, *, #5048, .F. );
#2815 = CARTESIAN_POINT( '', ( -0.000000000000000, 0.00500000000000000, -0.000000000000000 ) );
#2816 = DIRECTION( '', ( 0.000000000000000, -1.00000000000000, -0.000000000000000 ) );
#2817 = DIRECTION( '', ( 0.000000000000000, 0.000000000000000, -1.00000000000000 ) );
#2818 = SURFACE_STYLE_FILL_AREA( #5049 );
#2819 = ORIENTED_EDGE( '', *, *, #5050, .F. );
#2820 = ORIENTED_EDGE( '', *, *, #5051, .T. );
#2821 = ORIENTED_EDGE( '', *, *, #5052, .F. );
#2822 = ORIENTED_EDGE( '', *, *, #5053, .T. );
#2823 = ORIENTED_EDGE( '', *, *, #5054, .T. );
#2824 = ORIENTED_EDGE( '', *, *, #5023, .F. );
#2825 = CARTESIAN_POINT( '', ( 0.0920000000000000, 0.0990000000000000, 0.0335000000000000 ) );
#2826 = DIRECTION( '', ( 0.000000000000000, 0.000000000000000, -1.00000000000000 ) );
#2827 = DIRECTION( '', ( -1.00000000000000, 0.000000000000000, 0.000000000000000 ) );
#2828 = SURFACE_STYLE_FILL_AREA( #5055 );
#2829 = ORIENTED_EDGE( '', *, *, #5056, .F. );
#2830 = ORIENTED_EDGE( '', *, *, #5057, .F. );
#2831 = ORIENTED_EDGE( '', *, *, #5058, .F. );
#2832 = ORIENTED_EDGE( '', *, *, #5059, .T. );
#2833 = CARTESIAN_POINT( '', ( 0.108000000000000, 0.210000000000000, -0.0169999999999990 ) );
#2834 = DIRECTION( '', ( 0.000000000000000, 0.499999999999953, 0.866025403784466 ) );
#2835 = DIRECTION( '', ( 0.000000000000000, -0.866025403784466, 0.499999999999953 ) );
#2836 = SURFACE_STYLE_FILL_AREA( #5060 );
#2837 = ORIENTED_EDGE( '', *, *, #5061, .F. );
#2838 = ORIENTED_EDGE( '', *, *, #5062, .F. );
#2839 = ORIENTED_EDGE( '', *, *, #5063, .T. );
#2840 = ORIENTED_EDGE( '', *, *, #5064, .T. );
#2841 = CARTESIAN_POINT( '', ( 0.108000000000000, 0.000000000000000, 0.115000000000000 ) );
#2842 = DIRECTION( '', ( 0.000000000000000, 1.00000000000000, 0.000000000000000 ) );
#2843 = DIRECTION( '', ( 0.000000000000000, -0.000000000000000, 1.00000000000000 ) );
#2844 = SURFACE_STYLE_FILL_AREA( #5065 );
#2845 = ORIENTED_EDGE( '', *, *, #5066, .F. );
#2846 = ORIENTED_EDGE( '', *, *, #5067, .T. );
#2847 = ORIENTED_EDGE( '', *, *, #5068, .F. );
#2848 = ORIENTED_EDGE( '', *, *, #5069, .F. );
#2849 = CARTESIAN_POINT( '', ( 0.108000000000000, -0.0160000000000000, 0.0403238075793815 ) );
#2850 = DIRECTION( '', ( 0.000000000000000, -1.00000000000000, 0.000000000000000 ) );
#2851 = DIRECTION( '', ( 0.000000000000000, 0.000000000000000, -1.00000000000000 ) );
#2852 = SURFACE_STYLE_FILL_AREA( #5070 );
#2853 = ORIENTED_EDGE( '', *, *, #5071, .T. );
#2854 = ORIENTED_EDGE( '', *, *, #5072, .T. );
#2855 = ORIENTED_EDGE( '', *, *, #5073, .T. );
#2856 = ORIENTED_EDGE( '', *, *, #4950, .F. );
#2857 = CARTESIAN_POINT( '', ( -0.0920000000000000, 0.210000000000000, 0.500000000000000 ) );
#2858 = DIRECTION( '', ( -0.866025403784299, -0.500000000000242, 0.000000000000000 ) );
#2859 = DIRECTION( '', ( 0.500000000000242, -0.866025403784299, 0.000000000000000 ) );
#2860 = SURFACE_STYLE_FILL_AREA( #5074 );
#2861 = ORIENTED_EDGE( '', *, *, #5075, .F. );
#2862 = ORIENTED_EDGE( '', *, *, #5076, .F. );
#2863 = ORIENTED_EDGE( '', *, *, #4968, .F. );
#2864 = ORIENTED_EDGE( '', *, *, #5077, .T. );
#2865 = CARTESIAN_POINT( '', ( 0.108000000000000, 0.210000000000000, 0.0330000000000010 ) );
#2866 = DIRECTION( '', ( 0.000000000000000, 0.499999999999953, 0.866025403784466 ) );
#2867 = DIRECTION( '', ( 0.000000000000000, -0.866025403784466, 0.499999999999953 ) );
#2868 = SURFACE_STYLE_FILL_AREA( #5078 );
#2869 = ORIENTED_EDGE( '', *, *, #5079, .F. );
#2870 = ORIENTED_EDGE( '', *, *, #5080, .T. );
#2871 = ORIENTED_EDGE( '', *, *, #5081, .F. );
#2872 = ORIENTED_EDGE( '', *, *, #5082, .F. );
#2873 = CARTESIAN_POINT( '', ( 0.108000000000000, -0.0160000000000000, 0.0403238075793815 ) );
#2874 = DIRECTION( '', ( 0.000000000000000, -1.00000000000000, 0.000000000000000 ) );
#2875 = DIRECTION( '', ( 0.000000000000000, 0.000000000000000, -1.00000000000000 ) );
#2876 = SURFACE_STYLE_FILL_AREA( #5083 );
#2877 = ORIENTED_EDGE( '', *, *, #5084, .T. );
#2878 = ORIENTED_EDGE( '', *, *, #5085, .T. );
#2879 = ORIENTED_EDGE( '', *, *, #5086, .T. );
#2880 = ORIENTED_EDGE( '', *, *, #5044, .F. );
#2881 = CARTESIAN_POINT( '', ( 0.0971961524227100, 0.219000000000000, 0.500000000000000 ) );
#2882 = DIRECTION( '', ( 0.866025403784299, -0.500000000000242, 0.000000000000000 ) );
#2883 = DIRECTION( '', ( 0.500000000000242, 0.866025403784299, 0.000000000000000 ) );
#2884 = SURFACE_STYLE_FILL_AREA( #5087 );
#2885 = ORIENTED_EDGE( '', *, *, #4936, .F. );
#2886 = ORIENTED_EDGE( '', *, *, #5088, .T. );
#2887 = ORIENTED_EDGE( '', *, *, #5089, .F. );
#2888 = ORIENTED_EDGE( '', *, *, #5090, .F. );
#2889 = CARTESIAN_POINT( '', ( 0.108000000000000, -0.0160000000000000, -0.115000000000000 ) );
#2890 = DIRECTION( '', ( 0.000000000000000, -1.00000000000000, 0.000000000000000 ) );
#2891 = DIRECTION( '', ( 0.000000000000000, 0.000000000000000, -1.00000000000000 ) );
#2892 = SURFACE_STYLE_FILL_AREA( #5091 );
#2893 = ORIENTED_EDGE( '', *, *, #5092, .T. );
#2894 = ORIENTED_EDGE( '', *, *, #5093, .T. );
#2895 = ORIENTED_EDGE( '', *, *, #5094, .T. );
#2896 = ORIENTED_EDGE( '', *, *, #5031, .T. );
#2897 = CARTESIAN_POINT( '', ( -0.125000000000000, 0.0990000000000000, 0.0675000000000000 ) );
#2898 = DIRECTION( '', ( 0.000000000000000, 0.000000000000000, -1.00000000000000 ) );
#2899 = DIRECTION( '', ( -1.00000000000000, 0.000000000000000, 0.000000000000000 ) );
#2900 = SURFACE_STYLE_FILL_AREA( #5095 );
#2901 = ORIENTED_EDGE( '', *, *, #5096, .F. );
#2902 = ORIENTED_EDGE( '', *, *, #5097, .T. );
#2903 = ORIENTED_EDGE( '', *, *, #5098, .F. );
#2904 = ORIENTED_EDGE( '', *, *, #4898, .F. );
#2905 = CARTESIAN_POINT( '', ( 0.108000000000000, 0.000000000000000, -0.115000000000000 ) );
#2906 = DIRECTION( '', ( -0.000000000000000, 0.000000000000000, -1.00000000000000 ) );
#2907 = DIRECTION( '', ( -1.00000000000000, 0.000000000000000, 0.000000000000000 ) );
#2908 = SURFACE_STYLE_FILL_AREA( #5099 );
#2909 = ORIENTED_EDGE( '', *, *, #5056, .T. );
#2910 = ORIENTED_EDGE( '', *, *, #5100, .T. );
#2911 = ORIENTED_EDGE( '', *, *, #5101, .T. );
#2912 = ORIENTED_EDGE( '', *, *, #5102, .F. );
#2913 = CARTESIAN_POINT( '', ( 0.0471961524227100, 0.219000000000000, 0.500000000000000 ) );
#2914 = DIRECTION( '', ( 0.866025403784300, -0.500000000000241, 0.000000000000000 ) );
#2915 = DIRECTION( '', ( 0.500000000000241, 0.866025403784300, 0.000000000000000 ) );
#2916 = SURFACE_STYLE_FILL_AREA( #5103 );
#2917 = ORIENTED_EDGE( '', *, *, #5104, .T. );
#2918 = ORIENTED_EDGE( '', *, *, #5105, .F. );
#2919 = ORIENTED_EDGE( '', *, *, #5106, .F. );
#2920 = ORIENTED_EDGE( '', *, *, #5107, .T. );
#2921 = CARTESIAN_POINT( '', ( 0.125000000000000, 0.0245000000000000, -0.0575000000000000 ) );
#2922 = DIRECTION( '', ( 0.000000000000000, -0.000000000000000, 1.00000000000000 ) );
#2923 = DIRECTION( '', ( 1.00000000000000, 0.000000000000000, -0.000000000000000 ) );
#2924 = SURFACE_STYLE_FILL_AREA( #5108 );
#2925 = ORIENTED_EDGE( '', *, *, #5109, .F. );
#2926 = ORIENTED_EDGE( '', *, *, #5110, .T. );
#2927 = ORIENTED_EDGE( '', *, *, #5111, .F. );
#2928 = ORIENTED_EDGE( '', *, *, #5112, .F. );
#2929 = CARTESIAN_POINT( '', ( 0.108000000000000, 0.000000000000000, -0.0660000000000000 ) );
#2930 = DIRECTION( '', ( 0.000000000000000, 1.00000000000000, 0.000000000000000 ) );
#2931 = DIRECTION( '', ( 0.000000000000000, -0.000000000000000, 1.00000000000000 ) );
#2932 = SURFACE_STYLE_FILL_AREA( #5113 );
#2933 = ORIENTED_EDGE( '', *, *, #5114, .F. );
#2934 = ORIENTED_EDGE( '', *, *, #5115, .F. );
#2935 = ORIENTED_EDGE( '', *, *, #5116, .T. );
#2936 = ORIENTED_EDGE( '', *, *, #5062, .T. );
#2937 = CARTESIAN_POINT( '', ( 0.108000000000000, -0.0160000000000000, 0.115000000000000 ) );
#2938 = DIRECTION( '', ( 0.000000000000000, -0.000000000000000, 1.00000000000000 ) );
#2939 = DIRECTION( '', ( 1.00000000000000, 0.000000000000000, -0.000000000000000 ) );
#2940 = SURFACE_STYLE_FILL_AREA( #5117 );
#2941 = ORIENTED_EDGE( '', *, *, #5118, .T. );
#2942 = ORIENTED_EDGE( '', *, *, #4814, .T. );
#2943 = ORIENTED_EDGE( '', *, *, #5119, .T. );
#2944 = ORIENTED_EDGE( '', *, *, #5068, .T. );
#2945 = ORIENTED_EDGE( '', *, *, #5120, .T. );
#2946 = ORIENTED_EDGE( '', *, *, #5121, .T. );
#2947 = ORIENTED_EDGE( '', *, *, #5122, .T. );
#2948 = ORIENTED_EDGE( '', *, *, #5123, .T. );
#2949 = ORIENTED_EDGE( '', *, *, #4899, .T. );
#2950 = ORIENTED_EDGE( '', *, *, #5098, .T. );
#2951 = ORIENTED_EDGE( '', *, *, #5124, .T. );
#2952 = ORIENTED_EDGE( '', *, *, #5125, .T. );
#2953 = ORIENTED_EDGE( '', *, *, #5126, .T. );
#2954 = CARTESIAN_POINT( '', ( -0.108000000000000, 0.00900000000000050, -0.0403238075793815 ) );
#2955 = DIRECTION( '', ( -1.00000000000000, 0.000000000000000, 0.000000000000000 ) );
#2956 = DIRECTION( '', ( 0.000000000000000, 0.000000000000000, 1.00000000000000 ) );
#2957 = SURFACE_STYLE_FILL_AREA( #5127 );
#2958 = ORIENTED_EDGE( '', *, *, #5128, .T. );
#2959 = ORIENTED_EDGE( '', *, *, #5129, .T. );
#2960 = ORIENTED_EDGE( '', *, *, #5130, .T. );
#2961 = ORIENTED_EDGE( '', *, *, #5131, .T. );
#2962 = ORIENTED_EDGE( '', *, *, #5132, .F. );
#2963 = CARTESIAN_POINT( '', ( 0.0420000000000000, 0.210000000000000, 0.500000000000000 ) );
#2964 = DIRECTION( '', ( 1.00000000000000, 0.000000000000000, -0.000000000000000 ) );
#2965 = DIRECTION( '', ( -0.000000000000000, 0.000000000000000, -1.00000000000000 ) );
#2966 = SURFACE_STYLE_FILL_AREA( #5133 );
#2967 = ORIENTED_EDGE( '', *, *, #5134, .F. );
#2968 = ORIENTED_EDGE( '', *, *, #5135, .T. );
#2969 = ORIENTED_EDGE( '', *, *, #5136, .F. );
#2970 = ORIENTED_EDGE( '', *, *, #5137, .F. );
#2971 = CARTESIAN_POINT( '', ( 0.108000000000000, 0.00900000000000050, -0.0403238075793815 ) );
#2972 = DIRECTION( '', ( 1.00000000000000, -0.000000000000000, -0.000000000000000 ) );
#2973 = DIRECTION( '', ( 0.000000000000000, 0.000000000000000, 1.00000000000000 ) );
#2974 = SURFACE_STYLE_FILL_AREA( #5138 );
#2975 = ORIENTED_EDGE( '', *, *, #5139, .T. );
#2976 = ORIENTED_EDGE( '', *, *, #5140, .F. );
#2977 = ORIENTED_EDGE( '', *, *, #5141, .T. );
#2978 = ORIENTED_EDGE( '', *, *, #5142, .T. );
#2979 = ORIENTED_EDGE( '', *, *, #5143, .T. );
#2980 = CARTESIAN_POINT( '', ( -0.0420000000000000, 0.0890000000000000, 0.500000000000000 ) );
#2981 = DIRECTION( '', ( -1.00000000000000, 0.000000000000000, 0.000000000000000 ) );
#2982 = DIRECTION( '', ( 0.000000000000000, 0.000000000000000, 1.00000000000000 ) );
#2983 = SURFACE_STYLE_FILL_AREA( #5144 );
#2984 = ORIENTED_EDGE( '', *, *, #5145, .F. );
#2985 = ORIENTED_EDGE( '', *, *, #5146, .T. );
#2986 = ORIENTED_EDGE( '', *, *, #5147, .F. );
#2987 = ORIENTED_EDGE( '', *, *, #5148, .F. );
#2988 = CARTESIAN_POINT( '', ( -0.125000000000000, 0.0990000000000000, 0.0675000000000000 ) );
#2989 = DIRECTION( '', ( 0.000000000000000, 0.000000000000000, -1.00000000000000 ) );
#2990 = DIRECTION( '', ( -1.00000000000000, 0.000000000000000, 0.000000000000000 ) );
#2991 = SURFACE_STYLE_FILL_AREA( #5149 );
#2992 = ORIENTED_EDGE( '', *, *, #5150, .F. );
#2993 = ORIENTED_EDGE( '', *, *, #5151, .T. );
#2994 = ORIENTED_EDGE( '', *, *, #5152, .F. );
#2995 = ORIENTED_EDGE( '', *, *, #5135, .F. );
#2996 = CARTESIAN_POINT( '', ( 0.108000000000000, -8.67361737988404E-18, -0.0170000000000000 ) );
#2997 = DIRECTION( '', ( 0.000000000000000, -0.000000000000000, 1.00000000000000 ) );
#2998 = DIRECTION( '', ( 1.00000000000000, 0.000000000000000, -0.000000000000000 ) );
#2999 = SURFACE_STYLE_FILL_AREA( #5153 );
#3000 = ORIENTED_EDGE( '', *, *, #5154, .F. );
#3001 = ORIENTED_EDGE( '', *, *, #5155, .T. );
#3002 = ORIENTED_EDGE( '', *, *, #5033, .T. );
#3003 = ORIENTED_EDGE( '', *, *, #5156, .F. );
#3004 = CARTESIAN_POINT( '', ( 0.125000000000000, 0.0990000000000000, -0.0675000000000000 ) );
#3005 = DIRECTION( '', ( 0.000000000000000, 0.000000000000000, 1.00000000000000 ) );
#3006 = DIRECTION( '', ( 1.00000000000000, 0.000000000000000, -0.000000000000000 ) );
#3007 = SURFACE_STYLE_FILL_AREA( #5157 );
#3008 = ORIENTED_EDGE( '', *, *, #5158, .T. );
#3009 = ORIENTED_EDGE( '', *, *, #5159, .T. );
#3010 = ORIENTED_EDGE( '', *, *, #5160, .T. );
#3011 = ORIENTED_EDGE( '', *, *, #4881, .F. );
#3012 = ORIENTED_EDGE( '', *, *, #5161, .T. );
#3013 = CARTESIAN_POINT( '', ( 0.00799999999999997, 0.0890000000000000, 0.500000000000000 ) );
#3014 = DIRECTION( '', ( -1.00000000000000, 0.000000000000000, 0.000000000000000 ) );
#3015 = DIRECTION( '', ( 0.000000000000000, 0.000000000000000, 1.00000000000000 ) );
#3016 = SURFACE_STYLE_FILL_AREA( #5162 );
#3017 = ORIENTED_EDGE( '', *, *, #5075, .T. );
#3018 = ORIENTED_EDGE( '', *, *, #5163, .T. );
#3019 = ORIENTED_EDGE( '', *, *, #5164, .T. );
#3020 = ORIENTED_EDGE( '', *, *, #5130, .F. );
#3021 = CARTESIAN_POINT( '', ( 0.0471961524227100, 0.219000000000000, 0.500000000000000 ) );
#3022 = DIRECTION( '', ( 0.866025403784300, -0.500000000000241, 0.000000000000000 ) );
#3023 = DIRECTION( '', ( 0.500000000000241, 0.866025403784300, 0.000000000000000 ) );
#3024 = SURFACE_STYLE_FILL_AREA( #5165 );
#3025 = ORIENTED_EDGE( '', *, *, #5166, .T. );
#3026 = ORIENTED_EDGE( '', *, *, #5167, .T. );
#3027 = ORIENTED_EDGE( '', *, *, #5168, .T. );
#3028 = ORIENTED_EDGE( '', *, *, #5169, .F. );
#3029 = CARTESIAN_POINT( '', ( -0.0920000000000000, 0.210000000000000, 0.500000000000000 ) );
#3030 = DIRECTION( '', ( -0.866025403784299, -0.500000000000242, 0.000000000000000 ) );
#3031 = DIRECTION( '', ( 0.500000000000242, -0.866025403784299, 0.000000000000000 ) );
#3032 = SURFACE_STYLE_FILL_AREA( #5170 );
#3033 = ORIENTED_EDGE( '', *, *, #4935, .F. );
#3034 = ORIENTED_EDGE( '', *, *, #5171, .T. );
#3035 = ORIENTED_EDGE( '', *, *, #5172, .F. );
#3036 = ORIENTED_EDGE( '', *, *, #5088, .F. );
#3037 = CARTESIAN_POINT( '', ( 0.108000000000000, 0.00900000000000050, -0.0403238075793815 ) );
#3038 = DIRECTION( '', ( 1.00000000000000, -0.000000000000000, -0.000000000000000 ) );
#3039 = DIRECTION( '', ( 0.000000000000000, 0.000000000000000, 1.00000000000000 ) );
#3040 = SURFACE_STYLE_FILL_AREA( #5173 );
#3041 = ORIENTED_EDGE( '', *, *, #5174, .F. );
#3042 = ORIENTED_EDGE( '', *, *, #5175, .T. );
#3043 = ORIENTED_EDGE( '', *, *, #5176, .F. );
#3044 = ORIENTED_EDGE( '', *, *, #5177, .F. );
#3045 = ORIENTED_EDGE( '', *, *, #5178, .T. );
#3046 = ORIENTED_EDGE( '', *, *, #5179, .T. );
#3047 = ORIENTED_EDGE( '', *, *, #5010, .F. );
#3048 = ORIENTED_EDGE( '', *, *, #5180, .F. );
#3049 = ORIENTED_EDGE( '', *, *, #5181, .F. );
#3050 = ORIENTED_EDGE( '', *, *, #5182, .T. );
#3051 = ORIENTED_EDGE( '', *, *, #5128, .F. );
#3052 = ORIENTED_EDGE( '', *, *, #5183, .F. );
#3053 = ORIENTED_EDGE( '', *, *, #5158, .F. );
#3054 = ORIENTED_EDGE( '', *, *, #5184, .T. );
#3055 = ORIENTED_EDGE( '', *, *, #5185, .F. );
#3056 = ORIENTED_EDGE( '', *, *, #5186, .F. );
#3057 = ORIENTED_EDGE( '', *, *, #5187, .F. );
#3058 = ORIENTED_EDGE( '', *, *, #5188, .T. );
#3059 = ORIENTED_EDGE( '', *, *, #5189, .F. );
#3060 = ORIENTED_EDGE( '', *, *, #5190, .F. );
#3061 = CARTESIAN_POINT( '', ( 0.108000000000000, 0.0500000000000000, 0.000000000000000 ) );
#3062 = DIRECTION( '', ( 0.000000000000000, -0.558600379479076, 0.829436927105270 ) );
#3063 = DIRECTION( '', ( 0.000000000000000, -0.829436927105270, -0.558600379479076 ) );
#3064 = SURFACE_STYLE_FILL_AREA( #5191 );
#3065 = ORIENTED_EDGE( '', *, *, #5192, .T. );
#3066 = ORIENTED_EDGE( '', *, *, #5167, .F. );
#3067 = ORIENTED_EDGE( '', *, *, #5193, .T. );
#3068 = ORIENTED_EDGE( '', *, *, #5194, .T. );
#3069 = ORIENTED_EDGE( '', *, *, #5195, .T. );
#3070 = CARTESIAN_POINT( '', ( -0.0920000000000000, 0.0890000000000000, 0.500000000000000 ) );
#3071 = DIRECTION( '', ( -1.00000000000000, 0.000000000000000, 0.000000000000000 ) );
#3072 = DIRECTION( '', ( 0.000000000000000, 0.000000000000000, 1.00000000000000 ) );
#3073 = SURFACE_STYLE_FILL_AREA( #5196 );
#3074 = ORIENTED_EDGE( '', *, *, #5197, .F. );
#3075 = ORIENTED_EDGE( '', *, *, #5198, .F. );
#3076 = ORIENTED_EDGE( '', *, *, #5199, .F. );
#3077 = ORIENTED_EDGE( '', *, *, #5200, .T. );
#3078 = CARTESIAN_POINT( '', ( 0.108000000000000, 0.219000000000000, -0.0278038475772920 ) );
#3079 = DIRECTION( '', ( 0.000000000000000, 0.499999999999954, -0.866025403784465 ) );
#3080 = DIRECTION( '', ( 0.000000000000000, 0.866025403784465, 0.499999999999954 ) );
#3081 = SURFACE_STYLE_FILL_AREA( #5201 );
#3082 = ORIENTED_EDGE( '', *, *, #5202, .T. );
#3083 = ORIENTED_EDGE( '', *, *, #5203, .T. );
#3084 = ORIENTED_EDGE( '', *, *, #5204, .F. );
#3085 = ORIENTED_EDGE( '', *, *, #5205, .T. );
#3086 = CARTESIAN_POINT( '', ( -0.0580000000000000, 0.0990000000000000, -0.0165000000000000 ) );
#3087 = DIRECTION( '', ( 0.000000000000000, 0.000000000000000, -1.00000000000000 ) );
#3088 = DIRECTION( '', ( -1.00000000000000, 0.000000000000000, 0.000000000000000 ) );
#3089 = SURFACE_STYLE_FILL_AREA( #5206 );
#3090 = ORIENTED_EDGE( '', *, *, #5204, .T. );
#3091 = ORIENTED_EDGE( '', *, *, #5207, .T. );
#3092 = ORIENTED_EDGE( '', *, *, #4996, .F. );
#3093 = ORIENTED_EDGE( '', *, *, #5208, .T. );
#3094 = CARTESIAN_POINT( '', ( -0.0580000000000000, 0.0990000000000000, -0.0325000000000000 ) );
#3095 = DIRECTION( '', ( 1.00000000000000, 0.000000000000000, -0.000000000000000 ) );
#3096 = DIRECTION( '', ( -0.000000000000000, 0.000000000000000, -1.00000000000000 ) );
#3097 = SURFACE_STYLE_FILL_AREA( #5209 );
#3098 = ORIENTED_EDGE( '', *, *, #5210, .F. );
#3099 = ORIENTED_EDGE( '', *, *, #5211, .T. );
#3100 = ORIENTED_EDGE( '', *, *, #5212, .F. );
#3101 = ORIENTED_EDGE( '', *, *, #5213, .F. );
#3102 = CARTESIAN_POINT( '', ( 0.108000000000000, 0.000000000000000, 0.115000000000000 ) );
#3103 = DIRECTION( '', ( 0.000000000000000, 1.00000000000000, 0.000000000000000 ) );
#3104 = DIRECTION( '', ( 0.000000000000000, -0.000000000000000, 1.00000000000000 ) );
#3105 = SURFACE_STYLE_FILL_AREA( #5214 );
#3106 = ORIENTED_EDGE( '', *, *, #5215, .F. );
#3107 = ORIENTED_EDGE( '', *, *, #5216, .F. );
#3108 = ORIENTED_EDGE( '', *, *, #5217, .F. );
#3109 = ORIENTED_EDGE( '', *, *, #5218, .T. );
#3110 = CARTESIAN_POINT( '', ( 0.108000000000000, 0.210000000000000, 0.0330000000000010 ) );
#3111 = DIRECTION( '', ( 0.000000000000000, 0.499999999999953, 0.866025403784466 ) );
#3112 = DIRECTION( '', ( 0.000000000000000, -0.866025403784466, 0.499999999999953 ) );
#3113 = SURFACE_STYLE_FILL_AREA( #5219 );
#3114 = ORIENTED_EDGE( '', *, *, #5104, .F. );
#3115 = ORIENTED_EDGE( '', *, *, #5220, .F. );
#3116 = ORIENTED_EDGE( '', *, *, #5156, .T. );
#3117 = ORIENTED_EDGE( '', *, *, #5032, .T. );
#3118 = ORIENTED_EDGE( '', *, *, #5094, .F. );
#3119 = ORIENTED_EDGE( '', *, *, #5221, .F. );
#3120 = ORIENTED_EDGE( '', *, *, #5222, .F. );
#3121 = ORIENTED_EDGE( '', *, *, #5223, .F. );
#3122 = ORIENTED_EDGE( '', *, *, #5224, .F. );
#3123 = ORIENTED_EDGE( '', *, *, #5225, .F. );
#3124 = ORIENTED_EDGE( '', *, *, #5004, .T. );
#3125 = ORIENTED_EDGE( '', *, *, #5226, .F. );
#3126 = CARTESIAN_POINT( '', ( -0.125000000000000, 0.0990000000000000, -0.0675000000000000 ) );
#3127 = DIRECTION( '', ( 1.00000000000000, 0.000000000000000, -0.000000000000000 ) );
#3128 = DIRECTION( '', ( -0.000000000000000, 0.000000000000000, -1.00000000000000 ) );
#3129 = SURFACE_STYLE_FILL_AREA( #5227 );
#3130 = ORIENTED_EDGE( '', *, *, #5085, .F. );
#3131 = ORIENTED_EDGE( '', *, *, #5228, .F. );
#3132 = ORIENTED_EDGE( '', *, *, #5229, .T. );
#3133 = ORIENTED_EDGE( '', *, *, #5230, .T. );
#3134 = CARTESIAN_POINT( '', ( 0.108000000000000, 0.219000000000000, -0.0221961524227050 ) );
#3135 = DIRECTION( '', ( 0.000000000000000, 1.00000000000000, 0.000000000000000 ) );
#3136 = DIRECTION( '', ( 0.000000000000000, -0.000000000000000, 1.00000000000000 ) );
#3137 = SURFACE_STYLE_FILL_AREA( #5231 );
#3138 = ORIENTED_EDGE( '', *, *, #5152, .T. );
#3139 = ORIENTED_EDGE( '', *, *, #5232, .T. );
#3140 = ORIENTED_EDGE( '', *, *, #5233, .T. );
#3141 = ORIENTED_EDGE( '', *, *, #5234, .T. );
#3142 = ORIENTED_EDGE( '', *, *, #4965, .T. );
#3143 = ORIENTED_EDGE( '', *, *, #5235, .T. );
#3144 = ORIENTED_EDGE( '', *, *, #5136, .T. );
#3145 = CARTESIAN_POINT( '', ( -0.00800000000000001, 0.0100000000000000, 0.500000000000000 ) );
#3146 = DIRECTION( '', ( 1.00000000000000, 0.000000000000000, -0.000000000000000 ) );
#3147 = DIRECTION( '', ( -0.000000000000000, 0.000000000000000, -1.00000000000000 ) );
#3148 = SURFACE_STYLE_FILL_AREA( #5236 );
#3149 = ORIENTED_EDGE( '', *, *, #5237, .F. );
#3150 = ORIENTED_EDGE( '', *, *, #5238, .F. );
#3151 = ORIENTED_EDGE( '', *, *, #4946, .F. );
#3152 = ORIENTED_EDGE( '', *, *, #5239, .F. );
#3153 = CARTESIAN_POINT( '', ( -0.000000000000000, 0.00500000000000000, -0.000000000000000 ) );
#3154 = DIRECTION( '', ( 0.000000000000000, -1.00000000000000, -0.000000000000000 ) );
#3155 = DIRECTION( '', ( 0.000000000000000, 0.000000000000000, -1.00000000000000 ) );
#3156 = SURFACE_STYLE_FILL_AREA( #5240 );
#3157 = ORIENTED_EDGE( '', *, *, #5221, .T. );
#3158 = ORIENTED_EDGE( '', *, *, #5093, .F. );
#3159 = ORIENTED_EDGE( '', *, *, #5241, .T. );
#3160 = ORIENTED_EDGE( '', *, *, #5242, .F. );
#3161 = ORIENTED_EDGE( '', *, *, #5243, .F. );
#3162 = ORIENTED_EDGE( '', *, *, #5244, .T. );
#3163 = CARTESIAN_POINT( '', ( 0.125000000000000, 0.0245000000000000, 0.0575000000000000 ) );
#3164 = DIRECTION( '', ( 0.000000000000000, -1.00000000000000, 0.000000000000000 ) );
#3165 = DIRECTION( '', ( 0.000000000000000, 0.000000000000000, -1.00000000000000 ) );
#3166 = SURFACE_STYLE_FILL_AREA( #5245 );
#3167 = ORIENTED_EDGE( '', *, *, #4809, .T. );
#3168 = ORIENTED_EDGE( '', *, *, #5246, .T. );
#3169 = ORIENTED_EDGE( '', *, *, #5247, .T. );
#3170 = ORIENTED_EDGE( '', *, *, #4931, .T. );
#3171 = ORIENTED_EDGE( '', *, *, #5248, .T. );
#3172 = ORIENTED_EDGE( '', *, *, #5249, .T. );
#3173 = ORIENTED_EDGE( '', *, *, #5250, .T. );
#3174 = CARTESIAN_POINT( '', ( -0.00800000000000001, 0.0100000000000000, 0.500000000000000 ) );
#3175 = DIRECTION( '', ( 1.00000000000000, 0.000000000000000, -0.000000000000000 ) );
#3176 = DIRECTION( '', ( -0.000000000000000, 0.000000000000000, -1.00000000000000 ) );
#3177 = SURFACE_STYLE_FILL_AREA( #5251 );
#3178 = ORIENTED_EDGE( '', *, *, #5252, .F. );
#3179 = ORIENTED_EDGE( '', *, *, #4932, .T. );
#3180 = ORIENTED_EDGE( '', *, *, #5247, .F. );
#3181 = ORIENTED_EDGE( '', *, *, #5253, .F. );
#3182 = CARTESIAN_POINT( '', ( 0.108000000000000, -0.0160000000000000, 0.0403238075793815 ) );
#3183 = DIRECTION( '', ( 0.000000000000000, -1.00000000000000, 0.000000000000000 ) );
#3184 = DIRECTION( '', ( 0.000000000000000, 0.000000000000000, -1.00000000000000 ) );
#3185 = SURFACE_STYLE_FILL_AREA( #5254 );
#3186 = ORIENTED_EDGE( '', *, *, #4822, .F. );
#3187 = ORIENTED_EDGE( '', *, *, #5255, .F. );
#3188 = ORIENTED_EDGE( '', *, *, #5051, .F. );
#3189 = ORIENTED_EDGE( '', *, *, #5256, .F. );
#3190 = CARTESIAN_POINT( '', ( -0.000000000000000, 0.00500000000000000, -0.000000000000000 ) );
#3191 = DIRECTION( '', ( 0.000000000000000, -1.00000000000000, -0.000000000000000 ) );
#3192 = DIRECTION( '', ( 0.000000000000000, 0.000000000000000, -1.00000000000000 ) );
#3193 = SURFACE_STYLE_FILL_AREA( #5257 );
#3194 = ORIENTED_EDGE( '', *, *, #4889, .F. );
#3195 = ORIENTED_EDGE( '', *, *, #5258, .T. );
#3196 = ORIENTED_EDGE( '', *, *, #4924, .F. );
#3197 = ORIENTED_EDGE( '', *, *, #4852, .F. );
#3198 = CARTESIAN_POINT( '', ( 0.108000000000000, -0.0160000000000000, 0.115000000000000 ) );
#3199 = DIRECTION( '', ( 0.000000000000000, -0.000000000000000, 1.00000000000000 ) );
#3200 = DIRECTION( '', ( 1.00000000000000, 0.000000000000000, -0.000000000000000 ) );
#3201 = SURFACE_STYLE_FILL_AREA( #5259 );
#3202 = ORIENTED_EDGE( '', *, *, #5260, .F. );
#3203 = ORIENTED_EDGE( '', *, *, #5261, .F. );
#3204 = ORIENTED_EDGE( '', *, *, #5262, .T. );
#3205 = ORIENTED_EDGE( '', *, *, #5198, .T. );
#3206 = CARTESIAN_POINT( '', ( 0.108000000000000, 0.219000000000000, -0.0221961524227050 ) );
#3207 = DIRECTION( '', ( 0.000000000000000, 1.00000000000000, 0.000000000000000 ) );
#3208 = DIRECTION( '', ( 0.000000000000000, -0.000000000000000, 1.00000000000000 ) );
#3209 = SURFACE_STYLE_FILL_AREA( #5263 );
#3210 = ORIENTED_EDGE( '', *, *, #5264, .F. );
#3211 = ORIENTED_EDGE( '', *, *, #4867, .F. );
#3212 = ORIENTED_EDGE( '', *, *, #5265, .F. );
#3213 = ORIENTED_EDGE( '', *, *, #4959, .F. );
#3214 = CARTESIAN_POINT( '', ( -0.000000000000000, 0.00500000000000000, -0.000000000000000 ) );
#3215 = DIRECTION( '', ( 0.000000000000000, -1.00000000000000, -0.000000000000000 ) );
#3216 = DIRECTION( '', ( 0.000000000000000, 0.000000000000000, -1.00000000000000 ) );
#3217 = SURFACE_STYLE_FILL_AREA( #5266 );
#3218 = ORIENTED_EDGE( '', *, *, #5267, .F. );
#3219 = ORIENTED_EDGE( '', *, *, #4910, .F. );
#3220 = ORIENTED_EDGE( '', *, *, #4829, .F. );
#3221 = ORIENTED_EDGE( '', *, *, #5268, .T. );
#3222 = CARTESIAN_POINT( '', ( 0.108000000000000, 0.210000000000000, -0.0329999999999980 ) );
#3223 = DIRECTION( '', ( -0.000000000000000, 0.000000000000000, -1.00000000000000 ) );
#3224 = DIRECTION( '', ( -1.00000000000000, 0.000000000000000, 0.000000000000000 ) );
#3225 = SURFACE_STYLE_FILL_AREA( #5269 );
#3226 = ORIENTED_EDGE( '', *, *, #5270, .F. );
#3227 = ORIENTED_EDGE( '', *, *, #5271, .F. );
#3228 = ORIENTED_EDGE( '', *, *, #5071, .F. );
#3229 = ORIENTED_EDGE( '', *, *, #4949, .T. );
#3230 = CARTESIAN_POINT( '', ( 0.108000000000000, 0.210000000000000, 0.0330000000000010 ) );
#3231 = DIRECTION( '', ( 0.000000000000000, 0.499999999999953, 0.866025403784466 ) );
#3232 = DIRECTION( '', ( 0.000000000000000, -0.866025403784466, 0.499999999999953 ) );
#3233 = SURFACE_STYLE_FILL_AREA( #5272 );
#3234 = ORIENTED_EDGE( '', *, *, #5273, .F. );
#3235 = ORIENTED_EDGE( '', *, *, #5274, .F. );
#3236 = ORIENTED_EDGE( '', *, *, #5275, .F. );
#3237 = ORIENTED_EDGE( '', *, *, #5224, .T. );
#3238 = CARTESIAN_POINT( '', ( -0.125000000000000, 0.0990000000000000, 0.0675000000000000 ) );
#3239 = DIRECTION( '', ( 0.000000000000000, 0.000000000000000, -1.00000000000000 ) );
#3240 = DIRECTION( '', ( -1.00000000000000, 0.000000000000000, 0.000000000000000 ) );
#3241 = SURFACE_STYLE_FILL_AREA( #5276 );
#3242 = ORIENTED_EDGE( '', *, *, #5277, .F. );
#3243 = ORIENTED_EDGE( '', *, *, #5278, .T. );
#3244 = ORIENTED_EDGE( '', *, *, #5279, .T. );
#3245 = ORIENTED_EDGE( '', *, *, #5280, .F. );
#3246 = ORIENTED_EDGE( '', *, *, #4862, .F. );
#3247 = ORIENTED_EDGE( '', *, *, #5281, .T. );
#3248 = ORIENTED_EDGE( '', *, *, #5282, .T. );
#3249 = ORIENTED_EDGE( '', *, *, #5232, .F. );
#3250 = ORIENTED_EDGE( '', *, *, #5151, .F. );
#3251 = ORIENTED_EDGE( '', *, *, #5283, .T. );
#3252 = ORIENTED_EDGE( '', *, *, #5284, .T. );
#3253 = ORIENTED_EDGE( '', *, *, #5285, .F. );
#3254 = ORIENTED_EDGE( '', *, *, #5286, .F. );
#3255 = ORIENTED_EDGE( '', *, *, #4939, .T. );
#3256 = ORIENTED_EDGE( '', *, *, #5287, .T. );
#3257 = ORIENTED_EDGE( '', *, *, #5288, .F. );
#3258 = ORIENTED_EDGE( '', *, *, #5289, .F. );
#3259 = ORIENTED_EDGE( '', *, *, #5290, .T. );
#3260 = ORIENTED_EDGE( '', *, *, #5291, .T. );
#3261 = ORIENTED_EDGE( '', *, *, #5292, .F. );
#3262 = ORIENTED_EDGE( '', *, *, #5293, .T. );
#3263 = ORIENTED_EDGE( '', *, *, #5294, .T. );
#3264 = ORIENTED_EDGE( '', *, *, #5295, .T. );
#3265 = ORIENTED_EDGE( '', *, *, #5296, .F. );
#3266 = ORIENTED_EDGE( '', *, *, #5297, .T. );
#3267 = ORIENTED_EDGE( '', *, *, #5298, .T. );
#3268 = ORIENTED_EDGE( '', *, *, #4810, .T. );
#3269 = ORIENTED_EDGE( '', *, *, #5250, .F. );
#3270 = ORIENTED_EDGE( '', *, *, #5299, .T. );
#3271 = ORIENTED_EDGE( '', *, *, #4886, .T. );
#3272 = ORIENTED_EDGE( '', *, *, #5300, .T. );
#3273 = ORIENTED_EDGE( '', *, *, #4927, .F. );
#3274 = ORIENTED_EDGE( '', *, *, #5301, .T. );
#3275 = ORIENTED_EDGE( '', *, *, #5302, .T. );
#3276 = ORIENTED_EDGE( '', *, *, #4815, .T. );
#3277 = ORIENTED_EDGE( '', *, *, #5118, .F. );
#3278 = CARTESIAN_POINT( '', ( 0.108000000000000, 0.0100000000000000, -0.0170000000000000 ) );
#3279 = DIRECTION( '', ( 0.000000000000000, -1.00000000000000, 0.000000000000000 ) );
#3280 = DIRECTION( '', ( 0.000000000000000, 0.000000000000000, -1.00000000000000 ) );
#3281 = SURFACE_STYLE_FILL_AREA( #5303 );
#3282 = ORIENTED_EDGE( '', *, *, #4890, .F. );
#3283 = ORIENTED_EDGE( '', *, *, #4854, .T. );
#3284 = ORIENTED_EDGE( '', *, *, #4923, .F. );
#3285 = ORIENTED_EDGE( '', *, *, #5304, .F. );
#3286 = CARTESIAN_POINT( '', ( 0.108000000000000, 0.00900000000000052, 0.0403238075793816 ) );
#3287 = DIRECTION( '', ( 1.00000000000000, -0.000000000000000, -0.000000000000000 ) );
#3288 = DIRECTION( '', ( 0.000000000000000, 0.000000000000000, 1.00000000000000 ) );
#3289 = SURFACE_STYLE_FILL_AREA( #5305 );
#3290 = ORIENTED_EDGE( '', *, *, #5306, .F. );
#3291 = ORIENTED_EDGE( '', *, *, #5307, .F. );
#3292 = ORIENTED_EDGE( '', *, *, #5169, .T. );
#3293 = ORIENTED_EDGE( '', *, *, #5308, .T. );
#3294 = CARTESIAN_POINT( '', ( 0.108000000000000, 0.219000000000000, -0.0221961524227050 ) );
#3295 = DIRECTION( '', ( 0.000000000000000, 1.00000000000000, 0.000000000000000 ) );
#3296 = DIRECTION( '', ( 0.000000000000000, -0.000000000000000, 1.00000000000000 ) );
#3297 = SURFACE_STYLE_FILL_AREA( #5309 );
#3298 = ORIENTED_EDGE( '', *, *, #5163, .F. );
#3299 = ORIENTED_EDGE( '', *, *, #5077, .F. );
#3300 = ORIENTED_EDGE( '', *, *, #4971, .T. );
#3301 = ORIENTED_EDGE( '', *, *, #5310, .T. );
#3302 = CARTESIAN_POINT( '', ( 0.108000000000000, 0.219000000000000, 0.0278038475772950 ) );
#3303 = DIRECTION( '', ( 0.000000000000000, 1.00000000000000, 0.000000000000000 ) );
#3304 = DIRECTION( '', ( 0.000000000000000, -0.000000000000000, 1.00000000000000 ) );
#3305 = SURFACE_STYLE_FILL_AREA( #5311 );
#3306 = ORIENTED_EDGE( '', *, *, #5312, .F. );
#3307 = ORIENTED_EDGE( '', *, *, #5137, .T. );
#3308 = ORIENTED_EDGE( '', *, *, #5235, .F. );
#3309 = ORIENTED_EDGE( '', *, *, #4964, .F. );
#3310 = CARTESIAN_POINT( '', ( 0.108000000000000, -0.0160000000000000, -0.115000000000000 ) );
#3311 = DIRECTION( '', ( 0.000000000000000, -1.00000000000000, 0.000000000000000 ) );
#3312 = DIRECTION( '', ( 0.000000000000000, 0.000000000000000, -1.00000000000000 ) );
#3313 = SURFACE_STYLE_FILL_AREA( #5313 );
#3314 = ORIENTED_EDGE( '', *, *, #5270, .T. );
#3315 = ORIENTED_EDGE( '', *, *, #4948, .T. );
#3316 = ORIENTED_EDGE( '', *, *, #5314, .T. );
#3317 = ORIENTED_EDGE( '', *, *, #5315, .F. );
#3318 = CARTESIAN_POINT( '', ( -0.102803847577290, 0.219000000000000, 0.500000000000000 ) );
#3319 = DIRECTION( '', ( 0.866025403784298, -0.500000000000244, 0.000000000000000 ) );
#3320 = DIRECTION( '', ( 0.500000000000244, 0.866025403784298, 0.000000000000000 ) );
#3321 = SURFACE_STYLE_FILL_AREA( #5316 );
#3322 = ORIENTED_EDGE( '', *, *, #5317, .F. );
#3323 = ORIENTED_EDGE( '', *, *, #5318, .T. );
#3324 = ORIENTED_EDGE( '', *, *, #5125, .F. );
#3325 = ORIENTED_EDGE( '', *, *, #5319, .F. );
#3326 = CARTESIAN_POINT( '', ( 0.108000000000000, 0.00900000000000050, -0.0403238075793815 ) );
#3327 = DIRECTION( '', ( 1.00000000000000, -0.000000000000000, -0.000000000000000 ) );
#3328 = DIRECTION( '', ( 0.000000000000000, 0.000000000000000, 1.00000000000000 ) );
#3329 = SURFACE_STYLE_FILL_AREA( #5320 );
#3330 = ORIENTED_EDGE( '', *, *, #5321, .T. );
#3331 = ORIENTED_EDGE( '', *, *, #5322, .T. );
#3332 = ORIENTED_EDGE( '', *, *, #5323, .F. );
#3333 = ORIENTED_EDGE( '', *, *, #5324, .T. );
#3334 = CARTESIAN_POINT( '', ( -0.0420000000000000, 0.0990000000000000, 0.0335000000000000 ) );
#3335 = DIRECTION( '', ( -1.00000000000000, 0.000000000000000, 0.000000000000000 ) );
#3336 = DIRECTION( '', ( 0.000000000000000, 0.000000000000000, 1.00000000000000 ) );
#3337 = SURFACE_STYLE_FILL_AREA( #5325 );
#3338 = ORIENTED_EDGE( '', *, *, #4807, .T. );
#3339 = ORIENTED_EDGE( '', *, *, #5298, .F. );
#3340 = ORIENTED_EDGE( '', *, *, #5326, .T. );
#3341 = ORIENTED_EDGE( '', *, *, #5327, .T. );
#3342 = ORIENTED_EDGE( '', *, *, #4929, .T. );
#3343 = ORIENTED_EDGE( '', *, *, #5252, .T. );
#3344 = ORIENTED_EDGE( '', *, *, #5328, .T. );
#3345 = CARTESIAN_POINT( '', ( 0.00799999999999997, -0.444456055085140, 0.500000000000000 ) );
#3346 = DIRECTION( '', ( -1.00000000000000, 0.000000000000000, 0.000000000000000 ) );
#3347 = DIRECTION( '', ( 0.000000000000000, 0.000000000000000, 1.00000000000000 ) );
#3348 = SURFACE_STYLE_FILL_AREA( #5329 );
#3349 = ORIENTED_EDGE( '', *, *, #4888, .F. );
#3350 = ORIENTED_EDGE( '', *, *, #5330, .T. );
#3351 = ORIENTED_EDGE( '', *, *, #4925, .F. );
#3352 = ORIENTED_EDGE( '', *, *, #5258, .F. );
#3353 = CARTESIAN_POINT( '', ( 0.108000000000000, 0.000000000000000, 0.115000000000000 ) );
#3354 = DIRECTION( '', ( 0.000000000000000, 1.00000000000000, 0.000000000000000 ) );
#3355 = DIRECTION( '', ( 0.000000000000000, -0.000000000000000, 1.00000000000000 ) );
#3356 = SURFACE_STYLE_FILL_AREA( #5331 );
#3357 = ORIENTED_EDGE( '', *, *, #5185, .T. );
#3358 = ORIENTED_EDGE( '', *, *, #5332, .T. );
#3359 = ORIENTED_EDGE( '', *, *, #5333, .T. );
#3360 = ORIENTED_EDGE( '', *, *, #5334, .T. );
#3361 = ORIENTED_EDGE( '', *, *, #5335, .F. );
#3362 = CARTESIAN_POINT( '', ( -0.00800000000000001, 0.210000000000000, 0.500000000000000 ) );
#3363 = DIRECTION( '', ( 1.00000000000000, 0.000000000000000, -0.000000000000000 ) );
#3364 = DIRECTION( '', ( -0.000000000000000, 0.000000000000000, -1.00000000000000 ) );
#3365 = SURFACE_STYLE_FILL_AREA( #5336 );
#3366 = ORIENTED_EDGE( '', *, *, #5337, .F. );
#3367 = ORIENTED_EDGE( '', *, *, #5338, .T. );
#3368 = ORIENTED_EDGE( '', *, *, #5106, .T. );
#3369 = ORIENTED_EDGE( '', *, *, #5339, .T. );
#3370 = ORIENTED_EDGE( '', *, *, #5340, .F. );
#3371 = ORIENTED_EDGE( '', *, *, #5341, .F. );
#3372 = ORIENTED_EDGE( '', *, *, #5148, .T. );
#3373 = ORIENTED_EDGE( '', *, *, #5342, .T. );
#3374 = ORIENTED_EDGE( '', *, *, #5343, .T. );
#3375 = ORIENTED_EDGE( '', *, *, #5243, .T. );
#3376 = ORIENTED_EDGE( '', *, *, #5344, .T. );
#3377 = ORIENTED_EDGE( '', *, *, #5038, .T. );
#3378 = CARTESIAN_POINT( '', ( 0.125000000000000, 0.0990000000000000, 0.0675000000000000 ) );
#3379 = DIRECTION( '', ( -1.00000000000000, 0.000000000000000, 0.000000000000000 ) );
#3380 = DIRECTION( '', ( 0.000000000000000, 0.000000000000000, 1.00000000000000 ) );
#3381 = SURFACE_STYLE_FILL_AREA( #5345 );
#3382 = ORIENTED_EDGE( '', *, *, #4914, .T. );
#3383 = ORIENTED_EDGE( '', *, *, #5346, .T. );
#3384 = ORIENTED_EDGE( '', *, *, #4856, .F. );
#3385 = ORIENTED_EDGE( '', *, *, #5347, .T. );
#3386 = CARTESIAN_POINT( '', ( 0.00800000000000001, 0.0990000000000000, -0.0165000000000000 ) );
#3387 = DIRECTION( '', ( -1.00000000000000, 0.000000000000000, 0.000000000000000 ) );
#3388 = DIRECTION( '', ( 0.000000000000000, 0.000000000000000, 1.00000000000000 ) );
#3389 = SURFACE_STYLE_FILL_AREA( #5348 );
#3390 = ORIENTED_EDGE( '', *, *, #5349, .F. );
#3391 = ORIENTED_EDGE( '', *, *, #5350, .T. );
#3392 = ORIENTED_EDGE( '', *, *, #5351, .F. );
#3393 = ORIENTED_EDGE( '', *, *, #5352, .F. );
#3394 = CARTESIAN_POINT( '', ( 0.108000000000000, 0.210000000000000, 0.0170000000000010 ) );
#3395 = DIRECTION( '', ( -0.000000000000000, 0.000000000000000, -1.00000000000000 ) );
#3396 = DIRECTION( '', ( -1.00000000000000, 0.000000000000000, 0.000000000000000 ) );
#3397 = SURFACE_STYLE_FILL_AREA( #5353 );
#3398 = ORIENTED_EDGE( '', *, *, #5354, .F. );
#3399 = ORIENTED_EDGE( '', *, *, #5036, .F. );
#3400 = ORIENTED_EDGE( '', *, *, #5355, .F. );
#3401 = ORIENTED_EDGE( '', *, *, #4986, .T. );
#3402 = ORIENTED_EDGE( '', *, *, #5356, .T. );
#3403 = ORIENTED_EDGE( '', *, *, #5357, .T. );
#3404 = ORIENTED_EDGE( '', *, *, #5358, .T. );
#3405 = CARTESIAN_POINT( '', ( 0.100000000000005, 0.00500000000000000, -0.100000000000000 ) );
#3406 = DIRECTION( '', ( 1.00000000000000, 0.000000000000000, 3.08186601785250E-14 ) );
#3407 = DIRECTION( '', ( 3.08186601785250E-14, 0.000000000000000, -1.00000000000000 ) );
#3408 = SURFACE_STYLE_FILL_AREA( #5359 );
#3409 = ORIENTED_EDGE( '', *, *, #5022, .F. );
#3410 = ORIENTED_EDGE( '', *, *, #4817, .T. );
#3411 = ORIENTED_EDGE( '', *, *, #5256, .T. );
#3412 = ORIENTED_EDGE( '', *, *, #5050, .T. );
#3413 = CARTESIAN_POINT( '', ( 0.100000000000005, 0.00500000000000000, -0.100000000000000 ) );
#3414 = DIRECTION( '', ( 1.00000000000000, 0.000000000000000, 3.08186601785250E-14 ) );
#3415 = DIRECTION( '', ( 3.08186601785250E-14, 0.000000000000000, -1.00000000000000 ) );
#3416 = SURFACE_STYLE_FILL_AREA( #5360 );
#3417 = ORIENTED_EDGE( '', *, *, #5187, .T. );
#3418 = ORIENTED_EDGE( '', *, *, #5361, .T. );
#3419 = ORIENTED_EDGE( '', *, *, #5362, .T. );
#3420 = ORIENTED_EDGE( '', *, *, #4825, .F. );
#3421 = ORIENTED_EDGE( '', *, *, #5363, .T. );
#3422 = CARTESIAN_POINT( '', ( -0.0420000000000000, 0.0890000000000000, 0.500000000000000 ) );
#3423 = DIRECTION( '', ( -1.00000000000000, 0.000000000000000, 0.000000000000000 ) );
#3424 = DIRECTION( '', ( 0.000000000000000, 0.000000000000000, 1.00000000000000 ) );
#3425 = SURFACE_STYLE_FILL_AREA( #5364 );
#3426 = ORIENTED_EDGE( '', *, *, #5226, .T. );
#3427 = ORIENTED_EDGE( '', *, *, #5003, .F. );
#3428 = ORIENTED_EDGE( '', *, *, #5365, .T. );
#3429 = ORIENTED_EDGE( '', *, *, #5366, .F. );
#3430 = ORIENTED_EDGE( '', *, *, #5339, .F. );
#3431 = ORIENTED_EDGE( '', *, *, #5105, .T. );
#3432 = CARTESIAN_POINT( '', ( 0.125000000000000, 0.0745000000000000, -0.0575000000000000 ) );
#3433 = DIRECTION( '', ( 0.000000000000000, 1.00000000000000, 0.000000000000000 ) );
#3434 = DIRECTION( '', ( 0.000000000000000, -0.000000000000000, 1.00000000000000 ) );
#3435 = SURFACE_STYLE_FILL_AREA( #5367 );
#3436 = ORIENTED_EDGE( '', *, *, #5327, .F. );
#3437 = ORIENTED_EDGE( '', *, *, #5368, .T. );
#3438 = ORIENTED_EDGE( '', *, *, #5248, .F. );
#3439 = ORIENTED_EDGE( '', *, *, #4930, .F. );
#3440 = CARTESIAN_POINT( '', ( 0.108000000000000, 0.000000000000000, 0.115000000000000 ) );
#3441 = DIRECTION( '', ( 0.000000000000000, 1.00000000000000, 0.000000000000000 ) );
#3442 = DIRECTION( '', ( 0.000000000000000, -0.000000000000000, 1.00000000000000 ) );
#3443 = SURFACE_STYLE_FILL_AREA( #5369 );
#3444 = ORIENTED_EDGE( '', *, *, #5370, .T. );
#3445 = ORIENTED_EDGE( '', *, *, #5317, .T. );
#3446 = ORIENTED_EDGE( '', *, *, #5371, .T. );
#3447 = ORIENTED_EDGE( '', *, *, #5096, .T. );
#3448 = ORIENTED_EDGE( '', *, *, #4897, .T. );
#3449 = ORIENTED_EDGE( '', *, *, #5372, .T. );
#3450 = ORIENTED_EDGE( '', *, *, #5278, .F. );
#3451 = CARTESIAN_POINT( '', ( -0.0920000000000000, -0.446094306486340, 0.500000000000000 ) );
#3452 = DIRECTION( '', ( -1.00000000000000, 0.000000000000000, 0.000000000000000 ) );
#3453 = DIRECTION( '', ( 0.000000000000000, 0.000000000000000, 1.00000000000000 ) );
#3454 = SURFACE_STYLE_FILL_AREA( #5373 );
#3455 = ORIENTED_EDGE( '', *, *, #5374, .F. );
#3456 = ORIENTED_EDGE( '', *, *, #5069, .T. );
#3457 = ORIENTED_EDGE( '', *, *, #5119, .F. );
#3458 = ORIENTED_EDGE( '', *, *, #4813, .F. );
#3459 = CARTESIAN_POINT( '', ( 0.108000000000000, 0.00900000000000052, 0.0403238075793816 ) );
#3460 = DIRECTION( '', ( 1.00000000000000, -0.000000000000000, -0.000000000000000 ) );
#3461 = DIRECTION( '', ( 0.000000000000000, 0.000000000000000, 1.00000000000000 ) );
#3462 = SURFACE_STYLE_FILL_AREA( #5375 );
#3463 = ORIENTED_EDGE( '', *, *, #5376, .T. );
#3464 = ORIENTED_EDGE( '', *, *, #4954, .T. );
#3465 = ORIENTED_EDGE( '', *, *, #5377, .T. );
#3466 = ORIENTED_EDGE( '', *, *, #5378, .T. );
#3467 = ORIENTED_EDGE( '', *, *, #5379, .T. );
#3468 = CARTESIAN_POINT( '', ( -0.100000000000000, 0.225000000000000, 0.0675000000000000 ) );
#3469 = DIRECTION( '', ( 0.000000000000000, 0.000000000000000, -1.00000000000000 ) );
#3470 = DIRECTION( '', ( -1.00000000000000, 0.000000000000000, 0.000000000000000 ) );
#3471 = SURFACE_STYLE_FILL_AREA( #5380 );
#3472 = ORIENTED_EDGE( '', *, *, #5217, .T. );
#3473 = ORIENTED_EDGE( '', *, *, #5381, .T. );
#3474 = ORIENTED_EDGE( '', *, *, #5382, .T. );
#3475 = ORIENTED_EDGE( '', *, *, #5383, .F. );
#3476 = CARTESIAN_POINT( '', ( 0.108000000000000, 0.210000000000000, 0.500000000000000 ) );
#3477 = DIRECTION( '', ( -0.866025403784300, -0.500000000000241, 0.000000000000000 ) );
#3478 = DIRECTION( '', ( 0.500000000000241, -0.866025403784300, 0.000000000000000 ) );
#3479 = SURFACE_STYLE_FILL_AREA( #5384 );
#3480 = ORIENTED_EDGE( '', *, *, #5323, .T. );
#3481 = ORIENTED_EDGE( '', *, *, #5385, .T. );
#3482 = ORIENTED_EDGE( '', *, *, #5386, .F. );
#3483 = ORIENTED_EDGE( '', *, *, #5387, .T. );
#3484 = CARTESIAN_POINT( '', ( -0.0580000000000000, 0.0990000000000000, 0.0335000000000000 ) );
#3485 = DIRECTION( '', ( 0.000000000000000, 0.000000000000000, -1.00000000000000 ) );
#3486 = DIRECTION( '', ( -1.00000000000000, 0.000000000000000, 0.000000000000000 ) );
#3487 = SURFACE_STYLE_FILL_AREA( #5388 );
#3488 = ORIENTED_EDGE( '', *, *, #5155, .F. );
#3489 = ORIENTED_EDGE( '', *, *, #5389, .F. );
#3490 = ORIENTED_EDGE( '', *, *, #5002, .F. );
#3491 = ORIENTED_EDGE( '', *, *, #5390, .F. );
#3492 = ORIENTED_EDGE( '', *, *, #4988, .T. );
#3493 = ORIENTED_EDGE( '', *, *, #5391, .T. );
#3494 = ORIENTED_EDGE( '', *, *, #5034, .F. );
#3495 = CARTESIAN_POINT( '', ( -0.100000000000000, 0.00500000000000000, 0.100000000000000 ) );
#3496 = DIRECTION( '', ( -1.00000000000000, 0.000000000000000, 0.000000000000000 ) );
#3497 = DIRECTION( '', ( 0.000000000000000, 0.000000000000000, 1.00000000000000 ) );
#3498 = SURFACE_STYLE_FILL_AREA( #5392 );
#3499 = ORIENTED_EDGE( '', *, *, #5393, .F. );
#3500 = ORIENTED_EDGE( '', *, *, #5394, .T. );
#3501 = ORIENTED_EDGE( '', *, *, #5395, .F. );
#3502 = ORIENTED_EDGE( '', *, *, #5295, .F. );
#3503 = CARTESIAN_POINT( '', ( 0.108000000000000, 0.0100000000000000, 0.0170000000000000 ) );
#3504 = DIRECTION( '', ( -0.000000000000000, 0.000000000000000, -1.00000000000000 ) );
#3505 = DIRECTION( '', ( -1.00000000000000, 0.000000000000000, 0.000000000000000 ) );
#3506 = SURFACE_STYLE_FILL_AREA( #5396 );
#3507 = ORIENTED_EDGE( '', *, *, #5397, .F. );
#3508 = ORIENTED_EDGE( '', *, *, #5358, .F. );
#3509 = ORIENTED_EDGE( '', *, *, #5365, .F. );
#3510 = ORIENTED_EDGE( '', *, *, #5389, .T. );
#3511 = CARTESIAN_POINT( '', ( 0.100000000000000, 0.225000000000000, -0.0675000000000000 ) );
#3512 = DIRECTION( '', ( 0.000000000000000, 0.000000000000000, 1.00000000000000 ) );
#3513 = DIRECTION( '', ( 1.00000000000000, 0.000000000000000, -0.000000000000000 ) );
#3514 = SURFACE_STYLE_FILL_AREA( #5398 );
#3515 = ORIENTED_EDGE( '', *, *, #5399, .F. );
#3516 = ORIENTED_EDGE( '', *, *, #5082, .T. );
#3517 = ORIENTED_EDGE( '', *, *, #5400, .F. );
#3518 = ORIENTED_EDGE( '', *, *, #5394, .F. );
#3519 = CARTESIAN_POINT( '', ( 0.108000000000000, 0.00900000000000052, 0.0403238075793816 ) );
#3520 = DIRECTION( '', ( 1.00000000000000, -0.000000000000000, -0.000000000000000 ) );
#3521 = DIRECTION( '', ( 0.000000000000000, 0.000000000000000, 1.00000000000000 ) );
#3522 = SURFACE_STYLE_FILL_AREA( #5401 );
#3523 = ORIENTED_EDGE( '', *, *, #5006, .T. );
#3524 = ORIENTED_EDGE( '', *, *, #5402, .T. );
#3525 = ORIENTED_EDGE( '', *, *, #5403, .T. );
#3526 = ORIENTED_EDGE( '', *, *, #5333, .F. );
#3527 = CARTESIAN_POINT( '', ( -0.00280384757729003, 0.219000000000000, 0.500000000000000 ) );
#3528 = DIRECTION( '', ( 0.866025403784300, -0.500000000000241, 0.000000000000000 ) );
#3529 = DIRECTION( '', ( 0.500000000000241, 0.866025403784300, 0.000000000000000 ) );
#3530 = SURFACE_STYLE_FILL_AREA( #5404 );
#3531 = ORIENTED_EDGE( '', *, *, #5405, .F. );
#3532 = ORIENTED_EDGE( '', *, *, #5406, .F. );
#3533 = ORIENTED_EDGE( '', *, *, #4826, .F. );
#3534 = ORIENTED_EDGE( '', *, *, #5407, .T. );
#3535 = CARTESIAN_POINT( '', ( 0.108000000000000, 0.219000000000000, 0.0221961524227080 ) );
#3536 = DIRECTION( '', ( 0.000000000000000, 0.500000000000025, -0.866025403784424 ) );
#3537 = DIRECTION( '', ( 0.000000000000000, 0.866025403784424, 0.500000000000025 ) );
#3538 = SURFACE_STYLE_FILL_AREA( #5408 );
#3539 = ORIENTED_EDGE( '', *, *, #5386, .T. );
#3540 = ORIENTED_EDGE( '', *, *, #5409, .T. );
#3541 = ORIENTED_EDGE( '', *, *, #5410, .F. );
#3542 = ORIENTED_EDGE( '', *, *, #5411, .T. );
#3543 = CARTESIAN_POINT( '', ( -0.0580000000000000, 0.0990000000000000, 0.0175000000000000 ) );
#3544 = DIRECTION( '', ( 1.00000000000000, 0.000000000000000, -0.000000000000000 ) );
#3545 = DIRECTION( '', ( -0.000000000000000, 0.000000000000000, -1.00000000000000 ) );
#3546 = SURFACE_STYLE_FILL_AREA( #5412 );
#3547 = ORIENTED_EDGE( '', *, *, #5018, .F. );
#3548 = ORIENTED_EDGE( '', *, *, #5413, .F. );
#3549 = ORIENTED_EDGE( '', *, *, #5414, .T. );
#3550 = ORIENTED_EDGE( '', *, *, #4980, .T. );
#3551 = CARTESIAN_POINT( '', ( -0.108000000000000, 0.0990000000000000, -0.0325000000000000 ) );
#3552 = DIRECTION( '', ( 1.00000000000000, 0.000000000000000, -0.000000000000000 ) );
#3553 = DIRECTION( '', ( -0.000000000000000, 0.000000000000000, -1.00000000000000 ) );
#3554 = SURFACE_STYLE_FILL_AREA( #5415 );
#3555 = ORIENTED_EDGE( '', *, *, #5416, .T. );
#3556 = ORIENTED_EDGE( '', *, *, #5306, .T. );
#3557 = ORIENTED_EDGE( '', *, *, #5417, .T. );
#3558 = ORIENTED_EDGE( '', *, *, #5418, .F. );
#3559 = CARTESIAN_POINT( '', ( -0.102803847577290, 0.219000000000000, 0.500000000000000 ) );
#3560 = DIRECTION( '', ( 0.866025403784298, -0.500000000000244, 0.000000000000000 ) );
#3561 = DIRECTION( '', ( 0.500000000000244, 0.866025403784298, 0.000000000000000 ) );
#3562 = SURFACE_STYLE_FILL_AREA( #5419 );
#3563 = ORIENTED_EDGE( '', *, *, #5193, .F. );
#3564 = ORIENTED_EDGE( '', *, *, #5420, .T. );
#3565 = ORIENTED_EDGE( '', *, *, #5421, .F. );
#3566 = ORIENTED_EDGE( '', *, *, #5422, .F. );
#3567 = CARTESIAN_POINT( '', ( 0.108000000000000, 0.0890000000000000, -0.0169999999999990 ) );
#3568 = DIRECTION( '', ( 0.000000000000000, -1.76384813640513E-17, 1.00000000000000 ) );
#3569 = DIRECTION( '', ( 0.000000000000000, -1.00000000000000, -1.76384813640513E-17 ) );
#3570 = SURFACE_STYLE_FILL_AREA( #5423 );
#3571 = ORIENTED_EDGE( '', *, *, #5424, .T. );
#3572 = ORIENTED_EDGE( '', *, *, #5425, .T. );
#3573 = ORIENTED_EDGE( '', *, *, #4841, .F. );
#3574 = ORIENTED_EDGE( '', *, *, #5426, .T. );
#3575 = CARTESIAN_POINT( '', ( 0.0580000000000000, 0.0990000000000000, 0.0175000000000000 ) );
#3576 = DIRECTION( '', ( 0.000000000000000, 0.000000000000000, 1.00000000000000 ) );
#3577 = DIRECTION( '', ( 1.00000000000000, 0.000000000000000, -0.000000000000000 ) );
#3578 = SURFACE_STYLE_FILL_AREA( #5427 );
#3579 = ORIENTED_EDGE( '', *, *, #5428, .F. );
#3580 = ORIENTED_EDGE( '', *, *, #5200, .F. );
#3581 = ORIENTED_EDGE( '', *, *, #5139, .F. );
#3582 = ORIENTED_EDGE( '', *, *, #5429, .T. );
#3583 = CARTESIAN_POINT( '', ( 0.108000000000000, 0.210000000000000, -0.0329999999999980 ) );
#3584 = DIRECTION( '', ( -0.000000000000000, 0.000000000000000, -1.00000000000000 ) );
#3585 = DIRECTION( '', ( -1.00000000000000, 0.000000000000000, 0.000000000000000 ) );
#3586 = SURFACE_STYLE_FILL_AREA( #5430 );
#3587 = ORIENTED_EDGE( '', *, *, #5058, .T. );
#3588 = ORIENTED_EDGE( '', *, *, #5431, .T. );
#3589 = ORIENTED_EDGE( '', *, *, #5432, .T. );
#3590 = ORIENTED_EDGE( '', *, *, #5433, .F. );
#3591 = CARTESIAN_POINT( '', ( 0.0580000000000000, 0.210000000000000, 0.500000000000000 ) );
#3592 = DIRECTION( '', ( -0.866025403784299, -0.500000000000241, 0.000000000000000 ) );
#3593 = DIRECTION( '', ( 0.500000000000241, -0.866025403784299, 0.000000000000000 ) );
#3594 = SURFACE_STYLE_FILL_AREA( #5434 );
#3595 = ORIENTED_EDGE( '', *, *, #5435, .F. );
#3596 = ORIENTED_EDGE( '', *, *, #5436, .F. );
#3597 = ORIENTED_EDGE( '', *, *, #5437, .F. );
#3598 = ORIENTED_EDGE( '', *, *, #5057, .T. );
#3599 = CARTESIAN_POINT( '', ( 0.108000000000000, 0.0890000000000000, -0.0169999999999990 ) );
#3600 = DIRECTION( '', ( 0.000000000000000, -1.76384813640513E-17, 1.00000000000000 ) );
#3601 = DIRECTION( '', ( 0.000000000000000, -1.00000000000000, -1.76384813640513E-17 ) );
#3602 = SURFACE_STYLE_FILL_AREA( #5438 );
#3603 = ORIENTED_EDGE( '', *, *, #5410, .T. );
#3604 = ORIENTED_EDGE( '', *, *, #5439, .T. );
#3605 = ORIENTED_EDGE( '', *, *, #5321, .F. );
#3606 = ORIENTED_EDGE( '', *, *, #5440, .T. );
#3607 = CARTESIAN_POINT( '', ( -0.0420000000000000, 0.0990000000000000, 0.0175000000000000 ) );
#3608 = DIRECTION( '', ( 0.000000000000000, 0.000000000000000, 1.00000000000000 ) );
#3609 = DIRECTION( '', ( 1.00000000000000, 0.000000000000000, -0.000000000000000 ) );
#3610 = SURFACE_STYLE_FILL_AREA( #5441 );
#3611 = ORIENTED_EDGE( '', *, *, #4812, .T. );
#3612 = ORIENTED_EDGE( '', *, *, #5302, .F. );
#3613 = ORIENTED_EDGE( '', *, *, #5442, .T. );
#3614 = ORIENTED_EDGE( '', *, *, #5443, .T. );
#3615 = ORIENTED_EDGE( '', *, *, #5444, .T. );
#3616 = ORIENTED_EDGE( '', *, *, #5066, .T. );
#3617 = ORIENTED_EDGE( '', *, *, #5374, .T. );
#3618 = CARTESIAN_POINT( '', ( -0.0920000000000000, -0.446094306486340, 0.500000000000000 ) );
#3619 = DIRECTION( '', ( -1.00000000000000, 0.000000000000000, 0.000000000000000 ) );
#3620 = DIRECTION( '', ( 0.000000000000000, 0.000000000000000, 1.00000000000000 ) );
#3621 = SURFACE_STYLE_FILL_AREA( #5445 );
#3622 = ORIENTED_EDGE( '', *, *, #5446, .T. );
#3623 = ORIENTED_EDGE( '', *, *, #5447, .T. );
#3624 = ORIENTED_EDGE( '', *, *, #5448, .F. );
#3625 = ORIENTED_EDGE( '', *, *, #5435, .T. );
#3626 = ORIENTED_EDGE( '', *, *, #5102, .T. );
#3627 = CARTESIAN_POINT( '', ( 0.0420000000000000, 0.210000000000000, 0.500000000000000 ) );
#3628 = DIRECTION( '', ( 1.00000000000000, 0.000000000000000, -0.000000000000000 ) );
#3629 = DIRECTION( '', ( -0.000000000000000, 0.000000000000000, -1.00000000000000 ) );
#3630 = SURFACE_STYLE_FILL_AREA( #5449 );
#3631 = ORIENTED_EDGE( '', *, *, #5450, .T. );
#3632 = ORIENTED_EDGE( '', *, *, #5048, .T. );
#3633 = ORIENTED_EDGE( '', *, *, #4982, .F. );
#3634 = ORIENTED_EDGE( '', *, *, #5451, .T. );
#3635 = CARTESIAN_POINT( '', ( -0.0920000000000000, 0.0990000000000000, -0.0165000000000000 ) );
#3636 = DIRECTION( '', ( -1.00000000000000, 0.000000000000000, 0.000000000000000 ) );
#3637 = DIRECTION( '', ( 0.000000000000000, 0.000000000000000, 1.00000000000000 ) );
#3638 = SURFACE_STYLE_FILL_AREA( #5452 );
#3639 = ORIENTED_EDGE( '', *, *, #5453, .T. );
#3640 = ORIENTED_EDGE( '', *, *, #5377, .F. );
#3641 = ORIENTED_EDGE( '', *, *, #4953, .F. );
#3642 = ORIENTED_EDGE( '', *, *, #5454, .F. );
#3643 = CARTESIAN_POINT( '', ( 0.0425000000000000, 0.205000000000000, 0.292500000000000 ) );
#3644 = DIRECTION( '', ( -0.894427190999916, 0.447213595499958, 0.000000000000000 ) );
#3645 = DIRECTION( '', ( -0.447213595499958, -0.894427190999916, 0.000000000000000 ) );
#3646 = SURFACE_STYLE_FILL_AREA( #5455 );
#3647 = ORIENTED_EDGE( '', *, *, #5129, .F. );
#3648 = ORIENTED_EDGE( '', *, *, #5182, .F. );
#3649 = ORIENTED_EDGE( '', *, *, #5456, .F. );
#3650 = ORIENTED_EDGE( '', *, *, #5076, .T. );
#3651 = CARTESIAN_POINT( '', ( 0.108000000000000, 0.0990000000000000, 0.0330000000000010 ) );
#3652 = DIRECTION( '', ( 0.000000000000000, -0.000000000000000, 1.00000000000000 ) );
#3653 = DIRECTION( '', ( 1.00000000000000, 0.000000000000000, -0.000000000000000 ) );
#3654 = SURFACE_STYLE_FILL_AREA( #5457 );
#3655 = ORIENTED_EDGE( '', *, *, #5458, .T. );
#3656 = ORIENTED_EDGE( '', *, *, #5042, .T. );
#3657 = ORIENTED_EDGE( '', *, *, #5459, .T. );
#3658 = ORIENTED_EDGE( '', *, *, #5460, .F. );
#3659 = ORIENTED_EDGE( '', *, *, #5436, .T. );
#3660 = ORIENTED_EDGE( '', *, *, #5448, .T. );
#3661 = ORIENTED_EDGE( '', *, *, #5461, .T. );
#3662 = ORIENTED_EDGE( '', *, *, #4832, .F. );
#3663 = ORIENTED_EDGE( '', *, *, #5462, .T. );
#3664 = ORIENTED_EDGE( '', *, *, #5463, .T. );
#3665 = ORIENTED_EDGE( '', *, *, #5464, .T. );
#3666 = ORIENTED_EDGE( '', *, *, #5142, .F. );
#3667 = ORIENTED_EDGE( '', *, *, #5465, .T. );
#3668 = ORIENTED_EDGE( '', *, *, #5466, .T. );
#3669 = ORIENTED_EDGE( '', *, *, #5467, .T. );
#3670 = ORIENTED_EDGE( '', *, *, #5194, .F. );
#3671 = ORIENTED_EDGE( '', *, *, #5422, .T. );
#3672 = ORIENTED_EDGE( '', *, *, #5468, .F. );
#3673 = ORIENTED_EDGE( '', *, *, #5350, .F. );
#3674 = ORIENTED_EDGE( '', *, *, #5469, .F. );
#3675 = ORIENTED_EDGE( '', *, *, #5190, .T. );
#3676 = ORIENTED_EDGE( '', *, *, #5470, .T. );
#3677 = ORIENTED_EDGE( '', *, *, #5471, .F. );
#3678 = ORIENTED_EDGE( '', *, *, #5361, .F. );
#3679 = ORIENTED_EDGE( '', *, *, #5186, .T. );
#3680 = ORIENTED_EDGE( '', *, *, #5335, .T. );
#3681 = ORIENTED_EDGE( '', *, *, #5472, .F. );
#3682 = ORIENTED_EDGE( '', *, *, #5159, .F. );
#3683 = ORIENTED_EDGE( '', *, *, #5183, .T. );
#3684 = ORIENTED_EDGE( '', *, *, #5132, .T. );
#3685 = ORIENTED_EDGE( '', *, *, #5473, .F. );
#3686 = ORIENTED_EDGE( '', *, *, #5474, .F. );
#3687 = ORIENTED_EDGE( '', *, *, #5180, .T. );
#3688 = ORIENTED_EDGE( '', *, *, #5014, .T. );
#3689 = ORIENTED_EDGE( '', *, *, #5475, .F. );
#3690 = ORIENTED_EDGE( '', *, *, #5476, .T. );
#3691 = CARTESIAN_POINT( '', ( 0.108000000000000, 0.0890000000000000, 0.0170000000000010 ) );
#3692 = DIRECTION( '', ( 0.000000000000000, 1.00000000000000, 0.000000000000000 ) );
#3693 = DIRECTION( '', ( 0.000000000000000, -0.000000000000000, 1.00000000000000 ) );
#3694 = SURFACE_STYLE_FILL_AREA( #5477 );
#3695 = ORIENTED_EDGE( '', *, *, #4975, .T. );
#3696 = ORIENTED_EDGE( '', *, *, #4830, .T. );
#3697 = ORIENTED_EDGE( '', *, *, #4909, .T. );
#3698 = ORIENTED_EDGE( '', *, *, #5478, .F. );
#3699 = CARTESIAN_POINT( '', ( 0.00799999999999997, 0.210000000000000, 0.500000000000000 ) );
#3700 = DIRECTION( '', ( -0.866025403784300, -0.500000000000241, 0.000000000000000 ) );
#3701 = DIRECTION( '', ( 0.500000000000241, -0.866025403784300, 0.000000000000000 ) );
#3702 = SURFACE_STYLE_FILL_AREA( #5479 );
#3703 = ORIENTED_EDGE( '', *, *, #5174, .T. );
#3704 = ORIENTED_EDGE( '', *, *, #5469, .T. );
#3705 = ORIENTED_EDGE( '', *, *, #5349, .T. );
#3706 = ORIENTED_EDGE( '', *, *, #5072, .F. );
#3707 = ORIENTED_EDGE( '', *, *, #5480, .T. );
#3708 = CARTESIAN_POINT( '', ( -0.0920000000000000, 0.0890000000000000, 0.500000000000000 ) );
#3709 = DIRECTION( '', ( -1.00000000000000, 0.000000000000000, 0.000000000000000 ) );
#3710 = DIRECTION( '', ( 0.000000000000000, 0.000000000000000, 1.00000000000000 ) );
#3711 = SURFACE_STYLE_FILL_AREA( #5481 );
#3712 = ORIENTED_EDGE( '', *, *, #5482, .T. );
#3713 = ORIENTED_EDGE( '', *, *, #5260, .T. );
#3714 = ORIENTED_EDGE( '', *, *, #5197, .T. );
#3715 = ORIENTED_EDGE( '', *, *, #5483, .F. );
#3716 = CARTESIAN_POINT( '', ( -0.0528038475772900, 0.219000000000000, 0.500000000000000 ) );
#3717 = DIRECTION( '', ( 0.866025403784299, -0.500000000000242, 0.000000000000000 ) );
#3718 = DIRECTION( '', ( 0.500000000000242, 0.866025403784299, 0.000000000000000 ) );
#3719 = SURFACE_STYLE_FILL_AREA( #5484 );
#3720 = ORIENTED_EDGE( '', *, *, #4885, .F. );
#3721 = ORIENTED_EDGE( '', *, *, #5304, .T. );
#3722 = ORIENTED_EDGE( '', *, *, #4922, .F. );
#3723 = ORIENTED_EDGE( '', *, *, #5300, .F. );
#3724 = CARTESIAN_POINT( '', ( 0.108000000000000, 0.0100000000000000, 0.0170000000000000 ) );
#3725 = DIRECTION( '', ( -0.000000000000000, 0.000000000000000, -1.00000000000000 ) );
#3726 = DIRECTION( '', ( -1.00000000000000, 0.000000000000000, 0.000000000000000 ) );
#3727 = SURFACE_STYLE_FILL_AREA( #5485 );
#3728 = ORIENTED_EDGE( '', *, *, #5444, .F. );
#3729 = ORIENTED_EDGE( '', *, *, #5486, .T. );
#3730 = ORIENTED_EDGE( '', *, *, #5120, .F. );
#3731 = ORIENTED_EDGE( '', *, *, #5067, .F. );
#3732 = CARTESIAN_POINT( '', ( 0.108000000000000, -0.0160000000000000, 0.115000000000000 ) );
#3733 = DIRECTION( '', ( 0.000000000000000, -0.000000000000000, 1.00000000000000 ) );
#3734 = DIRECTION( '', ( 1.00000000000000, 0.000000000000000, -0.000000000000000 ) );
#3735 = SURFACE_STYLE_FILL_AREA( #5487 );
#3736 = ORIENTED_EDGE( '', *, *, #5488, .F. );
#3737 = ORIENTED_EDGE( '', *, *, #5489, .F. );
#3738 = ORIENTED_EDGE( '', *, *, #5490, .F. );
#3739 = ORIENTED_EDGE( '', *, *, #4944, .F. );
#3740 = ORIENTED_EDGE( '', *, *, #5414, .F. );
#3741 = ORIENTED_EDGE( '', *, *, #5491, .F. );
#3742 = ORIENTED_EDGE( '', *, *, #5451, .F. );
#3743 = ORIENTED_EDGE( '', *, *, #4981, .F. );
#3744 = ORIENTED_EDGE( '', *, *, #5411, .F. );
#3745 = ORIENTED_EDGE( '', *, *, #5440, .F. );
#3746 = ORIENTED_EDGE( '', *, *, #5324, .F. );
#3747 = ORIENTED_EDGE( '', *, *, #5387, .F. );
#3748 = ORIENTED_EDGE( '', *, *, #5208, .F. );
#3749 = ORIENTED_EDGE( '', *, *, #4999, .F. );
#3750 = ORIENTED_EDGE( '', *, *, #5492, .F. );
#3751 = ORIENTED_EDGE( '', *, *, #5205, .F. );
#3752 = ORIENTED_EDGE( '', *, *, #5493, .F. );
#3753 = ORIENTED_EDGE( '', *, *, #5494, .F. );
#3754 = ORIENTED_EDGE( '', *, *, #5495, .F. );
#3755 = ORIENTED_EDGE( '', *, *, #5496, .F. );
#3756 = ORIENTED_EDGE( '', *, *, #5497, .F. );
#3757 = ORIENTED_EDGE( '', *, *, #4915, .F. );
#3758 = ORIENTED_EDGE( '', *, *, #5347, .F. );
#3759 = ORIENTED_EDGE( '', *, *, #4859, .F. );
#3760 = ORIENTED_EDGE( '', *, *, #5498, .F. );
#3761 = ORIENTED_EDGE( '', *, *, #5426, .F. );
#3762 = ORIENTED_EDGE( '', *, *, #4844, .F. );
#3763 = ORIENTED_EDGE( '', *, *, #5499, .F. );
#3764 = ORIENTED_EDGE( '', *, *, #5500, .F. );
#3765 = ORIENTED_EDGE( '', *, *, #4961, .F. );
#3766 = ORIENTED_EDGE( '', *, *, #5501, .F. );
#3767 = ORIENTED_EDGE( '', *, *, #4869, .F. );
#3768 = ORIENTED_EDGE( '', *, *, #5502, .F. );
#3769 = ORIENTED_EDGE( '', *, *, #4820, .F. );
#3770 = ORIENTED_EDGE( '', *, *, #5503, .F. );
#3771 = ORIENTED_EDGE( '', *, *, #5053, .F. );
#3772 = ORIENTED_EDGE( '', *, *, #5504, .F. );
#3773 = ORIENTED_EDGE( '', *, *, #5505, .F. );
#3774 = ORIENTED_EDGE( '', *, *, #5506, .F. );
#3775 = ORIENTED_EDGE( '', *, *, #4992, .F. );
#3776 = ORIENTED_EDGE( '', *, *, #5225, .T. );
#3777 = ORIENTED_EDGE( '', *, *, #5275, .T. );
#3778 = ORIENTED_EDGE( '', *, *, #4838, .F. );
#3779 = ORIENTED_EDGE( '', *, *, #5507, .F. );
#3780 = ORIENTED_EDGE( '', *, *, #5508, .F. );
#3781 = ORIENTED_EDGE( '', *, *, #4955, .T. );
#3782 = ORIENTED_EDGE( '', *, *, #5376, .F. );
#3783 = ORIENTED_EDGE( '', *, *, #5145, .T. );
#3784 = ORIENTED_EDGE( '', *, *, #5341, .T. );
#3785 = ORIENTED_EDGE( '', *, *, #5509, .T. );
#3786 = ORIENTED_EDGE( '', *, *, #5510, .F. );
#3787 = ORIENTED_EDGE( '', *, *, #5001, .T. );
#3788 = CARTESIAN_POINT( '', ( 0.000000000000000, 0.0990000000000000, 0.000000000000000 ) );
#3789 = DIRECTION( '', ( 0.000000000000000, 1.00000000000000, 0.000000000000000 ) );
#3790 = DIRECTION( '', ( 0.000000000000000, -0.000000000000000, 1.00000000000000 ) );
#3791 = SURFACE_STYLE_FILL_AREA( #5511 );
#3792 = ORIENTED_EDGE( '', *, *, #4858, .T. );
#3793 = ORIENTED_EDGE( '', *, *, #5512, .T. );
#3794 = ORIENTED_EDGE( '', *, *, #4912, .F. );
#3795 = ORIENTED_EDGE( '', *, *, #5497, .T. );
#3796 = CARTESIAN_POINT( '', ( -0.00799999999999999, 0.0990000000000000, -0.0325000000000000 ) );
#3797 = DIRECTION( '', ( 1.00000000000000, 0.000000000000000, -0.000000000000000 ) );
#3798 = DIRECTION( '', ( -0.000000000000000, 0.000000000000000, -1.00000000000000 ) );
#3799 = SURFACE_STYLE_FILL_AREA( #5513 );
#3800 = ORIENTED_EDGE( '', *, *, #5026, .F. );
#3801 = ORIENTED_EDGE( '', *, *, #4993, .F. );
#3802 = ORIENTED_EDGE( '', *, *, #5506, .T. );
#3803 = ORIENTED_EDGE( '', *, *, #5514, .T. );
#3804 = CARTESIAN_POINT( '', ( 0.108000000000000, 0.0990000000000000, -0.0165000000000000 ) );
#3805 = DIRECTION( '', ( -1.00000000000000, 0.000000000000000, 0.000000000000000 ) );
#3806 = DIRECTION( '', ( 0.000000000000000, 0.000000000000000, 1.00000000000000 ) );
#3807 = SURFACE_STYLE_FILL_AREA( #5515 );
#3808 = ORIENTED_EDGE( '', *, *, #5516, .T. );
#3809 = ORIENTED_EDGE( '', *, *, #4917, .T. );
#3810 = ORIENTED_EDGE( '', *, *, #5517, .T. );
#3811 = ORIENTED_EDGE( '', *, *, #5114, .T. );
#3812 = ORIENTED_EDGE( '', *, *, #5061, .T. );
#3813 = ORIENTED_EDGE( '', *, *, #5518, .T. );
#3814 = ORIENTED_EDGE( '', *, *, #5292, .T. );
#3815 = CARTESIAN_POINT( '', ( 0.0920000000000000, 0.0100000000000000, 0.500000000000000 ) );
#3816 = DIRECTION( '', ( 1.00000000000000, 0.000000000000000, -0.000000000000000 ) );
#3817 = DIRECTION( '', ( -0.000000000000000, 0.000000000000000, -1.00000000000000 ) );
#3818 = SURFACE_STYLE_FILL_AREA( #5519 );
#3819 = ORIENTED_EDGE( '', *, *, #4863, .T. );
#3820 = ORIENTED_EDGE( '', *, *, #5280, .T. );
#3821 = ORIENTED_EDGE( '', *, *, #5520, .T. );
#3822 = ORIENTED_EDGE( '', *, *, #5111, .T. );
#3823 = ORIENTED_EDGE( '', *, *, #5521, .T. );
#3824 = ORIENTED_EDGE( '', *, *, #5522, .T. );
#3825 = ORIENTED_EDGE( '', *, *, #4872, .T. );
#3826 = CARTESIAN_POINT( '', ( -0.0580000000000000, 0.0100000000000000, 0.500000000000000 ) );
#3827 = DIRECTION( '', ( 1.00000000000000, 0.000000000000000, -0.000000000000000 ) );
#3828 = DIRECTION( '', ( -0.000000000000000, 0.000000000000000, -1.00000000000000 ) );
#3829 = SURFACE_STYLE_FILL_AREA( #5523 );
#3830 = ORIENTED_EDGE( '', *, *, #5524, .F. );
#3831 = ORIENTED_EDGE( '', *, *, #5525, .F. );
#3832 = ORIENTED_EDGE( '', *, *, #5526, .F. );
#3833 = ORIENTED_EDGE( '', *, *, #5527, .F. );
#3834 = CARTESIAN_POINT( '', ( -0.000000000000000, 0.00500000000000000, -0.000000000000000 ) );
#3835 = DIRECTION( '', ( 0.000000000000000, -1.00000000000000, -0.000000000000000 ) );
#3836 = DIRECTION( '', ( 0.000000000000000, 0.000000000000000, -1.00000000000000 ) );
#3837 = SURFACE_STYLE_FILL_AREA( #5528 );
#3838 = ORIENTED_EDGE( '', *, *, #5040, .F. );
#3839 = ORIENTED_EDGE( '', *, *, #5529, .F. );
#3840 = ORIENTED_EDGE( '', *, *, #5530, .T. );
#3841 = ORIENTED_EDGE( '', *, *, #5531, .T. );
#3842 = CARTESIAN_POINT( '', ( 0.108000000000000, 0.210000000000000, -0.0329999999999980 ) );
#3843 = DIRECTION( '', ( -0.000000000000000, 0.000000000000000, -1.00000000000000 ) );
#3844 = DIRECTION( '', ( -1.00000000000000, 0.000000000000000, 0.000000000000000 ) );
#3845 = SURFACE_STYLE_FILL_AREA( #5532 );
#3846 = ORIENTED_EDGE( '', *, *, #5207, .F. );
#3847 = ORIENTED_EDGE( '', *, *, #5203, .F. );
#3848 = ORIENTED_EDGE( '', *, *, #5533, .F. );
#3849 = ORIENTED_EDGE( '', *, *, #4997, .F. );
#3850 = CARTESIAN_POINT( '', ( -0.000000000000000, 0.00500000000000000, -0.000000000000000 ) );
#3851 = DIRECTION( '', ( 0.000000000000000, -1.00000000000000, -0.000000000000000 ) );
#3852 = DIRECTION( '', ( 0.000000000000000, 0.000000000000000, -1.00000000000000 ) );
#3853 = SURFACE_STYLE_FILL_AREA( #5534 );
#3854 = ORIENTED_EDGE( '', *, *, #5517, .F. );
#3855 = ORIENTED_EDGE( '', *, *, #4920, .F. );
#3856 = ORIENTED_EDGE( '', *, *, #5535, .T. );
#3857 = ORIENTED_EDGE( '', *, *, #5115, .T. );
#3858 = CARTESIAN_POINT( '', ( 0.108000000000000, -0.0160000000000000, 0.0403238075793815 ) );
#3859 = DIRECTION( '', ( 0.000000000000000, -1.00000000000000, 0.000000000000000 ) );
#3860 = DIRECTION( '', ( 0.000000000000000, 0.000000000000000, -1.00000000000000 ) );
#3861 = SURFACE_STYLE_FILL_AREA( #5536 );
#3862 = ORIENTED_EDGE( '', *, *, #5537, .T. );
#3863 = ORIENTED_EDGE( '', *, *, #5524, .T. );
#3864 = ORIENTED_EDGE( '', *, *, #5538, .F. );
#3865 = ORIENTED_EDGE( '', *, *, #5493, .T. );
#3866 = CARTESIAN_POINT( '', ( -0.00799999999999999, 0.0990000000000000, 0.0175000000000000 ) );
#3867 = DIRECTION( '', ( 1.00000000000000, 0.000000000000000, -0.000000000000000 ) );
#3868 = DIRECTION( '', ( -0.000000000000000, 0.000000000000000, -1.00000000000000 ) );
#3869 = SURFACE_STYLE_FILL_AREA( #5539 );
#3870 = ORIENTED_EDGE( '', *, *, #5417, .F. );
#3871 = ORIENTED_EDGE( '', *, *, #5308, .F. );
#3872 = ORIENTED_EDGE( '', *, *, #5168, .F. );
#3873 = ORIENTED_EDGE( '', *, *, #5540, .T. );
#3874 = CARTESIAN_POINT( '', ( 0.108000000000000, 0.219000000000000, -0.0278038475772920 ) );
#3875 = DIRECTION( '', ( 0.000000000000000, 0.499999999999954, -0.866025403784465 ) );
#3876 = DIRECTION( '', ( 0.000000000000000, 0.866025403784465, 0.499999999999954 ) );
#3877 = SURFACE_STYLE_FILL_AREA( #5541 );
#3878 = ORIENTED_EDGE( '', *, *, #5542, .T. );
#3879 = ORIENTED_EDGE( '', *, *, #5525, .T. );
#3880 = ORIENTED_EDGE( '', *, *, #5537, .F. );
#3881 = ORIENTED_EDGE( '', *, *, #5496, .T. );
#3882 = CARTESIAN_POINT( '', ( -0.00799999999999999, 0.0990000000000000, 0.0335000000000000 ) );
#3883 = DIRECTION( '', ( 0.000000000000000, 0.000000000000000, -1.00000000000000 ) );
#3884 = DIRECTION( '', ( -1.00000000000000, 0.000000000000000, 0.000000000000000 ) );
#3885 = SURFACE_STYLE_FILL_AREA( #5543 );
#3886 = ORIENTED_EDGE( '', *, *, #5544, .F. );
#3887 = ORIENTED_EDGE( '', *, *, #5046, .T. );
#3888 = ORIENTED_EDGE( '', *, *, #5450, .F. );
#3889 = ORIENTED_EDGE( '', *, *, #5491, .T. );
#3890 = ORIENTED_EDGE( '', *, *, #5413, .T. );
#3891 = ORIENTED_EDGE( '', *, *, #5017, .F. );
#3892 = CARTESIAN_POINT( '', ( -0.0920000000000000, 0.0990000000000000, -0.0325000000000000 ) );
#3893 = DIRECTION( '', ( 0.000000000000000, 0.000000000000000, 1.00000000000000 ) );
#3894 = DIRECTION( '', ( 1.00000000000000, 0.000000000000000, -0.000000000000000 ) );
#3895 = SURFACE_STYLE_FILL_AREA( #5545 );
#3896 = ORIENTED_EDGE( '', *, *, #5512, .F. );
#3897 = ORIENTED_EDGE( '', *, *, #4857, .F. );
#3898 = ORIENTED_EDGE( '', *, *, #5346, .F. );
#3899 = ORIENTED_EDGE( '', *, *, #4913, .F. );
#3900 = CARTESIAN_POINT( '', ( -0.000000000000000, 0.00500000000000000, -0.000000000000000 ) );
#3901 = DIRECTION( '', ( 0.000000000000000, -1.00000000000000, -0.000000000000000 ) );
#3902 = DIRECTION( '', ( 0.000000000000000, 0.000000000000000, -1.00000000000000 ) );
#3903 = SURFACE_STYLE_FILL_AREA( #5546 );
#3904 = ORIENTED_EDGE( '', *, *, #5443, .F. );
#3905 = ORIENTED_EDGE( '', *, *, #5547, .T. );
#3906 = ORIENTED_EDGE( '', *, *, #5121, .F. );
#3907 = ORIENTED_EDGE( '', *, *, #5486, .F. );
#3908 = CARTESIAN_POINT( '', ( 0.108000000000000, 0.000000000000000, 0.115000000000000 ) );
#3909 = DIRECTION( '', ( 0.000000000000000, 1.00000000000000, 0.000000000000000 ) );
#3910 = DIRECTION( '', ( 0.000000000000000, -0.000000000000000, 1.00000000000000 ) );
#3911 = SURFACE_STYLE_FILL_AREA( #5548 );
#3912 = ORIENTED_EDGE( '', *, *, #5267, .T. );
#3913 = ORIENTED_EDGE( '', *, *, #5549, .T. );
#3914 = ORIENTED_EDGE( '', *, *, #5463, .F. );
#3915 = ORIENTED_EDGE( '', *, *, #5550, .T. );
#3916 = ORIENTED_EDGE( '', *, *, #5551, .T. );
#3917 = CARTESIAN_POINT( '', ( -0.00800000000000001, 0.210000000000000, 0.500000000000000 ) );
#3918 = DIRECTION( '', ( 1.00000000000000, 0.000000000000000, -0.000000000000000 ) );
#3919 = DIRECTION( '', ( -0.000000000000000, 0.000000000000000, -1.00000000000000 ) );
#3920 = SURFACE_STYLE_FILL_AREA( #5552 );
#3921 = ORIENTED_EDGE( '', *, *, #5553, .F. );
#3922 = ORIENTED_EDGE( '', *, *, #5213, .T. );
#3923 = ORIENTED_EDGE( '', *, *, #5554, .F. );
#3924 = ORIENTED_EDGE( '', *, *, #5080, .F. );
#3925 = CARTESIAN_POINT( '', ( 0.108000000000000, -0.0160000000000000, 0.115000000000000 ) );
#3926 = DIRECTION( '', ( 0.000000000000000, -0.000000000000000, 1.00000000000000 ) );
#3927 = DIRECTION( '', ( 1.00000000000000, 0.000000000000000, -0.000000000000000 ) );
#3928 = SURFACE_STYLE_FILL_AREA( #5555 );
#3929 = ORIENTED_EDGE( '', *, *, #5150, .T. );
#3930 = ORIENTED_EDGE( '', *, *, #5134, .T. );
#3931 = ORIENTED_EDGE( '', *, *, #5312, .T. );
#3932 = ORIENTED_EDGE( '', *, *, #4963, .T. );
#3933 = ORIENTED_EDGE( '', *, *, #5556, .T. );
#3934 = ORIENTED_EDGE( '', *, *, #5557, .T. );
#3935 = ORIENTED_EDGE( '', *, *, #5283, .F. );
#3936 = CARTESIAN_POINT( '', ( 0.00799999999999997, -0.444456055085140, 0.500000000000000 ) );
#3937 = DIRECTION( '', ( -1.00000000000000, 0.000000000000000, 0.000000000000000 ) );
#3938 = DIRECTION( '', ( 0.000000000000000, 0.000000000000000, 1.00000000000000 ) );
#3939 = SURFACE_STYLE_FILL_AREA( #5558 );
#3940 = ORIENTED_EDGE( '', *, *, #5035, .F. );
#3941 = ORIENTED_EDGE( '', *, *, #5391, .F. );
#3942 = ORIENTED_EDGE( '', *, *, #4987, .T. );
#3943 = ORIENTED_EDGE( '', *, *, #5355, .T. );
#3944 = CARTESIAN_POINT( '', ( -0.100000000000000, 0.00500000000000000, -0.100000000000000 ) );
#3945 = DIRECTION( '', ( 0.000000000000000, 0.000000000000000, -1.00000000000000 ) );
#3946 = DIRECTION( '', ( -1.00000000000000, 0.000000000000000, 0.000000000000000 ) );
#3947 = SURFACE_STYLE_FILL_AREA( #5559 );
#3948 = ORIENTED_EDGE( '', *, *, #5453, .F. );
#3949 = ORIENTED_EDGE( '', *, *, #5560, .F. );
#3950 = ORIENTED_EDGE( '', *, *, #5561, .F. );
#3951 = ORIENTED_EDGE( '', *, *, #5378, .F. );
#3952 = CARTESIAN_POINT( '', ( -0.000000000000000, 0.225000000000000, -0.000000000000000 ) );
#3953 = DIRECTION( '', ( 0.000000000000000, -1.00000000000000, -0.000000000000000 ) );
#3954 = DIRECTION( '', ( 0.000000000000000, 0.000000000000000, -1.00000000000000 ) );
#3955 = SURFACE_STYLE_FILL_AREA( #5562 );
#3956 = ORIENTED_EDGE( '', *, *, #5563, .F. );
#3957 = ORIENTED_EDGE( '', *, *, #5564, .F. );
#3958 = ORIENTED_EDGE( '', *, *, #4842, .F. );
#3959 = ORIENTED_EDGE( '', *, *, #5425, .F. );
#3960 = CARTESIAN_POINT( '', ( -0.000000000000000, 0.00500000000000000, -0.000000000000000 ) );
#3961 = DIRECTION( '', ( 0.000000000000000, -1.00000000000000, -0.000000000000000 ) );
#3962 = DIRECTION( '', ( 0.000000000000000, 0.000000000000000, -1.00000000000000 ) );
#3963 = SURFACE_STYLE_FILL_AREA( #5565 );
#3964 = ORIENTED_EDGE( '', *, *, #5480, .F. );
#3965 = ORIENTED_EDGE( '', *, *, #5271, .T. );
#3966 = ORIENTED_EDGE( '', *, *, #5566, .F. );
#3967 = ORIENTED_EDGE( '', *, *, #5175, .F. );
#3968 = CARTESIAN_POINT( '', ( 0.108000000000000, 0.0990000000000000, 0.0330000000000010 ) );
#3969 = DIRECTION( '', ( 0.000000000000000, -0.000000000000000, 1.00000000000000 ) );
#3970 = DIRECTION( '', ( 1.00000000000000, 0.000000000000000, -0.000000000000000 ) );
#3971 = SURFACE_STYLE_FILL_AREA( #5567 );
#3972 = ORIENTED_EDGE( '', *, *, #5371, .F. );
#3973 = ORIENTED_EDGE( '', *, *, #5319, .T. );
#3974 = ORIENTED_EDGE( '', *, *, #5124, .F. );
#3975 = ORIENTED_EDGE( '', *, *, #5097, .F. );
#3976 = CARTESIAN_POINT( '', ( 0.108000000000000, -0.0160000000000000, -0.115000000000000 ) );
#3977 = DIRECTION( '', ( 0.000000000000000, -1.00000000000000, 0.000000000000000 ) );
#3978 = DIRECTION( '', ( 0.000000000000000, 0.000000000000000, -1.00000000000000 ) );
#3979 = SURFACE_STYLE_FILL_AREA( #5568 );
#3980 = ORIENTED_EDGE( '', *, *, #5223, .T. );
#3981 = ORIENTED_EDGE( '', *, *, #5569, .F. );
#3982 = ORIENTED_EDGE( '', *, *, #5342, .F. );
#3983 = ORIENTED_EDGE( '', *, *, #5147, .T. );
#3984 = ORIENTED_EDGE( '', *, *, #5570, .T. );
#3985 = ORIENTED_EDGE( '', *, *, #5273, .T. );
#3986 = CARTESIAN_POINT( '', ( 0.125000000000000, 0.0745000000000000, 0.0675000000000020 ) );
#3987 = DIRECTION( '', ( 0.000000000000000, 1.00000000000000, 0.000000000000000 ) );
#3988 = DIRECTION( '', ( 0.000000000000000, -0.000000000000000, 1.00000000000000 ) );
#3989 = SURFACE_STYLE_FILL_AREA( #5571 );
#3990 = ORIENTED_EDGE( '', *, *, #5556, .F. );
#3991 = ORIENTED_EDGE( '', *, *, #4966, .T. );
#3992 = ORIENTED_EDGE( '', *, *, #5234, .F. );
#3993 = ORIENTED_EDGE( '', *, *, #5572, .F. );
#3994 = CARTESIAN_POINT( '', ( 0.108000000000000, 0.000000000000000, -0.0660000000000000 ) );
#3995 = DIRECTION( '', ( 0.000000000000000, 1.00000000000000, 0.000000000000000 ) );
#3996 = DIRECTION( '', ( 0.000000000000000, -0.000000000000000, 1.00000000000000 ) );
#3997 = SURFACE_STYLE_FILL_AREA( #5573 );
#3998 = ORIENTED_EDGE( '', *, *, #5395, .T. );
#3999 = ORIENTED_EDGE( '', *, *, #5400, .T. );
#4000 = ORIENTED_EDGE( '', *, *, #5081, .T. );
#4001 = ORIENTED_EDGE( '', *, *, #5554, .T. );
#4002 = ORIENTED_EDGE( '', *, *, #5212, .T. );
#4003 = ORIENTED_EDGE( '', *, *, #5574, .T. );
#4004 = ORIENTED_EDGE( '', *, *, #5296, .T. );
#4005 = CARTESIAN_POINT( '', ( 0.0420000000000000, 0.0100000000000000, 0.500000000000000 ) );
#4006 = DIRECTION( '', ( 1.00000000000000, 0.000000000000000, -0.000000000000000 ) );
#4007 = DIRECTION( '', ( -0.000000000000000, 0.000000000000000, -1.00000000000000 ) );
#4008 = SURFACE_STYLE_FILL_AREA( #5575 );
#4009 = ORIENTED_EDGE( '', *, *, #5576, .F. );
#4010 = ORIENTED_EDGE( '', *, *, #5287, .F. );
#4011 = ORIENTED_EDGE( '', *, *, #4938, .F. );
#4012 = ORIENTED_EDGE( '', *, *, #4878, .T. );
#4013 = ORIENTED_EDGE( '', *, *, #5577, .F. );
#4014 = ORIENTED_EDGE( '', *, *, #5284, .F. );
#4015 = ORIENTED_EDGE( '', *, *, #5557, .F. );
#4016 = ORIENTED_EDGE( '', *, *, #5572, .T. );
#4017 = ORIENTED_EDGE( '', *, *, #5233, .F. );
#4018 = ORIENTED_EDGE( '', *, *, #5282, .F. );
#4019 = ORIENTED_EDGE( '', *, *, #5578, .F. );
#4020 = ORIENTED_EDGE( '', *, *, #5112, .T. );
#4021 = ORIENTED_EDGE( '', *, *, #5520, .F. );
#4022 = ORIENTED_EDGE( '', *, *, #5279, .F. );
#4023 = ORIENTED_EDGE( '', *, *, #5372, .F. );
#4024 = ORIENTED_EDGE( '', *, *, #4900, .T. );
#4025 = ORIENTED_EDGE( '', *, *, #5123, .F. );
#4026 = ORIENTED_EDGE( '', *, *, #5579, .F. );
#4027 = ORIENTED_EDGE( '', *, *, #5580, .T. );
#4028 = ORIENTED_EDGE( '', *, *, #4893, .T. );
#4029 = CARTESIAN_POINT( '', ( 0.108000000000000, 0.0634194044623617, 0.000000000000000 ) );
#4030 = DIRECTION( '', ( 0.000000000000000, 0.721063009431587, -0.692869494514993 ) );
#4031 = DIRECTION( '', ( 0.000000000000000, 0.692869494514993, 0.721063009431587 ) );
#4032 = SURFACE_STYLE_FILL_AREA( #5581 );
#4033 = ORIENTED_EDGE( '', *, *, #5241, .F. );
#4034 = ORIENTED_EDGE( '', *, *, #5582, .F. );
#4035 = ORIENTED_EDGE( '', *, *, #5570, .F. );
#4036 = ORIENTED_EDGE( '', *, *, #5583, .T. );
#4037 = CARTESIAN_POINT( '', ( -0.100000000000000, 0.225000000000000, 0.0675000000000000 ) );
#4038 = DIRECTION( '', ( 0.000000000000000, 0.000000000000000, -1.00000000000000 ) );
#4039 = DIRECTION( '', ( -1.00000000000000, 0.000000000000000, 0.000000000000000 ) );
#4040 = SURFACE_STYLE_FILL_AREA( #5584 );
#4041 = ORIENTED_EDGE( '', *, *, #5242, .T. );
#4042 = ORIENTED_EDGE( '', *, *, #5585, .T. );
#4043 = ORIENTED_EDGE( '', *, *, #5027, .T. );
#4044 = ORIENTED_EDGE( '', *, *, #5344, .F. );
#4045 = CARTESIAN_POINT( '', ( -0.125000000000000, 0.0990000000000000, 0.0675000000000000 ) );
#4046 = DIRECTION( '', ( 0.000000000000000, 0.000000000000000, -1.00000000000000 ) );
#4047 = DIRECTION( '', ( -1.00000000000000, 0.000000000000000, 0.000000000000000 ) );
#4048 = SURFACE_STYLE_FILL_AREA( #5586 );
#4049 = ORIENTED_EDGE( '', *, *, #5222, .T. );
#4050 = ORIENTED_EDGE( '', *, *, #5244, .F. );
#4051 = ORIENTED_EDGE( '', *, *, #5343, .F. );
#4052 = ORIENTED_EDGE( '', *, *, #5569, .T. );
#4053 = CARTESIAN_POINT( '', ( 0.125000000000000, 0.0745000000000000, 0.0575000000000000 ) );
#4054 = DIRECTION( '', ( -0.000000000000000, 0.000000000000000, -1.00000000000000 ) );
#4055 = DIRECTION( '', ( -1.00000000000000, 0.000000000000000, 0.000000000000000 ) );
#4056 = SURFACE_STYLE_FILL_AREA( #5587 );
#4057 = ORIENTED_EDGE( '', *, *, #5409, .F. );
#4058 = ORIENTED_EDGE( '', *, *, #5385, .F. );
#4059 = ORIENTED_EDGE( '', *, *, #5322, .F. );
#4060 = ORIENTED_EDGE( '', *, *, #5439, .F. );
#4061 = CARTESIAN_POINT( '', ( -0.000000000000000, 0.00500000000000000, -0.000000000000000 ) );
#4062 = DIRECTION( '', ( 0.000000000000000, -1.00000000000000, -0.000000000000000 ) );
#4063 = DIRECTION( '', ( 0.000000000000000, 0.000000000000000, -1.00000000000000 ) );
#4064 = SURFACE_STYLE_FILL_AREA( #5588 );
#4065 = ORIENTED_EDGE( '', *, *, #5370, .F. );
#4066 = ORIENTED_EDGE( '', *, *, #5277, .T. );
#4067 = ORIENTED_EDGE( '', *, *, #5126, .F. );
#4068 = ORIENTED_EDGE( '', *, *, #5318, .F. );
#4069 = CARTESIAN_POINT( '', ( 0.108000000000000, -8.67361737988404E-18, -0.0170000000000000 ) );
#4070 = DIRECTION( '', ( 0.000000000000000, -0.000000000000000, 1.00000000000000 ) );
#4071 = DIRECTION( '', ( 1.00000000000000, 0.000000000000000, -0.000000000000000 ) );
#4072 = SURFACE_STYLE_FILL_AREA( #5589 );
#4073 = ORIENTED_EDGE( '', *, *, #5354, .T. );
#4074 = ORIENTED_EDGE( '', *, *, #5590, .F. );
#4075 = ORIENTED_EDGE( '', *, *, #5337, .T. );
#4076 = ORIENTED_EDGE( '', *, *, #5037, .T. );
#4077 = CARTESIAN_POINT( '', ( 0.125000000000000, 0.0990000000000000, -0.0675000000000000 ) );
#4078 = DIRECTION( '', ( 0.000000000000000, 0.000000000000000, 1.00000000000000 ) );
#4079 = DIRECTION( '', ( 1.00000000000000, 0.000000000000000, -0.000000000000000 ) );
#4080 = SURFACE_STYLE_FILL_AREA( #5591 );
#4081 = ORIENTED_EDGE( '', *, *, #5516, .F. );
#4082 = ORIENTED_EDGE( '', *, *, #5291, .F. );
#4083 = ORIENTED_EDGE( '', *, *, #5592, .T. );
#4084 = ORIENTED_EDGE( '', *, *, #4918, .T. );
#4085 = CARTESIAN_POINT( '', ( 0.108000000000000, 0.0100000000000000, 0.0170000000000000 ) );
#4086 = DIRECTION( '', ( -0.000000000000000, 0.000000000000000, -1.00000000000000 ) );
#4087 = DIRECTION( '', ( -1.00000000000000, 0.000000000000000, 0.000000000000000 ) );
#4088 = SURFACE_STYLE_FILL_AREA( #5593 );
#4089 = ORIENTED_EDGE( '', *, *, #5084, .F. );
#4090 = ORIENTED_EDGE( '', *, *, #5594, .F. );
#4091 = ORIENTED_EDGE( '', *, *, #5595, .F. );
#4092 = ORIENTED_EDGE( '', *, *, #5228, .T. );
#4093 = CARTESIAN_POINT( '', ( 0.108000000000000, 0.210000000000000, -0.0169999999999990 ) );
#4094 = DIRECTION( '', ( 0.000000000000000, 0.499999999999953, 0.866025403784466 ) );
#4095 = DIRECTION( '', ( 0.000000000000000, -0.866025403784466, 0.499999999999953 ) );
#4096 = SURFACE_STYLE_FILL_AREA( #5596 );
#4097 = ORIENTED_EDGE( '', *, *, #5597, .F. );
#4098 = ORIENTED_EDGE( '', *, *, #5188, .F. );
#4099 = ORIENTED_EDGE( '', *, *, #5363, .F. );
#4100 = ORIENTED_EDGE( '', *, *, #5598, .T. );
#4101 = CARTESIAN_POINT( '', ( 0.108000000000000, 0.0990000000000000, 0.0330000000000010 ) );
#4102 = DIRECTION( '', ( 0.000000000000000, -0.000000000000000, 1.00000000000000 ) );
#4103 = DIRECTION( '', ( 1.00000000000000, 0.000000000000000, -0.000000000000000 ) );
#4104 = SURFACE_STYLE_FILL_AREA( #5599 );
#4105 = ORIENTED_EDGE( '', *, *, #4903, .F. );
#4106 = ORIENTED_EDGE( '', *, *, #5025, .F. );
#4107 = ORIENTED_EDGE( '', *, *, #5514, .F. );
#4108 = ORIENTED_EDGE( '', *, *, #5505, .T. );
#4109 = ORIENTED_EDGE( '', *, *, #5600, .T. );
#4110 = ORIENTED_EDGE( '', *, *, #5601, .T. );
#4111 = CARTESIAN_POINT( '', ( 0.108000000000000, 0.0990000000000000, -0.0325000000000000 ) );
#4112 = DIRECTION( '', ( 0.000000000000000, 0.000000000000000, 1.00000000000000 ) );
#4113 = DIRECTION( '', ( 1.00000000000000, 0.000000000000000, -0.000000000000000 ) );
#4114 = SURFACE_STYLE_FILL_AREA( #5602 );
#4115 = ORIENTED_EDGE( '', *, *, #5603, .T. );
#4116 = ORIENTED_EDGE( '', *, *, #5526, .T. );
#4117 = ORIENTED_EDGE( '', *, *, #5542, .F. );
#4118 = ORIENTED_EDGE( '', *, *, #5495, .T. );
#4119 = CARTESIAN_POINT( '', ( 0.00800000000000001, 0.0990000000000000, 0.0335000000000000 ) );
#4120 = DIRECTION( '', ( -1.00000000000000, 0.000000000000000, 0.000000000000000 ) );
#4121 = DIRECTION( '', ( 0.000000000000000, 0.000000000000000, 1.00000000000000 ) );
#4122 = SURFACE_STYLE_FILL_AREA( #5604 );
#4123 = ORIENTED_EDGE( '', *, *, #5605, .F. );
#4124 = ORIENTED_EDGE( '', *, *, #5407, .F. );
#4125 = ORIENTED_EDGE( '', *, *, #5362, .F. );
#4126 = ORIENTED_EDGE( '', *, *, #5471, .T. );
#4127 = CARTESIAN_POINT( '', ( 0.108000000000000, 0.210000000000000, 0.0170000000000010 ) );
#4128 = DIRECTION( '', ( -0.000000000000000, 0.000000000000000, -1.00000000000000 ) );
#4129 = DIRECTION( '', ( -1.00000000000000, 0.000000000000000, 0.000000000000000 ) );
#4130 = SURFACE_STYLE_FILL_AREA( #5606 );
#4131 = ORIENTED_EDGE( '', *, *, #4960, .T. );
#4132 = ORIENTED_EDGE( '', *, *, #5265, .T. );
#4133 = ORIENTED_EDGE( '', *, *, #4866, .F. );
#4134 = ORIENTED_EDGE( '', *, *, #5501, .T. );
#4135 = CARTESIAN_POINT( '', ( 0.0580000000000000, 0.0990000000000000, -0.0165000000000000 ) );
#4136 = DIRECTION( '', ( -1.00000000000000, 0.000000000000000, 0.000000000000000 ) );
#4137 = DIRECTION( '', ( 0.000000000000000, 0.000000000000000, 1.00000000000000 ) );
#4138 = SURFACE_STYLE_FILL_AREA( #5607 );
#4139 = ORIENTED_EDGE( '', *, *, #4998, .T. );
#4140 = ORIENTED_EDGE( '', *, *, #5533, .T. );
#4141 = ORIENTED_EDGE( '', *, *, #5202, .F. );
#4142 = ORIENTED_EDGE( '', *, *, #5492, .T. );
#4143 = CARTESIAN_POINT( '', ( -0.0420000000000000, 0.0990000000000000, -0.0165000000000000 ) );
#4144 = DIRECTION( '', ( -1.00000000000000, 0.000000000000000, 0.000000000000000 ) );
#4145 = DIRECTION( '', ( 0.000000000000000, 0.000000000000000, 1.00000000000000 ) );
#4146 = SURFACE_STYLE_FILL_AREA( #5608 );
#4147 = ORIENTED_EDGE( '', *, *, #4843, .T. );
#4148 = ORIENTED_EDGE( '', *, *, #5564, .T. );
#4149 = ORIENTED_EDGE( '', *, *, #5609, .F. );
#4150 = ORIENTED_EDGE( '', *, *, #5499, .T. );
#4151 = CARTESIAN_POINT( '', ( 0.0420000000000000, 0.0990000000000000, 0.0335000000000000 ) );
#4152 = DIRECTION( '', ( 0.000000000000000, 0.000000000000000, -1.00000000000000 ) );
#4153 = DIRECTION( '', ( -1.00000000000000, 0.000000000000000, 0.000000000000000 ) );
#4154 = SURFACE_STYLE_FILL_AREA( #5610 );
#4155 = ORIENTED_EDGE( '', *, *, #5611, .F. );
#4156 = ORIENTED_EDGE( '', *, *, #4835, .F. );
#4157 = ORIENTED_EDGE( '', *, *, #5612, .F. );
#4158 = ORIENTED_EDGE( '', *, *, #5613, .F. );
#4159 = CARTESIAN_POINT( '', ( -0.000000000000000, 0.225000000000000, -0.000000000000000 ) );
#4160 = DIRECTION( '', ( 0.000000000000000, -1.00000000000000, -0.000000000000000 ) );
#4161 = DIRECTION( '', ( 0.000000000000000, 0.000000000000000, -1.00000000000000 ) );
#4162 = SURFACE_STYLE_FILL_AREA( #5614 );
#4163 = ORIENTED_EDGE( '', *, *, #5615, .F. );
#4164 = ORIENTED_EDGE( '', *, *, #5616, .F. );
#4165 = ORIENTED_EDGE( '', *, *, #5382, .F. );
#4166 = ORIENTED_EDGE( '', *, *, #5617, .T. );
#4167 = CARTESIAN_POINT( '', ( 0.108000000000000, 0.219000000000000, 0.0221961524227080 ) );
#4168 = DIRECTION( '', ( 0.000000000000000, 0.500000000000025, -0.866025403784424 ) );
#4169 = DIRECTION( '', ( 0.000000000000000, 0.866025403784424, 0.500000000000025 ) );
#4170 = SURFACE_STYLE_FILL_AREA( #5618 );
#4171 = ORIENTED_EDGE( '', *, *, #5176, .T. );
#4172 = ORIENTED_EDGE( '', *, *, #5566, .T. );
#4173 = ORIENTED_EDGE( '', *, *, #5315, .T. );
#4174 = ORIENTED_EDGE( '', *, *, #5351, .T. );
#4175 = ORIENTED_EDGE( '', *, *, #5468, .T. );
#4176 = ORIENTED_EDGE( '', *, *, #5421, .T. );
#4177 = ORIENTED_EDGE( '', *, *, #5418, .T. );
#4178 = ORIENTED_EDGE( '', *, *, #5619, .T. );
#4179 = ORIENTED_EDGE( '', *, *, #5620, .T. );
#4180 = CARTESIAN_POINT( '', ( -0.108000000000000, -0.000000000000000, -0.000000000000000 ) );
#4181 = DIRECTION( '', ( 1.00000000000000, 0.000000000000000, 0.000000000000000 ) );
#4182 = DIRECTION( '', ( 0.000000000000000, 0.000000000000000, -1.00000000000000 ) );
#4183 = SURFACE_STYLE_FILL_AREA( #5621 );
#4184 = ORIENTED_EDGE( '', *, *, #5550, .F. );
#4185 = ORIENTED_EDGE( '', *, *, #5462, .F. );
#4186 = ORIENTED_EDGE( '', *, *, #4831, .F. );
#4187 = ORIENTED_EDGE( '', *, *, #4974, .T. );
#4188 = CARTESIAN_POINT( '', ( 0.108000000000000, 0.0890000000000000, -0.0169999999999990 ) );
#4189 = DIRECTION( '', ( 0.000000000000000, -1.76384813640513E-17, 1.00000000000000 ) );
#4190 = DIRECTION( '', ( 0.000000000000000, -1.00000000000000, -1.76384813640513E-17 ) );
#4191 = SURFACE_STYLE_FILL_AREA( #5622 );
#4192 = ORIENTED_EDGE( '', *, *, #5238, .T. );
#4193 = ORIENTED_EDGE( '', *, *, #5623, .T. );
#4194 = ORIENTED_EDGE( '', *, *, #5019, .F. );
#4195 = ORIENTED_EDGE( '', *, *, #4941, .T. );
#4196 = CARTESIAN_POINT( '', ( -0.100000000000000, 0.00500000000000000, 0.100000000000000 ) );
#4197 = DIRECTION( '', ( -1.00000000000000, 0.000000000000000, 0.000000000000000 ) );
#4198 = DIRECTION( '', ( 0.000000000000000, 0.000000000000000, 1.00000000000000 ) );
#4199 = SURFACE_STYLE_FILL_AREA( #5624 );
#4200 = ORIENTED_EDGE( '', *, *, #5625, .T. );
#4201 = ORIENTED_EDGE( '', *, *, #5626, .T. );
#4202 = ORIENTED_EDGE( '', *, *, #5613, .T. );
#4203 = ORIENTED_EDGE( '', *, *, #5627, .T. );
#4204 = ORIENTED_EDGE( '', *, *, #5029, .F. );
#4205 = ORIENTED_EDGE( '', *, *, #5628, .F. );
#4206 = ORIENTED_EDGE( '', *, *, #5560, .T. );
#4207 = ORIENTED_EDGE( '', *, *, #5454, .T. );
#4208 = ORIENTED_EDGE( '', *, *, #4956, .T. );
#4209 = ORIENTED_EDGE( '', *, *, #5508, .T. );
#4210 = CARTESIAN_POINT( '', ( 0.0999999999999990, 0.00500000000000000, 0.100000000000000 ) );
#4211 = DIRECTION( '', ( 0.000000000000000, 0.000000000000000, 1.00000000000000 ) );
#4212 = DIRECTION( '', ( 1.00000000000000, 0.000000000000000, -0.000000000000000 ) );
#4213 = SURFACE_STYLE_FILL_AREA( #5629 );
#4214 = ORIENTED_EDGE( '', *, *, #5630, .T. );
#4215 = ORIENTED_EDGE( '', *, *, #5431, .F. );
#4216 = ORIENTED_EDGE( '', *, *, #5437, .T. );
#4217 = ORIENTED_EDGE( '', *, *, #5460, .T. );
#4218 = ORIENTED_EDGE( '', *, *, #5631, .T. );
#4219 = CARTESIAN_POINT( '', ( 0.0580000000000000, 0.0890000000000000, 0.500000000000000 ) );
#4220 = DIRECTION( '', ( -1.00000000000000, 0.000000000000000, 0.000000000000000 ) );
#4221 = DIRECTION( '', ( 0.000000000000000, 0.000000000000000, 1.00000000000000 ) );
#4222 = SURFACE_STYLE_FILL_AREA( #5632 );
#4223 = ORIENTED_EDGE( '', *, *, #5476, .F. );
#4224 = ORIENTED_EDGE( '', *, *, #5633, .F. );
#4225 = ORIENTED_EDGE( '', *, *, #5381, .F. );
#4226 = ORIENTED_EDGE( '', *, *, #5634, .F. );
#4227 = ORIENTED_EDGE( '', *, *, #5178, .F. );
#4228 = ORIENTED_EDGE( '', *, *, #5635, .F. );
#4229 = ORIENTED_EDGE( '', *, *, #5530, .F. );
#4230 = ORIENTED_EDGE( '', *, *, #5636, .F. );
#4231 = ORIENTED_EDGE( '', *, *, #5637, .F. );
#4232 = CARTESIAN_POINT( '', ( 0.108000000000000, -0.000000000000000, -0.000000000000000 ) );
#4233 = DIRECTION( '', ( 1.00000000000000, 0.000000000000000, 0.000000000000000 ) );
#4234 = DIRECTION( '', ( 0.000000000000000, 0.000000000000000, -1.00000000000000 ) );
#4235 = SURFACE_STYLE_FILL_AREA( #5638 );
#4236 = ORIENTED_EDGE( '', *, *, #5639, .T. );
#4237 = ORIENTED_EDGE( '', *, *, #5640, .T. );
#4238 = ORIENTED_EDGE( '', *, *, #5405, .T. );
#4239 = ORIENTED_EDGE( '', *, *, #5641, .F. );
#4240 = CARTESIAN_POINT( '', ( -0.0528038475772900, 0.219000000000000, 0.500000000000000 ) );
#4241 = DIRECTION( '', ( 0.866025403784299, -0.500000000000242, 0.000000000000000 ) );
#4242 = DIRECTION( '', ( 0.500000000000242, 0.866025403784299, 0.000000000000000 ) );
#4243 = SURFACE_STYLE_FILL_AREA( #5642 );
#4244 = ORIENTED_EDGE( '', *, *, #5314, .F. );
#4245 = ORIENTED_EDGE( '', *, *, #4951, .F. );
#4246 = ORIENTED_EDGE( '', *, *, #5073, .F. );
#4247 = ORIENTED_EDGE( '', *, *, #5352, .T. );
#4248 = CARTESIAN_POINT( '', ( 0.108000000000000, 0.219000000000000, 0.0221961524227080 ) );
#4249 = DIRECTION( '', ( 0.000000000000000, 0.500000000000025, -0.866025403784424 ) );
#4250 = DIRECTION( '', ( 0.000000000000000, 0.866025403784424, 0.500000000000025 ) );
#4251 = SURFACE_STYLE_FILL_AREA( #5643 );
#4252 = ORIENTED_EDGE( '', *, *, #5416, .F. );
#4253 = ORIENTED_EDGE( '', *, *, #5420, .F. );
#4254 = ORIENTED_EDGE( '', *, *, #5166, .F. );
#4255 = ORIENTED_EDGE( '', *, *, #5307, .T. );
#4256 = CARTESIAN_POINT( '', ( 0.108000000000000, 0.210000000000000, -0.0169999999999990 ) );
#4257 = DIRECTION( '', ( 0.000000000000000, 0.499999999999953, 0.866025403784466 ) );
#4258 = DIRECTION( '', ( 0.000000000000000, -0.866025403784466, 0.499999999999953 ) );
#4259 = SURFACE_STYLE_FILL_AREA( #5644 );
#4260 = ORIENTED_EDGE( '', *, *, #4861, .T. );
#4261 = ORIENTED_EDGE( '', *, *, #4871, .T. );
#4262 = ORIENTED_EDGE( '', *, *, #5645, .T. );
#4263 = ORIENTED_EDGE( '', *, *, #5646, .T. );
#4264 = ORIENTED_EDGE( '', *, *, #5109, .T. );
#4265 = ORIENTED_EDGE( '', *, *, #5578, .T. );
#4266 = ORIENTED_EDGE( '', *, *, #5281, .F. );
#4267 = CARTESIAN_POINT( '', ( -0.0420000000000000, -0.444456055085140, 0.500000000000000 ) );
#4268 = DIRECTION( '', ( -1.00000000000000, 0.000000000000000, 0.000000000000000 ) );
#4269 = DIRECTION( '', ( 0.000000000000000, 0.000000000000000, 1.00000000000000 ) );
#4270 = SURFACE_STYLE_FILL_AREA( #5647 );
#4271 = ORIENTED_EDGE( '', *, *, #5131, .F. );
#4272 = ORIENTED_EDGE( '', *, *, #5648, .F. );
#4273 = ORIENTED_EDGE( '', *, *, #5649, .F. );
#4274 = ORIENTED_EDGE( '', *, *, #5473, .T. );
#4275 = CARTESIAN_POINT( '', ( 0.108000000000000, 0.210000000000000, 0.0170000000000010 ) );
#4276 = DIRECTION( '', ( -0.000000000000000, 0.000000000000000, -1.00000000000000 ) );
#4277 = DIRECTION( '', ( -1.00000000000000, 0.000000000000000, 0.000000000000000 ) );
#4278 = SURFACE_STYLE_FILL_AREA( #5650 );
#4279 = ORIENTED_EDGE( '', *, *, #5518, .F. );
#4280 = ORIENTED_EDGE( '', *, *, #5064, .F. );
#4281 = ORIENTED_EDGE( '', *, *, #5651, .T. );
#4282 = ORIENTED_EDGE( '', *, *, #5579, .T. );
#4283 = ORIENTED_EDGE( '', *, *, #5122, .F. );
#4284 = ORIENTED_EDGE( '', *, *, #5547, .F. );
#4285 = ORIENTED_EDGE( '', *, *, #5442, .F. );
#4286 = ORIENTED_EDGE( '', *, *, #5301, .F. );
#4287 = ORIENTED_EDGE( '', *, *, #4926, .F. );
#4288 = ORIENTED_EDGE( '', *, *, #5330, .F. );
#4289 = ORIENTED_EDGE( '', *, *, #4887, .F. );
#4290 = ORIENTED_EDGE( '', *, *, #5299, .F. );
#4291 = ORIENTED_EDGE( '', *, *, #5249, .F. );
#4292 = ORIENTED_EDGE( '', *, *, #5368, .F. );
#4293 = ORIENTED_EDGE( '', *, *, #5326, .F. );
#4294 = ORIENTED_EDGE( '', *, *, #5297, .F. );
#4295 = ORIENTED_EDGE( '', *, *, #5574, .F. );
#4296 = ORIENTED_EDGE( '', *, *, #5211, .F. );
#4297 = ORIENTED_EDGE( '', *, *, #5652, .F. );
#4298 = ORIENTED_EDGE( '', *, *, #5293, .F. );
#4299 = CARTESIAN_POINT( '', ( 0.108000000000000, 0.000000000000000, 0.0660000000000000 ) );
#4300 = DIRECTION( '', ( 0.000000000000000, 0.721063009431587, 0.692869494514993 ) );
#4301 = DIRECTION( '', ( 0.000000000000000, -0.692869494514993, 0.721063009431587 ) );
#4302 = SURFACE_STYLE_FILL_AREA( #5653 );
#4303 = ORIENTED_EDGE( '', *, *, #5654, .F. );
#4304 = ORIENTED_EDGE( '', *, *, #4976, .F. );
#4305 = ORIENTED_EDGE( '', *, *, #5478, .T. );
#4306 = ORIENTED_EDGE( '', *, *, #4908, .T. );
#4307 = CARTESIAN_POINT( '', ( 0.108000000000000, 0.219000000000000, -0.0221961524227050 ) );
#4308 = DIRECTION( '', ( 0.000000000000000, 1.00000000000000, 0.000000000000000 ) );
#4309 = DIRECTION( '', ( 0.000000000000000, -0.000000000000000, 1.00000000000000 ) );
#4310 = SURFACE_STYLE_FILL_AREA( #5655 );
#4311 = ORIENTED_EDGE( '', *, *, #5164, .F. );
#4312 = ORIENTED_EDGE( '', *, *, #5310, .F. );
#4313 = ORIENTED_EDGE( '', *, *, #4970, .F. );
#4314 = ORIENTED_EDGE( '', *, *, #5648, .T. );
#4315 = CARTESIAN_POINT( '', ( 0.108000000000000, 0.219000000000000, 0.0221961524227080 ) );
#4316 = DIRECTION( '', ( 0.000000000000000, 0.500000000000025, -0.866025403784424 ) );
#4317 = DIRECTION( '', ( 0.000000000000000, 0.866025403784424, 0.500000000000025 ) );
#4318 = SURFACE_STYLE_FILL_AREA( #5656 );
#4319 = ORIENTED_EDGE( '', *, *, #5021, .F. );
#4320 = ORIENTED_EDGE( '', *, *, #5657, .F. );
#4321 = ORIENTED_EDGE( '', *, *, #5488, .T. );
#4322 = ORIENTED_EDGE( '', *, *, #4943, .T. );
#4323 = CARTESIAN_POINT( '', ( -0.108000000000000, 0.0990000000000000, 0.0175000000000000 ) );
#4324 = DIRECTION( '', ( 1.00000000000000, 0.000000000000000, -0.000000000000000 ) );
#4325 = DIRECTION( '', ( -0.000000000000000, 0.000000000000000, -1.00000000000000 ) );
#4326 = SURFACE_STYLE_FILL_AREA( #5658 );
#4327 = ORIENTED_EDGE( '', *, *, #5659, .T. );
#4328 = ORIENTED_EDGE( '', *, *, #4836, .F. );
#4329 = ORIENTED_EDGE( '', *, *, #5611, .T. );
#4330 = ORIENTED_EDGE( '', *, *, #5626, .F. );
#4331 = CARTESIAN_POINT( '', ( -0.0525000000000000, 0.225000000000000, 0.292500000000000 ) );
#4332 = DIRECTION( '', ( 0.894427190999916, 0.447213595499958, -0.000000000000000 ) );
#4333 = DIRECTION( '', ( -0.447213595499958, 0.894427190999916, 0.000000000000000 ) );
#4334 = SURFACE_STYLE_FILL_AREA( #5660 );
#4335 = ORIENTED_EDGE( '', *, *, #5332, .F. );
#4336 = ORIENTED_EDGE( '', *, *, #5184, .F. );
#4337 = ORIENTED_EDGE( '', *, *, #5161, .F. );
#4338 = ORIENTED_EDGE( '', *, *, #5007, .T. );
#4339 = CARTESIAN_POINT( '', ( 0.108000000000000, 0.0990000000000000, 0.0330000000000010 ) );
#4340 = DIRECTION( '', ( 0.000000000000000, -0.000000000000000, 1.00000000000000 ) );
#4341 = DIRECTION( '', ( 1.00000000000000, 0.000000000000000, -0.000000000000000 ) );
#4342 = SURFACE_STYLE_FILL_AREA( #5661 );
#4343 = ORIENTED_EDGE( '', *, *, #5662, .F. );
#4344 = ORIENTED_EDGE( '', *, *, #5465, .F. );
#4345 = ORIENTED_EDGE( '', *, *, #5141, .F. );
#4346 = ORIENTED_EDGE( '', *, *, #5663, .T. );
#4347 = CARTESIAN_POINT( '', ( 0.108000000000000, 0.0890000000000000, -0.0169999999999990 ) );
#4348 = DIRECTION( '', ( 0.000000000000000, -1.76384813640513E-17, 1.00000000000000 ) );
#4349 = DIRECTION( '', ( 0.000000000000000, -1.00000000000000, -1.76384813640513E-17 ) );
#4350 = SURFACE_STYLE_FILL_AREA( #5664 );
#4351 = ORIENTED_EDGE( '', *, *, #4991, .T. );
#4352 = ORIENTED_EDGE( '', *, *, #5665, .T. );
#4353 = ORIENTED_EDGE( '', *, *, #5600, .F. );
#4354 = ORIENTED_EDGE( '', *, *, #5504, .T. );
#4355 = CARTESIAN_POINT( '', ( 0.0920000000000000, 0.0990000000000000, -0.0325000000000000 ) );
#4356 = DIRECTION( '', ( 1.00000000000000, 0.000000000000000, -0.000000000000000 ) );
#4357 = DIRECTION( '', ( -0.000000000000000, 0.000000000000000, -1.00000000000000 ) );
#4358 = SURFACE_STYLE_FILL_AREA( #5666 );
#4359 = ORIENTED_EDGE( '', *, *, #4868, .T. );
#4360 = ORIENTED_EDGE( '', *, *, #5264, .T. );
#4361 = ORIENTED_EDGE( '', *, *, #4958, .F. );
#4362 = ORIENTED_EDGE( '', *, *, #5500, .T. );
#4363 = CARTESIAN_POINT( '', ( 0.0420000000000000, 0.0990000000000000, -0.0325000000000000 ) );
#4364 = DIRECTION( '', ( 1.00000000000000, 0.000000000000000, -0.000000000000000 ) );
#4365 = DIRECTION( '', ( -0.000000000000000, 0.000000000000000, -1.00000000000000 ) );
#4366 = SURFACE_STYLE_FILL_AREA( #5667 );
#4367 = ORIENTED_EDGE( '', *, *, #5393, .T. );
#4368 = ORIENTED_EDGE( '', *, *, #5294, .F. );
#4369 = ORIENTED_EDGE( '', *, *, #5652, .T. );
#4370 = ORIENTED_EDGE( '', *, *, #5210, .T. );
#4371 = ORIENTED_EDGE( '', *, *, #5553, .T. );
#4372 = ORIENTED_EDGE( '', *, *, #5079, .T. );
#4373 = ORIENTED_EDGE( '', *, *, #5399, .T. );
#4374 = CARTESIAN_POINT( '', ( 0.0580000000000000, -0.444456055085140, 0.500000000000000 ) );
#4375 = DIRECTION( '', ( -1.00000000000000, 0.000000000000000, 0.000000000000000 ) );
#4376 = DIRECTION( '', ( 0.000000000000000, 0.000000000000000, 1.00000000000000 ) );
#4377 = SURFACE_STYLE_FILL_AREA( #5668 );
#4378 = ORIENTED_EDGE( '', *, *, #5580, .F. );
#4379 = ORIENTED_EDGE( '', *, *, #5651, .F. );
#4380 = ORIENTED_EDGE( '', *, *, #5063, .F. );
#4381 = ORIENTED_EDGE( '', *, *, #5116, .F. );
#4382 = ORIENTED_EDGE( '', *, *, #5535, .F. );
#4383 = ORIENTED_EDGE( '', *, *, #4919, .F. );
#4384 = ORIENTED_EDGE( '', *, *, #5592, .F. );
#4385 = ORIENTED_EDGE( '', *, *, #5290, .F. );
#4386 = ORIENTED_EDGE( '', *, *, #5669, .F. );
#4387 = ORIENTED_EDGE( '', *, *, #4848, .F. );
#4388 = ORIENTED_EDGE( '', *, *, #5670, .F. );
#4389 = ORIENTED_EDGE( '', *, *, #5671, .F. );
#4390 = ORIENTED_EDGE( '', *, *, #4894, .F. );
#4391 = CARTESIAN_POINT( '', ( 0.108000000000000, 0.00900000000000050, -0.0403238075793815 ) );
#4392 = DIRECTION( '', ( -1.00000000000000, 0.000000000000000, 0.000000000000000 ) );
#4393 = DIRECTION( '', ( 0.000000000000000, 0.000000000000000, 1.00000000000000 ) );
#4394 = SURFACE_STYLE_FILL_AREA( #5672 );
#4395 = ORIENTED_EDGE( '', *, *, #5181, .T. );
#4396 = ORIENTED_EDGE( '', *, *, #5474, .T. );
#4397 = ORIENTED_EDGE( '', *, *, #5649, .T. );
#4398 = ORIENTED_EDGE( '', *, *, #4969, .F. );
#4399 = ORIENTED_EDGE( '', *, *, #5456, .T. );
#4400 = CARTESIAN_POINT( '', ( 0.0580000000000000, 0.0890000000000000, 0.500000000000000 ) );
#4401 = DIRECTION( '', ( -1.00000000000000, 0.000000000000000, 0.000000000000000 ) );
#4402 = DIRECTION( '', ( 0.000000000000000, 0.000000000000000, 1.00000000000000 ) );
#4403 = SURFACE_STYLE_FILL_AREA( #5673 );
#4404 = ORIENTED_EDGE( '', *, *, #5100, .F. );
#4405 = ORIENTED_EDGE( '', *, *, #5059, .F. );
#4406 = ORIENTED_EDGE( '', *, *, #5433, .T. );
#4407 = ORIENTED_EDGE( '', *, *, #5674, .T. );
#4408 = CARTESIAN_POINT( '', ( 0.108000000000000, 0.219000000000000, -0.0221961524227050 ) );
#4409 = DIRECTION( '', ( 0.000000000000000, 1.00000000000000, 0.000000000000000 ) );
#4410 = DIRECTION( '', ( 0.000000000000000, -0.000000000000000, 1.00000000000000 ) );
#4411 = SURFACE_STYLE_FILL_AREA( #5675 );
#4412 = ORIENTED_EDGE( '', *, *, #5192, .F. );
#4413 = ORIENTED_EDGE( '', *, *, #5676, .T. );
#4414 = ORIENTED_EDGE( '', *, *, #5619, .F. );
#4415 = ORIENTED_EDGE( '', *, *, #5540, .F. );
#4416 = CARTESIAN_POINT( '', ( 0.108000000000000, 0.210000000000000, -0.0329999999999980 ) );
#4417 = DIRECTION( '', ( -0.000000000000000, 0.000000000000000, -1.00000000000000 ) );
#4418 = DIRECTION( '', ( -1.00000000000000, 0.000000000000000, 0.000000000000000 ) );
#4419 = SURFACE_STYLE_FILL_AREA( #5677 );
#4420 = ORIENTED_EDGE( '', *, *, #5446, .F. );
#4421 = ORIENTED_EDGE( '', *, *, #5678, .F. );
#4422 = ORIENTED_EDGE( '', *, *, #5630, .F. );
#4423 = ORIENTED_EDGE( '', *, *, #5679, .T. );
#4424 = CARTESIAN_POINT( '', ( 0.108000000000000, 0.210000000000000, -0.0329999999999980 ) );
#4425 = DIRECTION( '', ( -0.000000000000000, 0.000000000000000, -1.00000000000000 ) );
#4426 = DIRECTION( '', ( -1.00000000000000, 0.000000000000000, 0.000000000000000 ) );
#4427 = SURFACE_STYLE_FILL_AREA( #5680 );
#4428 = ORIENTED_EDGE( '', *, *, #5585, .F. );
#4429 = ORIENTED_EDGE( '', *, *, #5583, .F. );
#4430 = ORIENTED_EDGE( '', *, *, #5146, .F. );
#4431 = ORIENTED_EDGE( '', *, *, #5379, .F. );
#4432 = ORIENTED_EDGE( '', *, *, #5561, .T. );
#4433 = ORIENTED_EDGE( '', *, *, #5628, .T. );
#4434 = ORIENTED_EDGE( '', *, *, #5028, .F. );
#4435 = CARTESIAN_POINT( '', ( 0.100000000000005, 0.00500000000000000, -0.100000000000000 ) );
#4436 = DIRECTION( '', ( 1.00000000000000, 0.000000000000000, 3.08186601785250E-14 ) );
#4437 = DIRECTION( '', ( 3.08186601785250E-14, 0.000000000000000, -1.00000000000000 ) );
#4438 = SURFACE_STYLE_FILL_AREA( #5681 );
#4439 = ORIENTED_EDGE( '', *, *, #5052, .T. );
#4440 = ORIENTED_EDGE( '', *, *, #5255, .T. );
#4441 = ORIENTED_EDGE( '', *, *, #4821, .F. );
#4442 = ORIENTED_EDGE( '', *, *, #5502, .T. );
#4443 = CARTESIAN_POINT( '', ( 0.0920000000000000, 0.0990000000000000, 0.0175000000000000 ) );
#4444 = DIRECTION( '', ( 1.00000000000000, 0.000000000000000, -0.000000000000000 ) );
#4445 = DIRECTION( '', ( -0.000000000000000, 0.000000000000000, -1.00000000000000 ) );
#4446 = SURFACE_STYLE_FILL_AREA( #5682 );
#4447 = ORIENTED_EDGE( '', *, *, #5683, .F. );
#4448 = ORIENTED_EDGE( '', *, *, #4895, .F. );
#4449 = ORIENTED_EDGE( '', *, *, #5671, .T. );
#4450 = ORIENTED_EDGE( '', *, *, #5684, .T. );
#4451 = CARTESIAN_POINT( '', ( 0.108000000000000, 0.000000000000000, -0.115000000000000 ) );
#4452 = DIRECTION( '', ( -0.000000000000000, 0.000000000000000, -1.00000000000000 ) );
#4453 = DIRECTION( '', ( -1.00000000000000, 0.000000000000000, 0.000000000000000 ) );
#4454 = SURFACE_STYLE_FILL_AREA( #5685 );
#4455 = ORIENTED_EDGE( '', *, *, #5092, .F. );
#4456 = ORIENTED_EDGE( '', *, *, #5030, .F. );
#4457 = ORIENTED_EDGE( '', *, *, #5627, .F. );
#4458 = ORIENTED_EDGE( '', *, *, #5612, .T. );
#4459 = ORIENTED_EDGE( '', *, *, #4839, .T. );
#4460 = ORIENTED_EDGE( '', *, *, #5274, .T. );
#4461 = ORIENTED_EDGE( '', *, *, #5582, .T. );
#4462 = CARTESIAN_POINT( '', ( -0.100000000000000, 0.00500000000000000, 0.100000000000000 ) );
#4463 = DIRECTION( '', ( -1.00000000000000, 0.000000000000000, 0.000000000000000 ) );
#4464 = DIRECTION( '', ( 0.000000000000000, 0.000000000000000, 1.00000000000000 ) );
#4465 = SURFACE_STYLE_FILL_AREA( #5686 );
#4466 = ORIENTED_EDGE( '', *, *, #5403, .F. );
#4467 = ORIENTED_EDGE( '', *, *, #5687, .F. );
#4468 = ORIENTED_EDGE( '', *, *, #4882, .F. );
#4469 = ORIENTED_EDGE( '', *, *, #5688, .T. );
#4470 = CARTESIAN_POINT( '', ( 0.108000000000000, 0.219000000000000, 0.0221961524227080 ) );
#4471 = DIRECTION( '', ( 0.000000000000000, 0.500000000000025, -0.866025403784424 ) );
#4472 = DIRECTION( '', ( 0.000000000000000, 0.866025403784424, 0.500000000000025 ) );
#4473 = SURFACE_STYLE_FILL_AREA( #5689 );
#4474 = ORIENTED_EDGE( '', *, *, #5690, .F. );
#4475 = ORIENTED_EDGE( '', *, *, #4849, .F. );
#4476 = ORIENTED_EDGE( '', *, *, #5669, .T. );
#4477 = ORIENTED_EDGE( '', *, *, #5289, .T. );
#4478 = CARTESIAN_POINT( '', ( 0.108000000000000, -8.67361737988404E-18, -0.0170000000000000 ) );
#4479 = DIRECTION( '', ( 0.000000000000000, -0.000000000000000, 1.00000000000000 ) );
#4480 = DIRECTION( '', ( 1.00000000000000, 0.000000000000000, -0.000000000000000 ) );
#4481 = SURFACE_STYLE_FILL_AREA( #5691 );
#4482 = ORIENTED_EDGE( '', *, *, #5692, .F. );
#4483 = ORIENTED_EDGE( '', *, *, #5218, .F. );
#4484 = ORIENTED_EDGE( '', *, *, #5383, .T. );
#4485 = ORIENTED_EDGE( '', *, *, #5616, .T. );
#4486 = CARTESIAN_POINT( '', ( 0.108000000000000, 0.219000000000000, 0.0278038475772950 ) );
#4487 = DIRECTION( '', ( 0.000000000000000, 1.00000000000000, 0.000000000000000 ) );
#4488 = DIRECTION( '', ( 0.000000000000000, -0.000000000000000, 1.00000000000000 ) );
#4489 = SURFACE_STYLE_FILL_AREA( #5693 );
#4490 = ORIENTED_EDGE( '', *, *, #5334, .F. );
#4491 = ORIENTED_EDGE( '', *, *, #5688, .F. );
#4492 = ORIENTED_EDGE( '', *, *, #5160, .F. );
#4493 = ORIENTED_EDGE( '', *, *, #5472, .T. );
#4494 = CARTESIAN_POINT( '', ( 0.108000000000000, 0.210000000000000, 0.0170000000000010 ) );
#4495 = DIRECTION( '', ( -0.000000000000000, 0.000000000000000, -1.00000000000000 ) );
#4496 = DIRECTION( '', ( -1.00000000000000, 0.000000000000000, 0.000000000000000 ) );
#4497 = SURFACE_STYLE_FILL_AREA( #5694 );
#4498 = ORIENTED_EDGE( '', *, *, #5645, .F. );
#4499 = ORIENTED_EDGE( '', *, *, #4873, .T. );
#4500 = ORIENTED_EDGE( '', *, *, #5522, .F. );
#4501 = ORIENTED_EDGE( '', *, *, #5695, .F. );
#4502 = CARTESIAN_POINT( '', ( 0.108000000000000, -0.0160000000000000, -0.115000000000000 ) );
#4503 = DIRECTION( '', ( 0.000000000000000, -1.00000000000000, 0.000000000000000 ) );
#4504 = DIRECTION( '', ( 0.000000000000000, 0.000000000000000, -1.00000000000000 ) );
#4505 = SURFACE_STYLE_FILL_AREA( #5696 );
#4506 = ORIENTED_EDGE( '', *, *, #5013, .F. );
#4507 = ORIENTED_EDGE( '', *, *, #5617, .F. );
#4508 = ORIENTED_EDGE( '', *, *, #5633, .T. );
#4509 = ORIENTED_EDGE( '', *, *, #5475, .T. );
#4510 = CARTESIAN_POINT( '', ( 0.108000000000000, 0.210000000000000, 0.0170000000000010 ) );
#4511 = DIRECTION( '', ( -0.000000000000000, 0.000000000000000, -1.00000000000000 ) );
#4512 = DIRECTION( '', ( -1.00000000000000, 0.000000000000000, 0.000000000000000 ) );
#4513 = SURFACE_STYLE_FILL_AREA( #5697 );
#4514 = ORIENTED_EDGE( '', *, *, #5390, .T. );
#4515 = ORIENTED_EDGE( '', *, *, #5510, .T. );
#4516 = ORIENTED_EDGE( '', *, *, #5356, .F. );
#4517 = ORIENTED_EDGE( '', *, *, #4985, .T. );
#4518 = CARTESIAN_POINT( '', ( 0.100000000000000, 0.225000000000000, -0.0675000000000000 ) );
#4519 = DIRECTION( '', ( 0.000000000000000, 0.000000000000000, 1.00000000000000 ) );
#4520 = DIRECTION( '', ( 1.00000000000000, 0.000000000000000, -0.000000000000000 ) );
#4521 = SURFACE_STYLE_FILL_AREA( #5698 );
#4522 = ORIENTED_EDGE( '', *, *, #5366, .T. );
#4523 = ORIENTED_EDGE( '', *, *, #5357, .F. );
#4524 = ORIENTED_EDGE( '', *, *, #5509, .F. );
#4525 = ORIENTED_EDGE( '', *, *, #5340, .T. );
#4526 = CARTESIAN_POINT( '', ( 0.125000000000000, 0.0990000000000000, -0.0675000000000000 ) );
#4527 = DIRECTION( '', ( 0.000000000000000, 0.000000000000000, 1.00000000000000 ) );
#4528 = DIRECTION( '', ( 1.00000000000000, 0.000000000000000, -0.000000000000000 ) );
#4529 = SURFACE_STYLE_FILL_AREA( #5699 );
#4530 = ORIENTED_EDGE( '', *, *, #5700, .T. );
#4531 = ORIENTED_EDGE( '', *, *, #5239, .T. );
#4532 = ORIENTED_EDGE( '', *, *, #4945, .F. );
#4533 = ORIENTED_EDGE( '', *, *, #5490, .T. );
#4534 = CARTESIAN_POINT( '', ( -0.0920000000000000, 0.0990000000000000, 0.0335000000000000 ) );
#4535 = DIRECTION( '', ( -1.00000000000000, 0.000000000000000, 0.000000000000000 ) );
#4536 = DIRECTION( '', ( 0.000000000000000, 0.000000000000000, 1.00000000000000 ) );
#4537 = SURFACE_STYLE_FILL_AREA( #5701 );
#4538 = ORIENTED_EDGE( '', *, *, #5702, .T. );
#4539 = ORIENTED_EDGE( '', *, *, #5140, .T. );
#4540 = ORIENTED_EDGE( '', *, *, #5199, .T. );
#4541 = ORIENTED_EDGE( '', *, *, #5262, .F. );
#4542 = CARTESIAN_POINT( '', ( -0.0420000000000000, 0.210000000000000, 0.500000000000000 ) );
#4543 = DIRECTION( '', ( -0.866025403784301, -0.500000000000239, 0.000000000000000 ) );
#4544 = DIRECTION( '', ( 0.500000000000239, -0.866025403784301, 0.000000000000000 ) );
#4545 = SURFACE_STYLE_FILL_AREA( #5703 );
#4546 = ORIENTED_EDGE( '', *, *, #5428, .T. );
#4547 = ORIENTED_EDGE( '', *, *, #5704, .T. );
#4548 = ORIENTED_EDGE( '', *, *, #5466, .F. );
#4549 = ORIENTED_EDGE( '', *, *, #5662, .T. );
#4550 = ORIENTED_EDGE( '', *, *, #5483, .T. );
#4551 = CARTESIAN_POINT( '', ( -0.0580000000000000, 0.210000000000000, 0.500000000000000 ) );
#4552 = DIRECTION( '', ( 1.00000000000000, 0.000000000000000, -0.000000000000000 ) );
#4553 = DIRECTION( '', ( -0.000000000000000, 0.000000000000000, -1.00000000000000 ) );
#4554 = SURFACE_STYLE_FILL_AREA( #5705 );
#4555 = ORIENTED_EDGE( '', *, *, #5189, .T. );
#4556 = ORIENTED_EDGE( '', *, *, #5597, .T. );
#4557 = ORIENTED_EDGE( '', *, *, #5641, .T. );
#4558 = ORIENTED_EDGE( '', *, *, #5605, .T. );
#4559 = ORIENTED_EDGE( '', *, *, #5470, .F. );
#4560 = CARTESIAN_POINT( '', ( -0.0580000000000000, 0.210000000000000, 0.500000000000000 ) );
#4561 = DIRECTION( '', ( 1.00000000000000, 0.000000000000000, -0.000000000000000 ) );
#4562 = DIRECTION( '', ( -0.000000000000000, 0.000000000000000, -1.00000000000000 ) );
#4563 = SURFACE_STYLE_FILL_AREA( #5706 );
#4564 = ORIENTED_EDGE( '', *, *, #5601, .F. );
#4565 = ORIENTED_EDGE( '', *, *, #5665, .F. );
#4566 = ORIENTED_EDGE( '', *, *, #4990, .F. );
#4567 = ORIENTED_EDGE( '', *, *, #4904, .F. );
#4568 = CARTESIAN_POINT( '', ( -0.000000000000000, 0.00500000000000000, -0.000000000000000 ) );
#4569 = DIRECTION( '', ( 0.000000000000000, -1.00000000000000, -0.000000000000000 ) );
#4570 = DIRECTION( '', ( 0.000000000000000, 0.000000000000000, -1.00000000000000 ) );
#4571 = SURFACE_STYLE_FILL_AREA( #5707 );
#4572 = ORIENTED_EDGE( '', *, *, #5639, .F. );
#4573 = ORIENTED_EDGE( '', *, *, #5598, .F. );
#4574 = ORIENTED_EDGE( '', *, *, #4824, .F. );
#4575 = ORIENTED_EDGE( '', *, *, #5708, .T. );
#4576 = CARTESIAN_POINT( '', ( 0.108000000000000, 0.210000000000000, 0.0330000000000010 ) );
#4577 = DIRECTION( '', ( 0.000000000000000, 0.499999999999953, 0.866025403784466 ) );
#4578 = DIRECTION( '', ( 0.000000000000000, -0.866025403784466, 0.499999999999953 ) );
#4579 = SURFACE_STYLE_FILL_AREA( #5709 );
#4580 = ORIENTED_EDGE( '', *, *, #5011, .F. );
#4581 = ORIENTED_EDGE( '', *, *, #5179, .F. );
#4582 = ORIENTED_EDGE( '', *, *, #5634, .T. );
#4583 = ORIENTED_EDGE( '', *, *, #5216, .T. );
#4584 = CARTESIAN_POINT( '', ( 0.108000000000000, 0.0990000000000000, 0.0330000000000010 ) );
#4585 = DIRECTION( '', ( 0.000000000000000, -0.000000000000000, 1.00000000000000 ) );
#4586 = DIRECTION( '', ( 1.00000000000000, 0.000000000000000, -0.000000000000000 ) );
#4587 = SURFACE_STYLE_FILL_AREA( #5710 );
#4588 = ORIENTED_EDGE( '', *, *, #5609, .T. );
#4589 = ORIENTED_EDGE( '', *, *, #5563, .T. );
#4590 = ORIENTED_EDGE( '', *, *, #5424, .F. );
#4591 = ORIENTED_EDGE( '', *, *, #5498, .T. );
#4592 = CARTESIAN_POINT( '', ( 0.0420000000000000, 0.0990000000000000, 0.0175000000000000 ) );
#4593 = DIRECTION( '', ( 1.00000000000000, 0.000000000000000, -0.000000000000000 ) );
#4594 = DIRECTION( '', ( -0.000000000000000, 0.000000000000000, -1.00000000000000 ) );
#4595 = SURFACE_STYLE_FILL_AREA( #5711 );
#4596 = ORIENTED_EDGE( '', *, *, #4937, .F. );
#4597 = ORIENTED_EDGE( '', *, *, #5090, .T. );
#4598 = ORIENTED_EDGE( '', *, *, #5712, .F. );
#4599 = ORIENTED_EDGE( '', *, *, #4876, .F. );
#4600 = CARTESIAN_POINT( '', ( 0.108000000000000, 0.000000000000000, -0.115000000000000 ) );
#4601 = DIRECTION( '', ( -0.000000000000000, 0.000000000000000, -1.00000000000000 ) );
#4602 = DIRECTION( '', ( -1.00000000000000, 0.000000000000000, 0.000000000000000 ) );
#4603 = SURFACE_STYLE_FILL_AREA( #5713 );
#4604 = ORIENTED_EDGE( '', *, *, #5538, .T. );
#4605 = ORIENTED_EDGE( '', *, *, #5527, .T. );
#4606 = ORIENTED_EDGE( '', *, *, #5603, .F. );
#4607 = ORIENTED_EDGE( '', *, *, #5494, .T. );
#4608 = CARTESIAN_POINT( '', ( 0.00800000000000001, 0.0990000000000000, 0.0175000000000000 ) );
#4609 = DIRECTION( '', ( 0.000000000000000, 0.000000000000000, 1.00000000000000 ) );
#4610 = DIRECTION( '', ( 1.00000000000000, 0.000000000000000, -0.000000000000000 ) );
#4611 = SURFACE_STYLE_FILL_AREA( #5714 );
#4612 = ORIENTED_EDGE( '', *, *, #5623, .F. );
#4613 = ORIENTED_EDGE( '', *, *, #5237, .T. );
#4614 = ORIENTED_EDGE( '', *, *, #5700, .F. );
#4615 = ORIENTED_EDGE( '', *, *, #5489, .T. );
#4616 = ORIENTED_EDGE( '', *, *, #5657, .T. );
#4617 = ORIENTED_EDGE( '', *, *, #5020, .F. );
#4618 = CARTESIAN_POINT( '', ( -0.0920000000000000, 0.0990000000000000, 0.0175000000000000 ) );
#4619 = DIRECTION( '', ( 0.000000000000000, 0.000000000000000, 1.00000000000000 ) );
#4620 = DIRECTION( '', ( 1.00000000000000, 0.000000000000000, -0.000000000000000 ) );
#4621 = SURFACE_STYLE_FILL_AREA( #5715 );
#4622 = ORIENTED_EDGE( '', *, *, #5101, .F. );
#4623 = ORIENTED_EDGE( '', *, *, #5674, .F. );
#4624 = ORIENTED_EDGE( '', *, *, #5432, .F. );
#4625 = ORIENTED_EDGE( '', *, *, #5678, .T. );
#4626 = CARTESIAN_POINT( '', ( 0.108000000000000, 0.219000000000000, -0.0278038475772920 ) );
#4627 = DIRECTION( '', ( 0.000000000000000, 0.499999999999954, -0.866025403784465 ) );
#4628 = DIRECTION( '', ( 0.000000000000000, 0.866025403784465, 0.499999999999954 ) );
#4629 = SURFACE_STYLE_FILL_AREA( #5716 );
#4630 = ORIENTED_EDGE( '', *, *, #5595, .T. );
#4631 = ORIENTED_EDGE( '', *, *, #5636, .T. );
#4632 = ORIENTED_EDGE( '', *, *, #5717, .T. );
#4633 = ORIENTED_EDGE( '', *, *, #5229, .F. );
#4634 = CARTESIAN_POINT( '', ( 0.108000000000000, 0.210000000000000, 0.500000000000000 ) );
#4635 = DIRECTION( '', ( -0.866025403784300, -0.500000000000241, 0.000000000000000 ) );
#4636 = DIRECTION( '', ( 0.500000000000241, -0.866025403784300, 0.000000000000000 ) );
#4637 = SURFACE_STYLE_FILL_AREA( #5718 );
#4638 = ORIENTED_EDGE( '', *, *, #5507, .T. );
#4639 = ORIENTED_EDGE( '', *, *, #4837, .F. );
#4640 = ORIENTED_EDGE( '', *, *, #5659, .F. );
#4641 = ORIENTED_EDGE( '', *, *, #5625, .F. );
#4642 = CARTESIAN_POINT( '', ( -0.0425000000000000, 0.205000000000000, 0.292500000000000 ) );
#4643 = DIRECTION( '', ( 1.00000000000000, 0.000000000000000, -0.000000000000000 ) );
#4644 = DIRECTION( '', ( -0.000000000000000, 0.000000000000000, -1.00000000000000 ) );
#4645 = SURFACE_STYLE_FILL_AREA( #5719 );
#4646 = ORIENTED_EDGE( '', *, *, #5646, .F. );
#4647 = ORIENTED_EDGE( '', *, *, #5695, .T. );
#4648 = ORIENTED_EDGE( '', *, *, #5521, .F. );
#4649 = ORIENTED_EDGE( '', *, *, #5110, .F. );
#4650 = CARTESIAN_POINT( '', ( 0.108000000000000, 0.000000000000000, -0.115000000000000 ) );
#4651 = DIRECTION( '', ( -0.000000000000000, 0.000000000000000, -1.00000000000000 ) );
#4652 = DIRECTION( '', ( -1.00000000000000, 0.000000000000000, 0.000000000000000 ) );
#4653 = SURFACE_STYLE_FILL_AREA( #5720 );
#4654 = ORIENTED_EDGE( '', *, *, #5402, .F. );
#4655 = ORIENTED_EDGE( '', *, *, #5008, .F. );
#4656 = ORIENTED_EDGE( '', *, *, #4883, .T. );
#4657 = ORIENTED_EDGE( '', *, *, #5687, .T. );
#4658 = CARTESIAN_POINT( '', ( 0.108000000000000, 0.219000000000000, 0.0278038475772950 ) );
#4659 = DIRECTION( '', ( 0.000000000000000, 1.00000000000000, 0.000000000000000 ) );
#4660 = DIRECTION( '', ( 0.000000000000000, -0.000000000000000, 1.00000000000000 ) );
#4661 = SURFACE_STYLE_FILL_AREA( #5721 );
#4662 = ORIENTED_EDGE( '', *, *, #5328, .F. );
#4663 = ORIENTED_EDGE( '', *, *, #5253, .T. );
#4664 = ORIENTED_EDGE( '', *, *, #5246, .F. );
#4665 = ORIENTED_EDGE( '', *, *, #4808, .F. );
#4666 = CARTESIAN_POINT( '', ( 0.108000000000000, 0.00900000000000052, 0.0403238075793816 ) );
#4667 = DIRECTION( '', ( 1.00000000000000, -0.000000000000000, -0.000000000000000 ) );
#4668 = DIRECTION( '', ( 0.000000000000000, 0.000000000000000, 1.00000000000000 ) );
#4669 = SURFACE_STYLE_FILL_AREA( #5722 );
#4670 = ORIENTED_EDGE( '', *, *, #5047, .T. );
#4671 = ORIENTED_EDGE( '', *, *, #5544, .T. );
#4672 = ORIENTED_EDGE( '', *, *, #5016, .F. );
#4673 = ORIENTED_EDGE( '', *, *, #4978, .T. );
#4674 = CARTESIAN_POINT( '', ( -0.100000000000000, 0.00500000000000000, 0.100000000000000 ) );
#4675 = DIRECTION( '', ( -1.00000000000000, 0.000000000000000, 0.000000000000000 ) );
#4676 = DIRECTION( '', ( 0.000000000000000, 0.000000000000000, 1.00000000000000 ) );
#4677 = SURFACE_STYLE_FILL_AREA( #5723 );
#4678 = ORIENTED_EDGE( '', *, *, #5690, .T. );
#4679 = ORIENTED_EDGE( '', *, *, #5288, .T. );
#4680 = ORIENTED_EDGE( '', *, *, #5576, .T. );
#4681 = ORIENTED_EDGE( '', *, *, #4892, .T. );
#4682 = ORIENTED_EDGE( '', *, *, #5683, .T. );
#4683 = ORIENTED_EDGE( '', *, *, #5724, .T. );
#4684 = ORIENTED_EDGE( '', *, *, #4846, .T. );
#4685 = CARTESIAN_POINT( '', ( 0.0920000000000000, 0.0100000000000000, 0.500000000000000 ) );
#4686 = DIRECTION( '', ( 1.00000000000000, 0.000000000000000, -0.000000000000000 ) );
#4687 = DIRECTION( '', ( -0.000000000000000, 0.000000000000000, -1.00000000000000 ) );
#4688 = SURFACE_STYLE_FILL_AREA( #5725 );
#4689 = ORIENTED_EDGE( '', *, *, #4934, .F. );
#4690 = ORIENTED_EDGE( '', *, *, #5286, .T. );
#4691 = ORIENTED_EDGE( '', *, *, #5726, .F. );
#4692 = ORIENTED_EDGE( '', *, *, #5171, .F. );
#4693 = CARTESIAN_POINT( '', ( 0.108000000000000, -8.67361737988404E-18, -0.0170000000000000 ) );
#4694 = DIRECTION( '', ( 0.000000000000000, -0.000000000000000, 1.00000000000000 ) );
#4695 = DIRECTION( '', ( 1.00000000000000, 0.000000000000000, -0.000000000000000 ) );
#4696 = SURFACE_STYLE_FILL_AREA( #5727 );
#4697 = ORIENTED_EDGE( '', *, *, #5043, .F. );
#4698 = ORIENTED_EDGE( '', *, *, #5458, .F. );
#4699 = ORIENTED_EDGE( '', *, *, #5637, .T. );
#4700 = ORIENTED_EDGE( '', *, *, #5594, .T. );
#4701 = CARTESIAN_POINT( '', ( 0.108000000000000, 0.0890000000000000, -0.0169999999999990 ) );
#4702 = DIRECTION( '', ( 0.000000000000000, -1.76384813640513E-17, 1.00000000000000 ) );
#4703 = DIRECTION( '', ( 0.000000000000000, -1.00000000000000, -1.76384813640513E-17 ) );
#4704 = SURFACE_STYLE_FILL_AREA( #5728 );
#4705 = ORIENTED_EDGE( '', *, *, #5195, .F. );
#4706 = ORIENTED_EDGE( '', *, *, #5467, .F. );
#4707 = ORIENTED_EDGE( '', *, *, #5704, .F. );
#4708 = ORIENTED_EDGE( '', *, *, #5429, .F. );
#4709 = ORIENTED_EDGE( '', *, *, #5143, .F. );
#4710 = ORIENTED_EDGE( '', *, *, #5464, .F. );
#4711 = ORIENTED_EDGE( '', *, *, #5549, .F. );
#4712 = ORIENTED_EDGE( '', *, *, #5268, .F. );
#4713 = ORIENTED_EDGE( '', *, *, #4833, .F. );
#4714 = ORIENTED_EDGE( '', *, *, #5461, .F. );
#4715 = ORIENTED_EDGE( '', *, *, #5447, .F. );
#4716 = ORIENTED_EDGE( '', *, *, #5679, .F. );
#4717 = ORIENTED_EDGE( '', *, *, #5631, .F. );
#4718 = ORIENTED_EDGE( '', *, *, #5459, .F. );
#4719 = ORIENTED_EDGE( '', *, *, #5041, .F. );
#4720 = ORIENTED_EDGE( '', *, *, #5531, .F. );
#4721 = ORIENTED_EDGE( '', *, *, #5635, .T. );
#4722 = ORIENTED_EDGE( '', *, *, #5177, .T. );
#4723 = ORIENTED_EDGE( '', *, *, #5620, .F. );
#4724 = ORIENTED_EDGE( '', *, *, #5676, .F. );
#4725 = CARTESIAN_POINT( '', ( 0.108000000000000, 0.0990000000000000, -0.0329999999999980 ) );
#4726 = DIRECTION( '', ( 0.000000000000000, -0.558600379479041, -0.829436927105293 ) );
#4727 = DIRECTION( '', ( 0.000000000000000, 0.829436927105293, -0.558600379479041 ) );
#4728 = SURFACE_STYLE_FILL_AREA( #5729 );
#4729 = ORIENTED_EDGE( '', *, *, #5024, .F. );
#4730 = ORIENTED_EDGE( '', *, *, #5054, .F. );
#4731 = ORIENTED_EDGE( '', *, *, #5503, .T. );
#4732 = ORIENTED_EDGE( '', *, *, #4819, .T. );
#4733 = CARTESIAN_POINT( '', ( 0.108000000000000, 0.0990000000000000, 0.0335000000000000 ) );
#4734 = DIRECTION( '', ( -1.00000000000000, 0.000000000000000, 0.000000000000000 ) );
#4735 = DIRECTION( '', ( 0.000000000000000, 0.000000000000000, 1.00000000000000 ) );
#4736 = SURFACE_STYLE_FILL_AREA( #5730 );
#4737 = ORIENTED_EDGE( '', *, *, #5086, .F. );
#4738 = ORIENTED_EDGE( '', *, *, #5230, .F. );
#4739 = ORIENTED_EDGE( '', *, *, #5717, .F. );
#4740 = ORIENTED_EDGE( '', *, *, #5529, .T. );
#4741 = CARTESIAN_POINT( '', ( 0.108000000000000, 0.219000000000000, -0.0278038475772920 ) );
#4742 = DIRECTION( '', ( 0.000000000000000, 0.499999999999954, -0.866025403784465 ) );
#4743 = DIRECTION( '', ( 0.000000000000000, 0.866025403784465, 0.499999999999954 ) );
#4744 = SURFACE_STYLE_FILL_AREA( #5731 );
#4745 = ORIENTED_EDGE( '', *, *, #5215, .T. );
#4746 = ORIENTED_EDGE( '', *, *, #5692, .T. );
#4747 = ORIENTED_EDGE( '', *, *, #5615, .T. );
#4748 = ORIENTED_EDGE( '', *, *, #5012, .F. );
#4749 = CARTESIAN_POINT( '', ( 0.0971961524227100, 0.219000000000000, 0.500000000000000 ) );
#4750 = DIRECTION( '', ( 0.866025403784299, -0.500000000000242, 0.000000000000000 ) );
#4751 = DIRECTION( '', ( 0.500000000000242, 0.866025403784299, 0.000000000000000 ) );
#4752 = SURFACE_STYLE_FILL_AREA( #5732 );
#4753 = ORIENTED_EDGE( '', *, *, #5220, .T. );
#4754 = ORIENTED_EDGE( '', *, *, #5107, .F. );
#4755 = ORIENTED_EDGE( '', *, *, #5338, .F. );
#4756 = ORIENTED_EDGE( '', *, *, #5590, .T. );
#4757 = ORIENTED_EDGE( '', *, *, #5397, .T. );
#4758 = ORIENTED_EDGE( '', *, *, #5154, .T. );
#4759 = CARTESIAN_POINT( '', ( 0.125000000000000, 0.0245000000000000, -0.0675000000000020 ) );
#4760 = DIRECTION( '', ( 0.000000000000000, -1.00000000000000, 0.000000000000000 ) );
#4761 = DIRECTION( '', ( 0.000000000000000, 0.000000000000000, -1.00000000000000 ) );
#4762 = SURFACE_STYLE_FILL_AREA( #5733 );
#4763 = ORIENTED_EDGE( '', *, *, #5724, .F. );
#4764 = ORIENTED_EDGE( '', *, *, #5684, .F. );
#4765 = ORIENTED_EDGE( '', *, *, #5670, .T. );
#4766 = ORIENTED_EDGE( '', *, *, #4847, .T. );
#4767 = CARTESIAN_POINT( '', ( 0.108000000000000, -0.0160000000000000, -0.115000000000000 ) );
#4768 = DIRECTION( '', ( 0.000000000000000, -1.00000000000000, 0.000000000000000 ) );
#4769 = DIRECTION( '', ( 0.000000000000000, 0.000000000000000, -1.00000000000000 ) );
#4770 = SURFACE_STYLE_FILL_AREA( #5734 );
#4771 = ORIENTED_EDGE( '', *, *, #5640, .F. );
#4772 = ORIENTED_EDGE( '', *, *, #5708, .F. );
#4773 = ORIENTED_EDGE( '', *, *, #4827, .T. );
#4774 = ORIENTED_EDGE( '', *, *, #5406, .T. );
#4775 = CARTESIAN_POINT( '', ( 0.108000000000000, 0.219000000000000, 0.0278038475772950 ) );
#4776 = DIRECTION( '', ( 0.000000000000000, 1.00000000000000, 0.000000000000000 ) );
#4777 = DIRECTION( '', ( 0.000000000000000, -0.000000000000000, 1.00000000000000 ) );
#4778 = SURFACE_STYLE_FILL_AREA( #5735 );
#4779 = ORIENTED_EDGE( '', *, *, #5482, .F. );
#4780 = ORIENTED_EDGE( '', *, *, #5663, .F. );
#4781 = ORIENTED_EDGE( '', *, *, #5702, .F. );
#4782 = ORIENTED_EDGE( '', *, *, #5261, .T. );
#4783 = CARTESIAN_POINT( '', ( 0.108000000000000, 0.210000000000000, -0.0169999999999990 ) );
#4784 = DIRECTION( '', ( 0.000000000000000, 0.499999999999953, 0.866025403784466 ) );
#4785 = DIRECTION( '', ( 0.000000000000000, -0.866025403784466, 0.499999999999953 ) );
#4786 = SURFACE_STYLE_FILL_AREA( #5736 );
#4787 = ORIENTED_EDGE( '', *, *, #4973, .T. );
#4788 = ORIENTED_EDGE( '', *, *, #5654, .T. );
#4789 = ORIENTED_EDGE( '', *, *, #4907, .T. );
#4790 = ORIENTED_EDGE( '', *, *, #5551, .F. );
#4791 = CARTESIAN_POINT( '', ( -0.00280384757729003, 0.219000000000000, 0.500000000000000 ) );
#4792 = DIRECTION( '', ( 0.866025403784300, -0.500000000000241, 0.000000000000000 ) );
#4793 = DIRECTION( '', ( 0.500000000000241, 0.866025403784300, 0.000000000000000 ) );
#4794 = SURFACE_STYLE_FILL_AREA( #5737 );
#4795 = ORIENTED_EDGE( '', *, *, #5726, .T. );
#4796 = ORIENTED_EDGE( '', *, *, #5285, .T. );
#4797 = ORIENTED_EDGE( '', *, *, #5577, .T. );
#4798 = ORIENTED_EDGE( '', *, *, #4877, .T. );
#4799 = ORIENTED_EDGE( '', *, *, #5712, .T. );
#4800 = ORIENTED_EDGE( '', *, *, #5089, .T. );
#4801 = ORIENTED_EDGE( '', *, *, #5172, .T. );
#4802 = CARTESIAN_POINT( '', ( 0.0420000000000000, 0.0100000000000000, 0.500000000000000 ) );
#4803 = DIRECTION( '', ( 1.00000000000000, 0.000000000000000, -0.000000000000000 ) );
#4804 = DIRECTION( '', ( -0.000000000000000, 0.000000000000000, -1.00000000000000 ) );
#4806 = FILL_AREA_STYLE( '', ( #5738 ) );
#4807 = EDGE_CURVE( '', #5739, #5740, #5741, .T. );
#4808 = EDGE_CURVE( '', #5739, #5742, #5743, .T. );
#4809 = EDGE_CURVE( '', #5744, #5742, #5745, .T. );
#4810 = EDGE_CURVE( '', #5740, #5744, #5746, .T. );
#4811 = FILL_AREA_STYLE( '', ( #5747 ) );
#4812 = EDGE_CURVE( '', #5748, #5749, #5750, .T. );
#4813 = EDGE_CURVE( '', #5748, #5751, #5752, .T. );
#4814 = EDGE_CURVE( '', #5753, #5751, #5754, .T. );
#4815 = EDGE_CURVE( '', #5749, #5753, #5755, .T. );
#4816 = FILL_AREA_STYLE( '', ( #5756 ) );
#4817 = EDGE_CURVE( '', #5757, #5758, #5759, .T. );
#4818 = EDGE_CURVE( '', #5760, #5757, #5761, .T. );
#4819 = EDGE_CURVE( '', #5762, #5760, #5763, .T. );
#4820 = EDGE_CURVE( '', #5762, #5764, #5765, .T. );
#4821 = EDGE_CURVE( '', #5764, #5766, #5767, .T. );
#4822 = EDGE_CURVE( '', #5766, #5758, #5768, .T. );
#4823 = FILL_AREA_STYLE( '', ( #5769 ) );
#4824 = EDGE_CURVE( '', #5770, #5771, #5772, .T. );
#4825 = EDGE_CURVE( '', #5771, #5773, #5774, .T. );
#4826 = EDGE_CURVE( '', #5773, #5775, #5776, .T. );
#4827 = EDGE_CURVE( '', #5770, #5775, #5777, .T. );
#4828 = FILL_AREA_STYLE( '', ( #5778 ) );
#4829 = EDGE_CURVE( '', #5779, #5780, #5781, .T. );
#4830 = EDGE_CURVE( '', #5782, #5780, #5783, .T. );
#4831 = EDGE_CURVE( '', #5782, #5784, #5785, .T. );
#4832 = EDGE_CURVE( '', #5784, #5786, #5787, .T. );
#4833 = EDGE_CURVE( '', #5786, #5779, #5788, .T. );
#4834 = FILL_AREA_STYLE( '', ( #5789 ) );
#4835 = EDGE_CURVE( '', #5790, #5791, #5792, .T. );
#4836 = EDGE_CURVE( '', #5791, #5793, #5794, .T. );
#4837 = EDGE_CURVE( '', #5793, #5795, #5796, .T. );
#4838 = EDGE_CURVE( '', #5795, #5797, #5798, .T. );
#4839 = EDGE_CURVE( '', #5790, #5797, #5799, .T. );
#4840 = FILL_AREA_STYLE( '', ( #5800 ) );
#4841 = EDGE_CURVE( '', #5801, #5802, #5803, .T. );
#4842 = EDGE_CURVE( '', #5802, #5804, #5805, .T. );
#4843 = EDGE_CURVE( '', #5806, #5804, #5807, .T. );
#4844 = EDGE_CURVE( '', #5806, #5801, #5808, .T. );
#4845 = FILL_AREA_STYLE( '', ( #5809 ) );
#4846 = EDGE_CURVE( '', #5810, #5811, #5812, .F. );
#4847 = EDGE_CURVE( '', #5813, #5810, #5814, .T. );
#4848 = EDGE_CURVE( '', #5813, #5815, #5816, .T. );
#4849 = EDGE_CURVE( '', #5815, #5811, #5817, .T. );
#4850 = FILL_AREA_STYLE( '', ( #5818 ) );
#4851 = EDGE_CURVE( '', #5819, #5820, #5821, .T. );
#4852 = EDGE_CURVE( '', #5819, #5822, #5823, .T. );
#4853 = EDGE_CURVE( '', #5824, #5822, #5825, .T. );
#4854 = EDGE_CURVE( '', #5820, #5824, #5826, .T. );
#4855 = FILL_AREA_STYLE( '', ( #5827 ) );
#4856 = EDGE_CURVE( '', #5828, #5829, #5830, .T. );
#4857 = EDGE_CURVE( '', #5829, #5831, #5832, .T. );
#4858 = EDGE_CURVE( '', #5833, #5831, #5834, .T. );
#4859 = EDGE_CURVE( '', #5833, #5828, #5835, .T. );
#4860 = FILL_AREA_STYLE( '', ( #5836 ) );
#4861 = EDGE_CURVE( '', #5837, #5838, #5839, .T. );
#4862 = EDGE_CURVE( '', #5837, #5840, #5841, .T. );
#4863 = EDGE_CURVE( '', #5842, #5840, #5843, .T. );
#4864 = EDGE_CURVE( '', #5838, #5842, #5844, .T. );
#4865 = FILL_AREA_STYLE( '', ( #5845 ) );
#4866 = EDGE_CURVE( '', #5846, #5847, #5848, .T. );
#4867 = EDGE_CURVE( '', #5847, #5849, #5850, .T. );
#4868 = EDGE_CURVE( '', #5851, #5849, #5852, .T. );
#4869 = EDGE_CURVE( '', #5851, #5846, #5853, .T. );
#4870 = FILL_AREA_STYLE( '', ( #5854 ) );
#4871 = EDGE_CURVE( '', #5838, #5855, #5856, .F. );
#4872 = EDGE_CURVE( '', #5857, #5842, #5858, .F. );
#4873 = EDGE_CURVE( '', #5855, #5857, #5859, .T. );
#4874 = FILL_AREA_STYLE( '', ( #5860 ) );
#4875 = EDGE_CURVE( '', #5861, #5862, #5863, .T. );
#4876 = EDGE_CURVE( '', #5861, #5864, #5865, .T. );
#4877 = EDGE_CURVE( '', #5866, #5864, #5867, .T. );
#4878 = EDGE_CURVE( '', #5862, #5866, #5868, .T. );
#4879 = FILL_AREA_STYLE( '', ( #5869 ) );
#4880 = EDGE_CURVE( '', #5870, #5871, #5872, .T. );
#4881 = EDGE_CURVE( '', #5871, #5873, #5874, .T. );
#4882 = EDGE_CURVE( '', #5873, #5875, #5876, .T. );
#4883 = EDGE_CURVE( '', #5870, #5875, #5877, .T. );
#4884 = FILL_AREA_STYLE( '', ( #5878 ) );
#4885 = EDGE_CURVE( '', #5879, #5880, #5881, .T. );
#4886 = EDGE_CURVE( '', #5882, #5880, #5883, .T. );
#4887 = EDGE_CURVE( '', #5882, #5884, #5885, .T. );
#4888 = EDGE_CURVE( '', #5884, #5886, #5887, .T. );
#4889 = EDGE_CURVE( '', #5886, #5819, #5888, .T. );
#4890 = EDGE_CURVE( '', #5820, #5879, #5889, .F. );
#4891 = FILL_AREA_STYLE( '', ( #5890 ) );
#4892 = EDGE_CURVE( '', #5891, #5892, #5893, .T. );
#4893 = EDGE_CURVE( '', #5894, #5891, #5895, .T. );
#4894 = EDGE_CURVE( '', #5894, #5896, #5897, .T. );
#4895 = EDGE_CURVE( '', #5896, #5892, #5898, .T. );
#4896 = FILL_AREA_STYLE( '', ( #5899 ) );
#4897 = EDGE_CURVE( '', #5900, #5901, #5902, .T. );
#4898 = EDGE_CURVE( '', #5900, #5903, #5904, .T. );
#4899 = EDGE_CURVE( '', #5905, #5903, #5906, .T. );
#4900 = EDGE_CURVE( '', #5901, #5905, #5907, .T. );
#4901 = FILL_AREA_STYLE( '', ( #5908 ) );
#4902 = EDGE_CURVE( '', #5909, #5910, #5911, .T. );
#4903 = EDGE_CURVE( '', #5909, #5912, #5913, .T. );
#4904 = EDGE_CURVE( '', #5912, #5914, #5915, .T. );
#4905 = EDGE_CURVE( '', #5914, #5910, #5916, .T. );
#4906 = FILL_AREA_STYLE( '', ( #5917 ) );
#4907 = EDGE_CURVE( '', #5918, #5919, #5920, .T. );
#4908 = EDGE_CURVE( '', #5921, #5918, #5922, .T. );
#4909 = EDGE_CURVE( '', #5780, #5921, #5923, .T. );
#4910 = EDGE_CURVE( '', #5780, #5919, #5924, .T. );
#4911 = FILL_AREA_STYLE( '', ( #5925 ) );
#4912 = EDGE_CURVE( '', #5926, #5927, #5928, .T. );
#4913 = EDGE_CURVE( '', #5927, #5929, #5930, .T. );
#4914 = EDGE_CURVE( '', #5931, #5929, #5932, .T. );
#4915 = EDGE_CURVE( '', #5931, #5926, #5933, .T. );
#4916 = FILL_AREA_STYLE( '', ( #5934 ) );
#4917 = EDGE_CURVE( '', #5935, #5936, #5937, .F. );
#4918 = EDGE_CURVE( '', #5938, #5935, #5939, .T. );
#4919 = EDGE_CURVE( '', #5938, #5940, #5941, .T. );
#4920 = EDGE_CURVE( '', #5940, #5936, #5942, .T. );
#4921 = FILL_AREA_STYLE( '', ( #5943 ) );
#4922 = EDGE_CURVE( '', #5944, #5945, #5946, .T. );
#4923 = EDGE_CURVE( '', #5945, #5824, #5947, .F. );
#4924 = EDGE_CURVE( '', #5822, #5948, #5949, .T. );
#4925 = EDGE_CURVE( '', #5948, #5950, #5951, .T. );
#4926 = EDGE_CURVE( '', #5950, #5952, #5953, .T. );
#4927 = EDGE_CURVE( '', #5952, #5944, #5954, .T. );
#4928 = FILL_AREA_STYLE( '', ( #5955 ) );
#4929 = EDGE_CURVE( '', #5956, #5957, #5958, .T. );
#4930 = EDGE_CURVE( '', #5956, #5959, #5960, .T. );
#4931 = EDGE_CURVE( '', #5961, #5959, #5962, .T. );
#4932 = EDGE_CURVE( '', #5957, #5961, #5963, .T. );
#4933 = FILL_AREA_STYLE( '', ( #5964 ) );
#4934 = EDGE_CURVE( '', #5965, #5966, #5967, .T. );
#4935 = EDGE_CURVE( '', #5966, #5968, #5969, .F. );
#4936 = EDGE_CURVE( '', #5968, #5970, #5971, .T. );
#4937 = EDGE_CURVE( '', #5970, #5861, #5972, .T. );
#4938 = EDGE_CURVE( '', #5862, #5973, #5974, .T. );
#4939 = EDGE_CURVE( '', #5965, #5973, #5975, .T. );
#4940 = FILL_AREA_STYLE( '', ( #5976 ) );
#4941 = EDGE_CURVE( '', #5977, #5978, #5979, .T. );
#4942 = EDGE_CURVE( '', #5980, #5977, #5981, .T. );
#4943 = EDGE_CURVE( '', #5982, #5980, #5983, .T. );
#4944 = EDGE_CURVE( '', #5982, #5984, #5985, .T. );
#4945 = EDGE_CURVE( '', #5984, #5986, #5987, .T. );
#4946 = EDGE_CURVE( '', #5986, #5978, #5988, .T. );
#4947 = FILL_AREA_STYLE( '', ( #5989 ) );
#4948 = EDGE_CURVE( '', #5990, #5991, #5992, .T. );
#4949 = EDGE_CURVE( '', #5993, #5990, #5994, .T. );
#4950 = EDGE_CURVE( '', #5993, #5995, #5996, .T. );
#4951 = EDGE_CURVE( '', #5995, #5991, #5997, .T. );
#4952 = FILL_AREA_STYLE( '', ( #5998 ) );
#4953 = EDGE_CURVE( '', #5999, #6000, #6001, .T. );
#4954 = EDGE_CURVE( '', #6002, #6000, #6003, .T. );
#4955 = EDGE_CURVE( '', #6004, #6002, #6005, .T. );
#4956 = EDGE_CURVE( '', #5999, #6004, #6006, .T. );
#4957 = FILL_AREA_STYLE( '', ( #6007 ) );
#4958 = EDGE_CURVE( '', #6008, #6009, #6010, .T. );
#4959 = EDGE_CURVE( '', #6009, #6011, #6012, .T. );
#4960 = EDGE_CURVE( '', #6013, #6011, #6014, .T. );
#4961 = EDGE_CURVE( '', #6013, #6008, #6015, .T. );
#4962 = FILL_AREA_STYLE( '', ( #6016 ) );
#4963 = EDGE_CURVE( '', #6017, #6018, #6019, .T. );
#4964 = EDGE_CURVE( '', #6017, #6020, #6021, .T. );
#4965 = EDGE_CURVE( '', #6022, #6020, #6023, .T. );
#4966 = EDGE_CURVE( '', #6018, #6022, #6024, .T. );
#4967 = FILL_AREA_STYLE( '', ( #6025 ) );
#4968 = EDGE_CURVE( '', #6026, #6027, #6028, .T. );
#4969 = EDGE_CURVE( '', #6027, #6029, #6030, .T. );
#4970 = EDGE_CURVE( '', #6029, #6031, #6032, .T. );
#4971 = EDGE_CURVE( '', #6026, #6031, #6033, .T. );
#4972 = FILL_AREA_STYLE( '', ( #6034 ) );
#4973 = EDGE_CURVE( '', #6035, #6036, #6037, .T. );
#4974 = EDGE_CURVE( '', #5782, #6035, #6038, .T. );
#4975 = EDGE_CURVE( '', #6039, #5782, #6040, .T. );
#4976 = EDGE_CURVE( '', #6039, #6036, #6041, .T. );
#4977 = FILL_AREA_STYLE( '', ( #6042 ) );
#4978 = EDGE_CURVE( '', #6043, #6044, #6045, .T. );
#4979 = EDGE_CURVE( '', #6046, #6043, #6047, .T. );
#4980 = EDGE_CURVE( '', #6048, #6046, #6049, .T. );
#4981 = EDGE_CURVE( '', #6048, #6050, #6051, .T. );
#4982 = EDGE_CURVE( '', #6050, #6052, #6053, .T. );
#4983 = EDGE_CURVE( '', #6052, #6044, #6054, .T. );
#4984 = FILL_AREA_STYLE( '', ( #6055 ) );
#4985 = EDGE_CURVE( '', #6056, #6057, #6058, .T. );
#4986 = EDGE_CURVE( '', #6059, #6056, #6060, .T. );
#4987 = EDGE_CURVE( '', #6061, #6059, #6062, .T. );
#4988 = EDGE_CURVE( '', #6057, #6061, #6063, .T. );
#4989 = FILL_AREA_STYLE( '', ( #6064 ) );
#4990 = EDGE_CURVE( '', #5914, #6065, #6066, .T. );
#4991 = EDGE_CURVE( '', #6067, #6065, #6068, .T. );
#4992 = EDGE_CURVE( '', #6067, #6069, #6070, .T. );
#4993 = EDGE_CURVE( '', #6069, #6071, #6072, .T. );
#4994 = EDGE_CURVE( '', #5910, #6071, #6073, .T. );
#4995 = FILL_AREA_STYLE( '', ( #6074 ) );
#4996 = EDGE_CURVE( '', #6075, #6076, #6077, .T. );
#4997 = EDGE_CURVE( '', #6076, #6078, #6079, .T. );
#4998 = EDGE_CURVE( '', #6080, #6078, #6081, .T. );
#4999 = EDGE_CURVE( '', #6080, #6075, #6082, .T. );
#5000 = FILL_AREA_STYLE( '', ( #6083 ) );
#5001 = EDGE_CURVE( '', #6084, #6085, #6086, .T. );
#5002 = EDGE_CURVE( '', #6084, #6087, #6088, .T. );
#5003 = EDGE_CURVE( '', #6087, #6089, #6090, .T. );
#5004 = EDGE_CURVE( '', #6085, #6089, #6091, .T. );
#5005 = FILL_AREA_STYLE( '', ( #6092 ) );
#5006 = EDGE_CURVE( '', #6093, #6094, #6095, .T. );
#5007 = EDGE_CURVE( '', #5871, #6093, #6096, .T. );
#5008 = EDGE_CURVE( '', #5870, #6094, #6097, .T. );
#5009 = FILL_AREA_STYLE( '', ( #6098 ) );
#5010 = EDGE_CURVE( '', #6099, #6100, #6101, .T. );
#5011 = EDGE_CURVE( '', #6100, #6102, #6103, .T. );
#5012 = EDGE_CURVE( '', #6102, #6104, #6105, .T. );
#5013 = EDGE_CURVE( '', #6104, #6106, #6107, .T. );
#5014 = EDGE_CURVE( '', #6099, #6106, #6108, .T. );
#5015 = FILL_AREA_STYLE( '', ( #6109 ) );
#5016 = EDGE_CURVE( '', #6043, #6110, #6111, .T. );
#5017 = EDGE_CURVE( '', #6110, #6112, #6113, .T. );
#5018 = EDGE_CURVE( '', #6112, #6046, #6114, .T. );
#5019 = EDGE_CURVE( '', #5977, #6115, #6116, .T. );
#5020 = EDGE_CURVE( '', #6115, #6117, #6118, .T. );
#5021 = EDGE_CURVE( '', #6117, #5980, #6119, .T. );
#5022 = EDGE_CURVE( '', #5757, #6120, #6121, .T. );
#5023 = EDGE_CURVE( '', #6120, #6122, #6123, .T. );
#5024 = EDGE_CURVE( '', #6122, #5760, #6124, .T. );
#5025 = EDGE_CURVE( '', #6125, #5909, #6126, .T. );
#5026 = EDGE_CURVE( '', #6071, #6125, #6127, .T. );
#5027 = EDGE_CURVE( '', #6128, #6129, #6130, .T. );
#5028 = EDGE_CURVE( '', #6128, #6131, #6132, .T. );
#5029 = EDGE_CURVE( '', #6131, #6133, #6134, .T. );
#5030 = EDGE_CURVE( '', #6133, #6135, #6136, .T. );
#5031 = EDGE_CURVE( '', #6137, #6135, #6138, .T. );
#5032 = EDGE_CURVE( '', #6139, #6137, #6140, .T. );
#5033 = EDGE_CURVE( '', #6141, #6139, #6142, .T. );
#5034 = EDGE_CURVE( '', #6141, #6143, #6144, .T. );
#5035 = EDGE_CURVE( '', #6143, #6145, #6146, .T. );
#5036 = EDGE_CURVE( '', #6145, #6147, #6148, .T. );
#5037 = EDGE_CURVE( '', #6149, #6147, #6150, .T. );
#5038 = EDGE_CURVE( '', #6129, #6149, #6151, .T. );
#5039 = FILL_AREA_STYLE( '', ( #6152 ) );
#5040 = EDGE_CURVE( '', #6153, #6154, #6155, .T. );
#5041 = EDGE_CURVE( '', #6154, #6156, #6157, .T. );
#5042 = EDGE_CURVE( '', #6158, #6156, #6159, .T. );
#5043 = EDGE_CURVE( '', #6158, #6160, #6161, .T. );
#5044 = EDGE_CURVE( '', #6160, #6153, #6162, .T. );
#5045 = FILL_AREA_STYLE( '', ( #6163 ) );
#5046 = EDGE_CURVE( '', #6164, #6165, #6166, .T. );
#5047 = EDGE_CURVE( '', #6044, #6164, #6167, .T. );
#5048 = EDGE_CURVE( '', #6165, #6052, #6168, .T. );
#5049 = FILL_AREA_STYLE( '', ( #6169 ) );
#5050 = EDGE_CURVE( '', #6170, #6120, #6171, .T. );
#5051 = EDGE_CURVE( '', #6170, #6172, #6173, .T. );
#5052 = EDGE_CURVE( '', #6174, #6172, #6175, .T. );
#5053 = EDGE_CURVE( '', #6174, #6176, #6177, .T. );
#5054 = EDGE_CURVE( '', #6176, #6122, #6178, .T. );
#5055 = FILL_AREA_STYLE( '', ( #6179 ) );
#5056 = EDGE_CURVE( '', #6180, #6181, #6182, .T. );
#5057 = EDGE_CURVE( '', #6183, #6180, #6184, .T. );
#5058 = EDGE_CURVE( '', #6185, #6183, #6186, .T. );
#5059 = EDGE_CURVE( '', #6185, #6181, #6187, .T. );
#5060 = FILL_AREA_STYLE( '', ( #6188 ) );
#5061 = EDGE_CURVE( '', #6189, #6190, #6191, .T. );
#5062 = EDGE_CURVE( '', #6192, #6189, #6193, .T. );
#5063 = EDGE_CURVE( '', #6192, #6194, #6195, .T. );
#5064 = EDGE_CURVE( '', #6194, #6190, #6196, .T. );
#5065 = FILL_AREA_STYLE( '', ( #6197 ) );
#5066 = EDGE_CURVE( '', #6198, #6199, #6200, .T. );
#5067 = EDGE_CURVE( '', #6198, #6201, #6202, .T. );
#5068 = EDGE_CURVE( '', #6203, #6201, #6204, .T. );
#5069 = EDGE_CURVE( '', #6199, #6203, #6205, .T. );
#5070 = FILL_AREA_STYLE( '', ( #6206 ) );
#5071 = EDGE_CURVE( '', #5993, #6207, #6208, .T. );
#5072 = EDGE_CURVE( '', #6207, #6209, #6210, .T. );
#5073 = EDGE_CURVE( '', #6209, #5995, #6211, .T. );
#5074 = FILL_AREA_STYLE( '', ( #6212 ) );
#5075 = EDGE_CURVE( '', #6213, #6214, #6215, .T. );
#5076 = EDGE_CURVE( '', #6027, #6213, #6216, .T. );
#5077 = EDGE_CURVE( '', #6026, #6214, #6217, .T. );
#5078 = FILL_AREA_STYLE( '', ( #6218 ) );
#5079 = EDGE_CURVE( '', #6219, #6220, #6221, .T. );
#5080 = EDGE_CURVE( '', #6219, #6222, #6223, .T. );
#5081 = EDGE_CURVE( '', #6224, #6222, #6225, .T. );
#5082 = EDGE_CURVE( '', #6220, #6224, #6226, .T. );
#5083 = FILL_AREA_STYLE( '', ( #6227 ) );
#5084 = EDGE_CURVE( '', #6160, #6228, #6229, .T. );
#5085 = EDGE_CURVE( '', #6228, #6230, #6231, .T. );
#5086 = EDGE_CURVE( '', #6230, #6153, #6232, .T. );
#5087 = FILL_AREA_STYLE( '', ( #6233 ) );
#5088 = EDGE_CURVE( '', #5968, #6234, #6235, .T. );
#5089 = EDGE_CURVE( '', #6236, #6234, #6237, .T. );
#5090 = EDGE_CURVE( '', #5970, #6236, #6238, .T. );
#5091 = FILL_AREA_STYLE( '', ( #6239 ) );
#5092 = EDGE_CURVE( '', #6135, #6240, #6241, .T. );
#5093 = EDGE_CURVE( '', #6240, #6242, #6243, .T. );
#5094 = EDGE_CURVE( '', #6242, #6137, #6244, .T. );
#5095 = FILL_AREA_STYLE( '', ( #6245 ) );
#5096 = EDGE_CURVE( '', #6246, #5900, #6247, .T. );
#5097 = EDGE_CURVE( '', #6246, #6248, #6249, .T. );
#5098 = EDGE_CURVE( '', #5903, #6248, #6250, .T. );
#5099 = FILL_AREA_STYLE( '', ( #6251 ) );
#5100 = EDGE_CURVE( '', #6181, #6252, #6253, .T. );
#5101 = EDGE_CURVE( '', #6252, #6254, #6255, .T. );
#5102 = EDGE_CURVE( '', #6180, #6254, #6256, .T. );
#5103 = FILL_AREA_STYLE( '', ( #6257 ) );
#5104 = EDGE_CURVE( '', #6258, #6259, #6260, .T. );
#5105 = EDGE_CURVE( '', #6261, #6259, #6262, .T. );
#5106 = EDGE_CURVE( '', #6263, #6261, #6264, .T. );
#5107 = EDGE_CURVE( '', #6263, #6258, #6265, .T. );
#5108 = FILL_AREA_STYLE( '', ( #6266 ) );
#5109 = EDGE_CURVE( '', #6267, #6268, #6269, .T. );
#5110 = EDGE_CURVE( '', #6267, #6270, #6271, .T. );
#5111 = EDGE_CURVE( '', #6272, #6270, #6273, .T. );
#5112 = EDGE_CURVE( '', #6268, #6272, #6274, .T. );
#5113 = FILL_AREA_STYLE( '', ( #6275 ) );
#5114 = EDGE_CURVE( '', #6276, #6189, #6277, .T. );
#5115 = EDGE_CURVE( '', #6278, #6276, #6279, .T. );
#5116 = EDGE_CURVE( '', #6278, #6192, #6280, .T. );
#5117 = FILL_AREA_STYLE( '', ( #6281 ) );
#5118 = EDGE_CURVE( '', #6282, #5753, #6283, .T. );
#5119 = EDGE_CURVE( '', #5751, #6203, #6284, .T. );
#5120 = EDGE_CURVE( '', #6201, #6285, #6286, .T. );
#5121 = EDGE_CURVE( '', #6285, #6287, #6288, .T. );
#5122 = EDGE_CURVE( '', #6287, #6289, #6290, .T. );
#5123 = EDGE_CURVE( '', #6289, #5905, #6291, .T. );
#5124 = EDGE_CURVE( '', #6248, #6292, #6293, .T. );
#5125 = EDGE_CURVE( '', #6292, #6294, #6295, .T. );
#5126 = EDGE_CURVE( '', #6294, #6282, #6296, .T. );
#5127 = FILL_AREA_STYLE( '', ( #6297 ) );
#5128 = EDGE_CURVE( '', #6298, #6299, #6300, .T. );
#5129 = EDGE_CURVE( '', #6299, #6213, #6301, .T. );
#5130 = EDGE_CURVE( '', #6213, #6302, #6303, .T. );
#5131 = EDGE_CURVE( '', #6302, #6304, #6305, .T. );
#5132 = EDGE_CURVE( '', #6298, #6304, #6306, .T. );
#5133 = FILL_AREA_STYLE( '', ( #6307 ) );
#5134 = EDGE_CURVE( '', #6308, #6309, #6310, .F. );
#5135 = EDGE_CURVE( '', #6308, #6311, #6312, .T. );
#5136 = EDGE_CURVE( '', #6313, #6311, #6314, .F. );
#5137 = EDGE_CURVE( '', #6309, #6313, #6315, .T. );
#5138 = FILL_AREA_STYLE( '', ( #6316 ) );
#5139 = EDGE_CURVE( '', #6317, #6318, #6319, .T. );
#5140 = EDGE_CURVE( '', #6320, #6318, #6321, .T. );
#5141 = EDGE_CURVE( '', #6320, #6322, #6323, .T. );
#5142 = EDGE_CURVE( '', #6322, #6324, #6325, .T. );
#5143 = EDGE_CURVE( '', #6324, #6317, #6326, .T. );
#5144 = FILL_AREA_STYLE( '', ( #6327 ) );
#5145 = EDGE_CURVE( '', #6328, #6329, #6330, .T. );
#5146 = EDGE_CURVE( '', #6328, #6331, #6332, .T. );
#5147 = EDGE_CURVE( '', #6333, #6331, #6334, .T. );
#5148 = EDGE_CURVE( '', #6329, #6333, #6335, .T. );
#5149 = FILL_AREA_STYLE( '', ( #6336 ) );
#5150 = EDGE_CURVE( '', #6337, #6308, #6338, .T. );
#5151 = EDGE_CURVE( '', #6337, #6339, #6340, .T. );
#5152 = EDGE_CURVE( '', #6311, #6339, #6341, .T. );
#5153 = FILL_AREA_STYLE( '', ( #6342 ) );
#5154 = EDGE_CURVE( '', #6343, #6344, #6345, .T. );
#5155 = EDGE_CURVE( '', #6343, #6141, #6346, .T. );
#5156 = EDGE_CURVE( '', #6344, #6139, #6347, .T. );
#5157 = FILL_AREA_STYLE( '', ( #6348 ) );
#5158 = EDGE_CURVE( '', #6349, #6350, #6351, .T. );
#5159 = EDGE_CURVE( '', #6350, #6352, #6353, .T. );
#5160 = EDGE_CURVE( '', #6352, #5873, #6354, .T. );
#5161 = EDGE_CURVE( '', #5871, #6349, #6355, .T. );
#5162 = FILL_AREA_STYLE( '', ( #6356 ) );
#5163 = EDGE_CURVE( '', #6214, #6357, #6358, .T. );
#5164 = EDGE_CURVE( '', #6357, #6302, #6359, .T. );
#5165 = FILL_AREA_STYLE( '', ( #6360 ) );
#5166 = EDGE_CURVE( '', #6361, #6362, #6363, .T. );
#5167 = EDGE_CURVE( '', #6362, #6364, #6365, .T. );
#5168 = EDGE_CURVE( '', #6364, #6366, #6367, .T. );
#5169 = EDGE_CURVE( '', #6361, #6366, #6368, .T. );
#5170 = FILL_AREA_STYLE( '', ( #6369 ) );
#5171 = EDGE_CURVE( '', #5966, #6370, #6371, .T. );
#5172 = EDGE_CURVE( '', #6234, #6370, #6372, .F. );
#5173 = FILL_AREA_STYLE( '', ( #6373 ) );
#5174 = EDGE_CURVE( '', #6374, #6375, #6376, .T. );
#5175 = EDGE_CURVE( '', #6374, #6377, #6378, .T. );
#5176 = EDGE_CURVE( '', #6379, #6377, #6380, .T. );
#5177 = EDGE_CURVE( '', #6381, #6379, #6382, .T. );
#5178 = EDGE_CURVE( '', #6381, #6383, #6384, .T. );
#5179 = EDGE_CURVE( '', #6383, #6100, #6385, .T. );
#5180 = EDGE_CURVE( '', #6386, #6099, #6387, .T. );
#5181 = EDGE_CURVE( '', #6388, #6386, #6389, .T. );
#5182 = EDGE_CURVE( '', #6388, #6299, #6390, .T. );
#5183 = EDGE_CURVE( '', #6350, #6298, #6391, .T. );
#5184 = EDGE_CURVE( '', #6349, #6392, #6393, .T. );
#5185 = EDGE_CURVE( '', #6394, #6392, #6395, .T. );
#5186 = EDGE_CURVE( '', #6396, #6394, #6397, .T. );
#5187 = EDGE_CURVE( '', #6398, #6396, #6399, .T. );
#5188 = EDGE_CURVE( '', #6398, #6400, #6401, .T. );
#5189 = EDGE_CURVE( '', #6402, #6400, #6403, .T. );
#5190 = EDGE_CURVE( '', #6375, #6402, #6404, .T. );
#5191 = FILL_AREA_STYLE( '', ( #6405 ) );
#5192 = EDGE_CURVE( '', #6406, #6364, #6407, .T. );
#5193 = EDGE_CURVE( '', #6362, #6408, #6409, .T. );
#5194 = EDGE_CURVE( '', #6408, #6410, #6411, .T. );
#5195 = EDGE_CURVE( '', #6410, #6406, #6412, .T. );
#5196 = FILL_AREA_STYLE( '', ( #6413 ) );
#5197 = EDGE_CURVE( '', #6414, #6415, #6416, .T. );
#5198 = EDGE_CURVE( '', #6417, #6414, #6418, .T. );
#5199 = EDGE_CURVE( '', #6318, #6417, #6419, .T. );
#5200 = EDGE_CURVE( '', #6318, #6415, #6420, .T. );
#5201 = FILL_AREA_STYLE( '', ( #6421 ) );
#5202 = EDGE_CURVE( '', #6422, #6423, #6424, .T. );
#5203 = EDGE_CURVE( '', #6423, #6425, #6426, .T. );
#5204 = EDGE_CURVE( '', #6427, #6425, #6428, .T. );
#5205 = EDGE_CURVE( '', #6427, #6422, #6429, .T. );
#5206 = FILL_AREA_STYLE( '', ( #6430 ) );
#5207 = EDGE_CURVE( '', #6425, #6076, #6431, .T. );
#5208 = EDGE_CURVE( '', #6075, #6427, #6432, .T. );
#5209 = FILL_AREA_STYLE( '', ( #6433 ) );
#5210 = EDGE_CURVE( '', #6434, #6435, #6436, .T. );
#5211 = EDGE_CURVE( '', #6434, #6437, #6438, .T. );
#5212 = EDGE_CURVE( '', #6439, #6437, #6440, .T. );
#5213 = EDGE_CURVE( '', #6435, #6439, #6441, .T. );
#5214 = FILL_AREA_STYLE( '', ( #6442 ) );
#5215 = EDGE_CURVE( '', #6102, #6443, #6444, .T. );
#5216 = EDGE_CURVE( '', #6445, #6102, #6446, .T. );
#5217 = EDGE_CURVE( '', #6447, #6445, #6448, .T. );
#5218 = EDGE_CURVE( '', #6447, #6443, #6449, .T. );
#5219 = FILL_AREA_STYLE( '', ( #6450 ) );
#5220 = EDGE_CURVE( '', #6344, #6258, #6451, .T. );
#5221 = EDGE_CURVE( '', #6452, #6242, #6453, .T. );
#5222 = EDGE_CURVE( '', #6454, #6452, #6455, .T. );
#5223 = EDGE_CURVE( '', #6456, #6454, #6457, .T. );
#5224 = EDGE_CURVE( '', #6458, #6456, #6459, .T. );
#5225 = EDGE_CURVE( '', #6085, #6458, #6460, .T. );
#5226 = EDGE_CURVE( '', #6259, #6089, #6461, .T. );
#5227 = FILL_AREA_STYLE( '', ( #6462 ) );
#5228 = EDGE_CURVE( '', #6463, #6228, #6464, .T. );
#5229 = EDGE_CURVE( '', #6463, #6465, #6466, .T. );
#5230 = EDGE_CURVE( '', #6465, #6230, #6467, .T. );
#5231 = FILL_AREA_STYLE( '', ( #6468 ) );
#5232 = EDGE_CURVE( '', #6339, #6469, #6470, .T. );
#5233 = EDGE_CURVE( '', #6469, #6471, #6472, .T. );
#5234 = EDGE_CURVE( '', #6471, #6022, #6473, .T. );
#5235 = EDGE_CURVE( '', #6020, #6313, #6474, .T. );
#5236 = FILL_AREA_STYLE( '', ( #6475 ) );
#5237 = EDGE_CURVE( '', #6476, #6477, #6478, .T. );
#5238 = EDGE_CURVE( '', #5978, #6476, #6479, .T. );
#5239 = EDGE_CURVE( '', #6477, #5986, #6480, .T. );
#5240 = FILL_AREA_STYLE( '', ( #6481 ) );
#5241 = EDGE_CURVE( '', #6240, #6482, #6483, .T. );
#5242 = EDGE_CURVE( '', #6484, #6482, #6485, .T. );
#5243 = EDGE_CURVE( '', #6486, #6484, #6487, .T. );
#5244 = EDGE_CURVE( '', #6486, #6452, #6488, .T. );
#5245 = FILL_AREA_STYLE( '', ( #6489 ) );
#5246 = EDGE_CURVE( '', #5742, #6490, #6491, .F. );
#5247 = EDGE_CURVE( '', #6490, #5961, #6492, .T. );
#5248 = EDGE_CURVE( '', #5959, #6493, #6494, .T. );
#5249 = EDGE_CURVE( '', #6493, #6495, #6496, .T. );
#5250 = EDGE_CURVE( '', #6495, #5744, #6497, .T. );
#5251 = FILL_AREA_STYLE( '', ( #6498 ) );
#5252 = EDGE_CURVE( '', #5957, #6499, #6500, .T. );
#5253 = EDGE_CURVE( '', #6499, #6490, #6501, .T. );
#5254 = FILL_AREA_STYLE( '', ( #6502 ) );
#5255 = EDGE_CURVE( '', #6172, #5766, #6503, .T. );
#5256 = EDGE_CURVE( '', #5758, #6170, #6504, .T. );
#5257 = FILL_AREA_STYLE( '', ( #6505 ) );
#5258 = EDGE_CURVE( '', #5886, #5948, #6506, .T. );
#5259 = FILL_AREA_STYLE( '', ( #6507 ) );
#5260 = EDGE_CURVE( '', #6508, #6414, #6509, .T. );
#5261 = EDGE_CURVE( '', #6510, #6508, #6511, .T. );
#5262 = EDGE_CURVE( '', #6510, #6417, #6512, .T. );
#5263 = FILL_AREA_STYLE( '', ( #6513 ) );
#5264 = EDGE_CURVE( '', #5849, #6009, #6514, .T. );
#5265 = EDGE_CURVE( '', #6011, #5847, #6515, .T. );
#5266 = FILL_AREA_STYLE( '', ( #6516 ) );
#5267 = EDGE_CURVE( '', #5919, #6517, #6518, .T. );
#5268 = EDGE_CURVE( '', #5779, #6517, #6519, .T. );
#5269 = FILL_AREA_STYLE( '', ( #6520 ) );
#5270 = EDGE_CURVE( '', #6521, #5990, #6522, .T. );
#5271 = EDGE_CURVE( '', #6207, #6521, #6523, .T. );
#5272 = FILL_AREA_STYLE( '', ( #6524 ) );
#5273 = EDGE_CURVE( '', #6525, #6456, #6526, .T. );
#5274 = EDGE_CURVE( '', #5797, #6525, #6527, .T. );
#5275 = EDGE_CURVE( '', #6458, #5797, #6528, .T. );
#5276 = FILL_AREA_STYLE( '', ( #6529 ) );
#5277 = EDGE_CURVE( '', #6530, #6282, #6531, .T. );
#5278 = EDGE_CURVE( '', #6530, #6532, #6533, .T. );
#5279 = EDGE_CURVE( '', #6532, #6534, #6535, .T. );
#5280 = EDGE_CURVE( '', #5840, #6534, #6536, .T. );
#5281 = EDGE_CURVE( '', #5837, #6537, #6538, .T. );
#5282 = EDGE_CURVE( '', #6537, #6469, #6539, .T. );
#5283 = EDGE_CURVE( '', #6337, #6540, #6541, .T. );
#5284 = EDGE_CURVE( '', #6540, #6542, #6543, .T. );
#5285 = EDGE_CURVE( '', #6544, #6542, #6545, .T. );
#5286 = EDGE_CURVE( '', #5965, #6544, #6546, .T. );
#5287 = EDGE_CURVE( '', #5973, #6547, #6548, .T. );
#5288 = EDGE_CURVE( '', #6549, #6547, #6550, .T. );
#5289 = EDGE_CURVE( '', #6551, #6549, #6552, .T. );
#5290 = EDGE_CURVE( '', #6551, #6553, #6554, .T. );
#5291 = EDGE_CURVE( '', #6553, #6555, #6556, .T. );
#5292 = EDGE_CURVE( '', #6557, #6555, #6558, .T. );
#5293 = EDGE_CURVE( '', #6557, #6559, #6560, .T. );
#5294 = EDGE_CURVE( '', #6559, #6561, #6562, .T. );
#5295 = EDGE_CURVE( '', #6561, #6563, #6564, .T. );
#5296 = EDGE_CURVE( '', #6565, #6563, #6566, .T. );
#5297 = EDGE_CURVE( '', #6565, #6567, #6568, .T. );
#5298 = EDGE_CURVE( '', #6567, #5740, #6569, .T. );
#5299 = EDGE_CURVE( '', #6495, #5882, #6570, .T. );
#5300 = EDGE_CURVE( '', #5880, #5944, #6571, .T. );
#5301 = EDGE_CURVE( '', #5952, #6572, #6573, .T. );
#5302 = EDGE_CURVE( '', #6572, #5749, #6574, .T. );
#5303 = FILL_AREA_STYLE( '', ( #6575 ) );
#5304 = EDGE_CURVE( '', #5879, #5945, #6576, .T. );
#5305 = FILL_AREA_STYLE( '', ( #6577 ) );
#5306 = EDGE_CURVE( '', #6578, #6579, #6580, .T. );
#5307 = EDGE_CURVE( '', #6361, #6578, #6581, .T. );
#5308 = EDGE_CURVE( '', #6366, #6579, #6582, .T. );
#5309 = FILL_AREA_STYLE( '', ( #6583 ) );
#5310 = EDGE_CURVE( '', #6031, #6357, #6584, .T. );
#5311 = FILL_AREA_STYLE( '', ( #6585 ) );
#5312 = EDGE_CURVE( '', #6309, #6017, #6586, .T. );
#5313 = FILL_AREA_STYLE( '', ( #6587 ) );
#5314 = EDGE_CURVE( '', #5991, #6588, #6589, .T. );
#5315 = EDGE_CURVE( '', #6521, #6588, #6590, .T. );
#5316 = FILL_AREA_STYLE( '', ( #6591 ) );
#5317 = EDGE_CURVE( '', #6592, #6593, #6594, .F. );
#5318 = EDGE_CURVE( '', #6592, #6294, #6595, .T. );
#5319 = EDGE_CURVE( '', #6593, #6292, #6596, .T. );
#5320 = FILL_AREA_STYLE( '', ( #6597 ) );
#5321 = EDGE_CURVE( '', #6598, #6599, #6600, .T. );
#5322 = EDGE_CURVE( '', #6599, #6601, #6602, .T. );
#5323 = EDGE_CURVE( '', #6603, #6601, #6604, .T. );
#5324 = EDGE_CURVE( '', #6603, #6598, #6605, .T. );
#5325 = FILL_AREA_STYLE( '', ( #6606 ) );
#5326 = EDGE_CURVE( '', #6567, #6607, #6608, .T. );
#5327 = EDGE_CURVE( '', #6607, #5956, #6609, .T. );
#5328 = EDGE_CURVE( '', #6499, #5739, #6610, .F. );
#5329 = FILL_AREA_STYLE( '', ( #6611 ) );
#5330 = EDGE_CURVE( '', #5884, #5950, #6612, .T. );
#5331 = FILL_AREA_STYLE( '', ( #6613 ) );
#5332 = EDGE_CURVE( '', #6392, #6093, #6614, .T. );
#5333 = EDGE_CURVE( '', #6093, #6615, #6616, .T. );
#5334 = EDGE_CURVE( '', #6615, #6617, #6618, .T. );
#5335 = EDGE_CURVE( '', #6394, #6617, #6619, .T. );
#5336 = FILL_AREA_STYLE( '', ( #6620 ) );
#5337 = EDGE_CURVE( '', #6621, #6149, #6622, .T. );
#5338 = EDGE_CURVE( '', #6621, #6263, #6623, .T. );
#5339 = EDGE_CURVE( '', #6261, #6624, #6625, .T. );
#5340 = EDGE_CURVE( '', #6626, #6624, #6627, .T. );
#5341 = EDGE_CURVE( '', #6329, #6626, #6628, .T. );
#5342 = EDGE_CURVE( '', #6333, #6629, #6630, .T. );
#5343 = EDGE_CURVE( '', #6629, #6486, #6631, .T. );
#5344 = EDGE_CURVE( '', #6484, #6129, #6632, .T. );
#5345 = FILL_AREA_STYLE( '', ( #6633 ) );
#5346 = EDGE_CURVE( '', #5929, #5829, #6634, .T. );
#5347 = EDGE_CURVE( '', #5828, #5931, #6635, .T. );
#5348 = FILL_AREA_STYLE( '', ( #6636 ) );
#5349 = EDGE_CURVE( '', #6637, #6209, #6638, .T. );
#5350 = EDGE_CURVE( '', #6637, #6639, #6640, .T. );
#5351 = EDGE_CURVE( '', #6588, #6639, #6641, .T. );
#5352 = EDGE_CURVE( '', #6209, #6588, #6642, .T. );
#5353 = FILL_AREA_STYLE( '', ( #6643 ) );
#5354 = EDGE_CURVE( '', #6147, #6644, #6645, .T. );
#5355 = EDGE_CURVE( '', #6059, #6145, #6646, .T. );
#5356 = EDGE_CURVE( '', #6056, #6647, #6648, .T. );
#5357 = EDGE_CURVE( '', #6647, #6649, #6650, .T. );
#5358 = EDGE_CURVE( '', #6649, #6644, #6651, .T. );
#5359 = FILL_AREA_STYLE( '', ( #6652 ) );
#5360 = FILL_AREA_STYLE( '', ( #6653 ) );
#5361 = EDGE_CURVE( '', #6396, #6654, #6655, .T. );
#5362 = EDGE_CURVE( '', #6654, #5773, #6656, .T. );
#5363 = EDGE_CURVE( '', #5771, #6398, #6657, .T. );
#5364 = FILL_AREA_STYLE( '', ( #6658 ) );
#5365 = EDGE_CURVE( '', #6087, #6649, #6659, .T. );
#5366 = EDGE_CURVE( '', #6624, #6649, #6660, .T. );
#5367 = FILL_AREA_STYLE( '', ( #6661 ) );
#5368 = EDGE_CURVE( '', #6607, #6493, #6662, .T. );
#5369 = FILL_AREA_STYLE( '', ( #6663 ) );
#5370 = EDGE_CURVE( '', #6530, #6592, #6664, .T. );
#5371 = EDGE_CURVE( '', #6593, #6246, #6665, .T. );
#5372 = EDGE_CURVE( '', #5901, #6532, #6666, .T. );
#5373 = FILL_AREA_STYLE( '', ( #6667 ) );
#5374 = EDGE_CURVE( '', #6199, #5748, #6668, .F. );
#5375 = FILL_AREA_STYLE( '', ( #6669 ) );
#5376 = EDGE_CURVE( '', #6328, #6002, #6670, .T. );
#5377 = EDGE_CURVE( '', #6000, #6671, #6672, .T. );
#5378 = EDGE_CURVE( '', #6671, #6673, #6674, .T. );
#5379 = EDGE_CURVE( '', #6673, #6328, #6675, .T. );
#5380 = FILL_AREA_STYLE( '', ( #6676 ) );
#5381 = EDGE_CURVE( '', #6445, #6677, #6678, .T. );
#5382 = EDGE_CURVE( '', #6677, #6679, #6680, .T. );
#5383 = EDGE_CURVE( '', #6447, #6679, #6681, .T. );
#5384 = FILL_AREA_STYLE( '', ( #6682 ) );
#5385 = EDGE_CURVE( '', #6601, #6683, #6684, .T. );
#5386 = EDGE_CURVE( '', #6685, #6683, #6686, .T. );
#5387 = EDGE_CURVE( '', #6685, #6603, #6687, .T. );
#5388 = FILL_AREA_STYLE( '', ( #6688 ) );
#5389 = EDGE_CURVE( '', #6087, #6343, #6689, .T. );
#5390 = EDGE_CURVE( '', #6057, #6084, #6690, .T. );
#5391 = EDGE_CURVE( '', #6061, #6143, #6691, .T. );
#5392 = FILL_AREA_STYLE( '', ( #6692 ) );
#5393 = EDGE_CURVE( '', #6693, #6561, #6694, .T. );
#5394 = EDGE_CURVE( '', #6693, #6695, #6696, .T. );
#5395 = EDGE_CURVE( '', #6563, #6695, #6697, .T. );
#5396 = FILL_AREA_STYLE( '', ( #6698 ) );
#5397 = EDGE_CURVE( '', #6644, #6343, #6699, .T. );
#5398 = FILL_AREA_STYLE( '', ( #6700 ) );
#5399 = EDGE_CURVE( '', #6220, #6693, #6701, .F. );
#5400 = EDGE_CURVE( '', #6695, #6224, #6702, .F. );
#5401 = FILL_AREA_STYLE( '', ( #6703 ) );
#5402 = EDGE_CURVE( '', #6094, #6704, #6705, .T. );
#5403 = EDGE_CURVE( '', #6704, #6615, #6706, .T. );
#5404 = FILL_AREA_STYLE( '', ( #6707 ) );
#5405 = EDGE_CURVE( '', #6708, #6709, #6710, .T. );
#5406 = EDGE_CURVE( '', #5775, #6708, #6711, .T. );
#5407 = EDGE_CURVE( '', #5773, #6709, #6712, .T. );
#5408 = FILL_AREA_STYLE( '', ( #6713 ) );
#5409 = EDGE_CURVE( '', #6683, #6714, #6715, .T. );
#5410 = EDGE_CURVE( '', #6716, #6714, #6717, .T. );
#5411 = EDGE_CURVE( '', #6716, #6685, #6718, .T. );
#5412 = FILL_AREA_STYLE( '', ( #6719 ) );
#5413 = EDGE_CURVE( '', #6720, #6112, #6721, .T. );
#5414 = EDGE_CURVE( '', #6720, #6048, #6722, .T. );
#5415 = FILL_AREA_STYLE( '', ( #6723 ) );
#5416 = EDGE_CURVE( '', #6724, #6578, #6725, .T. );
#5417 = EDGE_CURVE( '', #6579, #6726, #6727, .T. );
#5418 = EDGE_CURVE( '', #6724, #6726, #6728, .T. );
#5419 = FILL_AREA_STYLE( '', ( #6729 ) );
#5420 = EDGE_CURVE( '', #6362, #6724, #6730, .T. );
#5421 = EDGE_CURVE( '', #6731, #6724, #6732, .T. );
#5422 = EDGE_CURVE( '', #6408, #6731, #6733, .T. );
#5423 = FILL_AREA_STYLE( '', ( #6734 ) );
#5424 = EDGE_CURVE( '', #6735, #6736, #6737, .T. );
#5425 = EDGE_CURVE( '', #6736, #5802, #6738, .T. );
#5426 = EDGE_CURVE( '', #5801, #6735, #6739, .T. );
#5427 = FILL_AREA_STYLE( '', ( #6740 ) );
#5428 = EDGE_CURVE( '', #6415, #6741, #6742, .T. );
#5429 = EDGE_CURVE( '', #6317, #6741, #6743, .T. );
#5430 = FILL_AREA_STYLE( '', ( #6744 ) );
#5431 = EDGE_CURVE( '', #6183, #6745, #6746, .T. );
#5432 = EDGE_CURVE( '', #6745, #6747, #6748, .T. );
#5433 = EDGE_CURVE( '', #6185, #6747, #6749, .T. );
#5434 = FILL_AREA_STYLE( '', ( #6750 ) );
#5435 = EDGE_CURVE( '', #6751, #6180, #6752, .T. );
#5436 = EDGE_CURVE( '', #6753, #6751, #6754, .T. );
#5437 = EDGE_CURVE( '', #6183, #6753, #6755, .T. );
#5438 = FILL_AREA_STYLE( '', ( #6756 ) );
#5439 = EDGE_CURVE( '', #6714, #6599, #6757, .T. );
#5440 = EDGE_CURVE( '', #6598, #6716, #6758, .T. );
#5441 = FILL_AREA_STYLE( '', ( #6759 ) );
#5442 = EDGE_CURVE( '', #6572, #6760, #6761, .T. );
#5443 = EDGE_CURVE( '', #6760, #6762, #6763, .T. );
#5444 = EDGE_CURVE( '', #6762, #6198, #6764, .T. );
#5445 = FILL_AREA_STYLE( '', ( #6765 ) );
#5446 = EDGE_CURVE( '', #6254, #6766, #6767, .T. );
#5447 = EDGE_CURVE( '', #6766, #6768, #6769, .T. );
#5448 = EDGE_CURVE( '', #6751, #6768, #6770, .T. );
#5449 = FILL_AREA_STYLE( '', ( #6771 ) );
#5450 = EDGE_CURVE( '', #6772, #6165, #6773, .T. );
#5451 = EDGE_CURVE( '', #6050, #6772, #6774, .T. );
#5452 = FILL_AREA_STYLE( '', ( #6775 ) );
#5453 = EDGE_CURVE( '', #6776, #6671, #6777, .T. );
#5454 = EDGE_CURVE( '', #6776, #5999, #6778, .T. );
#5455 = FILL_AREA_STYLE( '', ( #6779 ) );
#5456 = EDGE_CURVE( '', #6027, #6388, #6780, .T. );
#5457 = FILL_AREA_STYLE( '', ( #6781 ) );
#5458 = EDGE_CURVE( '', #6782, #6158, #6783, .T. );
#5459 = EDGE_CURVE( '', #6156, #6784, #6785, .T. );
#5460 = EDGE_CURVE( '', #6753, #6784, #6786, .T. );
#5461 = EDGE_CURVE( '', #6768, #5786, #6787, .T. );
#5462 = EDGE_CURVE( '', #5784, #6788, #6789, .T. );
#5463 = EDGE_CURVE( '', #6788, #6790, #6791, .T. );
#5464 = EDGE_CURVE( '', #6790, #6324, #6792, .T. );
#5465 = EDGE_CURVE( '', #6322, #6793, #6794, .T. );
#5466 = EDGE_CURVE( '', #6793, #6795, #6796, .T. );
#5467 = EDGE_CURVE( '', #6795, #6410, #6797, .T. );
#5468 = EDGE_CURVE( '', #6639, #6731, #6798, .T. );
#5469 = EDGE_CURVE( '', #6375, #6637, #6799, .T. );
#5470 = EDGE_CURVE( '', #6402, #6800, #6801, .T. );
#5471 = EDGE_CURVE( '', #6654, #6800, #6802, .T. );
#5472 = EDGE_CURVE( '', #6352, #6617, #6803, .T. );
#5473 = EDGE_CURVE( '', #6804, #6304, #6805, .T. );
#5474 = EDGE_CURVE( '', #6386, #6804, #6806, .T. );
#5475 = EDGE_CURVE( '', #6807, #6106, #6808, .T. );
#5476 = EDGE_CURVE( '', #6807, #6782, #6809, .T. );
#5477 = FILL_AREA_STYLE( '', ( #6810 ) );
#5478 = EDGE_CURVE( '', #6039, #5921, #6811, .T. );
#5479 = FILL_AREA_STYLE( '', ( #6812 ) );
#5480 = EDGE_CURVE( '', #6207, #6374, #6813, .T. );
#5481 = FILL_AREA_STYLE( '', ( #6814 ) );
#5482 = EDGE_CURVE( '', #6815, #6508, #6816, .T. );
#5483 = EDGE_CURVE( '', #6815, #6415, #6817, .T. );
#5484 = FILL_AREA_STYLE( '', ( #6818 ) );
#5485 = FILL_AREA_STYLE( '', ( #6819 ) );
#5486 = EDGE_CURVE( '', #6762, #6285, #6820, .T. );
#5487 = FILL_AREA_STYLE( '', ( #6821 ) );
#5488 = EDGE_CURVE( '', #6822, #5982, #6823, .T. );
#5489 = EDGE_CURVE( '', #6824, #6822, #6825, .T. );
#5490 = EDGE_CURVE( '', #5984, #6824, #6826, .T. );
#5491 = EDGE_CURVE( '', #6772, #6720, #6827, .T. );
#5492 = EDGE_CURVE( '', #6422, #6080, #6828, .T. );
#5493 = EDGE_CURVE( '', #6829, #6830, #6831, .T. );
#5494 = EDGE_CURVE( '', #6832, #6829, #6833, .T. );
#5495 = EDGE_CURVE( '', #6834, #6832, #6835, .T. );
#5496 = EDGE_CURVE( '', #6830, #6834, #6836, .T. );
#5497 = EDGE_CURVE( '', #5926, #5833, #6837, .T. );
#5498 = EDGE_CURVE( '', #6735, #6838, #6839, .T. );
#5499 = EDGE_CURVE( '', #6838, #5806, #6840, .T. );
#5500 = EDGE_CURVE( '', #6008, #5851, #6841, .T. );
#5501 = EDGE_CURVE( '', #5846, #6013, #6842, .T. );
#5502 = EDGE_CURVE( '', #5764, #6174, #6843, .T. );
#5503 = EDGE_CURVE( '', #6176, #5762, #6844, .T. );
#5504 = EDGE_CURVE( '', #6845, #6067, #6846, .T. );
#5505 = EDGE_CURVE( '', #6847, #6845, #6848, .T. );
#5506 = EDGE_CURVE( '', #6069, #6847, #6849, .T. );
#5507 = EDGE_CURVE( '', #6850, #5795, #6851, .T. );
#5508 = EDGE_CURVE( '', #6004, #6850, #6852, .T. );
#5509 = EDGE_CURVE( '', #6626, #6647, #6853, .T. );
#5510 = EDGE_CURVE( '', #6084, #6647, #6854, .T. );
#5511 = FILL_AREA_STYLE( '', ( #6855 ) );
#5512 = EDGE_CURVE( '', #5831, #5927, #6856, .T. );
#5513 = FILL_AREA_STYLE( '', ( #6857 ) );
#5514 = EDGE_CURVE( '', #6847, #6125, #6858, .T. );
#5515 = FILL_AREA_STYLE( '', ( #6859 ) );
#5516 = EDGE_CURVE( '', #6555, #5935, #6860, .T. );
#5517 = EDGE_CURVE( '', #5936, #6276, #6861, .T. );
#5518 = EDGE_CURVE( '', #6190, #6557, #6862, .T. );
#5519 = FILL_AREA_STYLE( '', ( #6863 ) );
#5520 = EDGE_CURVE( '', #6534, #6272, #6864, .T. );
#5521 = EDGE_CURVE( '', #6270, #6865, #6866, .T. );
#5522 = EDGE_CURVE( '', #6865, #5857, #6867, .T. );
#5523 = FILL_AREA_STYLE( '', ( #6868 ) );
#5524 = EDGE_CURVE( '', #6869, #6870, #6871, .T. );
#5525 = EDGE_CURVE( '', #6872, #6869, #6873, .T. );
#5526 = EDGE_CURVE( '', #6874, #6872, #6875, .T. );
#5527 = EDGE_CURVE( '', #6870, #6874, #6876, .T. );
#5528 = FILL_AREA_STYLE( '', ( #6877 ) );
#5529 = EDGE_CURVE( '', #6878, #6153, #6879, .T. );
#5530 = EDGE_CURVE( '', #6878, #6880, #6881, .T. );
#5531 = EDGE_CURVE( '', #6880, #6154, #6882, .T. );
#5532 = FILL_AREA_STYLE( '', ( #6883 ) );
#5533 = EDGE_CURVE( '', #6078, #6423, #6884, .T. );
#5534 = FILL_AREA_STYLE( '', ( #6885 ) );
#5535 = EDGE_CURVE( '', #5940, #6278, #6886, .T. );
#5536 = FILL_AREA_STYLE( '', ( #6887 ) );
#5537 = EDGE_CURVE( '', #6830, #6869, #6888, .T. );
#5538 = EDGE_CURVE( '', #6829, #6870, #6889, .T. );
#5539 = FILL_AREA_STYLE( '', ( #6890 ) );
#5540 = EDGE_CURVE( '', #6364, #6726, #6891, .T. );
#5541 = FILL_AREA_STYLE( '', ( #6892 ) );
#5542 = EDGE_CURVE( '', #6834, #6872, #6893, .T. );
#5543 = FILL_AREA_STYLE( '', ( #6894 ) );
#5544 = EDGE_CURVE( '', #6164, #6110, #6895, .T. );
#5545 = FILL_AREA_STYLE( '', ( #6896 ) );
#5546 = FILL_AREA_STYLE( '', ( #6897 ) );
#5547 = EDGE_CURVE( '', #6760, #6287, #6898, .T. );
#5548 = FILL_AREA_STYLE( '', ( #6899 ) );
#5549 = EDGE_CURVE( '', #6517, #6790, #6900, .T. );
#5550 = EDGE_CURVE( '', #6788, #6035, #6901, .T. );
#5551 = EDGE_CURVE( '', #6035, #5919, #6902, .T. );
#5552 = FILL_AREA_STYLE( '', ( #6903 ) );
#5553 = EDGE_CURVE( '', #6435, #6219, #6904, .T. );
#5554 = EDGE_CURVE( '', #6222, #6439, #6905, .T. );
#5555 = FILL_AREA_STYLE( '', ( #6906 ) );
#5556 = EDGE_CURVE( '', #6018, #6907, #6908, .T. );
#5557 = EDGE_CURVE( '', #6907, #6540, #6909, .T. );
#5558 = FILL_AREA_STYLE( '', ( #6910 ) );
#5559 = FILL_AREA_STYLE( '', ( #6911 ) );
#5560 = EDGE_CURVE( '', #6912, #6776, #6913, .T. );
#5561 = EDGE_CURVE( '', #6673, #6912, #6914, .T. );
#5562 = FILL_AREA_STYLE( '', ( #6915 ) );
#5563 = EDGE_CURVE( '', #6916, #6736, #6917, .T. );
#5564 = EDGE_CURVE( '', #5804, #6916, #6918, .T. );
#5565 = FILL_AREA_STYLE( '', ( #6919 ) );
#5566 = EDGE_CURVE( '', #6377, #6521, #6920, .T. );
#5567 = FILL_AREA_STYLE( '', ( #6921 ) );
#5568 = FILL_AREA_STYLE( '', ( #6922 ) );
#5569 = EDGE_CURVE( '', #6629, #6454, #6923, .T. );
#5570 = EDGE_CURVE( '', #6331, #6525, #6924, .T. );
#5571 = FILL_AREA_STYLE( '', ( #6925 ) );
#5572 = EDGE_CURVE( '', #6907, #6471, #6926, .T. );
#5573 = FILL_AREA_STYLE( '', ( #6927 ) );
#5574 = EDGE_CURVE( '', #6437, #6565, #6928, .T. );
#5575 = FILL_AREA_STYLE( '', ( #6929 ) );
#5576 = EDGE_CURVE( '', #6547, #5891, #6930, .T. );
#5577 = EDGE_CURVE( '', #6542, #5866, #6931, .T. );
#5578 = EDGE_CURVE( '', #6268, #6537, #6932, .T. );
#5579 = EDGE_CURVE( '', #6933, #6289, #6934, .T. );
#5580 = EDGE_CURVE( '', #6933, #5894, #6935, .T. );
#5581 = FILL_AREA_STYLE( '', ( #6936 ) );
#5582 = EDGE_CURVE( '', #6525, #6240, #6937, .T. );
#5583 = EDGE_CURVE( '', #6331, #6482, #6938, .T. );
#5584 = FILL_AREA_STYLE( '', ( #6939 ) );
#5585 = EDGE_CURVE( '', #6482, #6128, #6940, .T. );
#5586 = FILL_AREA_STYLE( '', ( #6941 ) );
#5587 = FILL_AREA_STYLE( '', ( #6942 ) );
#5588 = FILL_AREA_STYLE( '', ( #6943 ) );
#5589 = FILL_AREA_STYLE( '', ( #6944 ) );
#5590 = EDGE_CURVE( '', #6621, #6644, #6945, .T. );
#5591 = FILL_AREA_STYLE( '', ( #6946 ) );
#5592 = EDGE_CURVE( '', #6553, #5938, #6947, .T. );
#5593 = FILL_AREA_STYLE( '', ( #6948 ) );
#5594 = EDGE_CURVE( '', #6949, #6160, #6950, .T. );
#5595 = EDGE_CURVE( '', #6463, #6949, #6951, .T. );
#5596 = FILL_AREA_STYLE( '', ( #6952 ) );
#5597 = EDGE_CURVE( '', #6400, #6953, #6954, .T. );
#5598 = EDGE_CURVE( '', #5771, #6953, #6955, .T. );
#5599 = FILL_AREA_STYLE( '', ( #6956 ) );
#5600 = EDGE_CURVE( '', #6845, #6957, #6958, .T. );
#5601 = EDGE_CURVE( '', #6957, #5912, #6959, .T. );
#5602 = FILL_AREA_STYLE( '', ( #6960 ) );
#5603 = EDGE_CURVE( '', #6832, #6874, #6961, .T. );
#5604 = FILL_AREA_STYLE( '', ( #6962 ) );
#5605 = EDGE_CURVE( '', #6709, #6800, #6963, .T. );
#5606 = FILL_AREA_STYLE( '', ( #6964 ) );
#5607 = FILL_AREA_STYLE( '', ( #6965 ) );
#5608 = FILL_AREA_STYLE( '', ( #6966 ) );
#5609 = EDGE_CURVE( '', #6838, #6916, #6967, .T. );
#5610 = FILL_AREA_STYLE( '', ( #6968 ) );
#5611 = EDGE_CURVE( '', #5791, #6969, #6970, .T. );
#5612 = EDGE_CURVE( '', #6971, #5790, #6972, .T. );
#5613 = EDGE_CURVE( '', #6969, #6971, #6973, .T. );
#5614 = FILL_AREA_STYLE( '', ( #6974 ) );
#5615 = EDGE_CURVE( '', #6975, #6104, #6976, .T. );
#5616 = EDGE_CURVE( '', #6679, #6975, #6977, .T. );
#5617 = EDGE_CURVE( '', #6677, #6104, #6978, .T. );
#5618 = FILL_AREA_STYLE( '', ( #6979 ) );
#5619 = EDGE_CURVE( '', #6726, #6980, #6981, .T. );
#5620 = EDGE_CURVE( '', #6980, #6379, #6982, .T. );
#5621 = FILL_AREA_STYLE( '', ( #6983 ) );
#5622 = FILL_AREA_STYLE( '', ( #6984 ) );
#5623 = EDGE_CURVE( '', #6476, #6115, #6985, .T. );
#5624 = FILL_AREA_STYLE( '', ( #6986 ) );
#5625 = EDGE_CURVE( '', #6850, #6987, #6988, .T. );
#5626 = EDGE_CURVE( '', #6987, #6969, #6989, .T. );
#5627 = EDGE_CURVE( '', #6971, #6133, #6990, .T. );
#5628 = EDGE_CURVE( '', #6912, #6131, #6991, .T. );
#5629 = FILL_AREA_STYLE( '', ( #6992 ) );
#5630 = EDGE_CURVE( '', #6993, #6745, #6994, .T. );
#5631 = EDGE_CURVE( '', #6784, #6993, #6995, .T. );
#5632 = FILL_AREA_STYLE( '', ( #6996 ) );
#5633 = EDGE_CURVE( '', #6677, #6807, #6997, .T. );
#5634 = EDGE_CURVE( '', #6383, #6445, #6998, .T. );
#5635 = EDGE_CURVE( '', #6880, #6381, #6999, .T. );
#5636 = EDGE_CURVE( '', #6949, #6878, #7000, .T. );
#5637 = EDGE_CURVE( '', #6782, #6949, #7001, .T. );
#5638 = FILL_AREA_STYLE( '', ( #7002 ) );
#5639 = EDGE_CURVE( '', #6953, #7003, #7004, .T. );
#5640 = EDGE_CURVE( '', #7003, #6708, #7005, .T. );
#5641 = EDGE_CURVE( '', #6953, #6709, #7006, .T. );
#5642 = FILL_AREA_STYLE( '', ( #7007 ) );
#5643 = FILL_AREA_STYLE( '', ( #7008 ) );
#5644 = FILL_AREA_STYLE( '', ( #7009 ) );
#5645 = EDGE_CURVE( '', #5855, #7010, #7011, .T. );
#5646 = EDGE_CURVE( '', #7010, #6267, #7012, .T. );
#5647 = FILL_AREA_STYLE( '', ( #7013 ) );
#5648 = EDGE_CURVE( '', #6029, #6302, #7014, .T. );
#5649 = EDGE_CURVE( '', #6804, #6029, #7015, .T. );
#5650 = FILL_AREA_STYLE( '', ( #7016 ) );
#5651 = EDGE_CURVE( '', #6194, #6933, #7017, .T. );
#5652 = EDGE_CURVE( '', #6559, #6434, #7018, .T. );
#5653 = FILL_AREA_STYLE( '', ( #7019 ) );
#5654 = EDGE_CURVE( '', #6036, #5918, #7020, .T. );
#5655 = FILL_AREA_STYLE( '', ( #7021 ) );
#5656 = FILL_AREA_STYLE( '', ( #7022 ) );
#5657 = EDGE_CURVE( '', #6822, #6117, #7023, .T. );
#5658 = FILL_AREA_STYLE( '', ( #7024 ) );
#5659 = EDGE_CURVE( '', #6987, #5793, #7025, .T. );
#5660 = FILL_AREA_STYLE( '', ( #7026 ) );
#5661 = FILL_AREA_STYLE( '', ( #7027 ) );
#5662 = EDGE_CURVE( '', #6793, #6815, #7028, .T. );
#5663 = EDGE_CURVE( '', #6320, #6815, #7029, .T. );
#5664 = FILL_AREA_STYLE( '', ( #7030 ) );
#5665 = EDGE_CURVE( '', #6065, #6957, #7031, .T. );
#5666 = FILL_AREA_STYLE( '', ( #7032 ) );
#5667 = FILL_AREA_STYLE( '', ( #7033 ) );
#5668 = FILL_AREA_STYLE( '', ( #7034 ) );
#5669 = EDGE_CURVE( '', #5815, #6551, #7035, .T. );
#5670 = EDGE_CURVE( '', #7036, #5813, #7037, .T. );
#5671 = EDGE_CURVE( '', #5896, #7036, #7038, .T. );
#5672 = FILL_AREA_STYLE( '', ( #7039 ) );
#5673 = FILL_AREA_STYLE( '', ( #7040 ) );
#5674 = EDGE_CURVE( '', #6747, #6252, #7041, .T. );
#5675 = FILL_AREA_STYLE( '', ( #7042 ) );
#5676 = EDGE_CURVE( '', #6406, #6980, #7043, .T. );
#5677 = FILL_AREA_STYLE( '', ( #7044 ) );
#5678 = EDGE_CURVE( '', #6745, #6254, #7045, .T. );
#5679 = EDGE_CURVE( '', #6993, #6766, #7046, .T. );
#5680 = FILL_AREA_STYLE( '', ( #7047 ) );
#5681 = FILL_AREA_STYLE( '', ( #7048 ) );
#5682 = FILL_AREA_STYLE( '', ( #7049 ) );
#5683 = EDGE_CURVE( '', #5892, #7050, #7051, .T. );
#5684 = EDGE_CURVE( '', #7036, #7050, #7052, .T. );
#5685 = FILL_AREA_STYLE( '', ( #7053 ) );
#5686 = FILL_AREA_STYLE( '', ( #7054 ) );
#5687 = EDGE_CURVE( '', #5875, #6704, #7055, .T. );
#5688 = EDGE_CURVE( '', #5873, #6615, #7056, .T. );
#5689 = FILL_AREA_STYLE( '', ( #7057 ) );
#5690 = EDGE_CURVE( '', #5811, #6549, #7058, .T. );
#5691 = FILL_AREA_STYLE( '', ( #7059 ) );
#5692 = EDGE_CURVE( '', #6443, #6975, #7060, .T. );
#5693 = FILL_AREA_STYLE( '', ( #7061 ) );
#5694 = FILL_AREA_STYLE( '', ( #7062 ) );
#5695 = EDGE_CURVE( '', #7010, #6865, #7063, .T. );
#5696 = FILL_AREA_STYLE( '', ( #7064 ) );
#5697 = FILL_AREA_STYLE( '', ( #7065 ) );
#5698 = FILL_AREA_STYLE( '', ( #7066 ) );
#5699 = FILL_AREA_STYLE( '', ( #7067 ) );
#5700 = EDGE_CURVE( '', #6824, #6477, #7068, .T. );
#5701 = FILL_AREA_STYLE( '', ( #7069 ) );
#5702 = EDGE_CURVE( '', #6510, #6320, #7070, .T. );
#5703 = FILL_AREA_STYLE( '', ( #7071 ) );
#5704 = EDGE_CURVE( '', #6741, #6795, #7072, .T. );
#5705 = FILL_AREA_STYLE( '', ( #7073 ) );
#5706 = FILL_AREA_STYLE( '', ( #7074 ) );
#5707 = FILL_AREA_STYLE( '', ( #7075 ) );
#5708 = EDGE_CURVE( '', #5770, #7003, #7076, .T. );
#5709 = FILL_AREA_STYLE( '', ( #7077 ) );
#5710 = FILL_AREA_STYLE( '', ( #7078 ) );
#5711 = FILL_AREA_STYLE( '', ( #7079 ) );
#5712 = EDGE_CURVE( '', #5864, #6236, #7080, .T. );
#5713 = FILL_AREA_STYLE( '', ( #7081 ) );
#5714 = FILL_AREA_STYLE( '', ( #7082 ) );
#5715 = FILL_AREA_STYLE( '', ( #7083 ) );
#5716 = FILL_AREA_STYLE( '', ( #7084 ) );
#5717 = EDGE_CURVE( '', #6878, #6465, #7085, .T. );
#5718 = FILL_AREA_STYLE( '', ( #7086 ) );
#5719 = FILL_AREA_STYLE( '', ( #7087 ) );
#5720 = FILL_AREA_STYLE( '', ( #7088 ) );
#5721 = FILL_AREA_STYLE( '', ( #7089 ) );
#5722 = FILL_AREA_STYLE( '', ( #7090 ) );
#5723 = FILL_AREA_STYLE( '', ( #7091 ) );
#5724 = EDGE_CURVE( '', #7050, #5810, #7092, .T. );
#5725 = FILL_AREA_STYLE( '', ( #7093 ) );
#5726 = EDGE_CURVE( '', #6370, #6544, #7094, .T. );
#5727 = FILL_AREA_STYLE( '', ( #7095 ) );
#5728 = FILL_AREA_STYLE( '', ( #7096 ) );
#5729 = FILL_AREA_STYLE( '', ( #7097 ) );
#5730 = FILL_AREA_STYLE( '', ( #7098 ) );
#5731 = FILL_AREA_STYLE( '', ( #7099 ) );
#5732 = FILL_AREA_STYLE( '', ( #7100 ) );
#5733 = FILL_AREA_STYLE( '', ( #7101 ) );
#5734 = FILL_AREA_STYLE( '', ( #7102 ) );
#5735 = FILL_AREA_STYLE( '', ( #7103 ) );
#5736 = FILL_AREA_STYLE( '', ( #7104 ) );
#5737 = FILL_AREA_STYLE( '', ( #7105 ) );
#5738 = FILL_AREA_STYLE_COLOUR( '', #7106 );
#5739 = VERTEX_POINT( '', #7107 );
#5740 = VERTEX_POINT( '', #7108 );
#5741 = LINE( '', #7109, #7110 );
#5742 = VERTEX_POINT( '', #7111 );
#5743 = LINE( '', #7112, #7113 );
#5744 = VERTEX_POINT( '', #7114 );
#5745 = LINE( '', #7115, #7116 );
#5746 = LINE( '', #7117, #7118 );
#5747 = FILL_AREA_STYLE_COLOUR( '', #7119 );
#5748 = VERTEX_POINT( '', #7120 );
#5749 = VERTEX_POINT( '', #7121 );
#5750 = LINE( '', #7122, #7123 );
#5751 = VERTEX_POINT( '', #7124 );
#5752 = LINE( '', #7125, #7126 );
#5753 = VERTEX_POINT( '', #7127 );
#5754 = LINE( '', #7128, #7129 );
#5755 = LINE( '', #7130, #7131 );
#5756 = FILL_AREA_STYLE_COLOUR( '', #7132 );
#5757 = VERTEX_POINT( '', #7133 );
#5758 = VERTEX_POINT( '', #7134 );
#5759 = LINE( '', #7135, #7136 );
#5760 = VERTEX_POINT( '', #7137 );
#5761 = LINE( '', #7138, #7139 );
#5762 = VERTEX_POINT( '', #7140 );
#5763 = LINE( '', #7141, #7142 );
#5764 = VERTEX_POINT( '', #7143 );
#5765 = LINE( '', #7144, #7145 );
#5766 = VERTEX_POINT( '', #7146 );
#5767 = LINE( '', #7147, #7148 );
#5768 = LINE( '', #7149, #7150 );
#5769 = FILL_AREA_STYLE_COLOUR( '', #7151 );
#5770 = VERTEX_POINT( '', #7152 );
#5771 = VERTEX_POINT( '', #7153 );
#5772 = LINE( '', #7154, #7155 );
#5773 = VERTEX_POINT( '', #7156 );
#5774 = LINE( '', #7157, #7158 );
#5775 = VERTEX_POINT( '', #7159 );
#5776 = LINE( '', #7160, #7161 );
#5777 = LINE( '', #7162, #7163 );
#5778 = FILL_AREA_STYLE_COLOUR( '', #7164 );
#5779 = VERTEX_POINT( '', #7165 );
#5780 = VERTEX_POINT( '', #7166 );
#5781 = LINE( '', #7167, #7168 );
#5782 = VERTEX_POINT( '', #7169 );
#5783 = LINE( '', #7170, #7171 );
#5784 = VERTEX_POINT( '', #7172 );
#5785 = LINE( '', #7173, #7174 );
#5786 = VERTEX_POINT( '', #7175 );
#5787 = LINE( '', #7176, #7177 );
#5788 = LINE( '', #7178, #7179 );
#5789 = FILL_AREA_STYLE_COLOUR( '', #7180 );
#5790 = VERTEX_POINT( '', #7181 );
#5791 = VERTEX_POINT( '', #7182 );
#5792 = LINE( '', #7183, #7184 );
#5793 = VERTEX_POINT( '', #7185 );
#5794 = LINE( '', #7186, #7187 );
#5795 = VERTEX_POINT( '', #7188 );
#5796 = LINE( '', #7189, #7190 );
#5797 = VERTEX_POINT( '', #7191 );
#5798 = LINE( '', #7192, #7193 );
#5799 = LINE( '', #7194, #7195 );
#5800 = FILL_AREA_STYLE_COLOUR( '', #7196 );
#5801 = VERTEX_POINT( '', #7197 );
#5802 = VERTEX_POINT( '', #7198 );
#5803 = LINE( '', #7199, #7200 );
#5804 = VERTEX_POINT( '', #7201 );
#5805 = LINE( '', #7202, #7203 );
#5806 = VERTEX_POINT( '', #7204 );
#5807 = LINE( '', #7205, #7206 );
#5808 = LINE( '', #7207, #7208 );
#5809 = FILL_AREA_STYLE_COLOUR( '', #7209 );
#5810 = VERTEX_POINT( '', #7210 );
#5811 = VERTEX_POINT( '', #7211 );
#5812 = CIRCLE( '', #7212, 0.0250000000000000 );
#5813 = VERTEX_POINT( '', #7213 );
#5814 = LINE( '', #7214, #7215 );
#5815 = VERTEX_POINT( '', #7216 );
#5816 = CIRCLE( '', #7217, 0.0250000000000000 );
#5817 = LINE( '', #7218, #7219 );
#5818 = FILL_AREA_STYLE_COLOUR( '', #7220 );
#5819 = VERTEX_POINT( '', #7221 );
#5820 = VERTEX_POINT( '', #7222 );
#5821 = LINE( '', #7223, #7224 );
#5822 = VERTEX_POINT( '', #7225 );
#5823 = LINE( '', #7226, #7227 );
#5824 = VERTEX_POINT( '', #7228 );
#5825 = LINE( '', #7229, #7230 );
#5826 = LINE( '', #7231, #7232 );
#5827 = FILL_AREA_STYLE_COLOUR( '', #7233 );
#5828 = VERTEX_POINT( '', #7234 );
#5829 = VERTEX_POINT( '', #7235 );
#5830 = LINE( '', #7236, #7237 );
#5831 = VERTEX_POINT( '', #7238 );
#5832 = LINE( '', #7239, #7240 );
#5833 = VERTEX_POINT( '', #7241 );
#5834 = LINE( '', #7242, #7243 );
#5835 = LINE( '', #7244, #7245 );
#5836 = FILL_AREA_STYLE_COLOUR( '', #7246 );
#5837 = VERTEX_POINT( '', #7247 );
#5838 = VERTEX_POINT( '', #7248 );
#5839 = LINE( '', #7249, #7250 );
#5840 = VERTEX_POINT( '', #7251 );
#5841 = LINE( '', #7252, #7253 );
#5842 = VERTEX_POINT( '', #7254 );
#5843 = LINE( '', #7255, #7256 );
#5844 = LINE( '', #7257, #7258 );
#5845 = FILL_AREA_STYLE_COLOUR( '', #7259 );
#5846 = VERTEX_POINT( '', #7260 );
#5847 = VERTEX_POINT( '', #7261 );
#5848 = LINE( '', #7262, #7263 );
#5849 = VERTEX_POINT( '', #7264 );
#5850 = LINE( '', #7265, #7266 );
#5851 = VERTEX_POINT( '', #7267 );
#5852 = LINE( '', #7268, #7269 );
#5853 = LINE( '', #7270, #7271 );
#5854 = FILL_AREA_STYLE_COLOUR( '', #7272 );
#5855 = VERTEX_POINT( '', #7273 );
#5856 = CIRCLE( '', #7274, 0.0250000000000000 );
#5857 = VERTEX_POINT( '', #7275 );
#5858 = CIRCLE( '', #7276, 0.0250000000000000 );
#5859 = LINE( '', #7277, #7278 );
#5860 = FILL_AREA_STYLE_COLOUR( '', #7279 );
#5861 = VERTEX_POINT( '', #7280 );
#5862 = VERTEX_POINT( '', #7281 );
#5863 = LINE( '', #7282, #7283 );
#5864 = VERTEX_POINT( '', #7284 );
#5865 = LINE( '', #7285, #7286 );
#5866 = VERTEX_POINT( '', #7287 );
#5867 = LINE( '', #7288, #7289 );
#5868 = LINE( '', #7290, #7291 );
#5869 = FILL_AREA_STYLE_COLOUR( '', #7292 );
#5870 = VERTEX_POINT( '', #7293 );
#5871 = VERTEX_POINT( '', #7294 );
#5872 = LINE( '', #7295, #7296 );
#5873 = VERTEX_POINT( '', #7297 );
#5874 = LINE( '', #7298, #7299 );
#5875 = VERTEX_POINT( '', #7300 );
#5876 = LINE( '', #7301, #7302 );
#5877 = LINE( '', #7303, #7304 );
#5878 = FILL_AREA_STYLE_COLOUR( '', #7305 );
#5879 = VERTEX_POINT( '', #7306 );
#5880 = VERTEX_POINT( '', #7307 );
#5881 = LINE( '', #7308, #7309 );
#5882 = VERTEX_POINT( '', #7310 );
#5883 = LINE( '', #7311, #7312 );
#5884 = VERTEX_POINT( '', #7313 );
#5885 = LINE( '', #7314, #7315 );
#5886 = VERTEX_POINT( '', #7316 );
#5887 = LINE( '', #7317, #7318 );
#5888 = LINE( '', #7319, #7320 );
#5889 = CIRCLE( '', #7321, 0.0250000000000000 );
#5890 = FILL_AREA_STYLE_COLOUR( '', #7322 );
#5891 = VERTEX_POINT( '', #7323 );
#5892 = VERTEX_POINT( '', #7324 );
#5893 = LINE( '', #7325, #7326 );
#5894 = VERTEX_POINT( '', #7327 );
#5895 = LINE( '', #7328, #7329 );
#5896 = VERTEX_POINT( '', #7330 );
#5897 = LINE( '', #7331, #7332 );
#5898 = LINE( '', #7333, #7334 );
#5899 = FILL_AREA_STYLE_COLOUR( '', #7335 );
#5900 = VERTEX_POINT( '', #7336 );
#5901 = VERTEX_POINT( '', #7337 );
#5902 = LINE( '', #7338, #7339 );
#5903 = VERTEX_POINT( '', #7340 );
#5904 = LINE( '', #7341, #7342 );
#5905 = VERTEX_POINT( '', #7343 );
#5906 = LINE( '', #7344, #7345 );
#5907 = LINE( '', #7346, #7347 );
#5908 = FILL_AREA_STYLE_COLOUR( '', #7348 );
#5909 = VERTEX_POINT( '', #7349 );
#5910 = VERTEX_POINT( '', #7350 );
#5911 = LINE( '', #7351, #7352 );
#5912 = VERTEX_POINT( '', #7353 );
#5913 = LINE( '', #7354, #7355 );
#5914 = VERTEX_POINT( '', #7356 );
#5915 = LINE( '', #7357, #7358 );
#5916 = LINE( '', #7359, #7360 );
#5917 = FILL_AREA_STYLE_COLOUR( '', #7361 );
#5918 = VERTEX_POINT( '', #7362 );
#5919 = VERTEX_POINT( '', #7363 );
#5920 = LINE( '', #7364, #7365 );
#5921 = VERTEX_POINT( '', #7366 );
#5922 = LINE( '', #7367, #7368 );
#5923 = LINE( '', #7369, #7370 );
#5924 = LINE( '', #7371, #7372 );
#5925 = FILL_AREA_STYLE_COLOUR( '', #7373 );
#5926 = VERTEX_POINT( '', #7374 );
#5927 = VERTEX_POINT( '', #7375 );
#5928 = LINE( '', #7376, #7377 );
#5929 = VERTEX_POINT( '', #7378 );
#5930 = LINE( '', #7379, #7380 );
#5931 = VERTEX_POINT( '', #7381 );
#5932 = LINE( '', #7382, #7383 );
#5933 = LINE( '', #7384, #7385 );
#5934 = FILL_AREA_STYLE_COLOUR( '', #7386 );
#5935 = VERTEX_POINT( '', #7387 );
#5936 = VERTEX_POINT( '', #7388 );
#5937 = CIRCLE( '', #7389, 0.0250000000000000 );
#5938 = VERTEX_POINT( '', #7390 );
#5939 = LINE( '', #7391, #7392 );
#5940 = VERTEX_POINT( '', #7393 );
#5941 = CIRCLE( '', #7394, 0.0250000000000000 );
#5942 = LINE( '', #7395, #7396 );
#5943 = FILL_AREA_STYLE_COLOUR( '', #7397 );
#5944 = VERTEX_POINT( '', #7398 );
#5945 = VERTEX_POINT( '', #7399 );
#5946 = LINE( '', #7400, #7401 );
#5947 = CIRCLE( '', #7402, 0.0250000000000000 );
#5948 = VERTEX_POINT( '', #7403 );
#5949 = LINE( '', #7404, #7405 );
#5950 = VERTEX_POINT( '', #7406 );
#5951 = LINE( '', #7407, #7408 );
#5952 = VERTEX_POINT( '', #7409 );
#5953 = LINE( '', #7410, #7411 );
#5954 = LINE( '', #7412, #7413 );
#5955 = FILL_AREA_STYLE_COLOUR( '', #7414 );
#5956 = VERTEX_POINT( '', #7415 );
#5957 = VERTEX_POINT( '', #7416 );
#5958 = LINE( '', #7417, #7418 );
#5959 = VERTEX_POINT( '', #7419 );
#5960 = LINE( '', #7420, #7421 );
#5961 = VERTEX_POINT( '', #7422 );
#5962 = LINE( '', #7423, #7424 );
#5963 = LINE( '', #7425, #7426 );
#5964 = FILL_AREA_STYLE_COLOUR( '', #7427 );
#5965 = VERTEX_POINT( '', #7428 );
#5966 = VERTEX_POINT( '', #7429 );
#5967 = LINE( '', #7430, #7431 );
#5968 = VERTEX_POINT( '', #7432 );
#5969 = CIRCLE( '', #7433, 0.0250000000000000 );
#5970 = VERTEX_POINT( '', #7434 );
#5971 = LINE( '', #7435, #7436 );
#5972 = LINE( '', #7437, #7438 );
#5973 = VERTEX_POINT( '', #7439 );
#5974 = LINE( '', #7440, #7441 );
#5975 = LINE( '', #7442, #7443 );
#5976 = FILL_AREA_STYLE_COLOUR( '', #7444 );
#5977 = VERTEX_POINT( '', #7445 );
#5978 = VERTEX_POINT( '', #7446 );
#5979 = LINE( '', #7447, #7448 );
#5980 = VERTEX_POINT( '', #7449 );
#5981 = LINE( '', #7450, #7451 );
#5982 = VERTEX_POINT( '', #7452 );
#5983 = LINE( '', #7453, #7454 );
#5984 = VERTEX_POINT( '', #7455 );
#5985 = LINE( '', #7456, #7457 );
#5986 = VERTEX_POINT( '', #7458 );
#5987 = LINE( '', #7459, #7460 );
#5988 = LINE( '', #7461, #7462 );
#5989 = FILL_AREA_STYLE_COLOUR( '', #7463 );
#5990 = VERTEX_POINT( '', #7464 );
#5991 = VERTEX_POINT( '', #7465 );
#5992 = LINE( '', #7466, #7467 );
#5993 = VERTEX_POINT( '', #7468 );
#5994 = LINE( '', #7469, #7470 );
#5995 = VERTEX_POINT( '', #7471 );
#5996 = LINE( '', #7472, #7473 );
#5997 = LINE( '', #7474, #7475 );
#5998 = FILL_AREA_STYLE_COLOUR( '', #7476 );
#5999 = VERTEX_POINT( '', #7477 );
#6000 = VERTEX_POINT( '', #7478 );
#6001 = LINE( '', #7479, #7480 );
#6002 = VERTEX_POINT( '', #7481 );
#6003 = LINE( '', #7482, #7483 );
#6004 = VERTEX_POINT( '', #7484 );
#6005 = LINE( '', #7485, #7486 );
#6006 = LINE( '', #7487, #7488 );
#6007 = FILL_AREA_STYLE_COLOUR( '', #7489 );
#6008 = VERTEX_POINT( '', #7490 );
#6009 = VERTEX_POINT( '', #7491 );
#6010 = LINE( '', #7492, #7493 );
#6011 = VERTEX_POINT( '', #7494 );
#6012 = LINE( '', #7495, #7496 );
#6013 = VERTEX_POINT( '', #7497 );
#6014 = LINE( '', #7498, #7499 );
#6015 = LINE( '', #7500, #7501 );
#6016 = FILL_AREA_STYLE_COLOUR( '', #7502 );
#6017 = VERTEX_POINT( '', #7503 );
#6018 = VERTEX_POINT( '', #7504 );
#6019 = LINE( '', #7505, #7506 );
#6020 = VERTEX_POINT( '', #7507 );
#6021 = LINE( '', #7508, #7509 );
#6022 = VERTEX_POINT( '', #7510 );
#6023 = LINE( '', #7511, #7512 );
#6024 = LINE( '', #7513, #7514 );
#6025 = FILL_AREA_STYLE_COLOUR( '', #7515 );
#6026 = VERTEX_POINT( '', #7516 );
#6027 = VERTEX_POINT( '', #7517 );
#6028 = LINE( '', #7518, #7519 );
#6029 = VERTEX_POINT( '', #7520 );
#6030 = LINE( '', #7521, #7522 );
#6031 = VERTEX_POINT( '', #7523 );
#6032 = LINE( '', #7524, #7525 );
#6033 = LINE( '', #7526, #7527 );
#6034 = FILL_AREA_STYLE_COLOUR( '', #7528 );
#6035 = VERTEX_POINT( '', #7529 );
#6036 = VERTEX_POINT( '', #7530 );
#6037 = LINE( '', #7531, #7532 );
#6038 = LINE( '', #7533, #7534 );
#6039 = VERTEX_POINT( '', #7535 );
#6040 = LINE( '', #7536, #7537 );
#6041 = LINE( '', #7538, #7539 );
#6042 = FILL_AREA_STYLE_COLOUR( '', #7540 );
#6043 = VERTEX_POINT( '', #7541 );
#6044 = VERTEX_POINT( '', #7542 );
#6045 = LINE( '', #7543, #7544 );
#6046 = VERTEX_POINT( '', #7545 );
#6047 = LINE( '', #7546, #7547 );
#6048 = VERTEX_POINT( '', #7548 );
#6049 = LINE( '', #7549, #7550 );
#6050 = VERTEX_POINT( '', #7551 );
#6051 = LINE( '', #7552, #7553 );
#6052 = VERTEX_POINT( '', #7554 );
#6053 = LINE( '', #7555, #7556 );
#6054 = LINE( '', #7557, #7558 );
#6055 = FILL_AREA_STYLE_COLOUR( '', #7559 );
#6056 = VERTEX_POINT( '', #7560 );
#6057 = VERTEX_POINT( '', #7561 );
#6058 = LINE( '', #7562, #7563 );
#6059 = VERTEX_POINT( '', #7564 );
#6060 = LINE( '', #7565, #7566 );
#6061 = VERTEX_POINT( '', #7567 );
#6062 = LINE( '', #7568, #7569 );
#6063 = LINE( '', #7570, #7571 );
#6064 = FILL_AREA_STYLE_COLOUR( '', #7572 );
#6065 = VERTEX_POINT( '', #7573 );
#6066 = LINE( '', #7574, #7575 );
#6067 = VERTEX_POINT( '', #7576 );
#6068 = LINE( '', #7577, #7578 );
#6069 = VERTEX_POINT( '', #7579 );
#6070 = LINE( '', #7580, #7581 );
#6071 = VERTEX_POINT( '', #7582 );
#6072 = LINE( '', #7583, #7584 );
#6073 = LINE( '', #7585, #7586 );
#6074 = FILL_AREA_STYLE_COLOUR( '', #7587 );
#6075 = VERTEX_POINT( '', #7588 );
#6076 = VERTEX_POINT( '', #7589 );
#6077 = LINE( '', #7590, #7591 );
#6078 = VERTEX_POINT( '', #7592 );
#6079 = LINE( '', #7593, #7594 );
#6080 = VERTEX_POINT( '', #7595 );
#6081 = LINE( '', #7596, #7597 );
#6082 = LINE( '', #7598, #7599 );
#6083 = FILL_AREA_STYLE_COLOUR( '', #7600 );
#6084 = VERTEX_POINT( '', #7601 );
#6085 = VERTEX_POINT( '', #7602 );
#6086 = LINE( '', #7603, #7604 );
#6087 = VERTEX_POINT( '', #7605 );
#6088 = LINE( '', #7606, #7607 );
#6089 = VERTEX_POINT( '', #7608 );
#6090 = LINE( '', #7609, #7610 );
#6091 = LINE( '', #7611, #7612 );
#6092 = FILL_AREA_STYLE_COLOUR( '', #7613 );
#6093 = VERTEX_POINT( '', #7614 );
#6094 = VERTEX_POINT( '', #7615 );
#6095 = LINE( '', #7616, #7617 );
#6096 = LINE( '', #7618, #7619 );
#6097 = LINE( '', #7620, #7621 );
#6098 = FILL_AREA_STYLE_COLOUR( '', #7622 );
#6099 = VERTEX_POINT( '', #7623 );
#6100 = VERTEX_POINT( '', #7624 );
#6101 = LINE( '', #7625, #7626 );
#6102 = VERTEX_POINT( '', #7627 );
#6103 = LINE( '', #7628, #7629 );
#6104 = VERTEX_POINT( '', #7630 );
#6105 = LINE( '', #7631, #7632 );
#6106 = VERTEX_POINT( '', #7633 );
#6107 = LINE( '', #7634, #7635 );
#6108 = LINE( '', #7636, #7637 );
#6109 = FILL_AREA_STYLE_COLOUR( '', #7638 );
#6110 = VERTEX_POINT( '', #7639 );
#6111 = LINE( '', #7640, #7641 );
#6112 = VERTEX_POINT( '', #7642 );
#6113 = LINE( '', #7643, #7644 );
#6114 = LINE( '', #7645, #7646 );
#6115 = VERTEX_POINT( '', #7647 );
#6116 = LINE( '', #7648, #7649 );
#6117 = VERTEX_POINT( '', #7650 );
#6118 = LINE( '', #7651, #7652 );
#6119 = LINE( '', #7653, #7654 );
#6120 = VERTEX_POINT( '', #7655 );
#6121 = LINE( '', #7656, #7657 );
#6122 = VERTEX_POINT( '', #7658 );
#6123 = LINE( '', #7659, #7660 );
#6124 = LINE( '', #7661, #7662 );
#6125 = VERTEX_POINT( '', #7663 );
#6126 = LINE( '', #7664, #7665 );
#6127 = LINE( '', #7666, #7667 );
#6128 = VERTEX_POINT( '', #7668 );
#6129 = VERTEX_POINT( '', #7669 );
#6130 = LINE( '', #7670, #7671 );
#6131 = VERTEX_POINT( '', #7672 );
#6132 = LINE( '', #7673, #7674 );
#6133 = VERTEX_POINT( '', #7675 );
#6134 = LINE( '', #7676, #7677 );
#6135 = VERTEX_POINT( '', #7678 );
#6136 = LINE( '', #7679, #7680 );
#6137 = VERTEX_POINT( '', #7681 );
#6138 = LINE( '', #7682, #7683 );
#6139 = VERTEX_POINT( '', #7684 );
#6140 = LINE( '', #7685, #7686 );
#6141 = VERTEX_POINT( '', #7687 );
#6142 = LINE( '', #7688, #7689 );
#6143 = VERTEX_POINT( '', #7690 );
#6144 = LINE( '', #7691, #7692 );
#6145 = VERTEX_POINT( '', #7693 );
#6146 = LINE( '', #7694, #7695 );
#6147 = VERTEX_POINT( '', #7696 );
#6148 = LINE( '', #7697, #7698 );
#6149 = VERTEX_POINT( '', #7699 );
#6150 = LINE( '', #7700, #7701 );
#6151 = LINE( '', #7702, #7703 );
#6152 = FILL_AREA_STYLE_COLOUR( '', #7704 );
#6153 = VERTEX_POINT( '', #7705 );
#6154 = VERTEX_POINT( '', #7706 );
#6155 = LINE( '', #7707, #7708 );
#6156 = VERTEX_POINT( '', #7709 );
#6157 = LINE( '', #7710, #7711 );
#6158 = VERTEX_POINT( '', #7712 );
#6159 = LINE( '', #7713, #7714 );
#6160 = VERTEX_POINT( '', #7715 );
#6161 = LINE( '', #7716, #7717 );
#6162 = LINE( '', #7718, #7719 );
#6163 = FILL_AREA_STYLE_COLOUR( '', #7720 );
#6164 = VERTEX_POINT( '', #7721 );
#6165 = VERTEX_POINT( '', #7722 );
#6166 = LINE( '', #7723, #7724 );
#6167 = LINE( '', #7725, #7726 );
#6168 = LINE( '', #7727, #7728 );
#6169 = FILL_AREA_STYLE_COLOUR( '', #7729 );
#6170 = VERTEX_POINT( '', #7730 );
#6171 = LINE( '', #7731, #7732 );
#6172 = VERTEX_POINT( '', #7733 );
#6173 = LINE( '', #7734, #7735 );
#6174 = VERTEX_POINT( '', #7736 );
#6175 = LINE( '', #7737, #7738 );
#6176 = VERTEX_POINT( '', #7739 );
#6177 = LINE( '', #7740, #7741 );
#6178 = LINE( '', #7742, #7743 );
#6179 = FILL_AREA_STYLE_COLOUR( '', #7744 );
#6180 = VERTEX_POINT( '', #7745 );
#6181 = VERTEX_POINT( '', #7746 );
#6182 = LINE( '', #7747, #7748 );
#6183 = VERTEX_POINT( '', #7749 );
#6184 = LINE( '', #7750, #7751 );
#6185 = VERTEX_POINT( '', #7752 );
#6186 = LINE( '', #7753, #7754 );
#6187 = LINE( '', #7755, #7756 );
#6188 = FILL_AREA_STYLE_COLOUR( '', #7757 );
#6189 = VERTEX_POINT( '', #7758 );
#6190 = VERTEX_POINT( '', #7759 );
#6191 = LINE( '', #7760, #7761 );
#6192 = VERTEX_POINT( '', #7762 );
#6193 = LINE( '', #7763, #7764 );
#6194 = VERTEX_POINT( '', #7765 );
#6195 = LINE( '', #7766, #7767 );
#6196 = LINE( '', #7768, #7769 );
#6197 = FILL_AREA_STYLE_COLOUR( '', #7770 );
#6198 = VERTEX_POINT( '', #7771 );
#6199 = VERTEX_POINT( '', #7772 );
#6200 = LINE( '', #7773, #7774 );
#6201 = VERTEX_POINT( '', #7775 );
#6202 = LINE( '', #7776, #7777 );
#6203 = VERTEX_POINT( '', #7778 );
#6204 = LINE( '', #7779, #7780 );
#6205 = LINE( '', #7781, #7782 );
#6206 = FILL_AREA_STYLE_COLOUR( '', #7783 );
#6207 = VERTEX_POINT( '', #7784 );
#6208 = LINE( '', #7785, #7786 );
#6209 = VERTEX_POINT( '', #7787 );
#6210 = LINE( '', #7788, #7789 );
#6211 = LINE( '', #7790, #7791 );
#6212 = FILL_AREA_STYLE_COLOUR( '', #7792 );
#6213 = VERTEX_POINT( '', #7793 );
#6214 = VERTEX_POINT( '', #7794 );
#6215 = LINE( '', #7795, #7796 );
#6216 = LINE( '', #7797, #7798 );
#6217 = LINE( '', #7799, #7800 );
#6218 = FILL_AREA_STYLE_COLOUR( '', #7801 );
#6219 = VERTEX_POINT( '', #7802 );
#6220 = VERTEX_POINT( '', #7803 );
#6221 = LINE( '', #7804, #7805 );
#6222 = VERTEX_POINT( '', #7806 );
#6223 = LINE( '', #7807, #7808 );
#6224 = VERTEX_POINT( '', #7809 );
#6225 = LINE( '', #7810, #7811 );
#6226 = LINE( '', #7812, #7813 );
#6227 = FILL_AREA_STYLE_COLOUR( '', #7814 );
#6228 = VERTEX_POINT( '', #7815 );
#6229 = LINE( '', #7816, #7817 );
#6230 = VERTEX_POINT( '', #7818 );
#6231 = LINE( '', #7819, #7820 );
#6232 = LINE( '', #7821, #7822 );
#6233 = FILL_AREA_STYLE_COLOUR( '', #7823 );
#6234 = VERTEX_POINT( '', #7824 );
#6235 = LINE( '', #7825, #7826 );
#6236 = VERTEX_POINT( '', #7827 );
#6237 = LINE( '', #7828, #7829 );
#6238 = LINE( '', #7830, #7831 );
#6239 = FILL_AREA_STYLE_COLOUR( '', #7832 );
#6240 = VERTEX_POINT( '', #7833 );
#6241 = LINE( '', #7834, #7835 );
#6242 = VERTEX_POINT( '', #7836 );
#6243 = LINE( '', #7837, #7838 );
#6244 = LINE( '', #7839, #7840 );
#6245 = FILL_AREA_STYLE_COLOUR( '', #7841 );
#6246 = VERTEX_POINT( '', #7842 );
#6247 = LINE( '', #7843, #7844 );
#6248 = VERTEX_POINT( '', #7845 );
#6249 = LINE( '', #7846, #7847 );
#6250 = LINE( '', #7848, #7849 );
#6251 = FILL_AREA_STYLE_COLOUR( '', #7850 );
#6252 = VERTEX_POINT( '', #7851 );
#6253 = LINE( '', #7852, #7853 );
#6254 = VERTEX_POINT( '', #7854 );
#6255 = LINE( '', #7855, #7856 );
#6256 = LINE( '', #7857, #7858 );
#6257 = FILL_AREA_STYLE_COLOUR( '', #7859 );
#6258 = VERTEX_POINT( '', #7860 );
#6259 = VERTEX_POINT( '', #7861 );
#6260 = LINE( '', #7862, #7863 );
#6261 = VERTEX_POINT( '', #7864 );
#6262 = LINE( '', #7865, #7866 );
#6263 = VERTEX_POINT( '', #7867 );
#6264 = LINE( '', #7868, #7869 );
#6265 = LINE( '', #7870, #7871 );
#6266 = FILL_AREA_STYLE_COLOUR( '', #7872 );
#6267 = VERTEX_POINT( '', #7873 );
#6268 = VERTEX_POINT( '', #7874 );
#6269 = LINE( '', #7875, #7876 );
#6270 = VERTEX_POINT( '', #7877 );
#6271 = LINE( '', #7878, #7879 );
#6272 = VERTEX_POINT( '', #7880 );
#6273 = LINE( '', #7881, #7882 );
#6274 = LINE( '', #7883, #7884 );
#6275 = FILL_AREA_STYLE_COLOUR( '', #7885 );
#6276 = VERTEX_POINT( '', #7886 );
#6277 = LINE( '', #7887, #7888 );
#6278 = VERTEX_POINT( '', #7889 );
#6279 = LINE( '', #7890, #7891 );
#6280 = LINE( '', #7892, #7893 );
#6281 = FILL_AREA_STYLE_COLOUR( '', #7894 );
#6282 = VERTEX_POINT( '', #7895 );
#6283 = LINE( '', #7896, #7897 );
#6284 = CIRCLE( '', #7898, 0.0250000000000000 );
#6285 = VERTEX_POINT( '', #7899 );
#6286 = LINE( '', #7900, #7901 );
#6287 = VERTEX_POINT( '', #7902 );
#6288 = LINE( '', #7903, #7904 );
#6289 = VERTEX_POINT( '', #7905 );
#6290 = LINE( '', #7906, #7907 );
#6291 = LINE( '', #7908, #7909 );
#6292 = VERTEX_POINT( '', #7910 );
#6293 = LINE( '', #7911, #7912 );
#6294 = VERTEX_POINT( '', #7913 );
#6295 = CIRCLE( '', #7914, 0.0250000000000000 );
#6296 = LINE( '', #7915, #7916 );
#6297 = FILL_AREA_STYLE_COLOUR( '', #7917 );
#6298 = VERTEX_POINT( '', #7918 );
#6299 = VERTEX_POINT( '', #7919 );
#6300 = LINE( '', #7920, #7921 );
#6301 = LINE( '', #7922, #7923 );
#6302 = VERTEX_POINT( '', #7924 );
#6303 = LINE( '', #7925, #7926 );
#6304 = VERTEX_POINT( '', #7927 );
#6305 = LINE( '', #7928, #7929 );
#6306 = LINE( '', #7930, #7931 );
#6307 = FILL_AREA_STYLE_COLOUR( '', #7932 );
#6308 = VERTEX_POINT( '', #7933 );
#6309 = VERTEX_POINT( '', #7934 );
#6310 = CIRCLE( '', #7935, 0.0250000000000000 );
#6311 = VERTEX_POINT( '', #7936 );
#6312 = LINE( '', #7937, #7938 );
#6313 = VERTEX_POINT( '', #7939 );
#6314 = CIRCLE( '', #7940, 0.0250000000000000 );
#6315 = LINE( '', #7941, #7942 );
#6316 = FILL_AREA_STYLE_COLOUR( '', #7943 );
#6317 = VERTEX_POINT( '', #7944 );
#6318 = VERTEX_POINT( '', #7945 );
#6319 = LINE( '', #7946, #7947 );
#6320 = VERTEX_POINT( '', #7948 );
#6321 = LINE( '', #7949, #7950 );
#6322 = VERTEX_POINT( '', #7951 );
#6323 = LINE( '', #7952, #7953 );
#6324 = VERTEX_POINT( '', #7954 );
#6325 = LINE( '', #7955, #7956 );
#6326 = LINE( '', #7957, #7958 );
#6327 = FILL_AREA_STYLE_COLOUR( '', #7959 );
#6328 = VERTEX_POINT( '', #7960 );
#6329 = VERTEX_POINT( '', #7961 );
#6330 = LINE( '', #7962, #7963 );
#6331 = VERTEX_POINT( '', #7964 );
#6332 = LINE( '', #7965, #7966 );
#6333 = VERTEX_POINT( '', #7967 );
#6334 = LINE( '', #7968, #7969 );
#6335 = LINE( '', #7970, #7971 );
#6336 = FILL_AREA_STYLE_COLOUR( '', #7972 );
#6337 = VERTEX_POINT( '', #7973 );
#6338 = LINE( '', #7974, #7975 );
#6339 = VERTEX_POINT( '', #7976 );
#6340 = LINE( '', #7977, #7978 );
#6341 = LINE( '', #7979, #7980 );
#6342 = FILL_AREA_STYLE_COLOUR( '', #7981 );
#6343 = VERTEX_POINT( '', #7982 );
#6344 = VERTEX_POINT( '', #7983 );
#6345 = LINE( '', #7984, #7985 );
#6346 = LINE( '', #7986, #7987 );
#6347 = LINE( '', #7988, #7989 );
#6348 = FILL_AREA_STYLE_COLOUR( '', #7990 );
#6349 = VERTEX_POINT( '', #7991 );
#6350 = VERTEX_POINT( '', #7992 );
#6351 = LINE( '', #7993, #7994 );
#6352 = VERTEX_POINT( '', #7995 );
#6353 = LINE( '', #7996, #7997 );
#6354 = LINE( '', #7998, #7999 );
#6355 = LINE( '', #8000, #8001 );
#6356 = FILL_AREA_STYLE_COLOUR( '', #8002 );
#6357 = VERTEX_POINT( '', #8003 );
#6358 = LINE( '', #8004, #8005 );
#6359 = LINE( '', #8006, #8007 );
#6360 = FILL_AREA_STYLE_COLOUR( '', #8008 );
#6361 = VERTEX_POINT( '', #8009 );
#6362 = VERTEX_POINT( '', #8010 );
#6363 = LINE( '', #8011, #8012 );
#6364 = VERTEX_POINT( '', #8013 );
#6365 = LINE( '', #8014, #8015 );
#6366 = VERTEX_POINT( '', #8016 );
#6367 = LINE( '', #8017, #8018 );
#6368 = LINE( '', #8019, #8020 );
#6369 = FILL_AREA_STYLE_COLOUR( '', #8021 );
#6370 = VERTEX_POINT( '', #8022 );
#6371 = LINE( '', #8023, #8024 );
#6372 = CIRCLE( '', #8025, 0.0250000000000000 );
#6373 = FILL_AREA_STYLE_COLOUR( '', #8026 );
#6374 = VERTEX_POINT( '', #8027 );
#6375 = VERTEX_POINT( '', #8028 );
#6376 = LINE( '', #8029, #8030 );
#6377 = VERTEX_POINT( '', #8031 );
#6378 = LINE( '', #8032, #8033 );
#6379 = VERTEX_POINT( '', #8034 );
#6380 = LINE( '', #8035, #8036 );
#6381 = VERTEX_POINT( '', #8037 );
#6382 = LINE( '', #8038, #8039 );
#6383 = VERTEX_POINT( '', #8040 );
#6384 = LINE( '', #8041, #8042 );
#6385 = LINE( '', #8043, #8044 );
#6386 = VERTEX_POINT( '', #8045 );
#6387 = LINE( '', #8046, #8047 );
#6388 = VERTEX_POINT( '', #8048 );
#6389 = LINE( '', #8049, #8050 );
#6390 = LINE( '', #8051, #8052 );
#6391 = LINE( '', #8053, #8054 );
#6392 = VERTEX_POINT( '', #8055 );
#6393 = LINE( '', #8056, #8057 );
#6394 = VERTEX_POINT( '', #8058 );
#6395 = LINE( '', #8059, #8060 );
#6396 = VERTEX_POINT( '', #8061 );
#6397 = LINE( '', #8062, #8063 );
#6398 = VERTEX_POINT( '', #8064 );
#6399 = LINE( '', #8065, #8066 );
#6400 = VERTEX_POINT( '', #8067 );
#6401 = LINE( '', #8068, #8069 );
#6402 = VERTEX_POINT( '', #8070 );
#6403 = LINE( '', #8071, #8072 );
#6404 = LINE( '', #8073, #8074 );
#6405 = FILL_AREA_STYLE_COLOUR( '', #8075 );
#6406 = VERTEX_POINT( '', #8076 );
#6407 = LINE( '', #8077, #8078 );
#6408 = VERTEX_POINT( '', #8079 );
#6409 = LINE( '', #8080, #8081 );
#6410 = VERTEX_POINT( '', #8082 );
#6411 = LINE( '', #8083, #8084 );
#6412 = LINE( '', #8085, #8086 );
#6413 = FILL_AREA_STYLE_COLOUR( '', #8087 );
#6414 = VERTEX_POINT( '', #8088 );
#6415 = VERTEX_POINT( '', #8089 );
#6416 = LINE( '', #8090, #8091 );
#6417 = VERTEX_POINT( '', #8092 );
#6418 = LINE( '', #8093, #8094 );
#6419 = LINE( '', #8095, #8096 );
#6420 = LINE( '', #8097, #8098 );
#6421 = FILL_AREA_STYLE_COLOUR( '', #8099 );
#6422 = VERTEX_POINT( '', #8100 );
#6423 = VERTEX_POINT( '', #8101 );
#6424 = LINE( '', #8102, #8103 );
#6425 = VERTEX_POINT( '', #8104 );
#6426 = LINE( '', #8105, #8106 );
#6427 = VERTEX_POINT( '', #8107 );
#6428 = LINE( '', #8108, #8109 );
#6429 = LINE( '', #8110, #8111 );
#6430 = FILL_AREA_STYLE_COLOUR( '', #8112 );
#6431 = LINE( '', #8113, #8114 );
#6432 = LINE( '', #8115, #8116 );
#6433 = FILL_AREA_STYLE_COLOUR( '', #8117 );
#6434 = VERTEX_POINT( '', #8118 );
#6435 = VERTEX_POINT( '', #8119 );
#6436 = LINE( '', #8120, #8121 );
#6437 = VERTEX_POINT( '', #8122 );
#6438 = LINE( '', #8123, #8124 );
#6439 = VERTEX_POINT( '', #8125 );
#6440 = LINE( '', #8126, #8127 );
#6441 = LINE( '', #8128, #8129 );
#6442 = FILL_AREA_STYLE_COLOUR( '', #8130 );
#6443 = VERTEX_POINT( '', #8131 );
#6444 = LINE( '', #8132, #8133 );
#6445 = VERTEX_POINT( '', #8134 );
#6446 = LINE( '', #8135, #8136 );
#6447 = VERTEX_POINT( '', #8137 );
#6448 = LINE( '', #8138, #8139 );
#6449 = LINE( '', #8140, #8141 );
#6450 = FILL_AREA_STYLE_COLOUR( '', #8142 );
#6451 = LINE( '', #8143, #8144 );
#6452 = VERTEX_POINT( '', #8145 );
#6453 = LINE( '', #8146, #8147 );
#6454 = VERTEX_POINT( '', #8148 );
#6455 = LINE( '', #8149, #8150 );
#6456 = VERTEX_POINT( '', #8151 );
#6457 = LINE( '', #8152, #8153 );
#6458 = VERTEX_POINT( '', #8154 );
#6459 = LINE( '', #8155, #8156 );
#6460 = LINE( '', #8157, #8158 );
#6461 = LINE( '', #8159, #8160 );
#6462 = FILL_AREA_STYLE_COLOUR( '', #8161 );
#6463 = VERTEX_POINT( '', #8162 );
#6464 = LINE( '', #8163, #8164 );
#6465 = VERTEX_POINT( '', #8165 );
#6466 = LINE( '', #8166, #8167 );
#6467 = LINE( '', #8168, #8169 );
#6468 = FILL_AREA_STYLE_COLOUR( '', #8170 );
#6469 = VERTEX_POINT( '', #8171 );
#6470 = LINE( '', #8172, #8173 );
#6471 = VERTEX_POINT( '', #8174 );
#6472 = LINE( '', #8175, #8176 );
#6473 = LINE( '', #8177, #8178 );
#6474 = LINE( '', #8179, #8180 );
#6475 = FILL_AREA_STYLE_COLOUR( '', #8181 );
#6476 = VERTEX_POINT( '', #8182 );
#6477 = VERTEX_POINT( '', #8183 );
#6478 = LINE( '', #8184, #8185 );
#6479 = LINE( '', #8186, #8187 );
#6480 = LINE( '', #8188, #8189 );
#6481 = FILL_AREA_STYLE_COLOUR( '', #8190 );
#6482 = VERTEX_POINT( '', #8191 );
#6483 = LINE( '', #8192, #8193 );
#6484 = VERTEX_POINT( '', #8194 );
#6485 = LINE( '', #8195, #8196 );
#6486 = VERTEX_POINT( '', #8197 );
#6487 = LINE( '', #8198, #8199 );
#6488 = LINE( '', #8200, #8201 );
#6489 = FILL_AREA_STYLE_COLOUR( '', #8202 );
#6490 = VERTEX_POINT( '', #8203 );
#6491 = CIRCLE( '', #8204, 0.0250000000000000 );
#6492 = LINE( '', #8205, #8206 );
#6493 = VERTEX_POINT( '', #8207 );
#6494 = LINE( '', #8208, #8209 );
#6495 = VERTEX_POINT( '', #8210 );
#6496 = LINE( '', #8211, #8212 );
#6497 = LINE( '', #8213, #8214 );
#6498 = FILL_AREA_STYLE_COLOUR( '', #8215 );
#6499 = VERTEX_POINT( '', #8216 );
#6500 = LINE( '', #8217, #8218 );
#6501 = LINE( '', #8219, #8220 );
#6502 = FILL_AREA_STYLE_COLOUR( '', #8221 );
#6503 = LINE( '', #8222, #8223 );
#6504 = LINE( '', #8224, #8225 );
#6505 = FILL_AREA_STYLE_COLOUR( '', #8226 );
#6506 = LINE( '', #8227, #8228 );
#6507 = FILL_AREA_STYLE_COLOUR( '', #8229 );
#6508 = VERTEX_POINT( '', #8230 );
#6509 = LINE( '', #8231, #8232 );
#6510 = VERTEX_POINT( '', #8233 );
#6511 = LINE( '', #8234, #8235 );
#6512 = LINE( '', #8236, #8237 );
#6513 = FILL_AREA_STYLE_COLOUR( '', #8238 );
#6514 = LINE( '', #8239, #8240 );
#6515 = LINE( '', #8241, #8242 );
#6516 = FILL_AREA_STYLE_COLOUR( '', #8243 );
#6517 = VERTEX_POINT( '', #8244 );
#6518 = LINE( '', #8245, #8246 );
#6519 = LINE( '', #8247, #8248 );
#6520 = FILL_AREA_STYLE_COLOUR( '', #8249 );
#6521 = VERTEX_POINT( '', #8250 );
#6522 = LINE( '', #8251, #8252 );
#6523 = LINE( '', #8253, #8254 );
#6524 = FILL_AREA_STYLE_COLOUR( '', #8255 );
#6525 = VERTEX_POINT( '', #8256 );
#6526 = LINE( '', #8257, #8258 );
#6527 = LINE( '', #8259, #8260 );
#6528 = LINE( '', #8261, #8262 );
#6529 = FILL_AREA_STYLE_COLOUR( '', #8263 );
#6530 = VERTEX_POINT( '', #8264 );
#6531 = LINE( '', #8265, #8266 );
#6532 = VERTEX_POINT( '', #8267 );
#6533 = LINE( '', #8268, #8269 );
#6534 = VERTEX_POINT( '', #8270 );
#6535 = LINE( '', #8271, #8272 );
#6536 = LINE( '', #8273, #8274 );
#6537 = VERTEX_POINT( '', #8275 );
#6538 = LINE( '', #8276, #8277 );
#6539 = LINE( '', #8278, #8279 );
#6540 = VERTEX_POINT( '', #8280 );
#6541 = LINE( '', #8281, #8282 );
#6542 = VERTEX_POINT( '', #8283 );
#6543 = LINE( '', #8284, #8285 );
#6544 = VERTEX_POINT( '', #8286 );
#6545 = LINE( '', #8287, #8288 );
#6546 = LINE( '', #8289, #8290 );
#6547 = VERTEX_POINT( '', #8291 );
#6548 = LINE( '', #8292, #8293 );
#6549 = VERTEX_POINT( '', #8294 );
#6550 = LINE( '', #8295, #8296 );
#6551 = VERTEX_POINT( '', #8297 );
#6552 = LINE( '', #8298, #8299 );
#6553 = VERTEX_POINT( '', #8300 );
#6554 = LINE( '', #8301, #8302 );
#6555 = VERTEX_POINT( '', #8303 );
#6556 = LINE( '', #8304, #8305 );
#6557 = VERTEX_POINT( '', #8306 );
#6558 = LINE( '', #8307, #8308 );
#6559 = VERTEX_POINT( '', #8309 );
#6560 = LINE( '', #8310, #8311 );
#6561 = VERTEX_POINT( '', #8312 );
#6562 = LINE( '', #8313, #8314 );
#6563 = VERTEX_POINT( '', #8315 );
#6564 = LINE( '', #8316, #8317 );
#6565 = VERTEX_POINT( '', #8318 );
#6566 = LINE( '', #8319, #8320 );
#6567 = VERTEX_POINT( '', #8321 );
#6568 = LINE( '', #8322, #8323 );
#6569 = LINE( '', #8324, #8325 );
#6570 = LINE( '', #8326, #8327 );
#6571 = LINE( '', #8328, #8329 );
#6572 = VERTEX_POINT( '', #8330 );
#6573 = LINE( '', #8331, #8332 );
#6574 = LINE( '', #8333, #8334 );
#6575 = FILL_AREA_STYLE_COLOUR( '', #8335 );
#6576 = LINE( '', #8336, #8337 );
#6577 = FILL_AREA_STYLE_COLOUR( '', #8338 );
#6578 = VERTEX_POINT( '', #8339 );
#6579 = VERTEX_POINT( '', #8340 );
#6580 = LINE( '', #8341, #8342 );
#6581 = LINE( '', #8343, #8344 );
#6582 = LINE( '', #8345, #8346 );
#6583 = FILL_AREA_STYLE_COLOUR( '', #8347 );
#6584 = LINE( '', #8348, #8349 );
#6585 = FILL_AREA_STYLE_COLOUR( '', #8350 );
#6586 = LINE( '', #8351, #8352 );
#6587 = FILL_AREA_STYLE_COLOUR( '', #8353 );
#6588 = VERTEX_POINT( '', #8354 );
#6589 = LINE( '', #8355, #8356 );
#6590 = LINE( '', #8357, #8358 );
#6591 = FILL_AREA_STYLE_COLOUR( '', #8359 );
#6592 = VERTEX_POINT( '', #8360 );
#6593 = VERTEX_POINT( '', #8361 );
#6594 = CIRCLE( '', #8362, 0.0250000000000000 );
#6595 = LINE( '', #8363, #8364 );
#6596 = LINE( '', #8365, #8366 );
#6597 = FILL_AREA_STYLE_COLOUR( '', #8367 );
#6598 = VERTEX_POINT( '', #8368 );
#6599 = VERTEX_POINT( '', #8369 );
#6600 = LINE( '', #8370, #8371 );
#6601 = VERTEX_POINT( '', #8372 );
#6602 = LINE( '', #8373, #8374 );
#6603 = VERTEX_POINT( '', #8375 );
#6604 = LINE( '', #8376, #8377 );
#6605 = LINE( '', #8378, #8379 );
#6606 = FILL_AREA_STYLE_COLOUR( '', #8380 );
#6607 = VERTEX_POINT( '', #8381 );
#6608 = LINE( '', #8382, #8383 );
#6609 = LINE( '', #8384, #8385 );
#6610 = CIRCLE( '', #8386, 0.0250000000000000 );
#6611 = FILL_AREA_STYLE_COLOUR( '', #8387 );
#6612 = LINE( '', #8388, #8389 );
#6613 = FILL_AREA_STYLE_COLOUR( '', #8390 );
#6614 = LINE( '', #8391, #8392 );
#6615 = VERTEX_POINT( '', #8393 );
#6616 = LINE( '', #8394, #8395 );
#6617 = VERTEX_POINT( '', #8396 );
#6618 = LINE( '', #8397, #8398 );
#6619 = LINE( '', #8399, #8400 );
#6620 = FILL_AREA_STYLE_COLOUR( '', #8401 );
#6621 = VERTEX_POINT( '', #8402 );
#6622 = LINE( '', #8403, #8404 );
#6623 = LINE( '', #8405, #8406 );
#6624 = VERTEX_POINT( '', #8407 );
#6625 = LINE( '', #8408, #8409 );
#6626 = VERTEX_POINT( '', #8410 );
#6627 = LINE( '', #8411, #8412 );
#6628 = LINE( '', #8413, #8414 );
#6629 = VERTEX_POINT( '', #8415 );
#6630 = LINE( '', #8416, #8417 );
#6631 = LINE( '', #8418, #8419 );
#6632 = LINE( '', #8420, #8421 );
#6633 = FILL_AREA_STYLE_COLOUR( '', #8422 );
#6634 = LINE( '', #8423, #8424 );
#6635 = LINE( '', #8425, #8426 );
#6636 = FILL_AREA_STYLE_COLOUR( '', #8427 );
#6637 = VERTEX_POINT( '', #8428 );
#6638 = LINE( '', #8429, #8430 );
#6639 = VERTEX_POINT( '', #8431 );
#6640 = LINE( '', #8432, #8433 );
#6641 = LINE( '', #8434, #8435 );
#6642 = LINE( '', #8436, #8437 );
#6643 = FILL_AREA_STYLE_COLOUR( '', #8438 );
#6644 = VERTEX_POINT( '', #8439 );
#6645 = LINE( '', #8440, #8441 );
#6646 = LINE( '', #8442, #8443 );
#6647 = VERTEX_POINT( '', #8444 );
#6648 = LINE( '', #8445, #8446 );
#6649 = VERTEX_POINT( '', #8447 );
#6650 = LINE( '', #8448, #8449 );
#6651 = LINE( '', #8450, #8451 );
#6652 = FILL_AREA_STYLE_COLOUR( '', #8452 );
#6653 = FILL_AREA_STYLE_COLOUR( '', #8453 );
#6654 = VERTEX_POINT( '', #8454 );
#6655 = LINE( '', #8455, #8456 );
#6656 = LINE( '', #8457, #8458 );
#6657 = LINE( '', #8459, #8460 );
#6658 = FILL_AREA_STYLE_COLOUR( '', #8461 );
#6659 = LINE( '', #8462, #8463 );
#6660 = LINE( '', #8464, #8465 );
#6661 = FILL_AREA_STYLE_COLOUR( '', #8466 );
#6662 = LINE( '', #8467, #8468 );
#6663 = FILL_AREA_STYLE_COLOUR( '', #8469 );
#6664 = LINE( '', #8470, #8471 );
#6665 = LINE( '', #8472, #8473 );
#6666 = LINE( '', #8474, #8475 );
#6667 = FILL_AREA_STYLE_COLOUR( '', #8476 );
#6668 = CIRCLE( '', #8477, 0.0250000000000000 );
#6669 = FILL_AREA_STYLE_COLOUR( '', #8478 );
#6670 = LINE( '', #8479, #8480 );
#6671 = VERTEX_POINT( '', #8481 );
#6672 = LINE( '', #8482, #8483 );
#6673 = VERTEX_POINT( '', #8484 );
#6674 = LINE( '', #8485, #8486 );
#6675 = LINE( '', #8487, #8488 );
#6676 = FILL_AREA_STYLE_COLOUR( '', #8489 );
#6677 = VERTEX_POINT( '', #8490 );
#6678 = LINE( '', #8491, #8492 );
#6679 = VERTEX_POINT( '', #8493 );
#6680 = LINE( '', #8494, #8495 );
#6681 = LINE( '', #8496, #8497 );
#6682 = FILL_AREA_STYLE_COLOUR( '', #8498 );
#6683 = VERTEX_POINT( '', #8499 );
#6684 = LINE( '', #8500, #8501 );
#6685 = VERTEX_POINT( '', #8502 );
#6686 = LINE( '', #8503, #8504 );
#6687 = LINE( '', #8505, #8506 );
#6688 = FILL_AREA_STYLE_COLOUR( '', #8507 );
#6689 = LINE( '', #8508, #8509 );
#6690 = LINE( '', #8510, #8511 );
#6691 = LINE( '', #8512, #8513 );
#6692 = FILL_AREA_STYLE_COLOUR( '', #8514 );
#6693 = VERTEX_POINT( '', #8515 );
#6694 = LINE( '', #8516, #8517 );
#6695 = VERTEX_POINT( '', #8518 );
#6696 = LINE( '', #8519, #8520 );
#6697 = LINE( '', #8521, #8522 );
#6698 = FILL_AREA_STYLE_COLOUR( '', #8523 );
#6699 = LINE( '', #8524, #8525 );
#6700 = FILL_AREA_STYLE_COLOUR( '', #8526 );
#6701 = CIRCLE( '', #8527, 0.0250000000000000 );
#6702 = CIRCLE( '', #8528, 0.0250000000000000 );
#6703 = FILL_AREA_STYLE_COLOUR( '', #8529 );
#6704 = VERTEX_POINT( '', #8530 );
#6705 = LINE( '', #8531, #8532 );
#6706 = LINE( '', #8533, #8534 );
#6707 = FILL_AREA_STYLE_COLOUR( '', #8535 );
#6708 = VERTEX_POINT( '', #8536 );
#6709 = VERTEX_POINT( '', #8537 );
#6710 = LINE( '', #8538, #8539 );
#6711 = LINE( '', #8540, #8541 );
#6712 = LINE( '', #8542, #8543 );
#6713 = FILL_AREA_STYLE_COLOUR( '', #8544 );
#6714 = VERTEX_POINT( '', #8545 );
#6715 = LINE( '', #8546, #8547 );
#6716 = VERTEX_POINT( '', #8548 );
#6717 = LINE( '', #8549, #8550 );
#6718 = LINE( '', #8551, #8552 );
#6719 = FILL_AREA_STYLE_COLOUR( '', #8553 );
#6720 = VERTEX_POINT( '', #8554 );
#6721 = LINE( '', #8555, #8556 );
#6722 = LINE( '', #8557, #8558 );
#6723 = FILL_AREA_STYLE_COLOUR( '', #8559 );
#6724 = VERTEX_POINT( '', #8560 );
#6725 = LINE( '', #8561, #8562 );
#6726 = VERTEX_POINT( '', #8563 );
#6727 = LINE( '', #8564, #8565 );
#6728 = LINE( '', #8566, #8567 );
#6729 = FILL_AREA_STYLE_COLOUR( '', #8568 );
#6730 = LINE( '', #8569, #8570 );
#6731 = VERTEX_POINT( '', #8571 );
#6732 = LINE( '', #8572, #8573 );
#6733 = LINE( '', #8574, #8575 );
#6734 = FILL_AREA_STYLE_COLOUR( '', #8576 );
#6735 = VERTEX_POINT( '', #8577 );
#6736 = VERTEX_POINT( '', #8578 );
#6737 = LINE( '', #8579, #8580 );
#6738 = LINE( '', #8581, #8582 );
#6739 = LINE( '', #8583, #8584 );
#6740 = FILL_AREA_STYLE_COLOUR( '', #8585 );
#6741 = VERTEX_POINT( '', #8586 );
#6742 = LINE( '', #8587, #8588 );
#6743 = LINE( '', #8589, #8590 );
#6744 = FILL_AREA_STYLE_COLOUR( '', #8591 );
#6745 = VERTEX_POINT( '', #8592 );
#6746 = LINE( '', #8593, #8594 );
#6747 = VERTEX_POINT( '', #8595 );
#6748 = LINE( '', #8596, #8597 );
#6749 = LINE( '', #8598, #8599 );
#6750 = FILL_AREA_STYLE_COLOUR( '', #8600 );
#6751 = VERTEX_POINT( '', #8601 );
#6752 = LINE( '', #8602, #8603 );
#6753 = VERTEX_POINT( '', #8604 );
#6754 = LINE( '', #8605, #8606 );
#6755 = LINE( '', #8607, #8608 );
#6756 = FILL_AREA_STYLE_COLOUR( '', #8609 );
#6757 = LINE( '', #8610, #8611 );
#6758 = LINE( '', #8612, #8613 );
#6759 = FILL_AREA_STYLE_COLOUR( '', #8614 );
#6760 = VERTEX_POINT( '', #8615 );
#6761 = LINE( '', #8616, #8617 );
#6762 = VERTEX_POINT( '', #8618 );
#6763 = LINE( '', #8619, #8620 );
#6764 = LINE( '', #8621, #8622 );
#6765 = FILL_AREA_STYLE_COLOUR( '', #8623 );
#6766 = VERTEX_POINT( '', #8624 );
#6767 = LINE( '', #8625, #8626 );
#6768 = VERTEX_POINT( '', #8627 );
#6769 = LINE( '', #8628, #8629 );
#6770 = LINE( '', #8630, #8631 );
#6771 = FILL_AREA_STYLE_COLOUR( '', #8632 );
#6772 = VERTEX_POINT( '', #8633 );
#6773 = LINE( '', #8634, #8635 );
#6774 = LINE( '', #8636, #8637 );
#6775 = FILL_AREA_STYLE_COLOUR( '', #8638 );
#6776 = VERTEX_POINT( '', #8639 );
#6777 = LINE( '', #8640, #8641 );
#6778 = LINE( '', #8642, #8643 );
#6779 = FILL_AREA_STYLE_COLOUR( '', #8644 );
#6780 = LINE( '', #8645, #8646 );
#6781 = FILL_AREA_STYLE_COLOUR( '', #8647 );
#6782 = VERTEX_POINT( '', #8648 );
#6783 = LINE( '', #8649, #8650 );
#6784 = VERTEX_POINT( '', #8651 );
#6785 = LINE( '', #8652, #8653 );
#6786 = LINE( '', #8654, #8655 );
#6787 = LINE( '', #8656, #8657 );
#6788 = VERTEX_POINT( '', #8658 );
#6789 = LINE( '', #8659, #8660 );
#6790 = VERTEX_POINT( '', #8661 );
#6791 = LINE( '', #8662, #8663 );
#6792 = LINE( '', #8664, #8665 );
#6793 = VERTEX_POINT( '', #8666 );
#6794 = LINE( '', #8667, #8668 );
#6795 = VERTEX_POINT( '', #8669 );
#6796 = LINE( '', #8670, #8671 );
#6797 = LINE( '', #8672, #8673 );
#6798 = LINE( '', #8674, #8675 );
#6799 = LINE( '', #8676, #8677 );
#6800 = VERTEX_POINT( '', #8678 );
#6801 = LINE( '', #8679, #8680 );
#6802 = LINE( '', #8681, #8682 );
#6803 = LINE( '', #8683, #8684 );
#6804 = VERTEX_POINT( '', #8685 );
#6805 = LINE( '', #8686, #8687 );
#6806 = LINE( '', #8688, #8689 );
#6807 = VERTEX_POINT( '', #8690 );
#6808 = LINE( '', #8691, #8692 );
#6809 = LINE( '', #8693, #8694 );
#6810 = FILL_AREA_STYLE_COLOUR( '', #8695 );
#6811 = LINE( '', #8696, #8697 );
#6812 = FILL_AREA_STYLE_COLOUR( '', #8698 );
#6813 = LINE( '', #8699, #8700 );
#6814 = FILL_AREA_STYLE_COLOUR( '', #8701 );
#6815 = VERTEX_POINT( '', #8702 );
#6816 = LINE( '', #8703, #8704 );
#6817 = LINE( '', #8705, #8706 );
#6818 = FILL_AREA_STYLE_COLOUR( '', #8707 );
#6819 = FILL_AREA_STYLE_COLOUR( '', #8708 );
#6820 = LINE( '', #8709, #8710 );
#6821 = FILL_AREA_STYLE_COLOUR( '', #8711 );
#6822 = VERTEX_POINT( '', #8712 );
#6823 = LINE( '', #8713, #8714 );
#6824 = VERTEX_POINT( '', #8715 );
#6825 = LINE( '', #8716, #8717 );
#6826 = LINE( '', #8718, #8719 );
#6827 = LINE( '', #8720, #8721 );
#6828 = LINE( '', #8722, #8723 );
#6829 = VERTEX_POINT( '', #8724 );
#6830 = VERTEX_POINT( '', #8725 );
#6831 = LINE( '', #8726, #8727 );
#6832 = VERTEX_POINT( '', #8728 );
#6833 = LINE( '', #8729, #8730 );
#6834 = VERTEX_POINT( '', #8731 );
#6835 = LINE( '', #8732, #8733 );
#6836 = LINE( '', #8734, #8735 );
#6837 = LINE( '', #8736, #8737 );
#6838 = VERTEX_POINT( '', #8738 );
#6839 = LINE( '', #8739, #8740 );
#6840 = LINE( '', #8741, #8742 );
#6841 = LINE( '', #8743, #8744 );
#6842 = LINE( '', #8745, #8746 );
#6843 = LINE( '', #8747, #8748 );
#6844 = LINE( '', #8749, #8750 );
#6845 = VERTEX_POINT( '', #8751 );
#6846 = LINE( '', #8752, #8753 );
#6847 = VERTEX_POINT( '', #8754 );
#6848 = LINE( '', #8755, #8756 );
#6849 = LINE( '', #8757, #8758 );
#6850 = VERTEX_POINT( '', #8759 );
#6851 = LINE( '', #8760, #8761 );
#6852 = LINE( '', #8762, #8763 );
#6853 = LINE( '', #8764, #8765 );
#6854 = LINE( '', #8766, #8767 );
#6855 = FILL_AREA_STYLE_COLOUR( '', #8768 );
#6856 = LINE( '', #8769, #8770 );
#6857 = FILL_AREA_STYLE_COLOUR( '', #8771 );
#6858 = LINE( '', #8772, #8773 );
#6859 = FILL_AREA_STYLE_COLOUR( '', #8774 );
#6860 = LINE( '', #8775, #8776 );
#6861 = LINE( '', #8777, #8778 );
#6862 = LINE( '', #8779, #8780 );
#6863 = FILL_AREA_STYLE_COLOUR( '', #8781 );
#6864 = LINE( '', #8782, #8783 );
#6865 = VERTEX_POINT( '', #8784 );
#6866 = LINE( '', #8785, #8786 );
#6867 = LINE( '', #8787, #8788 );
#6868 = FILL_AREA_STYLE_COLOUR( '', #8789 );
#6869 = VERTEX_POINT( '', #8790 );
#6870 = VERTEX_POINT( '', #8791 );
#6871 = LINE( '', #8792, #8793 );
#6872 = VERTEX_POINT( '', #8794 );
#6873 = LINE( '', #8795, #8796 );
#6874 = VERTEX_POINT( '', #8797 );
#6875 = LINE( '', #8798, #8799 );
#6876 = LINE( '', #8800, #8801 );
#6877 = FILL_AREA_STYLE_COLOUR( '', #8802 );
#6878 = VERTEX_POINT( '', #8803 );
#6879 = LINE( '', #8804, #8805 );
#6880 = VERTEX_POINT( '', #8806 );
#6881 = LINE( '', #8807, #8808 );
#6882 = LINE( '', #8809, #8810 );
#6883 = FILL_AREA_STYLE_COLOUR( '', #8811 );
#6884 = LINE( '', #8812, #8813 );
#6885 = FILL_AREA_STYLE_COLOUR( '', #8814 );
#6886 = LINE( '', #8815, #8816 );
#6887 = FILL_AREA_STYLE_COLOUR( '', #8817 );
#6888 = LINE( '', #8818, #8819 );
#6889 = LINE( '', #8820, #8821 );
#6890 = FILL_AREA_STYLE_COLOUR( '', #8822 );
#6891 = LINE( '', #8823, #8824 );
#6892 = FILL_AREA_STYLE_COLOUR( '', #8825 );
#6893 = LINE( '', #8826, #8827 );
#6894 = FILL_AREA_STYLE_COLOUR( '', #8828 );
#6895 = LINE( '', #8829, #8830 );
#6896 = FILL_AREA_STYLE_COLOUR( '', #8831 );
#6897 = FILL_AREA_STYLE_COLOUR( '', #8832 );
#6898 = LINE( '', #8833, #8834 );
#6899 = FILL_AREA_STYLE_COLOUR( '', #8835 );
#6900 = LINE( '', #8836, #8837 );
#6901 = LINE( '', #8838, #8839 );
#6902 = LINE( '', #8840, #8841 );
#6903 = FILL_AREA_STYLE_COLOUR( '', #8842 );
#6904 = LINE( '', #8843, #8844 );
#6905 = LINE( '', #8845, #8846 );
#6906 = FILL_AREA_STYLE_COLOUR( '', #8847 );
#6907 = VERTEX_POINT( '', #8848 );
#6908 = LINE( '', #8849, #8850 );
#6909 = LINE( '', #8851, #8852 );
#6910 = FILL_AREA_STYLE_COLOUR( '', #8853 );
#6911 = FILL_AREA_STYLE_COLOUR( '', #8854 );
#6912 = VERTEX_POINT( '', #8855 );
#6913 = LINE( '', #8856, #8857 );
#6914 = LINE( '', #8858, #8859 );
#6915 = FILL_AREA_STYLE_COLOUR( '', #8860 );
#6916 = VERTEX_POINT( '', #8861 );
#6917 = LINE( '', #8862, #8863 );
#6918 = LINE( '', #8864, #8865 );
#6919 = FILL_AREA_STYLE_COLOUR( '', #8866 );
#6920 = LINE( '', #8867, #8868 );
#6921 = FILL_AREA_STYLE_COLOUR( '', #8869 );
#6922 = FILL_AREA_STYLE_COLOUR( '', #8870 );
#6923 = LINE( '', #8871, #8872 );
#6924 = LINE( '', #8873, #8874 );
#6925 = FILL_AREA_STYLE_COLOUR( '', #8875 );
#6926 = LINE( '', #8876, #8877 );
#6927 = FILL_AREA_STYLE_COLOUR( '', #8878 );
#6928 = LINE( '', #8879, #8880 );
#6929 = FILL_AREA_STYLE_COLOUR( '', #8881 );
#6930 = LINE( '', #8882, #8883 );
#6931 = LINE( '', #8884, #8885 );
#6932 = LINE( '', #8886, #8887 );
#6933 = VERTEX_POINT( '', #8888 );
#6934 = LINE( '', #8889, #8890 );
#6935 = LINE( '', #8891, #8892 );
#6936 = FILL_AREA_STYLE_COLOUR( '', #8893 );
#6937 = LINE( '', #8894, #8895 );
#6938 = LINE( '', #8896, #8897 );
#6939 = FILL_AREA_STYLE_COLOUR( '', #8898 );
#6940 = LINE( '', #8899, #8900 );
#6941 = FILL_AREA_STYLE_COLOUR( '', #8901 );
#6942 = FILL_AREA_STYLE_COLOUR( '', #8902 );
#6943 = FILL_AREA_STYLE_COLOUR( '', #8903 );
#6944 = FILL_AREA_STYLE_COLOUR( '', #8904 );
#6945 = LINE( '', #8905, #8906 );
#6946 = FILL_AREA_STYLE_COLOUR( '', #8907 );
#6947 = LINE( '', #8908, #8909 );
#6948 = FILL_AREA_STYLE_COLOUR( '', #8910 );
#6949 = VERTEX_POINT( '', #8911 );
#6950 = LINE( '', #8912, #8913 );
#6951 = LINE( '', #8914, #8915 );
#6952 = FILL_AREA_STYLE_COLOUR( '', #8916 );
#6953 = VERTEX_POINT( '', #8917 );
#6954 = LINE( '', #8918, #8919 );
#6955 = LINE( '', #8920, #8921 );
#6956 = FILL_AREA_STYLE_COLOUR( '', #8922 );
#6957 = VERTEX_POINT( '', #8923 );
#6958 = LINE( '', #8924, #8925 );
#6959 = LINE( '', #8926, #8927 );
#6960 = FILL_AREA_STYLE_COLOUR( '', #8928 );
#6961 = LINE( '', #8929, #8930 );
#6962 = FILL_AREA_STYLE_COLOUR( '', #8931 );
#6963 = LINE( '', #8932, #8933 );
#6964 = FILL_AREA_STYLE_COLOUR( '', #8934 );
#6965 = FILL_AREA_STYLE_COLOUR( '', #8935 );
#6966 = FILL_AREA_STYLE_COLOUR( '', #8936 );
#6967 = LINE( '', #8937, #8938 );
#6968 = FILL_AREA_STYLE_COLOUR( '', #8939 );
#6969 = VERTEX_POINT( '', #8940 );
#6970 = LINE( '', #8941, #8942 );
#6971 = VERTEX_POINT( '', #8943 );
#6972 = LINE( '', #8944, #8945 );
#6973 = LINE( '', #8946, #8947 );
#6974 = FILL_AREA_STYLE_COLOUR( '', #8948 );
#6975 = VERTEX_POINT( '', #8949 );
#6976 = LINE( '', #8950, #8951 );
#6977 = LINE( '', #8952, #8953 );
#6978 = LINE( '', #8954, #8955 );
#6979 = FILL_AREA_STYLE_COLOUR( '', #8956 );
#6980 = VERTEX_POINT( '', #8957 );
#6981 = LINE( '', #8958, #8959 );
#6982 = LINE( '', #8960, #8961 );
#6983 = FILL_AREA_STYLE_COLOUR( '', #8962 );
#6984 = FILL_AREA_STYLE_COLOUR( '', #8963 );
#6985 = LINE( '', #8964, #8965 );
#6986 = FILL_AREA_STYLE_COLOUR( '', #8966 );
#6987 = VERTEX_POINT( '', #8967 );
#6988 = LINE( '', #8968, #8969 );
#6989 = LINE( '', #8970, #8971 );
#6990 = LINE( '', #8972, #8973 );
#6991 = LINE( '', #8974, #8975 );
#6992 = FILL_AREA_STYLE_COLOUR( '', #8976 );
#6993 = VERTEX_POINT( '', #8977 );
#6994 = LINE( '', #8978, #8979 );
#6995 = LINE( '', #8980, #8981 );
#6996 = FILL_AREA_STYLE_COLOUR( '', #8982 );
#6997 = LINE( '', #8983, #8984 );
#6998 = LINE( '', #8985, #8986 );
#6999 = LINE( '', #8987, #8988 );
#7000 = LINE( '', #8989, #8990 );
#7001 = LINE( '', #8991, #8992 );
#7002 = FILL_AREA_STYLE_COLOUR( '', #8993 );
#7003 = VERTEX_POINT( '', #8994 );
#7004 = LINE( '', #8995, #8996 );
#7005 = LINE( '', #8997, #8998 );
#7006 = LINE( '', #8999, #9000 );
#7007 = FILL_AREA_STYLE_COLOUR( '', #9001 );
#7008 = FILL_AREA_STYLE_COLOUR( '', #9002 );
#7009 = FILL_AREA_STYLE_COLOUR( '', #9003 );
#7010 = VERTEX_POINT( '', #9004 );
#7011 = LINE( '', #9005, #9006 );
#7012 = LINE( '', #9007, #9008 );
#7013 = FILL_AREA_STYLE_COLOUR( '', #9009 );
#7014 = LINE( '', #9010, #9011 );
#7015 = LINE( '', #9012, #9013 );
#7016 = FILL_AREA_STYLE_COLOUR( '', #9014 );
#7017 = LINE( '', #9015, #9016 );
#7018 = LINE( '', #9017, #9018 );
#7019 = FILL_AREA_STYLE_COLOUR( '', #9019 );
#7020 = LINE( '', #9020, #9021 );
#7021 = FILL_AREA_STYLE_COLOUR( '', #9022 );
#7022 = FILL_AREA_STYLE_COLOUR( '', #9023 );
#7023 = LINE( '', #9024, #9025 );
#7024 = FILL_AREA_STYLE_COLOUR( '', #9026 );
#7025 = LINE( '', #9027, #9028 );
#7026 = FILL_AREA_STYLE_COLOUR( '', #9029 );
#7027 = FILL_AREA_STYLE_COLOUR( '', #9030 );
#7028 = LINE( '', #9031, #9032 );
#7029 = LINE( '', #9033, #9034 );
#7030 = FILL_AREA_STYLE_COLOUR( '', #9035 );
#7031 = LINE( '', #9036, #9037 );
#7032 = FILL_AREA_STYLE_COLOUR( '', #9038 );
#7033 = FILL_AREA_STYLE_COLOUR( '', #9039 );
#7034 = FILL_AREA_STYLE_COLOUR( '', #9040 );
#7035 = LINE( '', #9041, #9042 );
#7036 = VERTEX_POINT( '', #9043 );
#7037 = LINE( '', #9044, #9045 );
#7038 = LINE( '', #9046, #9047 );
#7039 = FILL_AREA_STYLE_COLOUR( '', #9048 );
#7040 = FILL_AREA_STYLE_COLOUR( '', #9049 );
#7041 = LINE( '', #9050, #9051 );
#7042 = FILL_AREA_STYLE_COLOUR( '', #9052 );
#7043 = LINE( '', #9053, #9054 );
#7044 = FILL_AREA_STYLE_COLOUR( '', #9055 );
#7045 = LINE( '', #9056, #9057 );
#7046 = LINE( '', #9058, #9059 );
#7047 = FILL_AREA_STYLE_COLOUR( '', #9060 );
#7048 = FILL_AREA_STYLE_COLOUR( '', #9061 );
#7049 = FILL_AREA_STYLE_COLOUR( '', #9062 );
#7050 = VERTEX_POINT( '', #9063 );
#7051 = LINE( '', #9064, #9065 );
#7052 = LINE( '', #9066, #9067 );
#7053 = FILL_AREA_STYLE_COLOUR( '', #9068 );
#7054 = FILL_AREA_STYLE_COLOUR( '', #9069 );
#7055 = LINE( '', #9070, #9071 );
#7056 = LINE( '', #9072, #9073 );
#7057 = FILL_AREA_STYLE_COLOUR( '', #9074 );
#7058 = LINE( '', #9075, #9076 );
#7059 = FILL_AREA_STYLE_COLOUR( '', #9077 );
#7060 = LINE( '', #9078, #9079 );
#7061 = FILL_AREA_STYLE_COLOUR( '', #9080 );
#7062 = FILL_AREA_STYLE_COLOUR( '', #9081 );
#7063 = LINE( '', #9082, #9083 );
#7064 = FILL_AREA_STYLE_COLOUR( '', #9084 );
#7065 = FILL_AREA_STYLE_COLOUR( '', #9085 );
#7066 = FILL_AREA_STYLE_COLOUR( '', #9086 );
#7067 = FILL_AREA_STYLE_COLOUR( '', #9087 );
#7068 = LINE( '', #9088, #9089 );
#7069 = FILL_AREA_STYLE_COLOUR( '', #9090 );
#7070 = LINE( '', #9091, #9092 );
#7071 = FILL_AREA_STYLE_COLOUR( '', #9093 );
#7072 = LINE( '', #9094, #9095 );
#7073 = FILL_AREA_STYLE_COLOUR( '', #9096 );
#7074 = FILL_AREA_STYLE_COLOUR( '', #9097 );
#7075 = FILL_AREA_STYLE_COLOUR( '', #9098 );
#7076 = LINE( '', #9099, #9100 );
#7077 = FILL_AREA_STYLE_COLOUR( '', #9101 );
#7078 = FILL_AREA_STYLE_COLOUR( '', #9102 );
#7079 = FILL_AREA_STYLE_COLOUR( '', #9103 );
#7080 = LINE( '', #9104, #9105 );
#7081 = FILL_AREA_STYLE_COLOUR( '', #9106 );
#7082 = FILL_AREA_STYLE_COLOUR( '', #9107 );
#7083 = FILL_AREA_STYLE_COLOUR( '', #9108 );
#7084 = FILL_AREA_STYLE_COLOUR( '', #9109 );
#7085 = LINE( '', #9110, #9111 );
#7086 = FILL_AREA_STYLE_COLOUR( '', #9112 );
#7087 = FILL_AREA_STYLE_COLOUR( '', #9113 );
#7088 = FILL_AREA_STYLE_COLOUR( '', #9114 );
#7089 = FILL_AREA_STYLE_COLOUR( '', #9115 );
#7090 = FILL_AREA_STYLE_COLOUR( '', #9116 );
#7091 = FILL_AREA_STYLE_COLOUR( '', #9117 );
#7092 = LINE( '', #9118, #9119 );
#7093 = FILL_AREA_STYLE_COLOUR( '', #9120 );
#7094 = LINE( '', #9121, #9122 );
#7095 = FILL_AREA_STYLE_COLOUR( '', #9123 );
#7096 = FILL_AREA_STYLE_COLOUR( '', #9124 );
#7097 = FILL_AREA_STYLE_COLOUR( '', #9125 );
#7098 = FILL_AREA_STYLE_COLOUR( '', #9126 );
#7099 = FILL_AREA_STYLE_COLOUR( '', #9127 );
#7100 = FILL_AREA_STYLE_COLOUR( '', #9128 );
#7101 = FILL_AREA_STYLE_COLOUR( '', #9129 );
#7102 = FILL_AREA_STYLE_COLOUR( '', #9130 );
#7103 = FILL_AREA_STYLE_COLOUR( '', #9131 );
#7104 = FILL_AREA_STYLE_COLOUR( '', #9132 );
#7105 = FILL_AREA_STYLE_COLOUR( '', #9133 );
#7106 = COLOUR_RGB( '', 1.00000000000000, 1.00000000000000, 1.00000000000000 );
#7107 = CARTESIAN_POINT( '', ( 0.00799999999999997, -8.53702498020082E-18, 0.0170000000000000 ) );
#7108 = CARTESIAN_POINT( '', ( 0.00799999999999997, 0.0100000000000000, 0.0170000000000000 ) );
#7109 = CARTESIAN_POINT( '', ( 0.00799999999999997, 0.0100000000000000, 0.0170000000000000 ) );
#7110 = VECTOR( '', #9134, 39.3700787402000 );
#7111 = CARTESIAN_POINT( '', ( -0.00800000000000001, -8.53702498020082E-18, 0.0170000000000000 ) );
#7112 = CARTESIAN_POINT( '', ( 0.108000000000000, -8.53702498020082E-18, 0.0170000000000000 ) );
#7113 = VECTOR( '', #9135, 39.3700787402000 );
#7114 = CARTESIAN_POINT( '', ( -0.00800000000000001, 0.0100000000000000, 0.0170000000000000 ) );
#7115 = CARTESIAN_POINT( '', ( -0.00800000000000001, 0.0100000000000000, 0.0170000000000000 ) );
#7116 = VECTOR( '', #9136, 39.3700787402000 );
#7117 = CARTESIAN_POINT( '', ( 0.108000000000000, 0.0100000000000000, 0.0170000000000000 ) );
#7118 = VECTOR( '', #9137, 39.3700787402000 );
#7119 = COLOUR_RGB( '', 1.00000000000000, 1.00000000000000, 1.00000000000000 );
#7120 = CARTESIAN_POINT( '', ( -0.0920000000000000, -8.53702498020082E-18, 0.0170000000000000 ) );
#7121 = CARTESIAN_POINT( '', ( -0.0920000000000000, 0.0100000000000000, 0.0170000000000000 ) );
#7122 = CARTESIAN_POINT( '', ( -0.0920000000000000, 0.0100000000000000, 0.0170000000000000 ) );
#7123 = VECTOR( '', #9138, 39.3700787402000 );
#7124 = CARTESIAN_POINT( '', ( -0.108000000000000, -8.53702498020082E-18, 0.0170000000000000 ) );
#7125 = CARTESIAN_POINT( '', ( 0.108000000000000, -8.53702498020082E-18, 0.0170000000000000 ) );
#7126 = VECTOR( '', #9139, 39.3700787402000 );
#7127 = CARTESIAN_POINT( '', ( -0.108000000000000, 0.0100000000000000, 0.0170000000000000 ) );
#7128 = CARTESIAN_POINT( '', ( -0.108000000000000, 0.0100000000000000, 0.0170000000000000 ) );
#7129 = VECTOR( '', #9140, 39.3700787402000 );
#7130 = CARTESIAN_POINT( '', ( 0.108000000000000, 0.0100000000000000, 0.0170000000000000 ) );
#7131 = VECTOR( '', #9141, 39.3700787402000 );
#7132 = COLOUR_RGB( '', 0.500000000000000, 0.500000000000000, 0.500000000000000 );
#7133 = CARTESIAN_POINT( '', ( 0.100000000000002, 0.000000000000000, 0.0175000000000000 ) );
#7134 = CARTESIAN_POINT( '', ( 0.100000000000002, 0.00500000000000000, 0.0175000000000000 ) );
#7135 = CARTESIAN_POINT( '', ( 0.100000000000002, 0.0990000000000000, 0.0175000000000000 ) );
#7136 = VECTOR( '', #9142, 39.3700787402000 );
#7137 = CARTESIAN_POINT( '', ( 0.108000000000000, 0.000000000000000, 0.0175000000000000 ) );
#7138 = CARTESIAN_POINT( '', ( 0.108000000000000, 0.000000000000000, 0.0175000000000000 ) );
#7139 = VECTOR( '', #9143, 39.3700787402000 );
#7140 = CARTESIAN_POINT( '', ( 0.108000000000000, 0.0990000000000000, 0.0175000000000000 ) );
#7141 = CARTESIAN_POINT( '', ( 0.108000000000000, 0.0990000000000000, 0.0175000000000000 ) );
#7142 = VECTOR( '', #9144, 39.3700787402000 );
#7143 = CARTESIAN_POINT( '', ( 0.0920000000000000, 0.0990000000000000, 0.0175000000000000 ) );
#7144 = CARTESIAN_POINT( '', ( 0.108000000000000, 0.0990000000000000, 0.0175000000000000 ) );
#7145 = VECTOR( '', #9145, 39.3700787402000 );
#7146 = CARTESIAN_POINT( '', ( 0.0920000000000000, 0.00500000000000000, 0.0175000000000000 ) );
#7147 = CARTESIAN_POINT( '', ( 0.0920000000000000, 0.0990000000000000, 0.0175000000000000 ) );
#7148 = VECTOR( '', #9146, 39.3700787402000 );
#7149 = CARTESIAN_POINT( '', ( 0.108000000000000, 0.00500000000000000, 0.0175000000000000 ) );
#7150 = VECTOR( '', #9147, 39.3700787402000 );
#7151 = COLOUR_RGB( '', 1.00000000000000, 1.00000000000000, 0.000000000000000 );
#7152 = CARTESIAN_POINT( '', ( -0.0471961524227100, 0.219000000000000, 0.0278038475772950 ) );
#7153 = CARTESIAN_POINT( '', ( -0.0420000000000000, 0.210000000000000, 0.0330000000000009 ) );
#7154 = CARTESIAN_POINT( '', ( -0.0119999999999679, 0.158038475772911, 0.0630000000000103 ) );
#7155 = VECTOR( '', #9148, 39.3700787402000 );
#7156 = CARTESIAN_POINT( '', ( -0.0420000000000000, 0.210000000000000, 0.0170000000000010 ) );
#7157 = CARTESIAN_POINT( '', ( -0.0420000000000000, 0.210000000000000, 0.500000000000000 ) );
#7158 = VECTOR( '', #9149, 39.3700787402000 );
#7159 = CARTESIAN_POINT( '', ( -0.0471961524227100, 0.219000000000000, 0.0221961524227080 ) );
#7160 = CARTESIAN_POINT( '', ( -0.0161569219381371, 0.165238475772913, -0.00884307806184714 ) );
#7161 = VECTOR( '', #9150, 39.3700787402000 );
#7162 = CARTESIAN_POINT( '', ( -0.0471961524227100, 0.219000000000000, 0.500000000000000 ) );
#7163 = VECTOR( '', #9151, 39.3700787402000 );
#7164 = COLOUR_RGB( '', 1.00000000000000, 1.00000000000000, 0.000000000000000 );
#7165 = CARTESIAN_POINT( '', ( 0.00799999999999997, 0.0990000000000000, -0.0329999999999980 ) );
#7166 = CARTESIAN_POINT( '', ( 0.00799999999999997, 0.210000000000000, -0.0329999999999980 ) );
#7167 = CARTESIAN_POINT( '', ( 0.00799999999999997, 0.210000000000000, -0.0329999999999980 ) );
#7168 = VECTOR( '', #9152, 39.3700787402000 );
#7169 = CARTESIAN_POINT( '', ( 0.00799999999999996, 0.210000000000000, -0.0169999999999991 ) );
#7170 = CARTESIAN_POINT( '', ( 0.00799999999999997, 0.210000000000000, 0.500000000000000 ) );
#7171 = VECTOR( '', #9153, 39.3700787402000 );
#7172 = CARTESIAN_POINT( '', ( 0.00799999999999997, 0.0890000000000000, -0.0169999999999990 ) );
#7173 = CARTESIAN_POINT( '', ( 0.00799999999999997, 0.0890000000000000, -0.0169999999999990 ) );
#7174 = VECTOR( '', #9154, 39.3700787402000 );
#7175 = CARTESIAN_POINT( '', ( 0.00799999999999997, 0.0890000000000000, -0.0262653061224474 ) );
#7176 = CARTESIAN_POINT( '', ( 0.00799999999999997, 0.0890000000000000, 0.500000000000000 ) );
#7177 = VECTOR( '', #9155, 39.3700787402000 );
#7178 = CARTESIAN_POINT( '', ( 0.00799999999999997, 0.0990000000000000, -0.0329999999999980 ) );
#7179 = VECTOR( '', #9156, 39.3700787402000 );
#7180 = COLOUR_RGB( '', 0.500000000000000, 0.500000000000000, 0.500000000000000 );
#7181 = CARTESIAN_POINT( '', ( -0.100000000000000, 0.225000000000000, 0.0675000000000000 ) );
#7182 = CARTESIAN_POINT( '', ( -0.0525000000000000, 0.225000000000000, 0.0675000000000000 ) );
#7183 = CARTESIAN_POINT( '', ( -0.100000000000000, 0.225000000000000, 0.0675000000000000 ) );
#7184 = VECTOR( '', #9157, 39.3700787402000 );
#7185 = CARTESIAN_POINT( '', ( -0.0425000000000000, 0.205000000000000, 0.0675000000000000 ) );
#7186 = CARTESIAN_POINT( '', ( -0.0525000000000000, 0.225000000000000, 0.0675000000000000 ) );
#7187 = VECTOR( '', #9158, 39.3700787402000 );
#7188 = CARTESIAN_POINT( '', ( -0.0425000000000000, 0.0990000000000000, 0.0675000000000000 ) );
#7189 = CARTESIAN_POINT( '', ( -0.0425000000000000, 0.205000000000000, 0.0675000000000000 ) );
#7190 = VECTOR( '', #9159, 39.3700787402000 );
#7191 = CARTESIAN_POINT( '', ( -0.100000000000000, 0.0990000000000000, 0.0675000000000000 ) );
#7192 = CARTESIAN_POINT( '', ( 0.000000000000000, 0.0990000000000000, 0.0675000000000000 ) );
#7193 = VECTOR( '', #9160, 39.3700787402000 );
#7194 = CARTESIAN_POINT( '', ( -0.100000000000000, 0.225000000000000, 0.0675000000000000 ) );
#7195 = VECTOR( '', #9161, 39.3700787402000 );
#7196 = COLOUR_RGB( '', 0.500000000000000, 0.500000000000000, 0.500000000000000 );
#7197 = CARTESIAN_POINT( '', ( 0.0580000000000000, 0.0990000000000000, 0.0175000000000000 ) );
#7198 = CARTESIAN_POINT( '', ( 0.0580000000000000, 0.00500000000000000, 0.0175000000000000 ) );
#7199 = CARTESIAN_POINT( '', ( 0.0580000000000000, 0.0990000000000000, 0.0175000000000000 ) );
#7200 = VECTOR( '', #9162, 39.3700787402000 );
#7201 = CARTESIAN_POINT( '', ( 0.0580000000000000, 0.00500000000000000, 0.0335000000000000 ) );
#7202 = CARTESIAN_POINT( '', ( 0.0580000000000000, 0.00500000000000000, 0.0335000000000000 ) );
#7203 = VECTOR( '', #9163, 39.3700787402000 );
#7204 = CARTESIAN_POINT( '', ( 0.0580000000000000, 0.0990000000000000, 0.0335000000000000 ) );
#7205 = CARTESIAN_POINT( '', ( 0.0580000000000000, 0.0990000000000000, 0.0335000000000000 ) );
#7206 = VECTOR( '', #9164, 39.3700787402000 );
#7207 = CARTESIAN_POINT( '', ( 0.0580000000000000, 0.0990000000000000, 0.0335000000000000 ) );
#7208 = VECTOR( '', #9165, 39.3700787402000 );
#7209 = COLOUR_RGB( '', 1.00000000000000, 1.00000000000000, 1.00000000000000 );
#7210 = CARTESIAN_POINT( '', ( 0.0920000000000000, -0.0160000000000000, -0.0403238075793815 ) );
#7211 = CARTESIAN_POINT( '', ( 0.0920000000000000, -1.06712812252510E-17, -0.0170000000000000 ) );
#7212 = AXIS2_PLACEMENT_3D( '', #9166, #9167, #9168 );
#7213 = CARTESIAN_POINT( '', ( 0.108000000000000, -0.0160000000000000, -0.0403238075793815 ) );
#7214 = CARTESIAN_POINT( '', ( 0.108000000000000, -0.0160000000000000, -0.0403238075793815 ) );
#7215 = VECTOR( '', #9169, 39.3700787402000 );
#7216 = CARTESIAN_POINT( '', ( 0.108000000000000, -1.28055374703012E-17, -0.0170000000000000 ) );
#7217 = AXIS2_PLACEMENT_3D( '', #9170, #9171, #9172 );
#7218 = CARTESIAN_POINT( '', ( 0.108000000000000, -1.28055374703012E-17, -0.0170000000000000 ) );
#7219 = VECTOR( '', #9173, 39.3700787402000 );
#7220 = COLOUR_RGB( '', 1.00000000000000, 1.00000000000000, 1.00000000000000 );
#7221 = CARTESIAN_POINT( '', ( -0.0420000000000000, -0.0160000000000000, 0.115000000000000 ) );
#7222 = CARTESIAN_POINT( '', ( -0.0420000000000000, -0.0160000000000000, 0.0403238075793815 ) );
#7223 = CARTESIAN_POINT( '', ( -0.0420000000000000, -0.0160000000000000, 0.0403238075793815 ) );
#7224 = VECTOR( '', #9174, 39.3700787402000 );
#7225 = CARTESIAN_POINT( '', ( -0.0580000000000000, -0.0160000000000000, 0.115000000000000 ) );
#7226 = CARTESIAN_POINT( '', ( 0.108000000000000, -0.0160000000000000, 0.115000000000000 ) );
#7227 = VECTOR( '', #9175, 39.3700787402000 );
#7228 = CARTESIAN_POINT( '', ( -0.0580000000000000, -0.0160000000000000, 0.0403238075793815 ) );
#7229 = CARTESIAN_POINT( '', ( -0.0580000000000000, -0.0160000000000000, 0.0403238075793815 ) );
#7230 = VECTOR( '', #9176, 39.3700787402000 );
#7231 = CARTESIAN_POINT( '', ( 0.108000000000000, -0.0160000000000000, 0.0403238075793815 ) );
#7232 = VECTOR( '', #9177, 39.3700787402000 );
#7233 = COLOUR_RGB( '', 0.500000000000000, 0.500000000000000, 0.500000000000000 );
#7234 = CARTESIAN_POINT( '', ( 0.00800000000000001, 0.0990000000000000, -0.0165000000000000 ) );
#7235 = CARTESIAN_POINT( '', ( 0.00800000000000001, 0.00500000000000000, -0.0165000000000000 ) );
#7236 = CARTESIAN_POINT( '', ( 0.00800000000000001, 0.0990000000000000, -0.0165000000000000 ) );
#7237 = VECTOR( '', #9178, 39.3700787402000 );
#7238 = CARTESIAN_POINT( '', ( -0.00799999999999999, 0.00500000000000000, -0.0165000000000000 ) );
#7239 = CARTESIAN_POINT( '', ( -0.00799999999999999, 0.00500000000000000, -0.0165000000000000 ) );
#7240 = VECTOR( '', #9179, 39.3700787402000 );
#7241 = CARTESIAN_POINT( '', ( -0.00799999999999999, 0.0990000000000000, -0.0165000000000000 ) );
#7242 = CARTESIAN_POINT( '', ( -0.00799999999999999, 0.0990000000000000, -0.0165000000000000 ) );
#7243 = VECTOR( '', #9180, 39.3700787402000 );
#7244 = CARTESIAN_POINT( '', ( -0.00799999999999999, 0.0990000000000000, -0.0165000000000000 ) );
#7245 = VECTOR( '', #9181, 39.3700787402000 );
#7246 = COLOUR_RGB( '', 1.00000000000000, 1.00000000000000, 1.00000000000000 );
#7247 = CARTESIAN_POINT( '', ( -0.0420000000000000, 0.0100000000000000, -0.0170000000000000 ) );
#7248 = CARTESIAN_POINT( '', ( -0.0420000000000000, -1.06712812252510E-17, -0.0170000000000000 ) );
#7249 = CARTESIAN_POINT( '', ( -0.0420000000000000, -8.67361737988404E-18, -0.0170000000000000 ) );
#7250 = VECTOR( '', #9182, 39.3700787402000 );
#7251 = CARTESIAN_POINT( '', ( -0.0580000000000000, 0.0100000000000000, -0.0170000000000000 ) );
#7252 = CARTESIAN_POINT( '', ( 0.108000000000000, 0.0100000000000000, -0.0170000000000000 ) );
#7253 = VECTOR( '', #9183, 39.3700787402000 );
#7254 = CARTESIAN_POINT( '', ( -0.0580000000000000, -1.06712812252510E-17, -0.0170000000000000 ) );
#7255 = CARTESIAN_POINT( '', ( -0.0580000000000000, -8.67361737988404E-18, -0.0170000000000000 ) );
#7256 = VECTOR( '', #9184, 39.3700787402000 );
#7257 = CARTESIAN_POINT( '', ( 0.108000000000000, -1.28055374703012E-17, -0.0170000000000000 ) );
#7258 = VECTOR( '', #9185, 39.3700787402000 );
#7259 = COLOUR_RGB( '', 0.500000000000000, 0.500000000000000, 0.500000000000000 );
#7260 = CARTESIAN_POINT( '', ( 0.0580000000000000, 0.0990000000000000, -0.0165000000000000 ) );
#7261 = CARTESIAN_POINT( '', ( 0.0580000000000000, 0.00500000000000000, -0.0165000000000000 ) );
#7262 = CARTESIAN_POINT( '', ( 0.0580000000000000, 0.0990000000000000, -0.0165000000000000 ) );
#7263 = VECTOR( '', #9186, 39.3700787402000 );
#7264 = CARTESIAN_POINT( '', ( 0.0420000000000000, 0.00500000000000000, -0.0165000000000000 ) );
#7265 = CARTESIAN_POINT( '', ( 0.0420000000000000, 0.00500000000000000, -0.0165000000000000 ) );
#7266 = VECTOR( '', #9187, 39.3700787402000 );
#7267 = CARTESIAN_POINT( '', ( 0.0420000000000000, 0.0990000000000000, -0.0165000000000000 ) );
#7268 = CARTESIAN_POINT( '', ( 0.0420000000000000, 0.0990000000000000, -0.0165000000000000 ) );
#7269 = VECTOR( '', #9188, 39.3700787402000 );
#7270 = CARTESIAN_POINT( '', ( 0.0420000000000000, 0.0990000000000000, -0.0165000000000000 ) );
#7271 = VECTOR( '', #9189, 39.3700787402000 );
#7272 = COLOUR_RGB( '', 1.00000000000000, 1.00000000000000, 1.00000000000000 );
#7273 = CARTESIAN_POINT( '', ( -0.0420000000000000, -0.0160000000000000, -0.0403238075793815 ) );
#7274 = AXIS2_PLACEMENT_3D( '', #9190, #9191, #9192 );
#7275 = CARTESIAN_POINT( '', ( -0.0580000000000000, -0.0160000000000000, -0.0403238075793815 ) );
#7276 = AXIS2_PLACEMENT_3D( '', #9193, #9194, #9195 );
#7277 = CARTESIAN_POINT( '', ( 0.108000000000000, -0.0160000000000000, -0.0403238075793815 ) );
#7278 = VECTOR( '', #9196, 39.3700787402000 );
#7279 = COLOUR_RGB( '', 1.00000000000000, 1.00000000000000, 1.00000000000000 );
#7280 = CARTESIAN_POINT( '', ( 0.0580000000000000, 0.000000000000000, -0.115000000000000 ) );
#7281 = CARTESIAN_POINT( '', ( 0.0580000000000000, 0.000000000000000, -0.0660000000000000 ) );
#7282 = CARTESIAN_POINT( '', ( 0.0580000000000000, 0.000000000000000, -0.0660000000000000 ) );
#7283 = VECTOR( '', #9197, 39.3700787402000 );
#7284 = CARTESIAN_POINT( '', ( 0.0420000000000000, 0.000000000000000, -0.115000000000000 ) );
#7285 = CARTESIAN_POINT( '', ( 0.108000000000000, 0.000000000000000, -0.115000000000000 ) );
#7286 = VECTOR( '', #9198, 39.3700787402000 );
#7287 = CARTESIAN_POINT( '', ( 0.0420000000000000, 0.000000000000000, -0.0660000000000000 ) );
#7288 = CARTESIAN_POINT( '', ( 0.0420000000000000, 0.000000000000000, -0.0660000000000000 ) );
#7289 = VECTOR( '', #9199, 39.3700787402000 );
#7290 = CARTESIAN_POINT( '', ( 0.108000000000000, 0.000000000000000, -0.0660000000000000 ) );
#7291 = VECTOR( '', #9200, 39.3700787402000 );
#7292 = COLOUR_RGB( '', 1.00000000000000, 1.00000000000000, 0.000000000000000 );
#7293 = CARTESIAN_POINT( '', ( 0.00280384757728999, 0.219000000000000, 0.0278038475772950 ) );
#7294 = CARTESIAN_POINT( '', ( 0.00799999999999997, 0.210000000000000, 0.0330000000000010 ) );
#7295 = CARTESIAN_POINT( '', ( 0.0280000000000215, 0.175358983848607, 0.0530000000000072 ) );
#7296 = VECTOR( '', #9201, 39.3700787402000 );
#7297 = CARTESIAN_POINT( '', ( 0.00799999999999997, 0.210000000000000, 0.0170000000000010 ) );
#7298 = CARTESIAN_POINT( '', ( 0.00799999999999997, 0.210000000000000, 0.500000000000000 ) );
#7299 = VECTOR( '', #9202, 39.3700787402000 );
#7300 = CARTESIAN_POINT( '', ( 0.00280384757729000, 0.219000000000000, 0.0221961524227079 ) );
#7301 = CARTESIAN_POINT( '', ( 0.0238430780618530, 0.182558983848608, 0.00115692193815705 ) );
#7302 = VECTOR( '', #9203, 39.3700787402000 );
#7303 = CARTESIAN_POINT( '', ( 0.00280384757728999, 0.219000000000000, 0.500000000000000 ) );
#7304 = VECTOR( '', #9204, 39.3700787402000 );
#7305 = COLOUR_RGB( '', 1.00000000000000, 1.00000000000000, 1.00000000000000 );
#7306 = CARTESIAN_POINT( '', ( -0.0420000000000000, -8.53702498020082E-18, 0.0170000000000000 ) );
#7307 = CARTESIAN_POINT( '', ( -0.0420000000000000, 0.0100000000000000, 0.0170000000000000 ) );
#7308 = CARTESIAN_POINT( '', ( -0.0420000000000000, 0.0100000000000000, 0.0170000000000000 ) );
#7309 = VECTOR( '', #9205, 39.3700787402000 );
#7310 = CARTESIAN_POINT( '', ( -0.0420000000000000, 0.0100000000000000, 0.0555930905438934 ) );
#7311 = CARTESIAN_POINT( '', ( -0.0420000000000000, 0.0100000000000000, 0.500000000000000 ) );
#7312 = VECTOR( '', #9206, 39.3700787402000 );
#7313 = CARTESIAN_POINT( '', ( -0.0420000000000000, 3.03008824617600E-18, 0.0660000000000000 ) );
#7314 = CARTESIAN_POINT( '', ( -0.0420000000000000, 0.000000000000000, 0.0660000000000000 ) );
#7315 = VECTOR( '', #9207, 39.3700787402000 );
#7316 = CARTESIAN_POINT( '', ( -0.0420000000000000, 0.000000000000000, 0.115000000000000 ) );
#7317 = CARTESIAN_POINT( '', ( -0.0420000000000000, 0.000000000000000, 0.115000000000000 ) );
#7318 = VECTOR( '', #9208, 39.3700787402000 );
#7319 = CARTESIAN_POINT( '', ( -0.0420000000000000, -0.0160000000000000, 0.115000000000000 ) );
#7320 = VECTOR( '', #9209, 39.3700787402000 );
#7321 = AXIS2_PLACEMENT_3D( '', #9210, #9211, #9212 );
#7322 = COLOUR_RGB( '', 1.00000000000000, 1.00000000000000, 1.00000000000000 );
#7323 = CARTESIAN_POINT( '', ( 0.0920000000000000, 0.000000000000000, -0.0660000000000000 ) );
#7324 = CARTESIAN_POINT( '', ( 0.0920000000000000, 0.000000000000000, -0.115000000000000 ) );
#7325 = CARTESIAN_POINT( '', ( 0.0920000000000000, 0.000000000000000, -0.0660000000000000 ) );
#7326 = VECTOR( '', #9213, 39.3700787402000 );
#7327 = CARTESIAN_POINT( '', ( 0.108000000000000, 0.000000000000000, -0.0660000000000000 ) );
#7328 = CARTESIAN_POINT( '', ( 0.108000000000000, 0.000000000000000, -0.0660000000000000 ) );
#7329 = VECTOR( '', #9214, 39.3700787402000 );
#7330 = CARTESIAN_POINT( '', ( 0.108000000000000, 0.000000000000000, -0.115000000000000 ) );
#7331 = CARTESIAN_POINT( '', ( 0.108000000000000, 0.000000000000000, -0.0660000000000000 ) );
#7332 = VECTOR( '', #9215, 39.3700787402000 );
#7333 = CARTESIAN_POINT( '', ( 0.108000000000000, 0.000000000000000, -0.115000000000000 ) );
#7334 = VECTOR( '', #9216, 39.3700787402000 );
#7335 = COLOUR_RGB( '', 1.00000000000000, 1.00000000000000, 1.00000000000000 );
#7336 = CARTESIAN_POINT( '', ( -0.0920000000000000, 0.000000000000000, -0.115000000000000 ) );
#7337 = CARTESIAN_POINT( '', ( -0.0920000000000000, 0.000000000000000, -0.0660000000000000 ) );
#7338 = CARTESIAN_POINT( '', ( -0.0920000000000000, 0.000000000000000, -0.0660000000000000 ) );
#7339 = VECTOR( '', #9217, 39.3700787402000 );
#7340 = CARTESIAN_POINT( '', ( -0.108000000000000, 0.000000000000000, -0.115000000000000 ) );
#7341 = CARTESIAN_POINT( '', ( 0.108000000000000, 0.000000000000000, -0.115000000000000 ) );
#7342 = VECTOR( '', #9218, 39.3700787402000 );
#7343 = CARTESIAN_POINT( '', ( -0.108000000000000, 0.000000000000000, -0.0660000000000000 ) );
#7344 = CARTESIAN_POINT( '', ( -0.108000000000000, 0.000000000000000, -0.0660000000000000 ) );
#7345 = VECTOR( '', #9219, 39.3700787402000 );
#7346 = CARTESIAN_POINT( '', ( 0.108000000000000, 0.000000000000000, -0.0660000000000000 ) );
#7347 = VECTOR( '', #9220, 39.3700787402000 );
#7348 = COLOUR_RGB( '', 0.500000000000000, 0.500000000000000, 0.500000000000000 );
#7349 = CARTESIAN_POINT( '', ( 0.100000000000003, 0.000000000000000, -0.0325000000000000 ) );
#7350 = CARTESIAN_POINT( '', ( 0.100000000000002, 0.000000000000000, -0.0165000000000000 ) );
#7351 = CARTESIAN_POINT( '', ( 0.100000000000005, 0.000000000000000, -0.100000000000000 ) );
#7352 = VECTOR( '', #9221, 39.3700787402000 );
#7353 = CARTESIAN_POINT( '', ( 0.100000000000003, 0.00500000000000000, -0.0325000000000000 ) );
#7354 = CARTESIAN_POINT( '', ( 0.100000000000003, 0.0990000000000000, -0.0325000000000000 ) );
#7355 = VECTOR( '', #9222, 39.3700787402000 );
#7356 = CARTESIAN_POINT( '', ( 0.100000000000003, 0.00500000000000000, -0.0165000000000000 ) );
#7357 = CARTESIAN_POINT( '', ( 0.100000000000005, 0.00500000000000000, -0.100000000000000 ) );
#7358 = VECTOR( '', #9223, 39.3700787402000 );
#7359 = CARTESIAN_POINT( '', ( 0.100000000000003, 0.0990000000000000, -0.0165000000000000 ) );
#7360 = VECTOR( '', #9224, 39.3700787402000 );
#7361 = COLOUR_RGB( '', 1.00000000000000, 1.00000000000000, 0.000000000000000 );
#7362 = CARTESIAN_POINT( '', ( -0.00280384757729003, 0.219000000000000, -0.0278038475772920 ) );
#7363 = CARTESIAN_POINT( '', ( -0.00799999999999999, 0.210000000000000, -0.0329999999999980 ) );
#7364 = CARTESIAN_POINT( '', ( 0.0193569219381918, 0.257383578735613, -0.00564307806182711 ) );
#7365 = VECTOR( '', #9225, 39.3700787402000 );
#7366 = CARTESIAN_POINT( '', ( 0.00280384757728999, 0.219000000000000, -0.0278038475772920 ) );
#7367 = CARTESIAN_POINT( '', ( 0.108000000000000, 0.219000000000000, -0.0278038475772920 ) );
#7368 = VECTOR( '', #9226, 39.3700787402000 );
#7369 = CARTESIAN_POINT( '', ( 0.0238430780618546, 0.182558983848605, -0.0488430780618405 ) );
#7370 = VECTOR( '', #9227, 39.3700787402000 );
#7371 = CARTESIAN_POINT( '', ( 0.108000000000000, 0.210000000000000, -0.0329999999999980 ) );
#7372 = VECTOR( '', #9228, 39.3700787402000 );
#7373 = COLOUR_RGB( '', 0.500000000000000, 0.500000000000000, 0.500000000000000 );
#7374 = CARTESIAN_POINT( '', ( -0.00799999999999999, 0.0990000000000000, -0.0325000000000000 ) );
#7375 = CARTESIAN_POINT( '', ( -0.00800000000000000, 0.00500000000000000, -0.0325000000000000 ) );
#7376 = CARTESIAN_POINT( '', ( -0.00799999999999999, 0.0990000000000000, -0.0325000000000000 ) );
#7377 = VECTOR( '', #9229, 39.3700787402000 );
#7378 = CARTESIAN_POINT( '', ( 0.00800000000000001, 0.00500000000000000, -0.0325000000000000 ) );
#7379 = CARTESIAN_POINT( '', ( 0.00800000000000001, 0.00500000000000000, -0.0325000000000000 ) );
#7380 = VECTOR( '', #9230, 39.3700787402000 );
#7381 = CARTESIAN_POINT( '', ( 0.00800000000000001, 0.0990000000000000, -0.0325000000000000 ) );
#7382 = CARTESIAN_POINT( '', ( 0.00800000000000001, 0.0990000000000000, -0.0325000000000000 ) );
#7383 = VECTOR( '', #9231, 39.3700787402000 );
#7384 = CARTESIAN_POINT( '', ( 0.00800000000000001, 0.0990000000000000, -0.0325000000000000 ) );
#7385 = VECTOR( '', #9232, 39.3700787402000 );
#7386 = COLOUR_RGB( '', 1.00000000000000, 1.00000000000000, 1.00000000000000 );
#7387 = CARTESIAN_POINT( '', ( 0.0920000000000000, -8.53702498020082E-18, 0.0170000000000000 ) );
#7388 = CARTESIAN_POINT( '', ( 0.0920000000000000, -0.0160000000000000, 0.0403238075793815 ) );
#7389 = AXIS2_PLACEMENT_3D( '', #9233, #9234, #9235 );
#7390 = CARTESIAN_POINT( '', ( 0.108000000000000, -8.53702498020082E-18, 0.0170000000000000 ) );
#7391 = CARTESIAN_POINT( '', ( 0.108000000000000, -8.53702498020082E-18, 0.0170000000000000 ) );
#7392 = VECTOR( '', #9236, 39.3700787402000 );
#7393 = CARTESIAN_POINT( '', ( 0.108000000000000, -0.0160000000000000, 0.0403238075793815 ) );
#7394 = AXIS2_PLACEMENT_3D( '', #9237, #9238, #9239 );
#7395 = CARTESIAN_POINT( '', ( 0.108000000000000, -0.0160000000000000, 0.0403238075793815 ) );
#7396 = VECTOR( '', #9240, 39.3700787402000 );
#7397 = COLOUR_RGB( '', 1.00000000000000, 1.00000000000000, 1.00000000000000 );
#7398 = CARTESIAN_POINT( '', ( -0.0580000000000000, 0.0100000000000000, 0.0170000000000000 ) );
#7399 = CARTESIAN_POINT( '', ( -0.0580000000000000, -8.53702498020082E-18, 0.0170000000000000 ) );
#7400 = CARTESIAN_POINT( '', ( -0.0580000000000000, 0.0100000000000000, 0.0170000000000000 ) );
#7401 = VECTOR( '', #9241, 39.3700787402000 );
#7402 = AXIS2_PLACEMENT_3D( '', #9242, #9243, #9244 );
#7403 = CARTESIAN_POINT( '', ( -0.0580000000000000, 0.000000000000000, 0.115000000000000 ) );
#7404 = CARTESIAN_POINT( '', ( -0.0580000000000000, -0.0160000000000000, 0.115000000000000 ) );
#7405 = VECTOR( '', #9245, 39.3700787402000 );
#7406 = CARTESIAN_POINT( '', ( -0.0580000000000000, 3.03008824617600E-18, 0.0660000000000000 ) );
#7407 = CARTESIAN_POINT( '', ( -0.0580000000000000, 0.000000000000000, 0.115000000000000 ) );
#7408 = VECTOR( '', #9246, 39.3700787402000 );
#7409 = CARTESIAN_POINT( '', ( -0.0580000000000000, 0.0100000000000000, 0.0555930905438934 ) );
#7410 = CARTESIAN_POINT( '', ( -0.0580000000000000, 0.000000000000000, 0.0660000000000000 ) );
#7411 = VECTOR( '', #9247, 39.3700787402000 );
#7412 = CARTESIAN_POINT( '', ( -0.0580000000000000, 0.0100000000000000, 0.500000000000000 ) );
#7413 = VECTOR( '', #9248, 39.3700787402000 );
#7414 = COLOUR_RGB( '', 1.00000000000000, 1.00000000000000, 1.00000000000000 );
#7415 = CARTESIAN_POINT( '', ( 0.00799999999999997, 0.000000000000000, 0.115000000000000 ) );
#7416 = CARTESIAN_POINT( '', ( 0.00799999999999997, -0.0160000000000000, 0.115000000000000 ) );
#7417 = CARTESIAN_POINT( '', ( 0.00799999999999997, -0.0160000000000000, 0.115000000000000 ) );
#7418 = VECTOR( '', #9249, 39.3700787402000 );
#7419 = CARTESIAN_POINT( '', ( -0.00800000000000001, 0.000000000000000, 0.115000000000000 ) );
#7420 = CARTESIAN_POINT( '', ( 0.108000000000000, 0.000000000000000, 0.115000000000000 ) );
#7421 = VECTOR( '', #9250, 39.3700787402000 );
#7422 = CARTESIAN_POINT( '', ( -0.00800000000000001, -0.0160000000000000, 0.115000000000000 ) );
#7423 = CARTESIAN_POINT( '', ( -0.00800000000000001, -0.0160000000000000, 0.115000000000000 ) );
#7424 = VECTOR( '', #9251, 39.3700787402000 );
#7425 = CARTESIAN_POINT( '', ( 0.108000000000000, -0.0160000000000000, 0.115000000000000 ) );
#7426 = VECTOR( '', #9252, 39.3700787402000 );
#7427 = COLOUR_RGB( '', 1.00000000000000, 1.00000000000000, 1.00000000000000 );
#7428 = CARTESIAN_POINT( '', ( 0.0580000000000000, 0.0100000000000000, -0.0170000000000000 ) );
#7429 = CARTESIAN_POINT( '', ( 0.0580000000000000, -1.06712812252510E-17, -0.0170000000000000 ) );
#7430 = CARTESIAN_POINT( '', ( 0.0580000000000000, -8.67361737988404E-18, -0.0170000000000000 ) );
#7431 = VECTOR( '', #9253, 39.3700787402000 );
#7432 = CARTESIAN_POINT( '', ( 0.0580000000000000, -0.0160000000000000, -0.0403238075793815 ) );
#7433 = AXIS2_PLACEMENT_3D( '', #9254, #9255, #9256 );
#7434 = CARTESIAN_POINT( '', ( 0.0580000000000000, -0.0160000000000000, -0.115000000000000 ) );
#7435 = CARTESIAN_POINT( '', ( 0.0580000000000000, -0.0160000000000000, -0.115000000000000 ) );
#7436 = VECTOR( '', #9257, 39.3700787402000 );
#7437 = CARTESIAN_POINT( '', ( 0.0580000000000000, 0.000000000000000, -0.115000000000000 ) );
#7438 = VECTOR( '', #9258, 39.3700787402000 );
#7439 = CARTESIAN_POINT( '', ( 0.0580000000000000, 0.0100000000000000, -0.0555930905438934 ) );
#7440 = CARTESIAN_POINT( '', ( 0.0580000000000000, 0.0634194044623617, 0.000000000000000 ) );
#7441 = VECTOR( '', #9259, 39.3700787402000 );
#7442 = CARTESIAN_POINT( '', ( 0.0580000000000000, 0.0100000000000000, 0.500000000000000 ) );
#7443 = VECTOR( '', #9260, 39.3700787402000 );
#7444 = COLOUR_RGB( '', 0.500000000000000, 0.500000000000000, 0.500000000000000 );
#7445 = CARTESIAN_POINT( '', ( -0.100000000000000, 0.000000000000000, 0.0335000000000000 ) );
#7446 = CARTESIAN_POINT( '', ( -0.100000000000000, 0.00500000000000000, 0.0335000000000000 ) );
#7447 = CARTESIAN_POINT( '', ( -0.100000000000000, 0.0990000000000000, 0.0335000000000000 ) );
#7448 = VECTOR( '', #9261, 39.3700787402000 );
#7449 = CARTESIAN_POINT( '', ( -0.108000000000000, 0.000000000000000, 0.0335000000000000 ) );
#7450 = CARTESIAN_POINT( '', ( -0.108000000000000, 0.000000000000000, 0.0335000000000000 ) );
#7451 = VECTOR( '', #9262, 39.3700787402000 );
#7452 = CARTESIAN_POINT( '', ( -0.108000000000000, 0.0990000000000000, 0.0335000000000000 ) );
#7453 = CARTESIAN_POINT( '', ( -0.108000000000000, 0.0990000000000000, 0.0335000000000000 ) );
#7454 = VECTOR( '', #9263, 39.3700787402000 );
#7455 = CARTESIAN_POINT( '', ( -0.0920000000000000, 0.0990000000000000, 0.0335000000000000 ) );
#7456 = CARTESIAN_POINT( '', ( -0.108000000000000, 0.0990000000000000, 0.0335000000000000 ) );
#7457 = VECTOR( '', #9264, 39.3700787402000 );
#7458 = CARTESIAN_POINT( '', ( -0.0920000000000000, 0.00500000000000000, 0.0335000000000000 ) );
#7459 = CARTESIAN_POINT( '', ( -0.0920000000000000, 0.0990000000000000, 0.0335000000000000 ) );
#7460 = VECTOR( '', #9265, 39.3700787402000 );
#7461 = CARTESIAN_POINT( '', ( -0.108000000000000, 0.00500000000000000, 0.0335000000000000 ) );
#7462 = VECTOR( '', #9266, 39.3700787402000 );
#7463 = COLOUR_RGB( '', 1.00000000000000, 1.00000000000000, 0.000000000000000 );
#7464 = CARTESIAN_POINT( '', ( -0.102803847577290, 0.219000000000000, 0.0278038475772950 ) );
#7465 = CARTESIAN_POINT( '', ( -0.102803847577290, 0.219000000000000, 0.0221961524227080 ) );
#7466 = CARTESIAN_POINT( '', ( -0.102803847577290, 0.219000000000000, 0.500000000000000 ) );
#7467 = VECTOR( '', #9267, 39.3700787402000 );
#7468 = CARTESIAN_POINT( '', ( -0.0971961524227100, 0.219000000000000, 0.0278038475772950 ) );
#7469 = CARTESIAN_POINT( '', ( 0.108000000000000, 0.219000000000000, 0.0278038475772950 ) );
#7470 = VECTOR( '', #9268, 39.3700787402000 );
#7471 = CARTESIAN_POINT( '', ( -0.0971961524227100, 0.219000000000000, 0.0221961524227080 ) );
#7472 = CARTESIAN_POINT( '', ( -0.0971961524227100, 0.219000000000000, 0.500000000000000 ) );
#7473 = VECTOR( '', #9269, 39.3700787402000 );
#7474 = CARTESIAN_POINT( '', ( 0.108000000000000, 0.219000000000000, 0.0221961524227080 ) );
#7475 = VECTOR( '', #9270, 39.3700787402000 );
#7476 = COLOUR_RGB( '', 0.500000000000000, 0.500000000000000, 0.500000000000000 );
#7477 = CARTESIAN_POINT( '', ( 0.0425000000000000, 0.205000000000000, 0.100000000000000 ) );
#7478 = CARTESIAN_POINT( '', ( 0.0425000000000000, 0.205000000000000, 0.0675000000000000 ) );
#7479 = CARTESIAN_POINT( '', ( 0.0425000000000000, 0.205000000000000, 0.292500000000000 ) );
#7480 = VECTOR( '', #9271, 39.3700787402000 );
#7481 = CARTESIAN_POINT( '', ( 0.0425000000000000, 0.0990000000000000, 0.0675000000000000 ) );
#7482 = CARTESIAN_POINT( '', ( 0.0425000000000000, 0.0990000000000000, 0.0675000000000000 ) );
#7483 = VECTOR( '', #9272, 39.3700787402000 );
#7484 = CARTESIAN_POINT( '', ( 0.0425000000000000, 0.0990000000000000, 0.100000000000000 ) );
#7485 = CARTESIAN_POINT( '', ( 0.0425000000000000, 0.0990000000000000, 0.292500000000000 ) );
#7486 = VECTOR( '', #9273, 39.3700787402000 );
#7487 = CARTESIAN_POINT( '', ( 0.0425000000000000, 0.00500000000000000, 0.100000000000000 ) );
#7488 = VECTOR( '', #9274, 39.3700787402000 );
#7489 = COLOUR_RGB( '', 0.500000000000000, 0.500000000000000, 0.500000000000000 );
#7490 = CARTESIAN_POINT( '', ( 0.0420000000000000, 0.0990000000000000, -0.0325000000000000 ) );
#7491 = CARTESIAN_POINT( '', ( 0.0420000000000000, 0.00500000000000000, -0.0325000000000000 ) );
#7492 = CARTESIAN_POINT( '', ( 0.0420000000000000, 0.0990000000000000, -0.0325000000000000 ) );
#7493 = VECTOR( '', #9275, 39.3700787402000 );
#7494 = CARTESIAN_POINT( '', ( 0.0580000000000000, 0.00500000000000000, -0.0325000000000000 ) );
#7495 = CARTESIAN_POINT( '', ( 0.0580000000000000, 0.00500000000000000, -0.0325000000000000 ) );
#7496 = VECTOR( '', #9276, 39.3700787402000 );
#7497 = CARTESIAN_POINT( '', ( 0.0580000000000000, 0.0990000000000000, -0.0325000000000000 ) );
#7498 = CARTESIAN_POINT( '', ( 0.0580000000000000, 0.0990000000000000, -0.0325000000000000 ) );
#7499 = VECTOR( '', #9277, 39.3700787402000 );
#7500 = CARTESIAN_POINT( '', ( 0.0580000000000000, 0.0990000000000000, -0.0325000000000000 ) );
#7501 = VECTOR( '', #9278, 39.3700787402000 );
#7502 = COLOUR_RGB( '', 1.00000000000000, 1.00000000000000, 1.00000000000000 );
#7503 = CARTESIAN_POINT( '', ( 0.00799999999999997, -0.0160000000000000, -0.115000000000000 ) );
#7504 = CARTESIAN_POINT( '', ( 0.00799999999999997, 0.000000000000000, -0.115000000000000 ) );
#7505 = CARTESIAN_POINT( '', ( 0.00799999999999997, 0.000000000000000, -0.115000000000000 ) );
#7506 = VECTOR( '', #9279, 39.3700787402000 );
#7507 = CARTESIAN_POINT( '', ( -0.00800000000000001, -0.0160000000000000, -0.115000000000000 ) );
#7508 = CARTESIAN_POINT( '', ( 0.108000000000000, -0.0160000000000000, -0.115000000000000 ) );
#7509 = VECTOR( '', #9280, 39.3700787402000 );
#7510 = CARTESIAN_POINT( '', ( -0.00800000000000001, 0.000000000000000, -0.115000000000000 ) );
#7511 = CARTESIAN_POINT( '', ( -0.00800000000000001, 0.000000000000000, -0.115000000000000 ) );
#7512 = VECTOR( '', #9281, 39.3700787402000 );
#7513 = CARTESIAN_POINT( '', ( 0.108000000000000, 0.000000000000000, -0.115000000000000 ) );
#7514 = VECTOR( '', #9282, 39.3700787402000 );
#7515 = COLOUR_RGB( '', 1.00000000000000, 1.00000000000000, 0.000000000000000 );
#7516 = CARTESIAN_POINT( '', ( 0.0528038475772900, 0.219000000000000, 0.0278038475772950 ) );
#7517 = CARTESIAN_POINT( '', ( 0.0580000000000000, 0.210000000000000, 0.0330000000000011 ) );
#7518 = CARTESIAN_POINT( '', ( 0.0680000000000108, 0.192679491924304, 0.0430000000000041 ) );
#7519 = VECTOR( '', #9283, 39.3700787402000 );
#7520 = CARTESIAN_POINT( '', ( 0.0580000000000000, 0.210000000000000, 0.0170000000000010 ) );
#7521 = CARTESIAN_POINT( '', ( 0.0580000000000000, 0.210000000000000, 0.500000000000000 ) );
#7522 = VECTOR( '', #9284, 39.3700787402000 );
#7523 = CARTESIAN_POINT( '', ( 0.0528038475772900, 0.219000000000000, 0.0221961524227080 ) );
#7524 = CARTESIAN_POINT( '', ( 0.0638430780618430, 0.199879491924303, 0.0111569219381613 ) );
#7525 = VECTOR( '', #9285, 39.3700787402000 );
#7526 = CARTESIAN_POINT( '', ( 0.0528038475772900, 0.219000000000000, 0.500000000000000 ) );
#7527 = VECTOR( '', #9286, 39.3700787402000 );
#7528 = COLOUR_RGB( '', 1.00000000000000, 1.00000000000000, 0.000000000000000 );
#7529 = CARTESIAN_POINT( '', ( -0.00799999999999999, 0.210000000000000, -0.0169999999999991 ) );
#7530 = CARTESIAN_POINT( '', ( -0.00280384757729003, 0.219000000000000, -0.0221961524227050 ) );
#7531 = CARTESIAN_POINT( '', ( 0.0152000000000250, 0.250183578735615, -0.0402000000000062 ) );
#7532 = VECTOR( '', #9287, 39.3700787402000 );
#7533 = CARTESIAN_POINT( '', ( 0.108000000000000, 0.210000000000000, -0.0169999999999990 ) );
#7534 = VECTOR( '', #9288, 39.3700787402000 );
#7535 = CARTESIAN_POINT( '', ( 0.00280384757728999, 0.219000000000000, -0.0221961524227050 ) );
#7536 = CARTESIAN_POINT( '', ( 0.0280000000000215, 0.175358983848607, 0.00300000000000721 ) );
#7537 = VECTOR( '', #9289, 39.3700787402000 );
#7538 = CARTESIAN_POINT( '', ( 0.108000000000000, 0.219000000000000, -0.0221961524227050 ) );
#7539 = VECTOR( '', #9290, 39.3700787402000 );
#7540 = COLOUR_RGB( '', 0.500000000000000, 0.500000000000000, 0.500000000000000 );
#7541 = CARTESIAN_POINT( '', ( -0.100000000000000, 0.000000000000000, -0.0165000000000000 ) );
#7542 = CARTESIAN_POINT( '', ( -0.100000000000000, 0.00500000000000000, -0.0165000000000000 ) );
#7543 = CARTESIAN_POINT( '', ( -0.100000000000000, 0.0990000000000000, -0.0165000000000000 ) );
#7544 = VECTOR( '', #9291, 39.3700787402000 );
#7545 = CARTESIAN_POINT( '', ( -0.108000000000000, 0.000000000000000, -0.0165000000000000 ) );
#7546 = CARTESIAN_POINT( '', ( -0.108000000000000, 0.000000000000000, -0.0165000000000000 ) );
#7547 = VECTOR( '', #9292, 39.3700787402000 );
#7548 = CARTESIAN_POINT( '', ( -0.108000000000000, 0.0990000000000000, -0.0165000000000000 ) );
#7549 = CARTESIAN_POINT( '', ( -0.108000000000000, 0.0990000000000000, -0.0165000000000000 ) );
#7550 = VECTOR( '', #9293, 39.3700787402000 );
#7551 = CARTESIAN_POINT( '', ( -0.0920000000000000, 0.0990000000000000, -0.0165000000000000 ) );
#7552 = CARTESIAN_POINT( '', ( -0.108000000000000, 0.0990000000000000, -0.0165000000000000 ) );
#7553 = VECTOR( '', #9294, 39.3700787402000 );
#7554 = CARTESIAN_POINT( '', ( -0.0920000000000000, 0.00500000000000000, -0.0165000000000000 ) );
#7555 = CARTESIAN_POINT( '', ( -0.0920000000000000, 0.0990000000000000, -0.0165000000000000 ) );
#7556 = VECTOR( '', #9295, 39.3700787402000 );
#7557 = CARTESIAN_POINT( '', ( -0.108000000000000, 0.00500000000000000, -0.0165000000000000 ) );
#7558 = VECTOR( '', #9296, 39.3700787402000 );
#7559 = COLOUR_RGB( '', 0.500000000000000, 0.500000000000000, 0.500000000000000 );
#7560 = CARTESIAN_POINT( '', ( 0.100000000000000, 0.225000000000000, -0.0675000000000000 ) );
#7561 = CARTESIAN_POINT( '', ( -0.100000000000000, 0.225000000000000, -0.0675000000000000 ) );
#7562 = CARTESIAN_POINT( '', ( 0.100000000000000, 0.225000000000000, -0.0675000000000000 ) );
#7563 = VECTOR( '', #9297, 39.3700787402000 );
#7564 = CARTESIAN_POINT( '', ( 0.100000000000000, 0.225000000000000, -0.100000000000000 ) );
#7565 = CARTESIAN_POINT( '', ( 0.100000000000000, 0.225000000000000, -0.100000000000000 ) );
#7566 = VECTOR( '', #9298, 39.3700787402000 );
#7567 = CARTESIAN_POINT( '', ( -0.100000000000000, 0.225000000000000, -0.100000000000000 ) );
#7568 = CARTESIAN_POINT( '', ( -0.100000000000000, 0.225000000000000, -0.100000000000000 ) );
#7569 = VECTOR( '', #9299, 39.3700787402000 );
#7570 = CARTESIAN_POINT( '', ( -0.100000000000000, 0.225000000000000, -0.0675000000000000 ) );
#7571 = VECTOR( '', #9300, 39.3700787402000 );
#7572 = COLOUR_RGB( '', 0.500000000000000, 0.500000000000000, 0.500000000000000 );
#7573 = CARTESIAN_POINT( '', ( 0.0920000000000000, 0.00500000000000000, -0.0165000000000000 ) );
#7574 = CARTESIAN_POINT( '', ( 0.0920000000000000, 0.00500000000000000, -0.0165000000000000 ) );
#7575 = VECTOR( '', #9301, 39.3700787402000 );
#7576 = CARTESIAN_POINT( '', ( 0.0920000000000000, 0.0990000000000000, -0.0165000000000000 ) );
#7577 = CARTESIAN_POINT( '', ( 0.0920000000000000, 0.0990000000000000, -0.0165000000000000 ) );
#7578 = VECTOR( '', #9302, 39.3700787402000 );
#7579 = CARTESIAN_POINT( '', ( 0.108000000000000, 0.0990000000000000, -0.0165000000000000 ) );
#7580 = CARTESIAN_POINT( '', ( 0.0920000000000000, 0.0990000000000000, -0.0165000000000000 ) );
#7581 = VECTOR( '', #9303, 39.3700787402000 );
#7582 = CARTESIAN_POINT( '', ( 0.108000000000000, 0.000000000000000, -0.0165000000000000 ) );
#7583 = CARTESIAN_POINT( '', ( 0.108000000000000, 0.0990000000000000, -0.0165000000000000 ) );
#7584 = VECTOR( '', #9304, 39.3700787402000 );
#7585 = CARTESIAN_POINT( '', ( 0.0920000000000000, 0.000000000000000, -0.0165000000000000 ) );
#7586 = VECTOR( '', #9305, 39.3700787402000 );
#7587 = COLOUR_RGB( '', 0.500000000000000, 0.500000000000000, 0.500000000000000 );
#7588 = CARTESIAN_POINT( '', ( -0.0580000000000000, 0.0990000000000000, -0.0325000000000000 ) );
#7589 = CARTESIAN_POINT( '', ( -0.0580000000000000, 0.00500000000000000, -0.0325000000000000 ) );
#7590 = CARTESIAN_POINT( '', ( -0.0580000000000000, 0.0990000000000000, -0.0325000000000000 ) );
#7591 = VECTOR( '', #9306, 39.3700787402000 );
#7592 = CARTESIAN_POINT( '', ( -0.0420000000000000, 0.00500000000000000, -0.0325000000000000 ) );
#7593 = CARTESIAN_POINT( '', ( -0.0420000000000000, 0.00500000000000000, -0.0325000000000000 ) );
#7594 = VECTOR( '', #9307, 39.3700787402000 );
#7595 = CARTESIAN_POINT( '', ( -0.0420000000000000, 0.0990000000000000, -0.0325000000000000 ) );
#7596 = CARTESIAN_POINT( '', ( -0.0420000000000000, 0.0990000000000000, -0.0325000000000000 ) );
#7597 = VECTOR( '', #9308, 39.3700787402000 );
#7598 = CARTESIAN_POINT( '', ( -0.0420000000000000, 0.0990000000000000, -0.0325000000000000 ) );
#7599 = VECTOR( '', #9309, 39.3700787402000 );
#7600 = COLOUR_RGB( '', 0.500000000000000, 0.500000000000000, 0.500000000000000 );
#7601 = CARTESIAN_POINT( '', ( -0.100000000000000, 0.0990000000000000, -0.0675000000000000 ) );
#7602 = CARTESIAN_POINT( '', ( -0.125000000000000, 0.0990000000000000, -0.0675000000000000 ) );
#7603 = CARTESIAN_POINT( '', ( 0.125000000000000, 0.0990000000000000, -0.0675000000000000 ) );
#7604 = VECTOR( '', #9310, 39.3700787402000 );
#7605 = CARTESIAN_POINT( '', ( -0.100000000000000, 0.0745000000000000, -0.0675000000000000 ) );
#7606 = CARTESIAN_POINT( '', ( -0.100000000000000, 0.225000000000000, -0.0675000000000000 ) );
#7607 = VECTOR( '', #9311, 39.3700787402000 );
#7608 = CARTESIAN_POINT( '', ( -0.125000000000000, 0.0745000000000000, -0.0675000000000000 ) );
#7609 = CARTESIAN_POINT( '', ( 0.125000000000000, 0.0745000000000000, -0.0675000000000020 ) );
#7610 = VECTOR( '', #9312, 39.3700787402000 );
#7611 = CARTESIAN_POINT( '', ( -0.125000000000000, 0.0990000000000000, -0.0675000000000000 ) );
#7612 = VECTOR( '', #9313, 39.3700787402000 );
#7613 = COLOUR_RGB( '', 1.00000000000000, 1.00000000000000, 0.000000000000000 );
#7614 = CARTESIAN_POINT( '', ( -0.00800000000000000, 0.210000000000000, 0.0330000000000010 ) );
#7615 = CARTESIAN_POINT( '', ( -0.00280384757729003, 0.219000000000000, 0.0278038475772950 ) );
#7616 = CARTESIAN_POINT( '', ( 0.0152000000000250, 0.250183578735615, 0.00979999999999380 ) );
#7617 = VECTOR( '', #9314, 39.3700787402000 );
#7618 = CARTESIAN_POINT( '', ( 0.108000000000000, 0.210000000000000, 0.0330000000000010 ) );
#7619 = VECTOR( '', #9315, 39.3700787402000 );
#7620 = CARTESIAN_POINT( '', ( 0.108000000000000, 0.219000000000000, 0.0278038475772950 ) );
#7621 = VECTOR( '', #9316, 39.3700787402000 );
#7622 = COLOUR_RGB( '', 1.00000000000000, 1.00000000000000, 0.000000000000000 );
#7623 = CARTESIAN_POINT( '', ( 0.0920000000000000, 0.0890000000000000, 0.0262653061224498 ) );
#7624 = CARTESIAN_POINT( '', ( 0.0920000000000000, 0.0990000000000000, 0.0330000000000010 ) );
#7625 = CARTESIAN_POINT( '', ( 0.0920000000000000, 0.0500000000000000, 0.000000000000000 ) );
#7626 = VECTOR( '', #9317, 39.3700787402000 );
#7627 = CARTESIAN_POINT( '', ( 0.0920000000000000, 0.210000000000000, 0.0330000000000010 ) );
#7628 = CARTESIAN_POINT( '', ( 0.0920000000000000, 0.0990000000000000, 0.0330000000000010 ) );
#7629 = VECTOR( '', #9318, 39.3700787402000 );
#7630 = CARTESIAN_POINT( '', ( 0.0920000000000000, 0.210000000000000, 0.0170000000000010 ) );
#7631 = CARTESIAN_POINT( '', ( 0.0920000000000000, 0.210000000000000, 0.500000000000000 ) );
#7632 = VECTOR( '', #9319, 39.3700787402000 );
#7633 = CARTESIAN_POINT( '', ( 0.0920000000000000, 0.0890000000000000, 0.0170000000000010 ) );
#7634 = CARTESIAN_POINT( '', ( 0.0920000000000000, 0.210000000000000, 0.0170000000000010 ) );
#7635 = VECTOR( '', #9320, 39.3700787402000 );
#7636 = CARTESIAN_POINT( '', ( 0.0920000000000000, 0.0890000000000000, 0.500000000000000 ) );
#7637 = VECTOR( '', #9321, 39.3700787402000 );
#7638 = COLOUR_RGB( '', 0.500000000000000, 0.500000000000000, 0.500000000000000 );
#7639 = CARTESIAN_POINT( '', ( -0.100000000000000, 0.000000000000000, -0.0325000000000000 ) );
#7640 = CARTESIAN_POINT( '', ( -0.100000000000000, 0.000000000000000, 0.100000000000000 ) );
#7641 = VECTOR( '', #9322, 39.3700787402000 );
#7642 = CARTESIAN_POINT( '', ( -0.108000000000000, 0.000000000000000, -0.0325000000000000 ) );
#7643 = CARTESIAN_POINT( '', ( -0.0920000000000000, 0.000000000000000, -0.0325000000000000 ) );
#7644 = VECTOR( '', #9323, 39.3700787402000 );
#7645 = CARTESIAN_POINT( '', ( -0.108000000000000, 0.000000000000000, -0.0325000000000000 ) );
#7646 = VECTOR( '', #9324, 39.3700787402000 );
#7647 = CARTESIAN_POINT( '', ( -0.100000000000000, 0.000000000000000, 0.0175000000000000 ) );
#7648 = CARTESIAN_POINT( '', ( -0.100000000000000, 0.000000000000000, 0.100000000000000 ) );
#7649 = VECTOR( '', #9325, 39.3700787402000 );
#7650 = CARTESIAN_POINT( '', ( -0.108000000000000, 0.000000000000000, 0.0175000000000000 ) );
#7651 = CARTESIAN_POINT( '', ( -0.0920000000000000, 0.000000000000000, 0.0175000000000000 ) );
#7652 = VECTOR( '', #9326, 39.3700787402000 );
#7653 = CARTESIAN_POINT( '', ( -0.108000000000000, 0.000000000000000, 0.0175000000000000 ) );
#7654 = VECTOR( '', #9327, 39.3700787402000 );
#7655 = CARTESIAN_POINT( '', ( 0.100000000000002, 0.000000000000000, 0.0335000000000000 ) );
#7656 = CARTESIAN_POINT( '', ( 0.100000000000005, 0.000000000000000, -0.100000000000000 ) );
#7657 = VECTOR( '', #9328, 39.3700787402000 );
#7658 = CARTESIAN_POINT( '', ( 0.108000000000000, 0.000000000000000, 0.0335000000000000 ) );
#7659 = CARTESIAN_POINT( '', ( 0.0920000000000000, 0.000000000000000, 0.0335000000000000 ) );
#7660 = VECTOR( '', #9329, 39.3700787402000 );
#7661 = CARTESIAN_POINT( '', ( 0.108000000000000, 0.000000000000000, 0.0335000000000000 ) );
#7662 = VECTOR( '', #9330, 39.3700787402000 );
#7663 = CARTESIAN_POINT( '', ( 0.108000000000000, 0.000000000000000, -0.0325000000000000 ) );
#7664 = CARTESIAN_POINT( '', ( 0.108000000000000, 0.000000000000000, -0.0325000000000000 ) );
#7665 = VECTOR( '', #9331, 39.3700787402000 );
#7666 = CARTESIAN_POINT( '', ( 0.108000000000000, 0.000000000000000, -0.0165000000000000 ) );
#7667 = VECTOR( '', #9332, 39.3700787402000 );
#7668 = CARTESIAN_POINT( '', ( 0.100000000000000, 0.000000000000000, 0.0675000000000000 ) );
#7669 = CARTESIAN_POINT( '', ( 0.125000000000000, 0.000000000000000, 0.0675000000000000 ) );
#7670 = CARTESIAN_POINT( '', ( -0.125000000000000, 0.000000000000000, 0.0675000000000000 ) );
#7671 = VECTOR( '', #9333, 39.3700787402000 );
#7672 = CARTESIAN_POINT( '', ( 0.0999999999999990, 0.000000000000000, 0.100000000000000 ) );
#7673 = CARTESIAN_POINT( '', ( 0.100000000000005, 0.000000000000000, -0.100000000000000 ) );
#7674 = VECTOR( '', #9334, 39.3700787402000 );
#7675 = CARTESIAN_POINT( '', ( -0.100000000000000, 0.000000000000000, 0.100000000000000 ) );
#7676 = CARTESIAN_POINT( '', ( 0.0999999999999990, 0.000000000000000, 0.100000000000000 ) );
#7677 = VECTOR( '', #9335, 39.3700787402000 );
#7678 = CARTESIAN_POINT( '', ( -0.100000000000000, 0.000000000000000, 0.0675000000000000 ) );
#7679 = CARTESIAN_POINT( '', ( -0.100000000000000, 0.000000000000000, 0.100000000000000 ) );
#7680 = VECTOR( '', #9336, 39.3700787402000 );
#7681 = CARTESIAN_POINT( '', ( -0.125000000000000, 0.000000000000000, 0.0675000000000000 ) );
#7682 = CARTESIAN_POINT( '', ( -0.125000000000000, 0.000000000000000, 0.0675000000000000 ) );
#7683 = VECTOR( '', #9337, 39.3700787402000 );
#7684 = CARTESIAN_POINT( '', ( -0.125000000000000, 0.000000000000000, -0.0675000000000000 ) );
#7685 = CARTESIAN_POINT( '', ( -0.125000000000000, 0.000000000000000, -0.0675000000000000 ) );
#7686 = VECTOR( '', #9338, 39.3700787402000 );
#7687 = CARTESIAN_POINT( '', ( -0.100000000000000, 0.000000000000000, -0.0675000000000000 ) );
#7688 = CARTESIAN_POINT( '', ( 0.125000000000000, 0.000000000000000, -0.0675000000000000 ) );
#7689 = VECTOR( '', #9339, 39.3700787402000 );
#7690 = CARTESIAN_POINT( '', ( -0.100000000000000, 0.000000000000000, -0.100000000000000 ) );
#7691 = CARTESIAN_POINT( '', ( -0.100000000000000, 0.000000000000000, 0.100000000000000 ) );
#7692 = VECTOR( '', #9340, 39.3700787402000 );
#7693 = CARTESIAN_POINT( '', ( 0.100000000000005, 0.000000000000000, -0.100000000000000 ) );
#7694 = CARTESIAN_POINT( '', ( -0.100000000000000, 0.000000000000000, -0.100000000000000 ) );
#7695 = VECTOR( '', #9341, 39.3700787402000 );
#7696 = CARTESIAN_POINT( '', ( 0.100000000000002, 0.000000000000000, -0.0675000000000000 ) );
#7697 = CARTESIAN_POINT( '', ( 0.100000000000005, 0.000000000000000, -0.100000000000000 ) );
#7698 = VECTOR( '', #9342, 39.3700787402000 );
#7699 = CARTESIAN_POINT( '', ( 0.125000000000000, 0.000000000000000, -0.0675000000000000 ) );
#7700 = CARTESIAN_POINT( '', ( 0.125000000000000, 0.000000000000000, -0.0675000000000000 ) );
#7701 = VECTOR( '', #9343, 39.3700787402000 );
#7702 = CARTESIAN_POINT( '', ( 0.125000000000000, 0.000000000000000, 0.0675000000000000 ) );
#7703 = VECTOR( '', #9344, 39.3700787402000 );
#7704 = COLOUR_RGB( '', 1.00000000000000, 1.00000000000000, 0.000000000000000 );
#7705 = CARTESIAN_POINT( '', ( 0.0920000000000000, 0.210000000000000, -0.0329999999999980 ) );
#7706 = CARTESIAN_POINT( '', ( 0.0920000000000000, 0.0990000000000000, -0.0329999999999980 ) );
#7707 = CARTESIAN_POINT( '', ( 0.0920000000000000, 0.210000000000000, -0.0329999999999980 ) );
#7708 = VECTOR( '', #9345, 39.3700787402000 );
#7709 = CARTESIAN_POINT( '', ( 0.0920000000000000, 0.0890000000000000, -0.0262653061224473 ) );
#7710 = CARTESIAN_POINT( '', ( 0.0920000000000000, 0.0990000000000000, -0.0329999999999980 ) );
#7711 = VECTOR( '', #9346, 39.3700787402000 );
#7712 = CARTESIAN_POINT( '', ( 0.0920000000000000, 0.0890000000000000, -0.0169999999999990 ) );
#7713 = CARTESIAN_POINT( '', ( 0.0920000000000000, 0.0890000000000000, 0.500000000000000 ) );
#7714 = VECTOR( '', #9347, 39.3700787402000 );
#7715 = CARTESIAN_POINT( '', ( 0.0920000000000000, 0.210000000000000, -0.0169999999999990 ) );
#7716 = CARTESIAN_POINT( '', ( 0.0920000000000000, 0.0890000000000000, -0.0169999999999990 ) );
#7717 = VECTOR( '', #9348, 39.3700787402000 );
#7718 = CARTESIAN_POINT( '', ( 0.0920000000000000, 0.210000000000000, 0.500000000000000 ) );
#7719 = VECTOR( '', #9349, 39.3700787402000 );
#7720 = COLOUR_RGB( '', 0.500000000000000, 0.500000000000000, 0.500000000000000 );
#7721 = CARTESIAN_POINT( '', ( -0.100000000000000, 0.00500000000000000, -0.0325000000000000 ) );
#7722 = CARTESIAN_POINT( '', ( -0.0920000000000000, 0.00500000000000000, -0.0325000000000000 ) );
#7723 = CARTESIAN_POINT( '', ( -0.0920000000000000, 0.00500000000000000, -0.0325000000000000 ) );
#7724 = VECTOR( '', #9350, 39.3700787402000 );
#7725 = CARTESIAN_POINT( '', ( -0.100000000000000, 0.00500000000000000, 0.100000000000000 ) );
#7726 = VECTOR( '', #9351, 39.3700787402000 );
#7727 = CARTESIAN_POINT( '', ( -0.0920000000000000, 0.00500000000000000, -0.0165000000000000 ) );
#7728 = VECTOR( '', #9352, 39.3700787402000 );
#7729 = COLOUR_RGB( '', 0.500000000000000, 0.500000000000000, 0.500000000000000 );
#7730 = CARTESIAN_POINT( '', ( 0.100000000000001, 0.00500000000000000, 0.0335000000000000 ) );
#7731 = CARTESIAN_POINT( '', ( 0.100000000000001, 0.0990000000000000, 0.0335000000000000 ) );
#7732 = VECTOR( '', #9353, 39.3700787402000 );
#7733 = CARTESIAN_POINT( '', ( 0.0920000000000000, 0.00500000000000000, 0.0335000000000000 ) );
#7734 = CARTESIAN_POINT( '', ( 0.0920000000000000, 0.00500000000000000, 0.0335000000000000 ) );
#7735 = VECTOR( '', #9354, 39.3700787402000 );
#7736 = CARTESIAN_POINT( '', ( 0.0920000000000000, 0.0990000000000000, 0.0335000000000000 ) );
#7737 = CARTESIAN_POINT( '', ( 0.0920000000000000, 0.0990000000000000, 0.0335000000000000 ) );
#7738 = VECTOR( '', #9355, 39.3700787402000 );
#7739 = CARTESIAN_POINT( '', ( 0.108000000000000, 0.0990000000000000, 0.0335000000000000 ) );
#7740 = CARTESIAN_POINT( '', ( 0.0920000000000000, 0.0990000000000000, 0.0335000000000000 ) );
#7741 = VECTOR( '', #9356, 39.3700787402000 );
#7742 = CARTESIAN_POINT( '', ( 0.108000000000000, 0.0990000000000000, 0.0335000000000000 ) );
#7743 = VECTOR( '', #9357, 39.3700787402000 );
#7744 = COLOUR_RGB( '', 1.00000000000000, 1.00000000000000, 0.000000000000000 );
#7745 = CARTESIAN_POINT( '', ( 0.0420000000000000, 0.210000000000000, -0.0169999999999991 ) );
#7746 = CARTESIAN_POINT( '', ( 0.0471961524227100, 0.219000000000000, -0.0221961524227050 ) );
#7747 = CARTESIAN_POINT( '', ( 0.0552000000000142, 0.232863070659919, -0.0302000000000031 ) );
#7748 = VECTOR( '', #9358, 39.3700787402000 );
#7749 = CARTESIAN_POINT( '', ( 0.0580000000000000, 0.210000000000000, -0.0169999999999991 ) );
#7750 = CARTESIAN_POINT( '', ( 0.108000000000000, 0.210000000000000, -0.0169999999999990 ) );
#7751 = VECTOR( '', #9359, 39.3700787402000 );
#7752 = CARTESIAN_POINT( '', ( 0.0528038475772900, 0.219000000000000, -0.0221961524227050 ) );
#7753 = CARTESIAN_POINT( '', ( 0.0680000000000108, 0.192679491924304, -0.00699999999999588 ) );
#7754 = VECTOR( '', #9360, 39.3700787402000 );
#7755 = CARTESIAN_POINT( '', ( 0.108000000000000, 0.219000000000000, -0.0221961524227050 ) );
#7756 = VECTOR( '', #9361, 39.3700787402000 );
#7757 = COLOUR_RGB( '', 1.00000000000000, 1.00000000000000, 1.00000000000000 );
#7758 = CARTESIAN_POINT( '', ( 0.0920000000000000, 0.000000000000000, 0.115000000000000 ) );
#7759 = CARTESIAN_POINT( '', ( 0.0920000000000000, 3.03008824617600E-18, 0.0660000000000000 ) );
#7760 = CARTESIAN_POINT( '', ( 0.0920000000000000, 0.000000000000000, 0.115000000000000 ) );
#7761 = VECTOR( '', #9362, 39.3700787402000 );
#7762 = CARTESIAN_POINT( '', ( 0.108000000000000, 0.000000000000000, 0.115000000000000 ) );
#7763 = CARTESIAN_POINT( '', ( 0.108000000000000, 0.000000000000000, 0.115000000000000 ) );
#7764 = VECTOR( '', #9363, 39.3700787402000 );
#7765 = CARTESIAN_POINT( '', ( 0.108000000000000, 0.000000000000000, 0.0660000000000000 ) );
#7766 = CARTESIAN_POINT( '', ( 0.108000000000000, 0.000000000000000, 0.115000000000000 ) );
#7767 = VECTOR( '', #9364, 39.3700787402000 );
#7768 = CARTESIAN_POINT( '', ( 0.108000000000000, 0.000000000000000, 0.0660000000000000 ) );
#7769 = VECTOR( '', #9365, 39.3700787402000 );
#7770 = COLOUR_RGB( '', 1.00000000000000, 1.00000000000000, 1.00000000000000 );
#7771 = CARTESIAN_POINT( '', ( -0.0920000000000000, -0.0160000000000000, 0.115000000000000 ) );
#7772 = CARTESIAN_POINT( '', ( -0.0920000000000000, -0.0160000000000000, 0.0403238075793815 ) );
#7773 = CARTESIAN_POINT( '', ( -0.0920000000000000, -0.0160000000000000, 0.0403238075793815 ) );
#7774 = VECTOR( '', #9366, 39.3700787402000 );
#7775 = CARTESIAN_POINT( '', ( -0.108000000000000, -0.0160000000000000, 0.115000000000000 ) );
#7776 = CARTESIAN_POINT( '', ( 0.108000000000000, -0.0160000000000000, 0.115000000000000 ) );
#7777 = VECTOR( '', #9367, 39.3700787402000 );
#7778 = CARTESIAN_POINT( '', ( -0.108000000000000, -0.0160000000000000, 0.0403238075793815 ) );
#7779 = CARTESIAN_POINT( '', ( -0.108000000000000, -0.0160000000000000, 0.0403238075793815 ) );
#7780 = VECTOR( '', #9368, 39.3700787402000 );
#7781 = CARTESIAN_POINT( '', ( 0.108000000000000, -0.0160000000000000, 0.0403238075793815 ) );
#7782 = VECTOR( '', #9369, 39.3700787402000 );
#7783 = COLOUR_RGB( '', 1.00000000000000, 1.00000000000000, 0.000000000000000 );
#7784 = CARTESIAN_POINT( '', ( -0.0920000000000000, 0.210000000000000, 0.0330000000000010 ) );
#7785 = CARTESIAN_POINT( '', ( -0.0519999999999567, 0.140717967697215, 0.0730000000000135 ) );
#7786 = VECTOR( '', #9370, 39.3700787402000 );
#7787 = CARTESIAN_POINT( '', ( -0.0920000000000000, 0.210000000000000, 0.0170000000000010 ) );
#7788 = CARTESIAN_POINT( '', ( -0.0920000000000000, 0.210000000000000, 0.500000000000000 ) );
#7789 = VECTOR( '', #9371, 39.3700787402000 );
#7790 = CARTESIAN_POINT( '', ( -0.0561569219381268, 0.147917967697218, -0.0188430780618515 ) );
#7791 = VECTOR( '', #9372, 39.3700787402000 );
#7792 = COLOUR_RGB( '', 1.00000000000000, 1.00000000000000, 0.000000000000000 );
#7793 = CARTESIAN_POINT( '', ( 0.0420000000000000, 0.210000000000000, 0.0330000000000010 ) );
#7794 = CARTESIAN_POINT( '', ( 0.0471961524227100, 0.219000000000000, 0.0278038475772950 ) );
#7795 = CARTESIAN_POINT( '', ( 0.0552000000000142, 0.232863070659919, 0.0197999999999969 ) );
#7796 = VECTOR( '', #9373, 39.3700787402000 );
#7797 = CARTESIAN_POINT( '', ( 0.108000000000000, 0.210000000000000, 0.0330000000000010 ) );
#7798 = VECTOR( '', #9374, 39.3700787402000 );
#7799 = CARTESIAN_POINT( '', ( 0.108000000000000, 0.219000000000000, 0.0278038475772950 ) );
#7800 = VECTOR( '', #9375, 39.3700787402000 );
#7801 = COLOUR_RGB( '', 1.00000000000000, 1.00000000000000, 1.00000000000000 );
#7802 = CARTESIAN_POINT( '', ( 0.0580000000000000, -0.0160000000000000, 0.115000000000000 ) );
#7803 = CARTESIAN_POINT( '', ( 0.0580000000000000, -0.0160000000000000, 0.0403238075793815 ) );
#7804 = CARTESIAN_POINT( '', ( 0.0580000000000000, -0.0160000000000000, 0.0403238075793815 ) );
#7805 = VECTOR( '', #9376, 39.3700787402000 );
#7806 = CARTESIAN_POINT( '', ( 0.0420000000000000, -0.0160000000000000, 0.115000000000000 ) );
#7807 = CARTESIAN_POINT( '', ( 0.108000000000000, -0.0160000000000000, 0.115000000000000 ) );
#7808 = VECTOR( '', #9377, 39.3700787402000 );
#7809 = CARTESIAN_POINT( '', ( 0.0420000000000000, -0.0160000000000000, 0.0403238075793815 ) );
#7810 = CARTESIAN_POINT( '', ( 0.0420000000000000, -0.0160000000000000, 0.0403238075793815 ) );
#7811 = VECTOR( '', #9378, 39.3700787402000 );
#7812 = CARTESIAN_POINT( '', ( 0.108000000000000, -0.0160000000000000, 0.0403238075793815 ) );
#7813 = VECTOR( '', #9379, 39.3700787402000 );
#7814 = COLOUR_RGB( '', 1.00000000000000, 1.00000000000000, 0.000000000000000 );
#7815 = CARTESIAN_POINT( '', ( 0.0971961524227100, 0.219000000000000, -0.0221961524227050 ) );
#7816 = CARTESIAN_POINT( '', ( 0.0952000000000034, 0.215542562584223, -0.0202000000000000 ) );
#7817 = VECTOR( '', #9380, 39.3700787402000 );
#7818 = CARTESIAN_POINT( '', ( 0.0971961524227100, 0.219000000000000, -0.0278038475772920 ) );
#7819 = CARTESIAN_POINT( '', ( 0.0971961524227100, 0.219000000000000, 0.500000000000000 ) );
#7820 = VECTOR( '', #9381, 39.3700787402000 );
#7821 = CARTESIAN_POINT( '', ( 0.0993569219381703, 0.222742562584221, -0.0256430780618333 ) );
#7822 = VECTOR( '', #9382, 39.3700787402000 );
#7823 = COLOUR_RGB( '', 1.00000000000000, 1.00000000000000, 1.00000000000000 );
#7824 = CARTESIAN_POINT( '', ( 0.0420000000000000, -0.0160000000000000, -0.0403238075793815 ) );
#7825 = CARTESIAN_POINT( '', ( 0.108000000000000, -0.0160000000000000, -0.0403238075793815 ) );
#7826 = VECTOR( '', #9383, 39.3700787402000 );
#7827 = CARTESIAN_POINT( '', ( 0.0420000000000000, -0.0160000000000000, -0.115000000000000 ) );
#7828 = CARTESIAN_POINT( '', ( 0.0420000000000000, -0.0160000000000000, -0.115000000000000 ) );
#7829 = VECTOR( '', #9384, 39.3700787402000 );
#7830 = CARTESIAN_POINT( '', ( 0.108000000000000, -0.0160000000000000, -0.115000000000000 ) );
#7831 = VECTOR( '', #9385, 39.3700787402000 );
#7832 = COLOUR_RGB( '', 0.500000000000000, 0.500000000000000, 0.500000000000000 );
#7833 = CARTESIAN_POINT( '', ( -0.100000000000000, 0.0245000000000000, 0.0675000000000000 ) );
#7834 = CARTESIAN_POINT( '', ( -0.100000000000000, 0.0990000000000000, 0.0675000000000000 ) );
#7835 = VECTOR( '', #9386, 39.3700787402000 );
#7836 = CARTESIAN_POINT( '', ( -0.125000000000000, 0.0245000000000000, 0.0675000000000020 ) );
#7837 = CARTESIAN_POINT( '', ( 0.125000000000000, 0.0245000000000000, 0.0675000000000020 ) );
#7838 = VECTOR( '', #9387, 39.3700787402000 );
#7839 = CARTESIAN_POINT( '', ( -0.125000000000000, 0.0990000000000000, 0.0675000000000000 ) );
#7840 = VECTOR( '', #9388, 39.3700787402000 );
#7841 = COLOUR_RGB( '', 1.00000000000000, 1.00000000000000, 1.00000000000000 );
#7842 = CARTESIAN_POINT( '', ( -0.0920000000000000, -0.0160000000000000, -0.115000000000000 ) );
#7843 = CARTESIAN_POINT( '', ( -0.0920000000000000, 0.000000000000000, -0.115000000000000 ) );
#7844 = VECTOR( '', #9389, 39.3700787402000 );
#7845 = CARTESIAN_POINT( '', ( -0.108000000000000, -0.0160000000000000, -0.115000000000000 ) );
#7846 = CARTESIAN_POINT( '', ( 0.108000000000000, -0.0160000000000000, -0.115000000000000 ) );
#7847 = VECTOR( '', #9390, 39.3700787402000 );
#7848 = CARTESIAN_POINT( '', ( -0.108000000000000, 0.000000000000000, -0.115000000000000 ) );
#7849 = VECTOR( '', #9391, 39.3700787402000 );
#7850 = COLOUR_RGB( '', 1.00000000000000, 1.00000000000000, 0.000000000000000 );
#7851 = CARTESIAN_POINT( '', ( 0.0471961524227100, 0.219000000000000, -0.0278038475772920 ) );
#7852 = CARTESIAN_POINT( '', ( 0.0471961524227100, 0.219000000000000, 0.500000000000000 ) );
#7853 = VECTOR( '', #9392, 39.3700787402000 );
#7854 = CARTESIAN_POINT( '', ( 0.0420000000000000, 0.210000000000000, -0.0329999999999980 ) );
#7855 = CARTESIAN_POINT( '', ( 0.0593569219381811, 0.240063070659917, -0.0156430780618302 ) );
#7856 = VECTOR( '', #9393, 39.3700787402000 );
#7857 = CARTESIAN_POINT( '', ( 0.0420000000000000, 0.210000000000000, 0.500000000000000 ) );
#7858 = VECTOR( '', #9394, 39.3700787402000 );
#7859 = COLOUR_RGB( '', 0.500000000000000, 0.500000000000000, 0.500000000000000 );
#7860 = CARTESIAN_POINT( '', ( -0.125000000000000, 0.0245000000000000, -0.0575000000000000 ) );
#7861 = CARTESIAN_POINT( '', ( -0.125000000000000, 0.0745000000000000, -0.0575000000000000 ) );
#7862 = CARTESIAN_POINT( '', ( -0.125000000000000, 0.0245000000000000, -0.0575000000000000 ) );
#7863 = VECTOR( '', #9395, 39.3700787402000 );
#7864 = CARTESIAN_POINT( '', ( 0.125000000000000, 0.0745000000000000, -0.0575000000000000 ) );
#7865 = CARTESIAN_POINT( '', ( 0.125000000000000, 0.0745000000000000, -0.0575000000000000 ) );
#7866 = VECTOR( '', #9396, 39.3700787402000 );
#7867 = CARTESIAN_POINT( '', ( 0.125000000000000, 0.0245000000000000, -0.0575000000000000 ) );
#7868 = CARTESIAN_POINT( '', ( 0.125000000000000, 0.0245000000000000, -0.0575000000000000 ) );
#7869 = VECTOR( '', #9397, 39.3700787402000 );
#7870 = CARTESIAN_POINT( '', ( 0.125000000000000, 0.0245000000000000, -0.0575000000000000 ) );
#7871 = VECTOR( '', #9398, 39.3700787402000 );
#7872 = COLOUR_RGB( '', 1.00000000000000, 1.00000000000000, 1.00000000000000 );
#7873 = CARTESIAN_POINT( '', ( -0.0420000000000000, 0.000000000000000, -0.115000000000000 ) );
#7874 = CARTESIAN_POINT( '', ( -0.0420000000000000, 0.000000000000000, -0.0660000000000000 ) );
#7875 = CARTESIAN_POINT( '', ( -0.0420000000000000, 0.000000000000000, -0.0660000000000000 ) );
#7876 = VECTOR( '', #9399, 39.3700787402000 );
#7877 = CARTESIAN_POINT( '', ( -0.0580000000000000, 0.000000000000000, -0.115000000000000 ) );
#7878 = CARTESIAN_POINT( '', ( 0.108000000000000, 0.000000000000000, -0.115000000000000 ) );
#7879 = VECTOR( '', #9400, 39.3700787402000 );
#7880 = CARTESIAN_POINT( '', ( -0.0580000000000000, 0.000000000000000, -0.0660000000000000 ) );
#7881 = CARTESIAN_POINT( '', ( -0.0580000000000000, 0.000000000000000, -0.0660000000000000 ) );
#7882 = VECTOR( '', #9401, 39.3700787402000 );
#7883 = CARTESIAN_POINT( '', ( 0.108000000000000, 0.000000000000000, -0.0660000000000000 ) );
#7884 = VECTOR( '', #9402, 39.3700787402000 );
#7885 = COLOUR_RGB( '', 1.00000000000000, 1.00000000000000, 1.00000000000000 );
#7886 = CARTESIAN_POINT( '', ( 0.0920000000000000, -0.0160000000000000, 0.115000000000000 ) );
#7887 = CARTESIAN_POINT( '', ( 0.0920000000000000, -0.0160000000000000, 0.115000000000000 ) );
#7888 = VECTOR( '', #9403, 39.3700787402000 );
#7889 = CARTESIAN_POINT( '', ( 0.108000000000000, -0.0160000000000000, 0.115000000000000 ) );
#7890 = CARTESIAN_POINT( '', ( 0.108000000000000, -0.0160000000000000, 0.115000000000000 ) );
#7891 = VECTOR( '', #9404, 39.3700787402000 );
#7892 = CARTESIAN_POINT( '', ( 0.108000000000000, -0.0160000000000000, 0.115000000000000 ) );
#7893 = VECTOR( '', #9405, 39.3700787402000 );
#7894 = COLOUR_RGB( '', 1.00000000000000, 1.00000000000000, 1.00000000000000 );
#7895 = CARTESIAN_POINT( '', ( -0.108000000000000, 0.0100000000000000, -0.0170000000000000 ) );
#7896 = CARTESIAN_POINT( '', ( -0.108000000000000, 0.0100000000000000, -0.0170000000000000 ) );
#7897 = VECTOR( '', #9406, 39.3700787402000 );
#7898 = AXIS2_PLACEMENT_3D( '', #9407, #9408, #9409 );
#7899 = CARTESIAN_POINT( '', ( -0.108000000000000, 0.000000000000000, 0.115000000000000 ) );
#7900 = CARTESIAN_POINT( '', ( -0.108000000000000, -0.0160000000000000, 0.115000000000000 ) );
#7901 = VECTOR( '', #9410, 39.3700787402000 );
#7902 = CARTESIAN_POINT( '', ( -0.108000000000000, 0.000000000000000, 0.0660000000000000 ) );
#7903 = CARTESIAN_POINT( '', ( -0.108000000000000, 0.000000000000000, 0.115000000000000 ) );
#7904 = VECTOR( '', #9411, 39.3700787402000 );
#7905 = CARTESIAN_POINT( '', ( -0.108000000000000, 0.0634194044623617, -8.53702498020082E-18 ) );
#7906 = CARTESIAN_POINT( '', ( -0.108000000000000, 0.000000000000000, 0.0660000000000000 ) );
#7907 = VECTOR( '', #9412, 39.3700787402000 );
#7908 = CARTESIAN_POINT( '', ( -0.108000000000000, 0.0634194044623617, 0.000000000000000 ) );
#7909 = VECTOR( '', #9413, 39.3700787402000 );
#7910 = CARTESIAN_POINT( '', ( -0.108000000000000, -0.0160000000000000, -0.0403238075793815 ) );
#7911 = CARTESIAN_POINT( '', ( -0.108000000000000, -0.0160000000000000, -0.115000000000000 ) );
#7912 = VECTOR( '', #9414, 39.3700787402000 );
#7913 = CARTESIAN_POINT( '', ( -0.108000000000000, -1.28055374703012E-17, -0.0170000000000000 ) );
#7914 = AXIS2_PLACEMENT_3D( '', #9415, #9416, #9417 );
#7915 = CARTESIAN_POINT( '', ( -0.108000000000000, -8.67361737988404E-18, -0.0170000000000000 ) );
#7916 = VECTOR( '', #9418, 39.3700787402000 );
#7917 = COLOUR_RGB( '', 1.00000000000000, 1.00000000000000, 0.000000000000000 );
#7918 = CARTESIAN_POINT( '', ( 0.0420000000000000, 0.0890000000000000, 0.0262653061224498 ) );
#7919 = CARTESIAN_POINT( '', ( 0.0420000000000000, 0.0990000000000000, 0.0330000000000010 ) );
#7920 = CARTESIAN_POINT( '', ( 0.0420000000000000, 0.0500000000000000, 0.000000000000000 ) );
#7921 = VECTOR( '', #9419, 39.3700787402000 );
#7922 = CARTESIAN_POINT( '', ( 0.0420000000000000, 0.0990000000000000, 0.0330000000000010 ) );
#7923 = VECTOR( '', #9420, 39.3700787402000 );
#7924 = CARTESIAN_POINT( '', ( 0.0420000000000000, 0.210000000000000, 0.0170000000000010 ) );
#7925 = CARTESIAN_POINT( '', ( 0.0420000000000000, 0.210000000000000, 0.500000000000000 ) );
#7926 = VECTOR( '', #9421, 39.3700787402000 );
#7927 = CARTESIAN_POINT( '', ( 0.0420000000000000, 0.0890000000000000, 0.0170000000000010 ) );
#7928 = CARTESIAN_POINT( '', ( 0.0420000000000000, 0.210000000000000, 0.0170000000000010 ) );
#7929 = VECTOR( '', #9422, 39.3700787402000 );
#7930 = CARTESIAN_POINT( '', ( 0.0420000000000000, 0.0890000000000000, 0.500000000000000 ) );
#7931 = VECTOR( '', #9423, 39.3700787402000 );
#7932 = COLOUR_RGB( '', 1.00000000000000, 1.00000000000000, 1.00000000000000 );
#7933 = CARTESIAN_POINT( '', ( 0.00799999999999997, -1.06712812252510E-17, -0.0170000000000000 ) );
#7934 = CARTESIAN_POINT( '', ( 0.00799999999999997, -0.0160000000000000, -0.0403238075793815 ) );
#7935 = AXIS2_PLACEMENT_3D( '', #9424, #9425, #9426 );
#7936 = CARTESIAN_POINT( '', ( -0.00800000000000001, -1.06712812252510E-17, -0.0170000000000000 ) );
#7937 = CARTESIAN_POINT( '', ( 0.108000000000000, -1.28055374703012E-17, -0.0170000000000000 ) );
#7938 = VECTOR( '', #9427, 39.3700787402000 );
#7939 = CARTESIAN_POINT( '', ( -0.00800000000000001, -0.0160000000000000, -0.0403238075793815 ) );
#7940 = AXIS2_PLACEMENT_3D( '', #9428, #9429, #9430 );
#7941 = CARTESIAN_POINT( '', ( 0.108000000000000, -0.0160000000000000, -0.0403238075793815 ) );
#7942 = VECTOR( '', #9431, 39.3700787402000 );
#7943 = COLOUR_RGB( '', 1.00000000000000, 1.00000000000000, 0.000000000000000 );
#7944 = CARTESIAN_POINT( '', ( -0.0420000000000000, 0.0990000000000000, -0.0329999999999980 ) );
#7945 = CARTESIAN_POINT( '', ( -0.0420000000000000, 0.210000000000000, -0.0329999999999980 ) );
#7946 = CARTESIAN_POINT( '', ( -0.0420000000000000, 0.210000000000000, -0.0329999999999980 ) );
#7947 = VECTOR( '', #9432, 39.3700787402000 );
#7948 = CARTESIAN_POINT( '', ( -0.0420000000000001, 0.210000000000000, -0.0169999999999992 ) );
#7949 = CARTESIAN_POINT( '', ( -0.0420000000000000, 0.210000000000000, 0.500000000000000 ) );
#7950 = VECTOR( '', #9433, 39.3700787402000 );
#7951 = CARTESIAN_POINT( '', ( -0.0420000000000000, 0.0890000000000000, -0.0169999999999990 ) );
#7952 = CARTESIAN_POINT( '', ( -0.0420000000000000, 0.0890000000000000, -0.0169999999999990 ) );
#7953 = VECTOR( '', #9434, 39.3700787402000 );
#7954 = CARTESIAN_POINT( '', ( -0.0420000000000000, 0.0890000000000000, -0.0262653061224474 ) );
#7955 = CARTESIAN_POINT( '', ( -0.0420000000000000, 0.0890000000000000, 0.500000000000000 ) );
#7956 = VECTOR( '', #9435, 39.3700787402000 );
#7957 = CARTESIAN_POINT( '', ( -0.0420000000000000, 0.0990000000000000, -0.0329999999999980 ) );
#7958 = VECTOR( '', #9436, 39.3700787402000 );
#7959 = COLOUR_RGB( '', 0.500000000000000, 0.500000000000000, 0.500000000000000 );
#7960 = CARTESIAN_POINT( '', ( 0.100000000000000, 0.0990000000000000, 0.0675000000000000 ) );
#7961 = CARTESIAN_POINT( '', ( 0.125000000000000, 0.0990000000000000, 0.0675000000000000 ) );
#7962 = CARTESIAN_POINT( '', ( -0.125000000000000, 0.0990000000000000, 0.0675000000000000 ) );
#7963 = VECTOR( '', #9437, 39.3700787402000 );
#7964 = CARTESIAN_POINT( '', ( 0.100000000000000, 0.0745000000000000, 0.0675000000000000 ) );
#7965 = CARTESIAN_POINT( '', ( 0.100000000000000, 0.225000000000000, 0.0675000000000000 ) );
#7966 = VECTOR( '', #9438, 39.3700787402000 );
#7967 = CARTESIAN_POINT( '', ( 0.125000000000000, 0.0745000000000000, 0.0675000000000020 ) );
#7968 = CARTESIAN_POINT( '', ( 0.125000000000000, 0.0745000000000000, 0.0675000000000020 ) );
#7969 = VECTOR( '', #9439, 39.3700787402000 );
#7970 = CARTESIAN_POINT( '', ( 0.125000000000000, 0.0990000000000000, 0.0675000000000000 ) );
#7971 = VECTOR( '', #9440, 39.3700787402000 );
#7972 = COLOUR_RGB( '', 1.00000000000000, 1.00000000000000, 1.00000000000000 );
#7973 = CARTESIAN_POINT( '', ( 0.00799999999999997, 0.0100000000000000, -0.0170000000000000 ) );
#7974 = CARTESIAN_POINT( '', ( 0.00799999999999997, -8.67361737988404E-18, -0.0170000000000000 ) );
#7975 = VECTOR( '', #9441, 39.3700787402000 );
#7976 = CARTESIAN_POINT( '', ( -0.00800000000000001, 0.0100000000000000, -0.0170000000000000 ) );
#7977 = CARTESIAN_POINT( '', ( 0.108000000000000, 0.0100000000000000, -0.0170000000000000 ) );
#7978 = VECTOR( '', #9442, 39.3700787402000 );
#7979 = CARTESIAN_POINT( '', ( -0.00800000000000001, -8.67361737988404E-18, -0.0170000000000000 ) );
#7980 = VECTOR( '', #9443, 39.3700787402000 );
#7981 = COLOUR_RGB( '', 0.500000000000000, 0.500000000000000, 0.500000000000000 );
#7982 = CARTESIAN_POINT( '', ( -0.100000000000000, 0.0245000000000000, -0.0675000000000000 ) );
#7983 = CARTESIAN_POINT( '', ( -0.125000000000000, 0.0245000000000000, -0.0675000000000020 ) );
#7984 = CARTESIAN_POINT( '', ( 0.125000000000000, 0.0245000000000000, -0.0675000000000020 ) );
#7985 = VECTOR( '', #9444, 39.3700787402000 );
#7986 = CARTESIAN_POINT( '', ( -0.100000000000000, 0.0990000000000000, -0.0675000000000000 ) );
#7987 = VECTOR( '', #9445, 39.3700787402000 );
#7988 = CARTESIAN_POINT( '', ( -0.125000000000000, 0.0990000000000000, -0.0675000000000000 ) );
#7989 = VECTOR( '', #9446, 39.3700787402000 );
#7990 = COLOUR_RGB( '', 1.00000000000000, 1.00000000000000, 0.000000000000000 );
#7991 = CARTESIAN_POINT( '', ( 0.00799999999999997, 0.0990000000000000, 0.0330000000000010 ) );
#7992 = CARTESIAN_POINT( '', ( 0.00799999999999997, 0.0890000000000000, 0.0262653061224498 ) );
#7993 = CARTESIAN_POINT( '', ( 0.00799999999999997, 0.0500000000000000, 0.000000000000000 ) );
#7994 = VECTOR( '', #9447, 39.3700787402000 );
#7995 = CARTESIAN_POINT( '', ( 0.00799999999999997, 0.0890000000000000, 0.0170000000000010 ) );
#7996 = CARTESIAN_POINT( '', ( 0.00799999999999997, 0.0890000000000000, 0.500000000000000 ) );
#7997 = VECTOR( '', #9448, 39.3700787402000 );
#7998 = CARTESIAN_POINT( '', ( 0.00799999999999997, 0.210000000000000, 0.0170000000000010 ) );
#7999 = VECTOR( '', #9449, 39.3700787402000 );
#8000 = CARTESIAN_POINT( '', ( 0.00799999999999997, 0.0990000000000000, 0.0330000000000010 ) );
#8001 = VECTOR( '', #9450, 39.3700787402000 );
#8002 = COLOUR_RGB( '', 1.00000000000000, 1.00000000000000, 0.000000000000000 );
#8003 = CARTESIAN_POINT( '', ( 0.0471961524227100, 0.219000000000000, 0.0221961524227080 ) );
#8004 = CARTESIAN_POINT( '', ( 0.0471961524227100, 0.219000000000000, 0.500000000000000 ) );
#8005 = VECTOR( '', #9451, 39.3700787402000 );
#8006 = CARTESIAN_POINT( '', ( 0.0593569219381801, 0.240063070659916, 0.0343569219381712 ) );
#8007 = VECTOR( '', #9452, 39.3700787402000 );
#8008 = COLOUR_RGB( '', 1.00000000000000, 1.00000000000000, 0.000000000000000 );
#8009 = CARTESIAN_POINT( '', ( -0.0971961524227100, 0.219000000000000, -0.0221961524227050 ) );
#8010 = CARTESIAN_POINT( '', ( -0.0920000000000000, 0.210000000000000, -0.0169999999999990 ) );
#8011 = CARTESIAN_POINT( '', ( -0.0519999999999567, 0.140717967697215, 0.0230000000000135 ) );
#8012 = VECTOR( '', #9453, 39.3700787402000 );
#8013 = CARTESIAN_POINT( '', ( -0.0920000000000000, 0.210000000000000, -0.0329999999999980 ) );
#8014 = CARTESIAN_POINT( '', ( -0.0920000000000000, 0.210000000000000, 0.500000000000000 ) );
#8015 = VECTOR( '', #9454, 39.3700787402000 );
#8016 = CARTESIAN_POINT( '', ( -0.0971961524227100, 0.219000000000000, -0.0278038475772920 ) );
#8017 = CARTESIAN_POINT( '', ( -0.0561569219381236, 0.147917967697213, -0.0688430780618468 ) );
#8018 = VECTOR( '', #9455, 39.3700787402000 );
#8019 = CARTESIAN_POINT( '', ( -0.0971961524227100, 0.219000000000000, 0.500000000000000 ) );
#8020 = VECTOR( '', #9456, 39.3700787402000 );
#8021 = COLOUR_RGB( '', 1.00000000000000, 1.00000000000000, 1.00000000000000 );
#8022 = CARTESIAN_POINT( '', ( 0.0420000000000000, -1.06712812252510E-17, -0.0170000000000000 ) );
#8023 = CARTESIAN_POINT( '', ( 0.108000000000000, -1.28055374703012E-17, -0.0170000000000000 ) );
#8024 = VECTOR( '', #9457, 39.3700787402000 );
#8025 = AXIS2_PLACEMENT_3D( '', #9458, #9459, #9460 );
#8026 = COLOUR_RGB( '', 1.00000000000000, 1.00000000000000, 0.000000000000000 );
#8027 = CARTESIAN_POINT( '', ( -0.0920000000000000, 0.0990000000000000, 0.0330000000000010 ) );
#8028 = CARTESIAN_POINT( '', ( -0.0920000000000000, 0.0890000000000000, 0.0262653061224498 ) );
#8029 = CARTESIAN_POINT( '', ( -0.0920000000000000, 0.0500000000000000, 0.000000000000000 ) );
#8030 = VECTOR( '', #9461, 39.3700787402000 );
#8031 = CARTESIAN_POINT( '', ( -0.108000000000000, 0.0990000000000000, 0.0330000000000010 ) );
#8032 = CARTESIAN_POINT( '', ( 0.108000000000000, 0.0990000000000000, 0.0330000000000010 ) );
#8033 = VECTOR( '', #9462, 39.3700787402000 );
#8034 = CARTESIAN_POINT( '', ( -0.108000000000000, 0.0500000000000000, 0.000000000000000 ) );
#8035 = CARTESIAN_POINT( '', ( -0.108000000000000, 0.0500000000000000, 0.000000000000000 ) );
#8036 = VECTOR( '', #9463, 39.3700787402000 );
#8037 = CARTESIAN_POINT( '', ( 0.108000000000000, 0.0500000000000000, 0.000000000000000 ) );
#8038 = CARTESIAN_POINT( '', ( 0.108000000000000, 0.0500000000000000, 0.000000000000000 ) );
#8039 = VECTOR( '', #9464, 39.3700787402000 );
#8040 = CARTESIAN_POINT( '', ( 0.108000000000000, 0.0990000000000000, 0.0330000000000010 ) );
#8041 = CARTESIAN_POINT( '', ( 0.108000000000000, 0.0500000000000000, 0.000000000000000 ) );
#8042 = VECTOR( '', #9465, 39.3700787402000 );
#8043 = CARTESIAN_POINT( '', ( 0.108000000000000, 0.0990000000000000, 0.0330000000000010 ) );
#8044 = VECTOR( '', #9466, 39.3700787402000 );
#8045 = CARTESIAN_POINT( '', ( 0.0580000000000000, 0.0890000000000000, 0.0262653061224498 ) );
#8046 = CARTESIAN_POINT( '', ( 0.108000000000000, 0.0890000000000000, 0.0262653061224498 ) );
#8047 = VECTOR( '', #9467, 39.3700787402000 );
#8048 = CARTESIAN_POINT( '', ( 0.0580000000000000, 0.0990000000000000, 0.0330000000000010 ) );
#8049 = CARTESIAN_POINT( '', ( 0.0580000000000000, 0.0500000000000000, 0.000000000000000 ) );
#8050 = VECTOR( '', #9468, 39.3700787402000 );
#8051 = CARTESIAN_POINT( '', ( 0.108000000000000, 0.0990000000000000, 0.0330000000000010 ) );
#8052 = VECTOR( '', #9469, 39.3700787402000 );
#8053 = CARTESIAN_POINT( '', ( 0.108000000000000, 0.0890000000000000, 0.0262653061224498 ) );
#8054 = VECTOR( '', #9470, 39.3700787402000 );
#8055 = CARTESIAN_POINT( '', ( -0.00800000000000001, 0.0990000000000000, 0.0330000000000010 ) );
#8056 = CARTESIAN_POINT( '', ( 0.108000000000000, 0.0990000000000000, 0.0330000000000010 ) );
#8057 = VECTOR( '', #9471, 39.3700787402000 );
#8058 = CARTESIAN_POINT( '', ( -0.00800000000000001, 0.0890000000000000, 0.0262653061224498 ) );
#8059 = CARTESIAN_POINT( '', ( -0.00800000000000001, 0.0500000000000000, 0.000000000000000 ) );
#8060 = VECTOR( '', #9472, 39.3700787402000 );
#8061 = CARTESIAN_POINT( '', ( -0.0420000000000000, 0.0890000000000000, 0.0262653061224498 ) );
#8062 = CARTESIAN_POINT( '', ( 0.108000000000000, 0.0890000000000000, 0.0262653061224498 ) );
#8063 = VECTOR( '', #9473, 39.3700787402000 );
#8064 = CARTESIAN_POINT( '', ( -0.0420000000000000, 0.0990000000000000, 0.0330000000000010 ) );
#8065 = CARTESIAN_POINT( '', ( -0.0420000000000000, 0.0500000000000000, 0.000000000000000 ) );
#8066 = VECTOR( '', #9474, 39.3700787402000 );
#8067 = CARTESIAN_POINT( '', ( -0.0580000000000000, 0.0990000000000000, 0.0330000000000010 ) );
#8068 = CARTESIAN_POINT( '', ( 0.108000000000000, 0.0990000000000000, 0.0330000000000010 ) );
#8069 = VECTOR( '', #9475, 39.3700787402000 );
#8070 = CARTESIAN_POINT( '', ( -0.0580000000000000, 0.0890000000000000, 0.0262653061224498 ) );
#8071 = CARTESIAN_POINT( '', ( -0.0580000000000000, 0.0500000000000000, 0.000000000000000 ) );
#8072 = VECTOR( '', #9476, 39.3700787402000 );
#8073 = CARTESIAN_POINT( '', ( 0.108000000000000, 0.0890000000000000, 0.0262653061224498 ) );
#8074 = VECTOR( '', #9477, 39.3700787402000 );
#8075 = COLOUR_RGB( '', 1.00000000000000, 1.00000000000000, 0.000000000000000 );
#8076 = CARTESIAN_POINT( '', ( -0.0920000000000000, 0.0990000000000000, -0.0329999999999980 ) );
#8077 = CARTESIAN_POINT( '', ( -0.0920000000000000, 0.210000000000000, -0.0329999999999980 ) );
#8078 = VECTOR( '', #9478, 39.3700787402000 );
#8079 = CARTESIAN_POINT( '', ( -0.0920000000000000, 0.0890000000000000, -0.0169999999999990 ) );
#8080 = CARTESIAN_POINT( '', ( -0.0920000000000000, 0.0890000000000000, -0.0169999999999990 ) );
#8081 = VECTOR( '', #9479, 39.3700787402000 );
#8082 = CARTESIAN_POINT( '', ( -0.0920000000000000, 0.0890000000000000, -0.0262653061224474 ) );
#8083 = CARTESIAN_POINT( '', ( -0.0920000000000000, 0.0890000000000000, 0.500000000000000 ) );
#8084 = VECTOR( '', #9480, 39.3700787402000 );
#8085 = CARTESIAN_POINT( '', ( -0.0920000000000000, 0.0990000000000000, -0.0329999999999980 ) );
#8086 = VECTOR( '', #9481, 39.3700787402000 );
#8087 = COLOUR_RGB( '', 1.00000000000000, 1.00000000000000, 0.000000000000000 );
#8088 = CARTESIAN_POINT( '', ( -0.0528038475772900, 0.219000000000000, -0.0278038475772920 ) );
#8089 = CARTESIAN_POINT( '', ( -0.0580000000000000, 0.210000000000000, -0.0329999999999980 ) );
#8090 = CARTESIAN_POINT( '', ( -0.0206430780617973, 0.274704086811310, 0.00435692193817606 ) );
#8091 = VECTOR( '', #9482, 39.3700787402000 );
#8092 = CARTESIAN_POINT( '', ( -0.0471961524227100, 0.219000000000000, -0.0278038475772920 ) );
#8093 = CARTESIAN_POINT( '', ( 0.108000000000000, 0.219000000000000, -0.0278038475772920 ) );
#8094 = VECTOR( '', #9483, 39.3700787402000 );
#8095 = CARTESIAN_POINT( '', ( -0.0161569219381348, 0.165238475772909, -0.0588430780618436 ) );
#8096 = VECTOR( '', #9484, 39.3700787402000 );
#8097 = CARTESIAN_POINT( '', ( 0.108000000000000, 0.210000000000000, -0.0329999999999980 ) );
#8098 = VECTOR( '', #9485, 39.3700787402000 );
#8099 = COLOUR_RGB( '', 0.500000000000000, 0.500000000000000, 0.500000000000000 );
#8100 = CARTESIAN_POINT( '', ( -0.0420000000000000, 0.0990000000000000, -0.0165000000000000 ) );
#8101 = CARTESIAN_POINT( '', ( -0.0420000000000000, 0.00500000000000000, -0.0165000000000000 ) );
#8102 = CARTESIAN_POINT( '', ( -0.0420000000000000, 0.0990000000000000, -0.0165000000000000 ) );
#8103 = VECTOR( '', #9486, 39.3700787402000 );
#8104 = CARTESIAN_POINT( '', ( -0.0580000000000000, 0.00500000000000000, -0.0165000000000000 ) );
#8105 = CARTESIAN_POINT( '', ( -0.0580000000000000, 0.00500000000000000, -0.0165000000000000 ) );
#8106 = VECTOR( '', #9487, 39.3700787402000 );
#8107 = CARTESIAN_POINT( '', ( -0.0580000000000000, 0.0990000000000000, -0.0165000000000000 ) );
#8108 = CARTESIAN_POINT( '', ( -0.0580000000000000, 0.0990000000000000, -0.0165000000000000 ) );
#8109 = VECTOR( '', #9488, 39.3700787402000 );
#8110 = CARTESIAN_POINT( '', ( -0.0580000000000000, 0.0990000000000000, -0.0165000000000000 ) );
#8111 = VECTOR( '', #9489, 39.3700787402000 );
#8112 = COLOUR_RGB( '', 0.500000000000000, 0.500000000000000, 0.500000000000000 );
#8113 = CARTESIAN_POINT( '', ( -0.0580000000000000, 0.00500000000000000, -0.0325000000000000 ) );
#8114 = VECTOR( '', #9490, 39.3700787402000 );
#8115 = CARTESIAN_POINT( '', ( -0.0580000000000000, 0.0990000000000000, -0.0325000000000000 ) );
#8116 = VECTOR( '', #9491, 39.3700787402000 );
#8117 = COLOUR_RGB( '', 1.00000000000000, 1.00000000000000, 1.00000000000000 );
#8118 = CARTESIAN_POINT( '', ( 0.0580000000000000, 3.03008824617600E-18, 0.0660000000000000 ) );
#8119 = CARTESIAN_POINT( '', ( 0.0580000000000000, 0.000000000000000, 0.115000000000000 ) );
#8120 = CARTESIAN_POINT( '', ( 0.0580000000000000, 0.000000000000000, 0.115000000000000 ) );
#8121 = VECTOR( '', #9492, 39.3700787402000 );
#8122 = CARTESIAN_POINT( '', ( 0.0420000000000000, 3.03008824617600E-18, 0.0660000000000000 ) );
#8123 = CARTESIAN_POINT( '', ( 0.108000000000000, 0.000000000000000, 0.0660000000000000 ) );
#8124 = VECTOR( '', #9493, 39.3700787402000 );
#8125 = CARTESIAN_POINT( '', ( 0.0420000000000000, 0.000000000000000, 0.115000000000000 ) );
#8126 = CARTESIAN_POINT( '', ( 0.0420000000000000, 0.000000000000000, 0.115000000000000 ) );
#8127 = VECTOR( '', #9494, 39.3700787402000 );
#8128 = CARTESIAN_POINT( '', ( 0.108000000000000, 0.000000000000000, 0.115000000000000 ) );
#8129 = VECTOR( '', #9495, 39.3700787402000 );
#8130 = COLOUR_RGB( '', 1.00000000000000, 1.00000000000000, 0.000000000000000 );
#8131 = CARTESIAN_POINT( '', ( 0.0971961524227100, 0.219000000000000, 0.0278038475772950 ) );
#8132 = CARTESIAN_POINT( '', ( 0.0952000000000034, 0.215542562584223, 0.0298000000000000 ) );
#8133 = VECTOR( '', #9496, 39.3700787402000 );
#8134 = CARTESIAN_POINT( '', ( 0.108000000000000, 0.210000000000000, 0.0330000000000010 ) );
#8135 = CARTESIAN_POINT( '', ( 0.108000000000000, 0.210000000000000, 0.0330000000000010 ) );
#8136 = VECTOR( '', #9497, 39.3700787402000 );
#8137 = CARTESIAN_POINT( '', ( 0.102803847577290, 0.219000000000000, 0.0278038475772950 ) );
#8138 = CARTESIAN_POINT( '', ( 0.108000000000000, 0.210000000000000, 0.0330000000000010 ) );
#8139 = VECTOR( '', #9498, 39.3700787402000 );
#8140 = CARTESIAN_POINT( '', ( 0.108000000000000, 0.219000000000000, 0.0278038475772950 ) );
#8141 = VECTOR( '', #9499, 39.3700787402000 );
#8142 = COLOUR_RGB( '', 0.500000000000000, 0.500000000000000, 0.500000000000000 );
#8143 = CARTESIAN_POINT( '', ( -0.125000000000000, 0.0245000000000000, -0.0675000000000020 ) );
#8144 = VECTOR( '', #9500, 39.3700787402000 );
#8145 = CARTESIAN_POINT( '', ( -0.125000000000000, 0.0245000000000000, 0.0575000000000000 ) );
#8146 = CARTESIAN_POINT( '', ( -0.125000000000000, 0.0245000000000000, 0.0575000000000000 ) );
#8147 = VECTOR( '', #9501, 39.3700787402000 );
#8148 = CARTESIAN_POINT( '', ( -0.125000000000000, 0.0745000000000000, 0.0575000000000000 ) );
#8149 = CARTESIAN_POINT( '', ( -0.125000000000000, 0.0745000000000000, 0.0575000000000000 ) );
#8150 = VECTOR( '', #9502, 39.3700787402000 );
#8151 = CARTESIAN_POINT( '', ( -0.125000000000000, 0.0745000000000000, 0.0675000000000020 ) );
#8152 = CARTESIAN_POINT( '', ( -0.125000000000000, 0.0745000000000000, 0.0675000000000020 ) );
#8153 = VECTOR( '', #9503, 39.3700787402000 );
#8154 = CARTESIAN_POINT( '', ( -0.125000000000000, 0.0990000000000000, 0.0675000000000000 ) );
#8155 = CARTESIAN_POINT( '', ( -0.125000000000000, 0.0990000000000000, 0.0675000000000000 ) );
#8156 = VECTOR( '', #9504, 39.3700787402000 );
#8157 = CARTESIAN_POINT( '', ( -0.125000000000000, 0.0990000000000000, -0.0675000000000000 ) );
#8158 = VECTOR( '', #9505, 39.3700787402000 );
#8159 = CARTESIAN_POINT( '', ( -0.125000000000000, 0.0745000000000000, -0.0575000000000000 ) );
#8160 = VECTOR( '', #9506, 39.3700787402000 );
#8161 = COLOUR_RGB( '', 1.00000000000000, 1.00000000000000, 0.000000000000000 );
#8162 = CARTESIAN_POINT( '', ( 0.102803847577290, 0.219000000000000, -0.0221961524227050 ) );
#8163 = CARTESIAN_POINT( '', ( 0.108000000000000, 0.219000000000000, -0.0221961524227050 ) );
#8164 = VECTOR( '', #9507, 39.3700787402000 );
#8165 = CARTESIAN_POINT( '', ( 0.102803847577290, 0.219000000000000, -0.0278038475772920 ) );
#8166 = CARTESIAN_POINT( '', ( 0.102803847577290, 0.219000000000000, 0.500000000000000 ) );
#8167 = VECTOR( '', #9508, 39.3700787402000 );
#8168 = CARTESIAN_POINT( '', ( 0.108000000000000, 0.219000000000000, -0.0278038475772920 ) );
#8169 = VECTOR( '', #9509, 39.3700787402000 );
#8170 = COLOUR_RGB( '', 1.00000000000000, 1.00000000000000, 1.00000000000000 );
#8171 = CARTESIAN_POINT( '', ( -0.00800000000000001, 0.0100000000000000, -0.0555930905438934 ) );
#8172 = CARTESIAN_POINT( '', ( -0.00800000000000001, 0.0100000000000000, 0.500000000000000 ) );
#8173 = VECTOR( '', #9510, 39.3700787402000 );
#8174 = CARTESIAN_POINT( '', ( -0.00800000000000001, 0.000000000000000, -0.0660000000000000 ) );
#8175 = CARTESIAN_POINT( '', ( -0.00800000000000001, 0.0634194044623617, 0.000000000000000 ) );
#8176 = VECTOR( '', #9511, 39.3700787402000 );
#8177 = CARTESIAN_POINT( '', ( -0.00800000000000001, 0.000000000000000, -0.0660000000000000 ) );
#8178 = VECTOR( '', #9512, 39.3700787402000 );
#8179 = CARTESIAN_POINT( '', ( -0.00800000000000001, -0.0160000000000000, -0.115000000000000 ) );
#8180 = VECTOR( '', #9513, 39.3700787402000 );
#8181 = COLOUR_RGB( '', 0.500000000000000, 0.500000000000000, 0.500000000000000 );
#8182 = CARTESIAN_POINT( '', ( -0.100000000000000, 0.00500000000000000, 0.0175000000000000 ) );
#8183 = CARTESIAN_POINT( '', ( -0.0920000000000000, 0.00500000000000000, 0.0175000000000000 ) );
#8184 = CARTESIAN_POINT( '', ( -0.0920000000000000, 0.00500000000000000, 0.0175000000000000 ) );
#8185 = VECTOR( '', #9514, 39.3700787402000 );
#8186 = CARTESIAN_POINT( '', ( -0.100000000000000, 0.00500000000000000, 0.100000000000000 ) );
#8187 = VECTOR( '', #9515, 39.3700787402000 );
#8188 = CARTESIAN_POINT( '', ( -0.0920000000000000, 0.00500000000000000, 0.0335000000000000 ) );
#8189 = VECTOR( '', #9516, 39.3700787402000 );
#8190 = COLOUR_RGB( '', 0.500000000000000, 0.500000000000000, 0.500000000000000 );
#8191 = CARTESIAN_POINT( '', ( 0.100000000000000, 0.0245000000000000, 0.0675000000000000 ) );
#8192 = CARTESIAN_POINT( '', ( 0.125000000000000, 0.0245000000000000, 0.0675000000000000 ) );
#8193 = VECTOR( '', #9517, 39.3700787402000 );
#8194 = CARTESIAN_POINT( '', ( 0.125000000000000, 0.0245000000000000, 0.0675000000000020 ) );
#8195 = CARTESIAN_POINT( '', ( 0.125000000000000, 0.0245000000000000, 0.0675000000000020 ) );
#8196 = VECTOR( '', #9518, 39.3700787402000 );
#8197 = CARTESIAN_POINT( '', ( 0.125000000000000, 0.0245000000000000, 0.0575000000000000 ) );
#8198 = CARTESIAN_POINT( '', ( 0.125000000000000, 0.0245000000000000, 0.0575000000000000 ) );
#8199 = VECTOR( '', #9519, 39.3700787402000 );
#8200 = CARTESIAN_POINT( '', ( 0.125000000000000, 0.0245000000000000, 0.0575000000000000 ) );
#8201 = VECTOR( '', #9520, 39.3700787402000 );
#8202 = COLOUR_RGB( '', 1.00000000000000, 1.00000000000000, 1.00000000000000 );
#8203 = CARTESIAN_POINT( '', ( -0.00800000000000001, -0.0160000000000000, 0.0403238075793815 ) );
#8204 = AXIS2_PLACEMENT_3D( '', #9521, #9522, #9523 );
#8205 = CARTESIAN_POINT( '', ( -0.00800000000000001, -0.0160000000000000, 0.0403238075793815 ) );
#8206 = VECTOR( '', #9524, 39.3700787402000 );
#8207 = CARTESIAN_POINT( '', ( -0.00800000000000001, 3.03008824617600E-18, 0.0660000000000000 ) );
#8208 = CARTESIAN_POINT( '', ( -0.00800000000000001, 0.000000000000000, 0.115000000000000 ) );
#8209 = VECTOR( '', #9525, 39.3700787402000 );
#8210 = CARTESIAN_POINT( '', ( -0.00800000000000001, 0.0100000000000000, 0.0555930905438934 ) );
#8211 = CARTESIAN_POINT( '', ( -0.00800000000000001, 0.000000000000000, 0.0660000000000000 ) );
#8212 = VECTOR( '', #9526, 39.3700787402000 );
#8213 = CARTESIAN_POINT( '', ( -0.00800000000000001, 0.0100000000000000, 0.500000000000000 ) );
#8214 = VECTOR( '', #9527, 39.3700787402000 );
#8215 = COLOUR_RGB( '', 1.00000000000000, 1.00000000000000, 1.00000000000000 );
#8216 = CARTESIAN_POINT( '', ( 0.00799999999999997, -0.0160000000000000, 0.0403238075793815 ) );
#8217 = CARTESIAN_POINT( '', ( 0.00799999999999997, -0.0160000000000000, 0.0403238075793815 ) );
#8218 = VECTOR( '', #9528, 39.3700787402000 );
#8219 = CARTESIAN_POINT( '', ( 0.108000000000000, -0.0160000000000000, 0.0403238075793815 ) );
#8220 = VECTOR( '', #9529, 39.3700787402000 );
#8221 = COLOUR_RGB( '', 0.500000000000000, 0.500000000000000, 0.500000000000000 );
#8222 = CARTESIAN_POINT( '', ( 0.0920000000000000, 0.00500000000000000, 0.0175000000000000 ) );
#8223 = VECTOR( '', #9530, 39.3700787402000 );
#8224 = CARTESIAN_POINT( '', ( 0.100000000000005, 0.00500000000000000, -0.100000000000000 ) );
#8225 = VECTOR( '', #9531, 39.3700787402000 );
#8226 = COLOUR_RGB( '', 1.00000000000000, 1.00000000000000, 1.00000000000000 );
#8227 = CARTESIAN_POINT( '', ( 0.108000000000000, 0.000000000000000, 0.115000000000000 ) );
#8228 = VECTOR( '', #9532, 39.3700787402000 );
#8229 = COLOUR_RGB( '', 1.00000000000000, 1.00000000000000, 0.000000000000000 );
#8230 = CARTESIAN_POINT( '', ( -0.0528038475772900, 0.219000000000000, -0.0221961524227050 ) );
#8231 = CARTESIAN_POINT( '', ( -0.0528038475772900, 0.219000000000000, 0.500000000000000 ) );
#8232 = VECTOR( '', #9533, 39.3700787402000 );
#8233 = CARTESIAN_POINT( '', ( -0.0471961524227100, 0.219000000000000, -0.0221961524227050 ) );
#8234 = CARTESIAN_POINT( '', ( 0.108000000000000, 0.219000000000000, -0.0221961524227050 ) );
#8235 = VECTOR( '', #9534, 39.3700787402000 );
#8236 = CARTESIAN_POINT( '', ( -0.0471961524227100, 0.219000000000000, 0.500000000000000 ) );
#8237 = VECTOR( '', #9535, 39.3700787402000 );
#8238 = COLOUR_RGB( '', 0.500000000000000, 0.500000000000000, 0.500000000000000 );
#8239 = CARTESIAN_POINT( '', ( 0.0420000000000000, 0.00500000000000000, -0.0325000000000000 ) );
#8240 = VECTOR( '', #9536, 39.3700787402000 );
#8241 = CARTESIAN_POINT( '', ( 0.0580000000000000, 0.00500000000000000, -0.0165000000000000 ) );
#8242 = VECTOR( '', #9537, 39.3700787402000 );
#8243 = COLOUR_RGB( '', 1.00000000000000, 1.00000000000000, 0.000000000000000 );
#8244 = CARTESIAN_POINT( '', ( -0.00800000000000001, 0.0990000000000000, -0.0329999999999980 ) );
#8245 = CARTESIAN_POINT( '', ( -0.00800000000000001, 0.210000000000000, -0.0329999999999980 ) );
#8246 = VECTOR( '', #9538, 39.3700787402000 );
#8247 = CARTESIAN_POINT( '', ( 0.108000000000000, 0.0990000000000000, -0.0329999999999980 ) );
#8248 = VECTOR( '', #9539, 39.3700787402000 );
#8249 = COLOUR_RGB( '', 1.00000000000000, 1.00000000000000, 0.000000000000000 );
#8250 = CARTESIAN_POINT( '', ( -0.108000000000000, 0.210000000000000, 0.0330000000000010 ) );
#8251 = CARTESIAN_POINT( '', ( -0.0647999999999529, 0.284824594887008, -0.0102000000000127 ) );
#8252 = VECTOR( '', #9540, 39.3700787402000 );
#8253 = CARTESIAN_POINT( '', ( 0.108000000000000, 0.210000000000000, 0.0330000000000010 ) );
#8254 = VECTOR( '', #9541, 39.3700787402000 );
#8255 = COLOUR_RGB( '', 0.500000000000000, 0.500000000000000, 0.500000000000000 );
#8256 = CARTESIAN_POINT( '', ( -0.100000000000000, 0.0745000000000000, 0.0675000000000020 ) );
#8257 = CARTESIAN_POINT( '', ( 0.125000000000000, 0.0745000000000000, 0.0675000000000020 ) );
#8258 = VECTOR( '', #9542, 39.3700787402000 );
#8259 = CARTESIAN_POINT( '', ( -0.100000000000000, 0.225000000000000, 0.0675000000000000 ) );
#8260 = VECTOR( '', #9543, 39.3700787402000 );
#8261 = CARTESIAN_POINT( '', ( -0.125000000000000, 0.0990000000000000, 0.0675000000000000 ) );
#8262 = VECTOR( '', #9544, 39.3700787402000 );
#8263 = COLOUR_RGB( '', 1.00000000000000, 1.00000000000000, 1.00000000000000 );
#8264 = CARTESIAN_POINT( '', ( -0.0920000000000000, 0.0100000000000000, -0.0170000000000000 ) );
#8265 = CARTESIAN_POINT( '', ( 0.108000000000000, 0.0100000000000000, -0.0170000000000000 ) );
#8266 = VECTOR( '', #9545, 39.3700787402000 );
#8267 = CARTESIAN_POINT( '', ( -0.0920000000000000, 0.0100000000000000, -0.0555930905438934 ) );
#8268 = CARTESIAN_POINT( '', ( -0.0920000000000000, 0.0100000000000000, 0.500000000000000 ) );
#8269 = VECTOR( '', #9546, 39.3700787402000 );
#8270 = CARTESIAN_POINT( '', ( -0.0580000000000000, 0.0100000000000000, -0.0555930905438934 ) );
#8271 = CARTESIAN_POINT( '', ( 0.108000000000000, 0.00999999999999996, -0.0555930905438935 ) );
#8272 = VECTOR( '', #9547, 39.3700787402000 );
#8273 = CARTESIAN_POINT( '', ( -0.0580000000000000, 0.0100000000000000, 0.500000000000000 ) );
#8274 = VECTOR( '', #9548, 39.3700787402000 );
#8275 = CARTESIAN_POINT( '', ( -0.0420000000000000, 0.0100000000000000, -0.0555930905438934 ) );
#8276 = CARTESIAN_POINT( '', ( -0.0420000000000000, 0.0100000000000000, 0.500000000000000 ) );
#8277 = VECTOR( '', #9549, 39.3700787402000 );
#8278 = CARTESIAN_POINT( '', ( 0.108000000000000, 0.00999999999999998, -0.0555930905438935 ) );
#8279 = VECTOR( '', #9550, 39.3700787402000 );
#8280 = CARTESIAN_POINT( '', ( 0.00799999999999997, 0.0100000000000000, -0.0555930905438934 ) );
#8281 = CARTESIAN_POINT( '', ( 0.00799999999999997, 0.0100000000000000, 0.500000000000000 ) );
#8282 = VECTOR( '', #9551, 39.3700787402000 );
#8283 = CARTESIAN_POINT( '', ( 0.0420000000000000, 0.0100000000000000, -0.0555930905438934 ) );
#8284 = CARTESIAN_POINT( '', ( 0.108000000000000, 0.00999999999999999, -0.0555930905438934 ) );
#8285 = VECTOR( '', #9552, 39.3700787402000 );
#8286 = CARTESIAN_POINT( '', ( 0.0420000000000000, 0.0100000000000000, -0.0170000000000000 ) );
#8287 = CARTESIAN_POINT( '', ( 0.0420000000000000, 0.0100000000000000, 0.500000000000000 ) );
#8288 = VECTOR( '', #9553, 39.3700787402000 );
#8289 = CARTESIAN_POINT( '', ( 0.108000000000000, 0.0100000000000000, -0.0170000000000000 ) );
#8290 = VECTOR( '', #9554, 39.3700787402000 );
#8291 = CARTESIAN_POINT( '', ( 0.0920000000000000, 0.0100000000000000, -0.0555930905438934 ) );
#8292 = CARTESIAN_POINT( '', ( 0.108000000000000, 0.0100000000000000, -0.0555930905438934 ) );
#8293 = VECTOR( '', #9555, 39.3700787402000 );
#8294 = CARTESIAN_POINT( '', ( 0.0920000000000000, 0.0100000000000000, -0.0170000000000000 ) );
#8295 = CARTESIAN_POINT( '', ( 0.0920000000000000, 0.0100000000000000, 0.500000000000000 ) );
#8296 = VECTOR( '', #9556, 39.3700787402000 );
#8297 = CARTESIAN_POINT( '', ( 0.108000000000000, 0.0100000000000000, -0.0170000000000000 ) );
#8298 = CARTESIAN_POINT( '', ( 0.108000000000000, 0.0100000000000000, -0.0170000000000000 ) );
#8299 = VECTOR( '', #9557, 39.3700787402000 );
#8300 = CARTESIAN_POINT( '', ( 0.108000000000000, 0.0100000000000000, 0.0170000000000000 ) );
#8301 = CARTESIAN_POINT( '', ( 0.108000000000000, 0.0100000000000000, -0.0170000000000000 ) );
#8302 = VECTOR( '', #9558, 39.3700787402000 );
#8303 = CARTESIAN_POINT( '', ( 0.0920000000000000, 0.0100000000000000, 0.0170000000000000 ) );
#8304 = CARTESIAN_POINT( '', ( 0.108000000000000, 0.0100000000000000, 0.0170000000000000 ) );
#8305 = VECTOR( '', #9559, 39.3700787402000 );
#8306 = CARTESIAN_POINT( '', ( 0.0920000000000000, 0.0100000000000000, 0.0555930905438934 ) );
#8307 = CARTESIAN_POINT( '', ( 0.0920000000000000, 0.0100000000000000, 0.500000000000000 ) );
#8308 = VECTOR( '', #9560, 39.3700787402000 );
#8309 = CARTESIAN_POINT( '', ( 0.0580000000000000, 0.0100000000000000, 0.0555930905438934 ) );
#8310 = CARTESIAN_POINT( '', ( 0.108000000000000, 0.0100000000000000, 0.0555930905438934 ) );
#8311 = VECTOR( '', #9561, 39.3700787402000 );
#8312 = CARTESIAN_POINT( '', ( 0.0580000000000000, 0.0100000000000000, 0.0170000000000000 ) );
#8313 = CARTESIAN_POINT( '', ( 0.0580000000000000, 0.0100000000000000, 0.500000000000000 ) );
#8314 = VECTOR( '', #9562, 39.3700787402000 );
#8315 = CARTESIAN_POINT( '', ( 0.0420000000000000, 0.0100000000000000, 0.0170000000000000 ) );
#8316 = CARTESIAN_POINT( '', ( 0.108000000000000, 0.0100000000000000, 0.0170000000000000 ) );
#8317 = VECTOR( '', #9563, 39.3700787402000 );
#8318 = CARTESIAN_POINT( '', ( 0.0420000000000000, 0.0100000000000000, 0.0555930905438934 ) );
#8319 = CARTESIAN_POINT( '', ( 0.0420000000000000, 0.0100000000000000, 0.500000000000000 ) );
#8320 = VECTOR( '', #9564, 39.3700787402000 );
#8321 = CARTESIAN_POINT( '', ( 0.00799999999999997, 0.0100000000000000, 0.0555930905438934 ) );
#8322 = CARTESIAN_POINT( '', ( 0.108000000000000, 0.00999999999999998, 0.0555930905438934 ) );
#8323 = VECTOR( '', #9565, 39.3700787402000 );
#8324 = CARTESIAN_POINT( '', ( 0.00799999999999997, 0.0100000000000000, 0.500000000000000 ) );
#8325 = VECTOR( '', #9566, 39.3700787402000 );
#8326 = CARTESIAN_POINT( '', ( 0.108000000000000, 0.00999999999999997, 0.0555930905438935 ) );
#8327 = VECTOR( '', #9567, 39.3700787402000 );
#8328 = CARTESIAN_POINT( '', ( 0.108000000000000, 0.0100000000000000, 0.0170000000000000 ) );
#8329 = VECTOR( '', #9568, 39.3700787402000 );
#8330 = CARTESIAN_POINT( '', ( -0.0920000000000000, 0.0100000000000000, 0.0555930905438934 ) );
#8331 = CARTESIAN_POINT( '', ( 0.108000000000000, 0.00999999999999996, 0.0555930905438935 ) );
#8332 = VECTOR( '', #9569, 39.3700787402000 );
#8333 = CARTESIAN_POINT( '', ( -0.0920000000000000, 0.0100000000000000, 0.500000000000000 ) );
#8334 = VECTOR( '', #9570, 39.3700787402000 );
#8335 = COLOUR_RGB( '', 1.00000000000000, 1.00000000000000, 1.00000000000000 );
#8336 = CARTESIAN_POINT( '', ( 0.108000000000000, -8.53702498020082E-18, 0.0170000000000000 ) );
#8337 = VECTOR( '', #9571, 39.3700787402000 );
#8338 = COLOUR_RGB( '', 1.00000000000000, 1.00000000000000, 0.000000000000000 );
#8339 = CARTESIAN_POINT( '', ( -0.102803847577290, 0.219000000000000, -0.0221961524227050 ) );
#8340 = CARTESIAN_POINT( '', ( -0.102803847577290, 0.219000000000000, -0.0278038475772920 ) );
#8341 = CARTESIAN_POINT( '', ( -0.102803847577290, 0.219000000000000, 0.500000000000000 ) );
#8342 = VECTOR( '', #9572, 39.3700787402000 );
#8343 = CARTESIAN_POINT( '', ( 0.108000000000000, 0.219000000000000, -0.0221961524227050 ) );
#8344 = VECTOR( '', #9573, 39.3700787402000 );
#8345 = CARTESIAN_POINT( '', ( 0.108000000000000, 0.219000000000000, -0.0278038475772920 ) );
#8346 = VECTOR( '', #9574, 39.3700787402000 );
#8347 = COLOUR_RGB( '', 1.00000000000000, 1.00000000000000, 0.000000000000000 );
#8348 = CARTESIAN_POINT( '', ( 0.108000000000000, 0.219000000000000, 0.0221961524227080 ) );
#8349 = VECTOR( '', #9575, 39.3700787402000 );
#8350 = COLOUR_RGB( '', 1.00000000000000, 1.00000000000000, 1.00000000000000 );
#8351 = CARTESIAN_POINT( '', ( 0.00799999999999997, -0.0160000000000000, -0.115000000000000 ) );
#8352 = VECTOR( '', #9576, 39.3700787402000 );
#8353 = COLOUR_RGB( '', 1.00000000000000, 1.00000000000000, 0.000000000000000 );
#8354 = CARTESIAN_POINT( '', ( -0.108000000000000, 0.210000000000000, 0.0170000000000010 ) );
#8355 = CARTESIAN_POINT( '', ( -0.0606430780617892, 0.292024594887001, 0.0643569219381842 ) );
#8356 = VECTOR( '', #9577, 39.3700787402000 );
#8357 = CARTESIAN_POINT( '', ( -0.108000000000000, 0.210000000000000, -0.000000000000000 ) );
#8358 = VECTOR( '', #9578, 39.3700787402000 );
#8359 = COLOUR_RGB( '', 1.00000000000000, 1.00000000000000, 1.00000000000000 );
#8360 = CARTESIAN_POINT( '', ( -0.0920000000000000, -1.06712812252510E-17, -0.0170000000000000 ) );
#8361 = CARTESIAN_POINT( '', ( -0.0920000000000000, -0.0160000000000000, -0.0403238075793815 ) );
#8362 = AXIS2_PLACEMENT_3D( '', #9579, #9580, #9581 );
#8363 = CARTESIAN_POINT( '', ( 0.108000000000000, -1.28055374703012E-17, -0.0170000000000000 ) );
#8364 = VECTOR( '', #9582, 39.3700787402000 );
#8365 = CARTESIAN_POINT( '', ( 0.108000000000000, -0.0160000000000000, -0.0403238075793815 ) );
#8366 = VECTOR( '', #9583, 39.3700787402000 );
#8367 = COLOUR_RGB( '', 0.500000000000000, 0.500000000000000, 0.500000000000000 );
#8368 = CARTESIAN_POINT( '', ( -0.0420000000000000, 0.0990000000000000, 0.0175000000000000 ) );
#8369 = CARTESIAN_POINT( '', ( -0.0420000000000000, 0.00500000000000000, 0.0175000000000000 ) );
#8370 = CARTESIAN_POINT( '', ( -0.0420000000000000, 0.0990000000000000, 0.0175000000000000 ) );
#8371 = VECTOR( '', #9584, 39.3700787402000 );
#8372 = CARTESIAN_POINT( '', ( -0.0420000000000000, 0.00500000000000000, 0.0335000000000000 ) );
#8373 = CARTESIAN_POINT( '', ( -0.0420000000000000, 0.00500000000000000, 0.0335000000000000 ) );
#8374 = VECTOR( '', #9585, 39.3700787402000 );
#8375 = CARTESIAN_POINT( '', ( -0.0420000000000000, 0.0990000000000000, 0.0335000000000000 ) );
#8376 = CARTESIAN_POINT( '', ( -0.0420000000000000, 0.0990000000000000, 0.0335000000000000 ) );
#8377 = VECTOR( '', #9586, 39.3700787402000 );
#8378 = CARTESIAN_POINT( '', ( -0.0420000000000000, 0.0990000000000000, 0.0335000000000000 ) );
#8379 = VECTOR( '', #9587, 39.3700787402000 );
#8380 = COLOUR_RGB( '', 1.00000000000000, 1.00000000000000, 1.00000000000000 );
#8381 = CARTESIAN_POINT( '', ( 0.00799999999999997, 3.03008824617600E-18, 0.0660000000000000 ) );
#8382 = CARTESIAN_POINT( '', ( 0.00799999999999997, 0.000000000000000, 0.0660000000000000 ) );
#8383 = VECTOR( '', #9588, 39.3700787402000 );
#8384 = CARTESIAN_POINT( '', ( 0.00799999999999997, 0.000000000000000, 0.115000000000000 ) );
#8385 = VECTOR( '', #9589, 39.3700787402000 );
#8386 = AXIS2_PLACEMENT_3D( '', #9590, #9591, #9592 );
#8387 = COLOUR_RGB( '', 1.00000000000000, 1.00000000000000, 1.00000000000000 );
#8388 = CARTESIAN_POINT( '', ( 0.108000000000000, 0.000000000000000, 0.0660000000000000 ) );
#8389 = VECTOR( '', #9593, 39.3700787402000 );
#8390 = COLOUR_RGB( '', 1.00000000000000, 1.00000000000000, 0.000000000000000 );
#8391 = CARTESIAN_POINT( '', ( -0.00800000000000001, 0.0990000000000000, 0.0330000000000010 ) );
#8392 = VECTOR( '', #9594, 39.3700787402000 );
#8393 = CARTESIAN_POINT( '', ( -0.00800000000000001, 0.210000000000000, 0.0170000000000010 ) );
#8394 = CARTESIAN_POINT( '', ( -0.00800000000000001, 0.210000000000000, 0.500000000000000 ) );
#8395 = VECTOR( '', #9595, 39.3700787402000 );
#8396 = CARTESIAN_POINT( '', ( -0.00800000000000001, 0.0890000000000000, 0.0170000000000010 ) );
#8397 = CARTESIAN_POINT( '', ( -0.00800000000000001, 0.210000000000000, 0.0170000000000010 ) );
#8398 = VECTOR( '', #9596, 39.3700787402000 );
#8399 = CARTESIAN_POINT( '', ( -0.00800000000000001, 0.0890000000000000, 0.500000000000000 ) );
#8400 = VECTOR( '', #9597, 39.3700787402000 );
#8401 = COLOUR_RGB( '', 0.500000000000000, 0.500000000000000, 0.500000000000000 );
#8402 = CARTESIAN_POINT( '', ( 0.125000000000000, 0.0245000000000000, -0.0675000000000020 ) );
#8403 = CARTESIAN_POINT( '', ( 0.125000000000000, 0.0990000000000000, -0.0675000000000000 ) );
#8404 = VECTOR( '', #9598, 39.3700787402000 );
#8405 = CARTESIAN_POINT( '', ( 0.125000000000000, 0.0245000000000000, -0.0675000000000020 ) );
#8406 = VECTOR( '', #9599, 39.3700787402000 );
#8407 = CARTESIAN_POINT( '', ( 0.125000000000000, 0.0745000000000000, -0.0675000000000020 ) );
#8408 = CARTESIAN_POINT( '', ( 0.125000000000000, 0.0745000000000000, -0.0575000000000000 ) );
#8409 = VECTOR( '', #9600, 39.3700787402000 );
#8410 = CARTESIAN_POINT( '', ( 0.125000000000000, 0.0990000000000000, -0.0675000000000000 ) );
#8411 = CARTESIAN_POINT( '', ( 0.125000000000000, 0.0990000000000000, -0.0675000000000000 ) );
#8412 = VECTOR( '', #9601, 39.3700787402000 );
#8413 = CARTESIAN_POINT( '', ( 0.125000000000000, 0.0990000000000000, 0.0675000000000000 ) );
#8414 = VECTOR( '', #9602, 39.3700787402000 );
#8415 = CARTESIAN_POINT( '', ( 0.125000000000000, 0.0745000000000000, 0.0575000000000000 ) );
#8416 = CARTESIAN_POINT( '', ( 0.125000000000000, 0.0745000000000000, 0.0675000000000020 ) );
#8417 = VECTOR( '', #9603, 39.3700787402000 );
#8418 = CARTESIAN_POINT( '', ( 0.125000000000000, 0.0745000000000000, 0.0575000000000000 ) );
#8419 = VECTOR( '', #9604, 39.3700787402000 );
#8420 = CARTESIAN_POINT( '', ( 0.125000000000000, 0.0990000000000000, 0.0675000000000000 ) );
#8421 = VECTOR( '', #9605, 39.3700787402000 );
#8422 = COLOUR_RGB( '', 0.500000000000000, 0.500000000000000, 0.500000000000000 );
#8423 = CARTESIAN_POINT( '', ( 0.00800000000000001, 0.00500000000000000, -0.0165000000000000 ) );
#8424 = VECTOR( '', #9606, 39.3700787402000 );
#8425 = CARTESIAN_POINT( '', ( 0.00800000000000001, 0.0990000000000000, -0.0165000000000000 ) );
#8426 = VECTOR( '', #9607, 39.3700787402000 );
#8427 = COLOUR_RGB( '', 1.00000000000000, 1.00000000000000, 0.000000000000000 );
#8428 = CARTESIAN_POINT( '', ( -0.0920000000000000, 0.0890000000000000, 0.0170000000000010 ) );
#8429 = CARTESIAN_POINT( '', ( -0.0920000000000000, 0.210000000000000, 0.0170000000000010 ) );
#8430 = VECTOR( '', #9608, 39.3700787402000 );
#8431 = CARTESIAN_POINT( '', ( -0.108000000000000, 0.0890000000000000, 0.0170000000000010 ) );
#8432 = CARTESIAN_POINT( '', ( 0.108000000000000, 0.0890000000000000, 0.0170000000000010 ) );
#8433 = VECTOR( '', #9609, 39.3700787402000 );
#8434 = CARTESIAN_POINT( '', ( -0.108000000000000, 0.210000000000000, 0.0170000000000010 ) );
#8435 = VECTOR( '', #9610, 39.3700787402000 );
#8436 = CARTESIAN_POINT( '', ( 0.108000000000000, 0.210000000000000, 0.0170000000000010 ) );
#8437 = VECTOR( '', #9611, 39.3700787402000 );
#8438 = COLOUR_RGB( '', 0.500000000000000, 0.500000000000000, 0.500000000000000 );
#8439 = CARTESIAN_POINT( '', ( 0.100000000000000, 0.0245000000000000, -0.0675000000000000 ) );
#8440 = CARTESIAN_POINT( '', ( 0.100000000000004, 0.0990000000000000, -0.0675000000000000 ) );
#8441 = VECTOR( '', #9612, 39.3700787402000 );
#8442 = CARTESIAN_POINT( '', ( 0.100000000000005, 0.00500000000000000, -0.100000000000000 ) );
#8443 = VECTOR( '', #9613, 39.3700787402000 );
#8444 = CARTESIAN_POINT( '', ( 0.100000000000000, 0.0990000000000000, -0.0675000000000000 ) );
#8445 = CARTESIAN_POINT( '', ( 0.100000000000000, 0.225000000000000, -0.0675000000000000 ) );
#8446 = VECTOR( '', #9614, 39.3700787402000 );
#8447 = CARTESIAN_POINT( '', ( 0.100000000000000, 0.0745000000000000, -0.0675000000000020 ) );
#8448 = CARTESIAN_POINT( '', ( 0.100000000000000, 0.225000000000000, -0.0675000000000000 ) );
#8449 = VECTOR( '', #9615, 39.3700787402000 );
#8450 = CARTESIAN_POINT( '', ( 0.100000000000000, 0.225000000000000, -0.0675000000000000 ) );
#8451 = VECTOR( '', #9616, 39.3700787402000 );
#8452 = COLOUR_RGB( '', 0.500000000000000, 0.500000000000000, 0.500000000000000 );
#8453 = COLOUR_RGB( '', 1.00000000000000, 1.00000000000000, 0.000000000000000 );
#8454 = CARTESIAN_POINT( '', ( -0.0420000000000000, 0.0890000000000000, 0.0170000000000010 ) );
#8455 = CARTESIAN_POINT( '', ( -0.0420000000000000, 0.0890000000000000, 0.500000000000000 ) );
#8456 = VECTOR( '', #9617, 39.3700787402000 );
#8457 = CARTESIAN_POINT( '', ( -0.0420000000000000, 0.210000000000000, 0.0170000000000010 ) );
#8458 = VECTOR( '', #9618, 39.3700787402000 );
#8459 = CARTESIAN_POINT( '', ( -0.0420000000000000, 0.0990000000000000, 0.0330000000000010 ) );
#8460 = VECTOR( '', #9619, 39.3700787402000 );
#8461 = COLOUR_RGB( '', 0.500000000000000, 0.500000000000000, 0.500000000000000 );
#8462 = CARTESIAN_POINT( '', ( 0.125000000000000, 0.0745000000000000, -0.0675000000000000 ) );
#8463 = VECTOR( '', #9620, 39.3700787402000 );
#8464 = CARTESIAN_POINT( '', ( 0.125000000000000, 0.0745000000000000, -0.0675000000000020 ) );
#8465 = VECTOR( '', #9621, 39.3700787402000 );
#8466 = COLOUR_RGB( '', 1.00000000000000, 1.00000000000000, 1.00000000000000 );
#8467 = CARTESIAN_POINT( '', ( 0.108000000000000, 0.000000000000000, 0.0660000000000000 ) );
#8468 = VECTOR( '', #9622, 39.3700787402000 );
#8469 = COLOUR_RGB( '', 1.00000000000000, 1.00000000000000, 1.00000000000000 );
#8470 = CARTESIAN_POINT( '', ( -0.0920000000000000, -8.67361737988404E-18, -0.0170000000000000 ) );
#8471 = VECTOR( '', #9623, 39.3700787402000 );
#8472 = CARTESIAN_POINT( '', ( -0.0920000000000000, -0.0160000000000000, -0.115000000000000 ) );
#8473 = VECTOR( '', #9624, 39.3700787402000 );
#8474 = CARTESIAN_POINT( '', ( -0.0920000000000000, 0.0634194044623617, 0.000000000000000 ) );
#8475 = VECTOR( '', #9625, 39.3700787402000 );
#8476 = COLOUR_RGB( '', 1.00000000000000, 1.00000000000000, 1.00000000000000 );
#8477 = AXIS2_PLACEMENT_3D( '', #9626, #9627, #9628 );
#8478 = COLOUR_RGB( '', 0.500000000000000, 0.500000000000000, 0.500000000000000 );
#8479 = CARTESIAN_POINT( '', ( 0.000000000000000, 0.0990000000000000, 0.0675000000000000 ) );
#8480 = VECTOR( '', #9629, 39.3700787402000 );
#8481 = CARTESIAN_POINT( '', ( 0.0525000000000000, 0.225000000000000, 0.0675000000000000 ) );
#8482 = CARTESIAN_POINT( '', ( 0.0425000000000000, 0.205000000000000, 0.0675000000000000 ) );
#8483 = VECTOR( '', #9630, 39.3700787402000 );
#8484 = CARTESIAN_POINT( '', ( 0.100000000000000, 0.225000000000000, 0.0675000000000000 ) );
#8485 = CARTESIAN_POINT( '', ( -0.100000000000000, 0.225000000000000, 0.0675000000000000 ) );
#8486 = VECTOR( '', #9631, 39.3700787402000 );
#8487 = CARTESIAN_POINT( '', ( 0.100000000000000, 0.225000000000000, 0.0675000000000000 ) );
#8488 = VECTOR( '', #9632, 39.3700787402000 );
#8489 = COLOUR_RGB( '', 1.00000000000000, 1.00000000000000, 0.000000000000000 );
#8490 = CARTESIAN_POINT( '', ( 0.108000000000000, 0.210000000000000, 0.0170000000000009 ) );
#8491 = CARTESIAN_POINT( '', ( 0.108000000000000, 0.210000000000000, -0.000000000000000 ) );
#8492 = VECTOR( '', #9633, 39.3700787402000 );
#8493 = CARTESIAN_POINT( '', ( 0.102803847577290, 0.219000000000000, 0.0221961524227080 ) );
#8494 = CARTESIAN_POINT( '', ( 0.103843078061833, 0.217199999999998, 0.0211569219381656 ) );
#8495 = VECTOR( '', #9634, 39.3700787402000 );
#8496 = CARTESIAN_POINT( '', ( 0.102803847577290, 0.219000000000000, 0.500000000000000 ) );
#8497 = VECTOR( '', #9635, 39.3700787402000 );
#8498 = COLOUR_RGB( '', 0.500000000000000, 0.500000000000000, 0.500000000000000 );
#8499 = CARTESIAN_POINT( '', ( -0.0580000000000000, 0.00500000000000000, 0.0335000000000000 ) );
#8500 = CARTESIAN_POINT( '', ( -0.0580000000000000, 0.00500000000000000, 0.0335000000000000 ) );
#8501 = VECTOR( '', #9636, 39.3700787402000 );
#8502 = CARTESIAN_POINT( '', ( -0.0580000000000000, 0.0990000000000000, 0.0335000000000000 ) );
#8503 = CARTESIAN_POINT( '', ( -0.0580000000000000, 0.0990000000000000, 0.0335000000000000 ) );
#8504 = VECTOR( '', #9637, 39.3700787402000 );
#8505 = CARTESIAN_POINT( '', ( -0.0580000000000000, 0.0990000000000000, 0.0335000000000000 ) );
#8506 = VECTOR( '', #9638, 39.3700787402000 );
#8507 = COLOUR_RGB( '', 0.500000000000000, 0.500000000000000, 0.500000000000000 );
#8508 = CARTESIAN_POINT( '', ( -0.100000000000000, 0.225000000000000, -0.0675000000000000 ) );
#8509 = VECTOR( '', #9639, 39.3700787402000 );
#8510 = CARTESIAN_POINT( '', ( -0.100000000000000, 0.225000000000000, -0.0675000000000000 ) );
#8511 = VECTOR( '', #9640, 39.3700787402000 );
#8512 = CARTESIAN_POINT( '', ( -0.100000000000000, 0.00500000000000000, -0.100000000000000 ) );
#8513 = VECTOR( '', #9641, 39.3700787402000 );
#8514 = COLOUR_RGB( '', 1.00000000000000, 1.00000000000000, 1.00000000000000 );
#8515 = CARTESIAN_POINT( '', ( 0.0580000000000000, -8.53702498020082E-18, 0.0170000000000000 ) );
#8516 = CARTESIAN_POINT( '', ( 0.0580000000000000, 0.0100000000000000, 0.0170000000000000 ) );
#8517 = VECTOR( '', #9642, 39.3700787402000 );
#8518 = CARTESIAN_POINT( '', ( 0.0420000000000000, -8.53702498020082E-18, 0.0170000000000000 ) );
#8519 = CARTESIAN_POINT( '', ( 0.108000000000000, -8.53702498020082E-18, 0.0170000000000000 ) );
#8520 = VECTOR( '', #9643, 39.3700787402000 );
#8521 = CARTESIAN_POINT( '', ( 0.0420000000000000, 0.0100000000000000, 0.0170000000000000 ) );
#8522 = VECTOR( '', #9644, 39.3700787402000 );
#8523 = COLOUR_RGB( '', 0.500000000000000, 0.500000000000000, 0.500000000000000 );
#8524 = CARTESIAN_POINT( '', ( 0.125000000000000, 0.0245000000000000, -0.0675000000000000 ) );
#8525 = VECTOR( '', #9645, 39.3700787402000 );
#8526 = COLOUR_RGB( '', 1.00000000000000, 1.00000000000000, 1.00000000000000 );
#8527 = AXIS2_PLACEMENT_3D( '', #9646, #9647, #9648 );
#8528 = AXIS2_PLACEMENT_3D( '', #9649, #9650, #9651 );
#8529 = COLOUR_RGB( '', 1.00000000000000, 1.00000000000000, 0.000000000000000 );
#8530 = CARTESIAN_POINT( '', ( -0.00280384757729003, 0.219000000000000, 0.0221961524227080 ) );
#8531 = CARTESIAN_POINT( '', ( -0.00280384757729003, 0.219000000000000, 0.500000000000000 ) );
#8532 = VECTOR( '', #9652, 39.3700787402000 );
#8533 = CARTESIAN_POINT( '', ( 0.0193569219381901, 0.257383578735611, 0.0443569219381754 ) );
#8534 = VECTOR( '', #9653, 39.3700787402000 );
#8535 = COLOUR_RGB( '', 1.00000000000000, 1.00000000000000, 0.000000000000000 );
#8536 = CARTESIAN_POINT( '', ( -0.0528038475772900, 0.219000000000000, 0.0221961524227080 ) );
#8537 = CARTESIAN_POINT( '', ( -0.0580000000000000, 0.210000000000000, 0.0170000000000010 ) );
#8538 = CARTESIAN_POINT( '', ( -0.0206430780617997, 0.274704086811306, 0.0543569219381797 ) );
#8539 = VECTOR( '', #9654, 39.3700787402000 );
#8540 = CARTESIAN_POINT( '', ( 0.108000000000000, 0.219000000000000, 0.0221961524227080 ) );
#8541 = VECTOR( '', #9655, 39.3700787402000 );
#8542 = CARTESIAN_POINT( '', ( 0.108000000000000, 0.210000000000000, 0.0170000000000010 ) );
#8543 = VECTOR( '', #9656, 39.3700787402000 );
#8544 = COLOUR_RGB( '', 0.500000000000000, 0.500000000000000, 0.500000000000000 );
#8545 = CARTESIAN_POINT( '', ( -0.0580000000000000, 0.00500000000000000, 0.0175000000000000 ) );
#8546 = CARTESIAN_POINT( '', ( -0.0580000000000000, 0.00500000000000000, 0.0175000000000000 ) );
#8547 = VECTOR( '', #9657, 39.3700787402000 );
#8548 = CARTESIAN_POINT( '', ( -0.0580000000000000, 0.0990000000000000, 0.0175000000000000 ) );
#8549 = CARTESIAN_POINT( '', ( -0.0580000000000000, 0.0990000000000000, 0.0175000000000000 ) );
#8550 = VECTOR( '', #9658, 39.3700787402000 );
#8551 = CARTESIAN_POINT( '', ( -0.0580000000000000, 0.0990000000000000, 0.0175000000000000 ) );
#8552 = VECTOR( '', #9659, 39.3700787402000 );
#8553 = COLOUR_RGB( '', 0.500000000000000, 0.500000000000000, 0.500000000000000 );
#8554 = CARTESIAN_POINT( '', ( -0.108000000000000, 0.0990000000000000, -0.0325000000000000 ) );
#8555 = CARTESIAN_POINT( '', ( -0.108000000000000, 0.0990000000000000, -0.0325000000000000 ) );
#8556 = VECTOR( '', #9660, 39.3700787402000 );
#8557 = CARTESIAN_POINT( '', ( -0.108000000000000, 0.0990000000000000, -0.0325000000000000 ) );
#8558 = VECTOR( '', #9661, 39.3700787402000 );
#8559 = COLOUR_RGB( '', 1.00000000000000, 1.00000000000000, 0.000000000000000 );
#8560 = CARTESIAN_POINT( '', ( -0.108000000000000, 0.210000000000000, -0.0169999999999990 ) );
#8561 = CARTESIAN_POINT( '', ( -0.0647999999999528, 0.284824594887008, -0.0602000000000126 ) );
#8562 = VECTOR( '', #9662, 39.3700787402000 );
#8563 = CARTESIAN_POINT( '', ( -0.108000000000000, 0.210000000000000, -0.0329999999999980 ) );
#8564 = CARTESIAN_POINT( '', ( -0.0606430780617860, 0.292024594887006, 0.0143569219381793 ) );
#8565 = VECTOR( '', #9663, 39.3700787402000 );
#8566 = CARTESIAN_POINT( '', ( -0.108000000000000, 0.210000000000000, -0.000000000000000 ) );
#8567 = VECTOR( '', #9664, 39.3700787402000 );
#8568 = COLOUR_RGB( '', 1.00000000000000, 1.00000000000000, 0.000000000000000 );
#8569 = CARTESIAN_POINT( '', ( 0.108000000000000, 0.210000000000000, -0.0169999999999990 ) );
#8570 = VECTOR( '', #9665, 39.3700787402000 );
#8571 = CARTESIAN_POINT( '', ( -0.108000000000000, 0.0890000000000000, -0.0169999999999990 ) );
#8572 = CARTESIAN_POINT( '', ( -0.108000000000000, 0.0890000000000000, -0.0169999999999990 ) );
#8573 = VECTOR( '', #9666, 39.3700787402000 );
#8574 = CARTESIAN_POINT( '', ( 0.108000000000000, 0.0890000000000000, -0.0169999999999990 ) );
#8575 = VECTOR( '', #9667, 39.3700787402000 );
#8576 = COLOUR_RGB( '', 0.500000000000000, 0.500000000000000, 0.500000000000000 );
#8577 = CARTESIAN_POINT( '', ( 0.0420000000000000, 0.0990000000000000, 0.0175000000000000 ) );
#8578 = CARTESIAN_POINT( '', ( 0.0420000000000000, 0.00500000000000000, 0.0175000000000000 ) );
#8579 = CARTESIAN_POINT( '', ( 0.0420000000000000, 0.0990000000000000, 0.0175000000000000 ) );
#8580 = VECTOR( '', #9668, 39.3700787402000 );
#8581 = CARTESIAN_POINT( '', ( 0.0580000000000000, 0.00500000000000000, 0.0175000000000000 ) );
#8582 = VECTOR( '', #9669, 39.3700787402000 );
#8583 = CARTESIAN_POINT( '', ( 0.0580000000000000, 0.0990000000000000, 0.0175000000000000 ) );
#8584 = VECTOR( '', #9670, 39.3700787402000 );
#8585 = COLOUR_RGB( '', 1.00000000000000, 1.00000000000000, 0.000000000000000 );
#8586 = CARTESIAN_POINT( '', ( -0.0580000000000000, 0.0990000000000000, -0.0329999999999980 ) );
#8587 = CARTESIAN_POINT( '', ( -0.0580000000000000, 0.210000000000000, -0.0329999999999980 ) );
#8588 = VECTOR( '', #9671, 39.3700787402000 );
#8589 = CARTESIAN_POINT( '', ( 0.108000000000000, 0.0990000000000000, -0.0329999999999980 ) );
#8590 = VECTOR( '', #9672, 39.3700787402000 );
#8591 = COLOUR_RGB( '', 1.00000000000000, 1.00000000000000, 0.000000000000000 );
#8592 = CARTESIAN_POINT( '', ( 0.0580000000000000, 0.210000000000000, -0.0329999999999980 ) );
#8593 = CARTESIAN_POINT( '', ( 0.0580000000000000, 0.210000000000000, 0.500000000000000 ) );
#8594 = VECTOR( '', #9673, 39.3700787402000 );
#8595 = CARTESIAN_POINT( '', ( 0.0528038475772900, 0.219000000000000, -0.0278038475772920 ) );
#8596 = CARTESIAN_POINT( '', ( 0.0638430780618439, 0.199879491924302, -0.0388430780618374 ) );
#8597 = VECTOR( '', #9674, 39.3700787402000 );
#8598 = CARTESIAN_POINT( '', ( 0.0528038475772900, 0.219000000000000, 0.500000000000000 ) );
#8599 = VECTOR( '', #9675, 39.3700787402000 );
#8600 = COLOUR_RGB( '', 1.00000000000000, 1.00000000000000, 0.000000000000000 );
#8601 = CARTESIAN_POINT( '', ( 0.0420000000000000, 0.0890000000000000, -0.0169999999999990 ) );
#8602 = CARTESIAN_POINT( '', ( 0.0420000000000000, 0.0890000000000000, -0.0169999999999990 ) );
#8603 = VECTOR( '', #9676, 39.3700787402000 );
#8604 = CARTESIAN_POINT( '', ( 0.0580000000000000, 0.0890000000000000, -0.0169999999999990 ) );
#8605 = CARTESIAN_POINT( '', ( 0.108000000000000, 0.0890000000000000, -0.0169999999999990 ) );
#8606 = VECTOR( '', #9677, 39.3700787402000 );
#8607 = CARTESIAN_POINT( '', ( 0.0580000000000000, 0.0890000000000000, -0.0169999999999990 ) );
#8608 = VECTOR( '', #9678, 39.3700787402000 );
#8609 = COLOUR_RGB( '', 0.500000000000000, 0.500000000000000, 0.500000000000000 );
#8610 = CARTESIAN_POINT( '', ( -0.0420000000000000, 0.00500000000000000, 0.0175000000000000 ) );
#8611 = VECTOR( '', #9679, 39.3700787402000 );
#8612 = CARTESIAN_POINT( '', ( -0.0420000000000000, 0.0990000000000000, 0.0175000000000000 ) );
#8613 = VECTOR( '', #9680, 39.3700787402000 );
#8614 = COLOUR_RGB( '', 1.00000000000000, 1.00000000000000, 1.00000000000000 );
#8615 = CARTESIAN_POINT( '', ( -0.0920000000000000, 3.03008824617600E-18, 0.0660000000000000 ) );
#8616 = CARTESIAN_POINT( '', ( -0.0920000000000000, 0.000000000000000, 0.0660000000000000 ) );
#8617 = VECTOR( '', #9681, 39.3700787402000 );
#8618 = CARTESIAN_POINT( '', ( -0.0920000000000000, 0.000000000000000, 0.115000000000000 ) );
#8619 = CARTESIAN_POINT( '', ( -0.0920000000000000, 0.000000000000000, 0.115000000000000 ) );
#8620 = VECTOR( '', #9682, 39.3700787402000 );
#8621 = CARTESIAN_POINT( '', ( -0.0920000000000000, -0.0160000000000000, 0.115000000000000 ) );
#8622 = VECTOR( '', #9683, 39.3700787402000 );
#8623 = COLOUR_RGB( '', 1.00000000000000, 1.00000000000000, 0.000000000000000 );
#8624 = CARTESIAN_POINT( '', ( 0.0420000000000000, 0.0990000000000000, -0.0329999999999980 ) );
#8625 = CARTESIAN_POINT( '', ( 0.0420000000000000, 0.210000000000000, -0.0329999999999980 ) );
#8626 = VECTOR( '', #9684, 39.3700787402000 );
#8627 = CARTESIAN_POINT( '', ( 0.0420000000000000, 0.0890000000000000, -0.0262653061224473 ) );
#8628 = CARTESIAN_POINT( '', ( 0.0420000000000000, 0.0990000000000000, -0.0329999999999980 ) );
#8629 = VECTOR( '', #9685, 39.3700787402000 );
#8630 = CARTESIAN_POINT( '', ( 0.0420000000000000, 0.0890000000000000, 0.500000000000000 ) );
#8631 = VECTOR( '', #9686, 39.3700787402000 );
#8632 = COLOUR_RGB( '', 0.500000000000000, 0.500000000000000, 0.500000000000000 );
#8633 = CARTESIAN_POINT( '', ( -0.0920000000000000, 0.0990000000000000, -0.0325000000000000 ) );
#8634 = CARTESIAN_POINT( '', ( -0.0920000000000000, 0.0990000000000000, -0.0325000000000000 ) );
#8635 = VECTOR( '', #9687, 39.3700787402000 );
#8636 = CARTESIAN_POINT( '', ( -0.0920000000000000, 0.0990000000000000, -0.0165000000000000 ) );
#8637 = VECTOR( '', #9688, 39.3700787402000 );
#8638 = COLOUR_RGB( '', 0.500000000000000, 0.500000000000000, 0.500000000000000 );
#8639 = CARTESIAN_POINT( '', ( 0.0525000000000000, 0.225000000000000, 0.100000000000000 ) );
#8640 = CARTESIAN_POINT( '', ( 0.0525000000000000, 0.225000000000000, -0.000000000000000 ) );
#8641 = VECTOR( '', #9689, 39.3700787402000 );
#8642 = CARTESIAN_POINT( '', ( -0.0260000000000002, 0.0679999999999996, 0.100000000000000 ) );
#8643 = VECTOR( '', #9690, 39.3700787402000 );
#8644 = COLOUR_RGB( '', 1.00000000000000, 1.00000000000000, 0.000000000000000 );
#8645 = CARTESIAN_POINT( '', ( 0.0580000000000000, 0.0990000000000000, 0.0330000000000010 ) );
#8646 = VECTOR( '', #9691, 39.3700787402000 );
#8647 = COLOUR_RGB( '', 1.00000000000000, 1.00000000000000, 0.000000000000000 );
#8648 = CARTESIAN_POINT( '', ( 0.108000000000000, 0.0890000000000000, -0.0169999999999990 ) );
#8649 = CARTESIAN_POINT( '', ( 0.108000000000000, 0.0890000000000000, -0.0169999999999990 ) );
#8650 = VECTOR( '', #9692, 39.3700787402000 );
#8651 = CARTESIAN_POINT( '', ( 0.0580000000000000, 0.0890000000000000, -0.0262653061224474 ) );
#8652 = CARTESIAN_POINT( '', ( 0.108000000000000, 0.0890000000000000, -0.0262653061224474 ) );
#8653 = VECTOR( '', #9693, 39.3700787402000 );
#8654 = CARTESIAN_POINT( '', ( 0.0580000000000000, 0.0890000000000000, 0.500000000000000 ) );
#8655 = VECTOR( '', #9694, 39.3700787402000 );
#8656 = CARTESIAN_POINT( '', ( 0.108000000000000, 0.0890000000000000, -0.0262653061224474 ) );
#8657 = VECTOR( '', #9695, 39.3700787402000 );
#8658 = CARTESIAN_POINT( '', ( -0.00800000000000001, 0.0890000000000000, -0.0169999999999990 ) );
#8659 = CARTESIAN_POINT( '', ( 0.108000000000000, 0.0890000000000000, -0.0169999999999990 ) );
#8660 = VECTOR( '', #9696, 39.3700787402000 );
#8661 = CARTESIAN_POINT( '', ( -0.00800000000000001, 0.0890000000000000, -0.0262653061224473 ) );
#8662 = CARTESIAN_POINT( '', ( -0.00800000000000001, 0.0890000000000000, 0.500000000000000 ) );
#8663 = VECTOR( '', #9697, 39.3700787402000 );
#8664 = CARTESIAN_POINT( '', ( 0.108000000000000, 0.0890000000000000, -0.0262653061224474 ) );
#8665 = VECTOR( '', #9698, 39.3700787402000 );
#8666 = CARTESIAN_POINT( '', ( -0.0580000000000000, 0.0890000000000000, -0.0169999999999990 ) );
#8667 = CARTESIAN_POINT( '', ( 0.108000000000000, 0.0890000000000000, -0.0169999999999990 ) );
#8668 = VECTOR( '', #9699, 39.3700787402000 );
#8669 = CARTESIAN_POINT( '', ( -0.0580000000000000, 0.0890000000000000, -0.0262653061224473 ) );
#8670 = CARTESIAN_POINT( '', ( -0.0580000000000000, 0.0890000000000000, 0.500000000000000 ) );
#8671 = VECTOR( '', #9700, 39.3700787402000 );
#8672 = CARTESIAN_POINT( '', ( 0.108000000000000, 0.0890000000000000, -0.0262653061224474 ) );
#8673 = VECTOR( '', #9701, 39.3700787402000 );
#8674 = CARTESIAN_POINT( '', ( -0.108000000000000, 0.0890000000000000, 0.0170000000000010 ) );
#8675 = VECTOR( '', #9702, 39.3700787402000 );
#8676 = CARTESIAN_POINT( '', ( -0.0920000000000000, 0.0890000000000000, 0.500000000000000 ) );
#8677 = VECTOR( '', #9703, 39.3700787402000 );
#8678 = CARTESIAN_POINT( '', ( -0.0580000000000000, 0.0890000000000000, 0.0170000000000010 ) );
#8679 = CARTESIAN_POINT( '', ( -0.0580000000000000, 0.0890000000000000, 0.500000000000000 ) );
#8680 = VECTOR( '', #9704, 39.3700787402000 );
#8681 = CARTESIAN_POINT( '', ( 0.108000000000000, 0.0890000000000000, 0.0170000000000010 ) );
#8682 = VECTOR( '', #9705, 39.3700787402000 );
#8683 = CARTESIAN_POINT( '', ( 0.108000000000000, 0.0890000000000000, 0.0170000000000010 ) );
#8684 = VECTOR( '', #9706, 39.3700787402000 );
#8685 = CARTESIAN_POINT( '', ( 0.0580000000000000, 0.0890000000000000, 0.0170000000000010 ) );
#8686 = CARTESIAN_POINT( '', ( 0.108000000000000, 0.0890000000000000, 0.0170000000000010 ) );
#8687 = VECTOR( '', #9707, 39.3700787402000 );
#8688 = CARTESIAN_POINT( '', ( 0.0580000000000000, 0.0890000000000000, 0.500000000000000 ) );
#8689 = VECTOR( '', #9708, 39.3700787402000 );
#8690 = CARTESIAN_POINT( '', ( 0.108000000000000, 0.0890000000000000, 0.0170000000000010 ) );
#8691 = CARTESIAN_POINT( '', ( 0.108000000000000, 0.0890000000000000, 0.0170000000000010 ) );
#8692 = VECTOR( '', #9709, 39.3700787402000 );
#8693 = CARTESIAN_POINT( '', ( 0.108000000000000, 0.0890000000000000, 0.0170000000000010 ) );
#8694 = VECTOR( '', #9710, 39.3700787402000 );
#8695 = COLOUR_RGB( '', 1.00000000000000, 1.00000000000000, 0.000000000000000 );
#8696 = CARTESIAN_POINT( '', ( 0.00280384757728999, 0.219000000000000, 0.500000000000000 ) );
#8697 = VECTOR( '', #9711, 39.3700787402000 );
#8698 = COLOUR_RGB( '', 1.00000000000000, 1.00000000000000, 0.000000000000000 );
#8699 = CARTESIAN_POINT( '', ( -0.0920000000000000, 0.0990000000000000, 0.0330000000000010 ) );
#8700 = VECTOR( '', #9712, 39.3700787402000 );
#8701 = COLOUR_RGB( '', 1.00000000000000, 1.00000000000000, 0.000000000000000 );
#8702 = CARTESIAN_POINT( '', ( -0.0580000000000000, 0.210000000000000, -0.0169999999999990 ) );
#8703 = CARTESIAN_POINT( '', ( -0.0247999999999641, 0.267504086811312, -0.0502000000000094 ) );
#8704 = VECTOR( '', #9713, 39.3700787402000 );
#8705 = CARTESIAN_POINT( '', ( -0.0580000000000000, 0.210000000000000, 0.500000000000000 ) );
#8706 = VECTOR( '', #9714, 39.3700787402000 );
#8707 = COLOUR_RGB( '', 1.00000000000000, 1.00000000000000, 1.00000000000000 );
#8708 = COLOUR_RGB( '', 1.00000000000000, 1.00000000000000, 1.00000000000000 );
#8709 = CARTESIAN_POINT( '', ( 0.108000000000000, 0.000000000000000, 0.115000000000000 ) );
#8710 = VECTOR( '', #9715, 39.3700787402000 );
#8711 = COLOUR_RGB( '', 0.500000000000000, 0.500000000000000, 0.500000000000000 );
#8712 = CARTESIAN_POINT( '', ( -0.108000000000000, 0.0990000000000000, 0.0175000000000000 ) );
#8713 = CARTESIAN_POINT( '', ( -0.108000000000000, 0.0990000000000000, 0.0175000000000000 ) );
#8714 = VECTOR( '', #9716, 39.3700787402000 );
#8715 = CARTESIAN_POINT( '', ( -0.0920000000000000, 0.0990000000000000, 0.0175000000000000 ) );
#8716 = CARTESIAN_POINT( '', ( -0.0920000000000000, 0.0990000000000000, 0.0175000000000000 ) );
#8717 = VECTOR( '', #9717, 39.3700787402000 );
#8718 = CARTESIAN_POINT( '', ( -0.0920000000000000, 0.0990000000000000, 0.0335000000000000 ) );
#8719 = VECTOR( '', #9718, 39.3700787402000 );
#8720 = CARTESIAN_POINT( '', ( -0.0920000000000000, 0.0990000000000000, -0.0325000000000000 ) );
#8721 = VECTOR( '', #9719, 39.3700787402000 );
#8722 = CARTESIAN_POINT( '', ( -0.0420000000000000, 0.0990000000000000, -0.0165000000000000 ) );
#8723 = VECTOR( '', #9720, 39.3700787402000 );
#8724 = CARTESIAN_POINT( '', ( -0.00799999999999999, 0.0990000000000000, 0.0175000000000000 ) );
#8725 = CARTESIAN_POINT( '', ( -0.00799999999999999, 0.0990000000000000, 0.0335000000000000 ) );
#8726 = CARTESIAN_POINT( '', ( -0.00799999999999999, 0.0990000000000000, 0.0175000000000000 ) );
#8727 = VECTOR( '', #9721, 39.3700787402000 );
#8728 = CARTESIAN_POINT( '', ( 0.00800000000000001, 0.0990000000000000, 0.0175000000000000 ) );
#8729 = CARTESIAN_POINT( '', ( 0.00800000000000001, 0.0990000000000000, 0.0175000000000000 ) );
#8730 = VECTOR( '', #9722, 39.3700787402000 );
#8731 = CARTESIAN_POINT( '', ( 0.00800000000000001, 0.0990000000000000, 0.0335000000000000 ) );
#8732 = CARTESIAN_POINT( '', ( 0.00800000000000001, 0.0990000000000000, 0.0335000000000000 ) );
#8733 = VECTOR( '', #9723, 39.3700787402000 );
#8734 = CARTESIAN_POINT( '', ( -0.00799999999999999, 0.0990000000000000, 0.0335000000000000 ) );
#8735 = VECTOR( '', #9724, 39.3700787402000 );
#8736 = CARTESIAN_POINT( '', ( -0.00799999999999999, 0.0990000000000000, -0.0325000000000000 ) );
#8737 = VECTOR( '', #9725, 39.3700787402000 );
#8738 = CARTESIAN_POINT( '', ( 0.0420000000000000, 0.0990000000000000, 0.0335000000000000 ) );
#8739 = CARTESIAN_POINT( '', ( 0.0420000000000000, 0.0990000000000000, 0.0175000000000000 ) );
#8740 = VECTOR( '', #9726, 39.3700787402000 );
#8741 = CARTESIAN_POINT( '', ( 0.0420000000000000, 0.0990000000000000, 0.0335000000000000 ) );
#8742 = VECTOR( '', #9727, 39.3700787402000 );
#8743 = CARTESIAN_POINT( '', ( 0.0420000000000000, 0.0990000000000000, -0.0325000000000000 ) );
#8744 = VECTOR( '', #9728, 39.3700787402000 );
#8745 = CARTESIAN_POINT( '', ( 0.0580000000000000, 0.0990000000000000, -0.0165000000000000 ) );
#8746 = VECTOR( '', #9729, 39.3700787402000 );
#8747 = CARTESIAN_POINT( '', ( 0.0920000000000000, 0.0990000000000000, 0.0175000000000000 ) );
#8748 = VECTOR( '', #9730, 39.3700787402000 );
#8749 = CARTESIAN_POINT( '', ( 0.108000000000000, 0.0990000000000000, 0.0335000000000000 ) );
#8750 = VECTOR( '', #9731, 39.3700787402000 );
#8751 = CARTESIAN_POINT( '', ( 0.0920000000000000, 0.0990000000000000, -0.0325000000000000 ) );
#8752 = CARTESIAN_POINT( '', ( 0.0920000000000000, 0.0990000000000000, -0.0325000000000000 ) );
#8753 = VECTOR( '', #9732, 39.3700787402000 );
#8754 = CARTESIAN_POINT( '', ( 0.108000000000000, 0.0990000000000000, -0.0325000000000000 ) );
#8755 = CARTESIAN_POINT( '', ( 0.108000000000000, 0.0990000000000000, -0.0325000000000000 ) );
#8756 = VECTOR( '', #9733, 39.3700787402000 );
#8757 = CARTESIAN_POINT( '', ( 0.108000000000000, 0.0990000000000000, -0.0165000000000000 ) );
#8758 = VECTOR( '', #9734, 39.3700787402000 );
#8759 = CARTESIAN_POINT( '', ( -0.0425000000000000, 0.0990000000000000, 0.100000000000000 ) );
#8760 = CARTESIAN_POINT( '', ( -0.0425000000000000, 0.0990000000000000, 0.292500000000000 ) );
#8761 = VECTOR( '', #9735, 39.3700787402000 );
#8762 = CARTESIAN_POINT( '', ( 0.0999999999999990, 0.0990000000000000, 0.100000000000000 ) );
#8763 = VECTOR( '', #9736, 39.3700787402000 );
#8764 = CARTESIAN_POINT( '', ( 0.125000000000000, 0.0990000000000000, -0.0675000000000000 ) );
#8765 = VECTOR( '', #9737, 39.3700787402000 );
#8766 = CARTESIAN_POINT( '', ( 0.000000000000000, 0.0990000000000000, -0.0675000000000000 ) );
#8767 = VECTOR( '', #9738, 39.3700787402000 );
#8768 = COLOUR_RGB( '', 0.500000000000000, 0.500000000000000, 0.500000000000000 );
#8769 = CARTESIAN_POINT( '', ( -0.00799999999999999, 0.00500000000000000, -0.0325000000000000 ) );
#8770 = VECTOR( '', #9739, 39.3700787402000 );
#8771 = COLOUR_RGB( '', 0.500000000000000, 0.500000000000000, 0.500000000000000 );
#8772 = CARTESIAN_POINT( '', ( 0.108000000000000, 0.0990000000000000, -0.0325000000000000 ) );
#8773 = VECTOR( '', #9740, 39.3700787402000 );
#8774 = COLOUR_RGB( '', 1.00000000000000, 1.00000000000000, 1.00000000000000 );
#8775 = CARTESIAN_POINT( '', ( 0.0920000000000000, 0.0100000000000000, 0.0170000000000000 ) );
#8776 = VECTOR( '', #9741, 39.3700787402000 );
#8777 = CARTESIAN_POINT( '', ( 0.0920000000000000, -0.0160000000000000, 0.0403238075793815 ) );
#8778 = VECTOR( '', #9742, 39.3700787402000 );
#8779 = CARTESIAN_POINT( '', ( 0.0920000000000000, 0.000000000000000, 0.0660000000000000 ) );
#8780 = VECTOR( '', #9743, 39.3700787402000 );
#8781 = COLOUR_RGB( '', 1.00000000000000, 1.00000000000000, 1.00000000000000 );
#8782 = CARTESIAN_POINT( '', ( -0.0580000000000000, 0.0634194044623617, 0.000000000000000 ) );
#8783 = VECTOR( '', #9744, 39.3700787402000 );
#8784 = CARTESIAN_POINT( '', ( -0.0580000000000000, -0.0160000000000000, -0.115000000000000 ) );
#8785 = CARTESIAN_POINT( '', ( -0.0580000000000000, 0.000000000000000, -0.115000000000000 ) );
#8786 = VECTOR( '', #9745, 39.3700787402000 );
#8787 = CARTESIAN_POINT( '', ( -0.0580000000000000, -0.0160000000000000, -0.115000000000000 ) );
#8788 = VECTOR( '', #9746, 39.3700787402000 );
#8789 = COLOUR_RGB( '', 0.500000000000000, 0.500000000000000, 0.500000000000000 );
#8790 = CARTESIAN_POINT( '', ( -0.00799999999999999, 0.00500000000000000, 0.0335000000000000 ) );
#8791 = CARTESIAN_POINT( '', ( -0.00800000000000000, 0.00500000000000000, 0.0175000000000000 ) );
#8792 = CARTESIAN_POINT( '', ( -0.00799999999999999, 0.00500000000000000, 0.0175000000000000 ) );
#8793 = VECTOR( '', #9747, 39.3700787402000 );
#8794 = CARTESIAN_POINT( '', ( 0.00800000000000001, 0.00500000000000000, 0.0335000000000000 ) );
#8795 = CARTESIAN_POINT( '', ( -0.00799999999999999, 0.00500000000000000, 0.0335000000000000 ) );
#8796 = VECTOR( '', #9748, 39.3700787402000 );
#8797 = CARTESIAN_POINT( '', ( 0.00800000000000001, 0.00500000000000000, 0.0175000000000000 ) );
#8798 = CARTESIAN_POINT( '', ( 0.00800000000000001, 0.00500000000000000, 0.0335000000000000 ) );
#8799 = VECTOR( '', #9749, 39.3700787402000 );
#8800 = CARTESIAN_POINT( '', ( 0.00800000000000001, 0.00500000000000000, 0.0175000000000000 ) );
#8801 = VECTOR( '', #9750, 39.3700787402000 );
#8802 = COLOUR_RGB( '', 1.00000000000000, 1.00000000000000, 0.000000000000000 );
#8803 = CARTESIAN_POINT( '', ( 0.108000000000000, 0.210000000000000, -0.0329999999999980 ) );
#8804 = CARTESIAN_POINT( '', ( 0.108000000000000, 0.210000000000000, -0.0329999999999980 ) );
#8805 = VECTOR( '', #9751, 39.3700787402000 );
#8806 = CARTESIAN_POINT( '', ( 0.108000000000000, 0.0990000000000000, -0.0329999999999980 ) );
#8807 = CARTESIAN_POINT( '', ( 0.108000000000000, 0.210000000000000, -0.0329999999999980 ) );
#8808 = VECTOR( '', #9752, 39.3700787402000 );
#8809 = CARTESIAN_POINT( '', ( 0.108000000000000, 0.0990000000000000, -0.0329999999999980 ) );
#8810 = VECTOR( '', #9753, 39.3700787402000 );
#8811 = COLOUR_RGB( '', 0.500000000000000, 0.500000000000000, 0.500000000000000 );
#8812 = CARTESIAN_POINT( '', ( -0.0420000000000000, 0.00500000000000000, -0.0165000000000000 ) );
#8813 = VECTOR( '', #9754, 39.3700787402000 );
#8814 = COLOUR_RGB( '', 1.00000000000000, 1.00000000000000, 1.00000000000000 );
#8815 = CARTESIAN_POINT( '', ( 0.108000000000000, -0.0160000000000000, 0.0403238075793815 ) );
#8816 = VECTOR( '', #9755, 39.3700787402000 );
#8817 = COLOUR_RGB( '', 0.500000000000000, 0.500000000000000, 0.500000000000000 );
#8818 = CARTESIAN_POINT( '', ( -0.00799999999999999, 0.0990000000000000, 0.0335000000000000 ) );
#8819 = VECTOR( '', #9756, 39.3700787402000 );
#8820 = CARTESIAN_POINT( '', ( -0.00799999999999999, 0.0990000000000000, 0.0175000000000000 ) );
#8821 = VECTOR( '', #9757, 39.3700787402000 );
#8822 = COLOUR_RGB( '', 1.00000000000000, 1.00000000000000, 0.000000000000000 );
#8823 = CARTESIAN_POINT( '', ( 0.108000000000000, 0.210000000000000, -0.0329999999999980 ) );
#8824 = VECTOR( '', #9758, 39.3700787402000 );
#8825 = COLOUR_RGB( '', 0.500000000000000, 0.500000000000000, 0.500000000000000 );
#8826 = CARTESIAN_POINT( '', ( 0.00800000000000001, 0.0990000000000000, 0.0335000000000000 ) );
#8827 = VECTOR( '', #9759, 39.3700787402000 );
#8828 = COLOUR_RGB( '', 0.500000000000000, 0.500000000000000, 0.500000000000000 );
#8829 = CARTESIAN_POINT( '', ( -0.100000000000000, 0.0990000000000000, -0.0325000000000000 ) );
#8830 = VECTOR( '', #9760, 39.3700787402000 );
#8831 = COLOUR_RGB( '', 0.500000000000000, 0.500000000000000, 0.500000000000000 );
#8832 = COLOUR_RGB( '', 1.00000000000000, 1.00000000000000, 1.00000000000000 );
#8833 = CARTESIAN_POINT( '', ( 0.108000000000000, 0.000000000000000, 0.0660000000000000 ) );
#8834 = VECTOR( '', #9761, 39.3700787402000 );
#8835 = COLOUR_RGB( '', 1.00000000000000, 1.00000000000000, 0.000000000000000 );
#8836 = CARTESIAN_POINT( '', ( -0.00800000000000001, 0.0990000000000000, -0.0329999999999980 ) );
#8837 = VECTOR( '', #9762, 39.3700787402000 );
#8838 = CARTESIAN_POINT( '', ( -0.00800000000000001, 0.0890000000000000, -0.0169999999999990 ) );
#8839 = VECTOR( '', #9763, 39.3700787402000 );
#8840 = CARTESIAN_POINT( '', ( -0.00800000000000001, 0.210000000000000, 0.500000000000000 ) );
#8841 = VECTOR( '', #9764, 39.3700787402000 );
#8842 = COLOUR_RGB( '', 1.00000000000000, 1.00000000000000, 1.00000000000000 );
#8843 = CARTESIAN_POINT( '', ( 0.0580000000000000, -0.0160000000000000, 0.115000000000000 ) );
#8844 = VECTOR( '', #9765, 39.3700787402000 );
#8845 = CARTESIAN_POINT( '', ( 0.0420000000000000, -0.0160000000000000, 0.115000000000000 ) );
#8846 = VECTOR( '', #9766, 39.3700787402000 );
#8847 = COLOUR_RGB( '', 1.00000000000000, 1.00000000000000, 1.00000000000000 );
#8848 = CARTESIAN_POINT( '', ( 0.00799999999999997, 0.000000000000000, -0.0660000000000000 ) );
#8849 = CARTESIAN_POINT( '', ( 0.00799999999999997, 0.000000000000000, -0.0660000000000000 ) );
#8850 = VECTOR( '', #9767, 39.3700787402000 );
#8851 = CARTESIAN_POINT( '', ( 0.00799999999999997, 0.0634194044623617, 0.000000000000000 ) );
#8852 = VECTOR( '', #9768, 39.3700787402000 );
#8853 = COLOUR_RGB( '', 0.500000000000000, 0.500000000000000, 0.500000000000000 );
#8854 = COLOUR_RGB( '', 0.500000000000000, 0.500000000000000, 0.500000000000000 );
#8855 = CARTESIAN_POINT( '', ( 0.0999999999999990, 0.225000000000000, 0.100000000000000 ) );
#8856 = CARTESIAN_POINT( '', ( 0.0999999999999990, 0.225000000000000, 0.100000000000000 ) );
#8857 = VECTOR( '', #9769, 39.3700787402000 );
#8858 = CARTESIAN_POINT( '', ( 0.100000000000000, 0.225000000000000, 0.0675000000000000 ) );
#8859 = VECTOR( '', #9770, 39.3700787402000 );
#8860 = COLOUR_RGB( '', 0.500000000000000, 0.500000000000000, 0.500000000000000 );
#8861 = CARTESIAN_POINT( '', ( 0.0420000000000000, 0.00500000000000000, 0.0335000000000000 ) );
#8862 = CARTESIAN_POINT( '', ( 0.0420000000000000, 0.00500000000000000, 0.0175000000000000 ) );
#8863 = VECTOR( '', #9771, 39.3700787402000 );
#8864 = CARTESIAN_POINT( '', ( 0.0420000000000000, 0.00500000000000000, 0.0335000000000000 ) );
#8865 = VECTOR( '', #9772, 39.3700787402000 );
#8866 = COLOUR_RGB( '', 1.00000000000000, 1.00000000000000, 0.000000000000000 );
#8867 = CARTESIAN_POINT( '', ( -0.108000000000000, 0.0990000000000000, 0.0330000000000010 ) );
#8868 = VECTOR( '', #9773, 39.3700787402000 );
#8869 = COLOUR_RGB( '', 1.00000000000000, 1.00000000000000, 1.00000000000000 );
#8870 = COLOUR_RGB( '', 0.500000000000000, 0.500000000000000, 0.500000000000000 );
#8871 = CARTESIAN_POINT( '', ( 0.125000000000000, 0.0745000000000000, 0.0575000000000000 ) );
#8872 = VECTOR( '', #9774, 39.3700787402000 );
#8873 = CARTESIAN_POINT( '', ( 0.125000000000000, 0.0745000000000000, 0.0675000000000000 ) );
#8874 = VECTOR( '', #9775, 39.3700787402000 );
#8875 = COLOUR_RGB( '', 1.00000000000000, 1.00000000000000, 1.00000000000000 );
#8876 = CARTESIAN_POINT( '', ( 0.108000000000000, 0.000000000000000, -0.0660000000000000 ) );
#8877 = VECTOR( '', #9776, 39.3700787402000 );
#8878 = COLOUR_RGB( '', 1.00000000000000, 1.00000000000000, 1.00000000000000 );
#8879 = CARTESIAN_POINT( '', ( 0.0420000000000000, 0.000000000000000, 0.0660000000000000 ) );
#8880 = VECTOR( '', #9777, 39.3700787402000 );
#8881 = COLOUR_RGB( '', 1.00000000000000, 1.00000000000000, 1.00000000000000 );
#8882 = CARTESIAN_POINT( '', ( 0.0920000000000000, 0.0634194044623617, 0.000000000000000 ) );
#8883 = VECTOR( '', #9778, 39.3700787402000 );
#8884 = CARTESIAN_POINT( '', ( 0.0420000000000000, 0.0634194044623617, 0.000000000000000 ) );
#8885 = VECTOR( '', #9779, 39.3700787402000 );
#8886 = CARTESIAN_POINT( '', ( -0.0420000000000000, 0.0634194044623617, 0.000000000000000 ) );
#8887 = VECTOR( '', #9780, 39.3700787402000 );
#8888 = CARTESIAN_POINT( '', ( 0.108000000000000, 0.0634194044623617, -8.53702498020082E-18 ) );
#8889 = CARTESIAN_POINT( '', ( 0.108000000000000, 0.0634194044623617, -8.53702498020082E-18 ) );
#8890 = VECTOR( '', #9781, 39.3700787402000 );
#8891 = CARTESIAN_POINT( '', ( 0.108000000000000, 0.0634194044623617, 0.000000000000000 ) );
#8892 = VECTOR( '', #9782, 39.3700787402000 );
#8893 = COLOUR_RGB( '', 0.500000000000000, 0.500000000000000, 0.500000000000000 );
#8894 = CARTESIAN_POINT( '', ( -0.100000000000000, 0.225000000000000, 0.0675000000000000 ) );
#8895 = VECTOR( '', #9783, 39.3700787402000 );
#8896 = CARTESIAN_POINT( '', ( 0.100000000000000, 0.225000000000000, 0.0675000000000000 ) );
#8897 = VECTOR( '', #9784, 39.3700787402000 );
#8898 = COLOUR_RGB( '', 0.500000000000000, 0.500000000000000, 0.500000000000000 );
#8899 = CARTESIAN_POINT( '', ( 0.100000000000000, 0.0990000000000000, 0.0675000000000000 ) );
#8900 = VECTOR( '', #9785, 39.3700787402000 );
#8901 = COLOUR_RGB( '', 0.500000000000000, 0.500000000000000, 0.500000000000000 );
#8902 = COLOUR_RGB( '', 0.500000000000000, 0.500000000000000, 0.500000000000000 );
#8903 = COLOUR_RGB( '', 1.00000000000000, 1.00000000000000, 1.00000000000000 );
#8904 = COLOUR_RGB( '', 0.500000000000000, 0.500000000000000, 0.500000000000000 );
#8905 = CARTESIAN_POINT( '', ( 0.125000000000000, 0.0245000000000000, -0.0675000000000020 ) );
#8906 = VECTOR( '', #9786, 39.3700787402000 );
#8907 = COLOUR_RGB( '', 1.00000000000000, 1.00000000000000, 1.00000000000000 );
#8908 = CARTESIAN_POINT( '', ( 0.108000000000000, 0.0100000000000000, 0.0170000000000000 ) );
#8909 = VECTOR( '', #9787, 39.3700787402000 );
#8910 = COLOUR_RGB( '', 1.00000000000000, 1.00000000000000, 0.000000000000000 );
#8911 = CARTESIAN_POINT( '', ( 0.108000000000000, 0.210000000000000, -0.0169999999999990 ) );
#8912 = CARTESIAN_POINT( '', ( 0.108000000000000, 0.210000000000000, -0.0169999999999990 ) );
#8913 = VECTOR( '', #9788, 39.3700787402000 );
#8914 = CARTESIAN_POINT( '', ( 0.108000000000000, 0.210000000000000, -0.0169999999999990 ) );
#8915 = VECTOR( '', #9789, 39.3700787402000 );
#8916 = COLOUR_RGB( '', 1.00000000000000, 1.00000000000000, 0.000000000000000 );
#8917 = CARTESIAN_POINT( '', ( -0.0580000000000000, 0.210000000000000, 0.0330000000000010 ) );
#8918 = CARTESIAN_POINT( '', ( -0.0580000000000000, 0.0990000000000000, 0.0330000000000010 ) );
#8919 = VECTOR( '', #9790, 39.3700787402000 );
#8920 = CARTESIAN_POINT( '', ( 0.108000000000000, 0.210000000000000, 0.0330000000000010 ) );
#8921 = VECTOR( '', #9791, 39.3700787402000 );
#8922 = COLOUR_RGB( '', 0.500000000000000, 0.500000000000000, 0.500000000000000 );
#8923 = CARTESIAN_POINT( '', ( 0.0920000000000000, 0.00500000000000000, -0.0325000000000000 ) );
#8924 = CARTESIAN_POINT( '', ( 0.0920000000000000, 0.0990000000000000, -0.0325000000000000 ) );
#8925 = VECTOR( '', #9792, 39.3700787402000 );
#8926 = CARTESIAN_POINT( '', ( 0.108000000000000, 0.00500000000000000, -0.0325000000000000 ) );
#8927 = VECTOR( '', #9793, 39.3700787402000 );
#8928 = COLOUR_RGB( '', 0.500000000000000, 0.500000000000000, 0.500000000000000 );
#8929 = CARTESIAN_POINT( '', ( 0.00800000000000001, 0.0990000000000000, 0.0175000000000000 ) );
#8930 = VECTOR( '', #9794, 39.3700787402000 );
#8931 = COLOUR_RGB( '', 1.00000000000000, 1.00000000000000, 0.000000000000000 );
#8932 = CARTESIAN_POINT( '', ( -0.0580000000000000, 0.210000000000000, 0.0170000000000010 ) );
#8933 = VECTOR( '', #9795, 39.3700787402000 );
#8934 = COLOUR_RGB( '', 0.500000000000000, 0.500000000000000, 0.500000000000000 );
#8935 = COLOUR_RGB( '', 0.500000000000000, 0.500000000000000, 0.500000000000000 );
#8936 = COLOUR_RGB( '', 0.500000000000000, 0.500000000000000, 0.500000000000000 );
#8937 = CARTESIAN_POINT( '', ( 0.0420000000000000, 0.0990000000000000, 0.0335000000000000 ) );
#8938 = VECTOR( '', #9796, 39.3700787402000 );
#8939 = COLOUR_RGB( '', 0.500000000000000, 0.500000000000000, 0.500000000000000 );
#8940 = CARTESIAN_POINT( '', ( -0.0525000000000000, 0.225000000000000, 0.100000000000000 ) );
#8941 = CARTESIAN_POINT( '', ( -0.0525000000000000, 0.225000000000000, -0.000000000000000 ) );
#8942 = VECTOR( '', #9797, 39.3700787402000 );
#8943 = CARTESIAN_POINT( '', ( -0.100000000000000, 0.225000000000000, 0.100000000000000 ) );
#8944 = CARTESIAN_POINT( '', ( -0.100000000000000, 0.225000000000000, 0.100000000000000 ) );
#8945 = VECTOR( '', #9798, 39.3700787402000 );
#8946 = CARTESIAN_POINT( '', ( 0.0999999999999990, 0.225000000000000, 0.100000000000000 ) );
#8947 = VECTOR( '', #9799, 39.3700787402000 );
#8948 = COLOUR_RGB( '', 1.00000000000000, 1.00000000000000, 0.000000000000000 );
#8949 = CARTESIAN_POINT( '', ( 0.0971961524227100, 0.219000000000000, 0.0221961524227080 ) );
#8950 = CARTESIAN_POINT( '', ( 0.0993569219381701, 0.222742562584221, 0.0243569219381669 ) );
#8951 = VECTOR( '', #9800, 39.3700787402000 );
#8952 = CARTESIAN_POINT( '', ( 0.108000000000000, 0.219000000000000, 0.0221961524227080 ) );
#8953 = VECTOR( '', #9801, 39.3700787402000 );
#8954 = CARTESIAN_POINT( '', ( 0.108000000000000, 0.210000000000000, 0.0170000000000010 ) );
#8955 = VECTOR( '', #9802, 39.3700787402000 );
#8956 = COLOUR_RGB( '', 1.00000000000000, 1.00000000000000, 0.000000000000000 );
#8957 = CARTESIAN_POINT( '', ( -0.108000000000000, 0.0990000000000000, -0.0329999999999980 ) );
#8958 = CARTESIAN_POINT( '', ( -0.108000000000000, 0.210000000000000, -0.0329999999999980 ) );
#8959 = VECTOR( '', #9803, 39.3700787402000 );
#8960 = CARTESIAN_POINT( '', ( -0.108000000000000, 0.0990000000000000, -0.0329999999999980 ) );
#8961 = VECTOR( '', #9804, 39.3700787402000 );
#8962 = COLOUR_RGB( '', 1.00000000000000, 1.00000000000000, 0.000000000000000 );
#8963 = COLOUR_RGB( '', 0.500000000000000, 0.500000000000000, 0.500000000000000 );
#8964 = CARTESIAN_POINT( '', ( -0.100000000000000, 0.0990000000000000, 0.0175000000000000 ) );
#8965 = VECTOR( '', #9805, 39.3700787402000 );
#8966 = COLOUR_RGB( '', 0.500000000000000, 0.500000000000000, 0.500000000000000 );
#8967 = CARTESIAN_POINT( '', ( -0.0425000000000000, 0.205000000000000, 0.100000000000000 ) );
#8968 = CARTESIAN_POINT( '', ( -0.0425000000000000, 0.00500000000000000, 0.100000000000000 ) );
#8969 = VECTOR( '', #9806, 39.3700787402000 );
#8970 = CARTESIAN_POINT( '', ( 0.0659999999999998, -0.0119999999999996, 0.100000000000000 ) );
#8971 = VECTOR( '', #9807, 39.3700787402000 );
#8972 = CARTESIAN_POINT( '', ( -0.100000000000000, 0.00500000000000000, 0.100000000000000 ) );
#8973 = VECTOR( '', #9808, 39.3700787402000 );
#8974 = CARTESIAN_POINT( '', ( 0.0999999999999990, 0.00500000000000000, 0.100000000000000 ) );
#8975 = VECTOR( '', #9809, 39.3700787402000 );
#8976 = COLOUR_RGB( '', 1.00000000000000, 1.00000000000000, 0.000000000000000 );
#8977 = CARTESIAN_POINT( '', ( 0.0580000000000000, 0.0990000000000000, -0.0329999999999980 ) );
#8978 = CARTESIAN_POINT( '', ( 0.0580000000000000, 0.210000000000000, -0.0329999999999980 ) );
#8979 = VECTOR( '', #9810, 39.3700787402000 );
#8980 = CARTESIAN_POINT( '', ( 0.0580000000000000, 0.0990000000000000, -0.0329999999999980 ) );
#8981 = VECTOR( '', #9811, 39.3700787402000 );
#8982 = COLOUR_RGB( '', 1.00000000000000, 1.00000000000000, 0.000000000000000 );
#8983 = CARTESIAN_POINT( '', ( 0.108000000000000, 0.210000000000000, 0.0170000000000010 ) );
#8984 = VECTOR( '', #9812, 39.3700787402000 );
#8985 = CARTESIAN_POINT( '', ( 0.108000000000000, 0.0990000000000000, 0.0330000000000010 ) );
#8986 = VECTOR( '', #9813, 39.3700787402000 );
#8987 = CARTESIAN_POINT( '', ( 0.108000000000000, 0.0990000000000000, -0.0329999999999980 ) );
#8988 = VECTOR( '', #9814, 39.3700787402000 );
#8989 = CARTESIAN_POINT( '', ( 0.108000000000000, 0.210000000000000, -0.000000000000000 ) );
#8990 = VECTOR( '', #9815, 39.3700787402000 );
#8991 = CARTESIAN_POINT( '', ( 0.108000000000000, 0.0890000000000000, -0.0169999999999990 ) );
#8992 = VECTOR( '', #9816, 39.3700787402000 );
#8993 = COLOUR_RGB( '', 1.00000000000000, 1.00000000000000, 0.000000000000000 );
#8994 = CARTESIAN_POINT( '', ( -0.0528038475772900, 0.219000000000000, 0.0278038475772950 ) );
#8995 = CARTESIAN_POINT( '', ( -0.0247999999999641, 0.267504086811312, -0.000200000000009368 ) );
#8996 = VECTOR( '', #9817, 39.3700787402000 );
#8997 = CARTESIAN_POINT( '', ( -0.0528038475772900, 0.219000000000000, 0.500000000000000 ) );
#8998 = VECTOR( '', #9818, 39.3700787402000 );
#8999 = CARTESIAN_POINT( '', ( -0.0580000000000000, 0.210000000000000, 0.500000000000000 ) );
#9000 = VECTOR( '', #9819, 39.3700787402000 );
#9001 = COLOUR_RGB( '', 1.00000000000000, 1.00000000000000, 0.000000000000000 );
#9002 = COLOUR_RGB( '', 1.00000000000000, 1.00000000000000, 0.000000000000000 );
#9003 = COLOUR_RGB( '', 1.00000000000000, 1.00000000000000, 1.00000000000000 );
#9004 = CARTESIAN_POINT( '', ( -0.0420000000000000, -0.0160000000000000, -0.115000000000000 ) );
#9005 = CARTESIAN_POINT( '', ( -0.0420000000000000, -0.0160000000000000, -0.115000000000000 ) );
#9006 = VECTOR( '', #9820, 39.3700787402000 );
#9007 = CARTESIAN_POINT( '', ( -0.0420000000000000, 0.000000000000000, -0.115000000000000 ) );
#9008 = VECTOR( '', #9821, 39.3700787402000 );
#9009 = COLOUR_RGB( '', 1.00000000000000, 1.00000000000000, 0.000000000000000 );
#9010 = CARTESIAN_POINT( '', ( 0.108000000000000, 0.210000000000000, 0.0170000000000010 ) );
#9011 = VECTOR( '', #9822, 39.3700787402000 );
#9012 = CARTESIAN_POINT( '', ( 0.0580000000000000, 0.210000000000000, 0.0170000000000010 ) );
#9013 = VECTOR( '', #9823, 39.3700787402000 );
#9014 = COLOUR_RGB( '', 1.00000000000000, 1.00000000000000, 1.00000000000000 );
#9015 = CARTESIAN_POINT( '', ( 0.108000000000000, 0.000000000000000, 0.0660000000000000 ) );
#9016 = VECTOR( '', #9824, 39.3700787402000 );
#9017 = CARTESIAN_POINT( '', ( 0.0580000000000000, 0.000000000000000, 0.0660000000000000 ) );
#9018 = VECTOR( '', #9825, 39.3700787402000 );
#9019 = COLOUR_RGB( '', 1.00000000000000, 1.00000000000000, 0.000000000000000 );
#9020 = CARTESIAN_POINT( '', ( -0.00280384757729003, 0.219000000000000, 0.500000000000000 ) );
#9021 = VECTOR( '', #9826, 39.3700787402000 );
#9022 = COLOUR_RGB( '', 1.00000000000000, 1.00000000000000, 0.000000000000000 );
#9023 = COLOUR_RGB( '', 0.500000000000000, 0.500000000000000, 0.500000000000000 );
#9024 = CARTESIAN_POINT( '', ( -0.108000000000000, 0.0990000000000000, 0.0175000000000000 ) );
#9025 = VECTOR( '', #9827, 39.3700787402000 );
#9026 = COLOUR_RGB( '', 0.500000000000000, 0.500000000000000, 0.500000000000000 );
#9027 = CARTESIAN_POINT( '', ( -0.0425000000000000, 0.205000000000000, 0.292500000000000 ) );
#9028 = VECTOR( '', #9828, 39.3700787402000 );
#9029 = COLOUR_RGB( '', 1.00000000000000, 1.00000000000000, 0.000000000000000 );
#9030 = COLOUR_RGB( '', 1.00000000000000, 1.00000000000000, 0.000000000000000 );
#9031 = CARTESIAN_POINT( '', ( -0.0580000000000000, 0.0890000000000000, -0.0169999999999990 ) );
#9032 = VECTOR( '', #9829, 39.3700787402000 );
#9033 = CARTESIAN_POINT( '', ( 0.108000000000000, 0.210000000000000, -0.0169999999999990 ) );
#9034 = VECTOR( '', #9830, 39.3700787402000 );
#9035 = COLOUR_RGB( '', 0.500000000000000, 0.500000000000000, 0.500000000000000 );
#9036 = CARTESIAN_POINT( '', ( 0.0920000000000000, 0.00500000000000000, -0.0325000000000000 ) );
#9037 = VECTOR( '', #9831, 39.3700787402000 );
#9038 = COLOUR_RGB( '', 0.500000000000000, 0.500000000000000, 0.500000000000000 );
#9039 = COLOUR_RGB( '', 1.00000000000000, 1.00000000000000, 1.00000000000000 );
#9040 = COLOUR_RGB( '', 1.00000000000000, 1.00000000000000, 1.00000000000000 );
#9041 = CARTESIAN_POINT( '', ( 0.108000000000000, -8.67361737988404E-18, -0.0170000000000000 ) );
#9042 = VECTOR( '', #9832, 39.3700787402000 );
#9043 = CARTESIAN_POINT( '', ( 0.108000000000000, -0.0160000000000000, -0.115000000000000 ) );
#9044 = CARTESIAN_POINT( '', ( 0.108000000000000, -0.0160000000000000, -0.115000000000000 ) );
#9045 = VECTOR( '', #9833, 39.3700787402000 );
#9046 = CARTESIAN_POINT( '', ( 0.108000000000000, 0.000000000000000, -0.115000000000000 ) );
#9047 = VECTOR( '', #9834, 39.3700787402000 );
#9048 = COLOUR_RGB( '', 1.00000000000000, 1.00000000000000, 0.000000000000000 );
#9049 = COLOUR_RGB( '', 1.00000000000000, 1.00000000000000, 0.000000000000000 );
#9050 = CARTESIAN_POINT( '', ( 0.108000000000000, 0.219000000000000, -0.0278038475772920 ) );
#9051 = VECTOR( '', #9835, 39.3700787402000 );
#9052 = COLOUR_RGB( '', 1.00000000000000, 1.00000000000000, 0.000000000000000 );
#9053 = CARTESIAN_POINT( '', ( 0.108000000000000, 0.0990000000000000, -0.0329999999999980 ) );
#9054 = VECTOR( '', #9836, 39.3700787402000 );
#9055 = COLOUR_RGB( '', 1.00000000000000, 1.00000000000000, 0.000000000000000 );
#9056 = CARTESIAN_POINT( '', ( 0.108000000000000, 0.210000000000000, -0.0329999999999980 ) );
#9057 = VECTOR( '', #9837, 39.3700787402000 );
#9058 = CARTESIAN_POINT( '', ( 0.108000000000000, 0.0990000000000000, -0.0329999999999980 ) );
#9059 = VECTOR( '', #9838, 39.3700787402000 );
#9060 = COLOUR_RGB( '', 0.500000000000000, 0.500000000000000, 0.500000000000000 );
#9061 = COLOUR_RGB( '', 0.500000000000000, 0.500000000000000, 0.500000000000000 );
#9062 = COLOUR_RGB( '', 1.00000000000000, 1.00000000000000, 1.00000000000000 );
#9063 = CARTESIAN_POINT( '', ( 0.0920000000000000, -0.0160000000000000, -0.115000000000000 ) );
#9064 = CARTESIAN_POINT( '', ( 0.0920000000000000, 0.000000000000000, -0.115000000000000 ) );
#9065 = VECTOR( '', #9839, 39.3700787402000 );
#9066 = CARTESIAN_POINT( '', ( 0.108000000000000, -0.0160000000000000, -0.115000000000000 ) );
#9067 = VECTOR( '', #9840, 39.3700787402000 );
#9068 = COLOUR_RGB( '', 0.500000000000000, 0.500000000000000, 0.500000000000000 );
#9069 = COLOUR_RGB( '', 1.00000000000000, 1.00000000000000, 0.000000000000000 );
#9070 = CARTESIAN_POINT( '', ( 0.108000000000000, 0.219000000000000, 0.0221961524227080 ) );
#9071 = VECTOR( '', #9841, 39.3700787402000 );
#9072 = CARTESIAN_POINT( '', ( 0.108000000000000, 0.210000000000000, 0.0170000000000010 ) );
#9073 = VECTOR( '', #9842, 39.3700787402000 );
#9074 = COLOUR_RGB( '', 1.00000000000000, 1.00000000000000, 1.00000000000000 );
#9075 = CARTESIAN_POINT( '', ( 0.0920000000000000, -8.67361737988404E-18, -0.0170000000000000 ) );
#9076 = VECTOR( '', #9843, 39.3700787402000 );
#9077 = COLOUR_RGB( '', 1.00000000000000, 1.00000000000000, 0.000000000000000 );
#9078 = CARTESIAN_POINT( '', ( 0.0971961524227100, 0.219000000000000, 0.500000000000000 ) );
#9079 = VECTOR( '', #9844, 39.3700787402000 );
#9080 = COLOUR_RGB( '', 1.00000000000000, 1.00000000000000, 0.000000000000000 );
#9081 = COLOUR_RGB( '', 1.00000000000000, 1.00000000000000, 1.00000000000000 );
#9082 = CARTESIAN_POINT( '', ( 0.108000000000000, -0.0160000000000000, -0.115000000000000 ) );
#9083 = VECTOR( '', #9845, 39.3700787402000 );
#9084 = COLOUR_RGB( '', 1.00000000000000, 1.00000000000000, 0.000000000000000 );
#9085 = COLOUR_RGB( '', 0.500000000000000, 0.500000000000000, 0.500000000000000 );
#9086 = COLOUR_RGB( '', 0.500000000000000, 0.500000000000000, 0.500000000000000 );
#9087 = COLOUR_RGB( '', 0.500000000000000, 0.500000000000000, 0.500000000000000 );
#9088 = CARTESIAN_POINT( '', ( -0.0920000000000000, 0.0990000000000000, 0.0175000000000000 ) );
#9089 = VECTOR( '', #9846, 39.3700787402000 );
#9090 = COLOUR_RGB( '', 1.00000000000000, 1.00000000000000, 0.000000000000000 );
#9091 = CARTESIAN_POINT( '', ( -0.0119999999999679, 0.158038475772911, 0.0130000000000102 ) );
#9092 = VECTOR( '', #9847, 39.3700787402000 );
#9093 = COLOUR_RGB( '', 1.00000000000000, 1.00000000000000, 0.000000000000000 );
#9094 = CARTESIAN_POINT( '', ( -0.0580000000000000, 0.0990000000000000, -0.0329999999999980 ) );
#9095 = VECTOR( '', #9848, 39.3700787402000 );
#9096 = COLOUR_RGB( '', 1.00000000000000, 1.00000000000000, 0.000000000000000 );
#9097 = COLOUR_RGB( '', 0.500000000000000, 0.500000000000000, 0.500000000000000 );
#9098 = COLOUR_RGB( '', 1.00000000000000, 1.00000000000000, 0.000000000000000 );
#9099 = CARTESIAN_POINT( '', ( 0.108000000000000, 0.219000000000000, 0.0278038475772950 ) );
#9100 = VECTOR( '', #9849, 39.3700787402000 );
#9101 = COLOUR_RGB( '', 1.00000000000000, 1.00000000000000, 0.000000000000000 );
#9102 = COLOUR_RGB( '', 0.500000000000000, 0.500000000000000, 0.500000000000000 );
#9103 = COLOUR_RGB( '', 1.00000000000000, 1.00000000000000, 1.00000000000000 );
#9104 = CARTESIAN_POINT( '', ( 0.0420000000000000, 0.000000000000000, -0.115000000000000 ) );
#9105 = VECTOR( '', #9850, 39.3700787402000 );
#9106 = COLOUR_RGB( '', 0.500000000000000, 0.500000000000000, 0.500000000000000 );
#9107 = COLOUR_RGB( '', 0.500000000000000, 0.500000000000000, 0.500000000000000 );
#9108 = COLOUR_RGB( '', 1.00000000000000, 1.00000000000000, 0.000000000000000 );
#9109 = COLOUR_RGB( '', 1.00000000000000, 1.00000000000000, 0.000000000000000 );
#9110 = CARTESIAN_POINT( '', ( 0.103843078061833, 0.217199999999998, -0.0288430780618343 ) );
#9111 = VECTOR( '', #9851, 39.3700787402000 );
#9112 = COLOUR_RGB( '', 0.500000000000000, 0.500000000000000, 0.500000000000000 );
#9113 = COLOUR_RGB( '', 1.00000000000000, 1.00000000000000, 1.00000000000000 );
#9114 = COLOUR_RGB( '', 1.00000000000000, 1.00000000000000, 0.000000000000000 );
#9115 = COLOUR_RGB( '', 1.00000000000000, 1.00000000000000, 1.00000000000000 );
#9116 = COLOUR_RGB( '', 0.500000000000000, 0.500000000000000, 0.500000000000000 );
#9117 = COLOUR_RGB( '', 1.00000000000000, 1.00000000000000, 1.00000000000000 );
#9118 = CARTESIAN_POINT( '', ( 0.0920000000000000, -0.0160000000000000, -0.115000000000000 ) );
#9119 = VECTOR( '', #9852, 39.3700787402000 );
#9120 = COLOUR_RGB( '', 1.00000000000000, 1.00000000000000, 1.00000000000000 );
#9121 = CARTESIAN_POINT( '', ( 0.0420000000000000, -8.67361737988404E-18, -0.0170000000000000 ) );
#9122 = VECTOR( '', #9853, 39.3700787402000 );
#9123 = COLOUR_RGB( '', 1.00000000000000, 1.00000000000000, 0.000000000000000 );
#9124 = COLOUR_RGB( '', 1.00000000000000, 1.00000000000000, 0.000000000000000 );
#9125 = COLOUR_RGB( '', 0.500000000000000, 0.500000000000000, 0.500000000000000 );
#9126 = COLOUR_RGB( '', 1.00000000000000, 1.00000000000000, 0.000000000000000 );
#9127 = COLOUR_RGB( '', 1.00000000000000, 1.00000000000000, 0.000000000000000 );
#9128 = COLOUR_RGB( '', 0.500000000000000, 0.500000000000000, 0.500000000000000 );
#9129 = COLOUR_RGB( '', 1.00000000000000, 1.00000000000000, 1.00000000000000 );
#9130 = COLOUR_RGB( '', 1.00000000000000, 1.00000000000000, 0.000000000000000 );
#9131 = COLOUR_RGB( '', 1.00000000000000, 1.00000000000000, 0.000000000000000 );
#9132 = COLOUR_RGB( '', 1.00000000000000, 1.00000000000000, 0.000000000000000 );
#9133 = COLOUR_RGB( '', 1.00000000000000, 1.00000000000000, 1.00000000000000 );
#9134 = DIRECTION( '', ( 0.000000000000000, 1.00000000000000, 0.000000000000000 ) );
#9135 = DIRECTION( '', ( -1.00000000000000, 0.000000000000000, 0.000000000000000 ) );
#9136 = DIRECTION( '', ( 0.000000000000000, -1.00000000000000, 0.000000000000000 ) );
#9137 = DIRECTION( '', ( -1.00000000000000, 0.000000000000000, 0.000000000000000 ) );
#9138 = DIRECTION( '', ( 0.000000000000000, 1.00000000000000, 0.000000000000000 ) );
#9139 = DIRECTION( '', ( -1.00000000000000, 0.000000000000000, 0.000000000000000 ) );
#9140 = DIRECTION( '', ( 0.000000000000000, -1.00000000000000, 0.000000000000000 ) );
#9141 = DIRECTION( '', ( -1.00000000000000, 0.000000000000000, 0.000000000000000 ) );
#9142 = DIRECTION( '', ( 0.000000000000000, 1.00000000000000, 0.000000000000000 ) );
#9143 = DIRECTION( '', ( -1.00000000000000, 0.000000000000000, 0.000000000000000 ) );
#9144 = DIRECTION( '', ( 0.000000000000000, -1.00000000000000, -0.000000000000000 ) );
#9145 = DIRECTION( '', ( -1.00000000000000, 0.000000000000000, 0.000000000000000 ) );
#9146 = DIRECTION( '', ( 0.000000000000000, -1.00000000000000, -0.000000000000000 ) );
#9147 = DIRECTION( '', ( 1.00000000000000, 0.000000000000000, 0.000000000000000 ) );
#9148 = DIRECTION( '', ( 0.447213595500197, -0.774596669241404, 0.447213595499856 ) );
#9149 = DIRECTION( '', ( -0.000000000000000, -0.000000000000000, -1.00000000000000 ) );
#9150 = DIRECTION( '', ( -0.447213595500180, 0.774596669241374, 0.447213595499925 ) );
#9151 = DIRECTION( '', ( -0.000000000000000, -0.000000000000000, -1.00000000000000 ) );
#9152 = DIRECTION( '', ( 0.000000000000000, 1.00000000000000, 0.000000000000000 ) );
#9153 = DIRECTION( '', ( -0.000000000000000, -0.000000000000000, -1.00000000000000 ) );
#9154 = DIRECTION( '', ( 0.000000000000000, -1.00000000000000, -1.76384813640513E-17 ) );
#9155 = DIRECTION( '', ( -0.000000000000000, -0.000000000000000, -1.00000000000000 ) );
#9156 = DIRECTION( '', ( 0.000000000000000, 0.829436927105293, -0.558600379479041 ) );
#9157 = DIRECTION( '', ( 1.00000000000000, 0.000000000000000, 0.000000000000000 ) );
#9158 = DIRECTION( '', ( 0.447213595499958, -0.894427190999916, 0.000000000000000 ) );
#9159 = DIRECTION( '', ( 0.000000000000000, -1.00000000000000, 0.000000000000000 ) );
#9160 = DIRECTION( '', ( -1.00000000000000, 0.000000000000000, 0.000000000000000 ) );
#9161 = DIRECTION( '', ( 0.000000000000000, -1.00000000000000, 0.000000000000000 ) );
#9162 = DIRECTION( '', ( 0.000000000000000, -1.00000000000000, -0.000000000000000 ) );
#9163 = DIRECTION( '', ( 0.000000000000000, 0.000000000000000, 1.00000000000000 ) );
#9164 = DIRECTION( '', ( 0.000000000000000, -1.00000000000000, -0.000000000000000 ) );
#9165 = DIRECTION( '', ( 0.000000000000000, 0.000000000000000, -1.00000000000000 ) );
#9166 = CARTESIAN_POINT( '', ( 0.0920000000000000, 0.00900000000000050, -0.0403238075793815 ) );
#9167 = DIRECTION( '', ( 1.00000000000000, 0.000000000000000, -0.000000000000000 ) );
#9168 = DIRECTION( '', ( -0.000000000000000, 0.000000000000000, -1.00000000000000 ) );
#9169 = DIRECTION( '', ( -1.00000000000000, 0.000000000000000, 0.000000000000000 ) );
#9170 = CARTESIAN_POINT( '', ( 0.108000000000000, 0.00900000000000050, -0.0403238075793815 ) );
#9171 = DIRECTION( '', ( -1.00000000000000, 0.000000000000000, 0.000000000000000 ) );
#9172 = DIRECTION( '', ( 0.000000000000000, 0.000000000000000, 1.00000000000000 ) );
#9173 = DIRECTION( '', ( -1.00000000000000, 0.000000000000000, 0.000000000000000 ) );
#9174 = DIRECTION( '', ( 0.000000000000000, 0.000000000000000, -1.00000000000000 ) );
#9175 = DIRECTION( '', ( -1.00000000000000, 0.000000000000000, 0.000000000000000 ) );
#9176 = DIRECTION( '', ( 0.000000000000000, 0.000000000000000, 1.00000000000000 ) );
#9177 = DIRECTION( '', ( -1.00000000000000, 0.000000000000000, 0.000000000000000 ) );
#9178 = DIRECTION( '', ( 0.000000000000000, -1.00000000000000, -0.000000000000000 ) );
#9179 = DIRECTION( '', ( -1.00000000000000, 0.000000000000000, 0.000000000000000 ) );
#9180 = DIRECTION( '', ( 0.000000000000000, -1.00000000000000, -0.000000000000000 ) );
#9181 = DIRECTION( '', ( 1.00000000000000, 0.000000000000000, 0.000000000000000 ) );
#9182 = DIRECTION( '', ( 0.000000000000000, -1.00000000000000, 0.000000000000000 ) );
#9183 = DIRECTION( '', ( -1.00000000000000, 0.000000000000000, 0.000000000000000 ) );
#9184 = DIRECTION( '', ( 0.000000000000000, 1.00000000000000, 0.000000000000000 ) );
#9185 = DIRECTION( '', ( -1.00000000000000, 0.000000000000000, 0.000000000000000 ) );
#9186 = DIRECTION( '', ( 0.000000000000000, -1.00000000000000, -0.000000000000000 ) );
#9187 = DIRECTION( '', ( -1.00000000000000, 0.000000000000000, 0.000000000000000 ) );
#9188 = DIRECTION( '', ( 0.000000000000000, -1.00000000000000, -0.000000000000000 ) );
#9189 = DIRECTION( '', ( 1.00000000000000, 0.000000000000000, 0.000000000000000 ) );
#9190 = CARTESIAN_POINT( '', ( -0.0420000000000000, 0.00900000000000050, -0.0403238075793815 ) );
#9191 = DIRECTION( '', ( -1.00000000000000, 0.000000000000000, 0.000000000000000 ) );
#9192 = DIRECTION( '', ( 0.000000000000000, 0.000000000000000, 1.00000000000000 ) );
#9193 = CARTESIAN_POINT( '', ( -0.0580000000000000, 0.00900000000000050, -0.0403238075793815 ) );
#9194 = DIRECTION( '', ( 1.00000000000000, 0.000000000000000, -0.000000000000000 ) );
#9195 = DIRECTION( '', ( -0.000000000000000, 0.000000000000000, -1.00000000000000 ) );
#9196 = DIRECTION( '', ( -1.00000000000000, 0.000000000000000, 0.000000000000000 ) );
#9197 = DIRECTION( '', ( 0.000000000000000, -0.000000000000000, 1.00000000000000 ) );
#9198 = DIRECTION( '', ( -1.00000000000000, 0.000000000000000, 0.000000000000000 ) );
#9199 = DIRECTION( '', ( -0.000000000000000, 0.000000000000000, -1.00000000000000 ) );
#9200 = DIRECTION( '', ( -1.00000000000000, 0.000000000000000, 0.000000000000000 ) );
#9201 = DIRECTION( '', ( 0.447213595500199, -0.774596669241403, 0.447213595499856 ) );
#9202 = DIRECTION( '', ( -0.000000000000000, -0.000000000000000, -1.00000000000000 ) );
#9203 = DIRECTION( '', ( -0.447213595500181, 0.774596669241373, 0.447213595499925 ) );
#9204 = DIRECTION( '', ( -0.000000000000000, -0.000000000000000, -1.00000000000000 ) );
#9205 = DIRECTION( '', ( 0.000000000000000, 1.00000000000000, 0.000000000000000 ) );
#9206 = DIRECTION( '', ( -0.000000000000000, -0.000000000000000, -1.00000000000000 ) );
#9207 = DIRECTION( '', ( 0.000000000000000, -0.692869494514993, 0.721063009431587 ) );
#9208 = DIRECTION( '', ( 0.000000000000000, -0.000000000000000, 1.00000000000000 ) );
#9209 = DIRECTION( '', ( 0.000000000000000, -1.00000000000000, 0.000000000000000 ) );
#9210 = CARTESIAN_POINT( '', ( -0.0420000000000000, 0.00900000000000052, 0.0403238075793816 ) );
#9211 = DIRECTION( '', ( -1.00000000000000, 0.000000000000000, 0.000000000000000 ) );
#9212 = DIRECTION( '', ( 0.000000000000000, 0.000000000000000, 1.00000000000000 ) );
#9213 = DIRECTION( '', ( -0.000000000000000, 0.000000000000000, -1.00000000000000 ) );
#9214 = DIRECTION( '', ( -1.00000000000000, 0.000000000000000, 0.000000000000000 ) );
#9215 = DIRECTION( '', ( 0.000000000000000, 0.000000000000000, -1.00000000000000 ) );
#9216 = DIRECTION( '', ( -1.00000000000000, 0.000000000000000, 0.000000000000000 ) );
#9217 = DIRECTION( '', ( 0.000000000000000, -0.000000000000000, 1.00000000000000 ) );
#9218 = DIRECTION( '', ( -1.00000000000000, 0.000000000000000, 0.000000000000000 ) );
#9219 = DIRECTION( '', ( 0.000000000000000, 0.000000000000000, -1.00000000000000 ) );
#9220 = DIRECTION( '', ( -1.00000000000000, 0.000000000000000, 0.000000000000000 ) );
#9221 = DIRECTION( '', ( -3.08186601785250E-14, 0.000000000000000, 1.00000000000000 ) );
#9222 = DIRECTION( '', ( 0.000000000000000, 1.00000000000000, 0.000000000000000 ) );
#9223 = DIRECTION( '', ( -3.08186601785250E-14, 0.000000000000000, 1.00000000000000 ) );
#9224 = DIRECTION( '', ( 0.000000000000000, -1.00000000000000, 0.000000000000000 ) );
#9225 = DIRECTION( '', ( -0.447213595500198, -0.774596669241403, -0.447213595499856 ) );
#9226 = DIRECTION( '', ( -1.00000000000000, 0.000000000000000, 0.000000000000000 ) );
#9227 = DIRECTION( '', ( -0.447213595500198, 0.774596669241403, 0.447213595499856 ) );
#9228 = DIRECTION( '', ( -1.00000000000000, 0.000000000000000, 0.000000000000000 ) );
#9229 = DIRECTION( '', ( 0.000000000000000, -1.00000000000000, -0.000000000000000 ) );
#9230 = DIRECTION( '', ( 1.00000000000000, 0.000000000000000, 0.000000000000000 ) );
#9231 = DIRECTION( '', ( 0.000000000000000, -1.00000000000000, -0.000000000000000 ) );
#9232 = DIRECTION( '', ( -1.00000000000000, 0.000000000000000, 0.000000000000000 ) );
#9233 = CARTESIAN_POINT( '', ( 0.0920000000000000, 0.00900000000000052, 0.0403238075793816 ) );
#9234 = DIRECTION( '', ( 1.00000000000000, 0.000000000000000, -0.000000000000000 ) );
#9235 = DIRECTION( '', ( -0.000000000000000, 0.000000000000000, -1.00000000000000 ) );
#9236 = DIRECTION( '', ( -1.00000000000000, 0.000000000000000, 0.000000000000000 ) );
#9237 = CARTESIAN_POINT( '', ( 0.108000000000000, 0.00900000000000052, 0.0403238075793816 ) );
#9238 = DIRECTION( '', ( -1.00000000000000, 0.000000000000000, 0.000000000000000 ) );
#9239 = DIRECTION( '', ( 0.000000000000000, 0.000000000000000, 1.00000000000000 ) );
#9240 = DIRECTION( '', ( -1.00000000000000, 0.000000000000000, 0.000000000000000 ) );
#9241 = DIRECTION( '', ( 0.000000000000000, -1.00000000000000, 0.000000000000000 ) );
#9242 = CARTESIAN_POINT( '', ( -0.0580000000000000, 0.00900000000000052, 0.0403238075793816 ) );
#9243 = DIRECTION( '', ( 1.00000000000000, 0.000000000000000, -0.000000000000000 ) );
#9244 = DIRECTION( '', ( -0.000000000000000, 0.000000000000000, -1.00000000000000 ) );
#9245 = DIRECTION( '', ( 0.000000000000000, 1.00000000000000, 0.000000000000000 ) );
#9246 = DIRECTION( '', ( -0.000000000000000, 0.000000000000000, -1.00000000000000 ) );
#9247 = DIRECTION( '', ( -0.000000000000000, 0.692869494514993, -0.721063009431587 ) );
#9248 = DIRECTION( '', ( -0.000000000000000, -0.000000000000000, -1.00000000000000 ) );
#9249 = DIRECTION( '', ( 0.000000000000000, -1.00000000000000, 0.000000000000000 ) );
#9250 = DIRECTION( '', ( -1.00000000000000, 0.000000000000000, 0.000000000000000 ) );
#9251 = DIRECTION( '', ( 0.000000000000000, 1.00000000000000, 0.000000000000000 ) );
#9252 = DIRECTION( '', ( -1.00000000000000, 0.000000000000000, 0.000000000000000 ) );
#9253 = DIRECTION( '', ( 0.000000000000000, -1.00000000000000, 0.000000000000000 ) );
#9254 = CARTESIAN_POINT( '', ( 0.0580000000000000, 0.00900000000000050, -0.0403238075793815 ) );
#9255 = DIRECTION( '', ( -1.00000000000000, 0.000000000000000, 0.000000000000000 ) );
#9256 = DIRECTION( '', ( 0.000000000000000, 0.000000000000000, 1.00000000000000 ) );
#9257 = DIRECTION( '', ( 0.000000000000000, 0.000000000000000, -1.00000000000000 ) );
#9258 = DIRECTION( '', ( 0.000000000000000, 1.00000000000000, 0.000000000000000 ) );
#9259 = DIRECTION( '', ( 0.000000000000000, 0.692869494514993, 0.721063009431587 ) );
#9260 = DIRECTION( '', ( -0.000000000000000, -0.000000000000000, -1.00000000000000 ) );
#9261 = DIRECTION( '', ( 0.000000000000000, 1.00000000000000, 0.000000000000000 ) );
#9262 = DIRECTION( '', ( 1.00000000000000, 0.000000000000000, 0.000000000000000 ) );
#9263 = DIRECTION( '', ( 0.000000000000000, -1.00000000000000, -0.000000000000000 ) );
#9264 = DIRECTION( '', ( 1.00000000000000, 0.000000000000000, 0.000000000000000 ) );
#9265 = DIRECTION( '', ( 0.000000000000000, -1.00000000000000, -0.000000000000000 ) );
#9266 = DIRECTION( '', ( -1.00000000000000, 0.000000000000000, 0.000000000000000 ) );
#9267 = DIRECTION( '', ( -0.000000000000000, -0.000000000000000, -1.00000000000000 ) );
#9268 = DIRECTION( '', ( -1.00000000000000, 0.000000000000000, 0.000000000000000 ) );
#9269 = DIRECTION( '', ( -0.000000000000000, -0.000000000000000, -1.00000000000000 ) );
#9270 = DIRECTION( '', ( -1.00000000000000, 0.000000000000000, 0.000000000000000 ) );
#9271 = DIRECTION( '', ( -0.000000000000000, -0.000000000000000, -1.00000000000000 ) );
#9272 = DIRECTION( '', ( 0.000000000000000, 1.00000000000000, 0.000000000000000 ) );
#9273 = DIRECTION( '', ( -0.000000000000000, -0.000000000000000, -1.00000000000000 ) );
#9274 = DIRECTION( '', ( 0.000000000000000, -1.00000000000000, 0.000000000000000 ) );
#9275 = DIRECTION( '', ( 0.000000000000000, -1.00000000000000, -0.000000000000000 ) );
#9276 = DIRECTION( '', ( 1.00000000000000, 0.000000000000000, 0.000000000000000 ) );
#9277 = DIRECTION( '', ( 0.000000000000000, -1.00000000000000, -0.000000000000000 ) );
#9278 = DIRECTION( '', ( -1.00000000000000, 0.000000000000000, 0.000000000000000 ) );
#9279 = DIRECTION( '', ( 0.000000000000000, 1.00000000000000, 0.000000000000000 ) );
#9280 = DIRECTION( '', ( -1.00000000000000, 0.000000000000000, 0.000000000000000 ) );
#9281 = DIRECTION( '', ( 0.000000000000000, -1.00000000000000, 0.000000000000000 ) );
#9282 = DIRECTION( '', ( -1.00000000000000, 0.000000000000000, 0.000000000000000 ) );
#9283 = DIRECTION( '', ( 0.447213595500199, -0.774596669241403, 0.447213595499856 ) );
#9284 = DIRECTION( '', ( -0.000000000000000, -0.000000000000000, -1.00000000000000 ) );
#9285 = DIRECTION( '', ( -0.447213595500182, 0.774596669241373, 0.447213595499924 ) );
#9286 = DIRECTION( '', ( -0.000000000000000, -0.000000000000000, -1.00000000000000 ) );
#9287 = DIRECTION( '', ( 0.447213595500199, 0.774596669241403, -0.447213595499856 ) );
#9288 = DIRECTION( '', ( -1.00000000000000, 0.000000000000000, 0.000000000000000 ) );
#9289 = DIRECTION( '', ( 0.447213595500199, -0.774596669241403, 0.447213595499856 ) );
#9290 = DIRECTION( '', ( -1.00000000000000, 0.000000000000000, 0.000000000000000 ) );
#9291 = DIRECTION( '', ( 0.000000000000000, 1.00000000000000, 0.000000000000000 ) );
#9292 = DIRECTION( '', ( 1.00000000000000, 0.000000000000000, 0.000000000000000 ) );
#9293 = DIRECTION( '', ( 0.000000000000000, -1.00000000000000, -0.000000000000000 ) );
#9294 = DIRECTION( '', ( 1.00000000000000, 0.000000000000000, 0.000000000000000 ) );
#9295 = DIRECTION( '', ( 0.000000000000000, -1.00000000000000, -0.000000000000000 ) );
#9296 = DIRECTION( '', ( -1.00000000000000, 0.000000000000000, 0.000000000000000 ) );
#9297 = DIRECTION( '', ( -1.00000000000000, 0.000000000000000, 0.000000000000000 ) );
#9298 = DIRECTION( '', ( 0.000000000000000, 0.000000000000000, 1.00000000000000 ) );
#9299 = DIRECTION( '', ( 1.00000000000000, 0.000000000000000, 0.000000000000000 ) );
#9300 = DIRECTION( '', ( 0.000000000000000, 0.000000000000000, -1.00000000000000 ) );
#9301 = DIRECTION( '', ( -1.00000000000000, 0.000000000000000, 0.000000000000000 ) );
#9302 = DIRECTION( '', ( 0.000000000000000, -1.00000000000000, -0.000000000000000 ) );
#9303 = DIRECTION( '', ( 1.00000000000000, 0.000000000000000, 0.000000000000000 ) );
#9304 = DIRECTION( '', ( 0.000000000000000, -1.00000000000000, -0.000000000000000 ) );
#9305 = DIRECTION( '', ( 1.00000000000000, 0.000000000000000, 0.000000000000000 ) );
#9306 = DIRECTION( '', ( 0.000000000000000, -1.00000000000000, -0.000000000000000 ) );
#9307 = DIRECTION( '', ( 1.00000000000000, 0.000000000000000, 0.000000000000000 ) );
#9308 = DIRECTION( '', ( 0.000000000000000, -1.00000000000000, -0.000000000000000 ) );
#9309 = DIRECTION( '', ( -1.00000000000000, 0.000000000000000, 0.000000000000000 ) );
#9310 = DIRECTION( '', ( -1.00000000000000, 0.000000000000000, 0.000000000000000 ) );
#9311 = DIRECTION( '', ( 0.000000000000000, -1.00000000000000, 0.000000000000000 ) );
#9312 = DIRECTION( '', ( -1.00000000000000, 0.000000000000000, 0.000000000000000 ) );
#9313 = DIRECTION( '', ( 0.000000000000000, -1.00000000000000, -0.000000000000000 ) );
#9314 = DIRECTION( '', ( 0.447213595500199, 0.774596669241403, -0.447213595499856 ) );
#9315 = DIRECTION( '', ( -1.00000000000000, 0.000000000000000, 0.000000000000000 ) );
#9316 = DIRECTION( '', ( -1.00000000000000, 0.000000000000000, 0.000000000000000 ) );
#9317 = DIRECTION( '', ( 0.000000000000000, 0.829436927105270, 0.558600379479076 ) );
#9318 = DIRECTION( '', ( 0.000000000000000, 1.00000000000000, 0.000000000000000 ) );
#9319 = DIRECTION( '', ( -0.000000000000000, -0.000000000000000, -1.00000000000000 ) );
#9320 = DIRECTION( '', ( 0.000000000000000, -1.00000000000000, 0.000000000000000 ) );
#9321 = DIRECTION( '', ( -0.000000000000000, -0.000000000000000, -1.00000000000000 ) );
#9322 = DIRECTION( '', ( 0.000000000000000, 0.000000000000000, -1.00000000000000 ) );
#9323 = DIRECTION( '', ( -1.00000000000000, 0.000000000000000, 0.000000000000000 ) );
#9324 = DIRECTION( '', ( 0.000000000000000, 0.000000000000000, 1.00000000000000 ) );
#9325 = DIRECTION( '', ( 0.000000000000000, 0.000000000000000, -1.00000000000000 ) );
#9326 = DIRECTION( '', ( -1.00000000000000, 0.000000000000000, 0.000000000000000 ) );
#9327 = DIRECTION( '', ( 0.000000000000000, 0.000000000000000, 1.00000000000000 ) );
#9328 = DIRECTION( '', ( -3.08186601785250E-14, 0.000000000000000, 1.00000000000000 ) );
#9329 = DIRECTION( '', ( 1.00000000000000, 0.000000000000000, 0.000000000000000 ) );
#9330 = DIRECTION( '', ( 0.000000000000000, 0.000000000000000, -1.00000000000000 ) );
#9331 = DIRECTION( '', ( -1.00000000000000, 0.000000000000000, 0.000000000000000 ) );
#9332 = DIRECTION( '', ( 0.000000000000000, 0.000000000000000, -1.00000000000000 ) );
#9333 = DIRECTION( '', ( 1.00000000000000, 0.000000000000000, 0.000000000000000 ) );
#9334 = DIRECTION( '', ( -3.08186601785250E-14, 0.000000000000000, 1.00000000000000 ) );
#9335 = DIRECTION( '', ( -1.00000000000000, 0.000000000000000, 0.000000000000000 ) );
#9336 = DIRECTION( '', ( 0.000000000000000, 0.000000000000000, -1.00000000000000 ) );
#9337 = DIRECTION( '', ( 1.00000000000000, 0.000000000000000, 0.000000000000000 ) );
#9338 = DIRECTION( '', ( 0.000000000000000, 0.000000000000000, 1.00000000000000 ) );
#9339 = DIRECTION( '', ( -1.00000000000000, 0.000000000000000, 0.000000000000000 ) );
#9340 = DIRECTION( '', ( 0.000000000000000, 0.000000000000000, -1.00000000000000 ) );
#9341 = DIRECTION( '', ( 1.00000000000000, 0.000000000000000, 0.000000000000000 ) );
#9342 = DIRECTION( '', ( -3.08186601785250E-14, 0.000000000000000, 1.00000000000000 ) );
#9343 = DIRECTION( '', ( -1.00000000000000, 0.000000000000000, 0.000000000000000 ) );
#9344 = DIRECTION( '', ( 0.000000000000000, 0.000000000000000, -1.00000000000000 ) );
#9345 = DIRECTION( '', ( 0.000000000000000, -1.00000000000000, 0.000000000000000 ) );
#9346 = DIRECTION( '', ( 0.000000000000000, -0.829436927105293, 0.558600379479041 ) );
#9347 = DIRECTION( '', ( -0.000000000000000, -0.000000000000000, -1.00000000000000 ) );
#9348 = DIRECTION( '', ( 0.000000000000000, 1.00000000000000, 1.76384813640513E-17 ) );
#9349 = DIRECTION( '', ( -0.000000000000000, -0.000000000000000, -1.00000000000000 ) );
#9350 = DIRECTION( '', ( 1.00000000000000, 0.000000000000000, 0.000000000000000 ) );
#9351 = DIRECTION( '', ( 0.000000000000000, 0.000000000000000, -1.00000000000000 ) );
#9352 = DIRECTION( '', ( 0.000000000000000, 0.000000000000000, 1.00000000000000 ) );
#9353 = DIRECTION( '', ( 0.000000000000000, -1.00000000000000, 0.000000000000000 ) );
#9354 = DIRECTION( '', ( -1.00000000000000, 0.000000000000000, 0.000000000000000 ) );
#9355 = DIRECTION( '', ( 0.000000000000000, -1.00000000000000, -0.000000000000000 ) );
#9356 = DIRECTION( '', ( 1.00000000000000, 0.000000000000000, 0.000000000000000 ) );
#9357 = DIRECTION( '', ( 0.000000000000000, -1.00000000000000, -0.000000000000000 ) );
#9358 = DIRECTION( '', ( 0.447213595500199, 0.774596669241403, -0.447213595499856 ) );
#9359 = DIRECTION( '', ( -1.00000000000000, 0.000000000000000, 0.000000000000000 ) );
#9360 = DIRECTION( '', ( 0.447213595500199, -0.774596669241403, 0.447213595499856 ) );
#9361 = DIRECTION( '', ( -1.00000000000000, 0.000000000000000, 0.000000000000000 ) );
#9362 = DIRECTION( '', ( -0.000000000000000, 0.000000000000000, -1.00000000000000 ) );
#9363 = DIRECTION( '', ( -1.00000000000000, 0.000000000000000, 0.000000000000000 ) );
#9364 = DIRECTION( '', ( 0.000000000000000, 0.000000000000000, -1.00000000000000 ) );
#9365 = DIRECTION( '', ( -1.00000000000000, 0.000000000000000, 0.000000000000000 ) );
#9366 = DIRECTION( '', ( 0.000000000000000, 0.000000000000000, -1.00000000000000 ) );
#9367 = DIRECTION( '', ( -1.00000000000000, 0.000000000000000, 0.000000000000000 ) );
#9368 = DIRECTION( '', ( 0.000000000000000, 0.000000000000000, 1.00000000000000 ) );
#9369 = DIRECTION( '', ( -1.00000000000000, 0.000000000000000, 0.000000000000000 ) );
#9370 = DIRECTION( '', ( 0.447213595500200, -0.774596669241403, 0.447213595499856 ) );
#9371 = DIRECTION( '', ( -0.000000000000000, -0.000000000000000, -1.00000000000000 ) );
#9372 = DIRECTION( '', ( -0.447213595500183, 0.774596669241373, 0.447213595499924 ) );
#9373 = DIRECTION( '', ( 0.447213595500199, 0.774596669241403, -0.447213595499856 ) );
#9374 = DIRECTION( '', ( -1.00000000000000, 0.000000000000000, 0.000000000000000 ) );
#9375 = DIRECTION( '', ( -1.00000000000000, 0.000000000000000, 0.000000000000000 ) );
#9376 = DIRECTION( '', ( 0.000000000000000, 0.000000000000000, -1.00000000000000 ) );
#9377 = DIRECTION( '', ( -1.00000000000000, 0.000000000000000, 0.000000000000000 ) );
#9378 = DIRECTION( '', ( 0.000000000000000, 0.000000000000000, 1.00000000000000 ) );
#9379 = DIRECTION( '', ( -1.00000000000000, 0.000000000000000, 0.000000000000000 ) );
#9380 = DIRECTION( '', ( 0.447213595500200, 0.774596669241403, -0.447213595499856 ) );
#9381 = DIRECTION( '', ( -0.000000000000000, -0.000000000000000, -1.00000000000000 ) );
#9382 = DIRECTION( '', ( -0.447213595500200, -0.774596669241403, -0.447213595499856 ) );
#9383 = DIRECTION( '', ( -1.00000000000000, 0.000000000000000, 0.000000000000000 ) );
#9384 = DIRECTION( '', ( 0.000000000000000, 0.000000000000000, 1.00000000000000 ) );
#9385 = DIRECTION( '', ( -1.00000000000000, 0.000000000000000, 0.000000000000000 ) );
#9386 = DIRECTION( '', ( 0.000000000000000, 1.00000000000000, 0.000000000000000 ) );
#9387 = DIRECTION( '', ( -1.00000000000000, 0.000000000000000, 0.000000000000000 ) );
#9388 = DIRECTION( '', ( 0.000000000000000, -1.00000000000000, -0.000000000000000 ) );
#9389 = DIRECTION( '', ( 0.000000000000000, 1.00000000000000, 0.000000000000000 ) );
#9390 = DIRECTION( '', ( -1.00000000000000, 0.000000000000000, 0.000000000000000 ) );
#9391 = DIRECTION( '', ( 0.000000000000000, -1.00000000000000, 0.000000000000000 ) );
#9392 = DIRECTION( '', ( -0.000000000000000, -0.000000000000000, -1.00000000000000 ) );
#9393 = DIRECTION( '', ( -0.447213595500198, -0.774596669241403, -0.447213595499856 ) );
#9394 = DIRECTION( '', ( -0.000000000000000, -0.000000000000000, -1.00000000000000 ) );
#9395 = DIRECTION( '', ( 0.000000000000000, 1.00000000000000, 0.000000000000000 ) );
#9396 = DIRECTION( '', ( -1.00000000000000, 0.000000000000000, 0.000000000000000 ) );
#9397 = DIRECTION( '', ( 0.000000000000000, 1.00000000000000, 0.000000000000000 ) );
#9398 = DIRECTION( '', ( -1.00000000000000, 0.000000000000000, 0.000000000000000 ) );
#9399 = DIRECTION( '', ( 0.000000000000000, -0.000000000000000, 1.00000000000000 ) );
#9400 = DIRECTION( '', ( -1.00000000000000, 0.000000000000000, 0.000000000000000 ) );
#9401 = DIRECTION( '', ( -0.000000000000000, 0.000000000000000, -1.00000000000000 ) );
#9402 = DIRECTION( '', ( -1.00000000000000, 0.000000000000000, 0.000000000000000 ) );
#9403 = DIRECTION( '', ( 0.000000000000000, 1.00000000000000, 0.000000000000000 ) );
#9404 = DIRECTION( '', ( -1.00000000000000, 0.000000000000000, 0.000000000000000 ) );
#9405 = DIRECTION( '', ( 0.000000000000000, 1.00000000000000, 0.000000000000000 ) );
#9406 = DIRECTION( '', ( 0.000000000000000, 0.000000000000000, 1.00000000000000 ) );
#9407 = CARTESIAN_POINT( '', ( -0.108000000000000, 0.00900000000000052, 0.0403238075793816 ) );
#9408 = DIRECTION( '', ( -1.00000000000000, 0.000000000000000, 0.000000000000000 ) );
#9409 = DIRECTION( '', ( 0.000000000000000, 0.000000000000000, 1.00000000000000 ) );
#9410 = DIRECTION( '', ( 0.000000000000000, 1.00000000000000, 0.000000000000000 ) );
#9411 = DIRECTION( '', ( 0.000000000000000, 0.000000000000000, -1.00000000000000 ) );
#9412 = DIRECTION( '', ( 0.000000000000000, 0.692869494514993, -0.721063009431587 ) );
#9413 = DIRECTION( '', ( 0.000000000000000, -0.692869494514993, -0.721063009431587 ) );
#9414 = DIRECTION( '', ( 0.000000000000000, 0.000000000000000, 1.00000000000000 ) );
#9415 = CARTESIAN_POINT( '', ( -0.108000000000000, 0.00900000000000050, -0.0403238075793815 ) );
#9416 = DIRECTION( '', ( -1.00000000000000, 0.000000000000000, 0.000000000000000 ) );
#9417 = DIRECTION( '', ( 0.000000000000000, 0.000000000000000, 1.00000000000000 ) );
#9418 = DIRECTION( '', ( 0.000000000000000, 1.00000000000000, 0.000000000000000 ) );
#9419 = DIRECTION( '', ( 0.000000000000000, 0.829436927105270, 0.558600379479076 ) );
#9420 = DIRECTION( '', ( 0.000000000000000, 1.00000000000000, 0.000000000000000 ) );
#9421 = DIRECTION( '', ( -0.000000000000000, -0.000000000000000, -1.00000000000000 ) );
#9422 = DIRECTION( '', ( 0.000000000000000, -1.00000000000000, 0.000000000000000 ) );
#9423 = DIRECTION( '', ( -0.000000000000000, -0.000000000000000, -1.00000000000000 ) );
#9424 = CARTESIAN_POINT( '', ( 0.00799999999999997, 0.00900000000000050, -0.0403238075793815 ) );
#9425 = DIRECTION( '', ( -1.00000000000000, 0.000000000000000, 0.000000000000000 ) );
#9426 = DIRECTION( '', ( 0.000000000000000, 0.000000000000000, 1.00000000000000 ) );
#9427 = DIRECTION( '', ( -1.00000000000000, 0.000000000000000, 0.000000000000000 ) );
#9428 = CARTESIAN_POINT( '', ( -0.00800000000000001, 0.00900000000000050, -0.0403238075793815 ) );
#9429 = DIRECTION( '', ( 1.00000000000000, 0.000000000000000, -0.000000000000000 ) );
#9430 = DIRECTION( '', ( -0.000000000000000, 0.000000000000000, -1.00000000000000 ) );
#9431 = DIRECTION( '', ( -1.00000000000000, 0.000000000000000, 0.000000000000000 ) );
#9432 = DIRECTION( '', ( 0.000000000000000, 1.00000000000000, 0.000000000000000 ) );
#9433 = DIRECTION( '', ( -0.000000000000000, -0.000000000000000, -1.00000000000000 ) );
#9434 = DIRECTION( '', ( 0.000000000000000, -1.00000000000000, -1.76384813640513E-17 ) );
#9435 = DIRECTION( '', ( -0.000000000000000, -0.000000000000000, -1.00000000000000 ) );
#9436 = DIRECTION( '', ( 0.000000000000000, 0.829436927105293, -0.558600379479041 ) );
#9437 = DIRECTION( '', ( 1.00000000000000, 0.000000000000000, 0.000000000000000 ) );
#9438 = DIRECTION( '', ( 0.000000000000000, -1.00000000000000, 0.000000000000000 ) );
#9439 = DIRECTION( '', ( -1.00000000000000, 0.000000000000000, 0.000000000000000 ) );
#9440 = DIRECTION( '', ( 0.000000000000000, -1.00000000000000, -0.000000000000000 ) );
#9441 = DIRECTION( '', ( 0.000000000000000, -1.00000000000000, 0.000000000000000 ) );
#9442 = DIRECTION( '', ( -1.00000000000000, 0.000000000000000, 0.000000000000000 ) );
#9443 = DIRECTION( '', ( 0.000000000000000, 1.00000000000000, 0.000000000000000 ) );
#9444 = DIRECTION( '', ( -1.00000000000000, 0.000000000000000, 0.000000000000000 ) );
#9445 = DIRECTION( '', ( 0.000000000000000, -1.00000000000000, 0.000000000000000 ) );
#9446 = DIRECTION( '', ( 0.000000000000000, -1.00000000000000, -0.000000000000000 ) );
#9447 = DIRECTION( '', ( 0.000000000000000, -0.829436927105270, -0.558600379479076 ) );
#9448 = DIRECTION( '', ( -0.000000000000000, -0.000000000000000, -1.00000000000000 ) );
#9449 = DIRECTION( '', ( 0.000000000000000, 1.00000000000000, 0.000000000000000 ) );
#9450 = DIRECTION( '', ( 0.000000000000000, -1.00000000000000, 0.000000000000000 ) );
#9451 = DIRECTION( '', ( -0.000000000000000, -0.000000000000000, -1.00000000000000 ) );
#9452 = DIRECTION( '', ( -0.447213595500181, -0.774596669241373, -0.447213595499925 ) );
#9453 = DIRECTION( '', ( 0.447213595500200, -0.774596669241403, 0.447213595499856 ) );
#9454 = DIRECTION( '', ( -0.000000000000000, -0.000000000000000, -1.00000000000000 ) );
#9455 = DIRECTION( '', ( -0.447213595500200, 0.774596669241403, 0.447213595499856 ) );
#9456 = DIRECTION( '', ( -0.000000000000000, -0.000000000000000, -1.00000000000000 ) );
#9457 = DIRECTION( '', ( -1.00000000000000, 0.000000000000000, 0.000000000000000 ) );
#9458 = CARTESIAN_POINT( '', ( 0.0420000000000000, 0.00900000000000050, -0.0403238075793815 ) );
#9459 = DIRECTION( '', ( 1.00000000000000, 0.000000000000000, -0.000000000000000 ) );
#9460 = DIRECTION( '', ( -0.000000000000000, 0.000000000000000, -1.00000000000000 ) );
#9461 = DIRECTION( '', ( 0.000000000000000, -0.829436927105270, -0.558600379479076 ) );
#9462 = DIRECTION( '', ( -1.00000000000000, 0.000000000000000, 0.000000000000000 ) );
#9463 = DIRECTION( '', ( 0.000000000000000, 0.829436927105270, 0.558600379479076 ) );
#9464 = DIRECTION( '', ( -1.00000000000000, 0.000000000000000, 0.000000000000000 ) );
#9465 = DIRECTION( '', ( 0.000000000000000, 0.829436927105270, 0.558600379479076 ) );
#9466 = DIRECTION( '', ( -1.00000000000000, 0.000000000000000, 0.000000000000000 ) );
#9467 = DIRECTION( '', ( 1.00000000000000, 0.000000000000000, 0.000000000000000 ) );
#9468 = DIRECTION( '', ( 0.000000000000000, -0.829436927105270, -0.558600379479076 ) );
#9469 = DIRECTION( '', ( -1.00000000000000, 0.000000000000000, 0.000000000000000 ) );
#9470 = DIRECTION( '', ( 1.00000000000000, 0.000000000000000, 0.000000000000000 ) );
#9471 = DIRECTION( '', ( -1.00000000000000, 0.000000000000000, 0.000000000000000 ) );
#9472 = DIRECTION( '', ( 0.000000000000000, 0.829436927105270, 0.558600379479076 ) );
#9473 = DIRECTION( '', ( 1.00000000000000, 0.000000000000000, 0.000000000000000 ) );
#9474 = DIRECTION( '', ( 0.000000000000000, -0.829436927105270, -0.558600379479076 ) );
#9475 = DIRECTION( '', ( -1.00000000000000, 0.000000000000000, 0.000000000000000 ) );
#9476 = DIRECTION( '', ( 0.000000000000000, 0.829436927105270, 0.558600379479076 ) );
#9477 = DIRECTION( '', ( 1.00000000000000, 0.000000000000000, 0.000000000000000 ) );
#9478 = DIRECTION( '', ( 0.000000000000000, 1.00000000000000, 0.000000000000000 ) );
#9479 = DIRECTION( '', ( 0.000000000000000, -1.00000000000000, -1.76384813640513E-17 ) );
#9480 = DIRECTION( '', ( -0.000000000000000, -0.000000000000000, -1.00000000000000 ) );
#9481 = DIRECTION( '', ( 0.000000000000000, 0.829436927105293, -0.558600379479041 ) );
#9482 = DIRECTION( '', ( -0.447213595500200, -0.774596669241403, -0.447213595499856 ) );
#9483 = DIRECTION( '', ( -1.00000000000000, 0.000000000000000, 0.000000000000000 ) );
#9484 = DIRECTION( '', ( -0.447213595500197, 0.774596669241404, 0.447213595499857 ) );
#9485 = DIRECTION( '', ( -1.00000000000000, 0.000000000000000, 0.000000000000000 ) );
#9486 = DIRECTION( '', ( 0.000000000000000, -1.00000000000000, -0.000000000000000 ) );
#9487 = DIRECTION( '', ( -1.00000000000000, 0.000000000000000, 0.000000000000000 ) );
#9488 = DIRECTION( '', ( 0.000000000000000, -1.00000000000000, -0.000000000000000 ) );
#9489 = DIRECTION( '', ( 1.00000000000000, 0.000000000000000, 0.000000000000000 ) );
#9490 = DIRECTION( '', ( 0.000000000000000, 0.000000000000000, -1.00000000000000 ) );
#9491 = DIRECTION( '', ( 0.000000000000000, 0.000000000000000, 1.00000000000000 ) );
#9492 = DIRECTION( '', ( 0.000000000000000, -0.000000000000000, 1.00000000000000 ) );
#9493 = DIRECTION( '', ( -1.00000000000000, 0.000000000000000, 0.000000000000000 ) );
#9494 = DIRECTION( '', ( -0.000000000000000, 0.000000000000000, -1.00000000000000 ) );
#9495 = DIRECTION( '', ( -1.00000000000000, 0.000000000000000, 0.000000000000000 ) );
#9496 = DIRECTION( '', ( 0.447213595500200, 0.774596669241403, -0.447213595499856 ) );
#9497 = DIRECTION( '', ( -1.00000000000000, 0.000000000000000, 0.000000000000000 ) );
#9498 = DIRECTION( '', ( 0.447213595500199, -0.774596669241403, 0.447213595499856 ) );
#9499 = DIRECTION( '', ( -1.00000000000000, 0.000000000000000, 0.000000000000000 ) );
#9500 = DIRECTION( '', ( 0.000000000000000, 0.000000000000000, 1.00000000000000 ) );
#9501 = DIRECTION( '', ( 0.000000000000000, 0.000000000000000, 1.00000000000000 ) );
#9502 = DIRECTION( '', ( 0.000000000000000, -1.00000000000000, 0.000000000000000 ) );
#9503 = DIRECTION( '', ( 0.000000000000000, 0.000000000000000, -1.00000000000000 ) );
#9504 = DIRECTION( '', ( 0.000000000000000, -1.00000000000000, -0.000000000000000 ) );
#9505 = DIRECTION( '', ( 0.000000000000000, 0.000000000000000, 1.00000000000000 ) );
#9506 = DIRECTION( '', ( 0.000000000000000, 0.000000000000000, -1.00000000000000 ) );
#9507 = DIRECTION( '', ( -1.00000000000000, 0.000000000000000, 0.000000000000000 ) );
#9508 = DIRECTION( '', ( -0.000000000000000, -0.000000000000000, -1.00000000000000 ) );
#9509 = DIRECTION( '', ( -1.00000000000000, 0.000000000000000, 0.000000000000000 ) );
#9510 = DIRECTION( '', ( -0.000000000000000, -0.000000000000000, -1.00000000000000 ) );
#9511 = DIRECTION( '', ( 0.000000000000000, -0.692869494514993, -0.721063009431587 ) );
#9512 = DIRECTION( '', ( -0.000000000000000, 0.000000000000000, -1.00000000000000 ) );
#9513 = DIRECTION( '', ( 0.000000000000000, 0.000000000000000, 1.00000000000000 ) );
#9514 = DIRECTION( '', ( 1.00000000000000, 0.000000000000000, 0.000000000000000 ) );
#9515 = DIRECTION( '', ( 0.000000000000000, 0.000000000000000, -1.00000000000000 ) );
#9516 = DIRECTION( '', ( 0.000000000000000, 0.000000000000000, 1.00000000000000 ) );
#9517 = DIRECTION( '', ( 1.00000000000000, 0.000000000000000, 0.000000000000000 ) );
#9518 = DIRECTION( '', ( -1.00000000000000, 0.000000000000000, 0.000000000000000 ) );
#9519 = DIRECTION( '', ( 0.000000000000000, 0.000000000000000, 1.00000000000000 ) );
#9520 = DIRECTION( '', ( -1.00000000000000, 0.000000000000000, 0.000000000000000 ) );
#9521 = CARTESIAN_POINT( '', ( -0.00800000000000001, 0.00900000000000052, 0.0403238075793816 ) );
#9522 = DIRECTION( '', ( 1.00000000000000, 0.000000000000000, -0.000000000000000 ) );
#9523 = DIRECTION( '', ( -0.000000000000000, 0.000000000000000, -1.00000000000000 ) );
#9524 = DIRECTION( '', ( 0.000000000000000, 0.000000000000000, 1.00000000000000 ) );
#9525 = DIRECTION( '', ( -0.000000000000000, 0.000000000000000, -1.00000000000000 ) );
#9526 = DIRECTION( '', ( -0.000000000000000, 0.692869494514993, -0.721063009431587 ) );
#9527 = DIRECTION( '', ( -0.000000000000000, -0.000000000000000, -1.00000000000000 ) );
#9528 = DIRECTION( '', ( 0.000000000000000, 0.000000000000000, -1.00000000000000 ) );
#9529 = DIRECTION( '', ( -1.00000000000000, 0.000000000000000, 0.000000000000000 ) );
#9530 = DIRECTION( '', ( 0.000000000000000, 0.000000000000000, -1.00000000000000 ) );
#9531 = DIRECTION( '', ( -3.08186601785250E-14, 0.000000000000000, 1.00000000000000 ) );
#9532 = DIRECTION( '', ( -1.00000000000000, 0.000000000000000, 0.000000000000000 ) );
#9533 = DIRECTION( '', ( -0.000000000000000, -0.000000000000000, -1.00000000000000 ) );
#9534 = DIRECTION( '', ( -1.00000000000000, 0.000000000000000, 0.000000000000000 ) );
#9535 = DIRECTION( '', ( -0.000000000000000, -0.000000000000000, -1.00000000000000 ) );
#9536 = DIRECTION( '', ( 0.000000000000000, 0.000000000000000, -1.00000000000000 ) );
#9537 = DIRECTION( '', ( 0.000000000000000, 0.000000000000000, 1.00000000000000 ) );
#9538 = DIRECTION( '', ( 0.000000000000000, -1.00000000000000, 0.000000000000000 ) );
#9539 = DIRECTION( '', ( -1.00000000000000, 0.000000000000000, 0.000000000000000 ) );
#9540 = DIRECTION( '', ( 0.447213595500202, 0.774596669241402, -0.447213595499855 ) );
#9541 = DIRECTION( '', ( -1.00000000000000, 0.000000000000000, 0.000000000000000 ) );
#9542 = DIRECTION( '', ( -1.00000000000000, 0.000000000000000, 0.000000000000000 ) );
#9543 = DIRECTION( '', ( 0.000000000000000, -1.00000000000000, 0.000000000000000 ) );
#9544 = DIRECTION( '', ( 1.00000000000000, 0.000000000000000, 0.000000000000000 ) );
#9545 = DIRECTION( '', ( -1.00000000000000, 0.000000000000000, 0.000000000000000 ) );
#9546 = DIRECTION( '', ( -0.000000000000000, -0.000000000000000, -1.00000000000000 ) );
#9547 = DIRECTION( '', ( 1.00000000000000, -2.51088970005907E-16, -2.61306017627853E-16 ) );
#9548 = DIRECTION( '', ( -0.000000000000000, -0.000000000000000, -1.00000000000000 ) );
#9549 = DIRECTION( '', ( -0.000000000000000, -0.000000000000000, -1.00000000000000 ) );
#9550 = DIRECTION( '', ( 1.00000000000000, -2.51088970005906E-16, -2.61306017627853E-16 ) );
#9551 = DIRECTION( '', ( -0.000000000000000, -0.000000000000000, -1.00000000000000 ) );
#9552 = DIRECTION( '', ( 1.00000000000000, -2.51088970005906E-16, -2.61306017627853E-16 ) );
#9553 = DIRECTION( '', ( -0.000000000000000, -0.000000000000000, -1.00000000000000 ) );
#9554 = DIRECTION( '', ( -1.00000000000000, 0.000000000000000, 0.000000000000000 ) );
#9555 = DIRECTION( '', ( 1.00000000000000, -2.51088970005907E-16, -2.61306017627853E-16 ) );
#9556 = DIRECTION( '', ( -0.000000000000000, -0.000000000000000, -1.00000000000000 ) );
#9557 = DIRECTION( '', ( -1.00000000000000, 0.000000000000000, 0.000000000000000 ) );
#9558 = DIRECTION( '', ( 0.000000000000000, 0.000000000000000, 1.00000000000000 ) );
#9559 = DIRECTION( '', ( -1.00000000000000, 0.000000000000000, 0.000000000000000 ) );
#9560 = DIRECTION( '', ( -0.000000000000000, -0.000000000000000, -1.00000000000000 ) );
#9561 = DIRECTION( '', ( -1.00000000000000, 2.51088970005907E-16, -2.61306017627853E-16 ) );
#9562 = DIRECTION( '', ( -0.000000000000000, -0.000000000000000, -1.00000000000000 ) );
#9563 = DIRECTION( '', ( -1.00000000000000, 0.000000000000000, 0.000000000000000 ) );
#9564 = DIRECTION( '', ( -0.000000000000000, -0.000000000000000, -1.00000000000000 ) );
#9565 = DIRECTION( '', ( -1.00000000000000, 2.51088970005906E-16, -2.61306017627853E-16 ) );
#9566 = DIRECTION( '', ( -0.000000000000000, -0.000000000000000, -1.00000000000000 ) );
#9567 = DIRECTION( '', ( -1.00000000000000, 2.51088970005906E-16, -2.61306017627853E-16 ) );
#9568 = DIRECTION( '', ( -1.00000000000000, 0.000000000000000, 0.000000000000000 ) );
#9569 = DIRECTION( '', ( -1.00000000000000, 2.51088970005907E-16, -2.61306017627853E-16 ) );
#9570 = DIRECTION( '', ( -0.000000000000000, -0.000000000000000, -1.00000000000000 ) );
#9571 = DIRECTION( '', ( -1.00000000000000, 0.000000000000000, 0.000000000000000 ) );
#9572 = DIRECTION( '', ( -0.000000000000000, -0.000000000000000, -1.00000000000000 ) );
#9573 = DIRECTION( '', ( -1.00000000000000, 0.000000000000000, 0.000000000000000 ) );
#9574 = DIRECTION( '', ( -1.00000000000000, 0.000000000000000, 0.000000000000000 ) );
#9575 = DIRECTION( '', ( -1.00000000000000, 0.000000000000000, 0.000000000000000 ) );
#9576 = DIRECTION( '', ( 0.000000000000000, 0.000000000000000, -1.00000000000000 ) );
#9577 = DIRECTION( '', ( -0.447213595500185, -0.774596669241372, -0.447213595499924 ) );
#9578 = DIRECTION( '', ( 0.000000000000000, 0.000000000000000, -1.00000000000000 ) );
#9579 = CARTESIAN_POINT( '', ( -0.0920000000000000, 0.00900000000000050, -0.0403238075793815 ) );
#9580 = DIRECTION( '', ( -1.00000000000000, 0.000000000000000, 0.000000000000000 ) );
#9581 = DIRECTION( '', ( 0.000000000000000, 0.000000000000000, 1.00000000000000 ) );
#9582 = DIRECTION( '', ( -1.00000000000000, 0.000000000000000, 0.000000000000000 ) );
#9583 = DIRECTION( '', ( -1.00000000000000, 0.000000000000000, 0.000000000000000 ) );
#9584 = DIRECTION( '', ( 0.000000000000000, -1.00000000000000, -0.000000000000000 ) );
#9585 = DIRECTION( '', ( 0.000000000000000, 0.000000000000000, 1.00000000000000 ) );
#9586 = DIRECTION( '', ( 0.000000000000000, -1.00000000000000, -0.000000000000000 ) );
#9587 = DIRECTION( '', ( 0.000000000000000, 0.000000000000000, -1.00000000000000 ) );
#9588 = DIRECTION( '', ( 0.000000000000000, -0.692869494514993, 0.721063009431587 ) );
#9589 = DIRECTION( '', ( 0.000000000000000, -0.000000000000000, 1.00000000000000 ) );
#9590 = CARTESIAN_POINT( '', ( 0.00799999999999997, 0.00900000000000052, 0.0403238075793816 ) );
#9591 = DIRECTION( '', ( -1.00000000000000, 0.000000000000000, 0.000000000000000 ) );
#9592 = DIRECTION( '', ( 0.000000000000000, 0.000000000000000, 1.00000000000000 ) );
#9593 = DIRECTION( '', ( -1.00000000000000, 0.000000000000000, 0.000000000000000 ) );
#9594 = DIRECTION( '', ( 0.000000000000000, 1.00000000000000, 0.000000000000000 ) );
#9595 = DIRECTION( '', ( -0.000000000000000, -0.000000000000000, -1.00000000000000 ) );
#9596 = DIRECTION( '', ( 0.000000000000000, -1.00000000000000, 0.000000000000000 ) );
#9597 = DIRECTION( '', ( -0.000000000000000, -0.000000000000000, -1.00000000000000 ) );
#9598 = DIRECTION( '', ( 0.000000000000000, -1.00000000000000, -0.000000000000000 ) );
#9599 = DIRECTION( '', ( 0.000000000000000, 0.000000000000000, 1.00000000000000 ) );
#9600 = DIRECTION( '', ( 0.000000000000000, 0.000000000000000, -1.00000000000000 ) );
#9601 = DIRECTION( '', ( 0.000000000000000, -1.00000000000000, -0.000000000000000 ) );
#9602 = DIRECTION( '', ( 0.000000000000000, 0.000000000000000, -1.00000000000000 ) );
#9603 = DIRECTION( '', ( 0.000000000000000, 0.000000000000000, -1.00000000000000 ) );
#9604 = DIRECTION( '', ( 0.000000000000000, -1.00000000000000, 0.000000000000000 ) );
#9605 = DIRECTION( '', ( 0.000000000000000, -1.00000000000000, -0.000000000000000 ) );
#9606 = DIRECTION( '', ( 0.000000000000000, 0.000000000000000, 1.00000000000000 ) );
#9607 = DIRECTION( '', ( 0.000000000000000, 0.000000000000000, -1.00000000000000 ) );
#9608 = DIRECTION( '', ( 0.000000000000000, 1.00000000000000, 0.000000000000000 ) );
#9609 = DIRECTION( '', ( -1.00000000000000, 0.000000000000000, 0.000000000000000 ) );
#9610 = DIRECTION( '', ( 0.000000000000000, -1.00000000000000, 0.000000000000000 ) );
#9611 = DIRECTION( '', ( -1.00000000000000, 0.000000000000000, 0.000000000000000 ) );
#9612 = DIRECTION( '', ( 0.000000000000000, 1.00000000000000, 0.000000000000000 ) );
#9613 = DIRECTION( '', ( 0.000000000000000, -1.00000000000000, 0.000000000000000 ) );
#9614 = DIRECTION( '', ( 0.000000000000000, -1.00000000000000, 0.000000000000000 ) );
#9615 = DIRECTION( '', ( 0.000000000000000, -1.00000000000000, 0.000000000000000 ) );
#9616 = DIRECTION( '', ( 0.000000000000000, -1.00000000000000, 0.000000000000000 ) );
#9617 = DIRECTION( '', ( -0.000000000000000, -0.000000000000000, -1.00000000000000 ) );
#9618 = DIRECTION( '', ( 0.000000000000000, 1.00000000000000, 0.000000000000000 ) );
#9619 = DIRECTION( '', ( 0.000000000000000, -1.00000000000000, 0.000000000000000 ) );
#9620 = DIRECTION( '', ( 1.00000000000000, 0.000000000000000, 0.000000000000000 ) );
#9621 = DIRECTION( '', ( -1.00000000000000, 0.000000000000000, 0.000000000000000 ) );
#9622 = DIRECTION( '', ( -1.00000000000000, 0.000000000000000, 0.000000000000000 ) );
#9623 = DIRECTION( '', ( 0.000000000000000, -1.00000000000000, 0.000000000000000 ) );
#9624 = DIRECTION( '', ( 0.000000000000000, 0.000000000000000, -1.00000000000000 ) );
#9625 = DIRECTION( '', ( 0.000000000000000, 0.692869494514993, 0.721063009431587 ) );
#9626 = CARTESIAN_POINT( '', ( -0.0920000000000000, 0.00900000000000052, 0.0403238075793816 ) );
#9627 = DIRECTION( '', ( -1.00000000000000, 0.000000000000000, 0.000000000000000 ) );
#9628 = DIRECTION( '', ( 0.000000000000000, 0.000000000000000, 1.00000000000000 ) );
#9629 = DIRECTION( '', ( -1.00000000000000, 0.000000000000000, 0.000000000000000 ) );
#9630 = DIRECTION( '', ( 0.447213595499958, 0.894427190999916, 0.000000000000000 ) );
#9631 = DIRECTION( '', ( 1.00000000000000, 0.000000000000000, 0.000000000000000 ) );
#9632 = DIRECTION( '', ( 0.000000000000000, -1.00000000000000, 0.000000000000000 ) );
#9633 = DIRECTION( '', ( 0.000000000000000, 0.000000000000000, -1.00000000000000 ) );
#9634 = DIRECTION( '', ( -0.447213595500181, 0.774596669241373, 0.447213595499925 ) );
#9635 = DIRECTION( '', ( -0.000000000000000, -0.000000000000000, -1.00000000000000 ) );
#9636 = DIRECTION( '', ( -1.00000000000000, 0.000000000000000, 0.000000000000000 ) );
#9637 = DIRECTION( '', ( 0.000000000000000, -1.00000000000000, -0.000000000000000 ) );
#9638 = DIRECTION( '', ( 1.00000000000000, 0.000000000000000, 0.000000000000000 ) );
#9639 = DIRECTION( '', ( 0.000000000000000, -1.00000000000000, 0.000000000000000 ) );
#9640 = DIRECTION( '', ( 0.000000000000000, -1.00000000000000, 0.000000000000000 ) );
#9641 = DIRECTION( '', ( 0.000000000000000, -1.00000000000000, 0.000000000000000 ) );
#9642 = DIRECTION( '', ( 0.000000000000000, 1.00000000000000, 0.000000000000000 ) );
#9643 = DIRECTION( '', ( -1.00000000000000, 0.000000000000000, 0.000000000000000 ) );
#9644 = DIRECTION( '', ( 0.000000000000000, -1.00000000000000, 0.000000000000000 ) );
#9645 = DIRECTION( '', ( -1.00000000000000, 0.000000000000000, 0.000000000000000 ) );
#9646 = CARTESIAN_POINT( '', ( 0.0580000000000000, 0.00900000000000052, 0.0403238075793816 ) );
#9647 = DIRECTION( '', ( -1.00000000000000, 0.000000000000000, 0.000000000000000 ) );
#9648 = DIRECTION( '', ( 0.000000000000000, 0.000000000000000, 1.00000000000000 ) );
#9649 = CARTESIAN_POINT( '', ( 0.0420000000000000, 0.00900000000000052, 0.0403238075793816 ) );
#9650 = DIRECTION( '', ( 1.00000000000000, 0.000000000000000, -0.000000000000000 ) );
#9651 = DIRECTION( '', ( -0.000000000000000, 0.000000000000000, -1.00000000000000 ) );
#9652 = DIRECTION( '', ( -0.000000000000000, -0.000000000000000, -1.00000000000000 ) );
#9653 = DIRECTION( '', ( -0.447213595500181, -0.774596669241373, -0.447213595499925 ) );
#9654 = DIRECTION( '', ( -0.447213595500183, -0.774596669241373, -0.447213595499924 ) );
#9655 = DIRECTION( '', ( -1.00000000000000, 0.000000000000000, 0.000000000000000 ) );
#9656 = DIRECTION( '', ( -1.00000000000000, 0.000000000000000, 0.000000000000000 ) );
#9657 = DIRECTION( '', ( 0.000000000000000, 0.000000000000000, -1.00000000000000 ) );
#9658 = DIRECTION( '', ( 0.000000000000000, -1.00000000000000, -0.000000000000000 ) );
#9659 = DIRECTION( '', ( 0.000000000000000, 0.000000000000000, 1.00000000000000 ) );
#9660 = DIRECTION( '', ( 0.000000000000000, -1.00000000000000, -0.000000000000000 ) );
#9661 = DIRECTION( '', ( 0.000000000000000, 0.000000000000000, 1.00000000000000 ) );
#9662 = DIRECTION( '', ( 0.447213595500202, 0.774596669241402, -0.447213595499855 ) );
#9663 = DIRECTION( '', ( -0.447213595500202, -0.774596669241402, -0.447213595499856 ) );
#9664 = DIRECTION( '', ( 0.000000000000000, 0.000000000000000, -1.00000000000000 ) );
#9665 = DIRECTION( '', ( -1.00000000000000, 0.000000000000000, 0.000000000000000 ) );
#9666 = DIRECTION( '', ( 0.000000000000000, 1.00000000000000, 1.76384813640513E-17 ) );
#9667 = DIRECTION( '', ( -1.00000000000000, 0.000000000000000, 0.000000000000000 ) );
#9668 = DIRECTION( '', ( 0.000000000000000, -1.00000000000000, -0.000000000000000 ) );
#9669 = DIRECTION( '', ( 1.00000000000000, 0.000000000000000, 0.000000000000000 ) );
#9670 = DIRECTION( '', ( -1.00000000000000, 0.000000000000000, 0.000000000000000 ) );
#9671 = DIRECTION( '', ( 0.000000000000000, -1.00000000000000, 0.000000000000000 ) );
#9672 = DIRECTION( '', ( -1.00000000000000, 0.000000000000000, 0.000000000000000 ) );
#9673 = DIRECTION( '', ( -0.000000000000000, -0.000000000000000, -1.00000000000000 ) );
#9674 = DIRECTION( '', ( -0.447213595500199, 0.774596669241403, 0.447213595499856 ) );
#9675 = DIRECTION( '', ( -0.000000000000000, -0.000000000000000, -1.00000000000000 ) );
#9676 = DIRECTION( '', ( 0.000000000000000, 1.00000000000000, 1.76384813640513E-17 ) );
#9677 = DIRECTION( '', ( -1.00000000000000, 0.000000000000000, 0.000000000000000 ) );
#9678 = DIRECTION( '', ( 0.000000000000000, -1.00000000000000, -1.76384813640513E-17 ) );
#9679 = DIRECTION( '', ( 1.00000000000000, 0.000000000000000, 0.000000000000000 ) );
#9680 = DIRECTION( '', ( -1.00000000000000, 0.000000000000000, 0.000000000000000 ) );
#9681 = DIRECTION( '', ( 0.000000000000000, -0.692869494514993, 0.721063009431587 ) );
#9682 = DIRECTION( '', ( 0.000000000000000, -0.000000000000000, 1.00000000000000 ) );
#9683 = DIRECTION( '', ( 0.000000000000000, -1.00000000000000, 0.000000000000000 ) );
#9684 = DIRECTION( '', ( 0.000000000000000, -1.00000000000000, 0.000000000000000 ) );
#9685 = DIRECTION( '', ( 0.000000000000000, -0.829436927105293, 0.558600379479041 ) );
#9686 = DIRECTION( '', ( -0.000000000000000, -0.000000000000000, -1.00000000000000 ) );
#9687 = DIRECTION( '', ( 0.000000000000000, -1.00000000000000, -0.000000000000000 ) );
#9688 = DIRECTION( '', ( 0.000000000000000, 0.000000000000000, -1.00000000000000 ) );
#9689 = DIRECTION( '', ( 0.000000000000000, 0.000000000000000, -1.00000000000000 ) );
#9690 = DIRECTION( '', ( -0.447213595499958, -0.894427190999916, 0.000000000000000 ) );
#9691 = DIRECTION( '', ( 0.000000000000000, -1.00000000000000, 0.000000000000000 ) );
#9692 = DIRECTION( '', ( -1.00000000000000, 0.000000000000000, 0.000000000000000 ) );
#9693 = DIRECTION( '', ( -1.00000000000000, 0.000000000000000, 0.000000000000000 ) );
#9694 = DIRECTION( '', ( -0.000000000000000, -0.000000000000000, -1.00000000000000 ) );
#9695 = DIRECTION( '', ( -1.00000000000000, 0.000000000000000, 0.000000000000000 ) );
#9696 = DIRECTION( '', ( -1.00000000000000, 0.000000000000000, 0.000000000000000 ) );
#9697 = DIRECTION( '', ( -0.000000000000000, -0.000000000000000, -1.00000000000000 ) );
#9698 = DIRECTION( '', ( -1.00000000000000, 0.000000000000000, 0.000000000000000 ) );
#9699 = DIRECTION( '', ( -1.00000000000000, 0.000000000000000, 0.000000000000000 ) );
#9700 = DIRECTION( '', ( -0.000000000000000, -0.000000000000000, -1.00000000000000 ) );
#9701 = DIRECTION( '', ( -1.00000000000000, 0.000000000000000, 0.000000000000000 ) );
#9702 = DIRECTION( '', ( 0.000000000000000, 0.000000000000000, -1.00000000000000 ) );
#9703 = DIRECTION( '', ( -0.000000000000000, -0.000000000000000, -1.00000000000000 ) );
#9704 = DIRECTION( '', ( -0.000000000000000, -0.000000000000000, -1.00000000000000 ) );
#9705 = DIRECTION( '', ( -1.00000000000000, 0.000000000000000, 0.000000000000000 ) );
#9706 = DIRECTION( '', ( -1.00000000000000, 0.000000000000000, 0.000000000000000 ) );
#9707 = DIRECTION( '', ( -1.00000000000000, 0.000000000000000, 0.000000000000000 ) );
#9708 = DIRECTION( '', ( -0.000000000000000, -0.000000000000000, -1.00000000000000 ) );
#9709 = DIRECTION( '', ( -1.00000000000000, 0.000000000000000, 0.000000000000000 ) );
#9710 = DIRECTION( '', ( 0.000000000000000, 0.000000000000000, -1.00000000000000 ) );
#9711 = DIRECTION( '', ( -0.000000000000000, -0.000000000000000, -1.00000000000000 ) );
#9712 = DIRECTION( '', ( 0.000000000000000, -1.00000000000000, 0.000000000000000 ) );
#9713 = DIRECTION( '', ( 0.447213595500200, 0.774596669241403, -0.447213595499856 ) );
#9714 = DIRECTION( '', ( -0.000000000000000, -0.000000000000000, -1.00000000000000 ) );
#9715 = DIRECTION( '', ( -1.00000000000000, 0.000000000000000, 0.000000000000000 ) );
#9716 = DIRECTION( '', ( 0.000000000000000, 0.000000000000000, 1.00000000000000 ) );
#9717 = DIRECTION( '', ( -1.00000000000000, 0.000000000000000, 0.000000000000000 ) );
#9718 = DIRECTION( '', ( 0.000000000000000, 0.000000000000000, -1.00000000000000 ) );
#9719 = DIRECTION( '', ( -1.00000000000000, 0.000000000000000, 0.000000000000000 ) );
#9720 = DIRECTION( '', ( 0.000000000000000, 0.000000000000000, -1.00000000000000 ) );
#9721 = DIRECTION( '', ( 0.000000000000000, 0.000000000000000, 1.00000000000000 ) );
#9722 = DIRECTION( '', ( -1.00000000000000, 0.000000000000000, 0.000000000000000 ) );
#9723 = DIRECTION( '', ( 0.000000000000000, 0.000000000000000, -1.00000000000000 ) );
#9724 = DIRECTION( '', ( 1.00000000000000, 0.000000000000000, 0.000000000000000 ) );
#9725 = DIRECTION( '', ( 0.000000000000000, 0.000000000000000, 1.00000000000000 ) );
#9726 = DIRECTION( '', ( 0.000000000000000, 0.000000000000000, 1.00000000000000 ) );
#9727 = DIRECTION( '', ( 1.00000000000000, 0.000000000000000, 0.000000000000000 ) );
#9728 = DIRECTION( '', ( 0.000000000000000, 0.000000000000000, 1.00000000000000 ) );
#9729 = DIRECTION( '', ( 0.000000000000000, 0.000000000000000, -1.00000000000000 ) );
#9730 = DIRECTION( '', ( 0.000000000000000, 0.000000000000000, 1.00000000000000 ) );
#9731 = DIRECTION( '', ( 0.000000000000000, 0.000000000000000, -1.00000000000000 ) );
#9732 = DIRECTION( '', ( 0.000000000000000, 0.000000000000000, 1.00000000000000 ) );
#9733 = DIRECTION( '', ( -1.00000000000000, 0.000000000000000, 0.000000000000000 ) );
#9734 = DIRECTION( '', ( 0.000000000000000, 0.000000000000000, -1.00000000000000 ) );
#9735 = DIRECTION( '', ( -0.000000000000000, -0.000000000000000, -1.00000000000000 ) );
#9736 = DIRECTION( '', ( -1.00000000000000, 0.000000000000000, 0.000000000000000 ) );
#9737 = DIRECTION( '', ( -1.00000000000000, 0.000000000000000, 0.000000000000000 ) );
#9738 = DIRECTION( '', ( 1.00000000000000, 0.000000000000000, 0.000000000000000 ) );
#9739 = DIRECTION( '', ( 0.000000000000000, 0.000000000000000, -1.00000000000000 ) );
#9740 = DIRECTION( '', ( 0.000000000000000, -1.00000000000000, -0.000000000000000 ) );
#9741 = DIRECTION( '', ( 0.000000000000000, -1.00000000000000, 0.000000000000000 ) );
#9742 = DIRECTION( '', ( 0.000000000000000, 0.000000000000000, 1.00000000000000 ) );
#9743 = DIRECTION( '', ( -0.000000000000000, 0.692869494514993, -0.721063009431587 ) );
#9744 = DIRECTION( '', ( 0.000000000000000, -0.692869494514993, -0.721063009431587 ) );
#9745 = DIRECTION( '', ( 0.000000000000000, -1.00000000000000, 0.000000000000000 ) );
#9746 = DIRECTION( '', ( 0.000000000000000, 0.000000000000000, 1.00000000000000 ) );
#9747 = DIRECTION( '', ( 0.000000000000000, 0.000000000000000, -1.00000000000000 ) );
#9748 = DIRECTION( '', ( -1.00000000000000, 0.000000000000000, 0.000000000000000 ) );
#9749 = DIRECTION( '', ( 0.000000000000000, 0.000000000000000, 1.00000000000000 ) );
#9750 = DIRECTION( '', ( 1.00000000000000, 0.000000000000000, 0.000000000000000 ) );
#9751 = DIRECTION( '', ( -1.00000000000000, 0.000000000000000, 0.000000000000000 ) );
#9752 = DIRECTION( '', ( 0.000000000000000, -1.00000000000000, 0.000000000000000 ) );
#9753 = DIRECTION( '', ( -1.00000000000000, 0.000000000000000, 0.000000000000000 ) );
#9754 = DIRECTION( '', ( 0.000000000000000, 0.000000000000000, 1.00000000000000 ) );
#9755 = DIRECTION( '', ( 0.000000000000000, 0.000000000000000, 1.00000000000000 ) );
#9756 = DIRECTION( '', ( 0.000000000000000, -1.00000000000000, -0.000000000000000 ) );
#9757 = DIRECTION( '', ( 0.000000000000000, -1.00000000000000, -0.000000000000000 ) );
#9758 = DIRECTION( '', ( -1.00000000000000, 0.000000000000000, 0.000000000000000 ) );
#9759 = DIRECTION( '', ( 0.000000000000000, -1.00000000000000, -0.000000000000000 ) );
#9760 = DIRECTION( '', ( 0.000000000000000, -1.00000000000000, 0.000000000000000 ) );
#9761 = DIRECTION( '', ( -1.00000000000000, 0.000000000000000, 0.000000000000000 ) );
#9762 = DIRECTION( '', ( 0.000000000000000, -0.829436927105293, 0.558600379479041 ) );
#9763 = DIRECTION( '', ( 0.000000000000000, 1.00000000000000, 1.76384813640513E-17 ) );
#9764 = DIRECTION( '', ( -0.000000000000000, -0.000000000000000, -1.00000000000000 ) );
#9765 = DIRECTION( '', ( 0.000000000000000, -1.00000000000000, 0.000000000000000 ) );
#9766 = DIRECTION( '', ( 0.000000000000000, 1.00000000000000, 0.000000000000000 ) );
#9767 = DIRECTION( '', ( 0.000000000000000, -0.000000000000000, 1.00000000000000 ) );
#9768 = DIRECTION( '', ( 0.000000000000000, 0.692869494514993, 0.721063009431587 ) );
#9769 = DIRECTION( '', ( -1.00000000000000, 0.000000000000000, 0.000000000000000 ) );
#9770 = DIRECTION( '', ( -3.09959676204214E-14, 0.000000000000000, 1.00000000000000 ) );
#9771 = DIRECTION( '', ( 0.000000000000000, 0.000000000000000, -1.00000000000000 ) );
#9772 = DIRECTION( '', ( -1.00000000000000, 0.000000000000000, 0.000000000000000 ) );
#9773 = DIRECTION( '', ( 0.000000000000000, 1.00000000000000, 0.000000000000000 ) );
#9774 = DIRECTION( '', ( -1.00000000000000, 0.000000000000000, 0.000000000000000 ) );
#9775 = DIRECTION( '', ( -1.00000000000000, 0.000000000000000, 0.000000000000000 ) );
#9776 = DIRECTION( '', ( -1.00000000000000, 0.000000000000000, 0.000000000000000 ) );
#9777 = DIRECTION( '', ( -0.000000000000000, 0.692869494514993, -0.721063009431587 ) );
#9778 = DIRECTION( '', ( 0.000000000000000, -0.692869494514993, -0.721063009431587 ) );
#9779 = DIRECTION( '', ( 0.000000000000000, -0.692869494514993, -0.721063009431587 ) );
#9780 = DIRECTION( '', ( 0.000000000000000, 0.692869494514993, 0.721063009431587 ) );
#9781 = DIRECTION( '', ( -1.00000000000000, 0.000000000000000, 0.000000000000000 ) );
#9782 = DIRECTION( '', ( 0.000000000000000, -0.692869494514993, -0.721063009431587 ) );
#9783 = DIRECTION( '', ( 0.000000000000000, -1.00000000000000, 0.000000000000000 ) );
#9784 = DIRECTION( '', ( 0.000000000000000, -1.00000000000000, 0.000000000000000 ) );
#9785 = DIRECTION( '', ( 0.000000000000000, -1.00000000000000, 0.000000000000000 ) );
#9786 = DIRECTION( '', ( -1.00000000000000, 0.000000000000000, 0.000000000000000 ) );
#9787 = DIRECTION( '', ( 0.000000000000000, -1.00000000000000, 0.000000000000000 ) );
#9788 = DIRECTION( '', ( -1.00000000000000, 0.000000000000000, 0.000000000000000 ) );
#9789 = DIRECTION( '', ( 0.447213595500199, -0.774596669241403, 0.447213595499856 ) );
#9790 = DIRECTION( '', ( 0.000000000000000, 1.00000000000000, 0.000000000000000 ) );
#9791 = DIRECTION( '', ( -1.00000000000000, 0.000000000000000, 0.000000000000000 ) );
#9792 = DIRECTION( '', ( 0.000000000000000, -1.00000000000000, -0.000000000000000 ) );
#9793 = DIRECTION( '', ( 1.00000000000000, 0.000000000000000, 0.000000000000000 ) );
#9794 = DIRECTION( '', ( 0.000000000000000, -1.00000000000000, -0.000000000000000 ) );
#9795 = DIRECTION( '', ( 0.000000000000000, -1.00000000000000, 0.000000000000000 ) );
#9796 = DIRECTION( '', ( 0.000000000000000, -1.00000000000000, -0.000000000000000 ) );
#9797 = DIRECTION( '', ( 0.000000000000000, 0.000000000000000, 1.00000000000000 ) );
#9798 = DIRECTION( '', ( 0.000000000000000, 0.000000000000000, -1.00000000000000 ) );
#9799 = DIRECTION( '', ( -1.00000000000000, 0.000000000000000, 0.000000000000000 ) );
#9800 = DIRECTION( '', ( -0.447213595500183, -0.774596669241373, -0.447213595499924 ) );
#9801 = DIRECTION( '', ( -1.00000000000000, 0.000000000000000, 0.000000000000000 ) );
#9802 = DIRECTION( '', ( -1.00000000000000, 0.000000000000000, 0.000000000000000 ) );
#9803 = DIRECTION( '', ( 0.000000000000000, -1.00000000000000, 0.000000000000000 ) );
#9804 = DIRECTION( '', ( 0.000000000000000, -0.829436927105293, 0.558600379479041 ) );
#9805 = DIRECTION( '', ( 0.000000000000000, -1.00000000000000, 0.000000000000000 ) );
#9806 = DIRECTION( '', ( -0.000000000000000, 1.00000000000000, 0.000000000000000 ) );
#9807 = DIRECTION( '', ( -0.447213595499958, 0.894427190999916, 0.000000000000000 ) );
#9808 = DIRECTION( '', ( 0.000000000000000, -1.00000000000000, 0.000000000000000 ) );
#9809 = DIRECTION( '', ( 0.000000000000000, -1.00000000000000, 0.000000000000000 ) );
#9810 = DIRECTION( '', ( 0.000000000000000, 1.00000000000000, 0.000000000000000 ) );
#9811 = DIRECTION( '', ( 0.000000000000000, 0.829436927105293, -0.558600379479041 ) );
#9812 = DIRECTION( '', ( 0.000000000000000, -1.00000000000000, 0.000000000000000 ) );
#9813 = DIRECTION( '', ( 0.000000000000000, 1.00000000000000, 0.000000000000000 ) );
#9814 = DIRECTION( '', ( 0.000000000000000, -0.829436927105293, 0.558600379479041 ) );
#9815 = DIRECTION( '', ( 0.000000000000000, 0.000000000000000, -1.00000000000000 ) );
#9816 = DIRECTION( '', ( 0.000000000000000, 1.00000000000000, 1.76384813640513E-17 ) );
#9817 = DIRECTION( '', ( 0.447213595500200, 0.774596669241403, -0.447213595499856 ) );
#9818 = DIRECTION( '', ( -0.000000000000000, -0.000000000000000, -1.00000000000000 ) );
#9819 = DIRECTION( '', ( -0.000000000000000, -0.000000000000000, -1.00000000000000 ) );
#9820 = DIRECTION( '', ( 0.000000000000000, 0.000000000000000, -1.00000000000000 ) );
#9821 = DIRECTION( '', ( 0.000000000000000, 1.00000000000000, 0.000000000000000 ) );
#9822 = DIRECTION( '', ( -1.00000000000000, 0.000000000000000, 0.000000000000000 ) );
#9823 = DIRECTION( '', ( 0.000000000000000, 1.00000000000000, 0.000000000000000 ) );
#9824 = DIRECTION( '', ( 0.000000000000000, 0.692869494514993, -0.721063009431587 ) );
#9825 = DIRECTION( '', ( 0.000000000000000, -0.692869494514993, 0.721063009431587 ) );
#9826 = DIRECTION( '', ( -0.000000000000000, -0.000000000000000, -1.00000000000000 ) );
#9827 = DIRECTION( '', ( 0.000000000000000, -1.00000000000000, -0.000000000000000 ) );
#9828 = DIRECTION( '', ( -0.000000000000000, -0.000000000000000, -1.00000000000000 ) );
#9829 = DIRECTION( '', ( 0.000000000000000, 1.00000000000000, 1.76384813640513E-17 ) );
#9830 = DIRECTION( '', ( -1.00000000000000, 0.000000000000000, 0.000000000000000 ) );
#9831 = DIRECTION( '', ( 0.000000000000000, 0.000000000000000, -1.00000000000000 ) );
#9832 = DIRECTION( '', ( 0.000000000000000, 1.00000000000000, 0.000000000000000 ) );
#9833 = DIRECTION( '', ( 0.000000000000000, 0.000000000000000, 1.00000000000000 ) );
#9834 = DIRECTION( '', ( 0.000000000000000, -1.00000000000000, 0.000000000000000 ) );
#9835 = DIRECTION( '', ( -1.00000000000000, 0.000000000000000, 0.000000000000000 ) );
#9836 = DIRECTION( '', ( -1.00000000000000, 0.000000000000000, 0.000000000000000 ) );
#9837 = DIRECTION( '', ( -1.00000000000000, 0.000000000000000, 0.000000000000000 ) );
#9838 = DIRECTION( '', ( -1.00000000000000, 0.000000000000000, 0.000000000000000 ) );
#9839 = DIRECTION( '', ( 0.000000000000000, -1.00000000000000, 0.000000000000000 ) );
#9840 = DIRECTION( '', ( -1.00000000000000, 0.000000000000000, 0.000000000000000 ) );
#9841 = DIRECTION( '', ( -1.00000000000000, 0.000000000000000, 0.000000000000000 ) );
#9842 = DIRECTION( '', ( -1.00000000000000, 0.000000000000000, 0.000000000000000 ) );
#9843 = DIRECTION( '', ( 0.000000000000000, 1.00000000000000, 0.000000000000000 ) );
#9844 = DIRECTION( '', ( -0.000000000000000, -0.000000000000000, -1.00000000000000 ) );
#9845 = DIRECTION( '', ( -1.00000000000000, 0.000000000000000, 0.000000000000000 ) );
#9846 = DIRECTION( '', ( 0.000000000000000, -1.00000000000000, -0.000000000000000 ) );
#9847 = DIRECTION( '', ( 0.447213595500197, -0.774596669241404, 0.447213595499856 ) );
#9848 = DIRECTION( '', ( 0.000000000000000, -0.829436927105293, 0.558600379479041 ) );
#9849 = DIRECTION( '', ( -1.00000000000000, 0.000000000000000, 0.000000000000000 ) );
#9850 = DIRECTION( '', ( 0.000000000000000, -1.00000000000000, 0.000000000000000 ) );
#9851 = DIRECTION( '', ( -0.447213595500198, 0.774596669241403, 0.447213595499856 ) );
#9852 = DIRECTION( '', ( 0.000000000000000, 0.000000000000000, 1.00000000000000 ) );
#9853 = DIRECTION( '', ( 0.000000000000000, 1.00000000000000, 0.000000000000000 ) );
ENDSEC;
END-ISO-10303-21;
