ISO-10303-21;
HEADER;
/* Generated by software containing ST-Developer
 * from STEP Tools, Inc. (www.steptools.com) 
 */

FILE_DESCRIPTION(
/* description */ (''),
/* implementation_level */ '2;1');

FILE_NAME(
/* name */ 
'X:/TA/nanoLogger/lib/nanoLogger.pretty/3D models/FTSH-105-01-F-DV-K.s
tep',
/* time_stamp */ '2021-09-10T12:00:16+02:00',
/* author */ (''),
/* organization */ (''),
/* preprocessor_version */ 'ST-DEVELOPER v18.1',
/* originating_system */ 'Autodesk Translation Framework v10.10.0.1391',

/* authorisation */ '');

FILE_SCHEMA (('AUTOMOTIVE_DESIGN { 1 0 10303 214 3 1 1 }'));
ENDSEC;

DATA;
#10=MECHANICAL_DESIGN_GEOMETRIC_PRESENTATION_REPRESENTATION('',(#4632,#4633,
#4634,#4635,#4636,#4637,#4638,#4639,#4640,#4641,#4642,#4643,#4644,#4645,
#4646,#4647,#4648,#4649,#4650,#4651,#4652,#4653,#4654,#4655,#4656,#4657,
#4658,#4659,#4660,#4661,#4662,#4663,#4664,#4665,#4666,#4667,#4668,#4669,
#4670,#4671,#4672,#4673,#4674,#4675,#4676,#4677,#4678,#4679,#4680,#4681,
#4682,#4683,#4684,#4685,#4686,#4687,#4688,#4689,#4690,#4691,#4692,#4693,
#4694,#4695,#4696,#4697,#4698,#4699,#4700,#4701,#4702,#4703,#4704,#4705,
#4706,#4707,#4708,#4709,#4710,#4711,#4712,#4713,#4714,#4715,#4716,#4717,
#4718,#4719,#4720,#4721,#4722,#4723,#4724,#4725,#4726,#4727,#4728,#4729,
#4730,#4731,#4732,#4733,#4734,#4735,#4736,#4737,#4738,#4739,#4740,#4741,
#4742,#4743,#4744,#4745,#4746,#4747,#4748,#4749,#4750,#4751,#4752,#4753,
#4754,#4755,#4756,#4757,#4758,#4759,#4760,#4761,#4762,#4763,#4764,#4765,
#4766,#4767,#4768,#4769,#4770,#4771,#4772,#4773,#4774,#4775,#4776,#4777,
#4778,#4779,#4780,#4781,#4782,#4783,#4784,#4785,#4786,#4787,#4788,#4789,
#4790,#4791,#4792,#4793,#4794,#4795,#4796,#4797,#4798,#4799,#4800,#4801,
#4802,#4803,#4804,#4805,#4806,#4807,#4808,#4809,#4810,#4811,#4812,#4813,
#4814,#4815,#4816,#4817,#4818,#4819,#4820,#4821,#4822,#4823,#4824,#4825,
#4826,#4827,#4828,#4829,#4830,#4831,#4832,#4833,#4834,#4835,#4836,#4837,
#4838,#4839,#4840,#4841,#4842,#4843,#4844,#4845,#4846,#4847,#4848,#4849,
#4850,#4851,#4852,#4853,#4854,#4855,#4856,#4857,#4858,#4859,#4860,#4861,
#4862,#4863,#4864,#4865,#4866,#4867,#4868,#4869,#4870,#4871,#4872,#4873,
#4874,#4875,#4876,#4877,#4878,#4879,#4880,#4881,#4882,#4883,#4884,#4885,
#4886),#8057);
#11=ITEM_DEFINED_TRANSFORMATION($,$,#5177,#5452);
#12=ITEM_DEFINED_TRANSFORMATION($,$,#5268,#5453);
#13=ITEM_DEFINED_TRANSFORMATION($,$,#5360,#5454);
#14=(
REPRESENTATION_RELATIONSHIP($,$,#8077,#8076)
REPRESENTATION_RELATIONSHIP_WITH_TRANSFORMATION(#11)
SHAPE_REPRESENTATION_RELATIONSHIP()
);
#15=(
REPRESENTATION_RELATIONSHIP($,$,#8078,#8076)
REPRESENTATION_RELATIONSHIP_WITH_TRANSFORMATION(#12)
SHAPE_REPRESENTATION_RELATIONSHIP()
);
#16=(
REPRESENTATION_RELATIONSHIP($,$,#8079,#8076)
REPRESENTATION_RELATIONSHIP_WITH_TRANSFORMATION(#13)
SHAPE_REPRESENTATION_RELATIONSHIP()
);
#17=CONTEXT_DEPENDENT_SHAPE_REPRESENTATION(#14,#8073);
#18=CONTEXT_DEPENDENT_SHAPE_REPRESENTATION(#15,#8074);
#19=CONTEXT_DEPENDENT_SHAPE_REPRESENTATION(#16,#8075);
#20=NEXT_ASSEMBLY_USAGE_OCCURRENCE('_FTSH-105-01-F-DV-K_body:1',
'_FTSH-105-01-F-DV-K_body:1','_FTSH-105-01-F-DV-K_body:1',#8081,#8082,
'_FTSH-105-01-F-DV-K_body:1');
#21=NEXT_ASSEMBLY_USAGE_OCCURRENCE('_FTSH-105-01-F-DV-K_pins1:1',
'_FTSH-105-01-F-DV-K_pins1:1','_FTSH-105-01-F-DV-K_pins1:1',#8081,#8083,
'_FTSH-105-01-F-DV-K_pins1:1');
#22=NEXT_ASSEMBLY_USAGE_OCCURRENCE('_FTSH-105-01-F-DV-K_pins2:1',
'_FTSH-105-01-F-DV-K_pins2:1','_FTSH-105-01-F-DV-K_pins2:1',#8081,#8084,
'_FTSH-105-01-F-DV-K_pins2:1');
#23=CYLINDRICAL_SURFACE('',#5377,0.025);
#24=CYLINDRICAL_SURFACE('',#5380,0.025);
#25=CYLINDRICAL_SURFACE('',#5384,0.025);
#26=CYLINDRICAL_SURFACE('',#5389,0.025);
#27=CYLINDRICAL_SURFACE('',#5392,0.025);
#28=CYLINDRICAL_SURFACE('',#5425,0.025);
#29=CYLINDRICAL_SURFACE('',#5431,0.025);
#30=CYLINDRICAL_SURFACE('',#5437,0.025);
#31=CYLINDRICAL_SURFACE('',#5438,0.025);
#32=CYLINDRICAL_SURFACE('',#5439,0.025);
#33=CIRCLE('',#5362,0.025);
#34=CIRCLE('',#5364,0.025);
#35=CIRCLE('',#5366,0.025);
#36=CIRCLE('',#5368,0.025);
#37=CIRCLE('',#5378,0.025);
#38=CIRCLE('',#5379,0.025);
#39=CIRCLE('',#5381,0.025);
#40=CIRCLE('',#5382,0.025);
#41=CIRCLE('',#5385,0.025);
#42=CIRCLE('',#5386,0.025);
#43=CIRCLE('',#5390,0.025);
#44=CIRCLE('',#5393,0.025);
#45=CIRCLE('',#5394,0.025);
#46=CIRCLE('',#5405,0.025);
#47=CIRCLE('',#5407,0.025);
#48=CIRCLE('',#5409,0.025);
#49=CIRCLE('',#5411,0.025);
#50=CIRCLE('',#5417,0.025);
#51=CIRCLE('',#5419,0.025);
#52=CIRCLE('',#5426,0.025);
#53=SHAPE_REPRESENTATION_RELATIONSHIP('SRR','None',#8077,#56);
#54=SHAPE_REPRESENTATION_RELATIONSHIP('SRR','None',#8078,#57);
#55=SHAPE_REPRESENTATION_RELATIONSHIP('SRR','None',#8079,#58);
#56=ADVANCED_BREP_SHAPE_REPRESENTATION('',(#59),#8054);
#57=ADVANCED_BREP_SHAPE_REPRESENTATION('',(#60),#8055);
#58=ADVANCED_BREP_SHAPE_REPRESENTATION('',(#61),#8056);
#59=MANIFOLD_SOLID_BREP('K\X\F6rper1',#5139);
#60=MANIFOLD_SOLID_BREP('K\X\F6rper1',#5140);
#61=MANIFOLD_SOLID_BREP('K\X\F6rper1',#5141);
#62=FACE_BOUND('',#329,.T.);
#63=FACE_BOUND('',#330,.T.);
#64=FACE_BOUND('',#331,.T.);
#65=FACE_BOUND('',#332,.T.);
#66=FACE_BOUND('',#333,.T.);
#67=FACE_BOUND('',#334,.T.);
#68=FACE_BOUND('',#335,.T.);
#69=FACE_BOUND('',#336,.T.);
#70=FACE_BOUND('',#337,.T.);
#71=FACE_BOUND('',#338,.T.);
#72=FACE_BOUND('',#340,.T.);
#73=FACE_BOUND('',#341,.T.);
#74=FACE_BOUND('',#342,.T.);
#75=FACE_BOUND('',#343,.T.);
#76=FACE_OUTER_BOUND('',#328,.T.);
#77=FACE_OUTER_BOUND('',#339,.T.);
#78=FACE_OUTER_BOUND('',#344,.T.);
#79=FACE_OUTER_BOUND('',#345,.T.);
#80=FACE_OUTER_BOUND('',#346,.T.);
#81=FACE_OUTER_BOUND('',#347,.T.);
#82=FACE_OUTER_BOUND('',#348,.T.);
#83=FACE_OUTER_BOUND('',#349,.T.);
#84=FACE_OUTER_BOUND('',#350,.T.);
#85=FACE_OUTER_BOUND('',#351,.T.);
#86=FACE_OUTER_BOUND('',#352,.T.);
#87=FACE_OUTER_BOUND('',#353,.T.);
#88=FACE_OUTER_BOUND('',#354,.T.);
#89=FACE_OUTER_BOUND('',#355,.T.);
#90=FACE_OUTER_BOUND('',#356,.T.);
#91=FACE_OUTER_BOUND('',#357,.T.);
#92=FACE_OUTER_BOUND('',#358,.T.);
#93=FACE_OUTER_BOUND('',#359,.T.);
#94=FACE_OUTER_BOUND('',#360,.T.);
#95=FACE_OUTER_BOUND('',#361,.T.);
#96=FACE_OUTER_BOUND('',#362,.T.);
#97=FACE_OUTER_BOUND('',#363,.T.);
#98=FACE_OUTER_BOUND('',#364,.T.);
#99=FACE_OUTER_BOUND('',#365,.T.);
#100=FACE_OUTER_BOUND('',#366,.T.);
#101=FACE_OUTER_BOUND('',#367,.T.);
#102=FACE_OUTER_BOUND('',#368,.T.);
#103=FACE_OUTER_BOUND('',#369,.T.);
#104=FACE_OUTER_BOUND('',#370,.T.);
#105=FACE_OUTER_BOUND('',#371,.T.);
#106=FACE_OUTER_BOUND('',#372,.T.);
#107=FACE_OUTER_BOUND('',#373,.T.);
#108=FACE_OUTER_BOUND('',#374,.T.);
#109=FACE_OUTER_BOUND('',#375,.T.);
#110=FACE_OUTER_BOUND('',#376,.T.);
#111=FACE_OUTER_BOUND('',#377,.T.);
#112=FACE_OUTER_BOUND('',#378,.T.);
#113=FACE_OUTER_BOUND('',#379,.T.);
#114=FACE_OUTER_BOUND('',#380,.T.);
#115=FACE_OUTER_BOUND('',#381,.T.);
#116=FACE_OUTER_BOUND('',#382,.T.);
#117=FACE_OUTER_BOUND('',#383,.T.);
#118=FACE_OUTER_BOUND('',#384,.T.);
#119=FACE_OUTER_BOUND('',#385,.T.);
#120=FACE_OUTER_BOUND('',#386,.T.);
#121=FACE_OUTER_BOUND('',#387,.T.);
#122=FACE_OUTER_BOUND('',#388,.T.);
#123=FACE_OUTER_BOUND('',#389,.T.);
#124=FACE_OUTER_BOUND('',#390,.T.);
#125=FACE_OUTER_BOUND('',#391,.T.);
#126=FACE_OUTER_BOUND('',#392,.T.);
#127=FACE_OUTER_BOUND('',#393,.T.);
#128=FACE_OUTER_BOUND('',#394,.T.);
#129=FACE_OUTER_BOUND('',#395,.T.);
#130=FACE_OUTER_BOUND('',#396,.T.);
#131=FACE_OUTER_BOUND('',#397,.T.);
#132=FACE_OUTER_BOUND('',#398,.T.);
#133=FACE_OUTER_BOUND('',#399,.T.);
#134=FACE_OUTER_BOUND('',#400,.T.);
#135=FACE_OUTER_BOUND('',#401,.T.);
#136=FACE_OUTER_BOUND('',#402,.T.);
#137=FACE_OUTER_BOUND('',#403,.T.);
#138=FACE_OUTER_BOUND('',#404,.T.);
#139=FACE_OUTER_BOUND('',#405,.T.);
#140=FACE_OUTER_BOUND('',#406,.T.);
#141=FACE_OUTER_BOUND('',#407,.T.);
#142=FACE_OUTER_BOUND('',#408,.T.);
#143=FACE_OUTER_BOUND('',#409,.T.);
#144=FACE_OUTER_BOUND('',#410,.T.);
#145=FACE_OUTER_BOUND('',#411,.T.);
#146=FACE_OUTER_BOUND('',#412,.T.);
#147=FACE_OUTER_BOUND('',#413,.T.);
#148=FACE_OUTER_BOUND('',#414,.T.);
#149=FACE_OUTER_BOUND('',#415,.T.);
#150=FACE_OUTER_BOUND('',#416,.T.);
#151=FACE_OUTER_BOUND('',#417,.T.);
#152=FACE_OUTER_BOUND('',#418,.T.);
#153=FACE_OUTER_BOUND('',#419,.T.);
#154=FACE_OUTER_BOUND('',#420,.T.);
#155=FACE_OUTER_BOUND('',#421,.T.);
#156=FACE_OUTER_BOUND('',#422,.T.);
#157=FACE_OUTER_BOUND('',#423,.T.);
#158=FACE_OUTER_BOUND('',#424,.T.);
#159=FACE_OUTER_BOUND('',#425,.T.);
#160=FACE_OUTER_BOUND('',#426,.T.);
#161=FACE_OUTER_BOUND('',#427,.T.);
#162=FACE_OUTER_BOUND('',#428,.T.);
#163=FACE_OUTER_BOUND('',#429,.T.);
#164=FACE_OUTER_BOUND('',#430,.T.);
#165=FACE_OUTER_BOUND('',#431,.T.);
#166=FACE_OUTER_BOUND('',#432,.T.);
#167=FACE_OUTER_BOUND('',#433,.T.);
#168=FACE_OUTER_BOUND('',#434,.T.);
#169=FACE_OUTER_BOUND('',#435,.T.);
#170=FACE_OUTER_BOUND('',#436,.T.);
#171=FACE_OUTER_BOUND('',#437,.T.);
#172=FACE_OUTER_BOUND('',#438,.T.);
#173=FACE_OUTER_BOUND('',#439,.T.);
#174=FACE_OUTER_BOUND('',#440,.T.);
#175=FACE_OUTER_BOUND('',#441,.T.);
#176=FACE_OUTER_BOUND('',#442,.T.);
#177=FACE_OUTER_BOUND('',#443,.T.);
#178=FACE_OUTER_BOUND('',#444,.T.);
#179=FACE_OUTER_BOUND('',#445,.T.);
#180=FACE_OUTER_BOUND('',#446,.T.);
#181=FACE_OUTER_BOUND('',#447,.T.);
#182=FACE_OUTER_BOUND('',#448,.T.);
#183=FACE_OUTER_BOUND('',#449,.T.);
#184=FACE_OUTER_BOUND('',#450,.T.);
#185=FACE_OUTER_BOUND('',#451,.T.);
#186=FACE_OUTER_BOUND('',#452,.T.);
#187=FACE_OUTER_BOUND('',#453,.T.);
#188=FACE_OUTER_BOUND('',#454,.T.);
#189=FACE_OUTER_BOUND('',#455,.T.);
#190=FACE_OUTER_BOUND('',#456,.T.);
#191=FACE_OUTER_BOUND('',#457,.T.);
#192=FACE_OUTER_BOUND('',#458,.T.);
#193=FACE_OUTER_BOUND('',#459,.T.);
#194=FACE_OUTER_BOUND('',#460,.T.);
#195=FACE_OUTER_BOUND('',#461,.T.);
#196=FACE_OUTER_BOUND('',#462,.T.);
#197=FACE_OUTER_BOUND('',#463,.T.);
#198=FACE_OUTER_BOUND('',#464,.T.);
#199=FACE_OUTER_BOUND('',#465,.T.);
#200=FACE_OUTER_BOUND('',#466,.T.);
#201=FACE_OUTER_BOUND('',#467,.T.);
#202=FACE_OUTER_BOUND('',#468,.T.);
#203=FACE_OUTER_BOUND('',#469,.T.);
#204=FACE_OUTER_BOUND('',#470,.T.);
#205=FACE_OUTER_BOUND('',#471,.T.);
#206=FACE_OUTER_BOUND('',#472,.T.);
#207=FACE_OUTER_BOUND('',#473,.T.);
#208=FACE_OUTER_BOUND('',#474,.T.);
#209=FACE_OUTER_BOUND('',#475,.T.);
#210=FACE_OUTER_BOUND('',#476,.T.);
#211=FACE_OUTER_BOUND('',#477,.T.);
#212=FACE_OUTER_BOUND('',#478,.T.);
#213=FACE_OUTER_BOUND('',#479,.T.);
#214=FACE_OUTER_BOUND('',#480,.T.);
#215=FACE_OUTER_BOUND('',#481,.T.);
#216=FACE_OUTER_BOUND('',#482,.T.);
#217=FACE_OUTER_BOUND('',#483,.T.);
#218=FACE_OUTER_BOUND('',#484,.T.);
#219=FACE_OUTER_BOUND('',#485,.T.);
#220=FACE_OUTER_BOUND('',#486,.T.);
#221=FACE_OUTER_BOUND('',#487,.T.);
#222=FACE_OUTER_BOUND('',#488,.T.);
#223=FACE_OUTER_BOUND('',#489,.T.);
#224=FACE_OUTER_BOUND('',#490,.T.);
#225=FACE_OUTER_BOUND('',#491,.T.);
#226=FACE_OUTER_BOUND('',#492,.T.);
#227=FACE_OUTER_BOUND('',#493,.T.);
#228=FACE_OUTER_BOUND('',#494,.T.);
#229=FACE_OUTER_BOUND('',#495,.T.);
#230=FACE_OUTER_BOUND('',#496,.T.);
#231=FACE_OUTER_BOUND('',#497,.T.);
#232=FACE_OUTER_BOUND('',#498,.T.);
#233=FACE_OUTER_BOUND('',#499,.T.);
#234=FACE_OUTER_BOUND('',#500,.T.);
#235=FACE_OUTER_BOUND('',#501,.T.);
#236=FACE_OUTER_BOUND('',#502,.T.);
#237=FACE_OUTER_BOUND('',#503,.T.);
#238=FACE_OUTER_BOUND('',#504,.T.);
#239=FACE_OUTER_BOUND('',#505,.T.);
#240=FACE_OUTER_BOUND('',#506,.T.);
#241=FACE_OUTER_BOUND('',#507,.T.);
#242=FACE_OUTER_BOUND('',#508,.T.);
#243=FACE_OUTER_BOUND('',#509,.T.);
#244=FACE_OUTER_BOUND('',#510,.T.);
#245=FACE_OUTER_BOUND('',#511,.T.);
#246=FACE_OUTER_BOUND('',#512,.T.);
#247=FACE_OUTER_BOUND('',#513,.T.);
#248=FACE_OUTER_BOUND('',#514,.T.);
#249=FACE_OUTER_BOUND('',#515,.T.);
#250=FACE_OUTER_BOUND('',#516,.T.);
#251=FACE_OUTER_BOUND('',#517,.T.);
#252=FACE_OUTER_BOUND('',#518,.T.);
#253=FACE_OUTER_BOUND('',#519,.T.);
#254=FACE_OUTER_BOUND('',#520,.T.);
#255=FACE_OUTER_BOUND('',#521,.T.);
#256=FACE_OUTER_BOUND('',#522,.T.);
#257=FACE_OUTER_BOUND('',#523,.T.);
#258=FACE_OUTER_BOUND('',#524,.T.);
#259=FACE_OUTER_BOUND('',#525,.T.);
#260=FACE_OUTER_BOUND('',#526,.T.);
#261=FACE_OUTER_BOUND('',#527,.T.);
#262=FACE_OUTER_BOUND('',#528,.T.);
#263=FACE_OUTER_BOUND('',#529,.T.);
#264=FACE_OUTER_BOUND('',#530,.T.);
#265=FACE_OUTER_BOUND('',#531,.T.);
#266=FACE_OUTER_BOUND('',#532,.T.);
#267=FACE_OUTER_BOUND('',#533,.T.);
#268=FACE_OUTER_BOUND('',#534,.T.);
#269=FACE_OUTER_BOUND('',#535,.T.);
#270=FACE_OUTER_BOUND('',#536,.T.);
#271=FACE_OUTER_BOUND('',#537,.T.);
#272=FACE_OUTER_BOUND('',#538,.T.);
#273=FACE_OUTER_BOUND('',#539,.T.);
#274=FACE_OUTER_BOUND('',#540,.T.);
#275=FACE_OUTER_BOUND('',#541,.T.);
#276=FACE_OUTER_BOUND('',#542,.T.);
#277=FACE_OUTER_BOUND('',#543,.T.);
#278=FACE_OUTER_BOUND('',#544,.T.);
#279=FACE_OUTER_BOUND('',#545,.T.);
#280=FACE_OUTER_BOUND('',#546,.T.);
#281=FACE_OUTER_BOUND('',#547,.T.);
#282=FACE_OUTER_BOUND('',#548,.T.);
#283=FACE_OUTER_BOUND('',#549,.T.);
#284=FACE_OUTER_BOUND('',#550,.T.);
#285=FACE_OUTER_BOUND('',#551,.T.);
#286=FACE_OUTER_BOUND('',#552,.T.);
#287=FACE_OUTER_BOUND('',#553,.T.);
#288=FACE_OUTER_BOUND('',#554,.T.);
#289=FACE_OUTER_BOUND('',#555,.T.);
#290=FACE_OUTER_BOUND('',#556,.T.);
#291=FACE_OUTER_BOUND('',#557,.T.);
#292=FACE_OUTER_BOUND('',#558,.T.);
#293=FACE_OUTER_BOUND('',#559,.T.);
#294=FACE_OUTER_BOUND('',#560,.T.);
#295=FACE_OUTER_BOUND('',#561,.T.);
#296=FACE_OUTER_BOUND('',#562,.T.);
#297=FACE_OUTER_BOUND('',#563,.T.);
#298=FACE_OUTER_BOUND('',#564,.T.);
#299=FACE_OUTER_BOUND('',#565,.T.);
#300=FACE_OUTER_BOUND('',#566,.T.);
#301=FACE_OUTER_BOUND('',#567,.T.);
#302=FACE_OUTER_BOUND('',#568,.T.);
#303=FACE_OUTER_BOUND('',#569,.T.);
#304=FACE_OUTER_BOUND('',#570,.T.);
#305=FACE_OUTER_BOUND('',#571,.T.);
#306=FACE_OUTER_BOUND('',#572,.T.);
#307=FACE_OUTER_BOUND('',#573,.T.);
#308=FACE_OUTER_BOUND('',#574,.T.);
#309=FACE_OUTER_BOUND('',#575,.T.);
#310=FACE_OUTER_BOUND('',#576,.T.);
#311=FACE_OUTER_BOUND('',#577,.T.);
#312=FACE_OUTER_BOUND('',#578,.T.);
#313=FACE_OUTER_BOUND('',#579,.T.);
#314=FACE_OUTER_BOUND('',#580,.T.);
#315=FACE_OUTER_BOUND('',#581,.T.);
#316=FACE_OUTER_BOUND('',#582,.T.);
#317=FACE_OUTER_BOUND('',#583,.T.);
#318=FACE_OUTER_BOUND('',#584,.T.);
#319=FACE_OUTER_BOUND('',#585,.T.);
#320=FACE_OUTER_BOUND('',#586,.T.);
#321=FACE_OUTER_BOUND('',#587,.T.);
#322=FACE_OUTER_BOUND('',#588,.T.);
#323=FACE_OUTER_BOUND('',#589,.T.);
#324=FACE_OUTER_BOUND('',#590,.T.);
#325=FACE_OUTER_BOUND('',#591,.T.);
#326=FACE_OUTER_BOUND('',#592,.T.);
#327=FACE_OUTER_BOUND('',#593,.T.);
#328=EDGE_LOOP('',(#3030,#3031,#3032,#3033,#3034,#3035,#3036,#3037,#3038,
#3039,#3040,#3041));
#329=EDGE_LOOP('',(#3042,#3043,#3044,#3045));
#330=EDGE_LOOP('',(#3046,#3047,#3048,#3049));
#331=EDGE_LOOP('',(#3050,#3051,#3052,#3053));
#332=EDGE_LOOP('',(#3054,#3055,#3056,#3057));
#333=EDGE_LOOP('',(#3058,#3059,#3060,#3061));
#334=EDGE_LOOP('',(#3062,#3063,#3064,#3065));
#335=EDGE_LOOP('',(#3066,#3067,#3068,#3069));
#336=EDGE_LOOP('',(#3070,#3071,#3072,#3073));
#337=EDGE_LOOP('',(#3074,#3075,#3076,#3077));
#338=EDGE_LOOP('',(#3078,#3079,#3080,#3081));
#339=EDGE_LOOP('',(#3082,#3083,#3084,#3085,#3086,#3087,#3088,#3089,#3090,
#3091,#3092,#3093));
#340=EDGE_LOOP('',(#3094,#3095,#3096,#3097));
#341=EDGE_LOOP('',(#3098,#3099,#3100,#3101));
#342=EDGE_LOOP('',(#3102,#3103,#3104,#3105));
#343=EDGE_LOOP('',(#3106,#3107,#3108,#3109));
#344=EDGE_LOOP('',(#3110,#3111,#3112,#3113));
#345=EDGE_LOOP('',(#3114,#3115,#3116,#3117,#3118,#3119,#3120,#3121,#3122,
#3123));
#346=EDGE_LOOP('',(#3124,#3125,#3126,#3127,#3128));
#347=EDGE_LOOP('',(#3129,#3130,#3131,#3132,#3133,#3134));
#348=EDGE_LOOP('',(#3135,#3136,#3137,#3138));
#349=EDGE_LOOP('',(#3139,#3140,#3141,#3142,#3143,#3144));
#350=EDGE_LOOP('',(#3145,#3146,#3147,#3148,#3149,#3150));
#351=EDGE_LOOP('',(#3151,#3152,#3153,#3154,#3155,#3156));
#352=EDGE_LOOP('',(#3157,#3158,#3159,#3160));
#353=EDGE_LOOP('',(#3161,#3162,#3163,#3164));
#354=EDGE_LOOP('',(#3165,#3166,#3167,#3168));
#355=EDGE_LOOP('',(#3169,#3170,#3171,#3172));
#356=EDGE_LOOP('',(#3173,#3174,#3175,#3176));
#357=EDGE_LOOP('',(#3177,#3178,#3179,#3180));
#358=EDGE_LOOP('',(#3181,#3182,#3183,#3184,#3185,#3186,#3187));
#359=EDGE_LOOP('',(#3188,#3189,#3190,#3191));
#360=EDGE_LOOP('',(#3192,#3193,#3194,#3195,#3196,#3197,#3198));
#361=EDGE_LOOP('',(#3199,#3200,#3201,#3202));
#362=EDGE_LOOP('',(#3203,#3204,#3205,#3206));
#363=EDGE_LOOP('',(#3207,#3208,#3209,#3210,#3211,#3212));
#364=EDGE_LOOP('',(#3213,#3214,#3215,#3216,#3217,#3218));
#365=EDGE_LOOP('',(#3219,#3220,#3221,#3222,#3223,#3224));
#366=EDGE_LOOP('',(#3225,#3226,#3227,#3228));
#367=EDGE_LOOP('',(#3229,#3230,#3231,#3232,#3233,#3234));
#368=EDGE_LOOP('',(#3235,#3236,#3237,#3238));
#369=EDGE_LOOP('',(#3239,#3240,#3241,#3242,#3243,#3244,#3245,#3246,#3247,
#3248,#3249,#3250));
#370=EDGE_LOOP('',(#3251,#3252,#3253,#3254));
#371=EDGE_LOOP('',(#3255,#3256,#3257,#3258,#3259,#3260,#3261,#3262,#3263,
#3264,#3265,#3266));
#372=EDGE_LOOP('',(#3267,#3268,#3269,#3270));
#373=EDGE_LOOP('',(#3271,#3272,#3273,#3274));
#374=EDGE_LOOP('',(#3275,#3276,#3277,#3278));
#375=EDGE_LOOP('',(#3279,#3280,#3281,#3282));
#376=EDGE_LOOP('',(#3283,#3284,#3285,#3286));
#377=EDGE_LOOP('',(#3287,#3288,#3289,#3290));
#378=EDGE_LOOP('',(#3291,#3292,#3293,#3294));
#379=EDGE_LOOP('',(#3295,#3296,#3297,#3298));
#380=EDGE_LOOP('',(#3299,#3300,#3301,#3302));
#381=EDGE_LOOP('',(#3303,#3304,#3305,#3306));
#382=EDGE_LOOP('',(#3307,#3308,#3309,#3310));
#383=EDGE_LOOP('',(#3311,#3312,#3313,#3314));
#384=EDGE_LOOP('',(#3315,#3316,#3317,#3318));
#385=EDGE_LOOP('',(#3319,#3320,#3321,#3322));
#386=EDGE_LOOP('',(#3323,#3324,#3325,#3326));
#387=EDGE_LOOP('',(#3327,#3328,#3329,#3330));
#388=EDGE_LOOP('',(#3331,#3332,#3333,#3334));
#389=EDGE_LOOP('',(#3335,#3336,#3337,#3338));
#390=EDGE_LOOP('',(#3339,#3340,#3341,#3342));
#391=EDGE_LOOP('',(#3343,#3344,#3345,#3346));
#392=EDGE_LOOP('',(#3347,#3348,#3349,#3350));
#393=EDGE_LOOP('',(#3351,#3352,#3353,#3354));
#394=EDGE_LOOP('',(#3355,#3356,#3357,#3358));
#395=EDGE_LOOP('',(#3359,#3360,#3361,#3362));
#396=EDGE_LOOP('',(#3363,#3364,#3365,#3366));
#397=EDGE_LOOP('',(#3367,#3368,#3369,#3370));
#398=EDGE_LOOP('',(#3371,#3372,#3373,#3374));
#399=EDGE_LOOP('',(#3375,#3376,#3377,#3378));
#400=EDGE_LOOP('',(#3379,#3380,#3381,#3382));
#401=EDGE_LOOP('',(#3383,#3384,#3385,#3386));
#402=EDGE_LOOP('',(#3387,#3388,#3389,#3390));
#403=EDGE_LOOP('',(#3391,#3392,#3393,#3394));
#404=EDGE_LOOP('',(#3395,#3396,#3397,#3398));
#405=EDGE_LOOP('',(#3399,#3400,#3401,#3402,#3403,#3404));
#406=EDGE_LOOP('',(#3405,#3406,#3407,#3408));
#407=EDGE_LOOP('',(#3409,#3410,#3411,#3412));
#408=EDGE_LOOP('',(#3413,#3414,#3415,#3416,#3417,#3418));
#409=EDGE_LOOP('',(#3419,#3420,#3421,#3422,#3423,#3424));
#410=EDGE_LOOP('',(#3425,#3426,#3427,#3428,#3429,#3430));
#411=EDGE_LOOP('',(#3431,#3432,#3433,#3434));
#412=EDGE_LOOP('',(#3435,#3436,#3437,#3438));
#413=EDGE_LOOP('',(#3439,#3440,#3441,#3442));
#414=EDGE_LOOP('',(#3443,#3444,#3445,#3446));
#415=EDGE_LOOP('',(#3447,#3448,#3449,#3450));
#416=EDGE_LOOP('',(#3451,#3452,#3453,#3454));
#417=EDGE_LOOP('',(#3455,#3456,#3457,#3458));
#418=EDGE_LOOP('',(#3459,#3460,#3461,#3462));
#419=EDGE_LOOP('',(#3463,#3464,#3465,#3466));
#420=EDGE_LOOP('',(#3467,#3468,#3469,#3470));
#421=EDGE_LOOP('',(#3471,#3472,#3473,#3474,#3475,#3476,#3477));
#422=EDGE_LOOP('',(#3478,#3479,#3480,#3481,#3482,#3483,#3484));
#423=EDGE_LOOP('',(#3485,#3486,#3487,#3488));
#424=EDGE_LOOP('',(#3489,#3490,#3491,#3492));
#425=EDGE_LOOP('',(#3493,#3494,#3495,#3496,#3497));
#426=EDGE_LOOP('',(#3498,#3499,#3500,#3501));
#427=EDGE_LOOP('',(#3502,#3503,#3504,#3505));
#428=EDGE_LOOP('',(#3506,#3507,#3508,#3509));
#429=EDGE_LOOP('',(#3510,#3511,#3512,#3513));
#430=EDGE_LOOP('',(#3514,#3515,#3516,#3517));
#431=EDGE_LOOP('',(#3518,#3519,#3520,#3521));
#432=EDGE_LOOP('',(#3522,#3523,#3524,#3525));
#433=EDGE_LOOP('',(#3526,#3527,#3528,#3529));
#434=EDGE_LOOP('',(#3530,#3531,#3532,#3533));
#435=EDGE_LOOP('',(#3534,#3535,#3536,#3537));
#436=EDGE_LOOP('',(#3538,#3539,#3540,#3541));
#437=EDGE_LOOP('',(#3542,#3543,#3544,#3545));
#438=EDGE_LOOP('',(#3546,#3547,#3548,#3549));
#439=EDGE_LOOP('',(#3550,#3551,#3552,#3553,#3554,#3555,#3556,#3557,#3558,
#3559,#3560,#3561,#3562,#3563,#3564,#3565,#3566,#3567,#3568,#3569));
#440=EDGE_LOOP('',(#3570,#3571,#3572,#3573));
#441=EDGE_LOOP('',(#3574,#3575,#3576,#3577));
#442=EDGE_LOOP('',(#3578,#3579,#3580,#3581));
#443=EDGE_LOOP('',(#3582,#3583,#3584,#3585));
#444=EDGE_LOOP('',(#3586,#3587,#3588,#3589));
#445=EDGE_LOOP('',(#3590,#3591,#3592,#3593));
#446=EDGE_LOOP('',(#3594,#3595,#3596,#3597));
#447=EDGE_LOOP('',(#3598,#3599,#3600,#3601));
#448=EDGE_LOOP('',(#3602,#3603,#3604,#3605));
#449=EDGE_LOOP('',(#3606,#3607,#3608,#3609));
#450=EDGE_LOOP('',(#3610,#3611,#3612,#3613));
#451=EDGE_LOOP('',(#3614,#3615,#3616,#3617));
#452=EDGE_LOOP('',(#3618,#3619,#3620,#3621));
#453=EDGE_LOOP('',(#3622,#3623,#3624,#3625));
#454=EDGE_LOOP('',(#3626,#3627,#3628,#3629,#3630,#3631,#3632,#3633,#3634,
#3635,#3636,#3637,#3638,#3639,#3640,#3641,#3642,#3643,#3644,#3645));
#455=EDGE_LOOP('',(#3646,#3647,#3648,#3649));
#456=EDGE_LOOP('',(#3650,#3651,#3652,#3653,#3654));
#457=EDGE_LOOP('',(#3655,#3656,#3657,#3658,#3659));
#458=EDGE_LOOP('',(#3660,#3661,#3662,#3663,#3664));
#459=EDGE_LOOP('',(#3665,#3666,#3667,#3668,#3669));
#460=EDGE_LOOP('',(#3670,#3671,#3672,#3673,#3674));
#461=EDGE_LOOP('',(#3675,#3676,#3677,#3678));
#462=EDGE_LOOP('',(#3679,#3680,#3681,#3682));
#463=EDGE_LOOP('',(#3683,#3684,#3685,#3686));
#464=EDGE_LOOP('',(#3687,#3688,#3689,#3690));
#465=EDGE_LOOP('',(#3691,#3692,#3693,#3694,#3695));
#466=EDGE_LOOP('',(#3696,#3697,#3698,#3699,#3700));
#467=EDGE_LOOP('',(#3701,#3702,#3703,#3704,#3705));
#468=EDGE_LOOP('',(#3706,#3707,#3708,#3709));
#469=EDGE_LOOP('',(#3710,#3711,#3712,#3713,#3714));
#470=EDGE_LOOP('',(#3715,#3716,#3717,#3718));
#471=EDGE_LOOP('',(#3719,#3720,#3721,#3722));
#472=EDGE_LOOP('',(#3723,#3724,#3725,#3726));
#473=EDGE_LOOP('',(#3727,#3728,#3729,#3730));
#474=EDGE_LOOP('',(#3731,#3732,#3733,#3734));
#475=EDGE_LOOP('',(#3735,#3736,#3737,#3738,#3739,#3740,#3741,#3742,#3743,
#3744,#3745,#3746,#3747,#3748,#3749,#3750,#3751,#3752,#3753,#3754,#3755,
#3756,#3757,#3758,#3759,#3760,#3761,#3762,#3763,#3764,#3765,#3766,#3767,
#3768,#3769,#3770));
#476=EDGE_LOOP('',(#3771,#3772,#3773,#3774));
#477=EDGE_LOOP('',(#3775,#3776,#3777,#3778));
#478=EDGE_LOOP('',(#3779,#3780,#3781,#3782));
#479=EDGE_LOOP('',(#3783,#3784,#3785,#3786,#3787,#3788,#3789,#3790,#3791));
#480=EDGE_LOOP('',(#3792,#3793,#3794,#3795,#3796,#3797,#3798,#3799,#3800));
#481=EDGE_LOOP('',(#3801,#3802,#3803,#3804));
#482=EDGE_LOOP('',(#3805,#3806,#3807,#3808));
#483=EDGE_LOOP('',(#3809,#3810,#3811,#3812));
#484=EDGE_LOOP('',(#3813,#3814,#3815,#3816));
#485=EDGE_LOOP('',(#3817,#3818,#3819,#3820));
#486=EDGE_LOOP('',(#3821,#3822,#3823,#3824));
#487=EDGE_LOOP('',(#3825,#3826,#3827,#3828,#3829));
#488=EDGE_LOOP('',(#3830,#3831,#3832,#3833,#3834));
#489=EDGE_LOOP('',(#3835,#3836,#3837,#3838));
#490=EDGE_LOOP('',(#3839,#3840,#3841,#3842));
#491=EDGE_LOOP('',(#3843,#3844,#3845,#3846));
#492=EDGE_LOOP('',(#3847,#3848,#3849,#3850,#3851));
#493=EDGE_LOOP('',(#3852,#3853,#3854,#3855,#3856));
#494=EDGE_LOOP('',(#3857,#3858,#3859,#3860,#3861));
#495=EDGE_LOOP('',(#3862,#3863,#3864,#3865,#3866));
#496=EDGE_LOOP('',(#3867,#3868,#3869,#3870));
#497=EDGE_LOOP('',(#3871,#3872,#3873,#3874));
#498=EDGE_LOOP('',(#3875,#3876,#3877,#3878));
#499=EDGE_LOOP('',(#3879,#3880,#3881,#3882));
#500=EDGE_LOOP('',(#3883,#3884,#3885,#3886));
#501=EDGE_LOOP('',(#3887,#3888,#3889,#3890));
#502=EDGE_LOOP('',(#3891,#3892,#3893,#3894));
#503=EDGE_LOOP('',(#3895,#3896,#3897,#3898,#3899));
#504=EDGE_LOOP('',(#3900,#3901,#3902,#3903));
#505=EDGE_LOOP('',(#3904,#3905,#3906,#3907));
#506=EDGE_LOOP('',(#3908,#3909,#3910,#3911));
#507=EDGE_LOOP('',(#3912,#3913,#3914,#3915));
#508=EDGE_LOOP('',(#3916,#3917,#3918,#3919));
#509=EDGE_LOOP('',(#3920,#3921,#3922,#3923));
#510=EDGE_LOOP('',(#3924,#3925,#3926,#3927));
#511=EDGE_LOOP('',(#3928,#3929,#3930,#3931));
#512=EDGE_LOOP('',(#3932,#3933,#3934,#3935));
#513=EDGE_LOOP('',(#3936,#3937,#3938,#3939));
#514=EDGE_LOOP('',(#3940,#3941,#3942,#3943));
#515=EDGE_LOOP('',(#3944,#3945,#3946,#3947));
#516=EDGE_LOOP('',(#3948,#3949,#3950,#3951));
#517=EDGE_LOOP('',(#3952,#3953,#3954,#3955));
#518=EDGE_LOOP('',(#3956,#3957,#3958,#3959));
#519=EDGE_LOOP('',(#3960,#3961,#3962,#3963));
#520=EDGE_LOOP('',(#3964,#3965,#3966,#3967));
#521=EDGE_LOOP('',(#3968,#3969,#3970,#3971));
#522=EDGE_LOOP('',(#3972,#3973,#3974,#3975));
#523=EDGE_LOOP('',(#3976,#3977,#3978,#3979,#3980,#3981,#3982));
#524=EDGE_LOOP('',(#3983,#3984,#3985,#3986,#3987,#3988,#3989));
#525=EDGE_LOOP('',(#3990,#3991,#3992,#3993,#3994,#3995,#3996));
#526=EDGE_LOOP('',(#3997,#3998,#3999,#4000,#4001,#4002,#4003));
#527=EDGE_LOOP('',(#4004,#4005,#4006,#4007));
#528=EDGE_LOOP('',(#4008,#4009,#4010,#4011));
#529=EDGE_LOOP('',(#4012,#4013,#4014,#4015));
#530=EDGE_LOOP('',(#4016,#4017,#4018,#4019));
#531=EDGE_LOOP('',(#4020,#4021,#4022,#4023));
#532=EDGE_LOOP('',(#4024,#4025,#4026,#4027));
#533=EDGE_LOOP('',(#4028,#4029,#4030,#4031));
#534=EDGE_LOOP('',(#4032,#4033,#4034,#4035));
#535=EDGE_LOOP('',(#4036,#4037,#4038,#4039));
#536=EDGE_LOOP('',(#4040,#4041,#4042,#4043));
#537=EDGE_LOOP('',(#4044,#4045,#4046,#4047));
#538=EDGE_LOOP('',(#4048,#4049,#4050,#4051));
#539=EDGE_LOOP('',(#4052,#4053,#4054,#4055));
#540=EDGE_LOOP('',(#4056,#4057,#4058,#4059));
#541=EDGE_LOOP('',(#4060,#4061,#4062,#4063));
#542=EDGE_LOOP('',(#4064,#4065,#4066,#4067));
#543=EDGE_LOOP('',(#4068,#4069,#4070,#4071));
#544=EDGE_LOOP('',(#4072,#4073,#4074,#4075));
#545=EDGE_LOOP('',(#4076,#4077,#4078,#4079));
#546=EDGE_LOOP('',(#4080,#4081,#4082,#4083));
#547=EDGE_LOOP('',(#4084,#4085,#4086,#4087));
#548=EDGE_LOOP('',(#4088,#4089,#4090,#4091));
#549=EDGE_LOOP('',(#4092,#4093,#4094,#4095));
#550=EDGE_LOOP('',(#4096,#4097,#4098,#4099,#4100,#4101,#4102));
#551=EDGE_LOOP('',(#4103,#4104,#4105,#4106,#4107,#4108,#4109));
#552=EDGE_LOOP('',(#4110,#4111,#4112,#4113,#4114,#4115,#4116));
#553=EDGE_LOOP('',(#4117,#4118,#4119,#4120,#4121,#4122,#4123));
#554=EDGE_LOOP('',(#4124,#4125,#4126,#4127,#4128,#4129,#4130));
#555=EDGE_LOOP('',(#4131,#4132,#4133,#4134,#4135,#4136,#4137));
#556=EDGE_LOOP('',(#4138,#4139,#4140,#4141,#4142,#4143,#4144));
#557=EDGE_LOOP('',(#4145,#4146,#4147,#4148,#4149,#4150,#4151));
#558=EDGE_LOOP('',(#4152,#4153,#4154,#4155,#4156,#4157,#4158));
#559=EDGE_LOOP('',(#4159,#4160,#4161,#4162,#4163,#4164,#4165));
#560=EDGE_LOOP('',(#4166,#4167,#4168,#4169,#4170,#4171,#4172));
#561=EDGE_LOOP('',(#4173,#4174,#4175,#4176,#4177,#4178,#4179,#4180,#4181,
#4182,#4183,#4184,#4185));
#562=EDGE_LOOP('',(#4186,#4187,#4188,#4189,#4190,#4191,#4192,#4193,#4194,
#4195,#4196,#4197,#4198));
#563=EDGE_LOOP('',(#4199,#4200,#4201,#4202,#4203,#4204,#4205,#4206,#4207,
#4208,#4209,#4210,#4211,#4212,#4213,#4214,#4215,#4216,#4217,#4218));
#564=EDGE_LOOP('',(#4219,#4220,#4221,#4222,#4223,#4224,#4225,#4226,#4227,
#4228,#4229,#4230,#4231,#4232,#4233,#4234,#4235,#4236,#4237,#4238));
#565=EDGE_LOOP('',(#4239,#4240,#4241,#4242));
#566=EDGE_LOOP('',(#4243,#4244,#4245,#4246));
#567=EDGE_LOOP('',(#4247,#4248,#4249,#4250));
#568=EDGE_LOOP('',(#4251,#4252,#4253,#4254));
#569=EDGE_LOOP('',(#4255,#4256,#4257,#4258));
#570=EDGE_LOOP('',(#4259,#4260,#4261,#4262,#4263,#4264,#4265,#4266,#4267,
#4268,#4269,#4270,#4271,#4272,#4273,#4274,#4275,#4276,#4277,#4278,#4279,
#4280,#4281,#4282,#4283,#4284,#4285,#4286,#4287,#4288,#4289,#4290,#4291,
#4292,#4293,#4294));
#571=EDGE_LOOP('',(#4295,#4296,#4297,#4298));
#572=EDGE_LOOP('',(#4299,#4300,#4301,#4302));
#573=EDGE_LOOP('',(#4303,#4304,#4305,#4306));
#574=EDGE_LOOP('',(#4307,#4308,#4309,#4310));
#575=EDGE_LOOP('',(#4311,#4312,#4313,#4314));
#576=EDGE_LOOP('',(#4315,#4316,#4317,#4318));
#577=EDGE_LOOP('',(#4319,#4320,#4321,#4322));
#578=EDGE_LOOP('',(#4323,#4324,#4325,#4326));
#579=EDGE_LOOP('',(#4327,#4328,#4329,#4330));
#580=EDGE_LOOP('',(#4331,#4332,#4333,#4334));
#581=EDGE_LOOP('',(#4335,#4336,#4337,#4338));
#582=EDGE_LOOP('',(#4339,#4340,#4341,#4342));
#583=EDGE_LOOP('',(#4343,#4344,#4345,#4346));
#584=EDGE_LOOP('',(#4347,#4348,#4349,#4350));
#585=EDGE_LOOP('',(#4351,#4352,#4353,#4354));
#586=EDGE_LOOP('',(#4355,#4356,#4357,#4358));
#587=EDGE_LOOP('',(#4359,#4360,#4361,#4362));
#588=EDGE_LOOP('',(#4363,#4364,#4365,#4366));
#589=EDGE_LOOP('',(#4367,#4368,#4369,#4370));
#590=EDGE_LOOP('',(#4371,#4372,#4373,#4374));
#591=EDGE_LOOP('',(#4375,#4376,#4377,#4378));
#592=EDGE_LOOP('',(#4379,#4380,#4381,#4382));
#593=EDGE_LOOP('',(#4383,#4384,#4385,#4386,#4387,#4388,#4389));
#594=LINE('',#6678,#1254);
#595=LINE('',#6680,#1255);
#596=LINE('',#6682,#1256);
#597=LINE('',#6684,#1257);
#598=LINE('',#6686,#1258);
#599=LINE('',#6688,#1259);
#600=LINE('',#6690,#1260);
#601=LINE('',#6692,#1261);
#602=LINE('',#6694,#1262);
#603=LINE('',#6696,#1263);
#604=LINE('',#6698,#1264);
#605=LINE('',#6699,#1265);
#606=LINE('',#6702,#1266);
#607=LINE('',#6704,#1267);
#608=LINE('',#6706,#1268);
#609=LINE('',#6707,#1269);
#610=LINE('',#6710,#1270);
#611=LINE('',#6712,#1271);
#612=LINE('',#6714,#1272);
#613=LINE('',#6715,#1273);
#614=LINE('',#6718,#1274);
#615=LINE('',#6720,#1275);
#616=LINE('',#6722,#1276);
#617=LINE('',#6723,#1277);
#618=LINE('',#6726,#1278);
#619=LINE('',#6728,#1279);
#620=LINE('',#6730,#1280);
#621=LINE('',#6731,#1281);
#622=LINE('',#6734,#1282);
#623=LINE('',#6736,#1283);
#624=LINE('',#6738,#1284);
#625=LINE('',#6739,#1285);
#626=LINE('',#6742,#1286);
#627=LINE('',#6744,#1287);
#628=LINE('',#6746,#1288);
#629=LINE('',#6747,#1289);
#630=LINE('',#6750,#1290);
#631=LINE('',#6752,#1291);
#632=LINE('',#6754,#1292);
#633=LINE('',#6755,#1293);
#634=LINE('',#6758,#1294);
#635=LINE('',#6760,#1295);
#636=LINE('',#6762,#1296);
#637=LINE('',#6763,#1297);
#638=LINE('',#6766,#1298);
#639=LINE('',#6768,#1299);
#640=LINE('',#6770,#1300);
#641=LINE('',#6771,#1301);
#642=LINE('',#6774,#1302);
#643=LINE('',#6776,#1303);
#644=LINE('',#6778,#1304);
#645=LINE('',#6779,#1305);
#646=LINE('',#6783,#1306);
#647=LINE('',#6785,#1307);
#648=LINE('',#6787,#1308);
#649=LINE('',#6789,#1309);
#650=LINE('',#6791,#1310);
#651=LINE('',#6793,#1311);
#652=LINE('',#6795,#1312);
#653=LINE('',#6797,#1313);
#654=LINE('',#6799,#1314);
#655=LINE('',#6801,#1315);
#656=LINE('',#6803,#1316);
#657=LINE('',#6804,#1317);
#658=LINE('',#6807,#1318);
#659=LINE('',#6809,#1319);
#660=LINE('',#6811,#1320);
#661=LINE('',#6812,#1321);
#662=LINE('',#6815,#1322);
#663=LINE('',#6817,#1323);
#664=LINE('',#6819,#1324);
#665=LINE('',#6820,#1325);
#666=LINE('',#6823,#1326);
#667=LINE('',#6825,#1327);
#668=LINE('',#6827,#1328);
#669=LINE('',#6828,#1329);
#670=LINE('',#6831,#1330);
#671=LINE('',#6833,#1331);
#672=LINE('',#6835,#1332);
#673=LINE('',#6836,#1333);
#674=LINE('',#6840,#1334);
#675=LINE('',#6841,#1335);
#676=LINE('',#6842,#1336);
#677=LINE('',#6845,#1337);
#678=LINE('',#6847,#1338);
#679=LINE('',#6849,#1339);
#680=LINE('',#6850,#1340);
#681=LINE('',#6852,#1341);
#682=LINE('',#6854,#1342);
#683=LINE('',#6856,#1343);
#684=LINE('',#6857,#1344);
#685=LINE('',#6861,#1345);
#686=LINE('',#6863,#1346);
#687=LINE('',#6864,#1347);
#688=LINE('',#6865,#1348);
#689=LINE('',#6869,#1349);
#690=LINE('',#6871,#1350);
#691=LINE('',#6872,#1351);
#692=LINE('',#6874,#1352);
#693=LINE('',#6875,#1353);
#694=LINE('',#6878,#1354);
#695=LINE('',#6880,#1355);
#696=LINE('',#6881,#1356);
#697=LINE('',#6884,#1357);
#698=LINE('',#6886,#1358);
#699=LINE('',#6888,#1359);
#700=LINE('',#6890,#1360);
#701=LINE('',#6891,#1361);
#702=LINE('',#6895,#1362);
#703=LINE('',#6897,#1363);
#704=LINE('',#6899,#1364);
#705=LINE('',#6901,#1365);
#706=LINE('',#6903,#1366);
#707=LINE('',#6904,#1367);
#708=LINE('',#6908,#1368);
#709=LINE('',#6910,#1369);
#710=LINE('',#6912,#1370);
#711=LINE('',#6914,#1371);
#712=LINE('',#6916,#1372);
#713=LINE('',#6917,#1373);
#714=LINE('',#6919,#1374);
#715=LINE('',#6920,#1375);
#716=LINE('',#6922,#1376);
#717=LINE('',#6923,#1377);
#718=LINE('',#6926,#1378);
#719=LINE('',#6928,#1379);
#720=LINE('',#6929,#1380);
#721=LINE('',#6932,#1381);
#722=LINE('',#6934,#1382);
#723=LINE('',#6935,#1383);
#724=LINE('',#6939,#1384);
#725=LINE('',#6941,#1385);
#726=LINE('',#6943,#1386);
#727=LINE('',#6944,#1387);
#728=LINE('',#6947,#1388);
#729=LINE('',#6949,#1389);
#730=LINE('',#6950,#1390);
#731=LINE('',#6952,#1391);
#732=LINE('',#6953,#1392);
#733=LINE('',#6954,#1393);
#734=LINE('',#6956,#1394);
#735=LINE('',#6957,#1395);
#736=LINE('',#6960,#1396);
#737=LINE('',#6962,#1397);
#738=LINE('',#6963,#1398);
#739=LINE('',#6965,#1399);
#740=LINE('',#6966,#1400);
#741=LINE('',#6969,#1401);
#742=LINE('',#6971,#1402);
#743=LINE('',#6972,#1403);
#744=LINE('',#6975,#1404);
#745=LINE('',#6977,#1405);
#746=LINE('',#6978,#1406);
#747=LINE('',#6980,#1407);
#748=LINE('',#6981,#1408);
#749=LINE('',#6984,#1409);
#750=LINE('',#6985,#1410);
#751=LINE('',#6987,#1411);
#752=LINE('',#6988,#1412);
#753=LINE('',#6990,#1413);
#754=LINE('',#6991,#1414);
#755=LINE('',#6993,#1415);
#756=LINE('',#6995,#1416);
#757=LINE('',#6998,#1417);
#758=LINE('',#6999,#1418);
#759=LINE('',#7000,#1419);
#760=LINE('',#7003,#1420);
#761=LINE('',#7004,#1421);
#762=LINE('',#7005,#1422);
#763=LINE('',#7006,#1423);
#764=LINE('',#7008,#1424);
#765=LINE('',#7012,#1425);
#766=LINE('',#7014,#1426);
#767=LINE('',#7016,#1427);
#768=LINE('',#7018,#1428);
#769=LINE('',#7021,#1429);
#770=LINE('',#7023,#1430);
#771=LINE('',#7024,#1431);
#772=LINE('',#7027,#1432);
#773=LINE('',#7028,#1433);
#774=LINE('',#7031,#1434);
#775=LINE('',#7032,#1435);
#776=LINE('',#7035,#1436);
#777=LINE('',#7037,#1437);
#778=LINE('',#7038,#1438);
#779=LINE('',#7041,#1439);
#780=LINE('',#7042,#1440);
#781=LINE('',#7045,#1441);
#782=LINE('',#7046,#1442);
#783=LINE('',#7049,#1443);
#784=LINE('',#7051,#1444);
#785=LINE('',#7052,#1445);
#786=LINE('',#7055,#1446);
#787=LINE('',#7056,#1447);
#788=LINE('',#7059,#1448);
#789=LINE('',#7060,#1449);
#790=LINE('',#7063,#1450);
#791=LINE('',#7065,#1451);
#792=LINE('',#7066,#1452);
#793=LINE('',#7069,#1453);
#794=LINE('',#7070,#1454);
#795=LINE('',#7073,#1455);
#796=LINE('',#7074,#1456);
#797=LINE('',#7077,#1457);
#798=LINE('',#7079,#1458);
#799=LINE('',#7080,#1459);
#800=LINE('',#7083,#1460);
#801=LINE('',#7084,#1461);
#802=LINE('',#7087,#1462);
#803=LINE('',#7088,#1463);
#804=LINE('',#7091,#1464);
#805=LINE('',#7093,#1465);
#806=LINE('',#7094,#1466);
#807=LINE('',#7097,#1467);
#808=LINE('',#7098,#1468);
#809=LINE('',#7101,#1469);
#810=LINE('',#7102,#1470);
#811=LINE('',#7105,#1471);
#812=LINE('',#7106,#1472);
#813=LINE('',#7108,#1473);
#814=LINE('',#7109,#1474);
#815=LINE('',#7111,#1475);
#816=LINE('',#7113,#1476);
#817=LINE('',#7115,#1477);
#818=LINE('',#7117,#1478);
#819=LINE('',#7119,#1479);
#820=LINE('',#7121,#1480);
#821=LINE('',#7123,#1481);
#822=LINE('',#7126,#1482);
#823=LINE('',#7129,#1483);
#824=LINE('',#7130,#1484);
#825=LINE('',#7132,#1485);
#826=LINE('',#7133,#1486);
#827=LINE('',#7135,#1487);
#828=LINE('',#7136,#1488);
#829=LINE('',#7145,#1489);
#830=LINE('',#7149,#1490);
#831=LINE('',#7150,#1491);
#832=LINE('',#7152,#1492);
#833=LINE('',#7155,#1493);
#834=LINE('',#7156,#1494);
#835=LINE('',#7158,#1495);
#836=LINE('',#7161,#1496);
#837=LINE('',#7162,#1497);
#838=LINE('',#7165,#1498);
#839=LINE('',#7169,#1499);
#840=LINE('',#7175,#1500);
#841=LINE('',#7177,#1501);
#842=LINE('',#7179,#1502);
#843=LINE('',#7180,#1503);
#844=LINE('',#7184,#1504);
#845=LINE('',#7186,#1505);
#846=LINE('',#7188,#1506);
#847=LINE('',#7189,#1507);
#848=LINE('',#7193,#1508);
#849=LINE('',#7195,#1509);
#850=LINE('',#7197,#1510);
#851=LINE('',#7198,#1511);
#852=LINE('',#7202,#1512);
#853=LINE('',#7204,#1513);
#854=LINE('',#7206,#1514);
#855=LINE('',#7207,#1515);
#856=LINE('',#7211,#1516);
#857=LINE('',#7213,#1517);
#858=LINE('',#7215,#1518);
#859=LINE('',#7216,#1519);
#860=LINE('',#7220,#1520);
#861=LINE('',#7222,#1521);
#862=LINE('',#7224,#1522);
#863=LINE('',#7225,#1523);
#864=LINE('',#7229,#1524);
#865=LINE('',#7231,#1525);
#866=LINE('',#7233,#1526);
#867=LINE('',#7234,#1527);
#868=LINE('',#7237,#1528);
#869=LINE('',#7239,#1529);
#870=LINE('',#7240,#1530);
#871=LINE('',#7242,#1531);
#872=LINE('',#7244,#1532);
#873=LINE('',#7246,#1533);
#874=LINE('',#7248,#1534);
#875=LINE('',#7250,#1535);
#876=LINE('',#7252,#1536);
#877=LINE('',#7254,#1537);
#878=LINE('',#7256,#1538);
#879=LINE('',#7258,#1539);
#880=LINE('',#7260,#1540);
#881=LINE('',#7261,#1541);
#882=LINE('',#7263,#1542);
#883=LINE('',#7265,#1543);
#884=LINE('',#7266,#1544);
#885=LINE('',#7270,#1545);
#886=LINE('',#7272,#1546);
#887=LINE('',#7274,#1547);
#888=LINE('',#7275,#1548);
#889=LINE('',#7277,#1549);
#890=LINE('',#7278,#1550);
#891=LINE('',#7282,#1551);
#892=LINE('',#7284,#1552);
#893=LINE('',#7286,#1553);
#894=LINE('',#7287,#1554);
#895=LINE('',#7290,#1555);
#896=LINE('',#7292,#1556);
#897=LINE('',#7293,#1557);
#898=LINE('',#7297,#1558);
#899=LINE('',#7299,#1559);
#900=LINE('',#7301,#1560);
#901=LINE('',#7302,#1561);
#902=LINE('',#7306,#1562);
#903=LINE('',#7308,#1563);
#904=LINE('',#7310,#1564);
#905=LINE('',#7311,#1565);
#906=LINE('',#7315,#1566);
#907=LINE('',#7317,#1567);
#908=LINE('',#7319,#1568);
#909=LINE('',#7320,#1569);
#910=LINE('',#7324,#1570);
#911=LINE('',#7326,#1571);
#912=LINE('',#7328,#1572);
#913=LINE('',#7329,#1573);
#914=LINE('',#7332,#1574);
#915=LINE('',#7334,#1575);
#916=LINE('',#7335,#1576);
#917=LINE('',#7338,#1577);
#918=LINE('',#7340,#1578);
#919=LINE('',#7341,#1579);
#920=LINE('',#7343,#1580);
#921=LINE('',#7344,#1581);
#922=LINE('',#7348,#1582);
#923=LINE('',#7350,#1583);
#924=LINE('',#7352,#1584);
#925=LINE('',#7353,#1585);
#926=LINE('',#7356,#1586);
#927=LINE('',#7358,#1587);
#928=LINE('',#7359,#1588);
#929=LINE('',#7362,#1589);
#930=LINE('',#7364,#1590);
#931=LINE('',#7365,#1591);
#932=LINE('',#7368,#1592);
#933=LINE('',#7369,#1593);
#934=LINE('',#7370,#1594);
#935=LINE('',#7372,#1595);
#936=LINE('',#7374,#1596);
#937=LINE('',#7375,#1597);
#938=LINE('',#7377,#1598);
#939=LINE('',#7379,#1599);
#940=LINE('',#7380,#1600);
#941=LINE('',#7382,#1601);
#942=LINE('',#7384,#1602);
#943=LINE('',#7386,#1603);
#944=LINE('',#7388,#1604);
#945=LINE('',#7390,#1605);
#946=LINE('',#7391,#1606);
#947=LINE('',#7393,#1607);
#948=LINE('',#7394,#1608);
#949=LINE('',#7396,#1609);
#950=LINE('',#7397,#1610);
#951=LINE('',#7400,#1611);
#952=LINE('',#7402,#1612);
#953=LINE('',#7403,#1613);
#954=LINE('',#7405,#1614);
#955=LINE('',#7406,#1615);
#956=LINE('',#7409,#1616);
#957=LINE('',#7411,#1617);
#958=LINE('',#7412,#1618);
#959=LINE('',#7415,#1619);
#960=LINE('',#7417,#1620);
#961=LINE('',#7418,#1621);
#962=LINE('',#7421,#1622);
#963=LINE('',#7423,#1623);
#964=LINE('',#7424,#1624);
#965=LINE('',#7427,#1625);
#966=LINE('',#7429,#1626);
#967=LINE('',#7430,#1627);
#968=LINE('',#7433,#1628);
#969=LINE('',#7434,#1629);
#970=LINE('',#7436,#1630);
#971=LINE('',#7437,#1631);
#972=LINE('',#7441,#1632);
#973=LINE('',#7443,#1633);
#974=LINE('',#7444,#1634);
#975=LINE('',#7445,#1635);
#976=LINE('',#7448,#1636);
#977=LINE('',#7450,#1637);
#978=LINE('',#7451,#1638);
#979=LINE('',#7454,#1639);
#980=LINE('',#7456,#1640);
#981=LINE('',#7457,#1641);
#982=LINE('',#7460,#1642);
#983=LINE('',#7462,#1643);
#984=LINE('',#7463,#1644);
#985=LINE('',#7466,#1645);
#986=LINE('',#7467,#1646);
#987=LINE('',#7468,#1647);
#988=LINE('',#7470,#1648);
#989=LINE('',#7473,#1649);
#990=LINE('',#7474,#1650);
#991=LINE('',#7475,#1651);
#992=LINE('',#7478,#1652);
#993=LINE('',#7479,#1653);
#994=LINE('',#7482,#1654);
#995=LINE('',#7483,#1655);
#996=LINE('',#7484,#1656);
#997=LINE('',#7486,#1657);
#998=LINE('',#7488,#1658);
#999=LINE('',#7489,#1659);
#1000=LINE('',#7492,#1660);
#1001=LINE('',#7493,#1661);
#1002=LINE('',#7495,#1662);
#1003=LINE('',#7497,#1663);
#1004=LINE('',#7498,#1664);
#1005=LINE('',#7500,#1665);
#1006=LINE('',#7501,#1666);
#1007=LINE('',#7502,#1667);
#1008=LINE('',#7504,#1668);
#1009=LINE('',#7505,#1669);
#1010=LINE('',#7507,#1670);
#1011=LINE('',#7508,#1671);
#1012=LINE('',#7510,#1672);
#1013=LINE('',#7511,#1673);
#1014=LINE('',#7512,#1674);
#1015=LINE('',#7513,#1675);
#1016=LINE('',#7516,#1676);
#1017=LINE('',#7518,#1677);
#1018=LINE('',#7519,#1678);
#1019=LINE('',#7522,#1679);
#1020=LINE('',#7524,#1680);
#1021=LINE('',#7525,#1681);
#1022=LINE('',#7527,#1682);
#1023=LINE('',#7528,#1683);
#1024=LINE('',#7530,#1684);
#1025=LINE('',#7531,#1685);
#1026=LINE('',#7534,#1686);
#1027=LINE('',#7535,#1687);
#1028=LINE('',#7536,#1688);
#1029=LINE('',#7539,#1689);
#1030=LINE('',#7541,#1690);
#1031=LINE('',#7542,#1691);
#1032=LINE('',#7544,#1692);
#1033=LINE('',#7550,#1693);
#1034=LINE('',#7551,#1694);
#1035=LINE('',#7552,#1695);
#1036=LINE('',#7554,#1696);
#1037=LINE('',#7557,#1697);
#1038=LINE('',#7560,#1698);
#1039=LINE('',#7562,#1699);
#1040=LINE('',#7563,#1700);
#1041=LINE('',#7566,#1701);
#1042=LINE('',#7567,#1702);
#1043=LINE('',#7569,#1703);
#1044=LINE('',#7571,#1704);
#1045=LINE('',#7573,#1705);
#1046=LINE('',#7575,#1706);
#1047=LINE('',#7579,#1707);
#1048=LINE('',#7581,#1708);
#1049=LINE('',#7582,#1709);
#1050=LINE('',#7585,#1710);
#1051=LINE('',#7587,#1711);
#1052=LINE('',#7588,#1712);
#1053=LINE('',#7590,#1713);
#1054=LINE('',#7592,#1714);
#1055=LINE('',#7596,#1715);
#1056=LINE('',#7598,#1716);
#1057=LINE('',#7601,#1717);
#1058=LINE('',#7603,#1718);
#1059=LINE('',#7605,#1719);
#1060=LINE('',#7607,#1720);
#1061=LINE('',#7609,#1721);
#1062=LINE('',#7610,#1722);
#1063=LINE('',#7612,#1723);
#1064=LINE('',#7614,#1724);
#1065=LINE('',#7616,#1725);
#1066=LINE('',#7618,#1726);
#1067=LINE('',#7632,#1727);
#1068=LINE('',#7634,#1728);
#1069=LINE('',#7636,#1729);
#1070=LINE('',#7638,#1730);
#1071=LINE('',#7640,#1731);
#1072=LINE('',#7642,#1732);
#1073=LINE('',#7647,#1733);
#1074=LINE('',#7651,#1734);
#1075=LINE('',#7653,#1735);
#1076=LINE('',#7655,#1736);
#1077=LINE('',#7657,#1737);
#1078=LINE('',#7658,#1738);
#1079=LINE('',#7662,#1739);
#1080=LINE('',#7666,#1740);
#1081=LINE('',#7668,#1741);
#1082=LINE('',#7670,#1742);
#1083=LINE('',#7672,#1743);
#1084=LINE('',#7673,#1744);
#1085=LINE('',#7677,#1745);
#1086=LINE('',#7681,#1746);
#1087=LINE('',#7683,#1747);
#1088=LINE('',#7685,#1748);
#1089=LINE('',#7687,#1749);
#1090=LINE('',#7688,#1750);
#1091=LINE('',#7692,#1751);
#1092=LINE('',#7694,#1752);
#1093=LINE('',#7696,#1753);
#1094=LINE('',#7697,#1754);
#1095=LINE('',#7701,#1755);
#1096=LINE('',#7703,#1756);
#1097=LINE('',#7705,#1757);
#1098=LINE('',#7706,#1758);
#1099=LINE('',#7710,#1759);
#1100=LINE('',#7712,#1760);
#1101=LINE('',#7714,#1761);
#1102=LINE('',#7715,#1762);
#1103=LINE('',#7718,#1763);
#1104=LINE('',#7720,#1764);
#1105=LINE('',#7721,#1765);
#1106=LINE('',#7723,#1766);
#1107=LINE('',#7724,#1767);
#1108=LINE('',#7727,#1768);
#1109=LINE('',#7729,#1769);
#1110=LINE('',#7730,#1770);
#1111=LINE('',#7733,#1771);
#1112=LINE('',#7735,#1772);
#1113=LINE('',#7736,#1773);
#1114=LINE('',#7740,#1774);
#1115=LINE('',#7742,#1775);
#1116=LINE('',#7744,#1776);
#1117=LINE('',#7745,#1777);
#1118=LINE('',#7751,#1778);
#1119=LINE('',#7754,#1779);
#1120=LINE('',#7760,#1780);
#1121=LINE('',#7763,#1781);
#1122=LINE('',#7766,#1782);
#1123=LINE('',#7768,#1783);
#1124=LINE('',#7769,#1784);
#1125=LINE('',#7775,#1785);
#1126=LINE('',#7778,#1786);
#1127=LINE('',#7781,#1787);
#1128=LINE('',#7783,#1788);
#1129=LINE('',#7784,#1789);
#1130=LINE('',#7786,#1790);
#1131=LINE('',#7787,#1791);
#1132=LINE('',#7790,#1792);
#1133=LINE('',#7794,#1793);
#1134=LINE('',#7796,#1794);
#1135=LINE('',#7797,#1795);
#1136=LINE('',#7803,#1796);
#1137=LINE('',#7806,#1797);
#1138=LINE('',#7809,#1798);
#1139=LINE('',#7811,#1799);
#1140=LINE('',#7812,#1800);
#1141=LINE('',#7815,#1801);
#1142=LINE('',#7817,#1802);
#1143=LINE('',#7818,#1803);
#1144=LINE('',#7820,#1804);
#1145=LINE('',#7822,#1805);
#1146=LINE('',#7823,#1806);
#1147=LINE('',#7825,#1807);
#1148=LINE('',#7826,#1808);
#1149=LINE('',#7828,#1809);
#1150=LINE('',#7829,#1810);
#1151=LINE('',#7832,#1811);
#1152=LINE('',#7834,#1812);
#1153=LINE('',#7835,#1813);
#1154=LINE('',#7838,#1814);
#1155=LINE('',#7839,#1815);
#1156=LINE('',#7842,#1816);
#1157=LINE('',#7844,#1817);
#1158=LINE('',#7845,#1818);
#1159=LINE('',#7849,#1819);
#1160=LINE('',#7851,#1820);
#1161=LINE('',#7853,#1821);
#1162=LINE('',#7855,#1822);
#1163=LINE('',#7857,#1823);
#1164=LINE('',#7859,#1824);
#1165=LINE('',#7864,#1825);
#1166=LINE('',#7868,#1826);
#1167=LINE('',#7870,#1827);
#1168=LINE('',#7872,#1828);
#1169=LINE('',#7874,#1829);
#1170=LINE('',#7875,#1830);
#1171=LINE('',#7879,#1831);
#1172=LINE('',#7883,#1832);
#1173=LINE('',#7885,#1833);
#1174=LINE('',#7887,#1834);
#1175=LINE('',#7889,#1835);
#1176=LINE('',#7890,#1836);
#1177=LINE('',#7894,#1837);
#1178=LINE('',#7896,#1838);
#1179=LINE('',#7898,#1839);
#1180=LINE('',#7900,#1840);
#1181=LINE('',#7902,#1841);
#1182=LINE('',#7904,#1842);
#1183=LINE('',#7908,#1843);
#1184=LINE('',#7910,#1844);
#1185=LINE('',#7911,#1845);
#1186=LINE('',#7914,#1846);
#1187=LINE('',#7916,#1847);
#1188=LINE('',#7917,#1848);
#1189=LINE('',#7920,#1849);
#1190=LINE('',#7922,#1850);
#1191=LINE('',#7923,#1851);
#1192=LINE('',#7926,#1852);
#1193=LINE('',#7927,#1853);
#1194=LINE('',#7930,#1854);
#1195=LINE('',#7932,#1855);
#1196=LINE('',#7936,#1856);
#1197=LINE('',#7938,#1857);
#1198=LINE('',#7940,#1858);
#1199=LINE('',#7942,#1859);
#1200=LINE('',#7943,#1860);
#1201=LINE('',#7946,#1861);
#1202=LINE('',#7948,#1862);
#1203=LINE('',#7950,#1863);
#1204=LINE('',#7952,#1864);
#1205=LINE('',#7954,#1865);
#1206=LINE('',#7958,#1866);
#1207=LINE('',#7959,#1867);
#1208=LINE('',#7961,#1868);
#1209=LINE('',#7962,#1869);
#1210=LINE('',#7963,#1870);
#1211=LINE('',#7964,#1871);
#1212=LINE('',#7965,#1872);
#1213=LINE('',#7967,#1873);
#1214=LINE('',#7969,#1874);
#1215=LINE('',#7971,#1875);
#1216=LINE('',#7972,#1876);
#1217=LINE('',#7973,#1877);
#1218=LINE('',#7974,#1878);
#1219=LINE('',#7975,#1879);
#1220=LINE('',#7976,#1880);
#1221=LINE('',#7977,#1881);
#1222=LINE('',#7980,#1882);
#1223=LINE('',#7981,#1883);
#1224=LINE('',#7984,#1884);
#1225=LINE('',#7985,#1885);
#1226=LINE('',#7988,#1886);
#1227=LINE('',#7989,#1887);
#1228=LINE('',#7993,#1888);
#1229=LINE('',#7996,#1889);
#1230=LINE('',#7997,#1890);
#1231=LINE('',#7999,#1891);
#1232=LINE('',#8000,#1892);
#1233=LINE('',#8001,#1893);
#1234=LINE('',#8002,#1894);
#1235=LINE('',#8003,#1895);
#1236=LINE('',#8004,#1896);
#1237=LINE('',#8005,#1897);
#1238=LINE('',#8006,#1898);
#1239=LINE('',#8008,#1899);
#1240=LINE('',#8010,#1900);
#1241=LINE('',#8012,#1901);
#1242=LINE('',#8014,#1902);
#1243=LINE('',#8016,#1903);
#1244=LINE('',#8021,#1904);
#1245=LINE('',#8023,#1905);
#1246=LINE('',#8025,#1906);
#1247=LINE('',#8027,#1907);
#1248=LINE('',#8029,#1908);
#1249=LINE('',#8031,#1909);
#1250=LINE('',#8033,#1910);
#1251=LINE('',#8035,#1911);
#1252=LINE('',#8037,#1912);
#1253=LINE('',#8039,#1913);
#1254=VECTOR('',#5461,39.3700787402);
#1255=VECTOR('',#5462,39.3700787402);
#1256=VECTOR('',#5463,39.3700787402);
#1257=VECTOR('',#5464,39.3700787402);
#1258=VECTOR('',#5465,39.3700787402);
#1259=VECTOR('',#5466,39.3700787402);
#1260=VECTOR('',#5467,39.3700787402);
#1261=VECTOR('',#5468,39.3700787402);
#1262=VECTOR('',#5469,39.3700787402);
#1263=VECTOR('',#5470,39.3700787402);
#1264=VECTOR('',#5471,39.3700787402);
#1265=VECTOR('',#5472,39.3700787402);
#1266=VECTOR('',#5473,39.3700787402);
#1267=VECTOR('',#5474,39.3700787402);
#1268=VECTOR('',#5475,39.3700787402);
#1269=VECTOR('',#5476,39.3700787402);
#1270=VECTOR('',#5477,39.3700787402);
#1271=VECTOR('',#5478,39.3700787402);
#1272=VECTOR('',#5479,39.3700787402);
#1273=VECTOR('',#5480,39.3700787402);
#1274=VECTOR('',#5481,39.3700787402);
#1275=VECTOR('',#5482,39.3700787402);
#1276=VECTOR('',#5483,39.3700787402);
#1277=VECTOR('',#5484,39.3700787402);
#1278=VECTOR('',#5485,39.3700787402);
#1279=VECTOR('',#5486,39.3700787402);
#1280=VECTOR('',#5487,39.3700787402);
#1281=VECTOR('',#5488,39.3700787402);
#1282=VECTOR('',#5489,39.3700787402);
#1283=VECTOR('',#5490,39.3700787402);
#1284=VECTOR('',#5491,39.3700787402);
#1285=VECTOR('',#5492,39.3700787402);
#1286=VECTOR('',#5493,39.3700787402);
#1287=VECTOR('',#5494,39.3700787402);
#1288=VECTOR('',#5495,39.3700787402);
#1289=VECTOR('',#5496,39.3700787402);
#1290=VECTOR('',#5497,39.3700787402);
#1291=VECTOR('',#5498,39.3700787402);
#1292=VECTOR('',#5499,39.3700787402);
#1293=VECTOR('',#5500,39.3700787402);
#1294=VECTOR('',#5501,39.3700787402);
#1295=VECTOR('',#5502,39.3700787402);
#1296=VECTOR('',#5503,39.3700787402);
#1297=VECTOR('',#5504,39.3700787402);
#1298=VECTOR('',#5505,39.3700787402);
#1299=VECTOR('',#5506,39.3700787402);
#1300=VECTOR('',#5507,39.3700787402);
#1301=VECTOR('',#5508,39.3700787402);
#1302=VECTOR('',#5509,39.3700787402);
#1303=VECTOR('',#5510,39.3700787402);
#1304=VECTOR('',#5511,39.3700787402);
#1305=VECTOR('',#5512,39.3700787402);
#1306=VECTOR('',#5515,39.3700787402);
#1307=VECTOR('',#5516,39.3700787402);
#1308=VECTOR('',#5517,39.3700787402);
#1309=VECTOR('',#5518,39.3700787402);
#1310=VECTOR('',#5519,39.3700787402);
#1311=VECTOR('',#5520,39.3700787402);
#1312=VECTOR('',#5521,39.3700787402);
#1313=VECTOR('',#5522,39.3700787402);
#1314=VECTOR('',#5523,39.3700787402);
#1315=VECTOR('',#5524,39.3700787402);
#1316=VECTOR('',#5525,39.3700787402);
#1317=VECTOR('',#5526,39.3700787402);
#1318=VECTOR('',#5527,39.3700787402);
#1319=VECTOR('',#5528,39.3700787402);
#1320=VECTOR('',#5529,39.3700787402);
#1321=VECTOR('',#5530,39.3700787402);
#1322=VECTOR('',#5531,39.3700787402);
#1323=VECTOR('',#5532,39.3700787402);
#1324=VECTOR('',#5533,39.3700787402);
#1325=VECTOR('',#5534,39.3700787402);
#1326=VECTOR('',#5535,39.3700787402);
#1327=VECTOR('',#5536,39.3700787402);
#1328=VECTOR('',#5537,39.3700787402);
#1329=VECTOR('',#5538,39.3700787402);
#1330=VECTOR('',#5539,39.3700787402);
#1331=VECTOR('',#5540,39.3700787402);
#1332=VECTOR('',#5541,39.3700787402);
#1333=VECTOR('',#5542,39.3700787402);
#1334=VECTOR('',#5545,39.3700787402);
#1335=VECTOR('',#5546,39.3700787402);
#1336=VECTOR('',#5547,39.3700787402);
#1337=VECTOR('',#5550,39.3700787402);
#1338=VECTOR('',#5551,39.3700787402);
#1339=VECTOR('',#5552,39.3700787402);
#1340=VECTOR('',#5553,39.3700787402);
#1341=VECTOR('',#5554,39.3700787402);
#1342=VECTOR('',#5555,39.3700787402);
#1343=VECTOR('',#5556,39.3700787402);
#1344=VECTOR('',#5557,39.3700787402);
#1345=VECTOR('',#5560,39.3700787402);
#1346=VECTOR('',#5561,39.3700787402);
#1347=VECTOR('',#5562,39.3700787402);
#1348=VECTOR('',#5563,39.3700787402);
#1349=VECTOR('',#5566,39.3700787402);
#1350=VECTOR('',#5567,39.3700787402);
#1351=VECTOR('',#5568,39.3700787402);
#1352=VECTOR('',#5569,39.3700787402);
#1353=VECTOR('',#5570,39.3700787402);
#1354=VECTOR('',#5573,39.3700787402);
#1355=VECTOR('',#5574,39.3700787402);
#1356=VECTOR('',#5575,39.3700787402);
#1357=VECTOR('',#5578,39.3700787402);
#1358=VECTOR('',#5579,39.3700787402);
#1359=VECTOR('',#5580,39.3700787402);
#1360=VECTOR('',#5581,39.3700787402);
#1361=VECTOR('',#5582,39.3700787402);
#1362=VECTOR('',#5585,39.3700787402);
#1363=VECTOR('',#5586,39.3700787402);
#1364=VECTOR('',#5587,39.3700787402);
#1365=VECTOR('',#5588,39.3700787402);
#1366=VECTOR('',#5589,39.3700787402);
#1367=VECTOR('',#5590,39.3700787402);
#1368=VECTOR('',#5593,39.3700787402);
#1369=VECTOR('',#5594,39.3700787402);
#1370=VECTOR('',#5595,39.3700787402);
#1371=VECTOR('',#5596,39.3700787402);
#1372=VECTOR('',#5597,39.3700787402);
#1373=VECTOR('',#5598,39.3700787402);
#1374=VECTOR('',#5601,39.3700787402);
#1375=VECTOR('',#5602,39.3700787402);
#1376=VECTOR('',#5605,39.3700787402);
#1377=VECTOR('',#5606,39.3700787402);
#1378=VECTOR('',#5609,39.3700787402);
#1379=VECTOR('',#5610,39.3700787402);
#1380=VECTOR('',#5611,39.3700787402);
#1381=VECTOR('',#5614,39.3700787402);
#1382=VECTOR('',#5615,39.3700787402);
#1383=VECTOR('',#5616,39.3700787402);
#1384=VECTOR('',#5619,39.3700787402);
#1385=VECTOR('',#5620,39.3700787402);
#1386=VECTOR('',#5621,39.3700787402);
#1387=VECTOR('',#5622,39.3700787402);
#1388=VECTOR('',#5625,39.3700787402);
#1389=VECTOR('',#5626,39.3700787402);
#1390=VECTOR('',#5627,39.3700787402);
#1391=VECTOR('',#5630,39.3700787402);
#1392=VECTOR('',#5631,39.3700787402);
#1393=VECTOR('',#5632,39.3700787402);
#1394=VECTOR('',#5633,39.3700787402);
#1395=VECTOR('',#5634,39.3700787402);
#1396=VECTOR('',#5637,39.3700787402);
#1397=VECTOR('',#5638,39.3700787402);
#1398=VECTOR('',#5639,39.3700787402);
#1399=VECTOR('',#5642,39.3700787402);
#1400=VECTOR('',#5643,39.3700787402);
#1401=VECTOR('',#5646,39.3700787402);
#1402=VECTOR('',#5647,39.3700787402);
#1403=VECTOR('',#5648,39.3700787402);
#1404=VECTOR('',#5651,39.3700787402);
#1405=VECTOR('',#5652,39.3700787402);
#1406=VECTOR('',#5653,39.3700787402);
#1407=VECTOR('',#5656,39.3700787402);
#1408=VECTOR('',#5657,39.3700787402);
#1409=VECTOR('',#5660,39.3700787402);
#1410=VECTOR('',#5661,39.3700787402);
#1411=VECTOR('',#5662,39.3700787402);
#1412=VECTOR('',#5663,39.3700787402);
#1413=VECTOR('',#5666,39.3700787402);
#1414=VECTOR('',#5667,39.3700787402);
#1415=VECTOR('',#5670,39.3700787402);
#1416=VECTOR('',#5673,39.3700787402);
#1417=VECTOR('',#5678,39.3700787402);
#1418=VECTOR('',#5679,39.3700787402);
#1419=VECTOR('',#5680,39.3700787402);
#1420=VECTOR('',#5685,39.3700787402);
#1421=VECTOR('',#5686,39.3700787402);
#1422=VECTOR('',#5687,39.3700787402);
#1423=VECTOR('',#5688,39.3700787402);
#1424=VECTOR('',#5691,39.3700787402);
#1425=VECTOR('',#5698,39.3700787402);
#1426=VECTOR('',#5701,39.3700787402);
#1427=VECTOR('',#5704,39.3700787402);
#1428=VECTOR('',#5707,39.3700787402);
#1429=VECTOR('',#5710,39.3700787402);
#1430=VECTOR('',#5711,39.3700787402);
#1431=VECTOR('',#5712,39.3700787402);
#1432=VECTOR('',#5715,39.3700787402);
#1433=VECTOR('',#5716,39.3700787402);
#1434=VECTOR('',#5719,39.3700787402);
#1435=VECTOR('',#5720,39.3700787402);
#1436=VECTOR('',#5723,39.3700787402);
#1437=VECTOR('',#5724,39.3700787402);
#1438=VECTOR('',#5725,39.3700787402);
#1439=VECTOR('',#5728,39.3700787402);
#1440=VECTOR('',#5729,39.3700787402);
#1441=VECTOR('',#5732,39.3700787402);
#1442=VECTOR('',#5733,39.3700787402);
#1443=VECTOR('',#5736,39.3700787402);
#1444=VECTOR('',#5737,39.3700787402);
#1445=VECTOR('',#5738,39.3700787402);
#1446=VECTOR('',#5741,39.3700787402);
#1447=VECTOR('',#5742,39.3700787402);
#1448=VECTOR('',#5745,39.3700787402);
#1449=VECTOR('',#5746,39.3700787402);
#1450=VECTOR('',#5749,39.3700787402);
#1451=VECTOR('',#5750,39.3700787402);
#1452=VECTOR('',#5751,39.3700787402);
#1453=VECTOR('',#5754,39.3700787402);
#1454=VECTOR('',#5755,39.3700787402);
#1455=VECTOR('',#5758,39.3700787402);
#1456=VECTOR('',#5759,39.3700787402);
#1457=VECTOR('',#5762,39.3700787402);
#1458=VECTOR('',#5763,39.3700787402);
#1459=VECTOR('',#5764,39.3700787402);
#1460=VECTOR('',#5767,39.3700787402);
#1461=VECTOR('',#5768,39.3700787402);
#1462=VECTOR('',#5771,39.3700787402);
#1463=VECTOR('',#5772,39.3700787402);
#1464=VECTOR('',#5775,39.3700787402);
#1465=VECTOR('',#5776,39.3700787402);
#1466=VECTOR('',#5777,39.3700787402);
#1467=VECTOR('',#5780,39.3700787402);
#1468=VECTOR('',#5781,39.3700787402);
#1469=VECTOR('',#5784,39.3700787402);
#1470=VECTOR('',#5785,39.3700787402);
#1471=VECTOR('',#5788,39.3700787402);
#1472=VECTOR('',#5789,39.3700787402);
#1473=VECTOR('',#5792,39.3700787402);
#1474=VECTOR('',#5793,39.3700787402);
#1475=VECTOR('',#5796,39.3700787402);
#1476=VECTOR('',#5799,39.3700787402);
#1477=VECTOR('',#5802,39.3700787402);
#1478=VECTOR('',#5805,39.3700787402);
#1479=VECTOR('',#5808,39.3700787402);
#1480=VECTOR('',#5811,39.3700787402);
#1481=VECTOR('',#5814,39.3700787402);
#1482=VECTOR('',#5819,39.3700787402);
#1483=VECTOR('',#5822,39.3700787402);
#1484=VECTOR('',#5823,39.3700787402);
#1485=VECTOR('',#5826,39.3700787402);
#1486=VECTOR('',#5827,39.3700787402);
#1487=VECTOR('',#5830,39.3700787402);
#1488=VECTOR('',#5831,39.3700787402);
#1489=VECTOR('',#5848,39.3700787402);
#1490=VECTOR('',#5855,39.3700787402);
#1491=VECTOR('',#5856,39.3700787402);
#1492=VECTOR('',#5859,39.3700787402);
#1493=VECTOR('',#5862,39.3700787402);
#1494=VECTOR('',#5863,39.3700787402);
#1495=VECTOR('',#5866,39.3700787402);
#1496=VECTOR('',#5869,39.3700787402);
#1497=VECTOR('',#5870,39.3700787402);
#1498=VECTOR('',#5875,39.3700787402);
#1499=VECTOR('',#5882,39.3700787402);
#1500=VECTOR('',#5889,39.3700787402);
#1501=VECTOR('',#5890,39.3700787402);
#1502=VECTOR('',#5891,39.3700787402);
#1503=VECTOR('',#5892,39.3700787402);
#1504=VECTOR('',#5895,39.3700787402);
#1505=VECTOR('',#5896,39.3700787402);
#1506=VECTOR('',#5897,39.3700787402);
#1507=VECTOR('',#5898,39.3700787402);
#1508=VECTOR('',#5901,39.3700787402);
#1509=VECTOR('',#5902,39.3700787402);
#1510=VECTOR('',#5903,39.3700787402);
#1511=VECTOR('',#5904,39.3700787402);
#1512=VECTOR('',#5907,39.3700787402);
#1513=VECTOR('',#5908,39.3700787402);
#1514=VECTOR('',#5909,39.3700787402);
#1515=VECTOR('',#5910,39.3700787402);
#1516=VECTOR('',#5913,39.3700787402);
#1517=VECTOR('',#5914,39.3700787402);
#1518=VECTOR('',#5915,39.3700787402);
#1519=VECTOR('',#5916,39.3700787402);
#1520=VECTOR('',#5919,39.3700787402);
#1521=VECTOR('',#5920,39.3700787402);
#1522=VECTOR('',#5921,39.3700787402);
#1523=VECTOR('',#5922,39.3700787402);
#1524=VECTOR('',#5925,39.3700787402);
#1525=VECTOR('',#5926,39.3700787402);
#1526=VECTOR('',#5927,39.3700787402);
#1527=VECTOR('',#5928,39.3700787402);
#1528=VECTOR('',#5931,39.3700787402);
#1529=VECTOR('',#5932,39.3700787402);
#1530=VECTOR('',#5933,39.3700787402);
#1531=VECTOR('',#5934,39.3700787402);
#1532=VECTOR('',#5935,39.3700787402);
#1533=VECTOR('',#5936,39.3700787402);
#1534=VECTOR('',#5937,39.3700787402);
#1535=VECTOR('',#5938,39.3700787402);
#1536=VECTOR('',#5939,39.3700787402);
#1537=VECTOR('',#5940,39.3700787402);
#1538=VECTOR('',#5941,39.3700787402);
#1539=VECTOR('',#5942,39.3700787402);
#1540=VECTOR('',#5943,39.3700787402);
#1541=VECTOR('',#5944,39.3700787402);
#1542=VECTOR('',#5945,39.3700787402);
#1543=VECTOR('',#5946,39.3700787402);
#1544=VECTOR('',#5947,39.3700787402);
#1545=VECTOR('',#5950,39.3700787402);
#1546=VECTOR('',#5951,39.3700787402);
#1547=VECTOR('',#5952,39.3700787402);
#1548=VECTOR('',#5953,39.3700787402);
#1549=VECTOR('',#5956,39.3700787402);
#1550=VECTOR('',#5957,39.3700787402);
#1551=VECTOR('',#5960,39.3700787402);
#1552=VECTOR('',#5961,39.3700787402);
#1553=VECTOR('',#5962,39.3700787402);
#1554=VECTOR('',#5963,39.3700787402);
#1555=VECTOR('',#5966,39.3700787402);
#1556=VECTOR('',#5967,39.3700787402);
#1557=VECTOR('',#5968,39.3700787402);
#1558=VECTOR('',#5971,39.3700787402);
#1559=VECTOR('',#5972,39.3700787402);
#1560=VECTOR('',#5973,39.3700787402);
#1561=VECTOR('',#5974,39.3700787402);
#1562=VECTOR('',#5977,39.3700787402);
#1563=VECTOR('',#5978,39.3700787402);
#1564=VECTOR('',#5979,39.3700787402);
#1565=VECTOR('',#5980,39.3700787402);
#1566=VECTOR('',#5983,39.3700787402);
#1567=VECTOR('',#5984,39.3700787402);
#1568=VECTOR('',#5985,39.3700787402);
#1569=VECTOR('',#5986,39.3700787402);
#1570=VECTOR('',#5989,39.3700787402);
#1571=VECTOR('',#5990,39.3700787402);
#1572=VECTOR('',#5991,39.3700787402);
#1573=VECTOR('',#5992,39.3700787402);
#1574=VECTOR('',#5995,39.3700787402);
#1575=VECTOR('',#5996,39.3700787402);
#1576=VECTOR('',#5997,39.3700787402);
#1577=VECTOR('',#6000,39.3700787402);
#1578=VECTOR('',#6001,39.3700787402);
#1579=VECTOR('',#6002,39.3700787402);
#1580=VECTOR('',#6005,39.3700787402);
#1581=VECTOR('',#6006,39.3700787402);
#1582=VECTOR('',#6009,39.3700787402);
#1583=VECTOR('',#6010,39.3700787402);
#1584=VECTOR('',#6011,39.3700787402);
#1585=VECTOR('',#6012,39.3700787402);
#1586=VECTOR('',#6015,39.3700787402);
#1587=VECTOR('',#6016,39.3700787402);
#1588=VECTOR('',#6017,39.3700787402);
#1589=VECTOR('',#6020,39.3700787402);
#1590=VECTOR('',#6021,39.3700787402);
#1591=VECTOR('',#6022,39.3700787402);
#1592=VECTOR('',#6025,39.3700787402);
#1593=VECTOR('',#6026,39.3700787402);
#1594=VECTOR('',#6027,39.3700787402);
#1595=VECTOR('',#6028,39.3700787402);
#1596=VECTOR('',#6029,39.3700787402);
#1597=VECTOR('',#6030,39.3700787402);
#1598=VECTOR('',#6031,39.3700787402);
#1599=VECTOR('',#6032,39.3700787402);
#1600=VECTOR('',#6033,39.3700787402);
#1601=VECTOR('',#6034,39.3700787402);
#1602=VECTOR('',#6035,39.3700787402);
#1603=VECTOR('',#6036,39.3700787402);
#1604=VECTOR('',#6037,39.3700787402);
#1605=VECTOR('',#6038,39.3700787402);
#1606=VECTOR('',#6039,39.3700787402);
#1607=VECTOR('',#6042,39.3700787402);
#1608=VECTOR('',#6043,39.3700787402);
#1609=VECTOR('',#6046,39.3700787402);
#1610=VECTOR('',#6047,39.3700787402);
#1611=VECTOR('',#6050,39.3700787402);
#1612=VECTOR('',#6051,39.3700787402);
#1613=VECTOR('',#6052,39.3700787402);
#1614=VECTOR('',#6055,39.3700787402);
#1615=VECTOR('',#6056,39.3700787402);
#1616=VECTOR('',#6059,39.3700787402);
#1617=VECTOR('',#6060,39.3700787402);
#1618=VECTOR('',#6061,39.3700787402);
#1619=VECTOR('',#6064,39.3700787402);
#1620=VECTOR('',#6065,39.3700787402);
#1621=VECTOR('',#6066,39.3700787402);
#1622=VECTOR('',#6069,39.3700787402);
#1623=VECTOR('',#6070,39.3700787402);
#1624=VECTOR('',#6071,39.3700787402);
#1625=VECTOR('',#6074,39.3700787402);
#1626=VECTOR('',#6075,39.3700787402);
#1627=VECTOR('',#6076,39.3700787402);
#1628=VECTOR('',#6079,39.3700787402);
#1629=VECTOR('',#6080,39.3700787402);
#1630=VECTOR('',#6081,39.3700787402);
#1631=VECTOR('',#6082,39.3700787402);
#1632=VECTOR('',#6085,39.3700787402);
#1633=VECTOR('',#6086,39.3700787402);
#1634=VECTOR('',#6087,39.3700787402);
#1635=VECTOR('',#6088,39.3700787402);
#1636=VECTOR('',#6091,39.3700787402);
#1637=VECTOR('',#6092,39.3700787402);
#1638=VECTOR('',#6093,39.3700787402);
#1639=VECTOR('',#6096,39.3700787402);
#1640=VECTOR('',#6097,39.3700787402);
#1641=VECTOR('',#6098,39.3700787402);
#1642=VECTOR('',#6101,39.3700787402);
#1643=VECTOR('',#6102,39.3700787402);
#1644=VECTOR('',#6103,39.3700787402);
#1645=VECTOR('',#6106,39.3700787402);
#1646=VECTOR('',#6107,39.3700787402);
#1647=VECTOR('',#6108,39.3700787402);
#1648=VECTOR('',#6111,39.3700787402);
#1649=VECTOR('',#6114,39.3700787402);
#1650=VECTOR('',#6115,39.3700787402);
#1651=VECTOR('',#6116,39.3700787402);
#1652=VECTOR('',#6119,39.3700787402);
#1653=VECTOR('',#6120,39.3700787402);
#1654=VECTOR('',#6123,39.3700787402);
#1655=VECTOR('',#6124,39.3700787402);
#1656=VECTOR('',#6125,39.3700787402);
#1657=VECTOR('',#6128,39.3700787402);
#1658=VECTOR('',#6129,39.3700787402);
#1659=VECTOR('',#6130,39.3700787402);
#1660=VECTOR('',#6133,39.3700787402);
#1661=VECTOR('',#6134,39.3700787402);
#1662=VECTOR('',#6137,39.3700787402);
#1663=VECTOR('',#6138,39.3700787402);
#1664=VECTOR('',#6139,39.3700787402);
#1665=VECTOR('',#6140,39.3700787402);
#1666=VECTOR('',#6141,39.3700787402);
#1667=VECTOR('',#6142,39.3700787402);
#1668=VECTOR('',#6143,39.3700787402);
#1669=VECTOR('',#6144,39.3700787402);
#1670=VECTOR('',#6145,39.3700787402);
#1671=VECTOR('',#6146,39.3700787402);
#1672=VECTOR('',#6147,39.3700787402);
#1673=VECTOR('',#6148,39.3700787402);
#1674=VECTOR('',#6149,39.3700787402);
#1675=VECTOR('',#6150,39.3700787402);
#1676=VECTOR('',#6153,39.3700787402);
#1677=VECTOR('',#6154,39.3700787402);
#1678=VECTOR('',#6155,39.3700787402);
#1679=VECTOR('',#6158,39.3700787402);
#1680=VECTOR('',#6159,39.3700787402);
#1681=VECTOR('',#6160,39.3700787402);
#1682=VECTOR('',#6163,39.3700787402);
#1683=VECTOR('',#6164,39.3700787402);
#1684=VECTOR('',#6167,39.3700787402);
#1685=VECTOR('',#6168,39.3700787402);
#1686=VECTOR('',#6171,39.3700787402);
#1687=VECTOR('',#6172,39.3700787402);
#1688=VECTOR('',#6173,39.3700787402);
#1689=VECTOR('',#6176,39.3700787402);
#1690=VECTOR('',#6177,39.3700787402);
#1691=VECTOR('',#6178,39.3700787402);
#1692=VECTOR('',#6181,39.3700787402);
#1693=VECTOR('',#6188,39.3700787402);
#1694=VECTOR('',#6189,39.3700787402);
#1695=VECTOR('',#6190,39.3700787402);
#1696=VECTOR('',#6193,39.3700787402);
#1697=VECTOR('',#6198,39.3700787402);
#1698=VECTOR('',#6201,39.3700787402);
#1699=VECTOR('',#6202,39.3700787402);
#1700=VECTOR('',#6203,39.3700787402);
#1701=VECTOR('',#6206,39.3700787402);
#1702=VECTOR('',#6207,39.3700787402);
#1703=VECTOR('',#6210,39.3700787402);
#1704=VECTOR('',#6213,39.3700787402);
#1705=VECTOR('',#6216,39.3700787402);
#1706=VECTOR('',#6219,39.3700787402);
#1707=VECTOR('',#6224,39.3700787402);
#1708=VECTOR('',#6225,39.3700787402);
#1709=VECTOR('',#6226,39.3700787402);
#1710=VECTOR('',#6229,39.3700787402);
#1711=VECTOR('',#6230,39.3700787402);
#1712=VECTOR('',#6231,39.3700787402);
#1713=VECTOR('',#6234,39.3700787402);
#1714=VECTOR('',#6237,39.3700787402);
#1715=VECTOR('',#6244,39.3700787402);
#1716=VECTOR('',#6247,39.3700787402);
#1717=VECTOR('',#6252,39.3700787402);
#1718=VECTOR('',#6255,39.3700787402);
#1719=VECTOR('',#6258,39.3700787402);
#1720=VECTOR('',#6261,39.3700787402);
#1721=VECTOR('',#6264,39.3700787402);
#1722=VECTOR('',#6265,39.3700787402);
#1723=VECTOR('',#6268,39.3700787402);
#1724=VECTOR('',#6271,39.3700787402);
#1725=VECTOR('',#6274,39.3700787402);
#1726=VECTOR('',#6277,39.3700787402);
#1727=VECTOR('',#6300,39.3700787402);
#1728=VECTOR('',#6301,39.3700787402);
#1729=VECTOR('',#6302,39.3700787402);
#1730=VECTOR('',#6303,39.3700787402);
#1731=VECTOR('',#6304,39.3700787402);
#1732=VECTOR('',#6305,39.3700787402);
#1733=VECTOR('',#6310,39.3700787402);
#1734=VECTOR('',#6313,39.3700787402);
#1735=VECTOR('',#6314,39.3700787402);
#1736=VECTOR('',#6315,39.3700787402);
#1737=VECTOR('',#6316,39.3700787402);
#1738=VECTOR('',#6317,39.3700787402);
#1739=VECTOR('',#6320,39.3700787402);
#1740=VECTOR('',#6323,39.3700787402);
#1741=VECTOR('',#6324,39.3700787402);
#1742=VECTOR('',#6325,39.3700787402);
#1743=VECTOR('',#6326,39.3700787402);
#1744=VECTOR('',#6327,39.3700787402);
#1745=VECTOR('',#6330,39.3700787402);
#1746=VECTOR('',#6333,39.3700787402);
#1747=VECTOR('',#6334,39.3700787402);
#1748=VECTOR('',#6335,39.3700787402);
#1749=VECTOR('',#6336,39.3700787402);
#1750=VECTOR('',#6337,39.3700787402);
#1751=VECTOR('',#6340,39.3700787402);
#1752=VECTOR('',#6341,39.3700787402);
#1753=VECTOR('',#6342,39.3700787402);
#1754=VECTOR('',#6343,39.3700787402);
#1755=VECTOR('',#6346,39.3700787402);
#1756=VECTOR('',#6347,39.3700787402);
#1757=VECTOR('',#6348,39.3700787402);
#1758=VECTOR('',#6349,39.3700787402);
#1759=VECTOR('',#6352,39.3700787402);
#1760=VECTOR('',#6353,39.3700787402);
#1761=VECTOR('',#6354,39.3700787402);
#1762=VECTOR('',#6355,39.3700787402);
#1763=VECTOR('',#6358,39.3700787402);
#1764=VECTOR('',#6359,39.3700787402);
#1765=VECTOR('',#6360,39.3700787402);
#1766=VECTOR('',#6363,39.3700787402);
#1767=VECTOR('',#6364,39.3700787402);
#1768=VECTOR('',#6367,39.3700787402);
#1769=VECTOR('',#6368,39.3700787402);
#1770=VECTOR('',#6369,39.3700787402);
#1771=VECTOR('',#6372,39.3700787402);
#1772=VECTOR('',#6373,39.3700787402);
#1773=VECTOR('',#6374,39.3700787402);
#1774=VECTOR('',#6377,39.3700787402);
#1775=VECTOR('',#6378,39.3700787402);
#1776=VECTOR('',#6379,39.3700787402);
#1777=VECTOR('',#6380,39.3700787402);
#1778=VECTOR('',#6385,39.3700787402);
#1779=VECTOR('',#6388,39.3700787402);
#1780=VECTOR('',#6393,39.3700787402);
#1781=VECTOR('',#6396,39.3700787402);
#1782=VECTOR('',#6399,39.3700787402);
#1783=VECTOR('',#6400,39.3700787402);
#1784=VECTOR('',#6401,39.3700787402);
#1785=VECTOR('',#6406,39.3700787402);
#1786=VECTOR('',#6409,39.3700787402);
#1787=VECTOR('',#6412,39.3700787402);
#1788=VECTOR('',#6413,39.3700787402);
#1789=VECTOR('',#6414,39.3700787402);
#1790=VECTOR('',#6417,39.3700787402);
#1791=VECTOR('',#6418,39.3700787402);
#1792=VECTOR('',#6421,39.3700787402);
#1793=VECTOR('',#6426,39.3700787402);
#1794=VECTOR('',#6427,39.3700787402);
#1795=VECTOR('',#6428,39.3700787402);
#1796=VECTOR('',#6433,39.3700787402);
#1797=VECTOR('',#6436,39.3700787402);
#1798=VECTOR('',#6439,39.3700787402);
#1799=VECTOR('',#6440,39.3700787402);
#1800=VECTOR('',#6441,39.3700787402);
#1801=VECTOR('',#6444,39.3700787402);
#1802=VECTOR('',#6445,39.3700787402);
#1803=VECTOR('',#6446,39.3700787402);
#1804=VECTOR('',#6449,39.3700787402);
#1805=VECTOR('',#6452,39.3700787402);
#1806=VECTOR('',#6453,39.3700787402);
#1807=VECTOR('',#6456,39.3700787402);
#1808=VECTOR('',#6457,39.3700787402);
#1809=VECTOR('',#6460,39.3700787402);
#1810=VECTOR('',#6461,39.3700787402);
#1811=VECTOR('',#6464,39.3700787402);
#1812=VECTOR('',#6465,39.3700787402);
#1813=VECTOR('',#6466,39.3700787402);
#1814=VECTOR('',#6469,39.3700787402);
#1815=VECTOR('',#6470,39.3700787402);
#1816=VECTOR('',#6473,39.3700787402);
#1817=VECTOR('',#6474,39.3700787402);
#1818=VECTOR('',#6475,39.3700787402);
#1819=VECTOR('',#6478,39.3700787402);
#1820=VECTOR('',#6479,39.3700787402);
#1821=VECTOR('',#6480,39.3700787402);
#1822=VECTOR('',#6481,39.3700787402);
#1823=VECTOR('',#6482,39.3700787402);
#1824=VECTOR('',#6483,39.3700787402);
#1825=VECTOR('',#6488,39.3700787402);
#1826=VECTOR('',#6491,39.3700787402);
#1827=VECTOR('',#6492,39.3700787402);
#1828=VECTOR('',#6493,39.3700787402);
#1829=VECTOR('',#6494,39.3700787402);
#1830=VECTOR('',#6495,39.3700787402);
#1831=VECTOR('',#6498,39.3700787402);
#1832=VECTOR('',#6501,39.3700787402);
#1833=VECTOR('',#6502,39.3700787402);
#1834=VECTOR('',#6503,39.3700787402);
#1835=VECTOR('',#6504,39.3700787402);
#1836=VECTOR('',#6505,39.3700787402);
#1837=VECTOR('',#6508,39.3700787402);
#1838=VECTOR('',#6509,39.3700787402);
#1839=VECTOR('',#6510,39.3700787402);
#1840=VECTOR('',#6511,39.3700787402);
#1841=VECTOR('',#6512,39.3700787402);
#1842=VECTOR('',#6513,39.3700787402);
#1843=VECTOR('',#6518,39.3700787402);
#1844=VECTOR('',#6519,39.3700787402);
#1845=VECTOR('',#6520,39.3700787402);
#1846=VECTOR('',#6523,39.3700787402);
#1847=VECTOR('',#6524,39.3700787402);
#1848=VECTOR('',#6525,39.3700787402);
#1849=VECTOR('',#6528,39.3700787402);
#1850=VECTOR('',#6529,39.3700787402);
#1851=VECTOR('',#6530,39.3700787402);
#1852=VECTOR('',#6533,39.3700787402);
#1853=VECTOR('',#6534,39.3700787402);
#1854=VECTOR('',#6537,39.3700787402);
#1855=VECTOR('',#6538,39.3700787402);
#1856=VECTOR('',#6541,39.3700787402);
#1857=VECTOR('',#6542,39.3700787402);
#1858=VECTOR('',#6543,39.3700787402);
#1859=VECTOR('',#6544,39.3700787402);
#1860=VECTOR('',#6545,39.3700787402);
#1861=VECTOR('',#6548,39.3700787402);
#1862=VECTOR('',#6549,39.3700787402);
#1863=VECTOR('',#6550,39.3700787402);
#1864=VECTOR('',#6551,39.3700787402);
#1865=VECTOR('',#6552,39.3700787402);
#1866=VECTOR('',#6555,39.3700787402);
#1867=VECTOR('',#6556,39.3700787402);
#1868=VECTOR('',#6559,39.3700787402);
#1869=VECTOR('',#6560,39.3700787402);
#1870=VECTOR('',#6561,39.3700787402);
#1871=VECTOR('',#6562,39.3700787402);
#1872=VECTOR('',#6563,39.3700787402);
#1873=VECTOR('',#6566,39.3700787402);
#1874=VECTOR('',#6567,39.3700787402);
#1875=VECTOR('',#6568,39.3700787402);
#1876=VECTOR('',#6569,39.3700787402);
#1877=VECTOR('',#6570,39.3700787402);
#1878=VECTOR('',#6571,39.3700787402);
#1879=VECTOR('',#6572,39.3700787402);
#1880=VECTOR('',#6573,39.3700787402);
#1881=VECTOR('',#6574,39.3700787402);
#1882=VECTOR('',#6577,39.3700787402);
#1883=VECTOR('',#6578,39.3700787402);
#1884=VECTOR('',#6581,39.3700787402);
#1885=VECTOR('',#6582,39.3700787402);
#1886=VECTOR('',#6585,39.3700787402);
#1887=VECTOR('',#6586,39.3700787402);
#1888=VECTOR('',#6591,39.3700787402);
#1889=VECTOR('',#6594,39.3700787402);
#1890=VECTOR('',#6595,39.3700787402);
#1891=VECTOR('',#6598,39.3700787402);
#1892=VECTOR('',#6599,39.3700787402);
#1893=VECTOR('',#6600,39.3700787402);
#1894=VECTOR('',#6601,39.3700787402);
#1895=VECTOR('',#6602,39.3700787402);
#1896=VECTOR('',#6603,39.3700787402);
#1897=VECTOR('',#6604,39.3700787402);
#1898=VECTOR('',#6605,39.3700787402);
#1899=VECTOR('',#6608,39.3700787402);
#1900=VECTOR('',#6611,39.3700787402);
#1901=VECTOR('',#6614,39.3700787402);
#1902=VECTOR('',#6617,39.3700787402);
#1903=VECTOR('',#6620,39.3700787402);
#1904=VECTOR('',#6629,39.3700787402);
#1905=VECTOR('',#6632,39.3700787402);
#1906=VECTOR('',#6635,39.3700787402);
#1907=VECTOR('',#6638,39.3700787402);
#1908=VECTOR('',#6641,39.3700787402);
#1909=VECTOR('',#6644,39.3700787402);
#1910=VECTOR('',#6647,39.3700787402);
#1911=VECTOR('',#6650,39.3700787402);
#1912=VECTOR('',#6653,39.3700787402);
#1913=VECTOR('',#6656,39.3700787402);
#1914=VERTEX_POINT('',#6676);
#1915=VERTEX_POINT('',#6677);
#1916=VERTEX_POINT('',#6679);
#1917=VERTEX_POINT('',#6681);
#1918=VERTEX_POINT('',#6683);
#1919=VERTEX_POINT('',#6685);
#1920=VERTEX_POINT('',#6687);
#1921=VERTEX_POINT('',#6689);
#1922=VERTEX_POINT('',#6691);
#1923=VERTEX_POINT('',#6693);
#1924=VERTEX_POINT('',#6695);
#1925=VERTEX_POINT('',#6697);
#1926=VERTEX_POINT('',#6700);
#1927=VERTEX_POINT('',#6701);
#1928=VERTEX_POINT('',#6703);
#1929=VERTEX_POINT('',#6705);
#1930=VERTEX_POINT('',#6708);
#1931=VERTEX_POINT('',#6709);
#1932=VERTEX_POINT('',#6711);
#1933=VERTEX_POINT('',#6713);
#1934=VERTEX_POINT('',#6716);
#1935=VERTEX_POINT('',#6717);
#1936=VERTEX_POINT('',#6719);
#1937=VERTEX_POINT('',#6721);
#1938=VERTEX_POINT('',#6724);
#1939=VERTEX_POINT('',#6725);
#1940=VERTEX_POINT('',#6727);
#1941=VERTEX_POINT('',#6729);
#1942=VERTEX_POINT('',#6732);
#1943=VERTEX_POINT('',#6733);
#1944=VERTEX_POINT('',#6735);
#1945=VERTEX_POINT('',#6737);
#1946=VERTEX_POINT('',#6740);
#1947=VERTEX_POINT('',#6741);
#1948=VERTEX_POINT('',#6743);
#1949=VERTEX_POINT('',#6745);
#1950=VERTEX_POINT('',#6748);
#1951=VERTEX_POINT('',#6749);
#1952=VERTEX_POINT('',#6751);
#1953=VERTEX_POINT('',#6753);
#1954=VERTEX_POINT('',#6756);
#1955=VERTEX_POINT('',#6757);
#1956=VERTEX_POINT('',#6759);
#1957=VERTEX_POINT('',#6761);
#1958=VERTEX_POINT('',#6764);
#1959=VERTEX_POINT('',#6765);
#1960=VERTEX_POINT('',#6767);
#1961=VERTEX_POINT('',#6769);
#1962=VERTEX_POINT('',#6772);
#1963=VERTEX_POINT('',#6773);
#1964=VERTEX_POINT('',#6775);
#1965=VERTEX_POINT('',#6777);
#1966=VERTEX_POINT('',#6781);
#1967=VERTEX_POINT('',#6782);
#1968=VERTEX_POINT('',#6784);
#1969=VERTEX_POINT('',#6786);
#1970=VERTEX_POINT('',#6788);
#1971=VERTEX_POINT('',#6790);
#1972=VERTEX_POINT('',#6792);
#1973=VERTEX_POINT('',#6794);
#1974=VERTEX_POINT('',#6796);
#1975=VERTEX_POINT('',#6798);
#1976=VERTEX_POINT('',#6800);
#1977=VERTEX_POINT('',#6802);
#1978=VERTEX_POINT('',#6805);
#1979=VERTEX_POINT('',#6806);
#1980=VERTEX_POINT('',#6808);
#1981=VERTEX_POINT('',#6810);
#1982=VERTEX_POINT('',#6813);
#1983=VERTEX_POINT('',#6814);
#1984=VERTEX_POINT('',#6816);
#1985=VERTEX_POINT('',#6818);
#1986=VERTEX_POINT('',#6821);
#1987=VERTEX_POINT('',#6822);
#1988=VERTEX_POINT('',#6824);
#1989=VERTEX_POINT('',#6826);
#1990=VERTEX_POINT('',#6829);
#1991=VERTEX_POINT('',#6830);
#1992=VERTEX_POINT('',#6832);
#1993=VERTEX_POINT('',#6834);
#1994=VERTEX_POINT('',#6838);
#1995=VERTEX_POINT('',#6839);
#1996=VERTEX_POINT('',#6844);
#1997=VERTEX_POINT('',#6846);
#1998=VERTEX_POINT('',#6848);
#1999=VERTEX_POINT('',#6851);
#2000=VERTEX_POINT('',#6853);
#2001=VERTEX_POINT('',#6855);
#2002=VERTEX_POINT('',#6859);
#2003=VERTEX_POINT('',#6860);
#2004=VERTEX_POINT('',#6862);
#2005=VERTEX_POINT('',#6867);
#2006=VERTEX_POINT('',#6868);
#2007=VERTEX_POINT('',#6870);
#2008=VERTEX_POINT('',#6873);
#2009=VERTEX_POINT('',#6877);
#2010=VERTEX_POINT('',#6879);
#2011=VERTEX_POINT('',#6883);
#2012=VERTEX_POINT('',#6885);
#2013=VERTEX_POINT('',#6887);
#2014=VERTEX_POINT('',#6889);
#2015=VERTEX_POINT('',#6893);
#2016=VERTEX_POINT('',#6894);
#2017=VERTEX_POINT('',#6896);
#2018=VERTEX_POINT('',#6898);
#2019=VERTEX_POINT('',#6900);
#2020=VERTEX_POINT('',#6902);
#2021=VERTEX_POINT('',#6906);
#2022=VERTEX_POINT('',#6907);
#2023=VERTEX_POINT('',#6909);
#2024=VERTEX_POINT('',#6911);
#2025=VERTEX_POINT('',#6913);
#2026=VERTEX_POINT('',#6915);
#2027=VERTEX_POINT('',#6925);
#2028=VERTEX_POINT('',#6927);
#2029=VERTEX_POINT('',#6931);
#2030=VERTEX_POINT('',#6933);
#2031=VERTEX_POINT('',#6937);
#2032=VERTEX_POINT('',#6938);
#2033=VERTEX_POINT('',#6940);
#2034=VERTEX_POINT('',#6942);
#2035=VERTEX_POINT('',#6946);
#2036=VERTEX_POINT('',#6948);
#2037=VERTEX_POINT('',#6955);
#2038=VERTEX_POINT('',#6959);
#2039=VERTEX_POINT('',#6961);
#2040=VERTEX_POINT('',#6968);
#2041=VERTEX_POINT('',#6970);
#2042=VERTEX_POINT('',#6974);
#2043=VERTEX_POINT('',#6976);
#2044=VERTEX_POINT('',#6983);
#2045=VERTEX_POINT('',#6986);
#2046=VERTEX_POINT('',#7020);
#2047=VERTEX_POINT('',#7022);
#2048=VERTEX_POINT('',#7026);
#2049=VERTEX_POINT('',#7030);
#2050=VERTEX_POINT('',#7034);
#2051=VERTEX_POINT('',#7036);
#2052=VERTEX_POINT('',#7040);
#2053=VERTEX_POINT('',#7044);
#2054=VERTEX_POINT('',#7048);
#2055=VERTEX_POINT('',#7050);
#2056=VERTEX_POINT('',#7054);
#2057=VERTEX_POINT('',#7058);
#2058=VERTEX_POINT('',#7062);
#2059=VERTEX_POINT('',#7064);
#2060=VERTEX_POINT('',#7068);
#2061=VERTEX_POINT('',#7072);
#2062=VERTEX_POINT('',#7076);
#2063=VERTEX_POINT('',#7078);
#2064=VERTEX_POINT('',#7082);
#2065=VERTEX_POINT('',#7086);
#2066=VERTEX_POINT('',#7090);
#2067=VERTEX_POINT('',#7092);
#2068=VERTEX_POINT('',#7096);
#2069=VERTEX_POINT('',#7100);
#2070=VERTEX_POINT('',#7104);
#2071=VERTEX_POINT('',#7128);
#2072=VERTEX_POINT('',#7154);
#2073=VERTEX_POINT('',#7160);
#2074=VERTEX_POINT('',#7173);
#2075=VERTEX_POINT('',#7174);
#2076=VERTEX_POINT('',#7176);
#2077=VERTEX_POINT('',#7178);
#2078=VERTEX_POINT('',#7182);
#2079=VERTEX_POINT('',#7183);
#2080=VERTEX_POINT('',#7185);
#2081=VERTEX_POINT('',#7187);
#2082=VERTEX_POINT('',#7191);
#2083=VERTEX_POINT('',#7192);
#2084=VERTEX_POINT('',#7194);
#2085=VERTEX_POINT('',#7196);
#2086=VERTEX_POINT('',#7200);
#2087=VERTEX_POINT('',#7201);
#2088=VERTEX_POINT('',#7203);
#2089=VERTEX_POINT('',#7205);
#2090=VERTEX_POINT('',#7209);
#2091=VERTEX_POINT('',#7210);
#2092=VERTEX_POINT('',#7212);
#2093=VERTEX_POINT('',#7214);
#2094=VERTEX_POINT('',#7218);
#2095=VERTEX_POINT('',#7219);
#2096=VERTEX_POINT('',#7221);
#2097=VERTEX_POINT('',#7223);
#2098=VERTEX_POINT('',#7227);
#2099=VERTEX_POINT('',#7228);
#2100=VERTEX_POINT('',#7230);
#2101=VERTEX_POINT('',#7232);
#2102=VERTEX_POINT('',#7236);
#2103=VERTEX_POINT('',#7238);
#2104=VERTEX_POINT('',#7241);
#2105=VERTEX_POINT('',#7243);
#2106=VERTEX_POINT('',#7245);
#2107=VERTEX_POINT('',#7247);
#2108=VERTEX_POINT('',#7249);
#2109=VERTEX_POINT('',#7251);
#2110=VERTEX_POINT('',#7253);
#2111=VERTEX_POINT('',#7255);
#2112=VERTEX_POINT('',#7257);
#2113=VERTEX_POINT('',#7259);
#2114=VERTEX_POINT('',#7262);
#2115=VERTEX_POINT('',#7264);
#2116=VERTEX_POINT('',#7268);
#2117=VERTEX_POINT('',#7269);
#2118=VERTEX_POINT('',#7271);
#2119=VERTEX_POINT('',#7273);
#2120=VERTEX_POINT('',#7280);
#2121=VERTEX_POINT('',#7281);
#2122=VERTEX_POINT('',#7283);
#2123=VERTEX_POINT('',#7285);
#2124=VERTEX_POINT('',#7289);
#2125=VERTEX_POINT('',#7291);
#2126=VERTEX_POINT('',#7295);
#2127=VERTEX_POINT('',#7296);
#2128=VERTEX_POINT('',#7298);
#2129=VERTEX_POINT('',#7300);
#2130=VERTEX_POINT('',#7304);
#2131=VERTEX_POINT('',#7305);
#2132=VERTEX_POINT('',#7307);
#2133=VERTEX_POINT('',#7309);
#2134=VERTEX_POINT('',#7313);
#2135=VERTEX_POINT('',#7314);
#2136=VERTEX_POINT('',#7316);
#2137=VERTEX_POINT('',#7318);
#2138=VERTEX_POINT('',#7322);
#2139=VERTEX_POINT('',#7323);
#2140=VERTEX_POINT('',#7325);
#2141=VERTEX_POINT('',#7327);
#2142=VERTEX_POINT('',#7331);
#2143=VERTEX_POINT('',#7333);
#2144=VERTEX_POINT('',#7337);
#2145=VERTEX_POINT('',#7339);
#2146=VERTEX_POINT('',#7346);
#2147=VERTEX_POINT('',#7347);
#2148=VERTEX_POINT('',#7349);
#2149=VERTEX_POINT('',#7351);
#2150=VERTEX_POINT('',#7355);
#2151=VERTEX_POINT('',#7357);
#2152=VERTEX_POINT('',#7361);
#2153=VERTEX_POINT('',#7363);
#2154=VERTEX_POINT('',#7367);
#2155=VERTEX_POINT('',#7371);
#2156=VERTEX_POINT('',#7373);
#2157=VERTEX_POINT('',#7376);
#2158=VERTEX_POINT('',#7378);
#2159=VERTEX_POINT('',#7381);
#2160=VERTEX_POINT('',#7383);
#2161=VERTEX_POINT('',#7385);
#2162=VERTEX_POINT('',#7387);
#2163=VERTEX_POINT('',#7389);
#2164=VERTEX_POINT('',#7399);
#2165=VERTEX_POINT('',#7401);
#2166=VERTEX_POINT('',#7408);
#2167=VERTEX_POINT('',#7410);
#2168=VERTEX_POINT('',#7414);
#2169=VERTEX_POINT('',#7416);
#2170=VERTEX_POINT('',#7420);
#2171=VERTEX_POINT('',#7422);
#2172=VERTEX_POINT('',#7426);
#2173=VERTEX_POINT('',#7428);
#2174=VERTEX_POINT('',#7432);
#2175=VERTEX_POINT('',#7435);
#2176=VERTEX_POINT('',#7439);
#2177=VERTEX_POINT('',#7440);
#2178=VERTEX_POINT('',#7442);
#2179=VERTEX_POINT('',#7447);
#2180=VERTEX_POINT('',#7449);
#2181=VERTEX_POINT('',#7453);
#2182=VERTEX_POINT('',#7455);
#2183=VERTEX_POINT('',#7459);
#2184=VERTEX_POINT('',#7461);
#2185=VERTEX_POINT('',#7465);
#2186=VERTEX_POINT('',#7472);
#2187=VERTEX_POINT('',#7477);
#2188=VERTEX_POINT('',#7481);
#2189=VERTEX_POINT('',#7487);
#2190=VERTEX_POINT('',#7491);
#2191=VERTEX_POINT('',#7496);
#2192=VERTEX_POINT('',#7499);
#2193=VERTEX_POINT('',#7503);
#2194=VERTEX_POINT('',#7506);
#2195=VERTEX_POINT('',#7509);
#2196=VERTEX_POINT('',#7515);
#2197=VERTEX_POINT('',#7517);
#2198=VERTEX_POINT('',#7521);
#2199=VERTEX_POINT('',#7523);
#2200=VERTEX_POINT('',#7533);
#2201=VERTEX_POINT('',#7538);
#2202=VERTEX_POINT('',#7540);
#2203=VERTEX_POINT('',#7548);
#2204=VERTEX_POINT('',#7549);
#2205=VERTEX_POINT('',#7559);
#2206=VERTEX_POINT('',#7561);
#2207=VERTEX_POINT('',#7565);
#2208=VERTEX_POINT('',#7578);
#2209=VERTEX_POINT('',#7580);
#2210=VERTEX_POINT('',#7584);
#2211=VERTEX_POINT('',#7586);
#2212=VERTEX_POINT('',#7630);
#2213=VERTEX_POINT('',#7631);
#2214=VERTEX_POINT('',#7633);
#2215=VERTEX_POINT('',#7635);
#2216=VERTEX_POINT('',#7637);
#2217=VERTEX_POINT('',#7639);
#2218=VERTEX_POINT('',#7641);
#2219=VERTEX_POINT('',#7645);
#2220=VERTEX_POINT('',#7646);
#2221=VERTEX_POINT('',#7648);
#2222=VERTEX_POINT('',#7650);
#2223=VERTEX_POINT('',#7652);
#2224=VERTEX_POINT('',#7654);
#2225=VERTEX_POINT('',#7656);
#2226=VERTEX_POINT('',#7660);
#2227=VERTEX_POINT('',#7661);
#2228=VERTEX_POINT('',#7663);
#2229=VERTEX_POINT('',#7665);
#2230=VERTEX_POINT('',#7667);
#2231=VERTEX_POINT('',#7669);
#2232=VERTEX_POINT('',#7671);
#2233=VERTEX_POINT('',#7675);
#2234=VERTEX_POINT('',#7676);
#2235=VERTEX_POINT('',#7678);
#2236=VERTEX_POINT('',#7680);
#2237=VERTEX_POINT('',#7682);
#2238=VERTEX_POINT('',#7684);
#2239=VERTEX_POINT('',#7686);
#2240=VERTEX_POINT('',#7690);
#2241=VERTEX_POINT('',#7691);
#2242=VERTEX_POINT('',#7693);
#2243=VERTEX_POINT('',#7695);
#2244=VERTEX_POINT('',#7699);
#2245=VERTEX_POINT('',#7700);
#2246=VERTEX_POINT('',#7702);
#2247=VERTEX_POINT('',#7704);
#2248=VERTEX_POINT('',#7708);
#2249=VERTEX_POINT('',#7709);
#2250=VERTEX_POINT('',#7711);
#2251=VERTEX_POINT('',#7713);
#2252=VERTEX_POINT('',#7717);
#2253=VERTEX_POINT('',#7719);
#2254=VERTEX_POINT('',#7726);
#2255=VERTEX_POINT('',#7728);
#2256=VERTEX_POINT('',#7732);
#2257=VERTEX_POINT('',#7734);
#2258=VERTEX_POINT('',#7738);
#2259=VERTEX_POINT('',#7739);
#2260=VERTEX_POINT('',#7741);
#2261=VERTEX_POINT('',#7743);
#2262=VERTEX_POINT('',#7747);
#2263=VERTEX_POINT('',#7748);
#2264=VERTEX_POINT('',#7750);
#2265=VERTEX_POINT('',#7752);
#2266=VERTEX_POINT('',#7756);
#2267=VERTEX_POINT('',#7757);
#2268=VERTEX_POINT('',#7759);
#2269=VERTEX_POINT('',#7761);
#2270=VERTEX_POINT('',#7765);
#2271=VERTEX_POINT('',#7767);
#2272=VERTEX_POINT('',#7771);
#2273=VERTEX_POINT('',#7772);
#2274=VERTEX_POINT('',#7774);
#2275=VERTEX_POINT('',#7776);
#2276=VERTEX_POINT('',#7780);
#2277=VERTEX_POINT('',#7782);
#2278=VERTEX_POINT('',#7789);
#2279=VERTEX_POINT('',#7793);
#2280=VERTEX_POINT('',#7795);
#2281=VERTEX_POINT('',#7799);
#2282=VERTEX_POINT('',#7800);
#2283=VERTEX_POINT('',#7802);
#2284=VERTEX_POINT('',#7804);
#2285=VERTEX_POINT('',#7808);
#2286=VERTEX_POINT('',#7810);
#2287=VERTEX_POINT('',#7814);
#2288=VERTEX_POINT('',#7816);
#2289=VERTEX_POINT('',#7831);
#2290=VERTEX_POINT('',#7833);
#2291=VERTEX_POINT('',#7837);
#2292=VERTEX_POINT('',#7841);
#2293=VERTEX_POINT('',#7843);
#2294=VERTEX_POINT('',#7847);
#2295=VERTEX_POINT('',#7848);
#2296=VERTEX_POINT('',#7850);
#2297=VERTEX_POINT('',#7852);
#2298=VERTEX_POINT('',#7854);
#2299=VERTEX_POINT('',#7856);
#2300=VERTEX_POINT('',#7858);
#2301=VERTEX_POINT('',#7862);
#2302=VERTEX_POINT('',#7863);
#2303=VERTEX_POINT('',#7865);
#2304=VERTEX_POINT('',#7867);
#2305=VERTEX_POINT('',#7869);
#2306=VERTEX_POINT('',#7871);
#2307=VERTEX_POINT('',#7873);
#2308=VERTEX_POINT('',#7877);
#2309=VERTEX_POINT('',#7878);
#2310=VERTEX_POINT('',#7880);
#2311=VERTEX_POINT('',#7882);
#2312=VERTEX_POINT('',#7884);
#2313=VERTEX_POINT('',#7886);
#2314=VERTEX_POINT('',#7888);
#2315=VERTEX_POINT('',#7892);
#2316=VERTEX_POINT('',#7893);
#2317=VERTEX_POINT('',#7895);
#2318=VERTEX_POINT('',#7897);
#2319=VERTEX_POINT('',#7899);
#2320=VERTEX_POINT('',#7901);
#2321=VERTEX_POINT('',#7903);
#2322=VERTEX_POINT('',#7907);
#2323=VERTEX_POINT('',#7909);
#2324=VERTEX_POINT('',#7913);
#2325=VERTEX_POINT('',#7915);
#2326=VERTEX_POINT('',#7919);
#2327=VERTEX_POINT('',#7921);
#2328=VERTEX_POINT('',#7925);
#2329=VERTEX_POINT('',#7929);
#2330=VERTEX_POINT('',#7931);
#2331=VERTEX_POINT('',#7933);
#2332=VERTEX_POINT('',#7935);
#2333=VERTEX_POINT('',#7937);
#2334=VERTEX_POINT('',#7939);
#2335=VERTEX_POINT('',#7941);
#2336=VERTEX_POINT('',#7945);
#2337=VERTEX_POINT('',#7947);
#2338=VERTEX_POINT('',#7949);
#2339=VERTEX_POINT('',#7951);
#2340=VERTEX_POINT('',#7953);
#2341=VERTEX_POINT('',#7955);
#2342=VERTEX_POINT('',#7957);
#2343=VERTEX_POINT('',#7968);
#2344=VERTEX_POINT('',#7970);
#2345=VERTEX_POINT('',#7979);
#2346=VERTEX_POINT('',#7983);
#2347=VERTEX_POINT('',#7987);
#2348=VERTEX_POINT('',#7991);
#2349=VERTEX_POINT('',#7995);
#2350=EDGE_CURVE('',#1914,#1915,#594,.T.);
#2351=EDGE_CURVE('',#1915,#1916,#595,.T.);
#2352=EDGE_CURVE('',#1917,#1916,#596,.T.);
#2353=EDGE_CURVE('',#1918,#1917,#597,.T.);
#2354=EDGE_CURVE('',#1919,#1918,#598,.T.);
#2355=EDGE_CURVE('',#1919,#1920,#599,.T.);
#2356=EDGE_CURVE('',#1921,#1920,#600,.T.);
#2357=EDGE_CURVE('',#1921,#1922,#601,.T.);
#2358=EDGE_CURVE('',#1922,#1923,#602,.T.);
#2359=EDGE_CURVE('',#1923,#1924,#603,.T.);
#2360=EDGE_CURVE('',#1925,#1924,#604,.T.);
#2361=EDGE_CURVE('',#1925,#1914,#605,.T.);
#2362=EDGE_CURVE('',#1926,#1927,#606,.T.);
#2363=EDGE_CURVE('',#1928,#1926,#607,.T.);
#2364=EDGE_CURVE('',#1929,#1928,#608,.T.);
#2365=EDGE_CURVE('',#1927,#1929,#609,.T.);
#2366=EDGE_CURVE('',#1930,#1931,#610,.T.);
#2367=EDGE_CURVE('',#1932,#1930,#611,.T.);
#2368=EDGE_CURVE('',#1933,#1932,#612,.T.);
#2369=EDGE_CURVE('',#1931,#1933,#613,.T.);
#2370=EDGE_CURVE('',#1934,#1935,#614,.T.);
#2371=EDGE_CURVE('',#1936,#1934,#615,.T.);
#2372=EDGE_CURVE('',#1937,#1936,#616,.T.);
#2373=EDGE_CURVE('',#1935,#1937,#617,.T.);
#2374=EDGE_CURVE('',#1938,#1939,#618,.T.);
#2375=EDGE_CURVE('',#1940,#1938,#619,.T.);
#2376=EDGE_CURVE('',#1941,#1940,#620,.T.);
#2377=EDGE_CURVE('',#1939,#1941,#621,.T.);
#2378=EDGE_CURVE('',#1942,#1943,#622,.T.);
#2379=EDGE_CURVE('',#1944,#1942,#623,.T.);
#2380=EDGE_CURVE('',#1945,#1944,#624,.T.);
#2381=EDGE_CURVE('',#1943,#1945,#625,.T.);
#2382=EDGE_CURVE('',#1946,#1947,#626,.T.);
#2383=EDGE_CURVE('',#1948,#1946,#627,.T.);
#2384=EDGE_CURVE('',#1949,#1948,#628,.T.);
#2385=EDGE_CURVE('',#1947,#1949,#629,.T.);
#2386=EDGE_CURVE('',#1950,#1951,#630,.T.);
#2387=EDGE_CURVE('',#1952,#1950,#631,.T.);
#2388=EDGE_CURVE('',#1953,#1952,#632,.T.);
#2389=EDGE_CURVE('',#1951,#1953,#633,.T.);
#2390=EDGE_CURVE('',#1954,#1955,#634,.T.);
#2391=EDGE_CURVE('',#1956,#1954,#635,.T.);
#2392=EDGE_CURVE('',#1957,#1956,#636,.T.);
#2393=EDGE_CURVE('',#1955,#1957,#637,.T.);
#2394=EDGE_CURVE('',#1958,#1959,#638,.T.);
#2395=EDGE_CURVE('',#1960,#1958,#639,.T.);
#2396=EDGE_CURVE('',#1961,#1960,#640,.T.);
#2397=EDGE_CURVE('',#1959,#1961,#641,.T.);
#2398=EDGE_CURVE('',#1962,#1963,#642,.T.);
#2399=EDGE_CURVE('',#1964,#1962,#643,.T.);
#2400=EDGE_CURVE('',#1965,#1964,#644,.T.);
#2401=EDGE_CURVE('',#1963,#1965,#645,.T.);
#2402=EDGE_CURVE('',#1966,#1967,#646,.T.);
#2403=EDGE_CURVE('',#1966,#1968,#647,.T.);
#2404=EDGE_CURVE('',#1968,#1969,#648,.T.);
#2405=EDGE_CURVE('',#1969,#1970,#649,.T.);
#2406=EDGE_CURVE('',#1971,#1970,#650,.T.);
#2407=EDGE_CURVE('',#1972,#1971,#651,.T.);
#2408=EDGE_CURVE('',#1973,#1972,#652,.T.);
#2409=EDGE_CURVE('',#1973,#1974,#653,.T.);
#2410=EDGE_CURVE('',#1974,#1975,#654,.T.);
#2411=EDGE_CURVE('',#1975,#1976,#655,.T.);
#2412=EDGE_CURVE('',#1977,#1976,#656,.T.);
#2413=EDGE_CURVE('',#1967,#1977,#657,.T.);
#2414=EDGE_CURVE('',#1978,#1979,#658,.T.);
#2415=EDGE_CURVE('',#1979,#1980,#659,.T.);
#2416=EDGE_CURVE('',#1980,#1981,#660,.T.);
#2417=EDGE_CURVE('',#1981,#1978,#661,.T.);
#2418=EDGE_CURVE('',#1982,#1983,#662,.T.);
#2419=EDGE_CURVE('',#1983,#1984,#663,.T.);
#2420=EDGE_CURVE('',#1984,#1985,#664,.T.);
#2421=EDGE_CURVE('',#1985,#1982,#665,.T.);
#2422=EDGE_CURVE('',#1986,#1987,#666,.T.);
#2423=EDGE_CURVE('',#1987,#1988,#667,.T.);
#2424=EDGE_CURVE('',#1988,#1989,#668,.T.);
#2425=EDGE_CURVE('',#1989,#1986,#669,.T.);
#2426=EDGE_CURVE('',#1990,#1991,#670,.T.);
#2427=EDGE_CURVE('',#1991,#1992,#671,.T.);
#2428=EDGE_CURVE('',#1992,#1993,#672,.T.);
#2429=EDGE_CURVE('',#1993,#1990,#673,.T.);
#2430=EDGE_CURVE('',#1994,#1995,#674,.T.);
#2431=EDGE_CURVE('',#1924,#1995,#675,.T.);
#2432=EDGE_CURVE('',#1923,#1994,#676,.T.);
#2433=EDGE_CURVE('',#1918,#1996,#677,.T.);
#2434=EDGE_CURVE('',#1996,#1997,#678,.T.);
#2435=EDGE_CURVE('',#1997,#1998,#679,.T.);
#2436=EDGE_CURVE('',#1998,#1969,#680,.T.);
#2437=EDGE_CURVE('',#1999,#1968,#681,.T.);
#2438=EDGE_CURVE('',#1999,#2000,#682,.T.);
#2439=EDGE_CURVE('',#2000,#2001,#683,.T.);
#2440=EDGE_CURVE('',#2001,#1919,#684,.T.);
#2441=EDGE_CURVE('',#2002,#2003,#685,.T.);
#2442=EDGE_CURVE('',#2003,#2004,#686,.T.);
#2443=EDGE_CURVE('',#2004,#1917,#687,.T.);
#2444=EDGE_CURVE('',#2002,#1916,#688,.T.);
#2445=EDGE_CURVE('',#2005,#2006,#689,.T.);
#2446=EDGE_CURVE('',#2007,#2006,#690,.T.);
#2447=EDGE_CURVE('',#2007,#1995,#691,.T.);
#2448=EDGE_CURVE('',#2008,#1994,#692,.T.);
#2449=EDGE_CURVE('',#2008,#2005,#693,.T.);
#2450=EDGE_CURVE('',#2009,#2005,#694,.T.);
#2451=EDGE_CURVE('',#2010,#2008,#695,.T.);
#2452=EDGE_CURVE('',#2010,#2009,#696,.T.);
#2453=EDGE_CURVE('',#2011,#2009,#697,.T.);
#2454=EDGE_CURVE('',#2012,#2010,#698,.T.);
#2455=EDGE_CURVE('',#2012,#2013,#699,.T.);
#2456=EDGE_CURVE('',#2013,#2014,#700,.T.);
#2457=EDGE_CURVE('',#2014,#2011,#701,.T.);
#2458=EDGE_CURVE('',#2015,#2016,#702,.T.);
#2459=EDGE_CURVE('',#2017,#2016,#703,.T.);
#2460=EDGE_CURVE('',#2018,#2017,#704,.T.);
#2461=EDGE_CURVE('',#2018,#2019,#705,.T.);
#2462=EDGE_CURVE('',#2019,#2020,#706,.T.);
#2463=EDGE_CURVE('',#2020,#2015,#707,.T.);
#2464=EDGE_CURVE('',#2021,#2022,#708,.T.);
#2465=EDGE_CURVE('',#2023,#2022,#709,.T.);
#2466=EDGE_CURVE('',#2023,#2024,#710,.T.);
#2467=EDGE_CURVE('',#2025,#2024,#711,.T.);
#2468=EDGE_CURVE('',#2026,#2025,#712,.T.);
#2469=EDGE_CURVE('',#2026,#2021,#713,.T.);
#2470=EDGE_CURVE('',#2016,#2021,#714,.T.);
#2471=EDGE_CURVE('',#2017,#2026,#715,.T.);
#2472=EDGE_CURVE('',#1995,#2013,#716,.T.);
#2473=EDGE_CURVE('',#2007,#2014,#717,.T.);
#2474=EDGE_CURVE('',#2027,#1925,#718,.T.);
#2475=EDGE_CURVE('',#2028,#1924,#719,.T.);
#2476=EDGE_CURVE('',#2028,#2027,#720,.T.);
#2477=EDGE_CURVE('',#2029,#1974,#721,.T.);
#2478=EDGE_CURVE('',#2029,#2030,#722,.T.);
#2479=EDGE_CURVE('',#2030,#1975,#723,.T.);
#2480=EDGE_CURVE('',#2031,#2032,#724,.T.);
#2481=EDGE_CURVE('',#2033,#2031,#725,.T.);
#2482=EDGE_CURVE('',#2034,#2033,#726,.T.);
#2483=EDGE_CURVE('',#2032,#2034,#727,.T.);
#2484=EDGE_CURVE('',#1991,#2035,#728,.T.);
#2485=EDGE_CURVE('',#2035,#2036,#729,.T.);
#2486=EDGE_CURVE('',#2036,#1992,#730,.T.);
#2487=EDGE_CURVE('',#2024,#1966,#731,.T.);
#2488=EDGE_CURVE('',#2019,#2024,#732,.T.);
#2489=EDGE_CURVE('',#1921,#2019,#733,.T.);
#2490=EDGE_CURVE('',#2037,#1921,#734,.T.);
#2491=EDGE_CURVE('',#2037,#1999,#735,.T.);
#2492=EDGE_CURVE('',#2038,#2035,#736,.T.);
#2493=EDGE_CURVE('',#2039,#2038,#737,.T.);
#2494=EDGE_CURVE('',#2036,#2039,#738,.T.);
#2495=EDGE_CURVE('',#1976,#2013,#739,.T.);
#2496=EDGE_CURVE('',#2030,#2028,#740,.T.);
#2497=EDGE_CURVE('',#1987,#2040,#741,.T.);
#2498=EDGE_CURVE('',#2040,#2041,#742,.T.);
#2499=EDGE_CURVE('',#2041,#1988,#743,.T.);
#2500=EDGE_CURVE('',#2042,#2040,#744,.T.);
#2501=EDGE_CURVE('',#2043,#2042,#745,.T.);
#2502=EDGE_CURVE('',#2041,#2043,#746,.T.);
#2503=EDGE_CURVE('',#1959,#2043,#747,.T.);
#2504=EDGE_CURVE('',#1961,#1989,#748,.T.);
#2505=EDGE_CURVE('',#1978,#2044,#749,.T.);
#2506=EDGE_CURVE('',#1931,#1981,#750,.T.);
#2507=EDGE_CURVE('',#1933,#2045,#751,.T.);
#2508=EDGE_CURVE('',#2045,#2044,#752,.T.);
#2509=EDGE_CURVE('',#1963,#2039,#753,.T.);
#2510=EDGE_CURVE('',#1965,#1993,#754,.T.);
#2511=EDGE_CURVE('',#1962,#2038,#755,.T.);
#2512=EDGE_CURVE('',#1964,#1990,#756,.T.);
#2513=EDGE_CURVE('',#2012,#1977,#757,.T.);
#2514=EDGE_CURVE('',#1922,#2018,#758,.T.);
#2515=EDGE_CURVE('',#2025,#1967,#759,.T.);
#2516=EDGE_CURVE('',#2011,#1972,#760,.T.);
#2517=EDGE_CURVE('',#2022,#1971,#761,.T.);
#2518=EDGE_CURVE('',#1915,#2015,#762,.T.);
#2519=EDGE_CURVE('',#1914,#2006,#763,.T.);
#2520=EDGE_CURVE('',#1970,#2023,#764,.T.);
#2521=EDGE_CURVE('',#1916,#2020,#765,.T.);
#2522=EDGE_CURVE('',#2014,#1973,#766,.T.);
#2523=EDGE_CURVE('',#1925,#2007,#767,.T.);
#2524=EDGE_CURVE('',#1958,#2042,#768,.T.);
#2525=EDGE_CURVE('',#1955,#2046,#769,.T.);
#2526=EDGE_CURVE('',#2046,#2047,#770,.T.);
#2527=EDGE_CURVE('',#1954,#2047,#771,.T.);
#2528=EDGE_CURVE('',#2047,#2048,#772,.T.);
#2529=EDGE_CURVE('',#1956,#2048,#773,.T.);
#2530=EDGE_CURVE('',#2048,#2049,#774,.T.);
#2531=EDGE_CURVE('',#1957,#2049,#775,.T.);
#2532=EDGE_CURVE('',#1951,#2050,#776,.T.);
#2533=EDGE_CURVE('',#2050,#2051,#777,.T.);
#2534=EDGE_CURVE('',#1950,#2051,#778,.T.);
#2535=EDGE_CURVE('',#2051,#2052,#779,.T.);
#2536=EDGE_CURVE('',#1952,#2052,#780,.T.);
#2537=EDGE_CURVE('',#2052,#2053,#781,.T.);
#2538=EDGE_CURVE('',#1953,#2053,#782,.T.);
#2539=EDGE_CURVE('',#1947,#2054,#783,.T.);
#2540=EDGE_CURVE('',#2054,#2055,#784,.T.);
#2541=EDGE_CURVE('',#1946,#2055,#785,.T.);
#2542=EDGE_CURVE('',#2055,#2056,#786,.T.);
#2543=EDGE_CURVE('',#1948,#2056,#787,.T.);
#2544=EDGE_CURVE('',#2056,#2057,#788,.T.);
#2545=EDGE_CURVE('',#1949,#2057,#789,.T.);
#2546=EDGE_CURVE('',#1943,#2058,#790,.T.);
#2547=EDGE_CURVE('',#2058,#2059,#791,.T.);
#2548=EDGE_CURVE('',#1942,#2059,#792,.T.);
#2549=EDGE_CURVE('',#2059,#2060,#793,.T.);
#2550=EDGE_CURVE('',#1944,#2060,#794,.T.);
#2551=EDGE_CURVE('',#2060,#2061,#795,.T.);
#2552=EDGE_CURVE('',#1945,#2061,#796,.T.);
#2553=EDGE_CURVE('',#1939,#2062,#797,.T.);
#2554=EDGE_CURVE('',#2062,#2063,#798,.T.);
#2555=EDGE_CURVE('',#1938,#2063,#799,.T.);
#2556=EDGE_CURVE('',#2063,#2064,#800,.T.);
#2557=EDGE_CURVE('',#1940,#2064,#801,.T.);
#2558=EDGE_CURVE('',#2064,#2065,#802,.T.);
#2559=EDGE_CURVE('',#1941,#2065,#803,.T.);
#2560=EDGE_CURVE('',#1935,#2066,#804,.T.);
#2561=EDGE_CURVE('',#2066,#2067,#805,.T.);
#2562=EDGE_CURVE('',#1934,#2067,#806,.T.);
#2563=EDGE_CURVE('',#2067,#2068,#807,.T.);
#2564=EDGE_CURVE('',#1936,#2068,#808,.T.);
#2565=EDGE_CURVE('',#2068,#2069,#809,.T.);
#2566=EDGE_CURVE('',#1937,#2069,#810,.T.);
#2567=EDGE_CURVE('',#1932,#2070,#811,.T.);
#2568=EDGE_CURVE('',#2070,#2045,#812,.T.);
#2569=EDGE_CURVE('',#1928,#2032,#813,.T.);
#2570=EDGE_CURVE('',#1929,#2034,#814,.T.);
#2571=EDGE_CURVE('',#2049,#2046,#815,.T.);
#2572=EDGE_CURVE('',#2053,#2050,#816,.T.);
#2573=EDGE_CURVE('',#2057,#2054,#817,.T.);
#2574=EDGE_CURVE('',#2061,#2058,#818,.T.);
#2575=EDGE_CURVE('',#2065,#2062,#819,.T.);
#2576=EDGE_CURVE('',#2069,#2066,#820,.T.);
#2577=EDGE_CURVE('',#1960,#1986,#821,.T.);
#2578=EDGE_CURVE('',#1930,#1980,#822,.T.);
#2579=EDGE_CURVE('',#2071,#1979,#823,.T.);
#2580=EDGE_CURVE('',#2071,#2070,#824,.T.);
#2581=EDGE_CURVE('',#1982,#2033,#825,.T.);
#2582=EDGE_CURVE('',#1927,#1985,#826,.T.);
#2583=EDGE_CURVE('',#2031,#1983,#827,.T.);
#2584=EDGE_CURVE('',#1926,#1984,#828,.T.);
#2585=EDGE_CURVE('',#2044,#2071,#829,.T.);
#2586=EDGE_CURVE('',#1998,#2002,#830,.T.);
#2587=EDGE_CURVE('',#2020,#2023,#831,.T.);
#2588=EDGE_CURVE('',#2027,#2029,#832,.T.);
#2589=EDGE_CURVE('',#2000,#2072,#833,.T.);
#2590=EDGE_CURVE('',#2072,#2037,#834,.T.);
#2591=EDGE_CURVE('',#2003,#1997,#835,.T.);
#2592=EDGE_CURVE('',#1920,#2073,#836,.T.);
#2593=EDGE_CURVE('',#2073,#2072,#837,.T.);
#2594=EDGE_CURVE('',#1996,#2004,#838,.T.);
#2595=EDGE_CURVE('',#2001,#2073,#839,.T.);
#2596=EDGE_CURVE('',#2074,#2075,#840,.T.);
#2597=EDGE_CURVE('',#2074,#2076,#841,.T.);
#2598=EDGE_CURVE('',#2077,#2076,#842,.T.);
#2599=EDGE_CURVE('',#2075,#2077,#843,.T.);
#2600=EDGE_CURVE('',#2078,#2079,#844,.T.);
#2601=EDGE_CURVE('',#2080,#2078,#845,.T.);
#2602=EDGE_CURVE('',#2081,#2080,#846,.T.);
#2603=EDGE_CURVE('',#2081,#2079,#847,.T.);
#2604=EDGE_CURVE('',#2082,#2083,#848,.T.);
#2605=EDGE_CURVE('',#2084,#2082,#849,.T.);
#2606=EDGE_CURVE('',#2085,#2084,#850,.T.);
#2607=EDGE_CURVE('',#2085,#2083,#851,.T.);
#2608=EDGE_CURVE('',#2086,#2087,#852,.T.);
#2609=EDGE_CURVE('',#2088,#2086,#853,.T.);
#2610=EDGE_CURVE('',#2088,#2089,#854,.T.);
#2611=EDGE_CURVE('',#2089,#2087,#855,.T.);
#2612=EDGE_CURVE('',#2090,#2091,#856,.T.);
#2613=EDGE_CURVE('',#2090,#2092,#857,.T.);
#2614=EDGE_CURVE('',#2093,#2092,#858,.T.);
#2615=EDGE_CURVE('',#2091,#2093,#859,.T.);
#2616=EDGE_CURVE('',#2094,#2095,#860,.T.);
#2617=EDGE_CURVE('',#2096,#2094,#861,.T.);
#2618=EDGE_CURVE('',#2097,#2096,#862,.T.);
#2619=EDGE_CURVE('',#2097,#2095,#863,.T.);
#2620=EDGE_CURVE('',#2098,#2099,#864,.T.);
#2621=EDGE_CURVE('',#2100,#2098,#865,.T.);
#2622=EDGE_CURVE('',#2100,#2101,#866,.T.);
#2623=EDGE_CURVE('',#2101,#2099,#867,.T.);
#2624=EDGE_CURVE('',#2102,#2090,#868,.T.);
#2625=EDGE_CURVE('',#2103,#2102,#869,.T.);
#2626=EDGE_CURVE('',#2095,#2103,#870,.T.);
#2627=EDGE_CURVE('',#2104,#2097,#871,.T.);
#2628=EDGE_CURVE('',#2105,#2104,#872,.T.);
#2629=EDGE_CURVE('',#2106,#2105,#873,.T.);
#2630=EDGE_CURVE('',#2107,#2106,#874,.T.);
#2631=EDGE_CURVE('',#2108,#2107,#875,.T.);
#2632=EDGE_CURVE('',#2109,#2108,#876,.T.);
#2633=EDGE_CURVE('',#2110,#2109,#877,.T.);
#2634=EDGE_CURVE('',#2111,#2110,#878,.T.);
#2635=EDGE_CURVE('',#2112,#2111,#879,.T.);
#2636=EDGE_CURVE('',#2113,#2112,#880,.T.);
#2637=EDGE_CURVE('',#2099,#2113,#881,.T.);
#2638=EDGE_CURVE('',#2101,#2114,#882,.T.);
#2639=EDGE_CURVE('',#2114,#2115,#883,.T.);
#2640=EDGE_CURVE('',#2092,#2115,#884,.T.);
#2641=EDGE_CURVE('',#2116,#2117,#885,.T.);
#2642=EDGE_CURVE('',#2118,#2116,#886,.T.);
#2643=EDGE_CURVE('',#2119,#2118,#887,.T.);
#2644=EDGE_CURVE('',#2119,#2117,#888,.T.);
#2645=EDGE_CURVE('',#2117,#2110,#889,.T.);
#2646=EDGE_CURVE('',#2111,#2119,#890,.T.);
#2647=EDGE_CURVE('',#2120,#2121,#891,.T.);
#2648=EDGE_CURVE('',#2120,#2122,#892,.T.);
#2649=EDGE_CURVE('',#2123,#2122,#893,.T.);
#2650=EDGE_CURVE('',#2121,#2123,#894,.T.);
#2651=EDGE_CURVE('',#2124,#2106,#895,.T.);
#2652=EDGE_CURVE('',#2125,#2124,#896,.T.);
#2653=EDGE_CURVE('',#2107,#2125,#897,.T.);
#2654=EDGE_CURVE('',#2126,#2127,#898,.T.);
#2655=EDGE_CURVE('',#2128,#2126,#899,.T.);
#2656=EDGE_CURVE('',#2129,#2128,#900,.T.);
#2657=EDGE_CURVE('',#2129,#2127,#901,.T.);
#2658=EDGE_CURVE('',#2130,#2131,#902,.T.);
#2659=EDGE_CURVE('',#2132,#2130,#903,.T.);
#2660=EDGE_CURVE('',#2132,#2133,#904,.T.);
#2661=EDGE_CURVE('',#2133,#2131,#905,.T.);
#2662=EDGE_CURVE('',#2134,#2135,#906,.T.);
#2663=EDGE_CURVE('',#2136,#2134,#907,.T.);
#2664=EDGE_CURVE('',#2137,#2136,#908,.T.);
#2665=EDGE_CURVE('',#2137,#2135,#909,.T.);
#2666=EDGE_CURVE('',#2138,#2139,#910,.T.);
#2667=EDGE_CURVE('',#2140,#2138,#911,.T.);
#2668=EDGE_CURVE('',#2141,#2140,#912,.T.);
#2669=EDGE_CURVE('',#2141,#2139,#913,.T.);
#2670=EDGE_CURVE('',#2139,#2142,#914,.T.);
#2671=EDGE_CURVE('',#2141,#2143,#915,.T.);
#2672=EDGE_CURVE('',#2143,#2142,#916,.T.);
#2673=EDGE_CURVE('',#2144,#2138,#917,.T.);
#2674=EDGE_CURVE('',#2145,#2144,#918,.T.);
#2675=EDGE_CURVE('',#2145,#2140,#919,.T.);
#2676=EDGE_CURVE('',#2122,#2130,#920,.T.);
#2677=EDGE_CURVE('',#2132,#2120,#921,.T.);
#2678=EDGE_CURVE('',#2146,#2147,#922,.T.);
#2679=EDGE_CURVE('',#2148,#2146,#923,.T.);
#2680=EDGE_CURVE('',#2149,#2148,#924,.T.);
#2681=EDGE_CURVE('',#2149,#2147,#925,.T.);
#2682=EDGE_CURVE('',#2150,#2126,#926,.T.);
#2683=EDGE_CURVE('',#2151,#2150,#927,.T.);
#2684=EDGE_CURVE('',#2128,#2151,#928,.T.);
#2685=EDGE_CURVE('',#2152,#2134,#929,.T.);
#2686=EDGE_CURVE('',#2153,#2152,#930,.T.);
#2687=EDGE_CURVE('',#2136,#2153,#931,.T.);
#2688=EDGE_CURVE('',#2121,#2154,#932,.T.);
#2689=EDGE_CURVE('',#2115,#2123,#933,.T.);
#2690=EDGE_CURVE('',#2114,#2145,#934,.T.);
#2691=EDGE_CURVE('',#2155,#2144,#935,.T.);
#2692=EDGE_CURVE('',#2156,#2155,#936,.T.);
#2693=EDGE_CURVE('',#2151,#2156,#937,.T.);
#2694=EDGE_CURVE('',#2157,#2150,#938,.T.);
#2695=EDGE_CURVE('',#2158,#2157,#939,.T.);
#2696=EDGE_CURVE('',#2153,#2158,#940,.T.);
#2697=EDGE_CURVE('',#2159,#2152,#941,.T.);
#2698=EDGE_CURVE('',#2160,#2159,#942,.T.);
#2699=EDGE_CURVE('',#2161,#2160,#943,.T.);
#2700=EDGE_CURVE('',#2161,#2162,#944,.T.);
#2701=EDGE_CURVE('',#2163,#2162,#945,.T.);
#2702=EDGE_CURVE('',#2154,#2163,#946,.T.);
#2703=EDGE_CURVE('',#2162,#2146,#947,.T.);
#2704=EDGE_CURVE('',#2148,#2161,#948,.T.);
#2705=EDGE_CURVE('',#2074,#2091,#949,.T.);
#2706=EDGE_CURVE('',#2075,#2102,#950,.T.);
#2707=EDGE_CURVE('',#2138,#2164,#951,.T.);
#2708=EDGE_CURVE('',#2164,#2165,#952,.T.);
#2709=EDGE_CURVE('',#2155,#2165,#953,.T.);
#2710=EDGE_CURVE('',#2078,#2103,#954,.T.);
#2711=EDGE_CURVE('',#2079,#2094,#955,.T.);
#2712=EDGE_CURVE('',#2154,#2166,#956,.T.);
#2713=EDGE_CURVE('',#2166,#2167,#957,.T.);
#2714=EDGE_CURVE('',#2120,#2167,#958,.T.);
#2715=EDGE_CURVE('',#2146,#2168,#959,.T.);
#2716=EDGE_CURVE('',#2168,#2169,#960,.T.);
#2717=EDGE_CURVE('',#2163,#2169,#961,.T.);
#2718=EDGE_CURVE('',#2148,#2170,#962,.T.);
#2719=EDGE_CURVE('',#2170,#2171,#963,.T.);
#2720=EDGE_CURVE('',#2149,#2171,#964,.T.);
#2721=EDGE_CURVE('',#2135,#2172,#965,.T.);
#2722=EDGE_CURVE('',#2172,#2173,#966,.T.);
#2723=EDGE_CURVE('',#2134,#2173,#967,.T.);
#2724=EDGE_CURVE('',#2174,#2081,#968,.T.);
#2725=EDGE_CURVE('',#2081,#2096,#969,.T.);
#2726=EDGE_CURVE('',#2096,#2175,#970,.T.);
#2727=EDGE_CURVE('',#2174,#2175,#971,.T.);
#2728=EDGE_CURVE('',#2176,#2177,#972,.T.);
#2729=EDGE_CURVE('',#2177,#2178,#973,.T.);
#2730=EDGE_CURVE('',#2178,#2124,#974,.T.);
#2731=EDGE_CURVE('',#2176,#2124,#975,.T.);
#2732=EDGE_CURVE('',#2179,#2125,#976,.T.);
#2733=EDGE_CURVE('',#2179,#2180,#977,.T.);
#2734=EDGE_CURVE('',#2180,#2108,#978,.T.);
#2735=EDGE_CURVE('',#2181,#2109,#979,.T.);
#2736=EDGE_CURVE('',#2181,#2182,#980,.T.);
#2737=EDGE_CURVE('',#2182,#2117,#981,.T.);
#2738=EDGE_CURVE('',#2158,#2183,#982,.T.);
#2739=EDGE_CURVE('',#2183,#2184,#983,.T.);
#2740=EDGE_CURVE('',#2136,#2184,#984,.T.);
#2741=EDGE_CURVE('',#2127,#2185,#985,.T.);
#2742=EDGE_CURVE('',#2185,#2082,#986,.T.);
#2743=EDGE_CURVE('',#2126,#2082,#987,.T.);
#2744=EDGE_CURVE('',#2157,#2083,#988,.T.);
#2745=EDGE_CURVE('',#2186,#2172,#989,.T.);
#2746=EDGE_CURVE('',#2184,#2186,#990,.T.);
#2747=EDGE_CURVE('',#2184,#2173,#991,.T.);
#2748=EDGE_CURVE('',#2187,#2185,#992,.T.);
#2749=EDGE_CURVE('',#2084,#2187,#993,.T.);
#2750=EDGE_CURVE('',#2188,#2168,#994,.T.);
#2751=EDGE_CURVE('',#2171,#2188,#995,.T.);
#2752=EDGE_CURVE('',#2170,#2168,#996,.T.);
#2753=EDGE_CURVE('',#2142,#2164,#997,.T.);
#2754=EDGE_CURVE('',#2189,#2143,#998,.T.);
#2755=EDGE_CURVE('',#2189,#2164,#999,.T.);
#2756=EDGE_CURVE('',#2189,#2190,#1000,.T.);
#2757=EDGE_CURVE('',#2190,#2165,#1001,.T.);
#2758=EDGE_CURVE('',#2086,#2113,#1002,.T.);
#2759=EDGE_CURVE('',#2191,#2112,#1003,.T.);
#2760=EDGE_CURVE('',#2191,#2181,#1004,.T.);
#2761=EDGE_CURVE('',#2180,#2192,#1005,.T.);
#2762=EDGE_CURVE('',#2192,#2105,#1006,.T.);
#2763=EDGE_CURVE('',#2080,#2104,#1007,.T.);
#2764=EDGE_CURVE('',#2193,#2077,#1008,.T.);
#2765=EDGE_CURVE('',#2166,#2193,#1009,.T.);
#2766=EDGE_CURVE('',#2194,#2169,#1010,.T.);
#2767=EDGE_CURVE('',#2160,#2194,#1011,.T.);
#2768=EDGE_CURVE('',#2159,#2195,#1012,.T.);
#2769=EDGE_CURVE('',#2183,#2195,#1013,.T.);
#2770=EDGE_CURVE('',#2156,#2085,#1014,.T.);
#2771=EDGE_CURVE('',#2190,#2088,#1015,.T.);
#2772=EDGE_CURVE('',#2087,#2196,#1016,.T.);
#2773=EDGE_CURVE('',#2197,#2089,#1017,.T.);
#2774=EDGE_CURVE('',#2197,#2196,#1018,.T.);
#2775=EDGE_CURVE('',#2196,#2198,#1019,.T.);
#2776=EDGE_CURVE('',#2197,#2199,#1020,.T.);
#2777=EDGE_CURVE('',#2199,#2198,#1021,.T.);
#2778=EDGE_CURVE('',#2198,#2098,#1022,.T.);
#2779=EDGE_CURVE('',#2100,#2199,#1023,.T.);
#2780=EDGE_CURVE('',#2140,#2189,#1024,.T.);
#2781=EDGE_CURVE('',#2089,#2100,#1025,.T.);
#2782=EDGE_CURVE('',#2122,#2200,#1026,.T.);
#2783=EDGE_CURVE('',#2200,#2193,#1027,.T.);
#2784=EDGE_CURVE('',#2076,#2093,#1028,.T.);
#2785=EDGE_CURVE('',#2076,#2201,#1029,.T.);
#2786=EDGE_CURVE('',#2201,#2202,#1030,.T.);
#2787=EDGE_CURVE('',#2202,#2093,#1031,.T.);
#2788=EDGE_CURVE('',#2131,#2200,#1032,.T.);
#2789=EDGE_CURVE('',#2203,#2204,#1033,.T.);
#2790=EDGE_CURVE('',#2204,#2119,#1034,.T.);
#2791=EDGE_CURVE('',#2203,#2118,#1035,.T.);
#2792=EDGE_CURVE('',#2087,#2098,#1036,.T.);
#2793=EDGE_CURVE('',#2204,#2191,#1037,.T.);
#2794=EDGE_CURVE('',#2205,#2179,#1038,.T.);
#2795=EDGE_CURVE('',#2125,#2206,#1039,.T.);
#2796=EDGE_CURVE('',#2205,#2206,#1040,.T.);
#2797=EDGE_CURVE('',#2182,#2207,#1041,.T.);
#2798=EDGE_CURVE('',#2207,#2116,#1042,.T.);
#2799=EDGE_CURVE('',#2137,#2186,#1043,.T.);
#2800=EDGE_CURVE('',#2173,#2195,#1044,.T.);
#2801=EDGE_CURVE('',#2194,#2170,#1045,.T.);
#2802=EDGE_CURVE('',#2192,#2176,#1046,.T.);
#2803=EDGE_CURVE('',#2208,#2074,#1047,.T.);
#2804=EDGE_CURVE('',#2091,#2209,#1048,.T.);
#2805=EDGE_CURVE('',#2208,#2209,#1049,.T.);
#2806=EDGE_CURVE('',#2079,#2210,#1050,.T.);
#2807=EDGE_CURVE('',#2210,#2211,#1051,.T.);
#2808=EDGE_CURVE('',#2211,#2094,#1052,.T.);
#2809=EDGE_CURVE('',#2167,#2133,#1053,.T.);
#2810=EDGE_CURVE('',#2147,#2188,#1054,.T.);
#2811=EDGE_CURVE('',#2167,#2200,#1055,.T.);
#2812=EDGE_CURVE('',#2128,#2084,#1056,.T.);
#2813=EDGE_CURVE('',#2129,#2187,#1057,.T.);
#2814=EDGE_CURVE('',#2209,#2202,#1058,.T.);
#2815=EDGE_CURVE('',#2175,#2211,#1059,.T.);
#2816=EDGE_CURVE('',#2203,#2207,#1060,.T.);
#2817=EDGE_CURVE('',#2205,#2177,#1061,.T.);
#2818=EDGE_CURVE('',#2206,#2178,#1062,.T.);
#2819=EDGE_CURVE('',#2174,#2210,#1063,.T.);
#2820=EDGE_CURVE('',#2208,#2201,#1064,.T.);
#2821=EDGE_CURVE('',#2204,#2182,#1065,.T.);
#2822=EDGE_CURVE('',#2179,#2176,#1066,.T.);
#2823=EDGE_CURVE('',#2212,#2213,#1067,.T.);
#2824=EDGE_CURVE('',#2214,#2213,#1068,.T.);
#2825=EDGE_CURVE('',#2214,#2215,#1069,.T.);
#2826=EDGE_CURVE('',#2215,#2216,#1070,.T.);
#2827=EDGE_CURVE('',#2216,#2217,#1071,.T.);
#2828=EDGE_CURVE('',#2217,#2218,#1072,.T.);
#2829=EDGE_CURVE('',#2218,#2212,#33,.F.);
#2830=EDGE_CURVE('',#2219,#2220,#1073,.T.);
#2831=EDGE_CURVE('',#2220,#2221,#34,.F.);
#2832=EDGE_CURVE('',#2221,#2222,#1074,.T.);
#2833=EDGE_CURVE('',#2222,#2223,#1075,.T.);
#2834=EDGE_CURVE('',#2223,#2224,#1076,.T.);
#2835=EDGE_CURVE('',#2224,#2225,#1077,.T.);
#2836=EDGE_CURVE('',#2225,#2219,#1078,.T.);
#2837=EDGE_CURVE('',#2226,#2227,#1079,.T.);
#2838=EDGE_CURVE('',#2227,#2228,#35,.F.);
#2839=EDGE_CURVE('',#2228,#2229,#1080,.T.);
#2840=EDGE_CURVE('',#2229,#2230,#1081,.T.);
#2841=EDGE_CURVE('',#2230,#2231,#1082,.T.);
#2842=EDGE_CURVE('',#2231,#2232,#1083,.T.);
#2843=EDGE_CURVE('',#2232,#2226,#1084,.T.);
#2844=EDGE_CURVE('',#2233,#2234,#1085,.T.);
#2845=EDGE_CURVE('',#2234,#2235,#36,.F.);
#2846=EDGE_CURVE('',#2235,#2236,#1086,.T.);
#2847=EDGE_CURVE('',#2236,#2237,#1087,.T.);
#2848=EDGE_CURVE('',#2237,#2238,#1088,.T.);
#2849=EDGE_CURVE('',#2238,#2239,#1089,.T.);
#2850=EDGE_CURVE('',#2233,#2239,#1090,.T.);
#2851=EDGE_CURVE('',#2240,#2241,#1091,.T.);
#2852=EDGE_CURVE('',#2242,#2240,#1092,.T.);
#2853=EDGE_CURVE('',#2242,#2243,#1093,.T.);
#2854=EDGE_CURVE('',#2243,#2241,#1094,.T.);
#2855=EDGE_CURVE('',#2244,#2245,#1095,.T.);
#2856=EDGE_CURVE('',#2244,#2246,#1096,.T.);
#2857=EDGE_CURVE('',#2247,#2246,#1097,.T.);
#2858=EDGE_CURVE('',#2245,#2247,#1098,.T.);
#2859=EDGE_CURVE('',#2248,#2249,#1099,.T.);
#2860=EDGE_CURVE('',#2248,#2250,#1100,.T.);
#2861=EDGE_CURVE('',#2251,#2250,#1101,.T.);
#2862=EDGE_CURVE('',#2249,#2251,#1102,.T.);
#2863=EDGE_CURVE('',#2252,#2248,#1103,.T.);
#2864=EDGE_CURVE('',#2252,#2253,#1104,.T.);
#2865=EDGE_CURVE('',#2250,#2253,#1105,.T.);
#2866=EDGE_CURVE('',#2215,#2231,#1106,.T.);
#2867=EDGE_CURVE('',#2216,#2230,#1107,.T.);
#2868=EDGE_CURVE('',#2237,#2254,#1108,.T.);
#2869=EDGE_CURVE('',#2255,#2254,#1109,.T.);
#2870=EDGE_CURVE('',#2238,#2255,#1110,.T.);
#2871=EDGE_CURVE('',#2241,#2256,#1111,.T.);
#2872=EDGE_CURVE('',#2243,#2257,#1112,.T.);
#2873=EDGE_CURVE('',#2257,#2256,#1113,.T.);
#2874=EDGE_CURVE('',#2258,#2259,#1114,.T.);
#2875=EDGE_CURVE('',#2258,#2260,#1115,.T.);
#2876=EDGE_CURVE('',#2261,#2260,#1116,.T.);
#2877=EDGE_CURVE('',#2259,#2261,#1117,.T.);
#2878=EDGE_CURVE('',#2262,#2263,#37,.F.);
#2879=EDGE_CURVE('',#2264,#2262,#1118,.T.);
#2880=EDGE_CURVE('',#2264,#2265,#38,.T.);
#2881=EDGE_CURVE('',#2265,#2263,#1119,.T.);
#2882=EDGE_CURVE('',#2266,#2267,#39,.F.);
#2883=EDGE_CURVE('',#2266,#2268,#1120,.T.);
#2884=EDGE_CURVE('',#2269,#2268,#40,.F.);
#2885=EDGE_CURVE('',#2267,#2269,#1121,.T.);
#2886=EDGE_CURVE('',#2235,#2270,#1122,.T.);
#2887=EDGE_CURVE('',#2271,#2270,#1123,.T.);
#2888=EDGE_CURVE('',#2236,#2271,#1124,.T.);
#2889=EDGE_CURVE('',#2272,#2273,#41,.F.);
#2890=EDGE_CURVE('',#2272,#2274,#1125,.T.);
#2891=EDGE_CURVE('',#2275,#2274,#42,.T.);
#2892=EDGE_CURVE('',#2273,#2275,#1126,.T.);
#2893=EDGE_CURVE('',#2276,#2272,#1127,.T.);
#2894=EDGE_CURVE('',#2276,#2277,#1128,.T.);
#2895=EDGE_CURVE('',#2274,#2277,#1129,.T.);
#2896=EDGE_CURVE('',#2273,#2252,#1130,.T.);
#2897=EDGE_CURVE('',#2253,#2275,#1131,.T.);
#2898=EDGE_CURVE('',#2234,#2278,#1132,.T.);
#2899=EDGE_CURVE('',#2270,#2278,#43,.F.);
#2900=EDGE_CURVE('',#2263,#2279,#1133,.T.);
#2901=EDGE_CURVE('',#2265,#2280,#1134,.T.);
#2902=EDGE_CURVE('',#2280,#2279,#1135,.T.);
#2903=EDGE_CURVE('',#2281,#2282,#44,.F.);
#2904=EDGE_CURVE('',#2281,#2283,#1136,.T.);
#2905=EDGE_CURVE('',#2284,#2283,#45,.F.);
#2906=EDGE_CURVE('',#2282,#2284,#1137,.T.);
#2907=EDGE_CURVE('',#2285,#2244,#1138,.T.);
#2908=EDGE_CURVE('',#2285,#2286,#1139,.T.);
#2909=EDGE_CURVE('',#2246,#2286,#1140,.T.);
#2910=EDGE_CURVE('',#2287,#2258,#1141,.T.);
#2911=EDGE_CURVE('',#2287,#2288,#1142,.T.);
#2912=EDGE_CURVE('',#2260,#2288,#1143,.T.);
#2913=EDGE_CURVE('',#2254,#2271,#1144,.T.);
#2914=EDGE_CURVE('',#2256,#2262,#1145,.T.);
#2915=EDGE_CURVE('',#2257,#2264,#1146,.T.);
#2916=EDGE_CURVE('',#2267,#2285,#1147,.T.);
#2917=EDGE_CURVE('',#2286,#2269,#1148,.T.);
#2918=EDGE_CURVE('',#2282,#2287,#1149,.T.);
#2919=EDGE_CURVE('',#2288,#2284,#1150,.T.);
#2920=EDGE_CURVE('',#2289,#2266,#1151,.T.);
#2921=EDGE_CURVE('',#2245,#2290,#1152,.T.);
#2922=EDGE_CURVE('',#2289,#2290,#1153,.T.);
#2923=EDGE_CURVE('',#2279,#2291,#1154,.T.);
#2924=EDGE_CURVE('',#2291,#2240,#1155,.T.);
#2925=EDGE_CURVE('',#2268,#2292,#1156,.T.);
#2926=EDGE_CURVE('',#2292,#2293,#1157,.T.);
#2927=EDGE_CURVE('',#2293,#2247,#1158,.T.);
#2928=EDGE_CURVE('',#2294,#2295,#1159,.T.);
#2929=EDGE_CURVE('',#2296,#2295,#1160,.T.);
#2930=EDGE_CURVE('',#2296,#2297,#1161,.T.);
#2931=EDGE_CURVE('',#2297,#2298,#1162,.T.);
#2932=EDGE_CURVE('',#2298,#2299,#1163,.T.);
#2933=EDGE_CURVE('',#2299,#2300,#1164,.T.);
#2934=EDGE_CURVE('',#2300,#2294,#46,.F.);
#2935=EDGE_CURVE('',#2301,#2302,#1165,.T.);
#2936=EDGE_CURVE('',#2302,#2303,#47,.F.);
#2937=EDGE_CURVE('',#2303,#2304,#1166,.T.);
#2938=EDGE_CURVE('',#2304,#2305,#1167,.T.);
#2939=EDGE_CURVE('',#2305,#2306,#1168,.T.);
#2940=EDGE_CURVE('',#2306,#2307,#1169,.T.);
#2941=EDGE_CURVE('',#2307,#2301,#1170,.T.);
#2942=EDGE_CURVE('',#2308,#2309,#1171,.T.);
#2943=EDGE_CURVE('',#2309,#2310,#48,.F.);
#2944=EDGE_CURVE('',#2310,#2311,#1172,.T.);
#2945=EDGE_CURVE('',#2311,#2312,#1173,.T.);
#2946=EDGE_CURVE('',#2312,#2313,#1174,.T.);
#2947=EDGE_CURVE('',#2313,#2314,#1175,.T.);
#2948=EDGE_CURVE('',#2314,#2308,#1176,.T.);
#2949=EDGE_CURVE('',#2315,#2316,#1177,.T.);
#2950=EDGE_CURVE('',#2317,#2316,#1178,.T.);
#2951=EDGE_CURVE('',#2317,#2318,#1179,.T.);
#2952=EDGE_CURVE('',#2318,#2319,#1180,.T.);
#2953=EDGE_CURVE('',#2319,#2320,#1181,.T.);
#2954=EDGE_CURVE('',#2320,#2321,#1182,.T.);
#2955=EDGE_CURVE('',#2321,#2315,#49,.F.);
#2956=EDGE_CURVE('',#2322,#2281,#1183,.T.);
#2957=EDGE_CURVE('',#2259,#2323,#1184,.T.);
#2958=EDGE_CURVE('',#2322,#2323,#1185,.T.);
#2959=EDGE_CURVE('',#2283,#2324,#1186,.T.);
#2960=EDGE_CURVE('',#2324,#2325,#1187,.T.);
#2961=EDGE_CURVE('',#2325,#2261,#1188,.T.);
#2962=EDGE_CURVE('',#2278,#2326,#1189,.T.);
#2963=EDGE_CURVE('',#2326,#2327,#1190,.T.);
#2964=EDGE_CURVE('',#2327,#2255,#1191,.T.);
#2965=EDGE_CURVE('',#2249,#2328,#1192,.T.);
#2966=EDGE_CURVE('',#2276,#2328,#1193,.T.);
#2967=EDGE_CURVE('',#2277,#2329,#1194,.T.);
#2968=EDGE_CURVE('',#2329,#2330,#1195,.T.);
#2969=EDGE_CURVE('',#2330,#2331,#50,.T.);
#2970=EDGE_CURVE('',#2331,#2332,#1196,.T.);
#2971=EDGE_CURVE('',#2332,#2333,#1197,.T.);
#2972=EDGE_CURVE('',#2333,#2334,#1198,.T.);
#2973=EDGE_CURVE('',#2334,#2335,#1199,.T.);
#2974=EDGE_CURVE('',#2335,#2251,#1200,.T.);
#2975=EDGE_CURVE('',#2336,#2242,#1201,.T.);
#2976=EDGE_CURVE('',#2337,#2336,#1202,.T.);
#2977=EDGE_CURVE('',#2338,#2337,#1203,.T.);
#2978=EDGE_CURVE('',#2339,#2338,#1204,.T.);
#2979=EDGE_CURVE('',#2340,#2339,#1205,.T.);
#2980=EDGE_CURVE('',#2341,#2340,#51,.T.);
#2981=EDGE_CURVE('',#2342,#2341,#1206,.T.);
#2982=EDGE_CURVE('',#2280,#2342,#1207,.T.);
#2983=EDGE_CURVE('',#2290,#2291,#1208,.T.);
#2984=EDGE_CURVE('',#2323,#2293,#1209,.T.);
#2985=EDGE_CURVE('',#2239,#2325,#1210,.T.);
#2986=EDGE_CURVE('',#2328,#2327,#1211,.T.);
#2987=EDGE_CURVE('',#2336,#2335,#1212,.T.);
#2988=EDGE_CURVE('',#2337,#2306,#1213,.T.);
#2989=EDGE_CURVE('',#2343,#2334,#1214,.T.);
#2990=EDGE_CURVE('',#2344,#2343,#1215,.T.);
#2991=EDGE_CURVE('',#2232,#2344,#1216,.T.);
#2992=EDGE_CURVE('',#2225,#2214,#1217,.T.);
#2993=EDGE_CURVE('',#2318,#2224,#1218,.T.);
#2994=EDGE_CURVE('',#2314,#2317,#1219,.T.);
#2995=EDGE_CURVE('',#2297,#2313,#1220,.T.);
#2996=EDGE_CURVE('',#2307,#2296,#1221,.T.);
#2997=EDGE_CURVE('',#2343,#2345,#1222,.T.);
#2998=EDGE_CURVE('',#2345,#2333,#1223,.T.);
#2999=EDGE_CURVE('',#2345,#2346,#1224,.T.);
#3000=EDGE_CURVE('',#2346,#2332,#1225,.T.);
#3001=EDGE_CURVE('',#2346,#2347,#1226,.T.);
#3002=EDGE_CURVE('',#2347,#2331,#1227,.T.);
#3003=EDGE_CURVE('',#2347,#2348,#52,.F.);
#3004=EDGE_CURVE('',#2348,#2330,#1228,.T.);
#3005=EDGE_CURVE('',#2348,#2349,#1229,.T.);
#3006=EDGE_CURVE('',#2349,#2329,#1230,.T.);
#3007=EDGE_CURVE('',#2233,#2326,#1231,.T.);
#3008=EDGE_CURVE('',#2322,#2324,#1232,.T.);
#3009=EDGE_CURVE('',#2289,#2292,#1233,.T.);
#3010=EDGE_CURVE('',#2342,#2301,#1234,.T.);
#3011=EDGE_CURVE('',#2295,#2308,#1235,.T.);
#3012=EDGE_CURVE('',#2316,#2219,#1236,.T.);
#3013=EDGE_CURVE('',#2213,#2226,#1237,.T.);
#3014=EDGE_CURVE('',#2344,#2349,#1238,.T.);
#3015=EDGE_CURVE('',#2341,#2302,#1239,.T.);
#3016=EDGE_CURVE('',#2212,#2227,#1240,.T.);
#3017=EDGE_CURVE('',#2340,#2303,#1241,.T.);
#3018=EDGE_CURVE('',#2315,#2220,#1242,.T.);
#3019=EDGE_CURVE('',#2294,#2309,#1243,.T.);
#3020=EDGE_CURVE('',#2300,#2310,#1244,.T.);
#3021=EDGE_CURVE('',#2321,#2221,#1245,.T.);
#3022=EDGE_CURVE('',#2218,#2228,#1246,.T.);
#3023=EDGE_CURVE('',#2339,#2304,#1247,.T.);
#3024=EDGE_CURVE('',#2299,#2311,#1248,.T.);
#3025=EDGE_CURVE('',#2320,#2222,#1249,.T.);
#3026=EDGE_CURVE('',#2217,#2229,#1250,.T.);
#3027=EDGE_CURVE('',#2338,#2305,#1251,.T.);
#3028=EDGE_CURVE('',#2298,#2312,#1252,.T.);
#3029=EDGE_CURVE('',#2319,#2223,#1253,.T.);
#3030=ORIENTED_EDGE('',*,*,#2350,.T.);
#3031=ORIENTED_EDGE('',*,*,#2351,.T.);
#3032=ORIENTED_EDGE('',*,*,#2352,.F.);
#3033=ORIENTED_EDGE('',*,*,#2353,.F.);
#3034=ORIENTED_EDGE('',*,*,#2354,.F.);
#3035=ORIENTED_EDGE('',*,*,#2355,.T.);
#3036=ORIENTED_EDGE('',*,*,#2356,.F.);
#3037=ORIENTED_EDGE('',*,*,#2357,.T.);
#3038=ORIENTED_EDGE('',*,*,#2358,.T.);
#3039=ORIENTED_EDGE('',*,*,#2359,.T.);
#3040=ORIENTED_EDGE('',*,*,#2360,.F.);
#3041=ORIENTED_EDGE('',*,*,#2361,.T.);
#3042=ORIENTED_EDGE('',*,*,#2362,.F.);
#3043=ORIENTED_EDGE('',*,*,#2363,.F.);
#3044=ORIENTED_EDGE('',*,*,#2364,.F.);
#3045=ORIENTED_EDGE('',*,*,#2365,.F.);
#3046=ORIENTED_EDGE('',*,*,#2366,.F.);
#3047=ORIENTED_EDGE('',*,*,#2367,.F.);
#3048=ORIENTED_EDGE('',*,*,#2368,.F.);
#3049=ORIENTED_EDGE('',*,*,#2369,.F.);
#3050=ORIENTED_EDGE('',*,*,#2370,.F.);
#3051=ORIENTED_EDGE('',*,*,#2371,.F.);
#3052=ORIENTED_EDGE('',*,*,#2372,.F.);
#3053=ORIENTED_EDGE('',*,*,#2373,.F.);
#3054=ORIENTED_EDGE('',*,*,#2374,.F.);
#3055=ORIENTED_EDGE('',*,*,#2375,.F.);
#3056=ORIENTED_EDGE('',*,*,#2376,.F.);
#3057=ORIENTED_EDGE('',*,*,#2377,.F.);
#3058=ORIENTED_EDGE('',*,*,#2378,.F.);
#3059=ORIENTED_EDGE('',*,*,#2379,.F.);
#3060=ORIENTED_EDGE('',*,*,#2380,.F.);
#3061=ORIENTED_EDGE('',*,*,#2381,.F.);
#3062=ORIENTED_EDGE('',*,*,#2382,.F.);
#3063=ORIENTED_EDGE('',*,*,#2383,.F.);
#3064=ORIENTED_EDGE('',*,*,#2384,.F.);
#3065=ORIENTED_EDGE('',*,*,#2385,.F.);
#3066=ORIENTED_EDGE('',*,*,#2386,.F.);
#3067=ORIENTED_EDGE('',*,*,#2387,.F.);
#3068=ORIENTED_EDGE('',*,*,#2388,.F.);
#3069=ORIENTED_EDGE('',*,*,#2389,.F.);
#3070=ORIENTED_EDGE('',*,*,#2390,.F.);
#3071=ORIENTED_EDGE('',*,*,#2391,.F.);
#3072=ORIENTED_EDGE('',*,*,#2392,.F.);
#3073=ORIENTED_EDGE('',*,*,#2393,.F.);
#3074=ORIENTED_EDGE('',*,*,#2394,.F.);
#3075=ORIENTED_EDGE('',*,*,#2395,.F.);
#3076=ORIENTED_EDGE('',*,*,#2396,.F.);
#3077=ORIENTED_EDGE('',*,*,#2397,.F.);
#3078=ORIENTED_EDGE('',*,*,#2398,.F.);
#3079=ORIENTED_EDGE('',*,*,#2399,.F.);
#3080=ORIENTED_EDGE('',*,*,#2400,.F.);
#3081=ORIENTED_EDGE('',*,*,#2401,.F.);
#3082=ORIENTED_EDGE('',*,*,#2402,.F.);
#3083=ORIENTED_EDGE('',*,*,#2403,.T.);
#3084=ORIENTED_EDGE('',*,*,#2404,.T.);
#3085=ORIENTED_EDGE('',*,*,#2405,.T.);
#3086=ORIENTED_EDGE('',*,*,#2406,.F.);
#3087=ORIENTED_EDGE('',*,*,#2407,.F.);
#3088=ORIENTED_EDGE('',*,*,#2408,.F.);
#3089=ORIENTED_EDGE('',*,*,#2409,.T.);
#3090=ORIENTED_EDGE('',*,*,#2410,.T.);
#3091=ORIENTED_EDGE('',*,*,#2411,.T.);
#3092=ORIENTED_EDGE('',*,*,#2412,.F.);
#3093=ORIENTED_EDGE('',*,*,#2413,.F.);
#3094=ORIENTED_EDGE('',*,*,#2414,.T.);
#3095=ORIENTED_EDGE('',*,*,#2415,.T.);
#3096=ORIENTED_EDGE('',*,*,#2416,.T.);
#3097=ORIENTED_EDGE('',*,*,#2417,.T.);
#3098=ORIENTED_EDGE('',*,*,#2418,.T.);
#3099=ORIENTED_EDGE('',*,*,#2419,.T.);
#3100=ORIENTED_EDGE('',*,*,#2420,.T.);
#3101=ORIENTED_EDGE('',*,*,#2421,.T.);
#3102=ORIENTED_EDGE('',*,*,#2422,.T.);
#3103=ORIENTED_EDGE('',*,*,#2423,.T.);
#3104=ORIENTED_EDGE('',*,*,#2424,.T.);
#3105=ORIENTED_EDGE('',*,*,#2425,.T.);
#3106=ORIENTED_EDGE('',*,*,#2426,.T.);
#3107=ORIENTED_EDGE('',*,*,#2427,.T.);
#3108=ORIENTED_EDGE('',*,*,#2428,.T.);
#3109=ORIENTED_EDGE('',*,*,#2429,.T.);
#3110=ORIENTED_EDGE('',*,*,#2430,.T.);
#3111=ORIENTED_EDGE('',*,*,#2431,.F.);
#3112=ORIENTED_EDGE('',*,*,#2359,.F.);
#3113=ORIENTED_EDGE('',*,*,#2432,.T.);
#3114=ORIENTED_EDGE('',*,*,#2433,.T.);
#3115=ORIENTED_EDGE('',*,*,#2434,.T.);
#3116=ORIENTED_EDGE('',*,*,#2435,.T.);
#3117=ORIENTED_EDGE('',*,*,#2436,.T.);
#3118=ORIENTED_EDGE('',*,*,#2404,.F.);
#3119=ORIENTED_EDGE('',*,*,#2437,.F.);
#3120=ORIENTED_EDGE('',*,*,#2438,.T.);
#3121=ORIENTED_EDGE('',*,*,#2439,.T.);
#3122=ORIENTED_EDGE('',*,*,#2440,.T.);
#3123=ORIENTED_EDGE('',*,*,#2354,.T.);
#3124=ORIENTED_EDGE('',*,*,#2441,.T.);
#3125=ORIENTED_EDGE('',*,*,#2442,.T.);
#3126=ORIENTED_EDGE('',*,*,#2443,.T.);
#3127=ORIENTED_EDGE('',*,*,#2352,.T.);
#3128=ORIENTED_EDGE('',*,*,#2444,.F.);
#3129=ORIENTED_EDGE('',*,*,#2445,.T.);
#3130=ORIENTED_EDGE('',*,*,#2446,.F.);
#3131=ORIENTED_EDGE('',*,*,#2447,.T.);
#3132=ORIENTED_EDGE('',*,*,#2430,.F.);
#3133=ORIENTED_EDGE('',*,*,#2448,.F.);
#3134=ORIENTED_EDGE('',*,*,#2449,.T.);
#3135=ORIENTED_EDGE('',*,*,#2450,.T.);
#3136=ORIENTED_EDGE('',*,*,#2449,.F.);
#3137=ORIENTED_EDGE('',*,*,#2451,.F.);
#3138=ORIENTED_EDGE('',*,*,#2452,.T.);
#3139=ORIENTED_EDGE('',*,*,#2453,.T.);
#3140=ORIENTED_EDGE('',*,*,#2452,.F.);
#3141=ORIENTED_EDGE('',*,*,#2454,.F.);
#3142=ORIENTED_EDGE('',*,*,#2455,.T.);
#3143=ORIENTED_EDGE('',*,*,#2456,.T.);
#3144=ORIENTED_EDGE('',*,*,#2457,.T.);
#3145=ORIENTED_EDGE('',*,*,#2458,.T.);
#3146=ORIENTED_EDGE('',*,*,#2459,.F.);
#3147=ORIENTED_EDGE('',*,*,#2460,.F.);
#3148=ORIENTED_EDGE('',*,*,#2461,.T.);
#3149=ORIENTED_EDGE('',*,*,#2462,.T.);
#3150=ORIENTED_EDGE('',*,*,#2463,.T.);
#3151=ORIENTED_EDGE('',*,*,#2464,.T.);
#3152=ORIENTED_EDGE('',*,*,#2465,.F.);
#3153=ORIENTED_EDGE('',*,*,#2466,.T.);
#3154=ORIENTED_EDGE('',*,*,#2467,.F.);
#3155=ORIENTED_EDGE('',*,*,#2468,.F.);
#3156=ORIENTED_EDGE('',*,*,#2469,.T.);
#3157=ORIENTED_EDGE('',*,*,#2470,.T.);
#3158=ORIENTED_EDGE('',*,*,#2469,.F.);
#3159=ORIENTED_EDGE('',*,*,#2471,.F.);
#3160=ORIENTED_EDGE('',*,*,#2459,.T.);
#3161=ORIENTED_EDGE('',*,*,#2456,.F.);
#3162=ORIENTED_EDGE('',*,*,#2472,.F.);
#3163=ORIENTED_EDGE('',*,*,#2447,.F.);
#3164=ORIENTED_EDGE('',*,*,#2473,.T.);
#3165=ORIENTED_EDGE('',*,*,#2474,.T.);
#3166=ORIENTED_EDGE('',*,*,#2360,.T.);
#3167=ORIENTED_EDGE('',*,*,#2475,.F.);
#3168=ORIENTED_EDGE('',*,*,#2476,.T.);
#3169=ORIENTED_EDGE('',*,*,#2410,.F.);
#3170=ORIENTED_EDGE('',*,*,#2477,.F.);
#3171=ORIENTED_EDGE('',*,*,#2478,.T.);
#3172=ORIENTED_EDGE('',*,*,#2479,.T.);
#3173=ORIENTED_EDGE('',*,*,#2480,.F.);
#3174=ORIENTED_EDGE('',*,*,#2481,.F.);
#3175=ORIENTED_EDGE('',*,*,#2482,.F.);
#3176=ORIENTED_EDGE('',*,*,#2483,.F.);
#3177=ORIENTED_EDGE('',*,*,#2427,.F.);
#3178=ORIENTED_EDGE('',*,*,#2484,.T.);
#3179=ORIENTED_EDGE('',*,*,#2485,.T.);
#3180=ORIENTED_EDGE('',*,*,#2486,.T.);
#3181=ORIENTED_EDGE('',*,*,#2487,.F.);
#3182=ORIENTED_EDGE('',*,*,#2488,.F.);
#3183=ORIENTED_EDGE('',*,*,#2489,.F.);
#3184=ORIENTED_EDGE('',*,*,#2490,.F.);
#3185=ORIENTED_EDGE('',*,*,#2491,.T.);
#3186=ORIENTED_EDGE('',*,*,#2437,.T.);
#3187=ORIENTED_EDGE('',*,*,#2403,.F.);
#3188=ORIENTED_EDGE('',*,*,#2492,.F.);
#3189=ORIENTED_EDGE('',*,*,#2493,.F.);
#3190=ORIENTED_EDGE('',*,*,#2494,.F.);
#3191=ORIENTED_EDGE('',*,*,#2485,.F.);
#3192=ORIENTED_EDGE('',*,*,#2495,.F.);
#3193=ORIENTED_EDGE('',*,*,#2411,.F.);
#3194=ORIENTED_EDGE('',*,*,#2479,.F.);
#3195=ORIENTED_EDGE('',*,*,#2496,.T.);
#3196=ORIENTED_EDGE('',*,*,#2475,.T.);
#3197=ORIENTED_EDGE('',*,*,#2431,.T.);
#3198=ORIENTED_EDGE('',*,*,#2472,.T.);
#3199=ORIENTED_EDGE('',*,*,#2423,.F.);
#3200=ORIENTED_EDGE('',*,*,#2497,.T.);
#3201=ORIENTED_EDGE('',*,*,#2498,.T.);
#3202=ORIENTED_EDGE('',*,*,#2499,.T.);
#3203=ORIENTED_EDGE('',*,*,#2500,.F.);
#3204=ORIENTED_EDGE('',*,*,#2501,.F.);
#3205=ORIENTED_EDGE('',*,*,#2502,.F.);
#3206=ORIENTED_EDGE('',*,*,#2498,.F.);
#3207=ORIENTED_EDGE('',*,*,#2499,.F.);
#3208=ORIENTED_EDGE('',*,*,#2502,.T.);
#3209=ORIENTED_EDGE('',*,*,#2503,.F.);
#3210=ORIENTED_EDGE('',*,*,#2397,.T.);
#3211=ORIENTED_EDGE('',*,*,#2504,.T.);
#3212=ORIENTED_EDGE('',*,*,#2424,.F.);
#3213=ORIENTED_EDGE('',*,*,#2505,.F.);
#3214=ORIENTED_EDGE('',*,*,#2417,.F.);
#3215=ORIENTED_EDGE('',*,*,#2506,.F.);
#3216=ORIENTED_EDGE('',*,*,#2369,.T.);
#3217=ORIENTED_EDGE('',*,*,#2507,.T.);
#3218=ORIENTED_EDGE('',*,*,#2508,.T.);
#3219=ORIENTED_EDGE('',*,*,#2486,.F.);
#3220=ORIENTED_EDGE('',*,*,#2494,.T.);
#3221=ORIENTED_EDGE('',*,*,#2509,.F.);
#3222=ORIENTED_EDGE('',*,*,#2401,.T.);
#3223=ORIENTED_EDGE('',*,*,#2510,.T.);
#3224=ORIENTED_EDGE('',*,*,#2428,.F.);
#3225=ORIENTED_EDGE('',*,*,#2509,.T.);
#3226=ORIENTED_EDGE('',*,*,#2493,.T.);
#3227=ORIENTED_EDGE('',*,*,#2511,.F.);
#3228=ORIENTED_EDGE('',*,*,#2398,.T.);
#3229=ORIENTED_EDGE('',*,*,#2484,.F.);
#3230=ORIENTED_EDGE('',*,*,#2426,.F.);
#3231=ORIENTED_EDGE('',*,*,#2512,.F.);
#3232=ORIENTED_EDGE('',*,*,#2399,.T.);
#3233=ORIENTED_EDGE('',*,*,#2511,.T.);
#3234=ORIENTED_EDGE('',*,*,#2492,.T.);
#3235=ORIENTED_EDGE('',*,*,#2429,.F.);
#3236=ORIENTED_EDGE('',*,*,#2510,.F.);
#3237=ORIENTED_EDGE('',*,*,#2400,.T.);
#3238=ORIENTED_EDGE('',*,*,#2512,.T.);
#3239=ORIENTED_EDGE('',*,*,#2513,.F.);
#3240=ORIENTED_EDGE('',*,*,#2454,.T.);
#3241=ORIENTED_EDGE('',*,*,#2451,.T.);
#3242=ORIENTED_EDGE('',*,*,#2448,.T.);
#3243=ORIENTED_EDGE('',*,*,#2432,.F.);
#3244=ORIENTED_EDGE('',*,*,#2358,.F.);
#3245=ORIENTED_EDGE('',*,*,#2514,.T.);
#3246=ORIENTED_EDGE('',*,*,#2460,.T.);
#3247=ORIENTED_EDGE('',*,*,#2471,.T.);
#3248=ORIENTED_EDGE('',*,*,#2468,.T.);
#3249=ORIENTED_EDGE('',*,*,#2515,.T.);
#3250=ORIENTED_EDGE('',*,*,#2413,.T.);
#3251=ORIENTED_EDGE('',*,*,#2357,.F.);
#3252=ORIENTED_EDGE('',*,*,#2489,.T.);
#3253=ORIENTED_EDGE('',*,*,#2461,.F.);
#3254=ORIENTED_EDGE('',*,*,#2514,.F.);
#3255=ORIENTED_EDGE('',*,*,#2450,.F.);
#3256=ORIENTED_EDGE('',*,*,#2453,.F.);
#3257=ORIENTED_EDGE('',*,*,#2516,.T.);
#3258=ORIENTED_EDGE('',*,*,#2407,.T.);
#3259=ORIENTED_EDGE('',*,*,#2517,.F.);
#3260=ORIENTED_EDGE('',*,*,#2464,.F.);
#3261=ORIENTED_EDGE('',*,*,#2470,.F.);
#3262=ORIENTED_EDGE('',*,*,#2458,.F.);
#3263=ORIENTED_EDGE('',*,*,#2518,.F.);
#3264=ORIENTED_EDGE('',*,*,#2350,.F.);
#3265=ORIENTED_EDGE('',*,*,#2519,.T.);
#3266=ORIENTED_EDGE('',*,*,#2445,.F.);
#3267=ORIENTED_EDGE('',*,*,#2520,.T.);
#3268=ORIENTED_EDGE('',*,*,#2465,.T.);
#3269=ORIENTED_EDGE('',*,*,#2517,.T.);
#3270=ORIENTED_EDGE('',*,*,#2406,.T.);
#3271=ORIENTED_EDGE('',*,*,#2467,.T.);
#3272=ORIENTED_EDGE('',*,*,#2487,.T.);
#3273=ORIENTED_EDGE('',*,*,#2402,.T.);
#3274=ORIENTED_EDGE('',*,*,#2515,.F.);
#3275=ORIENTED_EDGE('',*,*,#2495,.T.);
#3276=ORIENTED_EDGE('',*,*,#2455,.F.);
#3277=ORIENTED_EDGE('',*,*,#2513,.T.);
#3278=ORIENTED_EDGE('',*,*,#2412,.T.);
#3279=ORIENTED_EDGE('',*,*,#2463,.F.);
#3280=ORIENTED_EDGE('',*,*,#2521,.F.);
#3281=ORIENTED_EDGE('',*,*,#2351,.F.);
#3282=ORIENTED_EDGE('',*,*,#2518,.T.);
#3283=ORIENTED_EDGE('',*,*,#2457,.F.);
#3284=ORIENTED_EDGE('',*,*,#2522,.T.);
#3285=ORIENTED_EDGE('',*,*,#2408,.T.);
#3286=ORIENTED_EDGE('',*,*,#2516,.F.);
#3287=ORIENTED_EDGE('',*,*,#2361,.F.);
#3288=ORIENTED_EDGE('',*,*,#2523,.T.);
#3289=ORIENTED_EDGE('',*,*,#2446,.T.);
#3290=ORIENTED_EDGE('',*,*,#2519,.F.);
#3291=ORIENTED_EDGE('',*,*,#2503,.T.);
#3292=ORIENTED_EDGE('',*,*,#2501,.T.);
#3293=ORIENTED_EDGE('',*,*,#2524,.F.);
#3294=ORIENTED_EDGE('',*,*,#2394,.T.);
#3295=ORIENTED_EDGE('',*,*,#2525,.T.);
#3296=ORIENTED_EDGE('',*,*,#2526,.T.);
#3297=ORIENTED_EDGE('',*,*,#2527,.F.);
#3298=ORIENTED_EDGE('',*,*,#2390,.T.);
#3299=ORIENTED_EDGE('',*,*,#2527,.T.);
#3300=ORIENTED_EDGE('',*,*,#2528,.T.);
#3301=ORIENTED_EDGE('',*,*,#2529,.F.);
#3302=ORIENTED_EDGE('',*,*,#2391,.T.);
#3303=ORIENTED_EDGE('',*,*,#2529,.T.);
#3304=ORIENTED_EDGE('',*,*,#2530,.T.);
#3305=ORIENTED_EDGE('',*,*,#2531,.F.);
#3306=ORIENTED_EDGE('',*,*,#2392,.T.);
#3307=ORIENTED_EDGE('',*,*,#2532,.T.);
#3308=ORIENTED_EDGE('',*,*,#2533,.T.);
#3309=ORIENTED_EDGE('',*,*,#2534,.F.);
#3310=ORIENTED_EDGE('',*,*,#2386,.T.);
#3311=ORIENTED_EDGE('',*,*,#2534,.T.);
#3312=ORIENTED_EDGE('',*,*,#2535,.T.);
#3313=ORIENTED_EDGE('',*,*,#2536,.F.);
#3314=ORIENTED_EDGE('',*,*,#2387,.T.);
#3315=ORIENTED_EDGE('',*,*,#2536,.T.);
#3316=ORIENTED_EDGE('',*,*,#2537,.T.);
#3317=ORIENTED_EDGE('',*,*,#2538,.F.);
#3318=ORIENTED_EDGE('',*,*,#2388,.T.);
#3319=ORIENTED_EDGE('',*,*,#2539,.T.);
#3320=ORIENTED_EDGE('',*,*,#2540,.T.);
#3321=ORIENTED_EDGE('',*,*,#2541,.F.);
#3322=ORIENTED_EDGE('',*,*,#2382,.T.);
#3323=ORIENTED_EDGE('',*,*,#2541,.T.);
#3324=ORIENTED_EDGE('',*,*,#2542,.T.);
#3325=ORIENTED_EDGE('',*,*,#2543,.F.);
#3326=ORIENTED_EDGE('',*,*,#2383,.T.);
#3327=ORIENTED_EDGE('',*,*,#2543,.T.);
#3328=ORIENTED_EDGE('',*,*,#2544,.T.);
#3329=ORIENTED_EDGE('',*,*,#2545,.F.);
#3330=ORIENTED_EDGE('',*,*,#2384,.T.);
#3331=ORIENTED_EDGE('',*,*,#2546,.T.);
#3332=ORIENTED_EDGE('',*,*,#2547,.T.);
#3333=ORIENTED_EDGE('',*,*,#2548,.F.);
#3334=ORIENTED_EDGE('',*,*,#2378,.T.);
#3335=ORIENTED_EDGE('',*,*,#2548,.T.);
#3336=ORIENTED_EDGE('',*,*,#2549,.T.);
#3337=ORIENTED_EDGE('',*,*,#2550,.F.);
#3338=ORIENTED_EDGE('',*,*,#2379,.T.);
#3339=ORIENTED_EDGE('',*,*,#2550,.T.);
#3340=ORIENTED_EDGE('',*,*,#2551,.T.);
#3341=ORIENTED_EDGE('',*,*,#2552,.F.);
#3342=ORIENTED_EDGE('',*,*,#2380,.T.);
#3343=ORIENTED_EDGE('',*,*,#2553,.T.);
#3344=ORIENTED_EDGE('',*,*,#2554,.T.);
#3345=ORIENTED_EDGE('',*,*,#2555,.F.);
#3346=ORIENTED_EDGE('',*,*,#2374,.T.);
#3347=ORIENTED_EDGE('',*,*,#2555,.T.);
#3348=ORIENTED_EDGE('',*,*,#2556,.T.);
#3349=ORIENTED_EDGE('',*,*,#2557,.F.);
#3350=ORIENTED_EDGE('',*,*,#2375,.T.);
#3351=ORIENTED_EDGE('',*,*,#2557,.T.);
#3352=ORIENTED_EDGE('',*,*,#2558,.T.);
#3353=ORIENTED_EDGE('',*,*,#2559,.F.);
#3354=ORIENTED_EDGE('',*,*,#2376,.T.);
#3355=ORIENTED_EDGE('',*,*,#2560,.T.);
#3356=ORIENTED_EDGE('',*,*,#2561,.T.);
#3357=ORIENTED_EDGE('',*,*,#2562,.F.);
#3358=ORIENTED_EDGE('',*,*,#2370,.T.);
#3359=ORIENTED_EDGE('',*,*,#2562,.T.);
#3360=ORIENTED_EDGE('',*,*,#2563,.T.);
#3361=ORIENTED_EDGE('',*,*,#2564,.F.);
#3362=ORIENTED_EDGE('',*,*,#2371,.T.);
#3363=ORIENTED_EDGE('',*,*,#2564,.T.);
#3364=ORIENTED_EDGE('',*,*,#2565,.T.);
#3365=ORIENTED_EDGE('',*,*,#2566,.F.);
#3366=ORIENTED_EDGE('',*,*,#2372,.T.);
#3367=ORIENTED_EDGE('',*,*,#2567,.T.);
#3368=ORIENTED_EDGE('',*,*,#2568,.T.);
#3369=ORIENTED_EDGE('',*,*,#2507,.F.);
#3370=ORIENTED_EDGE('',*,*,#2368,.T.);
#3371=ORIENTED_EDGE('',*,*,#2569,.T.);
#3372=ORIENTED_EDGE('',*,*,#2483,.T.);
#3373=ORIENTED_EDGE('',*,*,#2570,.F.);
#3374=ORIENTED_EDGE('',*,*,#2364,.T.);
#3375=ORIENTED_EDGE('',*,*,#2531,.T.);
#3376=ORIENTED_EDGE('',*,*,#2571,.T.);
#3377=ORIENTED_EDGE('',*,*,#2525,.F.);
#3378=ORIENTED_EDGE('',*,*,#2393,.T.);
#3379=ORIENTED_EDGE('',*,*,#2538,.T.);
#3380=ORIENTED_EDGE('',*,*,#2572,.T.);
#3381=ORIENTED_EDGE('',*,*,#2532,.F.);
#3382=ORIENTED_EDGE('',*,*,#2389,.T.);
#3383=ORIENTED_EDGE('',*,*,#2545,.T.);
#3384=ORIENTED_EDGE('',*,*,#2573,.T.);
#3385=ORIENTED_EDGE('',*,*,#2539,.F.);
#3386=ORIENTED_EDGE('',*,*,#2385,.T.);
#3387=ORIENTED_EDGE('',*,*,#2552,.T.);
#3388=ORIENTED_EDGE('',*,*,#2574,.T.);
#3389=ORIENTED_EDGE('',*,*,#2546,.F.);
#3390=ORIENTED_EDGE('',*,*,#2381,.T.);
#3391=ORIENTED_EDGE('',*,*,#2559,.T.);
#3392=ORIENTED_EDGE('',*,*,#2575,.T.);
#3393=ORIENTED_EDGE('',*,*,#2553,.F.);
#3394=ORIENTED_EDGE('',*,*,#2377,.T.);
#3395=ORIENTED_EDGE('',*,*,#2566,.T.);
#3396=ORIENTED_EDGE('',*,*,#2576,.T.);
#3397=ORIENTED_EDGE('',*,*,#2560,.F.);
#3398=ORIENTED_EDGE('',*,*,#2373,.T.);
#3399=ORIENTED_EDGE('',*,*,#2497,.F.);
#3400=ORIENTED_EDGE('',*,*,#2422,.F.);
#3401=ORIENTED_EDGE('',*,*,#2577,.F.);
#3402=ORIENTED_EDGE('',*,*,#2395,.T.);
#3403=ORIENTED_EDGE('',*,*,#2524,.T.);
#3404=ORIENTED_EDGE('',*,*,#2500,.T.);
#3405=ORIENTED_EDGE('',*,*,#2425,.F.);
#3406=ORIENTED_EDGE('',*,*,#2504,.F.);
#3407=ORIENTED_EDGE('',*,*,#2396,.T.);
#3408=ORIENTED_EDGE('',*,*,#2577,.T.);
#3409=ORIENTED_EDGE('',*,*,#2416,.F.);
#3410=ORIENTED_EDGE('',*,*,#2578,.F.);
#3411=ORIENTED_EDGE('',*,*,#2366,.T.);
#3412=ORIENTED_EDGE('',*,*,#2506,.T.);
#3413=ORIENTED_EDGE('',*,*,#2579,.F.);
#3414=ORIENTED_EDGE('',*,*,#2580,.T.);
#3415=ORIENTED_EDGE('',*,*,#2567,.F.);
#3416=ORIENTED_EDGE('',*,*,#2367,.T.);
#3417=ORIENTED_EDGE('',*,*,#2578,.T.);
#3418=ORIENTED_EDGE('',*,*,#2415,.F.);
#3419=ORIENTED_EDGE('',*,*,#2581,.F.);
#3420=ORIENTED_EDGE('',*,*,#2421,.F.);
#3421=ORIENTED_EDGE('',*,*,#2582,.F.);
#3422=ORIENTED_EDGE('',*,*,#2365,.T.);
#3423=ORIENTED_EDGE('',*,*,#2570,.T.);
#3424=ORIENTED_EDGE('',*,*,#2482,.T.);
#3425=ORIENTED_EDGE('',*,*,#2583,.F.);
#3426=ORIENTED_EDGE('',*,*,#2480,.T.);
#3427=ORIENTED_EDGE('',*,*,#2569,.F.);
#3428=ORIENTED_EDGE('',*,*,#2363,.T.);
#3429=ORIENTED_EDGE('',*,*,#2584,.T.);
#3430=ORIENTED_EDGE('',*,*,#2419,.F.);
#3431=ORIENTED_EDGE('',*,*,#2420,.F.);
#3432=ORIENTED_EDGE('',*,*,#2584,.F.);
#3433=ORIENTED_EDGE('',*,*,#2362,.T.);
#3434=ORIENTED_EDGE('',*,*,#2582,.T.);
#3435=ORIENTED_EDGE('',*,*,#2526,.F.);
#3436=ORIENTED_EDGE('',*,*,#2571,.F.);
#3437=ORIENTED_EDGE('',*,*,#2530,.F.);
#3438=ORIENTED_EDGE('',*,*,#2528,.F.);
#3439=ORIENTED_EDGE('',*,*,#2533,.F.);
#3440=ORIENTED_EDGE('',*,*,#2572,.F.);
#3441=ORIENTED_EDGE('',*,*,#2537,.F.);
#3442=ORIENTED_EDGE('',*,*,#2535,.F.);
#3443=ORIENTED_EDGE('',*,*,#2540,.F.);
#3444=ORIENTED_EDGE('',*,*,#2573,.F.);
#3445=ORIENTED_EDGE('',*,*,#2544,.F.);
#3446=ORIENTED_EDGE('',*,*,#2542,.F.);
#3447=ORIENTED_EDGE('',*,*,#2547,.F.);
#3448=ORIENTED_EDGE('',*,*,#2574,.F.);
#3449=ORIENTED_EDGE('',*,*,#2551,.F.);
#3450=ORIENTED_EDGE('',*,*,#2549,.F.);
#3451=ORIENTED_EDGE('',*,*,#2554,.F.);
#3452=ORIENTED_EDGE('',*,*,#2575,.F.);
#3453=ORIENTED_EDGE('',*,*,#2558,.F.);
#3454=ORIENTED_EDGE('',*,*,#2556,.F.);
#3455=ORIENTED_EDGE('',*,*,#2561,.F.);
#3456=ORIENTED_EDGE('',*,*,#2576,.F.);
#3457=ORIENTED_EDGE('',*,*,#2565,.F.);
#3458=ORIENTED_EDGE('',*,*,#2563,.F.);
#3459=ORIENTED_EDGE('',*,*,#2585,.T.);
#3460=ORIENTED_EDGE('',*,*,#2579,.T.);
#3461=ORIENTED_EDGE('',*,*,#2414,.F.);
#3462=ORIENTED_EDGE('',*,*,#2505,.T.);
#3463=ORIENTED_EDGE('',*,*,#2580,.F.);
#3464=ORIENTED_EDGE('',*,*,#2585,.F.);
#3465=ORIENTED_EDGE('',*,*,#2508,.F.);
#3466=ORIENTED_EDGE('',*,*,#2568,.F.);
#3467=ORIENTED_EDGE('',*,*,#2481,.T.);
#3468=ORIENTED_EDGE('',*,*,#2583,.T.);
#3469=ORIENTED_EDGE('',*,*,#2418,.F.);
#3470=ORIENTED_EDGE('',*,*,#2581,.T.);
#3471=ORIENTED_EDGE('',*,*,#2520,.F.);
#3472=ORIENTED_EDGE('',*,*,#2405,.F.);
#3473=ORIENTED_EDGE('',*,*,#2436,.F.);
#3474=ORIENTED_EDGE('',*,*,#2586,.T.);
#3475=ORIENTED_EDGE('',*,*,#2444,.T.);
#3476=ORIENTED_EDGE('',*,*,#2521,.T.);
#3477=ORIENTED_EDGE('',*,*,#2587,.T.);
#3478=ORIENTED_EDGE('',*,*,#2522,.F.);
#3479=ORIENTED_EDGE('',*,*,#2473,.F.);
#3480=ORIENTED_EDGE('',*,*,#2523,.F.);
#3481=ORIENTED_EDGE('',*,*,#2474,.F.);
#3482=ORIENTED_EDGE('',*,*,#2588,.T.);
#3483=ORIENTED_EDGE('',*,*,#2477,.T.);
#3484=ORIENTED_EDGE('',*,*,#2409,.F.);
#3485=ORIENTED_EDGE('',*,*,#2589,.F.);
#3486=ORIENTED_EDGE('',*,*,#2438,.F.);
#3487=ORIENTED_EDGE('',*,*,#2491,.F.);
#3488=ORIENTED_EDGE('',*,*,#2590,.F.);
#3489=ORIENTED_EDGE('',*,*,#2591,.F.);
#3490=ORIENTED_EDGE('',*,*,#2441,.F.);
#3491=ORIENTED_EDGE('',*,*,#2586,.F.);
#3492=ORIENTED_EDGE('',*,*,#2435,.F.);
#3493=ORIENTED_EDGE('',*,*,#2356,.T.);
#3494=ORIENTED_EDGE('',*,*,#2592,.T.);
#3495=ORIENTED_EDGE('',*,*,#2593,.T.);
#3496=ORIENTED_EDGE('',*,*,#2590,.T.);
#3497=ORIENTED_EDGE('',*,*,#2490,.T.);
#3498=ORIENTED_EDGE('',*,*,#2466,.F.);
#3499=ORIENTED_EDGE('',*,*,#2587,.F.);
#3500=ORIENTED_EDGE('',*,*,#2462,.F.);
#3501=ORIENTED_EDGE('',*,*,#2488,.T.);
#3502=ORIENTED_EDGE('',*,*,#2594,.T.);
#3503=ORIENTED_EDGE('',*,*,#2442,.F.);
#3504=ORIENTED_EDGE('',*,*,#2591,.T.);
#3505=ORIENTED_EDGE('',*,*,#2434,.F.);
#3506=ORIENTED_EDGE('',*,*,#2476,.F.);
#3507=ORIENTED_EDGE('',*,*,#2496,.F.);
#3508=ORIENTED_EDGE('',*,*,#2478,.F.);
#3509=ORIENTED_EDGE('',*,*,#2588,.F.);
#3510=ORIENTED_EDGE('',*,*,#2353,.T.);
#3511=ORIENTED_EDGE('',*,*,#2443,.F.);
#3512=ORIENTED_EDGE('',*,*,#2594,.F.);
#3513=ORIENTED_EDGE('',*,*,#2433,.F.);
#3514=ORIENTED_EDGE('',*,*,#2595,.T.);
#3515=ORIENTED_EDGE('',*,*,#2592,.F.);
#3516=ORIENTED_EDGE('',*,*,#2355,.F.);
#3517=ORIENTED_EDGE('',*,*,#2440,.F.);
#3518=ORIENTED_EDGE('',*,*,#2589,.T.);
#3519=ORIENTED_EDGE('',*,*,#2593,.F.);
#3520=ORIENTED_EDGE('',*,*,#2595,.F.);
#3521=ORIENTED_EDGE('',*,*,#2439,.F.);
#3522=ORIENTED_EDGE('',*,*,#2596,.F.);
#3523=ORIENTED_EDGE('',*,*,#2597,.T.);
#3524=ORIENTED_EDGE('',*,*,#2598,.F.);
#3525=ORIENTED_EDGE('',*,*,#2599,.F.);
#3526=ORIENTED_EDGE('',*,*,#2600,.F.);
#3527=ORIENTED_EDGE('',*,*,#2601,.F.);
#3528=ORIENTED_EDGE('',*,*,#2602,.F.);
#3529=ORIENTED_EDGE('',*,*,#2603,.T.);
#3530=ORIENTED_EDGE('',*,*,#2604,.F.);
#3531=ORIENTED_EDGE('',*,*,#2605,.F.);
#3532=ORIENTED_EDGE('',*,*,#2606,.F.);
#3533=ORIENTED_EDGE('',*,*,#2607,.T.);
#3534=ORIENTED_EDGE('',*,*,#2608,.F.);
#3535=ORIENTED_EDGE('',*,*,#2609,.F.);
#3536=ORIENTED_EDGE('',*,*,#2610,.T.);
#3537=ORIENTED_EDGE('',*,*,#2611,.T.);
#3538=ORIENTED_EDGE('',*,*,#2612,.F.);
#3539=ORIENTED_EDGE('',*,*,#2613,.T.);
#3540=ORIENTED_EDGE('',*,*,#2614,.F.);
#3541=ORIENTED_EDGE('',*,*,#2615,.F.);
#3542=ORIENTED_EDGE('',*,*,#2616,.F.);
#3543=ORIENTED_EDGE('',*,*,#2617,.F.);
#3544=ORIENTED_EDGE('',*,*,#2618,.F.);
#3545=ORIENTED_EDGE('',*,*,#2619,.T.);
#3546=ORIENTED_EDGE('',*,*,#2620,.F.);
#3547=ORIENTED_EDGE('',*,*,#2621,.F.);
#3548=ORIENTED_EDGE('',*,*,#2622,.T.);
#3549=ORIENTED_EDGE('',*,*,#2623,.T.);
#3550=ORIENTED_EDGE('',*,*,#2624,.F.);
#3551=ORIENTED_EDGE('',*,*,#2625,.F.);
#3552=ORIENTED_EDGE('',*,*,#2626,.F.);
#3553=ORIENTED_EDGE('',*,*,#2619,.F.);
#3554=ORIENTED_EDGE('',*,*,#2627,.F.);
#3555=ORIENTED_EDGE('',*,*,#2628,.F.);
#3556=ORIENTED_EDGE('',*,*,#2629,.F.);
#3557=ORIENTED_EDGE('',*,*,#2630,.F.);
#3558=ORIENTED_EDGE('',*,*,#2631,.F.);
#3559=ORIENTED_EDGE('',*,*,#2632,.F.);
#3560=ORIENTED_EDGE('',*,*,#2633,.F.);
#3561=ORIENTED_EDGE('',*,*,#2634,.F.);
#3562=ORIENTED_EDGE('',*,*,#2635,.F.);
#3563=ORIENTED_EDGE('',*,*,#2636,.F.);
#3564=ORIENTED_EDGE('',*,*,#2637,.F.);
#3565=ORIENTED_EDGE('',*,*,#2623,.F.);
#3566=ORIENTED_EDGE('',*,*,#2638,.T.);
#3567=ORIENTED_EDGE('',*,*,#2639,.T.);
#3568=ORIENTED_EDGE('',*,*,#2640,.F.);
#3569=ORIENTED_EDGE('',*,*,#2613,.F.);
#3570=ORIENTED_EDGE('',*,*,#2641,.F.);
#3571=ORIENTED_EDGE('',*,*,#2642,.F.);
#3572=ORIENTED_EDGE('',*,*,#2643,.F.);
#3573=ORIENTED_EDGE('',*,*,#2644,.T.);
#3574=ORIENTED_EDGE('',*,*,#2645,.F.);
#3575=ORIENTED_EDGE('',*,*,#2644,.F.);
#3576=ORIENTED_EDGE('',*,*,#2646,.F.);
#3577=ORIENTED_EDGE('',*,*,#2634,.T.);
#3578=ORIENTED_EDGE('',*,*,#2647,.F.);
#3579=ORIENTED_EDGE('',*,*,#2648,.T.);
#3580=ORIENTED_EDGE('',*,*,#2649,.F.);
#3581=ORIENTED_EDGE('',*,*,#2650,.F.);
#3582=ORIENTED_EDGE('',*,*,#2651,.F.);
#3583=ORIENTED_EDGE('',*,*,#2652,.F.);
#3584=ORIENTED_EDGE('',*,*,#2653,.F.);
#3585=ORIENTED_EDGE('',*,*,#2630,.T.);
#3586=ORIENTED_EDGE('',*,*,#2654,.F.);
#3587=ORIENTED_EDGE('',*,*,#2655,.F.);
#3588=ORIENTED_EDGE('',*,*,#2656,.F.);
#3589=ORIENTED_EDGE('',*,*,#2657,.T.);
#3590=ORIENTED_EDGE('',*,*,#2658,.F.);
#3591=ORIENTED_EDGE('',*,*,#2659,.F.);
#3592=ORIENTED_EDGE('',*,*,#2660,.T.);
#3593=ORIENTED_EDGE('',*,*,#2661,.T.);
#3594=ORIENTED_EDGE('',*,*,#2662,.F.);
#3595=ORIENTED_EDGE('',*,*,#2663,.F.);
#3596=ORIENTED_EDGE('',*,*,#2664,.F.);
#3597=ORIENTED_EDGE('',*,*,#2665,.T.);
#3598=ORIENTED_EDGE('',*,*,#2666,.F.);
#3599=ORIENTED_EDGE('',*,*,#2667,.F.);
#3600=ORIENTED_EDGE('',*,*,#2668,.F.);
#3601=ORIENTED_EDGE('',*,*,#2669,.T.);
#3602=ORIENTED_EDGE('',*,*,#2670,.F.);
#3603=ORIENTED_EDGE('',*,*,#2669,.F.);
#3604=ORIENTED_EDGE('',*,*,#2671,.T.);
#3605=ORIENTED_EDGE('',*,*,#2672,.T.);
#3606=ORIENTED_EDGE('',*,*,#2673,.F.);
#3607=ORIENTED_EDGE('',*,*,#2674,.F.);
#3608=ORIENTED_EDGE('',*,*,#2675,.T.);
#3609=ORIENTED_EDGE('',*,*,#2667,.T.);
#3610=ORIENTED_EDGE('',*,*,#2676,.F.);
#3611=ORIENTED_EDGE('',*,*,#2648,.F.);
#3612=ORIENTED_EDGE('',*,*,#2677,.F.);
#3613=ORIENTED_EDGE('',*,*,#2659,.T.);
#3614=ORIENTED_EDGE('',*,*,#2678,.F.);
#3615=ORIENTED_EDGE('',*,*,#2679,.F.);
#3616=ORIENTED_EDGE('',*,*,#2680,.F.);
#3617=ORIENTED_EDGE('',*,*,#2681,.T.);
#3618=ORIENTED_EDGE('',*,*,#2682,.F.);
#3619=ORIENTED_EDGE('',*,*,#2683,.F.);
#3620=ORIENTED_EDGE('',*,*,#2684,.F.);
#3621=ORIENTED_EDGE('',*,*,#2655,.T.);
#3622=ORIENTED_EDGE('',*,*,#2685,.F.);
#3623=ORIENTED_EDGE('',*,*,#2686,.F.);
#3624=ORIENTED_EDGE('',*,*,#2687,.F.);
#3625=ORIENTED_EDGE('',*,*,#2663,.T.);
#3626=ORIENTED_EDGE('',*,*,#2688,.F.);
#3627=ORIENTED_EDGE('',*,*,#2650,.T.);
#3628=ORIENTED_EDGE('',*,*,#2689,.F.);
#3629=ORIENTED_EDGE('',*,*,#2639,.F.);
#3630=ORIENTED_EDGE('',*,*,#2690,.T.);
#3631=ORIENTED_EDGE('',*,*,#2674,.T.);
#3632=ORIENTED_EDGE('',*,*,#2691,.F.);
#3633=ORIENTED_EDGE('',*,*,#2692,.F.);
#3634=ORIENTED_EDGE('',*,*,#2693,.F.);
#3635=ORIENTED_EDGE('',*,*,#2683,.T.);
#3636=ORIENTED_EDGE('',*,*,#2694,.F.);
#3637=ORIENTED_EDGE('',*,*,#2695,.F.);
#3638=ORIENTED_EDGE('',*,*,#2696,.F.);
#3639=ORIENTED_EDGE('',*,*,#2686,.T.);
#3640=ORIENTED_EDGE('',*,*,#2697,.F.);
#3641=ORIENTED_EDGE('',*,*,#2698,.F.);
#3642=ORIENTED_EDGE('',*,*,#2699,.F.);
#3643=ORIENTED_EDGE('',*,*,#2700,.T.);
#3644=ORIENTED_EDGE('',*,*,#2701,.F.);
#3645=ORIENTED_EDGE('',*,*,#2702,.F.);
#3646=ORIENTED_EDGE('',*,*,#2703,.F.);
#3647=ORIENTED_EDGE('',*,*,#2700,.F.);
#3648=ORIENTED_EDGE('',*,*,#2704,.F.);
#3649=ORIENTED_EDGE('',*,*,#2679,.T.);
#3650=ORIENTED_EDGE('',*,*,#2612,.T.);
#3651=ORIENTED_EDGE('',*,*,#2705,.F.);
#3652=ORIENTED_EDGE('',*,*,#2596,.T.);
#3653=ORIENTED_EDGE('',*,*,#2706,.T.);
#3654=ORIENTED_EDGE('',*,*,#2624,.T.);
#3655=ORIENTED_EDGE('',*,*,#2691,.T.);
#3656=ORIENTED_EDGE('',*,*,#2673,.T.);
#3657=ORIENTED_EDGE('',*,*,#2707,.T.);
#3658=ORIENTED_EDGE('',*,*,#2708,.T.);
#3659=ORIENTED_EDGE('',*,*,#2709,.F.);
#3660=ORIENTED_EDGE('',*,*,#2616,.T.);
#3661=ORIENTED_EDGE('',*,*,#2626,.T.);
#3662=ORIENTED_EDGE('',*,*,#2710,.F.);
#3663=ORIENTED_EDGE('',*,*,#2600,.T.);
#3664=ORIENTED_EDGE('',*,*,#2711,.T.);
#3665=ORIENTED_EDGE('',*,*,#2688,.T.);
#3666=ORIENTED_EDGE('',*,*,#2712,.T.);
#3667=ORIENTED_EDGE('',*,*,#2713,.T.);
#3668=ORIENTED_EDGE('',*,*,#2714,.F.);
#3669=ORIENTED_EDGE('',*,*,#2647,.T.);
#3670=ORIENTED_EDGE('',*,*,#2701,.T.);
#3671=ORIENTED_EDGE('',*,*,#2703,.T.);
#3672=ORIENTED_EDGE('',*,*,#2715,.T.);
#3673=ORIENTED_EDGE('',*,*,#2716,.T.);
#3674=ORIENTED_EDGE('',*,*,#2717,.F.);
#3675=ORIENTED_EDGE('',*,*,#2680,.T.);
#3676=ORIENTED_EDGE('',*,*,#2718,.T.);
#3677=ORIENTED_EDGE('',*,*,#2719,.T.);
#3678=ORIENTED_EDGE('',*,*,#2720,.F.);
#3679=ORIENTED_EDGE('',*,*,#2662,.T.);
#3680=ORIENTED_EDGE('',*,*,#2721,.T.);
#3681=ORIENTED_EDGE('',*,*,#2722,.T.);
#3682=ORIENTED_EDGE('',*,*,#2723,.F.);
#3683=ORIENTED_EDGE('',*,*,#2724,.T.);
#3684=ORIENTED_EDGE('',*,*,#2725,.T.);
#3685=ORIENTED_EDGE('',*,*,#2726,.T.);
#3686=ORIENTED_EDGE('',*,*,#2727,.F.);
#3687=ORIENTED_EDGE('',*,*,#2728,.T.);
#3688=ORIENTED_EDGE('',*,*,#2729,.T.);
#3689=ORIENTED_EDGE('',*,*,#2730,.T.);
#3690=ORIENTED_EDGE('',*,*,#2731,.F.);
#3691=ORIENTED_EDGE('',*,*,#2653,.T.);
#3692=ORIENTED_EDGE('',*,*,#2732,.F.);
#3693=ORIENTED_EDGE('',*,*,#2733,.T.);
#3694=ORIENTED_EDGE('',*,*,#2734,.T.);
#3695=ORIENTED_EDGE('',*,*,#2631,.T.);
#3696=ORIENTED_EDGE('',*,*,#2645,.T.);
#3697=ORIENTED_EDGE('',*,*,#2633,.T.);
#3698=ORIENTED_EDGE('',*,*,#2735,.F.);
#3699=ORIENTED_EDGE('',*,*,#2736,.T.);
#3700=ORIENTED_EDGE('',*,*,#2737,.T.);
#3701=ORIENTED_EDGE('',*,*,#2696,.T.);
#3702=ORIENTED_EDGE('',*,*,#2738,.T.);
#3703=ORIENTED_EDGE('',*,*,#2739,.T.);
#3704=ORIENTED_EDGE('',*,*,#2740,.F.);
#3705=ORIENTED_EDGE('',*,*,#2687,.T.);
#3706=ORIENTED_EDGE('',*,*,#2654,.T.);
#3707=ORIENTED_EDGE('',*,*,#2741,.T.);
#3708=ORIENTED_EDGE('',*,*,#2742,.T.);
#3709=ORIENTED_EDGE('',*,*,#2743,.F.);
#3710=ORIENTED_EDGE('',*,*,#2694,.T.);
#3711=ORIENTED_EDGE('',*,*,#2682,.T.);
#3712=ORIENTED_EDGE('',*,*,#2743,.T.);
#3713=ORIENTED_EDGE('',*,*,#2604,.T.);
#3714=ORIENTED_EDGE('',*,*,#2744,.F.);
#3715=ORIENTED_EDGE('',*,*,#2722,.F.);
#3716=ORIENTED_EDGE('',*,*,#2745,.F.);
#3717=ORIENTED_EDGE('',*,*,#2746,.F.);
#3718=ORIENTED_EDGE('',*,*,#2747,.T.);
#3719=ORIENTED_EDGE('',*,*,#2742,.F.);
#3720=ORIENTED_EDGE('',*,*,#2748,.F.);
#3721=ORIENTED_EDGE('',*,*,#2749,.F.);
#3722=ORIENTED_EDGE('',*,*,#2605,.T.);
#3723=ORIENTED_EDGE('',*,*,#2750,.F.);
#3724=ORIENTED_EDGE('',*,*,#2751,.F.);
#3725=ORIENTED_EDGE('',*,*,#2719,.F.);
#3726=ORIENTED_EDGE('',*,*,#2752,.T.);
#3727=ORIENTED_EDGE('',*,*,#2753,.F.);
#3728=ORIENTED_EDGE('',*,*,#2672,.F.);
#3729=ORIENTED_EDGE('',*,*,#2754,.F.);
#3730=ORIENTED_EDGE('',*,*,#2755,.T.);
#3731=ORIENTED_EDGE('',*,*,#2708,.F.);
#3732=ORIENTED_EDGE('',*,*,#2755,.F.);
#3733=ORIENTED_EDGE('',*,*,#2756,.T.);
#3734=ORIENTED_EDGE('',*,*,#2757,.T.);
#3735=ORIENTED_EDGE('',*,*,#2609,.T.);
#3736=ORIENTED_EDGE('',*,*,#2758,.T.);
#3737=ORIENTED_EDGE('',*,*,#2636,.T.);
#3738=ORIENTED_EDGE('',*,*,#2759,.F.);
#3739=ORIENTED_EDGE('',*,*,#2760,.T.);
#3740=ORIENTED_EDGE('',*,*,#2735,.T.);
#3741=ORIENTED_EDGE('',*,*,#2632,.T.);
#3742=ORIENTED_EDGE('',*,*,#2734,.F.);
#3743=ORIENTED_EDGE('',*,*,#2761,.T.);
#3744=ORIENTED_EDGE('',*,*,#2762,.T.);
#3745=ORIENTED_EDGE('',*,*,#2628,.T.);
#3746=ORIENTED_EDGE('',*,*,#2763,.F.);
#3747=ORIENTED_EDGE('',*,*,#2601,.T.);
#3748=ORIENTED_EDGE('',*,*,#2710,.T.);
#3749=ORIENTED_EDGE('',*,*,#2625,.T.);
#3750=ORIENTED_EDGE('',*,*,#2706,.F.);
#3751=ORIENTED_EDGE('',*,*,#2599,.T.);
#3752=ORIENTED_EDGE('',*,*,#2764,.F.);
#3753=ORIENTED_EDGE('',*,*,#2765,.F.);
#3754=ORIENTED_EDGE('',*,*,#2712,.F.);
#3755=ORIENTED_EDGE('',*,*,#2702,.T.);
#3756=ORIENTED_EDGE('',*,*,#2717,.T.);
#3757=ORIENTED_EDGE('',*,*,#2766,.F.);
#3758=ORIENTED_EDGE('',*,*,#2767,.F.);
#3759=ORIENTED_EDGE('',*,*,#2698,.T.);
#3760=ORIENTED_EDGE('',*,*,#2768,.T.);
#3761=ORIENTED_EDGE('',*,*,#2769,.F.);
#3762=ORIENTED_EDGE('',*,*,#2738,.F.);
#3763=ORIENTED_EDGE('',*,*,#2695,.T.);
#3764=ORIENTED_EDGE('',*,*,#2744,.T.);
#3765=ORIENTED_EDGE('',*,*,#2607,.F.);
#3766=ORIENTED_EDGE('',*,*,#2770,.F.);
#3767=ORIENTED_EDGE('',*,*,#2692,.T.);
#3768=ORIENTED_EDGE('',*,*,#2709,.T.);
#3769=ORIENTED_EDGE('',*,*,#2757,.F.);
#3770=ORIENTED_EDGE('',*,*,#2771,.T.);
#3771=ORIENTED_EDGE('',*,*,#2772,.F.);
#3772=ORIENTED_EDGE('',*,*,#2611,.F.);
#3773=ORIENTED_EDGE('',*,*,#2773,.F.);
#3774=ORIENTED_EDGE('',*,*,#2774,.T.);
#3775=ORIENTED_EDGE('',*,*,#2775,.F.);
#3776=ORIENTED_EDGE('',*,*,#2774,.F.);
#3777=ORIENTED_EDGE('',*,*,#2776,.T.);
#3778=ORIENTED_EDGE('',*,*,#2777,.T.);
#3779=ORIENTED_EDGE('',*,*,#2778,.F.);
#3780=ORIENTED_EDGE('',*,*,#2777,.F.);
#3781=ORIENTED_EDGE('',*,*,#2779,.F.);
#3782=ORIENTED_EDGE('',*,*,#2621,.T.);
#3783=ORIENTED_EDGE('',*,*,#2771,.F.);
#3784=ORIENTED_EDGE('',*,*,#2756,.F.);
#3785=ORIENTED_EDGE('',*,*,#2780,.F.);
#3786=ORIENTED_EDGE('',*,*,#2675,.F.);
#3787=ORIENTED_EDGE('',*,*,#2690,.F.);
#3788=ORIENTED_EDGE('',*,*,#2638,.F.);
#3789=ORIENTED_EDGE('',*,*,#2622,.F.);
#3790=ORIENTED_EDGE('',*,*,#2781,.F.);
#3791=ORIENTED_EDGE('',*,*,#2610,.F.);
#3792=ORIENTED_EDGE('',*,*,#2689,.T.);
#3793=ORIENTED_EDGE('',*,*,#2649,.T.);
#3794=ORIENTED_EDGE('',*,*,#2782,.T.);
#3795=ORIENTED_EDGE('',*,*,#2783,.T.);
#3796=ORIENTED_EDGE('',*,*,#2764,.T.);
#3797=ORIENTED_EDGE('',*,*,#2598,.T.);
#3798=ORIENTED_EDGE('',*,*,#2784,.T.);
#3799=ORIENTED_EDGE('',*,*,#2614,.T.);
#3800=ORIENTED_EDGE('',*,*,#2640,.T.);
#3801=ORIENTED_EDGE('',*,*,#2785,.T.);
#3802=ORIENTED_EDGE('',*,*,#2786,.T.);
#3803=ORIENTED_EDGE('',*,*,#2787,.T.);
#3804=ORIENTED_EDGE('',*,*,#2784,.F.);
#3805=ORIENTED_EDGE('',*,*,#2676,.T.);
#3806=ORIENTED_EDGE('',*,*,#2658,.T.);
#3807=ORIENTED_EDGE('',*,*,#2788,.T.);
#3808=ORIENTED_EDGE('',*,*,#2782,.F.);
#3809=ORIENTED_EDGE('',*,*,#2773,.T.);
#3810=ORIENTED_EDGE('',*,*,#2781,.T.);
#3811=ORIENTED_EDGE('',*,*,#2779,.T.);
#3812=ORIENTED_EDGE('',*,*,#2776,.F.);
#3813=ORIENTED_EDGE('',*,*,#2668,.T.);
#3814=ORIENTED_EDGE('',*,*,#2780,.T.);
#3815=ORIENTED_EDGE('',*,*,#2754,.T.);
#3816=ORIENTED_EDGE('',*,*,#2671,.F.);
#3817=ORIENTED_EDGE('',*,*,#2789,.T.);
#3818=ORIENTED_EDGE('',*,*,#2790,.T.);
#3819=ORIENTED_EDGE('',*,*,#2643,.T.);
#3820=ORIENTED_EDGE('',*,*,#2791,.F.);
#3821=ORIENTED_EDGE('',*,*,#2772,.T.);
#3822=ORIENTED_EDGE('',*,*,#2775,.T.);
#3823=ORIENTED_EDGE('',*,*,#2778,.T.);
#3824=ORIENTED_EDGE('',*,*,#2792,.F.);
#3825=ORIENTED_EDGE('',*,*,#2620,.T.);
#3826=ORIENTED_EDGE('',*,*,#2637,.T.);
#3827=ORIENTED_EDGE('',*,*,#2758,.F.);
#3828=ORIENTED_EDGE('',*,*,#2608,.T.);
#3829=ORIENTED_EDGE('',*,*,#2792,.T.);
#3830=ORIENTED_EDGE('',*,*,#2646,.T.);
#3831=ORIENTED_EDGE('',*,*,#2790,.F.);
#3832=ORIENTED_EDGE('',*,*,#2793,.T.);
#3833=ORIENTED_EDGE('',*,*,#2759,.T.);
#3834=ORIENTED_EDGE('',*,*,#2635,.T.);
#3835=ORIENTED_EDGE('',*,*,#2794,.T.);
#3836=ORIENTED_EDGE('',*,*,#2732,.T.);
#3837=ORIENTED_EDGE('',*,*,#2795,.T.);
#3838=ORIENTED_EDGE('',*,*,#2796,.F.);
#3839=ORIENTED_EDGE('',*,*,#2797,.T.);
#3840=ORIENTED_EDGE('',*,*,#2798,.T.);
#3841=ORIENTED_EDGE('',*,*,#2641,.T.);
#3842=ORIENTED_EDGE('',*,*,#2737,.F.);
#3843=ORIENTED_EDGE('',*,*,#2664,.T.);
#3844=ORIENTED_EDGE('',*,*,#2740,.T.);
#3845=ORIENTED_EDGE('',*,*,#2746,.T.);
#3846=ORIENTED_EDGE('',*,*,#2799,.F.);
#3847=ORIENTED_EDGE('',*,*,#2697,.T.);
#3848=ORIENTED_EDGE('',*,*,#2685,.T.);
#3849=ORIENTED_EDGE('',*,*,#2723,.T.);
#3850=ORIENTED_EDGE('',*,*,#2800,.T.);
#3851=ORIENTED_EDGE('',*,*,#2768,.F.);
#3852=ORIENTED_EDGE('',*,*,#2699,.T.);
#3853=ORIENTED_EDGE('',*,*,#2767,.T.);
#3854=ORIENTED_EDGE('',*,*,#2801,.T.);
#3855=ORIENTED_EDGE('',*,*,#2718,.F.);
#3856=ORIENTED_EDGE('',*,*,#2704,.T.);
#3857=ORIENTED_EDGE('',*,*,#2651,.T.);
#3858=ORIENTED_EDGE('',*,*,#2629,.T.);
#3859=ORIENTED_EDGE('',*,*,#2762,.F.);
#3860=ORIENTED_EDGE('',*,*,#2802,.T.);
#3861=ORIENTED_EDGE('',*,*,#2731,.T.);
#3862=ORIENTED_EDGE('',*,*,#2618,.T.);
#3863=ORIENTED_EDGE('',*,*,#2725,.F.);
#3864=ORIENTED_EDGE('',*,*,#2602,.T.);
#3865=ORIENTED_EDGE('',*,*,#2763,.T.);
#3866=ORIENTED_EDGE('',*,*,#2627,.T.);
#3867=ORIENTED_EDGE('',*,*,#2803,.T.);
#3868=ORIENTED_EDGE('',*,*,#2705,.T.);
#3869=ORIENTED_EDGE('',*,*,#2804,.T.);
#3870=ORIENTED_EDGE('',*,*,#2805,.F.);
#3871=ORIENTED_EDGE('',*,*,#2806,.T.);
#3872=ORIENTED_EDGE('',*,*,#2807,.T.);
#3873=ORIENTED_EDGE('',*,*,#2808,.T.);
#3874=ORIENTED_EDGE('',*,*,#2711,.F.);
#3875=ORIENTED_EDGE('',*,*,#2677,.T.);
#3876=ORIENTED_EDGE('',*,*,#2714,.T.);
#3877=ORIENTED_EDGE('',*,*,#2809,.T.);
#3878=ORIENTED_EDGE('',*,*,#2660,.F.);
#3879=ORIENTED_EDGE('',*,*,#2678,.T.);
#3880=ORIENTED_EDGE('',*,*,#2810,.T.);
#3881=ORIENTED_EDGE('',*,*,#2750,.T.);
#3882=ORIENTED_EDGE('',*,*,#2715,.F.);
#3883=ORIENTED_EDGE('',*,*,#2716,.F.);
#3884=ORIENTED_EDGE('',*,*,#2752,.F.);
#3885=ORIENTED_EDGE('',*,*,#2801,.F.);
#3886=ORIENTED_EDGE('',*,*,#2766,.T.);
#3887=ORIENTED_EDGE('',*,*,#2800,.F.);
#3888=ORIENTED_EDGE('',*,*,#2747,.F.);
#3889=ORIENTED_EDGE('',*,*,#2739,.F.);
#3890=ORIENTED_EDGE('',*,*,#2769,.T.);
#3891=ORIENTED_EDGE('',*,*,#2713,.F.);
#3892=ORIENTED_EDGE('',*,*,#2765,.T.);
#3893=ORIENTED_EDGE('',*,*,#2783,.F.);
#3894=ORIENTED_EDGE('',*,*,#2811,.F.);
#3895=ORIENTED_EDGE('',*,*,#2693,.T.);
#3896=ORIENTED_EDGE('',*,*,#2770,.T.);
#3897=ORIENTED_EDGE('',*,*,#2606,.T.);
#3898=ORIENTED_EDGE('',*,*,#2812,.F.);
#3899=ORIENTED_EDGE('',*,*,#2684,.T.);
#3900=ORIENTED_EDGE('',*,*,#2666,.T.);
#3901=ORIENTED_EDGE('',*,*,#2670,.T.);
#3902=ORIENTED_EDGE('',*,*,#2753,.T.);
#3903=ORIENTED_EDGE('',*,*,#2707,.F.);
#3904=ORIENTED_EDGE('',*,*,#2656,.T.);
#3905=ORIENTED_EDGE('',*,*,#2812,.T.);
#3906=ORIENTED_EDGE('',*,*,#2749,.T.);
#3907=ORIENTED_EDGE('',*,*,#2813,.F.);
#3908=ORIENTED_EDGE('',*,*,#2787,.F.);
#3909=ORIENTED_EDGE('',*,*,#2814,.F.);
#3910=ORIENTED_EDGE('',*,*,#2804,.F.);
#3911=ORIENTED_EDGE('',*,*,#2615,.T.);
#3912=ORIENTED_EDGE('',*,*,#2808,.F.);
#3913=ORIENTED_EDGE('',*,*,#2815,.F.);
#3914=ORIENTED_EDGE('',*,*,#2726,.F.);
#3915=ORIENTED_EDGE('',*,*,#2617,.T.);
#3916=ORIENTED_EDGE('',*,*,#2798,.F.);
#3917=ORIENTED_EDGE('',*,*,#2816,.F.);
#3918=ORIENTED_EDGE('',*,*,#2791,.T.);
#3919=ORIENTED_EDGE('',*,*,#2642,.T.);
#3920=ORIENTED_EDGE('',*,*,#2729,.F.);
#3921=ORIENTED_EDGE('',*,*,#2817,.F.);
#3922=ORIENTED_EDGE('',*,*,#2796,.T.);
#3923=ORIENTED_EDGE('',*,*,#2818,.T.);
#3924=ORIENTED_EDGE('',*,*,#2807,.F.);
#3925=ORIENTED_EDGE('',*,*,#2819,.F.);
#3926=ORIENTED_EDGE('',*,*,#2727,.T.);
#3927=ORIENTED_EDGE('',*,*,#2815,.T.);
#3928=ORIENTED_EDGE('',*,*,#2786,.F.);
#3929=ORIENTED_EDGE('',*,*,#2820,.F.);
#3930=ORIENTED_EDGE('',*,*,#2805,.T.);
#3931=ORIENTED_EDGE('',*,*,#2814,.T.);
#3932=ORIENTED_EDGE('',*,*,#2797,.F.);
#3933=ORIENTED_EDGE('',*,*,#2821,.F.);
#3934=ORIENTED_EDGE('',*,*,#2789,.F.);
#3935=ORIENTED_EDGE('',*,*,#2816,.T.);
#3936=ORIENTED_EDGE('',*,*,#2728,.F.);
#3937=ORIENTED_EDGE('',*,*,#2822,.F.);
#3938=ORIENTED_EDGE('',*,*,#2794,.F.);
#3939=ORIENTED_EDGE('',*,*,#2817,.T.);
#3940=ORIENTED_EDGE('',*,*,#2806,.F.);
#3941=ORIENTED_EDGE('',*,*,#2603,.F.);
#3942=ORIENTED_EDGE('',*,*,#2724,.F.);
#3943=ORIENTED_EDGE('',*,*,#2819,.T.);
#3944=ORIENTED_EDGE('',*,*,#2785,.F.);
#3945=ORIENTED_EDGE('',*,*,#2597,.F.);
#3946=ORIENTED_EDGE('',*,*,#2803,.F.);
#3947=ORIENTED_EDGE('',*,*,#2820,.T.);
#3948=ORIENTED_EDGE('',*,*,#2736,.F.);
#3949=ORIENTED_EDGE('',*,*,#2760,.F.);
#3950=ORIENTED_EDGE('',*,*,#2793,.F.);
#3951=ORIENTED_EDGE('',*,*,#2821,.T.);
#3952=ORIENTED_EDGE('',*,*,#2802,.F.);
#3953=ORIENTED_EDGE('',*,*,#2761,.F.);
#3954=ORIENTED_EDGE('',*,*,#2733,.F.);
#3955=ORIENTED_EDGE('',*,*,#2822,.T.);
#3956=ORIENTED_EDGE('',*,*,#2730,.F.);
#3957=ORIENTED_EDGE('',*,*,#2818,.F.);
#3958=ORIENTED_EDGE('',*,*,#2795,.F.);
#3959=ORIENTED_EDGE('',*,*,#2652,.T.);
#3960=ORIENTED_EDGE('',*,*,#2788,.F.);
#3961=ORIENTED_EDGE('',*,*,#2661,.F.);
#3962=ORIENTED_EDGE('',*,*,#2809,.F.);
#3963=ORIENTED_EDGE('',*,*,#2811,.T.);
#3964=ORIENTED_EDGE('',*,*,#2741,.F.);
#3965=ORIENTED_EDGE('',*,*,#2657,.F.);
#3966=ORIENTED_EDGE('',*,*,#2813,.T.);
#3967=ORIENTED_EDGE('',*,*,#2748,.T.);
#3968=ORIENTED_EDGE('',*,*,#2721,.F.);
#3969=ORIENTED_EDGE('',*,*,#2665,.F.);
#3970=ORIENTED_EDGE('',*,*,#2799,.T.);
#3971=ORIENTED_EDGE('',*,*,#2745,.T.);
#3972=ORIENTED_EDGE('',*,*,#2810,.F.);
#3973=ORIENTED_EDGE('',*,*,#2681,.F.);
#3974=ORIENTED_EDGE('',*,*,#2720,.T.);
#3975=ORIENTED_EDGE('',*,*,#2751,.T.);
#3976=ORIENTED_EDGE('',*,*,#2823,.T.);
#3977=ORIENTED_EDGE('',*,*,#2824,.F.);
#3978=ORIENTED_EDGE('',*,*,#2825,.T.);
#3979=ORIENTED_EDGE('',*,*,#2826,.T.);
#3980=ORIENTED_EDGE('',*,*,#2827,.T.);
#3981=ORIENTED_EDGE('',*,*,#2828,.T.);
#3982=ORIENTED_EDGE('',*,*,#2829,.T.);
#3983=ORIENTED_EDGE('',*,*,#2830,.T.);
#3984=ORIENTED_EDGE('',*,*,#2831,.T.);
#3985=ORIENTED_EDGE('',*,*,#2832,.T.);
#3986=ORIENTED_EDGE('',*,*,#2833,.T.);
#3987=ORIENTED_EDGE('',*,*,#2834,.T.);
#3988=ORIENTED_EDGE('',*,*,#2835,.T.);
#3989=ORIENTED_EDGE('',*,*,#2836,.T.);
#3990=ORIENTED_EDGE('',*,*,#2837,.T.);
#3991=ORIENTED_EDGE('',*,*,#2838,.T.);
#3992=ORIENTED_EDGE('',*,*,#2839,.T.);
#3993=ORIENTED_EDGE('',*,*,#2840,.T.);
#3994=ORIENTED_EDGE('',*,*,#2841,.T.);
#3995=ORIENTED_EDGE('',*,*,#2842,.T.);
#3996=ORIENTED_EDGE('',*,*,#2843,.T.);
#3997=ORIENTED_EDGE('',*,*,#2844,.T.);
#3998=ORIENTED_EDGE('',*,*,#2845,.T.);
#3999=ORIENTED_EDGE('',*,*,#2846,.T.);
#4000=ORIENTED_EDGE('',*,*,#2847,.T.);
#4001=ORIENTED_EDGE('',*,*,#2848,.T.);
#4002=ORIENTED_EDGE('',*,*,#2849,.T.);
#4003=ORIENTED_EDGE('',*,*,#2850,.F.);
#4004=ORIENTED_EDGE('',*,*,#2851,.F.);
#4005=ORIENTED_EDGE('',*,*,#2852,.F.);
#4006=ORIENTED_EDGE('',*,*,#2853,.T.);
#4007=ORIENTED_EDGE('',*,*,#2854,.T.);
#4008=ORIENTED_EDGE('',*,*,#2855,.F.);
#4009=ORIENTED_EDGE('',*,*,#2856,.T.);
#4010=ORIENTED_EDGE('',*,*,#2857,.F.);
#4011=ORIENTED_EDGE('',*,*,#2858,.F.);
#4012=ORIENTED_EDGE('',*,*,#2859,.F.);
#4013=ORIENTED_EDGE('',*,*,#2860,.T.);
#4014=ORIENTED_EDGE('',*,*,#2861,.F.);
#4015=ORIENTED_EDGE('',*,*,#2862,.F.);
#4016=ORIENTED_EDGE('',*,*,#2863,.F.);
#4017=ORIENTED_EDGE('',*,*,#2864,.T.);
#4018=ORIENTED_EDGE('',*,*,#2865,.F.);
#4019=ORIENTED_EDGE('',*,*,#2860,.F.);
#4020=ORIENTED_EDGE('',*,*,#2826,.F.);
#4021=ORIENTED_EDGE('',*,*,#2866,.T.);
#4022=ORIENTED_EDGE('',*,*,#2841,.F.);
#4023=ORIENTED_EDGE('',*,*,#2867,.F.);
#4024=ORIENTED_EDGE('',*,*,#2848,.F.);
#4025=ORIENTED_EDGE('',*,*,#2868,.T.);
#4026=ORIENTED_EDGE('',*,*,#2869,.F.);
#4027=ORIENTED_EDGE('',*,*,#2870,.F.);
#4028=ORIENTED_EDGE('',*,*,#2871,.F.);
#4029=ORIENTED_EDGE('',*,*,#2854,.F.);
#4030=ORIENTED_EDGE('',*,*,#2872,.T.);
#4031=ORIENTED_EDGE('',*,*,#2873,.T.);
#4032=ORIENTED_EDGE('',*,*,#2874,.F.);
#4033=ORIENTED_EDGE('',*,*,#2875,.T.);
#4034=ORIENTED_EDGE('',*,*,#2876,.F.);
#4035=ORIENTED_EDGE('',*,*,#2877,.F.);
#4036=ORIENTED_EDGE('',*,*,#2878,.F.);
#4037=ORIENTED_EDGE('',*,*,#2879,.F.);
#4038=ORIENTED_EDGE('',*,*,#2880,.T.);
#4039=ORIENTED_EDGE('',*,*,#2881,.T.);
#4040=ORIENTED_EDGE('',*,*,#2882,.F.);
#4041=ORIENTED_EDGE('',*,*,#2883,.T.);
#4042=ORIENTED_EDGE('',*,*,#2884,.F.);
#4043=ORIENTED_EDGE('',*,*,#2885,.F.);
#4044=ORIENTED_EDGE('',*,*,#2846,.F.);
#4045=ORIENTED_EDGE('',*,*,#2886,.T.);
#4046=ORIENTED_EDGE('',*,*,#2887,.F.);
#4047=ORIENTED_EDGE('',*,*,#2888,.F.);
#4048=ORIENTED_EDGE('',*,*,#2889,.F.);
#4049=ORIENTED_EDGE('',*,*,#2890,.T.);
#4050=ORIENTED_EDGE('',*,*,#2891,.F.);
#4051=ORIENTED_EDGE('',*,*,#2892,.F.);
#4052=ORIENTED_EDGE('',*,*,#2893,.F.);
#4053=ORIENTED_EDGE('',*,*,#2894,.T.);
#4054=ORIENTED_EDGE('',*,*,#2895,.F.);
#4055=ORIENTED_EDGE('',*,*,#2890,.F.);
#4056=ORIENTED_EDGE('',*,*,#2896,.F.);
#4057=ORIENTED_EDGE('',*,*,#2892,.T.);
#4058=ORIENTED_EDGE('',*,*,#2897,.F.);
#4059=ORIENTED_EDGE('',*,*,#2864,.F.);
#4060=ORIENTED_EDGE('',*,*,#2845,.F.);
#4061=ORIENTED_EDGE('',*,*,#2898,.T.);
#4062=ORIENTED_EDGE('',*,*,#2899,.F.);
#4063=ORIENTED_EDGE('',*,*,#2886,.F.);
#4064=ORIENTED_EDGE('',*,*,#2900,.F.);
#4065=ORIENTED_EDGE('',*,*,#2881,.F.);
#4066=ORIENTED_EDGE('',*,*,#2901,.T.);
#4067=ORIENTED_EDGE('',*,*,#2902,.T.);
#4068=ORIENTED_EDGE('',*,*,#2903,.F.);
#4069=ORIENTED_EDGE('',*,*,#2904,.T.);
#4070=ORIENTED_EDGE('',*,*,#2905,.F.);
#4071=ORIENTED_EDGE('',*,*,#2906,.F.);
#4072=ORIENTED_EDGE('',*,*,#2907,.F.);
#4073=ORIENTED_EDGE('',*,*,#2908,.T.);
#4074=ORIENTED_EDGE('',*,*,#2909,.F.);
#4075=ORIENTED_EDGE('',*,*,#2856,.F.);
#4076=ORIENTED_EDGE('',*,*,#2910,.F.);
#4077=ORIENTED_EDGE('',*,*,#2911,.T.);
#4078=ORIENTED_EDGE('',*,*,#2912,.F.);
#4079=ORIENTED_EDGE('',*,*,#2875,.F.);
#4080=ORIENTED_EDGE('',*,*,#2847,.F.);
#4081=ORIENTED_EDGE('',*,*,#2888,.T.);
#4082=ORIENTED_EDGE('',*,*,#2913,.F.);
#4083=ORIENTED_EDGE('',*,*,#2868,.F.);
#4084=ORIENTED_EDGE('',*,*,#2914,.F.);
#4085=ORIENTED_EDGE('',*,*,#2873,.F.);
#4086=ORIENTED_EDGE('',*,*,#2915,.T.);
#4087=ORIENTED_EDGE('',*,*,#2879,.T.);
#4088=ORIENTED_EDGE('',*,*,#2916,.F.);
#4089=ORIENTED_EDGE('',*,*,#2885,.T.);
#4090=ORIENTED_EDGE('',*,*,#2917,.F.);
#4091=ORIENTED_EDGE('',*,*,#2908,.F.);
#4092=ORIENTED_EDGE('',*,*,#2918,.F.);
#4093=ORIENTED_EDGE('',*,*,#2906,.T.);
#4094=ORIENTED_EDGE('',*,*,#2919,.F.);
#4095=ORIENTED_EDGE('',*,*,#2911,.F.);
#4096=ORIENTED_EDGE('',*,*,#2920,.T.);
#4097=ORIENTED_EDGE('',*,*,#2882,.T.);
#4098=ORIENTED_EDGE('',*,*,#2916,.T.);
#4099=ORIENTED_EDGE('',*,*,#2907,.T.);
#4100=ORIENTED_EDGE('',*,*,#2855,.T.);
#4101=ORIENTED_EDGE('',*,*,#2921,.T.);
#4102=ORIENTED_EDGE('',*,*,#2922,.F.);
#4103=ORIENTED_EDGE('',*,*,#2900,.T.);
#4104=ORIENTED_EDGE('',*,*,#2923,.T.);
#4105=ORIENTED_EDGE('',*,*,#2924,.T.);
#4106=ORIENTED_EDGE('',*,*,#2851,.T.);
#4107=ORIENTED_EDGE('',*,*,#2871,.T.);
#4108=ORIENTED_EDGE('',*,*,#2914,.T.);
#4109=ORIENTED_EDGE('',*,*,#2878,.T.);
#4110=ORIENTED_EDGE('',*,*,#2925,.T.);
#4111=ORIENTED_EDGE('',*,*,#2926,.T.);
#4112=ORIENTED_EDGE('',*,*,#2927,.T.);
#4113=ORIENTED_EDGE('',*,*,#2857,.T.);
#4114=ORIENTED_EDGE('',*,*,#2909,.T.);
#4115=ORIENTED_EDGE('',*,*,#2917,.T.);
#4116=ORIENTED_EDGE('',*,*,#2884,.T.);
#4117=ORIENTED_EDGE('',*,*,#2928,.T.);
#4118=ORIENTED_EDGE('',*,*,#2929,.F.);
#4119=ORIENTED_EDGE('',*,*,#2930,.T.);
#4120=ORIENTED_EDGE('',*,*,#2931,.T.);
#4121=ORIENTED_EDGE('',*,*,#2932,.T.);
#4122=ORIENTED_EDGE('',*,*,#2933,.T.);
#4123=ORIENTED_EDGE('',*,*,#2934,.T.);
#4124=ORIENTED_EDGE('',*,*,#2935,.T.);
#4125=ORIENTED_EDGE('',*,*,#2936,.T.);
#4126=ORIENTED_EDGE('',*,*,#2937,.T.);
#4127=ORIENTED_EDGE('',*,*,#2938,.T.);
#4128=ORIENTED_EDGE('',*,*,#2939,.T.);
#4129=ORIENTED_EDGE('',*,*,#2940,.T.);
#4130=ORIENTED_EDGE('',*,*,#2941,.T.);
#4131=ORIENTED_EDGE('',*,*,#2942,.T.);
#4132=ORIENTED_EDGE('',*,*,#2943,.T.);
#4133=ORIENTED_EDGE('',*,*,#2944,.T.);
#4134=ORIENTED_EDGE('',*,*,#2945,.T.);
#4135=ORIENTED_EDGE('',*,*,#2946,.T.);
#4136=ORIENTED_EDGE('',*,*,#2947,.T.);
#4137=ORIENTED_EDGE('',*,*,#2948,.T.);
#4138=ORIENTED_EDGE('',*,*,#2949,.T.);
#4139=ORIENTED_EDGE('',*,*,#2950,.F.);
#4140=ORIENTED_EDGE('',*,*,#2951,.T.);
#4141=ORIENTED_EDGE('',*,*,#2952,.T.);
#4142=ORIENTED_EDGE('',*,*,#2953,.T.);
#4143=ORIENTED_EDGE('',*,*,#2954,.T.);
#4144=ORIENTED_EDGE('',*,*,#2955,.T.);
#4145=ORIENTED_EDGE('',*,*,#2956,.T.);
#4146=ORIENTED_EDGE('',*,*,#2903,.T.);
#4147=ORIENTED_EDGE('',*,*,#2918,.T.);
#4148=ORIENTED_EDGE('',*,*,#2910,.T.);
#4149=ORIENTED_EDGE('',*,*,#2874,.T.);
#4150=ORIENTED_EDGE('',*,*,#2957,.T.);
#4151=ORIENTED_EDGE('',*,*,#2958,.F.);
#4152=ORIENTED_EDGE('',*,*,#2959,.T.);
#4153=ORIENTED_EDGE('',*,*,#2960,.T.);
#4154=ORIENTED_EDGE('',*,*,#2961,.T.);
#4155=ORIENTED_EDGE('',*,*,#2876,.T.);
#4156=ORIENTED_EDGE('',*,*,#2912,.T.);
#4157=ORIENTED_EDGE('',*,*,#2919,.T.);
#4158=ORIENTED_EDGE('',*,*,#2905,.T.);
#4159=ORIENTED_EDGE('',*,*,#2962,.T.);
#4160=ORIENTED_EDGE('',*,*,#2963,.T.);
#4161=ORIENTED_EDGE('',*,*,#2964,.T.);
#4162=ORIENTED_EDGE('',*,*,#2869,.T.);
#4163=ORIENTED_EDGE('',*,*,#2913,.T.);
#4164=ORIENTED_EDGE('',*,*,#2887,.T.);
#4165=ORIENTED_EDGE('',*,*,#2899,.T.);
#4166=ORIENTED_EDGE('',*,*,#2893,.T.);
#4167=ORIENTED_EDGE('',*,*,#2889,.T.);
#4168=ORIENTED_EDGE('',*,*,#2896,.T.);
#4169=ORIENTED_EDGE('',*,*,#2863,.T.);
#4170=ORIENTED_EDGE('',*,*,#2859,.T.);
#4171=ORIENTED_EDGE('',*,*,#2965,.T.);
#4172=ORIENTED_EDGE('',*,*,#2966,.F.);
#4173=ORIENTED_EDGE('',*,*,#2967,.T.);
#4174=ORIENTED_EDGE('',*,*,#2968,.T.);
#4175=ORIENTED_EDGE('',*,*,#2969,.T.);
#4176=ORIENTED_EDGE('',*,*,#2970,.T.);
#4177=ORIENTED_EDGE('',*,*,#2971,.T.);
#4178=ORIENTED_EDGE('',*,*,#2972,.T.);
#4179=ORIENTED_EDGE('',*,*,#2973,.T.);
#4180=ORIENTED_EDGE('',*,*,#2974,.T.);
#4181=ORIENTED_EDGE('',*,*,#2861,.T.);
#4182=ORIENTED_EDGE('',*,*,#2865,.T.);
#4183=ORIENTED_EDGE('',*,*,#2897,.T.);
#4184=ORIENTED_EDGE('',*,*,#2891,.T.);
#4185=ORIENTED_EDGE('',*,*,#2895,.T.);
#4186=ORIENTED_EDGE('',*,*,#2975,.F.);
#4187=ORIENTED_EDGE('',*,*,#2976,.F.);
#4188=ORIENTED_EDGE('',*,*,#2977,.F.);
#4189=ORIENTED_EDGE('',*,*,#2978,.F.);
#4190=ORIENTED_EDGE('',*,*,#2979,.F.);
#4191=ORIENTED_EDGE('',*,*,#2980,.F.);
#4192=ORIENTED_EDGE('',*,*,#2981,.F.);
#4193=ORIENTED_EDGE('',*,*,#2982,.F.);
#4194=ORIENTED_EDGE('',*,*,#2901,.F.);
#4195=ORIENTED_EDGE('',*,*,#2880,.F.);
#4196=ORIENTED_EDGE('',*,*,#2915,.F.);
#4197=ORIENTED_EDGE('',*,*,#2872,.F.);
#4198=ORIENTED_EDGE('',*,*,#2853,.F.);
#4199=ORIENTED_EDGE('',*,*,#2924,.F.);
#4200=ORIENTED_EDGE('',*,*,#2983,.F.);
#4201=ORIENTED_EDGE('',*,*,#2921,.F.);
#4202=ORIENTED_EDGE('',*,*,#2858,.T.);
#4203=ORIENTED_EDGE('',*,*,#2927,.F.);
#4204=ORIENTED_EDGE('',*,*,#2984,.F.);
#4205=ORIENTED_EDGE('',*,*,#2957,.F.);
#4206=ORIENTED_EDGE('',*,*,#2877,.T.);
#4207=ORIENTED_EDGE('',*,*,#2961,.F.);
#4208=ORIENTED_EDGE('',*,*,#2985,.F.);
#4209=ORIENTED_EDGE('',*,*,#2849,.F.);
#4210=ORIENTED_EDGE('',*,*,#2870,.T.);
#4211=ORIENTED_EDGE('',*,*,#2964,.F.);
#4212=ORIENTED_EDGE('',*,*,#2986,.F.);
#4213=ORIENTED_EDGE('',*,*,#2965,.F.);
#4214=ORIENTED_EDGE('',*,*,#2862,.T.);
#4215=ORIENTED_EDGE('',*,*,#2974,.F.);
#4216=ORIENTED_EDGE('',*,*,#2987,.F.);
#4217=ORIENTED_EDGE('',*,*,#2975,.T.);
#4218=ORIENTED_EDGE('',*,*,#2852,.T.);
#4219=ORIENTED_EDGE('',*,*,#2940,.F.);
#4220=ORIENTED_EDGE('',*,*,#2988,.F.);
#4221=ORIENTED_EDGE('',*,*,#2976,.T.);
#4222=ORIENTED_EDGE('',*,*,#2987,.T.);
#4223=ORIENTED_EDGE('',*,*,#2973,.F.);
#4224=ORIENTED_EDGE('',*,*,#2989,.F.);
#4225=ORIENTED_EDGE('',*,*,#2990,.F.);
#4226=ORIENTED_EDGE('',*,*,#2991,.F.);
#4227=ORIENTED_EDGE('',*,*,#2842,.F.);
#4228=ORIENTED_EDGE('',*,*,#2866,.F.);
#4229=ORIENTED_EDGE('',*,*,#2825,.F.);
#4230=ORIENTED_EDGE('',*,*,#2992,.F.);
#4231=ORIENTED_EDGE('',*,*,#2835,.F.);
#4232=ORIENTED_EDGE('',*,*,#2993,.F.);
#4233=ORIENTED_EDGE('',*,*,#2951,.F.);
#4234=ORIENTED_EDGE('',*,*,#2994,.F.);
#4235=ORIENTED_EDGE('',*,*,#2947,.F.);
#4236=ORIENTED_EDGE('',*,*,#2995,.F.);
#4237=ORIENTED_EDGE('',*,*,#2930,.F.);
#4238=ORIENTED_EDGE('',*,*,#2996,.F.);
#4239=ORIENTED_EDGE('',*,*,#2997,.F.);
#4240=ORIENTED_EDGE('',*,*,#2989,.T.);
#4241=ORIENTED_EDGE('',*,*,#2972,.F.);
#4242=ORIENTED_EDGE('',*,*,#2998,.F.);
#4243=ORIENTED_EDGE('',*,*,#2999,.F.);
#4244=ORIENTED_EDGE('',*,*,#2998,.T.);
#4245=ORIENTED_EDGE('',*,*,#2971,.F.);
#4246=ORIENTED_EDGE('',*,*,#3000,.F.);
#4247=ORIENTED_EDGE('',*,*,#3001,.F.);
#4248=ORIENTED_EDGE('',*,*,#3000,.T.);
#4249=ORIENTED_EDGE('',*,*,#2970,.F.);
#4250=ORIENTED_EDGE('',*,*,#3002,.F.);
#4251=ORIENTED_EDGE('',*,*,#3003,.F.);
#4252=ORIENTED_EDGE('',*,*,#3002,.T.);
#4253=ORIENTED_EDGE('',*,*,#2969,.F.);
#4254=ORIENTED_EDGE('',*,*,#3004,.F.);
#4255=ORIENTED_EDGE('',*,*,#3005,.F.);
#4256=ORIENTED_EDGE('',*,*,#3004,.T.);
#4257=ORIENTED_EDGE('',*,*,#2968,.F.);
#4258=ORIENTED_EDGE('',*,*,#3006,.F.);
#4259=ORIENTED_EDGE('',*,*,#2894,.F.);
#4260=ORIENTED_EDGE('',*,*,#2966,.T.);
#4261=ORIENTED_EDGE('',*,*,#2986,.T.);
#4262=ORIENTED_EDGE('',*,*,#2963,.F.);
#4263=ORIENTED_EDGE('',*,*,#3007,.F.);
#4264=ORIENTED_EDGE('',*,*,#2850,.T.);
#4265=ORIENTED_EDGE('',*,*,#2985,.T.);
#4266=ORIENTED_EDGE('',*,*,#2960,.F.);
#4267=ORIENTED_EDGE('',*,*,#3008,.F.);
#4268=ORIENTED_EDGE('',*,*,#2958,.T.);
#4269=ORIENTED_EDGE('',*,*,#2984,.T.);
#4270=ORIENTED_EDGE('',*,*,#2926,.F.);
#4271=ORIENTED_EDGE('',*,*,#3009,.F.);
#4272=ORIENTED_EDGE('',*,*,#2922,.T.);
#4273=ORIENTED_EDGE('',*,*,#2983,.T.);
#4274=ORIENTED_EDGE('',*,*,#2923,.F.);
#4275=ORIENTED_EDGE('',*,*,#2902,.F.);
#4276=ORIENTED_EDGE('',*,*,#2982,.T.);
#4277=ORIENTED_EDGE('',*,*,#3010,.T.);
#4278=ORIENTED_EDGE('',*,*,#2941,.F.);
#4279=ORIENTED_EDGE('',*,*,#2996,.T.);
#4280=ORIENTED_EDGE('',*,*,#2929,.T.);
#4281=ORIENTED_EDGE('',*,*,#3011,.T.);
#4282=ORIENTED_EDGE('',*,*,#2948,.F.);
#4283=ORIENTED_EDGE('',*,*,#2994,.T.);
#4284=ORIENTED_EDGE('',*,*,#2950,.T.);
#4285=ORIENTED_EDGE('',*,*,#3012,.T.);
#4286=ORIENTED_EDGE('',*,*,#2836,.F.);
#4287=ORIENTED_EDGE('',*,*,#2992,.T.);
#4288=ORIENTED_EDGE('',*,*,#2824,.T.);
#4289=ORIENTED_EDGE('',*,*,#3013,.T.);
#4290=ORIENTED_EDGE('',*,*,#2843,.F.);
#4291=ORIENTED_EDGE('',*,*,#2991,.T.);
#4292=ORIENTED_EDGE('',*,*,#3014,.T.);
#4293=ORIENTED_EDGE('',*,*,#3006,.T.);
#4294=ORIENTED_EDGE('',*,*,#2967,.F.);
#4295=ORIENTED_EDGE('',*,*,#2935,.F.);
#4296=ORIENTED_EDGE('',*,*,#3010,.F.);
#4297=ORIENTED_EDGE('',*,*,#2981,.T.);
#4298=ORIENTED_EDGE('',*,*,#3015,.T.);
#4299=ORIENTED_EDGE('',*,*,#2823,.F.);
#4300=ORIENTED_EDGE('',*,*,#3016,.T.);
#4301=ORIENTED_EDGE('',*,*,#2837,.F.);
#4302=ORIENTED_EDGE('',*,*,#3013,.F.);
#4303=ORIENTED_EDGE('',*,*,#2936,.F.);
#4304=ORIENTED_EDGE('',*,*,#3015,.F.);
#4305=ORIENTED_EDGE('',*,*,#2980,.T.);
#4306=ORIENTED_EDGE('',*,*,#3017,.T.);
#4307=ORIENTED_EDGE('',*,*,#2949,.F.);
#4308=ORIENTED_EDGE('',*,*,#3018,.T.);
#4309=ORIENTED_EDGE('',*,*,#2830,.F.);
#4310=ORIENTED_EDGE('',*,*,#3012,.F.);
#4311=ORIENTED_EDGE('',*,*,#2928,.F.);
#4312=ORIENTED_EDGE('',*,*,#3019,.T.);
#4313=ORIENTED_EDGE('',*,*,#2942,.F.);
#4314=ORIENTED_EDGE('',*,*,#3011,.F.);
#4315=ORIENTED_EDGE('',*,*,#2844,.F.);
#4316=ORIENTED_EDGE('',*,*,#3007,.T.);
#4317=ORIENTED_EDGE('',*,*,#2962,.F.);
#4318=ORIENTED_EDGE('',*,*,#2898,.F.);
#4319=ORIENTED_EDGE('',*,*,#2956,.F.);
#4320=ORIENTED_EDGE('',*,*,#3008,.T.);
#4321=ORIENTED_EDGE('',*,*,#2959,.F.);
#4322=ORIENTED_EDGE('',*,*,#2904,.F.);
#4323=ORIENTED_EDGE('',*,*,#2920,.F.);
#4324=ORIENTED_EDGE('',*,*,#3009,.T.);
#4325=ORIENTED_EDGE('',*,*,#2925,.F.);
#4326=ORIENTED_EDGE('',*,*,#2883,.F.);
#4327=ORIENTED_EDGE('',*,*,#2934,.F.);
#4328=ORIENTED_EDGE('',*,*,#3020,.T.);
#4329=ORIENTED_EDGE('',*,*,#2943,.F.);
#4330=ORIENTED_EDGE('',*,*,#3019,.F.);
#4331=ORIENTED_EDGE('',*,*,#2955,.F.);
#4332=ORIENTED_EDGE('',*,*,#3021,.T.);
#4333=ORIENTED_EDGE('',*,*,#2831,.F.);
#4334=ORIENTED_EDGE('',*,*,#3018,.F.);
#4335=ORIENTED_EDGE('',*,*,#2829,.F.);
#4336=ORIENTED_EDGE('',*,*,#3022,.T.);
#4337=ORIENTED_EDGE('',*,*,#2838,.F.);
#4338=ORIENTED_EDGE('',*,*,#3016,.F.);
#4339=ORIENTED_EDGE('',*,*,#2937,.F.);
#4340=ORIENTED_EDGE('',*,*,#3017,.F.);
#4341=ORIENTED_EDGE('',*,*,#2979,.T.);
#4342=ORIENTED_EDGE('',*,*,#3023,.T.);
#4343=ORIENTED_EDGE('',*,*,#2933,.F.);
#4344=ORIENTED_EDGE('',*,*,#3024,.T.);
#4345=ORIENTED_EDGE('',*,*,#2944,.F.);
#4346=ORIENTED_EDGE('',*,*,#3020,.F.);
#4347=ORIENTED_EDGE('',*,*,#2954,.F.);
#4348=ORIENTED_EDGE('',*,*,#3025,.T.);
#4349=ORIENTED_EDGE('',*,*,#2832,.F.);
#4350=ORIENTED_EDGE('',*,*,#3021,.F.);
#4351=ORIENTED_EDGE('',*,*,#2828,.F.);
#4352=ORIENTED_EDGE('',*,*,#3026,.T.);
#4353=ORIENTED_EDGE('',*,*,#2839,.F.);
#4354=ORIENTED_EDGE('',*,*,#3022,.F.);
#4355=ORIENTED_EDGE('',*,*,#2938,.F.);
#4356=ORIENTED_EDGE('',*,*,#3023,.F.);
#4357=ORIENTED_EDGE('',*,*,#2978,.T.);
#4358=ORIENTED_EDGE('',*,*,#3027,.T.);
#4359=ORIENTED_EDGE('',*,*,#2932,.F.);
#4360=ORIENTED_EDGE('',*,*,#3028,.T.);
#4361=ORIENTED_EDGE('',*,*,#2945,.F.);
#4362=ORIENTED_EDGE('',*,*,#3024,.F.);
#4363=ORIENTED_EDGE('',*,*,#2953,.F.);
#4364=ORIENTED_EDGE('',*,*,#3029,.T.);
#4365=ORIENTED_EDGE('',*,*,#2833,.F.);
#4366=ORIENTED_EDGE('',*,*,#3025,.F.);
#4367=ORIENTED_EDGE('',*,*,#2827,.F.);
#4368=ORIENTED_EDGE('',*,*,#2867,.T.);
#4369=ORIENTED_EDGE('',*,*,#2840,.F.);
#4370=ORIENTED_EDGE('',*,*,#3026,.F.);
#4371=ORIENTED_EDGE('',*,*,#2939,.F.);
#4372=ORIENTED_EDGE('',*,*,#3027,.F.);
#4373=ORIENTED_EDGE('',*,*,#2977,.T.);
#4374=ORIENTED_EDGE('',*,*,#2988,.T.);
#4375=ORIENTED_EDGE('',*,*,#2931,.F.);
#4376=ORIENTED_EDGE('',*,*,#2995,.T.);
#4377=ORIENTED_EDGE('',*,*,#2946,.F.);
#4378=ORIENTED_EDGE('',*,*,#3028,.F.);
#4379=ORIENTED_EDGE('',*,*,#2952,.F.);
#4380=ORIENTED_EDGE('',*,*,#2993,.T.);
#4381=ORIENTED_EDGE('',*,*,#2834,.F.);
#4382=ORIENTED_EDGE('',*,*,#3029,.F.);
#4383=ORIENTED_EDGE('',*,*,#3005,.T.);
#4384=ORIENTED_EDGE('',*,*,#3014,.F.);
#4385=ORIENTED_EDGE('',*,*,#2990,.T.);
#4386=ORIENTED_EDGE('',*,*,#2997,.T.);
#4387=ORIENTED_EDGE('',*,*,#2999,.T.);
#4388=ORIENTED_EDGE('',*,*,#3001,.T.);
#4389=ORIENTED_EDGE('',*,*,#3003,.T.);
#4390=PLANE('',#5178);
#4391=PLANE('',#5179);
#4392=PLANE('',#5180);
#4393=PLANE('',#5181);
#4394=PLANE('',#5182);
#4395=PLANE('',#5183);
#4396=PLANE('',#5184);
#4397=PLANE('',#5185);
#4398=PLANE('',#5186);
#4399=PLANE('',#5187);
#4400=PLANE('',#5188);
#4401=PLANE('',#5189);
#4402=PLANE('',#5190);
#4403=PLANE('',#5191);
#4404=PLANE('',#5192);
#4405=PLANE('',#5193);
#4406=PLANE('',#5194);
#4407=PLANE('',#5195);
#4408=PLANE('',#5196);
#4409=PLANE('',#5197);
#4410=PLANE('',#5198);
#4411=PLANE('',#5199);
#4412=PLANE('',#5200);
#4413=PLANE('',#5201);
#4414=PLANE('',#5202);
#4415=PLANE('',#5203);
#4416=PLANE('',#5204);
#4417=PLANE('',#5205);
#4418=PLANE('',#5206);
#4419=PLANE('',#5207);
#4420=PLANE('',#5208);
#4421=PLANE('',#5209);
#4422=PLANE('',#5210);
#4423=PLANE('',#5211);
#4424=PLANE('',#5212);
#4425=PLANE('',#5213);
#4426=PLANE('',#5214);
#4427=PLANE('',#5215);
#4428=PLANE('',#5216);
#4429=PLANE('',#5217);
#4430=PLANE('',#5218);
#4431=PLANE('',#5219);
#4432=PLANE('',#5220);
#4433=PLANE('',#5221);
#4434=PLANE('',#5222);
#4435=PLANE('',#5223);
#4436=PLANE('',#5224);
#4437=PLANE('',#5225);
#4438=PLANE('',#5226);
#4439=PLANE('',#5227);
#4440=PLANE('',#5228);
#4441=PLANE('',#5229);
#4442=PLANE('',#5230);
#4443=PLANE('',#5231);
#4444=PLANE('',#5232);
#4445=PLANE('',#5233);
#4446=PLANE('',#5234);
#4447=PLANE('',#5235);
#4448=PLANE('',#5236);
#4449=PLANE('',#5237);
#4450=PLANE('',#5238);
#4451=PLANE('',#5239);
#4452=PLANE('',#5240);
#4453=PLANE('',#5241);
#4454=PLANE('',#5242);
#4455=PLANE('',#5243);
#4456=PLANE('',#5244);
#4457=PLANE('',#5245);
#4458=PLANE('',#5246);
#4459=PLANE('',#5247);
#4460=PLANE('',#5248);
#4461=PLANE('',#5249);
#4462=PLANE('',#5250);
#4463=PLANE('',#5251);
#4464=PLANE('',#5252);
#4465=PLANE('',#5253);
#4466=PLANE('',#5254);
#4467=PLANE('',#5255);
#4468=PLANE('',#5256);
#4469=PLANE('',#5257);
#4470=PLANE('',#5258);
#4471=PLANE('',#5259);
#4472=PLANE('',#5260);
#4473=PLANE('',#5261);
#4474=PLANE('',#5262);
#4475=PLANE('',#5263);
#4476=PLANE('',#5264);
#4477=PLANE('',#5265);
#4478=PLANE('',#5266);
#4479=PLANE('',#5267);
#4480=PLANE('',#5269);
#4481=PLANE('',#5270);
#4482=PLANE('',#5271);
#4483=PLANE('',#5272);
#4484=PLANE('',#5273);
#4485=PLANE('',#5274);
#4486=PLANE('',#5275);
#4487=PLANE('',#5276);
#4488=PLANE('',#5277);
#4489=PLANE('',#5278);
#4490=PLANE('',#5279);
#4491=PLANE('',#5280);
#4492=PLANE('',#5281);
#4493=PLANE('',#5282);
#4494=PLANE('',#5283);
#4495=PLANE('',#5284);
#4496=PLANE('',#5285);
#4497=PLANE('',#5286);
#4498=PLANE('',#5287);
#4499=PLANE('',#5288);
#4500=PLANE('',#5289);
#4501=PLANE('',#5290);
#4502=PLANE('',#5291);
#4503=PLANE('',#5292);
#4504=PLANE('',#5293);
#4505=PLANE('',#5294);
#4506=PLANE('',#5295);
#4507=PLANE('',#5296);
#4508=PLANE('',#5297);
#4509=PLANE('',#5298);
#4510=PLANE('',#5299);
#4511=PLANE('',#5300);
#4512=PLANE('',#5301);
#4513=PLANE('',#5302);
#4514=PLANE('',#5303);
#4515=PLANE('',#5304);
#4516=PLANE('',#5305);
#4517=PLANE('',#5306);
#4518=PLANE('',#5307);
#4519=PLANE('',#5308);
#4520=PLANE('',#5309);
#4521=PLANE('',#5310);
#4522=PLANE('',#5311);
#4523=PLANE('',#5312);
#4524=PLANE('',#5313);
#4525=PLANE('',#5314);
#4526=PLANE('',#5315);
#4527=PLANE('',#5316);
#4528=PLANE('',#5317);
#4529=PLANE('',#5318);
#4530=PLANE('',#5319);
#4531=PLANE('',#5320);
#4532=PLANE('',#5321);
#4533=PLANE('',#5322);
#4534=PLANE('',#5323);
#4535=PLANE('',#5324);
#4536=PLANE('',#5325);
#4537=PLANE('',#5326);
#4538=PLANE('',#5327);
#4539=PLANE('',#5328);
#4540=PLANE('',#5329);
#4541=PLANE('',#5330);
#4542=PLANE('',#5331);
#4543=PLANE('',#5332);
#4544=PLANE('',#5333);
#4545=PLANE('',#5334);
#4546=PLANE('',#5335);
#4547=PLANE('',#5336);
#4548=PLANE('',#5337);
#4549=PLANE('',#5338);
#4550=PLANE('',#5339);
#4551=PLANE('',#5340);
#4552=PLANE('',#5341);
#4553=PLANE('',#5342);
#4554=PLANE('',#5343);
#4555=PLANE('',#5344);
#4556=PLANE('',#5345);
#4557=PLANE('',#5346);
#4558=PLANE('',#5347);
#4559=PLANE('',#5348);
#4560=PLANE('',#5349);
#4561=PLANE('',#5350);
#4562=PLANE('',#5351);
#4563=PLANE('',#5352);
#4564=PLANE('',#5353);
#4565=PLANE('',#5354);
#4566=PLANE('',#5355);
#4567=PLANE('',#5356);
#4568=PLANE('',#5357);
#4569=PLANE('',#5358);
#4570=PLANE('',#5359);
#4571=PLANE('',#5361);
#4572=PLANE('',#5363);
#4573=PLANE('',#5365);
#4574=PLANE('',#5367);
#4575=PLANE('',#5369);
#4576=PLANE('',#5370);
#4577=PLANE('',#5371);
#4578=PLANE('',#5372);
#4579=PLANE('',#5373);
#4580=PLANE('',#5374);
#4581=PLANE('',#5375);
#4582=PLANE('',#5376);
#4583=PLANE('',#5383);
#4584=PLANE('',#5387);
#4585=PLANE('',#5388);
#4586=PLANE('',#5391);
#4587=PLANE('',#5395);
#4588=PLANE('',#5396);
#4589=PLANE('',#5397);
#4590=PLANE('',#5398);
#4591=PLANE('',#5399);
#4592=PLANE('',#5400);
#4593=PLANE('',#5401);
#4594=PLANE('',#5402);
#4595=PLANE('',#5403);
#4596=PLANE('',#5404);
#4597=PLANE('',#5406);
#4598=PLANE('',#5408);
#4599=PLANE('',#5410);
#4600=PLANE('',#5412);
#4601=PLANE('',#5413);
#4602=PLANE('',#5414);
#4603=PLANE('',#5415);
#4604=PLANE('',#5416);
#4605=PLANE('',#5418);
#4606=PLANE('',#5420);
#4607=PLANE('',#5421);
#4608=PLANE('',#5422);
#4609=PLANE('',#5423);
#4610=PLANE('',#5424);
#4611=PLANE('',#5427);
#4612=PLANE('',#5428);
#4613=PLANE('',#5429);
#4614=PLANE('',#5430);
#4615=PLANE('',#5432);
#4616=PLANE('',#5433);
#4617=PLANE('',#5434);
#4618=PLANE('',#5435);
#4619=PLANE('',#5436);
#4620=PLANE('',#5440);
#4621=PLANE('',#5441);
#4622=PLANE('',#5442);
#4623=PLANE('',#5443);
#4624=PLANE('',#5444);
#4625=PLANE('',#5445);
#4626=PLANE('',#5446);
#4627=PLANE('',#5447);
#4628=PLANE('',#5448);
#4629=PLANE('',#5449);
#4630=PLANE('',#5450);
#4631=PLANE('',#5451);
#4632=STYLED_ITEM('',(#8101),#4887);
#4633=STYLED_ITEM('',(#8101),#4888);
#4634=STYLED_ITEM('',(#8101),#4889);
#4635=STYLED_ITEM('',(#8101),#4890);
#4636=STYLED_ITEM('',(#8101),#4891);
#4637=STYLED_ITEM('',(#8101),#4892);
#4638=STYLED_ITEM('',(#8101),#4893);
#4639=STYLED_ITEM('',(#8101),#4894);
#4640=STYLED_ITEM('',(#8101),#4895);
#4641=STYLED_ITEM('',(#8101),#4896);
#4642=STYLED_ITEM('',(#8101),#4897);
#4643=STYLED_ITEM('',(#8101),#4898);
#4644=STYLED_ITEM('',(#8101),#4899);
#4645=STYLED_ITEM('',(#8101),#4900);
#4646=STYLED_ITEM('',(#8101),#4901);
#4647=STYLED_ITEM('',(#8101),#4902);
#4648=STYLED_ITEM('',(#8101),#4903);
#4649=STYLED_ITEM('',(#8101),#4904);
#4650=STYLED_ITEM('',(#8101),#4905);
#4651=STYLED_ITEM('',(#8101),#4906);
#4652=STYLED_ITEM('',(#8101),#4907);
#4653=STYLED_ITEM('',(#8101),#4908);
#4654=STYLED_ITEM('',(#8101),#4909);
#4655=STYLED_ITEM('',(#8101),#4910);
#4656=STYLED_ITEM('',(#8101),#4911);
#4657=STYLED_ITEM('',(#8101),#4912);
#4658=STYLED_ITEM('',(#8101),#4913);
#4659=STYLED_ITEM('',(#8101),#4914);
#4660=STYLED_ITEM('',(#8101),#4915);
#4661=STYLED_ITEM('',(#8101),#4916);
#4662=STYLED_ITEM('',(#8101),#4917);
#4663=STYLED_ITEM('',(#8101),#4918);
#4664=STYLED_ITEM('',(#8101),#4919);
#4665=STYLED_ITEM('',(#8101),#4920);
#4666=STYLED_ITEM('',(#8101),#4921);
#4667=STYLED_ITEM('',(#8101),#4922);
#4668=STYLED_ITEM('',(#8101),#4923);
#4669=STYLED_ITEM('',(#8101),#4924);
#4670=STYLED_ITEM('',(#8101),#4925);
#4671=STYLED_ITEM('',(#8101),#4926);
#4672=STYLED_ITEM('',(#8101),#4927);
#4673=STYLED_ITEM('',(#8101),#4928);
#4674=STYLED_ITEM('',(#8101),#4929);
#4675=STYLED_ITEM('',(#8101),#4930);
#4676=STYLED_ITEM('',(#8101),#4931);
#4677=STYLED_ITEM('',(#8101),#4932);
#4678=STYLED_ITEM('',(#8101),#4933);
#4679=STYLED_ITEM('',(#8101),#4934);
#4680=STYLED_ITEM('',(#8101),#4935);
#4681=STYLED_ITEM('',(#8101),#4936);
#4682=STYLED_ITEM('',(#8101),#4937);
#4683=STYLED_ITEM('',(#8101),#4938);
#4684=STYLED_ITEM('',(#8101),#4939);
#4685=STYLED_ITEM('',(#8101),#4940);
#4686=STYLED_ITEM('',(#8101),#4941);
#4687=STYLED_ITEM('',(#8101),#4942);
#4688=STYLED_ITEM('',(#8101),#4943);
#4689=STYLED_ITEM('',(#8101),#4944);
#4690=STYLED_ITEM('',(#8101),#4945);
#4691=STYLED_ITEM('',(#8101),#4946);
#4692=STYLED_ITEM('',(#8101),#4947);
#4693=STYLED_ITEM('',(#8101),#4948);
#4694=STYLED_ITEM('',(#8101),#4949);
#4695=STYLED_ITEM('',(#8101),#4950);
#4696=STYLED_ITEM('',(#8101),#4951);
#4697=STYLED_ITEM('',(#8101),#4952);
#4698=STYLED_ITEM('',(#8101),#4953);
#4699=STYLED_ITEM('',(#8101),#4954);
#4700=STYLED_ITEM('',(#8101),#4955);
#4701=STYLED_ITEM('',(#8101),#4956);
#4702=STYLED_ITEM('',(#8101),#4957);
#4703=STYLED_ITEM('',(#8101),#4958);
#4704=STYLED_ITEM('',(#8101),#4959);
#4705=STYLED_ITEM('',(#8101),#4960);
#4706=STYLED_ITEM('',(#8101),#4961);
#4707=STYLED_ITEM('',(#8101),#4962);
#4708=STYLED_ITEM('',(#8101),#4963);
#4709=STYLED_ITEM('',(#8101),#4964);
#4710=STYLED_ITEM('',(#8101),#4965);
#4711=STYLED_ITEM('',(#8101),#4966);
#4712=STYLED_ITEM('',(#8101),#4967);
#4713=STYLED_ITEM('',(#8101),#4968);
#4714=STYLED_ITEM('',(#8101),#4969);
#4715=STYLED_ITEM('',(#8101),#4970);
#4716=STYLED_ITEM('',(#8101),#4971);
#4717=STYLED_ITEM('',(#8101),#4972);
#4718=STYLED_ITEM('',(#8101),#4973);
#4719=STYLED_ITEM('',(#8101),#4974);
#4720=STYLED_ITEM('',(#8101),#4975);
#4721=STYLED_ITEM('',(#8101),#4976);
#4722=STYLED_ITEM('',(#8100),#59);
#4723=STYLED_ITEM('',(#8102),#4977);
#4724=STYLED_ITEM('',(#8102),#4978);
#4725=STYLED_ITEM('',(#8102),#4979);
#4726=STYLED_ITEM('',(#8102),#4980);
#4727=STYLED_ITEM('',(#8102),#4981);
#4728=STYLED_ITEM('',(#8102),#4982);
#4729=STYLED_ITEM('',(#8102),#4983);
#4730=STYLED_ITEM('',(#8102),#4984);
#4731=STYLED_ITEM('',(#8102),#4985);
#4732=STYLED_ITEM('',(#8102),#4986);
#4733=STYLED_ITEM('',(#8102),#4987);
#4734=STYLED_ITEM('',(#8102),#4988);
#4735=STYLED_ITEM('',(#8102),#4989);
#4736=STYLED_ITEM('',(#8102),#4990);
#4737=STYLED_ITEM('',(#8102),#4991);
#4738=STYLED_ITEM('',(#8102),#4992);
#4739=STYLED_ITEM('',(#8102),#4993);
#4740=STYLED_ITEM('',(#8102),#4994);
#4741=STYLED_ITEM('',(#8102),#4995);
#4742=STYLED_ITEM('',(#8102),#4996);
#4743=STYLED_ITEM('',(#8102),#4997);
#4744=STYLED_ITEM('',(#8102),#4998);
#4745=STYLED_ITEM('',(#8102),#4999);
#4746=STYLED_ITEM('',(#8102),#5000);
#4747=STYLED_ITEM('',(#8102),#5001);
#4748=STYLED_ITEM('',(#8102),#5002);
#4749=STYLED_ITEM('',(#8102),#5003);
#4750=STYLED_ITEM('',(#8102),#5004);
#4751=STYLED_ITEM('',(#8102),#5005);
#4752=STYLED_ITEM('',(#8102),#5006);
#4753=STYLED_ITEM('',(#8102),#5007);
#4754=STYLED_ITEM('',(#8102),#5008);
#4755=STYLED_ITEM('',(#8102),#5009);
#4756=STYLED_ITEM('',(#8102),#5010);
#4757=STYLED_ITEM('',(#8102),#5011);
#4758=STYLED_ITEM('',(#8102),#5012);
#4759=STYLED_ITEM('',(#8102),#5013);
#4760=STYLED_ITEM('',(#8102),#5014);
#4761=STYLED_ITEM('',(#8102),#5015);
#4762=STYLED_ITEM('',(#8102),#5016);
#4763=STYLED_ITEM('',(#8102),#5017);
#4764=STYLED_ITEM('',(#8102),#5018);
#4765=STYLED_ITEM('',(#8102),#5019);
#4766=STYLED_ITEM('',(#8102),#5020);
#4767=STYLED_ITEM('',(#8102),#5021);
#4768=STYLED_ITEM('',(#8102),#5022);
#4769=STYLED_ITEM('',(#8102),#5023);
#4770=STYLED_ITEM('',(#8102),#5024);
#4771=STYLED_ITEM('',(#8102),#5025);
#4772=STYLED_ITEM('',(#8102),#5026);
#4773=STYLED_ITEM('',(#8102),#5027);
#4774=STYLED_ITEM('',(#8102),#5028);
#4775=STYLED_ITEM('',(#8102),#5029);
#4776=STYLED_ITEM('',(#8102),#5030);
#4777=STYLED_ITEM('',(#8102),#5031);
#4778=STYLED_ITEM('',(#8102),#5032);
#4779=STYLED_ITEM('',(#8102),#5033);
#4780=STYLED_ITEM('',(#8102),#5034);
#4781=STYLED_ITEM('',(#8102),#5035);
#4782=STYLED_ITEM('',(#8102),#5036);
#4783=STYLED_ITEM('',(#8102),#5037);
#4784=STYLED_ITEM('',(#8102),#5038);
#4785=STYLED_ITEM('',(#8102),#5039);
#4786=STYLED_ITEM('',(#8102),#5040);
#4787=STYLED_ITEM('',(#8102),#5041);
#4788=STYLED_ITEM('',(#8102),#5042);
#4789=STYLED_ITEM('',(#8102),#5043);
#4790=STYLED_ITEM('',(#8102),#5044);
#4791=STYLED_ITEM('',(#8102),#5045);
#4792=STYLED_ITEM('',(#8102),#5046);
#4793=STYLED_ITEM('',(#8102),#5047);
#4794=STYLED_ITEM('',(#8102),#5048);
#4795=STYLED_ITEM('',(#8102),#5049);
#4796=STYLED_ITEM('',(#8102),#5050);
#4797=STYLED_ITEM('',(#8102),#5051);
#4798=STYLED_ITEM('',(#8102),#5052);
#4799=STYLED_ITEM('',(#8102),#5053);
#4800=STYLED_ITEM('',(#8102),#5054);
#4801=STYLED_ITEM('',(#8102),#5055);
#4802=STYLED_ITEM('',(#8102),#5056);
#4803=STYLED_ITEM('',(#8102),#5057);
#4804=STYLED_ITEM('',(#8102),#5058);
#4805=STYLED_ITEM('',(#8102),#5059);
#4806=STYLED_ITEM('',(#8102),#5060);
#4807=STYLED_ITEM('',(#8102),#5061);
#4808=STYLED_ITEM('',(#8102),#5062);
#4809=STYLED_ITEM('',(#8102),#5063);
#4810=STYLED_ITEM('',(#8102),#5064);
#4811=STYLED_ITEM('',(#8102),#5065);
#4812=STYLED_ITEM('',(#8102),#5066);
#4813=STYLED_ITEM('',(#8102),#5067);
#4814=STYLED_ITEM('',(#8100),#60);
#4815=STYLED_ITEM('',(#8103),#5068);
#4816=STYLED_ITEM('',(#8103),#5069);
#4817=STYLED_ITEM('',(#8103),#5070);
#4818=STYLED_ITEM('',(#8103),#5071);
#4819=STYLED_ITEM('',(#8103),#5072);
#4820=STYLED_ITEM('',(#8103),#5073);
#4821=STYLED_ITEM('',(#8103),#5074);
#4822=STYLED_ITEM('',(#8103),#5075);
#4823=STYLED_ITEM('',(#8103),#5076);
#4824=STYLED_ITEM('',(#8103),#5077);
#4825=STYLED_ITEM('',(#8103),#5078);
#4826=STYLED_ITEM('',(#8103),#5079);
#4827=STYLED_ITEM('',(#8103),#5080);
#4828=STYLED_ITEM('',(#8103),#5081);
#4829=STYLED_ITEM('',(#8103),#5082);
#4830=STYLED_ITEM('',(#8103),#5083);
#4831=STYLED_ITEM('',(#8103),#5084);
#4832=STYLED_ITEM('',(#8103),#5085);
#4833=STYLED_ITEM('',(#8103),#5086);
#4834=STYLED_ITEM('',(#8103),#5087);
#4835=STYLED_ITEM('',(#8103),#5088);
#4836=STYLED_ITEM('',(#8103),#5089);
#4837=STYLED_ITEM('',(#8103),#5090);
#4838=STYLED_ITEM('',(#8103),#5091);
#4839=STYLED_ITEM('',(#8103),#5092);
#4840=STYLED_ITEM('',(#8103),#5093);
#4841=STYLED_ITEM('',(#8103),#5094);
#4842=STYLED_ITEM('',(#8103),#5095);
#4843=STYLED_ITEM('',(#8103),#5096);
#4844=STYLED_ITEM('',(#8103),#5097);
#4845=STYLED_ITEM('',(#8103),#5098);
#4846=STYLED_ITEM('',(#8103),#5099);
#4847=STYLED_ITEM('',(#8103),#5100);
#4848=STYLED_ITEM('',(#8103),#5101);
#4849=STYLED_ITEM('',(#8103),#5102);
#4850=STYLED_ITEM('',(#8103),#5103);
#4851=STYLED_ITEM('',(#8103),#5104);
#4852=STYLED_ITEM('',(#8103),#5105);
#4853=STYLED_ITEM('',(#8103),#5106);
#4854=STYLED_ITEM('',(#8103),#5107);
#4855=STYLED_ITEM('',(#8103),#5108);
#4856=STYLED_ITEM('',(#8103),#5109);
#4857=STYLED_ITEM('',(#8103),#5110);
#4858=STYLED_ITEM('',(#8103),#5111);
#4859=STYLED_ITEM('',(#8103),#5112);
#4860=STYLED_ITEM('',(#8103),#5113);
#4861=STYLED_ITEM('',(#8103),#5114);
#4862=STYLED_ITEM('',(#8103),#5115);
#4863=STYLED_ITEM('',(#8103),#5116);
#4864=STYLED_ITEM('',(#8103),#5117);
#4865=STYLED_ITEM('',(#8103),#5118);
#4866=STYLED_ITEM('',(#8103),#5119);
#4867=STYLED_ITEM('',(#8103),#5120);
#4868=STYLED_ITEM('',(#8103),#5121);
#4869=STYLED_ITEM('',(#8103),#5122);
#4870=STYLED_ITEM('',(#8103),#5123);
#4871=STYLED_ITEM('',(#8103),#5124);
#4872=STYLED_ITEM('',(#8103),#5125);
#4873=STYLED_ITEM('',(#8103),#5126);
#4874=STYLED_ITEM('',(#8103),#5127);
#4875=STYLED_ITEM('',(#8103),#5128);
#4876=STYLED_ITEM('',(#8103),#5129);
#4877=STYLED_ITEM('',(#8103),#5130);
#4878=STYLED_ITEM('',(#8103),#5131);
#4879=STYLED_ITEM('',(#8103),#5132);
#4880=STYLED_ITEM('',(#8103),#5133);
#4881=STYLED_ITEM('',(#8103),#5134);
#4882=STYLED_ITEM('',(#8103),#5135);
#4883=STYLED_ITEM('',(#8103),#5136);
#4884=STYLED_ITEM('',(#8103),#5137);
#4885=STYLED_ITEM('',(#8103),#5138);
#4886=STYLED_ITEM('',(#8100),#61);
#4887=ADVANCED_FACE('',(#76,#62,#63,#64,#65,#66,#67,#68,#69,#70,#71),#4390,
 .T.);
#4888=ADVANCED_FACE('',(#77,#72,#73,#74,#75),#4391,.F.);
#4889=ADVANCED_FACE('',(#78),#4392,.F.);
#4890=ADVANCED_FACE('',(#79),#4393,.T.);
#4891=ADVANCED_FACE('',(#80),#4394,.T.);
#4892=ADVANCED_FACE('',(#81),#4395,.F.);
#4893=ADVANCED_FACE('',(#82),#4396,.F.);
#4894=ADVANCED_FACE('',(#83),#4397,.F.);
#4895=ADVANCED_FACE('',(#84),#4398,.F.);
#4896=ADVANCED_FACE('',(#85),#4399,.F.);
#4897=ADVANCED_FACE('',(#86),#4400,.F.);
#4898=ADVANCED_FACE('',(#87),#4401,.T.);
#4899=ADVANCED_FACE('',(#88),#4402,.T.);
#4900=ADVANCED_FACE('',(#89),#4403,.T.);
#4901=ADVANCED_FACE('',(#90),#4404,.F.);
#4902=ADVANCED_FACE('',(#91),#4405,.T.);
#4903=ADVANCED_FACE('',(#92),#4406,.T.);
#4904=ADVANCED_FACE('',(#93),#4407,.F.);
#4905=ADVANCED_FACE('',(#94),#4408,.T.);
#4906=ADVANCED_FACE('',(#95),#4409,.T.);
#4907=ADVANCED_FACE('',(#96),#4410,.F.);
#4908=ADVANCED_FACE('',(#97),#4411,.T.);
#4909=ADVANCED_FACE('',(#98),#4412,.T.);
#4910=ADVANCED_FACE('',(#99),#4413,.T.);
#4911=ADVANCED_FACE('',(#100),#4414,.T.);
#4912=ADVANCED_FACE('',(#101),#4415,.T.);
#4913=ADVANCED_FACE('',(#102),#4416,.T.);
#4914=ADVANCED_FACE('',(#103),#4417,.F.);
#4915=ADVANCED_FACE('',(#104),#4418,.F.);
#4916=ADVANCED_FACE('',(#105),#4419,.F.);
#4917=ADVANCED_FACE('',(#106),#4420,.F.);
#4918=ADVANCED_FACE('',(#107),#4421,.F.);
#4919=ADVANCED_FACE('',(#108),#4422,.F.);
#4920=ADVANCED_FACE('',(#109),#4423,.F.);
#4921=ADVANCED_FACE('',(#110),#4424,.F.);
#4922=ADVANCED_FACE('',(#111),#4425,.F.);
#4923=ADVANCED_FACE('',(#112),#4426,.T.);
#4924=ADVANCED_FACE('',(#113),#4427,.T.);
#4925=ADVANCED_FACE('',(#114),#4428,.T.);
#4926=ADVANCED_FACE('',(#115),#4429,.T.);
#4927=ADVANCED_FACE('',(#116),#4430,.T.);
#4928=ADVANCED_FACE('',(#117),#4431,.T.);
#4929=ADVANCED_FACE('',(#118),#4432,.T.);
#4930=ADVANCED_FACE('',(#119),#4433,.T.);
#4931=ADVANCED_FACE('',(#120),#4434,.T.);
#4932=ADVANCED_FACE('',(#121),#4435,.T.);
#4933=ADVANCED_FACE('',(#122),#4436,.T.);
#4934=ADVANCED_FACE('',(#123),#4437,.T.);
#4935=ADVANCED_FACE('',(#124),#4438,.T.);
#4936=ADVANCED_FACE('',(#125),#4439,.T.);
#4937=ADVANCED_FACE('',(#126),#4440,.T.);
#4938=ADVANCED_FACE('',(#127),#4441,.T.);
#4939=ADVANCED_FACE('',(#128),#4442,.T.);
#4940=ADVANCED_FACE('',(#129),#4443,.T.);
#4941=ADVANCED_FACE('',(#130),#4444,.T.);
#4942=ADVANCED_FACE('',(#131),#4445,.T.);
#4943=ADVANCED_FACE('',(#132),#4446,.T.);
#4944=ADVANCED_FACE('',(#133),#4447,.T.);
#4945=ADVANCED_FACE('',(#134),#4448,.T.);
#4946=ADVANCED_FACE('',(#135),#4449,.T.);
#4947=ADVANCED_FACE('',(#136),#4450,.T.);
#4948=ADVANCED_FACE('',(#137),#4451,.T.);
#4949=ADVANCED_FACE('',(#138),#4452,.T.);
#4950=ADVANCED_FACE('',(#139),#4453,.T.);
#4951=ADVANCED_FACE('',(#140),#4454,.T.);
#4952=ADVANCED_FACE('',(#141),#4455,.T.);
#4953=ADVANCED_FACE('',(#142),#4456,.T.);
#4954=ADVANCED_FACE('',(#143),#4457,.T.);
#4955=ADVANCED_FACE('',(#144),#4458,.T.);
#4956=ADVANCED_FACE('',(#145),#4459,.T.);
#4957=ADVANCED_FACE('',(#146),#4460,.F.);
#4958=ADVANCED_FACE('',(#147),#4461,.F.);
#4959=ADVANCED_FACE('',(#148),#4462,.F.);
#4960=ADVANCED_FACE('',(#149),#4463,.F.);
#4961=ADVANCED_FACE('',(#150),#4464,.F.);
#4962=ADVANCED_FACE('',(#151),#4465,.F.);
#4963=ADVANCED_FACE('',(#152),#4466,.T.);
#4964=ADVANCED_FACE('',(#153),#4467,.F.);
#4965=ADVANCED_FACE('',(#154),#4468,.T.);
#4966=ADVANCED_FACE('',(#155),#4469,.T.);
#4967=ADVANCED_FACE('',(#156),#4470,.T.);
#4968=ADVANCED_FACE('',(#157),#4471,.F.);
#4969=ADVANCED_FACE('',(#158),#4472,.F.);
#4970=ADVANCED_FACE('',(#159),#4473,.T.);
#4971=ADVANCED_FACE('',(#160),#4474,.T.);
#4972=ADVANCED_FACE('',(#161),#4475,.T.);
#4973=ADVANCED_FACE('',(#162),#4476,.F.);
#4974=ADVANCED_FACE('',(#163),#4477,.T.);
#4975=ADVANCED_FACE('',(#164),#4478,.T.);
#4976=ADVANCED_FACE('',(#165),#4479,.T.);
#4977=ADVANCED_FACE('',(#166),#4480,.T.);
#4978=ADVANCED_FACE('',(#167),#4481,.T.);
#4979=ADVANCED_FACE('',(#168),#4482,.T.);
#4980=ADVANCED_FACE('',(#169),#4483,.T.);
#4981=ADVANCED_FACE('',(#170),#4484,.T.);
#4982=ADVANCED_FACE('',(#171),#4485,.T.);
#4983=ADVANCED_FACE('',(#172),#4486,.T.);
#4984=ADVANCED_FACE('',(#173),#4487,.T.);
#4985=ADVANCED_FACE('',(#174),#4488,.T.);
#4986=ADVANCED_FACE('',(#175),#4489,.T.);
#4987=ADVANCED_FACE('',(#176),#4490,.T.);
#4988=ADVANCED_FACE('',(#177),#4491,.T.);
#4989=ADVANCED_FACE('',(#178),#4492,.T.);
#4990=ADVANCED_FACE('',(#179),#4493,.T.);
#4991=ADVANCED_FACE('',(#180),#4494,.T.);
#4992=ADVANCED_FACE('',(#181),#4495,.T.);
#4993=ADVANCED_FACE('',(#182),#4496,.T.);
#4994=ADVANCED_FACE('',(#183),#4497,.T.);
#4995=ADVANCED_FACE('',(#184),#4498,.T.);
#4996=ADVANCED_FACE('',(#185),#4499,.T.);
#4997=ADVANCED_FACE('',(#186),#4500,.T.);
#4998=ADVANCED_FACE('',(#187),#4501,.T.);
#4999=ADVANCED_FACE('',(#188),#4502,.T.);
#5000=ADVANCED_FACE('',(#189),#4503,.T.);
#5001=ADVANCED_FACE('',(#190),#4504,.F.);
#5002=ADVANCED_FACE('',(#191),#4505,.F.);
#5003=ADVANCED_FACE('',(#192),#4506,.F.);
#5004=ADVANCED_FACE('',(#193),#4507,.F.);
#5005=ADVANCED_FACE('',(#194),#4508,.F.);
#5006=ADVANCED_FACE('',(#195),#4509,.F.);
#5007=ADVANCED_FACE('',(#196),#4510,.F.);
#5008=ADVANCED_FACE('',(#197),#4511,.F.);
#5009=ADVANCED_FACE('',(#198),#4512,.F.);
#5010=ADVANCED_FACE('',(#199),#4513,.F.);
#5011=ADVANCED_FACE('',(#200),#4514,.F.);
#5012=ADVANCED_FACE('',(#201),#4515,.F.);
#5013=ADVANCED_FACE('',(#202),#4516,.F.);
#5014=ADVANCED_FACE('',(#203),#4517,.F.);
#5015=ADVANCED_FACE('',(#204),#4518,.T.);
#5016=ADVANCED_FACE('',(#205),#4519,.T.);
#5017=ADVANCED_FACE('',(#206),#4520,.T.);
#5018=ADVANCED_FACE('',(#207),#4521,.T.);
#5019=ADVANCED_FACE('',(#208),#4522,.T.);
#5020=ADVANCED_FACE('',(#209),#4523,.T.);
#5021=ADVANCED_FACE('',(#210),#4524,.T.);
#5022=ADVANCED_FACE('',(#211),#4525,.T.);
#5023=ADVANCED_FACE('',(#212),#4526,.T.);
#5024=ADVANCED_FACE('',(#213),#4527,.T.);
#5025=ADVANCED_FACE('',(#214),#4528,.F.);
#5026=ADVANCED_FACE('',(#215),#4529,.F.);
#5027=ADVANCED_FACE('',(#216),#4530,.F.);
#5028=ADVANCED_FACE('',(#217),#4531,.F.);
#5029=ADVANCED_FACE('',(#218),#4532,.F.);
#5030=ADVANCED_FACE('',(#219),#4533,.F.);
#5031=ADVANCED_FACE('',(#220),#4534,.F.);
#5032=ADVANCED_FACE('',(#221),#4535,.F.);
#5033=ADVANCED_FACE('',(#222),#4536,.F.);
#5034=ADVANCED_FACE('',(#223),#4537,.F.);
#5035=ADVANCED_FACE('',(#224),#4538,.F.);
#5036=ADVANCED_FACE('',(#225),#4539,.F.);
#5037=ADVANCED_FACE('',(#226),#4540,.F.);
#5038=ADVANCED_FACE('',(#227),#4541,.F.);
#5039=ADVANCED_FACE('',(#228),#4542,.F.);
#5040=ADVANCED_FACE('',(#229),#4543,.F.);
#5041=ADVANCED_FACE('',(#230),#4544,.F.);
#5042=ADVANCED_FACE('',(#231),#4545,.F.);
#5043=ADVANCED_FACE('',(#232),#4546,.F.);
#5044=ADVANCED_FACE('',(#233),#4547,.F.);
#5045=ADVANCED_FACE('',(#234),#4548,.T.);
#5046=ADVANCED_FACE('',(#235),#4549,.T.);
#5047=ADVANCED_FACE('',(#236),#4550,.T.);
#5048=ADVANCED_FACE('',(#237),#4551,.F.);
#5049=ADVANCED_FACE('',(#238),#4552,.F.);
#5050=ADVANCED_FACE('',(#239),#4553,.F.);
#5051=ADVANCED_FACE('',(#240),#4554,.T.);
#5052=ADVANCED_FACE('',(#241),#4555,.T.);
#5053=ADVANCED_FACE('',(#242),#4556,.T.);
#5054=ADVANCED_FACE('',(#243),#4557,.T.);
#5055=ADVANCED_FACE('',(#244),#4558,.T.);
#5056=ADVANCED_FACE('',(#245),#4559,.T.);
#5057=ADVANCED_FACE('',(#246),#4560,.T.);
#5058=ADVANCED_FACE('',(#247),#4561,.T.);
#5059=ADVANCED_FACE('',(#248),#4562,.T.);
#5060=ADVANCED_FACE('',(#249),#4563,.T.);
#5061=ADVANCED_FACE('',(#250),#4564,.T.);
#5062=ADVANCED_FACE('',(#251),#4565,.T.);
#5063=ADVANCED_FACE('',(#252),#4566,.T.);
#5064=ADVANCED_FACE('',(#253),#4567,.T.);
#5065=ADVANCED_FACE('',(#254),#4568,.T.);
#5066=ADVANCED_FACE('',(#255),#4569,.T.);
#5067=ADVANCED_FACE('',(#256),#4570,.T.);
#5068=ADVANCED_FACE('',(#257),#4571,.F.);
#5069=ADVANCED_FACE('',(#258),#4572,.F.);
#5070=ADVANCED_FACE('',(#259),#4573,.F.);
#5071=ADVANCED_FACE('',(#260),#4574,.F.);
#5072=ADVANCED_FACE('',(#261),#4575,.T.);
#5073=ADVANCED_FACE('',(#262),#4576,.T.);
#5074=ADVANCED_FACE('',(#263),#4577,.T.);
#5075=ADVANCED_FACE('',(#264),#4578,.T.);
#5076=ADVANCED_FACE('',(#265),#4579,.T.);
#5077=ADVANCED_FACE('',(#266),#4580,.T.);
#5078=ADVANCED_FACE('',(#267),#4581,.T.);
#5079=ADVANCED_FACE('',(#268),#4582,.T.);
#5080=ADVANCED_FACE('',(#269),#23,.T.);
#5081=ADVANCED_FACE('',(#270),#24,.T.);
#5082=ADVANCED_FACE('',(#271),#4583,.T.);
#5083=ADVANCED_FACE('',(#272),#25,.T.);
#5084=ADVANCED_FACE('',(#273),#4584,.T.);
#5085=ADVANCED_FACE('',(#274),#4585,.T.);
#5086=ADVANCED_FACE('',(#275),#26,.T.);
#5087=ADVANCED_FACE('',(#276),#4586,.T.);
#5088=ADVANCED_FACE('',(#277),#27,.T.);
#5089=ADVANCED_FACE('',(#278),#4587,.T.);
#5090=ADVANCED_FACE('',(#279),#4588,.T.);
#5091=ADVANCED_FACE('',(#280),#4589,.T.);
#5092=ADVANCED_FACE('',(#281),#4590,.T.);
#5093=ADVANCED_FACE('',(#282),#4591,.T.);
#5094=ADVANCED_FACE('',(#283),#4592,.T.);
#5095=ADVANCED_FACE('',(#284),#4593,.F.);
#5096=ADVANCED_FACE('',(#285),#4594,.F.);
#5097=ADVANCED_FACE('',(#286),#4595,.F.);
#5098=ADVANCED_FACE('',(#287),#4596,.F.);
#5099=ADVANCED_FACE('',(#288),#4597,.F.);
#5100=ADVANCED_FACE('',(#289),#4598,.F.);
#5101=ADVANCED_FACE('',(#290),#4599,.F.);
#5102=ADVANCED_FACE('',(#291),#4600,.F.);
#5103=ADVANCED_FACE('',(#292),#4601,.F.);
#5104=ADVANCED_FACE('',(#293),#4602,.F.);
#5105=ADVANCED_FACE('',(#294),#4603,.F.);
#5106=ADVANCED_FACE('',(#295),#4604,.T.);
#5107=ADVANCED_FACE('',(#296),#4605,.F.);
#5108=ADVANCED_FACE('',(#297),#4606,.T.);
#5109=ADVANCED_FACE('',(#298),#4607,.T.);
#5110=ADVANCED_FACE('',(#299),#4608,.T.);
#5111=ADVANCED_FACE('',(#300),#4609,.T.);
#5112=ADVANCED_FACE('',(#301),#4610,.T.);
#5113=ADVANCED_FACE('',(#302),#28,.T.);
#5114=ADVANCED_FACE('',(#303),#4611,.T.);
#5115=ADVANCED_FACE('',(#304),#4612,.T.);
#5116=ADVANCED_FACE('',(#305),#4613,.T.);
#5117=ADVANCED_FACE('',(#306),#4614,.T.);
#5118=ADVANCED_FACE('',(#307),#29,.T.);
#5119=ADVANCED_FACE('',(#308),#4615,.T.);
#5120=ADVANCED_FACE('',(#309),#4616,.T.);
#5121=ADVANCED_FACE('',(#310),#4617,.T.);
#5122=ADVANCED_FACE('',(#311),#4618,.T.);
#5123=ADVANCED_FACE('',(#312),#4619,.T.);
#5124=ADVANCED_FACE('',(#313),#30,.T.);
#5125=ADVANCED_FACE('',(#314),#31,.T.);
#5126=ADVANCED_FACE('',(#315),#32,.T.);
#5127=ADVANCED_FACE('',(#316),#4620,.T.);
#5128=ADVANCED_FACE('',(#317),#4621,.T.);
#5129=ADVANCED_FACE('',(#318),#4622,.T.);
#5130=ADVANCED_FACE('',(#319),#4623,.T.);
#5131=ADVANCED_FACE('',(#320),#4624,.T.);
#5132=ADVANCED_FACE('',(#321),#4625,.T.);
#5133=ADVANCED_FACE('',(#322),#4626,.T.);
#5134=ADVANCED_FACE('',(#323),#4627,.T.);
#5135=ADVANCED_FACE('',(#324),#4628,.T.);
#5136=ADVANCED_FACE('',(#325),#4629,.T.);
#5137=ADVANCED_FACE('',(#326),#4630,.T.);
#5138=ADVANCED_FACE('',(#327),#4631,.F.);
#5139=CLOSED_SHELL('',(#4887,#4888,#4889,#4890,#4891,#4892,#4893,#4894,
#4895,#4896,#4897,#4898,#4899,#4900,#4901,#4902,#4903,#4904,#4905,#4906,
#4907,#4908,#4909,#4910,#4911,#4912,#4913,#4914,#4915,#4916,#4917,#4918,
#4919,#4920,#4921,#4922,#4923,#4924,#4925,#4926,#4927,#4928,#4929,#4930,
#4931,#4932,#4933,#4934,#4935,#4936,#4937,#4938,#4939,#4940,#4941,#4942,
#4943,#4944,#4945,#4946,#4947,#4948,#4949,#4950,#4951,#4952,#4953,#4954,
#4955,#4956,#4957,#4958,#4959,#4960,#4961,#4962,#4963,#4964,#4965,#4966,
#4967,#4968,#4969,#4970,#4971,#4972,#4973,#4974,#4975,#4976));
#5140=CLOSED_SHELL('',(#4977,#4978,#4979,#4980,#4981,#4982,#4983,#4984,
#4985,#4986,#4987,#4988,#4989,#4990,#4991,#4992,#4993,#4994,#4995,#4996,
#4997,#4998,#4999,#5000,#5001,#5002,#5003,#5004,#5005,#5006,#5007,#5008,
#5009,#5010,#5011,#5012,#5013,#5014,#5015,#5016,#5017,#5018,#5019,#5020,
#5021,#5022,#5023,#5024,#5025,#5026,#5027,#5028,#5029,#5030,#5031,#5032,
#5033,#5034,#5035,#5036,#5037,#5038,#5039,#5040,#5041,#5042,#5043,#5044,
#5045,#5046,#5047,#5048,#5049,#5050,#5051,#5052,#5053,#5054,#5055,#5056,
#5057,#5058,#5059,#5060,#5061,#5062,#5063,#5064,#5065,#5066,#5067));
#5141=CLOSED_SHELL('',(#5068,#5069,#5070,#5071,#5072,#5073,#5074,#5075,
#5076,#5077,#5078,#5079,#5080,#5081,#5082,#5083,#5084,#5085,#5086,#5087,
#5088,#5089,#5090,#5091,#5092,#5093,#5094,#5095,#5096,#5097,#5098,#5099,
#5100,#5101,#5102,#5103,#5104,#5105,#5106,#5107,#5108,#5109,#5110,#5111,
#5112,#5113,#5114,#5115,#5116,#5117,#5118,#5119,#5120,#5121,#5122,#5123,
#5124,#5125,#5126,#5127,#5128,#5129,#5130,#5131,#5132,#5133,#5134,#5135,
#5136,#5137,#5138));
#5142=DERIVED_UNIT_ELEMENT(#5148,1.);
#5143=DERIVED_UNIT_ELEMENT(#8061,-3.);
#5144=DERIVED_UNIT_ELEMENT(#5148,1.);
#5145=DERIVED_UNIT_ELEMENT(#8061,-3.);
#5146=DERIVED_UNIT_ELEMENT(#5148,1.);
#5147=DERIVED_UNIT_ELEMENT(#8061,-3.);
#5148=(
MASS_UNIT()
NAMED_UNIT(*)
SI_UNIT(.KILO.,.GRAM.)
);
#5149=DERIVED_UNIT((#5142,#5143));
#5150=DERIVED_UNIT((#5144,#5145));
#5151=DERIVED_UNIT((#5146,#5147));
#5152=MEASURE_REPRESENTATION_ITEM('density measure',
POSITIVE_RATIO_MEASURE(7850.),#5149);
#5153=MEASURE_REPRESENTATION_ITEM('density measure',
POSITIVE_RATIO_MEASURE(7850.),#5150);
#5154=MEASURE_REPRESENTATION_ITEM('density measure',
POSITIVE_RATIO_MEASURE(7850.),#5151);
#5155=PROPERTY_DEFINITION_REPRESENTATION(#5170,#5161);
#5156=PROPERTY_DEFINITION_REPRESENTATION(#5171,#5162);
#5157=PROPERTY_DEFINITION_REPRESENTATION(#5172,#5163);
#5158=PROPERTY_DEFINITION_REPRESENTATION(#5173,#5164);
#5159=PROPERTY_DEFINITION_REPRESENTATION(#5174,#5165);
#5160=PROPERTY_DEFINITION_REPRESENTATION(#5175,#5166);
#5161=REPRESENTATION('material name',(#5167),#8054);
#5162=REPRESENTATION('density',(#5152),#8054);
#5163=REPRESENTATION('material name',(#5168),#8055);
#5164=REPRESENTATION('density',(#5153),#8055);
#5165=REPRESENTATION('material name',(#5169),#8056);
#5166=REPRESENTATION('density',(#5154),#8056);
#5167=DESCRIPTIVE_REPRESENTATION_ITEM('Stahl','Stahl');
#5168=DESCRIPTIVE_REPRESENTATION_ITEM('Stahl','Stahl');
#5169=DESCRIPTIVE_REPRESENTATION_ITEM('Stahl','Stahl');
#5170=PROPERTY_DEFINITION('material property','material name',#8082);
#5171=PROPERTY_DEFINITION('material property','density of part',#8082);
#5172=PROPERTY_DEFINITION('material property','material name',#8083);
#5173=PROPERTY_DEFINITION('material property','density of part',#8083);
#5174=PROPERTY_DEFINITION('material property','material name',#8084);
#5175=PROPERTY_DEFINITION('material property','density of part',#8084);
#5176=AXIS2_PLACEMENT_3D('placement',#6673,#5455,#5456);
#5177=AXIS2_PLACEMENT_3D('placement',#6674,#5457,#5458);
#5178=AXIS2_PLACEMENT_3D('',#6675,#5459,#5460);
#5179=AXIS2_PLACEMENT_3D('',#6780,#5513,#5514);
#5180=AXIS2_PLACEMENT_3D('',#6837,#5543,#5544);
#5181=AXIS2_PLACEMENT_3D('',#6843,#5548,#5549);
#5182=AXIS2_PLACEMENT_3D('',#6858,#5558,#5559);
#5183=AXIS2_PLACEMENT_3D('',#6866,#5564,#5565);
#5184=AXIS2_PLACEMENT_3D('',#6876,#5571,#5572);
#5185=AXIS2_PLACEMENT_3D('',#6882,#5576,#5577);
#5186=AXIS2_PLACEMENT_3D('',#6892,#5583,#5584);
#5187=AXIS2_PLACEMENT_3D('',#6905,#5591,#5592);
#5188=AXIS2_PLACEMENT_3D('',#6918,#5599,#5600);
#5189=AXIS2_PLACEMENT_3D('',#6921,#5603,#5604);
#5190=AXIS2_PLACEMENT_3D('',#6924,#5607,#5608);
#5191=AXIS2_PLACEMENT_3D('',#6930,#5612,#5613);
#5192=AXIS2_PLACEMENT_3D('',#6936,#5617,#5618);
#5193=AXIS2_PLACEMENT_3D('',#6945,#5623,#5624);
#5194=AXIS2_PLACEMENT_3D('',#6951,#5628,#5629);
#5195=AXIS2_PLACEMENT_3D('',#6958,#5635,#5636);
#5196=AXIS2_PLACEMENT_3D('',#6964,#5640,#5641);
#5197=AXIS2_PLACEMENT_3D('',#6967,#5644,#5645);
#5198=AXIS2_PLACEMENT_3D('',#6973,#5649,#5650);
#5199=AXIS2_PLACEMENT_3D('',#6979,#5654,#5655);
#5200=AXIS2_PLACEMENT_3D('',#6982,#5658,#5659);
#5201=AXIS2_PLACEMENT_3D('',#6989,#5664,#5665);
#5202=AXIS2_PLACEMENT_3D('',#6992,#5668,#5669);
#5203=AXIS2_PLACEMENT_3D('',#6994,#5671,#5672);
#5204=AXIS2_PLACEMENT_3D('',#6996,#5674,#5675);
#5205=AXIS2_PLACEMENT_3D('',#6997,#5676,#5677);
#5206=AXIS2_PLACEMENT_3D('',#7001,#5681,#5682);
#5207=AXIS2_PLACEMENT_3D('',#7002,#5683,#5684);
#5208=AXIS2_PLACEMENT_3D('',#7007,#5689,#5690);
#5209=AXIS2_PLACEMENT_3D('',#7009,#5692,#5693);
#5210=AXIS2_PLACEMENT_3D('',#7010,#5694,#5695);
#5211=AXIS2_PLACEMENT_3D('',#7011,#5696,#5697);
#5212=AXIS2_PLACEMENT_3D('',#7013,#5699,#5700);
#5213=AXIS2_PLACEMENT_3D('',#7015,#5702,#5703);
#5214=AXIS2_PLACEMENT_3D('',#7017,#5705,#5706);
#5215=AXIS2_PLACEMENT_3D('',#7019,#5708,#5709);
#5216=AXIS2_PLACEMENT_3D('',#7025,#5713,#5714);
#5217=AXIS2_PLACEMENT_3D('',#7029,#5717,#5718);
#5218=AXIS2_PLACEMENT_3D('',#7033,#5721,#5722);
#5219=AXIS2_PLACEMENT_3D('',#7039,#5726,#5727);
#5220=AXIS2_PLACEMENT_3D('',#7043,#5730,#5731);
#5221=AXIS2_PLACEMENT_3D('',#7047,#5734,#5735);
#5222=AXIS2_PLACEMENT_3D('',#7053,#5739,#5740);
#5223=AXIS2_PLACEMENT_3D('',#7057,#5743,#5744);
#5224=AXIS2_PLACEMENT_3D('',#7061,#5747,#5748);
#5225=AXIS2_PLACEMENT_3D('',#7067,#5752,#5753);
#5226=AXIS2_PLACEMENT_3D('',#7071,#5756,#5757);
#5227=AXIS2_PLACEMENT_3D('',#7075,#5760,#5761);
#5228=AXIS2_PLACEMENT_3D('',#7081,#5765,#5766);
#5229=AXIS2_PLACEMENT_3D('',#7085,#5769,#5770);
#5230=AXIS2_PLACEMENT_3D('',#7089,#5773,#5774);
#5231=AXIS2_PLACEMENT_3D('',#7095,#5778,#5779);
#5232=AXIS2_PLACEMENT_3D('',#7099,#5782,#5783);
#5233=AXIS2_PLACEMENT_3D('',#7103,#5786,#5787);
#5234=AXIS2_PLACEMENT_3D('',#7107,#5790,#5791);
#5235=AXIS2_PLACEMENT_3D('',#7110,#5794,#5795);
#5236=AXIS2_PLACEMENT_3D('',#7112,#5797,#5798);
#5237=AXIS2_PLACEMENT_3D('',#7114,#5800,#5801);
#5238=AXIS2_PLACEMENT_3D('',#7116,#5803,#5804);
#5239=AXIS2_PLACEMENT_3D('',#7118,#5806,#5807);
#5240=AXIS2_PLACEMENT_3D('',#7120,#5809,#5810);
#5241=AXIS2_PLACEMENT_3D('',#7122,#5812,#5813);
#5242=AXIS2_PLACEMENT_3D('',#7124,#5815,#5816);
#5243=AXIS2_PLACEMENT_3D('',#7125,#5817,#5818);
#5244=AXIS2_PLACEMENT_3D('',#7127,#5820,#5821);
#5245=AXIS2_PLACEMENT_3D('',#7131,#5824,#5825);
#5246=AXIS2_PLACEMENT_3D('',#7134,#5828,#5829);
#5247=AXIS2_PLACEMENT_3D('',#7137,#5832,#5833);
#5248=AXIS2_PLACEMENT_3D('',#7138,#5834,#5835);
#5249=AXIS2_PLACEMENT_3D('',#7139,#5836,#5837);
#5250=AXIS2_PLACEMENT_3D('',#7140,#5838,#5839);
#5251=AXIS2_PLACEMENT_3D('',#7141,#5840,#5841);
#5252=AXIS2_PLACEMENT_3D('',#7142,#5842,#5843);
#5253=AXIS2_PLACEMENT_3D('',#7143,#5844,#5845);
#5254=AXIS2_PLACEMENT_3D('',#7144,#5846,#5847);
#5255=AXIS2_PLACEMENT_3D('',#7146,#5849,#5850);
#5256=AXIS2_PLACEMENT_3D('',#7147,#5851,#5852);
#5257=AXIS2_PLACEMENT_3D('',#7148,#5853,#5854);
#5258=AXIS2_PLACEMENT_3D('',#7151,#5857,#5858);
#5259=AXIS2_PLACEMENT_3D('',#7153,#5860,#5861);
#5260=AXIS2_PLACEMENT_3D('',#7157,#5864,#5865);
#5261=AXIS2_PLACEMENT_3D('',#7159,#5867,#5868);
#5262=AXIS2_PLACEMENT_3D('',#7163,#5871,#5872);
#5263=AXIS2_PLACEMENT_3D('',#7164,#5873,#5874);
#5264=AXIS2_PLACEMENT_3D('',#7166,#5876,#5877);
#5265=AXIS2_PLACEMENT_3D('',#7167,#5878,#5879);
#5266=AXIS2_PLACEMENT_3D('',#7168,#5880,#5881);
#5267=AXIS2_PLACEMENT_3D('',#7170,#5883,#5884);
#5268=AXIS2_PLACEMENT_3D('placement',#7171,#5885,#5886);
#5269=AXIS2_PLACEMENT_3D('',#7172,#5887,#5888);
#5270=AXIS2_PLACEMENT_3D('',#7181,#5893,#5894);
#5271=AXIS2_PLACEMENT_3D('',#7190,#5899,#5900);
#5272=AXIS2_PLACEMENT_3D('',#7199,#5905,#5906);
#5273=AXIS2_PLACEMENT_3D('',#7208,#5911,#5912);
#5274=AXIS2_PLACEMENT_3D('',#7217,#5917,#5918);
#5275=AXIS2_PLACEMENT_3D('',#7226,#5923,#5924);
#5276=AXIS2_PLACEMENT_3D('',#7235,#5929,#5930);
#5277=AXIS2_PLACEMENT_3D('',#7267,#5948,#5949);
#5278=AXIS2_PLACEMENT_3D('',#7276,#5954,#5955);
#5279=AXIS2_PLACEMENT_3D('',#7279,#5958,#5959);
#5280=AXIS2_PLACEMENT_3D('',#7288,#5964,#5965);
#5281=AXIS2_PLACEMENT_3D('',#7294,#5969,#5970);
#5282=AXIS2_PLACEMENT_3D('',#7303,#5975,#5976);
#5283=AXIS2_PLACEMENT_3D('',#7312,#5981,#5982);
#5284=AXIS2_PLACEMENT_3D('',#7321,#5987,#5988);
#5285=AXIS2_PLACEMENT_3D('',#7330,#5993,#5994);
#5286=AXIS2_PLACEMENT_3D('',#7336,#5998,#5999);
#5287=AXIS2_PLACEMENT_3D('',#7342,#6003,#6004);
#5288=AXIS2_PLACEMENT_3D('',#7345,#6007,#6008);
#5289=AXIS2_PLACEMENT_3D('',#7354,#6013,#6014);
#5290=AXIS2_PLACEMENT_3D('',#7360,#6018,#6019);
#5291=AXIS2_PLACEMENT_3D('',#7366,#6023,#6024);
#5292=AXIS2_PLACEMENT_3D('',#7392,#6040,#6041);
#5293=AXIS2_PLACEMENT_3D('',#7395,#6044,#6045);
#5294=AXIS2_PLACEMENT_3D('',#7398,#6048,#6049);
#5295=AXIS2_PLACEMENT_3D('',#7404,#6053,#6054);
#5296=AXIS2_PLACEMENT_3D('',#7407,#6057,#6058);
#5297=AXIS2_PLACEMENT_3D('',#7413,#6062,#6063);
#5298=AXIS2_PLACEMENT_3D('',#7419,#6067,#6068);
#5299=AXIS2_PLACEMENT_3D('',#7425,#6072,#6073);
#5300=AXIS2_PLACEMENT_3D('',#7431,#6077,#6078);
#5301=AXIS2_PLACEMENT_3D('',#7438,#6083,#6084);
#5302=AXIS2_PLACEMENT_3D('',#7446,#6089,#6090);
#5303=AXIS2_PLACEMENT_3D('',#7452,#6094,#6095);
#5304=AXIS2_PLACEMENT_3D('',#7458,#6099,#6100);
#5305=AXIS2_PLACEMENT_3D('',#7464,#6104,#6105);
#5306=AXIS2_PLACEMENT_3D('',#7469,#6109,#6110);
#5307=AXIS2_PLACEMENT_3D('',#7471,#6112,#6113);
#5308=AXIS2_PLACEMENT_3D('',#7476,#6117,#6118);
#5309=AXIS2_PLACEMENT_3D('',#7480,#6121,#6122);
#5310=AXIS2_PLACEMENT_3D('',#7485,#6126,#6127);
#5311=AXIS2_PLACEMENT_3D('',#7490,#6131,#6132);
#5312=AXIS2_PLACEMENT_3D('',#7494,#6135,#6136);
#5313=AXIS2_PLACEMENT_3D('',#7514,#6151,#6152);
#5314=AXIS2_PLACEMENT_3D('',#7520,#6156,#6157);
#5315=AXIS2_PLACEMENT_3D('',#7526,#6161,#6162);
#5316=AXIS2_PLACEMENT_3D('',#7529,#6165,#6166);
#5317=AXIS2_PLACEMENT_3D('',#7532,#6169,#6170);
#5318=AXIS2_PLACEMENT_3D('',#7537,#6174,#6175);
#5319=AXIS2_PLACEMENT_3D('',#7543,#6179,#6180);
#5320=AXIS2_PLACEMENT_3D('',#7545,#6182,#6183);
#5321=AXIS2_PLACEMENT_3D('',#7546,#6184,#6185);
#5322=AXIS2_PLACEMENT_3D('',#7547,#6186,#6187);
#5323=AXIS2_PLACEMENT_3D('',#7553,#6191,#6192);
#5324=AXIS2_PLACEMENT_3D('',#7555,#6194,#6195);
#5325=AXIS2_PLACEMENT_3D('',#7556,#6196,#6197);
#5326=AXIS2_PLACEMENT_3D('',#7558,#6199,#6200);
#5327=AXIS2_PLACEMENT_3D('',#7564,#6204,#6205);
#5328=AXIS2_PLACEMENT_3D('',#7568,#6208,#6209);
#5329=AXIS2_PLACEMENT_3D('',#7570,#6211,#6212);
#5330=AXIS2_PLACEMENT_3D('',#7572,#6214,#6215);
#5331=AXIS2_PLACEMENT_3D('',#7574,#6217,#6218);
#5332=AXIS2_PLACEMENT_3D('',#7576,#6220,#6221);
#5333=AXIS2_PLACEMENT_3D('',#7577,#6222,#6223);
#5334=AXIS2_PLACEMENT_3D('',#7583,#6227,#6228);
#5335=AXIS2_PLACEMENT_3D('',#7589,#6232,#6233);
#5336=AXIS2_PLACEMENT_3D('',#7591,#6235,#6236);
#5337=AXIS2_PLACEMENT_3D('',#7593,#6238,#6239);
#5338=AXIS2_PLACEMENT_3D('',#7594,#6240,#6241);
#5339=AXIS2_PLACEMENT_3D('',#7595,#6242,#6243);
#5340=AXIS2_PLACEMENT_3D('',#7597,#6245,#6246);
#5341=AXIS2_PLACEMENT_3D('',#7599,#6248,#6249);
#5342=AXIS2_PLACEMENT_3D('',#7600,#6250,#6251);
#5343=AXIS2_PLACEMENT_3D('',#7602,#6253,#6254);
#5344=AXIS2_PLACEMENT_3D('',#7604,#6256,#6257);
#5345=AXIS2_PLACEMENT_3D('',#7606,#6259,#6260);
#5346=AXIS2_PLACEMENT_3D('',#7608,#6262,#6263);
#5347=AXIS2_PLACEMENT_3D('',#7611,#6266,#6267);
#5348=AXIS2_PLACEMENT_3D('',#7613,#6269,#6270);
#5349=AXIS2_PLACEMENT_3D('',#7615,#6272,#6273);
#5350=AXIS2_PLACEMENT_3D('',#7617,#6275,#6276);
#5351=AXIS2_PLACEMENT_3D('',#7619,#6278,#6279);
#5352=AXIS2_PLACEMENT_3D('',#7620,#6280,#6281);
#5353=AXIS2_PLACEMENT_3D('',#7621,#6282,#6283);
#5354=AXIS2_PLACEMENT_3D('',#7622,#6284,#6285);
#5355=AXIS2_PLACEMENT_3D('',#7623,#6286,#6287);
#5356=AXIS2_PLACEMENT_3D('',#7624,#6288,#6289);
#5357=AXIS2_PLACEMENT_3D('',#7625,#6290,#6291);
#5358=AXIS2_PLACEMENT_3D('',#7626,#6292,#6293);
#5359=AXIS2_PLACEMENT_3D('',#7627,#6294,#6295);
#5360=AXIS2_PLACEMENT_3D('placement',#7628,#6296,#6297);
#5361=AXIS2_PLACEMENT_3D('',#7629,#6298,#6299);
#5362=AXIS2_PLACEMENT_3D('',#7643,#6306,#6307);
#5363=AXIS2_PLACEMENT_3D('',#7644,#6308,#6309);
#5364=AXIS2_PLACEMENT_3D('',#7649,#6311,#6312);
#5365=AXIS2_PLACEMENT_3D('',#7659,#6318,#6319);
#5366=AXIS2_PLACEMENT_3D('',#7664,#6321,#6322);
#5367=AXIS2_PLACEMENT_3D('',#7674,#6328,#6329);
#5368=AXIS2_PLACEMENT_3D('',#7679,#6331,#6332);
#5369=AXIS2_PLACEMENT_3D('',#7689,#6338,#6339);
#5370=AXIS2_PLACEMENT_3D('',#7698,#6344,#6345);
#5371=AXIS2_PLACEMENT_3D('',#7707,#6350,#6351);
#5372=AXIS2_PLACEMENT_3D('',#7716,#6356,#6357);
#5373=AXIS2_PLACEMENT_3D('',#7722,#6361,#6362);
#5374=AXIS2_PLACEMENT_3D('',#7725,#6365,#6366);
#5375=AXIS2_PLACEMENT_3D('',#7731,#6370,#6371);
#5376=AXIS2_PLACEMENT_3D('',#7737,#6375,#6376);
#5377=AXIS2_PLACEMENT_3D('',#7746,#6381,#6382);
#5378=AXIS2_PLACEMENT_3D('',#7749,#6383,#6384);
#5379=AXIS2_PLACEMENT_3D('',#7753,#6386,#6387);
#5380=AXIS2_PLACEMENT_3D('',#7755,#6389,#6390);
#5381=AXIS2_PLACEMENT_3D('',#7758,#6391,#6392);
#5382=AXIS2_PLACEMENT_3D('',#7762,#6394,#6395);
#5383=AXIS2_PLACEMENT_3D('',#7764,#6397,#6398);
#5384=AXIS2_PLACEMENT_3D('',#7770,#6402,#6403);
#5385=AXIS2_PLACEMENT_3D('',#7773,#6404,#6405);
#5386=AXIS2_PLACEMENT_3D('',#7777,#6407,#6408);
#5387=AXIS2_PLACEMENT_3D('',#7779,#6410,#6411);
#5388=AXIS2_PLACEMENT_3D('',#7785,#6415,#6416);
#5389=AXIS2_PLACEMENT_3D('',#7788,#6419,#6420);
#5390=AXIS2_PLACEMENT_3D('',#7791,#6422,#6423);
#5391=AXIS2_PLACEMENT_3D('',#7792,#6424,#6425);
#5392=AXIS2_PLACEMENT_3D('',#7798,#6429,#6430);
#5393=AXIS2_PLACEMENT_3D('',#7801,#6431,#6432);
#5394=AXIS2_PLACEMENT_3D('',#7805,#6434,#6435);
#5395=AXIS2_PLACEMENT_3D('',#7807,#6437,#6438);
#5396=AXIS2_PLACEMENT_3D('',#7813,#6442,#6443);
#5397=AXIS2_PLACEMENT_3D('',#7819,#6447,#6448);
#5398=AXIS2_PLACEMENT_3D('',#7821,#6450,#6451);
#5399=AXIS2_PLACEMENT_3D('',#7824,#6454,#6455);
#5400=AXIS2_PLACEMENT_3D('',#7827,#6458,#6459);
#5401=AXIS2_PLACEMENT_3D('',#7830,#6462,#6463);
#5402=AXIS2_PLACEMENT_3D('',#7836,#6467,#6468);
#5403=AXIS2_PLACEMENT_3D('',#7840,#6471,#6472);
#5404=AXIS2_PLACEMENT_3D('',#7846,#6476,#6477);
#5405=AXIS2_PLACEMENT_3D('',#7860,#6484,#6485);
#5406=AXIS2_PLACEMENT_3D('',#7861,#6486,#6487);
#5407=AXIS2_PLACEMENT_3D('',#7866,#6489,#6490);
#5408=AXIS2_PLACEMENT_3D('',#7876,#6496,#6497);
#5409=AXIS2_PLACEMENT_3D('',#7881,#6499,#6500);
#5410=AXIS2_PLACEMENT_3D('',#7891,#6506,#6507);
#5411=AXIS2_PLACEMENT_3D('',#7905,#6514,#6515);
#5412=AXIS2_PLACEMENT_3D('',#7906,#6516,#6517);
#5413=AXIS2_PLACEMENT_3D('',#7912,#6521,#6522);
#5414=AXIS2_PLACEMENT_3D('',#7918,#6526,#6527);
#5415=AXIS2_PLACEMENT_3D('',#7924,#6531,#6532);
#5416=AXIS2_PLACEMENT_3D('',#7928,#6535,#6536);
#5417=AXIS2_PLACEMENT_3D('',#7934,#6539,#6540);
#5418=AXIS2_PLACEMENT_3D('',#7944,#6546,#6547);
#5419=AXIS2_PLACEMENT_3D('',#7956,#6553,#6554);
#5420=AXIS2_PLACEMENT_3D('',#7960,#6557,#6558);
#5421=AXIS2_PLACEMENT_3D('',#7966,#6564,#6565);
#5422=AXIS2_PLACEMENT_3D('',#7978,#6575,#6576);
#5423=AXIS2_PLACEMENT_3D('',#7982,#6579,#6580);
#5424=AXIS2_PLACEMENT_3D('',#7986,#6583,#6584);
#5425=AXIS2_PLACEMENT_3D('',#7990,#6587,#6588);
#5426=AXIS2_PLACEMENT_3D('',#7992,#6589,#6590);
#5427=AXIS2_PLACEMENT_3D('',#7994,#6592,#6593);
#5428=AXIS2_PLACEMENT_3D('',#7998,#6596,#6597);
#5429=AXIS2_PLACEMENT_3D('',#8007,#6606,#6607);
#5430=AXIS2_PLACEMENT_3D('',#8009,#6609,#6610);
#5431=AXIS2_PLACEMENT_3D('',#8011,#6612,#6613);
#5432=AXIS2_PLACEMENT_3D('',#8013,#6615,#6616);
#5433=AXIS2_PLACEMENT_3D('',#8015,#6618,#6619);
#5434=AXIS2_PLACEMENT_3D('',#8017,#6621,#6622);
#5435=AXIS2_PLACEMENT_3D('',#8018,#6623,#6624);
#5436=AXIS2_PLACEMENT_3D('',#8019,#6625,#6626);
#5437=AXIS2_PLACEMENT_3D('',#8020,#6627,#6628);
#5438=AXIS2_PLACEMENT_3D('',#8022,#6630,#6631);
#5439=AXIS2_PLACEMENT_3D('',#8024,#6633,#6634);
#5440=AXIS2_PLACEMENT_3D('',#8026,#6636,#6637);
#5441=AXIS2_PLACEMENT_3D('',#8028,#6639,#6640);
#5442=AXIS2_PLACEMENT_3D('',#8030,#6642,#6643);
#5443=AXIS2_PLACEMENT_3D('',#8032,#6645,#6646);
#5444=AXIS2_PLACEMENT_3D('',#8034,#6648,#6649);
#5445=AXIS2_PLACEMENT_3D('',#8036,#6651,#6652);
#5446=AXIS2_PLACEMENT_3D('',#8038,#6654,#6655);
#5447=AXIS2_PLACEMENT_3D('',#8040,#6657,#6658);
#5448=AXIS2_PLACEMENT_3D('',#8041,#6659,#6660);
#5449=AXIS2_PLACEMENT_3D('',#8042,#6661,#6662);
#5450=AXIS2_PLACEMENT_3D('',#8043,#6663,#6664);
#5451=AXIS2_PLACEMENT_3D('',#8044,#6665,#6666);
#5452=AXIS2_PLACEMENT_3D('',#8045,#6667,#6668);
#5453=AXIS2_PLACEMENT_3D('',#8046,#6669,#6670);
#5454=AXIS2_PLACEMENT_3D('',#8047,#6671,#6672);
#5455=DIRECTION('axis',(0.,0.,1.));
#5456=DIRECTION('refdir',(1.,0.,0.));
#5457=DIRECTION('axis',(0.,0.,1.));
#5458=DIRECTION('refdir',(1.,0.,0.));
#5459=DIRECTION('center_axis',(0.,1.,0.));
#5460=DIRECTION('ref_axis',(0.,0.,1.));
#5461=DIRECTION('',(0.,0.,1.));
#5462=DIRECTION('',(1.,0.,0.));
#5463=DIRECTION('',(-1.,0.,0.));
#5464=DIRECTION('',(0.,0.,-1.));
#5465=DIRECTION('',(-1.,0.,0.));
#5466=DIRECTION('',(0.,0.,-1.));
#5467=DIRECTION('',(-1.,0.,0.));
#5468=DIRECTION('',(1.,0.,0.));
#5469=DIRECTION('',(0.,0.,-1.));
#5470=DIRECTION('',(-1.,0.,0.));
#5471=DIRECTION('',(1.,0.,0.));
#5472=DIRECTION('',(-1.,0.,0.));
#5473=DIRECTION('',(0.,0.,1.));
#5474=DIRECTION('',(-1.,0.,0.));
#5475=DIRECTION('',(0.,0.,-1.));
#5476=DIRECTION('',(1.,0.,0.));
#5477=DIRECTION('',(0.,0.,1.));
#5478=DIRECTION('',(-1.,0.,0.));
#5479=DIRECTION('',(0.,0.,-1.));
#5480=DIRECTION('',(1.,0.,0.));
#5481=DIRECTION('',(0.,0.,1.));
#5482=DIRECTION('',(-1.,0.,0.));
#5483=DIRECTION('',(0.,0.,-1.));
#5484=DIRECTION('',(1.,0.,0.));
#5485=DIRECTION('',(0.,0.,1.));
#5486=DIRECTION('',(-1.,0.,0.));
#5487=DIRECTION('',(0.,0.,-1.));
#5488=DIRECTION('',(1.,0.,0.));
#5489=DIRECTION('',(0.,0.,1.));
#5490=DIRECTION('',(-1.,0.,0.));
#5491=DIRECTION('',(0.,0.,-1.));
#5492=DIRECTION('',(1.,0.,0.));
#5493=DIRECTION('',(0.,0.,1.));
#5494=DIRECTION('',(-1.,0.,0.));
#5495=DIRECTION('',(0.,0.,-1.));
#5496=DIRECTION('',(1.,0.,0.));
#5497=DIRECTION('',(0.,0.,1.));
#5498=DIRECTION('',(-1.,0.,0.));
#5499=DIRECTION('',(0.,0.,-1.));
#5500=DIRECTION('',(1.,0.,0.));
#5501=DIRECTION('',(0.,0.,1.));
#5502=DIRECTION('',(-1.,0.,0.));
#5503=DIRECTION('',(0.,0.,-1.));
#5504=DIRECTION('',(1.,0.,0.));
#5505=DIRECTION('',(0.,0.,1.));
#5506=DIRECTION('',(-1.,0.,0.));
#5507=DIRECTION('',(0.,0.,-1.));
#5508=DIRECTION('',(1.,0.,0.));
#5509=DIRECTION('',(0.,0.,1.));
#5510=DIRECTION('',(-1.,0.,0.));
#5511=DIRECTION('',(0.,0.,-1.));
#5512=DIRECTION('',(1.,0.,0.));
#5513=DIRECTION('center_axis',(0.,1.,0.));
#5514=DIRECTION('ref_axis',(0.,0.,1.));
#5515=DIRECTION('',(1.,0.,0.));
#5516=DIRECTION('',(-3.0818660178525E-14,0.,1.));
#5517=DIRECTION('',(-1.,0.,0.));
#5518=DIRECTION('',(0.,0.,-1.));
#5519=DIRECTION('',(1.,0.,0.));
#5520=DIRECTION('',(0.,0.,1.));
#5521=DIRECTION('',(-1.,0.,0.));
#5522=DIRECTION('',(0.,0.,-1.));
#5523=DIRECTION('',(1.,0.,0.));
#5524=DIRECTION('',(-3.0818660178525E-14,0.,1.));
#5525=DIRECTION('',(-1.,0.,0.));
#5526=DIRECTION('',(0.,0.,-1.));
#5527=DIRECTION('',(0.,0.,-1.));
#5528=DIRECTION('',(-1.,0.,0.));
#5529=DIRECTION('',(0.,0.,1.));
#5530=DIRECTION('',(1.,0.,0.));
#5531=DIRECTION('',(0.,0.,-1.));
#5532=DIRECTION('',(-1.,0.,0.));
#5533=DIRECTION('',(0.,0.,1.));
#5534=DIRECTION('',(1.,0.,0.));
#5535=DIRECTION('',(-1.,0.,0.));
#5536=DIRECTION('',(-3.0818660178525E-14,0.,1.));
#5537=DIRECTION('',(1.,0.,0.));
#5538=DIRECTION('',(0.,0.,-1.));
#5539=DIRECTION('',(-1.,0.,0.));
#5540=DIRECTION('',(-3.0818660178525E-14,0.,1.));
#5541=DIRECTION('',(1.,0.,0.));
#5542=DIRECTION('',(0.,0.,-1.));
#5543=DIRECTION('center_axis',(0.,0.,1.));
#5544=DIRECTION('ref_axis',(1.,0.,0.));
#5545=DIRECTION('',(-1.,0.,0.));
#5546=DIRECTION('',(0.,-1.,0.));
#5547=DIRECTION('',(0.,-1.,0.));
#5548=DIRECTION('center_axis',(0.,0.,1.));
#5549=DIRECTION('ref_axis',(1.,0.,0.));
#5550=DIRECTION('',(0.,1.,0.));
#5551=DIRECTION('',(-0.447213595499958,0.894427190999916,0.));
#5552=DIRECTION('',(-1.,0.,0.));
#5553=DIRECTION('',(0.,-1.,0.));
#5554=DIRECTION('',(0.,-1.,0.));
#5555=DIRECTION('',(-1.,0.,0.));
#5556=DIRECTION('',(-0.447213595499958,-0.894427190999916,0.));
#5557=DIRECTION('',(0.,-1.,0.));
#5558=DIRECTION('center_axis',(0.,0.,-1.));
#5559=DIRECTION('ref_axis',(-1.,0.,0.));
#5560=DIRECTION('',(1.,0.,0.));
#5561=DIRECTION('',(0.447213595499958,-0.894427190999916,0.));
#5562=DIRECTION('',(0.,-1.,0.));
#5563=DIRECTION('',(0.,-1.,0.));
#5564=DIRECTION('center_axis',(0.,1.,0.));
#5565=DIRECTION('ref_axis',(0.,0.,1.));
#5566=DIRECTION('',(0.,0.,-1.));
#5567=DIRECTION('',(-1.,0.,0.));
#5568=DIRECTION('',(1.,0.,0.));
#5569=DIRECTION('',(0.,0.,-1.));
#5570=DIRECTION('',(-1.,0.,0.));
#5571=DIRECTION('center_axis',(0.,0.,1.));
#5572=DIRECTION('ref_axis',(1.,0.,0.));
#5573=DIRECTION('',(0.,1.,0.));
#5574=DIRECTION('',(0.,1.,0.));
#5575=DIRECTION('',(-1.,0.,0.));
#5576=DIRECTION('center_axis',(0.,-1.,0.));
#5577=DIRECTION('ref_axis',(0.,0.,-1.));
#5578=DIRECTION('',(0.,0.,1.));
#5579=DIRECTION('',(0.,0.,1.));
#5580=DIRECTION('',(-1.,0.,0.));
#5581=DIRECTION('',(-1.,0.,0.));
#5582=DIRECTION('',(-1.,0.,0.));
#5583=DIRECTION('center_axis',(0.,1.,0.));
#5584=DIRECTION('ref_axis',(0.,0.,1.));
#5585=DIRECTION('',(0.,0.,-1.));
#5586=DIRECTION('',(-1.,0.,0.));
#5587=DIRECTION('',(0.,0.,-1.));
#5588=DIRECTION('',(-1.,0.,0.));
#5589=DIRECTION('',(-1.,0.,0.));
#5590=DIRECTION('',(-1.,0.,0.));
#5591=DIRECTION('center_axis',(0.,-1.,0.));
#5592=DIRECTION('ref_axis',(0.,0.,-1.));
#5593=DIRECTION('',(0.,0.,1.));
#5594=DIRECTION('',(-1.,0.,0.));
#5595=DIRECTION('',(1.,0.,0.));
#5596=DIRECTION('',(-1.,0.,0.));
#5597=DIRECTION('',(0.,0.,1.));
#5598=DIRECTION('',(-1.,0.,0.));
#5599=DIRECTION('center_axis',(0.,0.,-1.));
#5600=DIRECTION('ref_axis',(-1.,0.,0.));
#5601=DIRECTION('',(0.,-1.,0.));
#5602=DIRECTION('',(0.,-1.,0.));
#5603=DIRECTION('center_axis',(0.,0.,1.));
#5604=DIRECTION('ref_axis',(1.,0.,0.));
#5605=DIRECTION('',(0.,-1.,0.));
#5606=DIRECTION('',(0.,-1.,0.));
#5607=DIRECTION('center_axis',(0.,0.,1.));
#5608=DIRECTION('ref_axis',(1.,0.,0.));
#5609=DIRECTION('',(0.,-1.,0.));
#5610=DIRECTION('',(0.,-1.,0.));
#5611=DIRECTION('',(-1.,0.,0.));
#5612=DIRECTION('center_axis',(0.,0.,-1.));
#5613=DIRECTION('ref_axis',(-1.,0.,0.));
#5614=DIRECTION('',(0.,-1.,0.));
#5615=DIRECTION('',(1.,0.,0.));
#5616=DIRECTION('',(0.,-1.,0.));
#5617=DIRECTION('center_axis',(0.,-1.,0.));
#5618=DIRECTION('ref_axis',(0.,0.,-1.));
#5619=DIRECTION('',(1.,0.,0.));
#5620=DIRECTION('',(0.,0.,-1.));
#5621=DIRECTION('',(-1.,0.,0.));
#5622=DIRECTION('',(0.,0.,1.));
#5623=DIRECTION('center_axis',(1.,0.,3.0818660178525E-14));
#5624=DIRECTION('ref_axis',(3.0818660178525E-14,0.,-1.));
#5625=DIRECTION('',(0.,1.,0.));
#5626=DIRECTION('',(-3.0818660178525E-14,0.,1.));
#5627=DIRECTION('',(0.,-1.,0.));
#5628=DIRECTION('center_axis',(1.,0.,3.0818660178525E-14));
#5629=DIRECTION('ref_axis',(3.0818660178525E-14,0.,-1.));
#5630=DIRECTION('',(0.,-1.,0.));
#5631=DIRECTION('',(0.,-1.,0.));
#5632=DIRECTION('',(0.,-1.,0.));
#5633=DIRECTION('',(0.,-1.,0.));
#5634=DIRECTION('',(-3.09959676204214E-14,0.,1.));
#5635=DIRECTION('center_axis',(0.,-1.,0.));
#5636=DIRECTION('ref_axis',(0.,0.,-1.));
#5637=DIRECTION('',(1.,0.,0.));
#5638=DIRECTION('',(0.,0.,-1.));
#5639=DIRECTION('',(-1.,0.,0.));
#5640=DIRECTION('center_axis',(1.,0.,3.0818660178525E-14));
#5641=DIRECTION('ref_axis',(3.0818660178525E-14,0.,-1.));
#5642=DIRECTION('',(0.,1.,0.));
#5643=DIRECTION('',(0.,0.,1.));
#5644=DIRECTION('center_axis',(1.,0.,3.0818660178525E-14));
#5645=DIRECTION('ref_axis',(3.0818660178525E-14,0.,-1.));
#5646=DIRECTION('',(0.,1.,0.));
#5647=DIRECTION('',(-3.0818660178525E-14,0.,1.));
#5648=DIRECTION('',(0.,-1.,0.));
#5649=DIRECTION('center_axis',(0.,-1.,0.));
#5650=DIRECTION('ref_axis',(0.,0.,-1.));
#5651=DIRECTION('',(1.,0.,0.));
#5652=DIRECTION('',(0.,0.,-1.));
#5653=DIRECTION('',(-1.,0.,0.));
#5654=DIRECTION('center_axis',(0.,0.,-1.));
#5655=DIRECTION('ref_axis',(-1.,0.,0.));
#5656=DIRECTION('',(0.,-1.,0.));
#5657=DIRECTION('',(0.,-1.,0.));
#5658=DIRECTION('center_axis',(0.,0.,-1.));
#5659=DIRECTION('ref_axis',(-1.,0.,0.));
#5660=DIRECTION('',(0.,1.,0.));
#5661=DIRECTION('',(0.,-1.,0.));
#5662=DIRECTION('',(0.,-1.,0.));
#5663=DIRECTION('',(-1.,0.,0.));
#5664=DIRECTION('center_axis',(0.,0.,-1.));
#5665=DIRECTION('ref_axis',(-1.,0.,0.));
#5666=DIRECTION('',(0.,-1.,0.));
#5667=DIRECTION('',(0.,-1.,0.));
#5668=DIRECTION('center_axis',(1.,0.,0.));
#5669=DIRECTION('ref_axis',(0.,0.,-1.));
#5670=DIRECTION('',(0.,-1.,0.));
#5671=DIRECTION('center_axis',(0.,0.,1.));
#5672=DIRECTION('ref_axis',(1.,0.,0.));
#5673=DIRECTION('',(0.,-1.,0.));
#5674=DIRECTION('center_axis',(-1.,0.,0.));
#5675=DIRECTION('ref_axis',(0.,0.,1.));
#5676=DIRECTION('center_axis',(-1.,0.,0.));
#5677=DIRECTION('ref_axis',(0.,0.,1.));
#5678=DIRECTION('',(0.,-1.,0.));
#5679=DIRECTION('',(0.,-1.,0.));
#5680=DIRECTION('',(0.,-1.,0.));
#5681=DIRECTION('center_axis',(0.,0.,-1.));
#5682=DIRECTION('ref_axis',(-1.,0.,0.));
#5683=DIRECTION('center_axis',(1.,0.,0.));
#5684=DIRECTION('ref_axis',(0.,0.,-1.));
#5685=DIRECTION('',(0.,-1.,0.));
#5686=DIRECTION('',(0.,-1.,0.));
#5687=DIRECTION('',(0.,-1.,0.));
#5688=DIRECTION('',(0.,-1.,0.));
#5689=DIRECTION('center_axis',(0.,0.,-1.));
#5690=DIRECTION('ref_axis',(-1.,0.,0.));
#5691=DIRECTION('',(0.,1.,0.));
#5692=DIRECTION('center_axis',(0.,0.,-1.));
#5693=DIRECTION('ref_axis',(-1.,0.,0.));
#5694=DIRECTION('center_axis',(0.,0.,1.));
#5695=DIRECTION('ref_axis',(1.,0.,0.));
#5696=DIRECTION('center_axis',(0.,0.,-1.));
#5697=DIRECTION('ref_axis',(-1.,0.,0.));
#5698=DIRECTION('',(0.,-1.,0.));
#5699=DIRECTION('center_axis',(0.,0.,1.));
#5700=DIRECTION('ref_axis',(1.,0.,0.));
#5701=DIRECTION('',(0.,-1.,0.));
#5702=DIRECTION('center_axis',(0.,0.,1.));
#5703=DIRECTION('ref_axis',(1.,0.,0.));
#5704=DIRECTION('',(0.,-1.,0.));
#5705=DIRECTION('center_axis',(1.,0.,0.));
#5706=DIRECTION('ref_axis',(0.,0.,-1.));
#5707=DIRECTION('',(0.,-1.,0.));
#5708=DIRECTION('center_axis',(1.,0.,0.));
#5709=DIRECTION('ref_axis',(0.,0.,-1.));
#5710=DIRECTION('',(0.,-1.,0.));
#5711=DIRECTION('',(0.,0.,-1.));
#5712=DIRECTION('',(0.,-1.,0.));
#5713=DIRECTION('center_axis',(0.,0.,1.));
#5714=DIRECTION('ref_axis',(1.,0.,0.));
#5715=DIRECTION('',(1.,0.,0.));
#5716=DIRECTION('',(0.,-1.,0.));
#5717=DIRECTION('center_axis',(-1.,0.,0.));
#5718=DIRECTION('ref_axis',(0.,0.,1.));
#5719=DIRECTION('',(0.,0.,1.));
#5720=DIRECTION('',(0.,-1.,0.));
#5721=DIRECTION('center_axis',(1.,0.,0.));
#5722=DIRECTION('ref_axis',(0.,0.,-1.));
#5723=DIRECTION('',(0.,-1.,0.));
#5724=DIRECTION('',(0.,0.,-1.));
#5725=DIRECTION('',(0.,-1.,0.));
#5726=DIRECTION('center_axis',(0.,0.,1.));
#5727=DIRECTION('ref_axis',(1.,0.,0.));
#5728=DIRECTION('',(1.,0.,0.));
#5729=DIRECTION('',(0.,-1.,0.));
#5730=DIRECTION('center_axis',(-1.,0.,0.));
#5731=DIRECTION('ref_axis',(0.,0.,1.));
#5732=DIRECTION('',(0.,0.,1.));
#5733=DIRECTION('',(0.,-1.,0.));
#5734=DIRECTION('center_axis',(1.,0.,0.));
#5735=DIRECTION('ref_axis',(0.,0.,-1.));
#5736=DIRECTION('',(0.,-1.,0.));
#5737=DIRECTION('',(0.,0.,-1.));
#5738=DIRECTION('',(0.,-1.,0.));
#5739=DIRECTION('center_axis',(0.,0.,1.));
#5740=DIRECTION('ref_axis',(1.,0.,0.));
#5741=DIRECTION('',(1.,0.,0.));
#5742=DIRECTION('',(0.,-1.,0.));
#5743=DIRECTION('center_axis',(-1.,0.,0.));
#5744=DIRECTION('ref_axis',(0.,0.,1.));
#5745=DIRECTION('',(0.,0.,1.));
#5746=DIRECTION('',(0.,-1.,0.));
#5747=DIRECTION('center_axis',(1.,0.,0.));
#5748=DIRECTION('ref_axis',(0.,0.,-1.));
#5749=DIRECTION('',(0.,-1.,0.));
#5750=DIRECTION('',(0.,0.,-1.));
#5751=DIRECTION('',(0.,-1.,0.));
#5752=DIRECTION('center_axis',(0.,0.,1.));
#5753=DIRECTION('ref_axis',(1.,0.,0.));
#5754=DIRECTION('',(1.,0.,0.));
#5755=DIRECTION('',(0.,-1.,0.));
#5756=DIRECTION('center_axis',(-1.,0.,0.));
#5757=DIRECTION('ref_axis',(0.,0.,1.));
#5758=DIRECTION('',(0.,0.,1.));
#5759=DIRECTION('',(0.,-1.,0.));
#5760=DIRECTION('center_axis',(1.,0.,0.));
#5761=DIRECTION('ref_axis',(0.,0.,-1.));
#5762=DIRECTION('',(0.,-1.,0.));
#5763=DIRECTION('',(0.,0.,-1.));
#5764=DIRECTION('',(0.,-1.,0.));
#5765=DIRECTION('center_axis',(0.,0.,1.));
#5766=DIRECTION('ref_axis',(1.,0.,0.));
#5767=DIRECTION('',(1.,0.,0.));
#5768=DIRECTION('',(0.,-1.,0.));
#5769=DIRECTION('center_axis',(-1.,0.,0.));
#5770=DIRECTION('ref_axis',(0.,0.,1.));
#5771=DIRECTION('',(0.,0.,1.));
#5772=DIRECTION('',(0.,-1.,0.));
#5773=DIRECTION('center_axis',(1.,0.,0.));
#5774=DIRECTION('ref_axis',(0.,0.,-1.));
#5775=DIRECTION('',(0.,-1.,0.));
#5776=DIRECTION('',(0.,0.,-1.));
#5777=DIRECTION('',(0.,-1.,0.));
#5778=DIRECTION('center_axis',(0.,0.,1.));
#5779=DIRECTION('ref_axis',(1.,0.,0.));
#5780=DIRECTION('',(1.,0.,0.));
#5781=DIRECTION('',(0.,-1.,0.));
#5782=DIRECTION('center_axis',(-1.,0.,0.));
#5783=DIRECTION('ref_axis',(0.,0.,1.));
#5784=DIRECTION('',(0.,0.,1.));
#5785=DIRECTION('',(0.,-1.,0.));
#5786=DIRECTION('center_axis',(-1.,0.,0.));
#5787=DIRECTION('ref_axis',(0.,0.,1.));
#5788=DIRECTION('',(0.,-1.,0.));
#5789=DIRECTION('',(0.,0.,1.));
#5790=DIRECTION('center_axis',(-1.,0.,0.));
#5791=DIRECTION('ref_axis',(0.,0.,1.));
#5792=DIRECTION('',(0.,-1.,0.));
#5793=DIRECTION('',(0.,-1.,0.));
#5794=DIRECTION('center_axis',(0.,0.,-1.));
#5795=DIRECTION('ref_axis',(-1.,0.,0.));
#5796=DIRECTION('',(-1.,0.,0.));
#5797=DIRECTION('center_axis',(0.,0.,-1.));
#5798=DIRECTION('ref_axis',(-1.,0.,0.));
#5799=DIRECTION('',(-1.,0.,0.));
#5800=DIRECTION('center_axis',(0.,0.,-1.));
#5801=DIRECTION('ref_axis',(-1.,0.,0.));
#5802=DIRECTION('',(-1.,0.,0.));
#5803=DIRECTION('center_axis',(0.,0.,-1.));
#5804=DIRECTION('ref_axis',(-1.,0.,0.));
#5805=DIRECTION('',(-1.,0.,0.));
#5806=DIRECTION('center_axis',(0.,0.,-1.));
#5807=DIRECTION('ref_axis',(-1.,0.,0.));
#5808=DIRECTION('',(-1.,0.,0.));
#5809=DIRECTION('center_axis',(0.,0.,-1.));
#5810=DIRECTION('ref_axis',(-1.,0.,0.));
#5811=DIRECTION('',(-1.,0.,0.));
#5812=DIRECTION('center_axis',(0.,0.,1.));
#5813=DIRECTION('ref_axis',(1.,0.,0.));
#5814=DIRECTION('',(0.,-1.,0.));
#5815=DIRECTION('center_axis',(-1.,0.,0.));
#5816=DIRECTION('ref_axis',(0.,0.,1.));
#5817=DIRECTION('center_axis',(1.,0.,0.));
#5818=DIRECTION('ref_axis',(0.,0.,-1.));
#5819=DIRECTION('',(0.,-1.,0.));
#5820=DIRECTION('center_axis',(0.,0.,1.));
#5821=DIRECTION('ref_axis',(1.,0.,0.));
#5822=DIRECTION('',(0.,-1.,0.));
#5823=DIRECTION('',(1.,0.,0.));
#5824=DIRECTION('center_axis',(0.,0.,-1.));
#5825=DIRECTION('ref_axis',(-1.,0.,0.));
#5826=DIRECTION('',(0.,1.,0.));
#5827=DIRECTION('',(0.,-1.,0.));
#5828=DIRECTION('center_axis',(0.,0.,1.));
#5829=DIRECTION('ref_axis',(1.,0.,0.));
#5830=DIRECTION('',(0.,-1.,0.));
#5831=DIRECTION('',(0.,-1.,0.));
#5832=DIRECTION('center_axis',(1.,0.,0.));
#5833=DIRECTION('ref_axis',(0.,0.,-1.));
#5834=DIRECTION('center_axis',(0.,-1.,0.));
#5835=DIRECTION('ref_axis',(0.,0.,-1.));
#5836=DIRECTION('center_axis',(0.,-1.,0.));
#5837=DIRECTION('ref_axis',(0.,0.,-1.));
#5838=DIRECTION('center_axis',(0.,-1.,0.));
#5839=DIRECTION('ref_axis',(0.,0.,-1.));
#5840=DIRECTION('center_axis',(0.,-1.,0.));
#5841=DIRECTION('ref_axis',(0.,0.,-1.));
#5842=DIRECTION('center_axis',(0.,-1.,0.));
#5843=DIRECTION('ref_axis',(0.,0.,-1.));
#5844=DIRECTION('center_axis',(0.,-1.,0.));
#5845=DIRECTION('ref_axis',(0.,0.,-1.));
#5846=DIRECTION('center_axis',(-1.,0.,0.));
#5847=DIRECTION('ref_axis',(0.,0.,1.));
#5848=DIRECTION('',(0.,0.,-1.));
#5849=DIRECTION('center_axis',(0.,-1.,0.));
#5850=DIRECTION('ref_axis',(0.,0.,-1.));
#5851=DIRECTION('center_axis',(-1.,0.,0.));
#5852=DIRECTION('ref_axis',(0.,0.,1.));
#5853=DIRECTION('center_axis',(-1.,0.,0.));
#5854=DIRECTION('ref_axis',(0.,0.,1.));
#5855=DIRECTION('',(0.,0.,-1.));
#5856=DIRECTION('',(0.,-1.,0.));
#5857=DIRECTION('center_axis',(-1.,0.,0.));
#5858=DIRECTION('ref_axis',(0.,0.,1.));
#5859=DIRECTION('',(0.,0.,-1.));
#5860=DIRECTION('center_axis',(0.,-1.,0.));
#5861=DIRECTION('ref_axis',(0.,0.,-1.));
#5862=DIRECTION('',(0.,0.,-1.));
#5863=DIRECTION('',(1.,0.,0.));
#5864=DIRECTION('center_axis',(0.,-1.,0.));
#5865=DIRECTION('ref_axis',(0.,0.,-1.));
#5866=DIRECTION('',(0.,0.,1.));
#5867=DIRECTION('center_axis',(0.,0.,-1.));
#5868=DIRECTION('ref_axis',(-1.,0.,0.));
#5869=DIRECTION('',(0.,1.,0.));
#5870=DIRECTION('',(0.447213595499958,0.894427190999916,0.));
#5871=DIRECTION('center_axis',(0.,0.,-1.));
#5872=DIRECTION('ref_axis',(-1.,0.,0.));
#5873=DIRECTION('center_axis',(0.894427190999916,0.447213595499958,0.));
#5874=DIRECTION('ref_axis',(-0.447213595499958,0.894427190999916,0.));
#5875=DIRECTION('',(0.,0.,-1.));
#5876=DIRECTION('center_axis',(0.,-1.,0.));
#5877=DIRECTION('ref_axis',(0.,0.,-1.));
#5878=DIRECTION('center_axis',(1.,0.,0.));
#5879=DIRECTION('ref_axis',(0.,0.,-1.));
#5880=DIRECTION('center_axis',(-1.,0.,0.));
#5881=DIRECTION('ref_axis',(0.,0.,1.));
#5882=DIRECTION('',(0.,0.,-1.));
#5883=DIRECTION('center_axis',(-0.894427190999916,0.447213595499958,0.));
#5884=DIRECTION('ref_axis',(-0.447213595499958,-0.894427190999916,0.));
#5885=DIRECTION('axis',(0.,0.,1.));
#5886=DIRECTION('refdir',(1.,0.,0.));
#5887=DIRECTION('center_axis',(0.,-1.76384813640513E-17,1.));
#5888=DIRECTION('ref_axis',(0.,-1.,-1.76384813640513E-17));
#5889=DIRECTION('',(0.,-1.,-1.76384813640513E-17));
#5890=DIRECTION('',(-1.,0.,0.));
#5891=DIRECTION('',(0.,1.,1.76384813640513E-17));
#5892=DIRECTION('',(-1.,0.,0.));
#5893=DIRECTION('center_axis',(0.,-1.76384813640513E-17,1.));
#5894=DIRECTION('ref_axis',(0.,-1.,-1.76384813640513E-17));
#5895=DIRECTION('',(0.,1.,1.76384813640513E-17));
#5896=DIRECTION('',(-1.,0.,0.));
#5897=DIRECTION('',(0.,-1.,-1.76384813640513E-17));
#5898=DIRECTION('',(-1.,0.,0.));
#5899=DIRECTION('center_axis',(0.,0.,-1.));
#5900=DIRECTION('ref_axis',(-1.,0.,0.));
#5901=DIRECTION('',(0.,-1.,0.));
#5902=DIRECTION('',(-1.,0.,0.));
#5903=DIRECTION('',(0.,1.,0.));
#5904=DIRECTION('',(-1.,0.,0.));
#5905=DIRECTION('center_axis',(0.,-1.76384813640513E-17,1.));
#5906=DIRECTION('ref_axis',(0.,-1.,-1.76384813640513E-17));
#5907=DIRECTION('',(0.,1.,1.76384813640513E-17));
#5908=DIRECTION('',(-1.,0.,0.));
#5909=DIRECTION('',(0.,1.,1.76384813640513E-17));
#5910=DIRECTION('',(-1.,0.,0.));
#5911=DIRECTION('center_axis',(0.,0.,-1.));
#5912=DIRECTION('ref_axis',(-1.,0.,0.));
#5913=DIRECTION('',(0.,1.,0.));
#5914=DIRECTION('',(-1.,0.,0.));
#5915=DIRECTION('',(0.,-1.,0.));
#5916=DIRECTION('',(-1.,0.,0.));
#5917=DIRECTION('center_axis',(0.,0.,-1.));
#5918=DIRECTION('ref_axis',(-1.,0.,0.));
#5919=DIRECTION('',(0.,-1.,0.));
#5920=DIRECTION('',(-1.,0.,0.));
#5921=DIRECTION('',(0.,1.,0.));
#5922=DIRECTION('',(-1.,0.,0.));
#5923=DIRECTION('center_axis',(0.,0.,-1.));
#5924=DIRECTION('ref_axis',(-1.,0.,0.));
#5925=DIRECTION('',(0.,-1.,0.));
#5926=DIRECTION('',(-1.,0.,0.));
#5927=DIRECTION('',(0.,-1.,0.));
#5928=DIRECTION('',(-1.,0.,0.));
#5929=DIRECTION('center_axis',(0.,-0.558600379479041,-0.829436927105293));
#5930=DIRECTION('ref_axis',(0.,0.829436927105293,-0.558600379479041));
#5931=DIRECTION('',(0.,0.829436927105293,-0.558600379479041));
#5932=DIRECTION('',(-1.,0.,0.));
#5933=DIRECTION('',(0.,-0.829436927105293,0.558600379479041));
#5934=DIRECTION('',(0.,0.829436927105293,-0.558600379479041));
#5935=DIRECTION('',(-1.,0.,0.));
#5936=DIRECTION('',(0.,-0.829436927105293,0.558600379479041));
#5937=DIRECTION('',(-1.,0.,0.));
#5938=DIRECTION('',(0.,0.829436927105293,-0.558600379479041));
#5939=DIRECTION('',(-1.,0.,0.));
#5940=DIRECTION('',(0.,-0.829436927105293,0.558600379479041));
#5941=DIRECTION('',(-1.,0.,0.));
#5942=DIRECTION('',(0.,0.829436927105293,-0.558600379479041));
#5943=DIRECTION('',(-1.,0.,0.));
#5944=DIRECTION('',(0.,-0.829436927105293,0.558600379479041));
#5945=DIRECTION('',(0.,-0.829436927105293,0.558600379479041));
#5946=DIRECTION('',(-1.,0.,0.));
#5947=DIRECTION('',(0.,-0.829436927105293,0.558600379479041));
#5948=DIRECTION('center_axis',(0.,0.499999999999954,-0.866025403784465));
#5949=DIRECTION('ref_axis',(0.,0.866025403784465,0.499999999999954));
#5950=DIRECTION('',(-0.447213595500198,-0.774596669241403,-0.447213595499856));
#5951=DIRECTION('',(-1.,0.,0.));
#5952=DIRECTION('',(-0.447213595500199,0.774596669241403,0.447213595499856));
#5953=DIRECTION('',(-1.,0.,0.));
#5954=DIRECTION('center_axis',(0.,0.,-1.));
#5955=DIRECTION('ref_axis',(-1.,0.,0.));
#5956=DIRECTION('',(0.,-1.,0.));
#5957=DIRECTION('',(0.,1.,0.));
#5958=DIRECTION('center_axis',(0.,0.,1.));
#5959=DIRECTION('ref_axis',(1.,0.,0.));
#5960=DIRECTION('',(0.,-1.,0.));
#5961=DIRECTION('',(-1.,0.,0.));
#5962=DIRECTION('',(0.,1.,0.));
#5963=DIRECTION('',(-1.,0.,0.));
#5964=DIRECTION('center_axis',(0.,0.,-1.));
#5965=DIRECTION('ref_axis',(-1.,0.,0.));
#5966=DIRECTION('',(0.,-1.,0.));
#5967=DIRECTION('',(-1.,0.,0.));
#5968=DIRECTION('',(0.,1.,0.));
#5969=DIRECTION('center_axis',(0.,0.499999999999953,0.866025403784466));
#5970=DIRECTION('ref_axis',(0.,-0.866025403784466,0.499999999999953));
#5971=DIRECTION('',(0.447213595500199,0.774596669241403,-0.447213595499856));
#5972=DIRECTION('',(-1.,0.,0.));
#5973=DIRECTION('',(0.447213595500199,-0.774596669241403,0.447213595499856));
#5974=DIRECTION('',(-1.,0.,0.));
#5975=DIRECTION('center_axis',(0.,1.,0.));
#5976=DIRECTION('ref_axis',(0.,0.,1.));
#5977=DIRECTION('',(0.,0.,-1.));
#5978=DIRECTION('',(-1.,0.,0.));
#5979=DIRECTION('',(0.,0.,-1.));
#5980=DIRECTION('',(-1.,0.,0.));
#5981=DIRECTION('center_axis',(0.,0.499999999999953,0.866025403784466));
#5982=DIRECTION('ref_axis',(0.,-0.866025403784466,0.499999999999953));
#5983=DIRECTION('',(0.447213595500199,0.774596669241403,-0.447213595499856));
#5984=DIRECTION('',(-1.,0.,0.));
#5985=DIRECTION('',(0.447213595500199,-0.774596669241403,0.447213595499856));
#5986=DIRECTION('',(-1.,0.,0.));
#5987=DIRECTION('center_axis',(0.,0.499999999999953,0.866025403784466));
#5988=DIRECTION('ref_axis',(0.,-0.866025403784466,0.499999999999953));
#5989=DIRECTION('',(0.4472135955002,0.774596669241403,-0.447213595499856));
#5990=DIRECTION('',(-1.,0.,0.));
#5991=DIRECTION('',(0.447213595500199,-0.774596669241403,0.447213595499856));
#5992=DIRECTION('',(-1.,0.,0.));
#5993=DIRECTION('center_axis',(0.,1.,0.));
#5994=DIRECTION('ref_axis',(0.,0.,1.));
#5995=DIRECTION('',(0.,0.,-1.));
#5996=DIRECTION('',(0.,0.,-1.));
#5997=DIRECTION('',(-1.,0.,0.));
#5998=DIRECTION('center_axis',(0.,0.,1.));
#5999=DIRECTION('ref_axis',(1.,0.,0.));
#6000=DIRECTION('',(0.,1.,0.));
#6001=DIRECTION('',(-1.,0.,0.));
#6002=DIRECTION('',(0.,1.,0.));
#6003=DIRECTION('center_axis',(0.,0.499999999999953,0.866025403784466));
#6004=DIRECTION('ref_axis',(0.,-0.866025403784466,0.499999999999953));
#6005=DIRECTION('',(0.447213595500202,0.774596669241402,-0.447213595499855));
#6006=DIRECTION('',(0.4472135955002,-0.774596669241403,0.447213595499856));
#6007=DIRECTION('center_axis',(0.,0.499999999999953,0.866025403784466));
#6008=DIRECTION('ref_axis',(0.,-0.866025403784466,0.499999999999953));
#6009=DIRECTION('',(0.4472135955002,0.774596669241403,-0.447213595499856));
#6010=DIRECTION('',(-1.,0.,0.));
#6011=DIRECTION('',(0.447213595500197,-0.774596669241404,0.447213595499856));
#6012=DIRECTION('',(-1.,0.,0.));
#6013=DIRECTION('center_axis',(0.,0.,1.));
#6014=DIRECTION('ref_axis',(1.,0.,0.));
#6015=DIRECTION('',(0.,1.,0.));
#6016=DIRECTION('',(-1.,0.,0.));
#6017=DIRECTION('',(0.,-1.,0.));
#6018=DIRECTION('center_axis',(0.,0.,1.));
#6019=DIRECTION('ref_axis',(1.,0.,0.));
#6020=DIRECTION('',(0.,1.,0.));
#6021=DIRECTION('',(-1.,0.,0.));
#6022=DIRECTION('',(0.,-1.,0.));
#6023=DIRECTION('center_axis',(0.,-0.558600379479076,0.82943692710527));
#6024=DIRECTION('ref_axis',(0.,-0.82943692710527,-0.558600379479076));
#6025=DIRECTION('',(0.,-0.82943692710527,-0.558600379479076));
#6026=DIRECTION('',(0.,0.82943692710527,0.558600379479076));
#6027=DIRECTION('',(0.,0.82943692710527,0.558600379479076));
#6028=DIRECTION('',(0.,0.82943692710527,0.558600379479076));
#6029=DIRECTION('',(1.,0.,0.));
#6030=DIRECTION('',(0.,-0.82943692710527,-0.558600379479076));
#6031=DIRECTION('',(0.,0.82943692710527,0.558600379479076));
#6032=DIRECTION('',(1.,0.,0.));
#6033=DIRECTION('',(0.,-0.82943692710527,-0.558600379479076));
#6034=DIRECTION('',(0.,0.82943692710527,0.558600379479076));
#6035=DIRECTION('',(1.,0.,0.));
#6036=DIRECTION('',(0.,-0.82943692710527,-0.558600379479076));
#6037=DIRECTION('',(-1.,0.,0.));
#6038=DIRECTION('',(0.,0.82943692710527,0.558600379479076));
#6039=DIRECTION('',(1.,0.,0.));
#6040=DIRECTION('center_axis',(0.,0.,1.));
#6041=DIRECTION('ref_axis',(1.,0.,0.));
#6042=DIRECTION('',(0.,1.,0.));
#6043=DIRECTION('',(0.,-1.,0.));
#6044=DIRECTION('center_axis',(-1.,0.,0.));
#6045=DIRECTION('ref_axis',(0.,0.,1.));
#6046=DIRECTION('',(0.,0.,-1.));
#6047=DIRECTION('',(0.,0.,-1.));
#6048=DIRECTION('center_axis',(1.,0.,0.));
#6049=DIRECTION('ref_axis',(0.,0.,-1.));
#6050=DIRECTION('',(0.,0.,-1.));
#6051=DIRECTION('',(0.,-1.,0.));
#6052=DIRECTION('',(0.,0.,-1.));
#6053=DIRECTION('center_axis',(1.,0.,0.));
#6054=DIRECTION('ref_axis',(0.,0.,-1.));
#6055=DIRECTION('',(0.,0.,-1.));
#6056=DIRECTION('',(0.,0.,-1.));
#6057=DIRECTION('center_axis',(-1.,0.,0.));
#6058=DIRECTION('ref_axis',(0.,0.,1.));
#6059=DIRECTION('',(0.,0.,-1.));
#6060=DIRECTION('',(0.,1.,0.));
#6061=DIRECTION('',(0.,0.,-1.));
#6062=DIRECTION('center_axis',(1.,0.,0.));
#6063=DIRECTION('ref_axis',(0.,0.,-1.));
#6064=DIRECTION('',(0.,0.,-1.));
#6065=DIRECTION('',(0.,-1.,0.));
#6066=DIRECTION('',(0.,0.,-1.));
#6067=DIRECTION('center_axis',(-0.866025403784301,-0.500000000000239,0.));
#6068=DIRECTION('ref_axis',(0.500000000000239,-0.866025403784301,0.));
#6069=DIRECTION('',(0.,0.,-1.));
#6070=DIRECTION('',(-0.44721359550018,0.774596669241374,0.447213595499925));
#6071=DIRECTION('',(0.,0.,-1.));
#6072=DIRECTION('center_axis',(0.8660254037843,-0.500000000000241,0.));
#6073=DIRECTION('ref_axis',(0.500000000000241,0.8660254037843,0.));
#6074=DIRECTION('',(0.,0.,-1.));
#6075=DIRECTION('',(-0.447213595500181,-0.774596669241373,-0.447213595499925));
#6076=DIRECTION('',(0.,0.,-1.));
#6077=DIRECTION('center_axis',(-0.866025403784301,-0.500000000000239,0.));
#6078=DIRECTION('ref_axis',(0.500000000000239,-0.866025403784301,0.));
#6079=DIRECTION('',(0.447213595500197,-0.774596669241404,0.447213595499856));
#6080=DIRECTION('',(0.,0.,-1.));
#6081=DIRECTION('',(-0.447213595500197,0.774596669241404,0.447213595499857));
#6082=DIRECTION('',(0.,0.,-1.));
#6083=DIRECTION('center_axis',(0.8660254037843,-0.500000000000241,0.));
#6084=DIRECTION('ref_axis',(0.500000000000241,0.8660254037843,0.));
#6085=DIRECTION('',(0.447213595500199,0.774596669241403,-0.447213595499856));
#6086=DIRECTION('',(0.,0.,-1.));
#6087=DIRECTION('',(-0.447213595500198,-0.774596669241403,-0.447213595499856));
#6088=DIRECTION('',(0.,0.,-1.));
#6089=DIRECTION('center_axis',(-1.,0.,0.));
#6090=DIRECTION('ref_axis',(0.,0.,1.));
#6091=DIRECTION('',(0.,0.,-1.));
#6092=DIRECTION('',(0.,-1.,-1.76384813640513E-17));
#6093=DIRECTION('',(0.,0.,-1.));
#6094=DIRECTION('center_axis',(1.,0.,0.));
#6095=DIRECTION('ref_axis',(0.,0.,-1.));
#6096=DIRECTION('',(0.,0.,-1.));
#6097=DIRECTION('',(0.,1.,1.76384813640513E-17));
#6098=DIRECTION('',(0.,0.,-1.));
#6099=DIRECTION('center_axis',(-1.,0.,0.));
#6100=DIRECTION('ref_axis',(0.,0.,1.));
#6101=DIRECTION('',(0.,0.,-1.));
#6102=DIRECTION('',(0.,1.,0.));
#6103=DIRECTION('',(0.,0.,-1.));
#6104=DIRECTION('center_axis',(0.8660254037843,-0.500000000000241,0.));
#6105=DIRECTION('ref_axis',(0.500000000000241,0.8660254037843,0.));
#6106=DIRECTION('',(0.,0.,-1.));
#6107=DIRECTION('',(-0.447213595500181,-0.774596669241373,-0.447213595499925));
#6108=DIRECTION('',(0.,0.,-1.));
#6109=DIRECTION('center_axis',(1.,0.,0.));
#6110=DIRECTION('ref_axis',(0.,0.,-1.));
#6111=DIRECTION('',(0.,0.,-1.));
#6112=DIRECTION('center_axis',(0.,0.500000000000025,-0.866025403784424));
#6113=DIRECTION('ref_axis',(0.,0.866025403784424,0.500000000000025));
#6114=DIRECTION('',(-1.,0.,0.));
#6115=DIRECTION('',(-0.447213595500181,0.774596669241373,0.447213595499925));
#6116=DIRECTION('',(-1.,0.,0.));
#6117=DIRECTION('center_axis',(0.,0.500000000000025,-0.866025403784424));
#6118=DIRECTION('ref_axis',(0.,0.866025403784424,0.500000000000025));
#6119=DIRECTION('',(-1.,0.,0.));
#6120=DIRECTION('',(-0.447213595500182,0.774596669241373,0.447213595499924));
#6121=DIRECTION('center_axis',(0.,0.500000000000025,-0.866025403784424));
#6122=DIRECTION('ref_axis',(0.,0.866025403784424,0.500000000000025));
#6123=DIRECTION('',(-0.447213595500183,-0.774596669241373,-0.447213595499924));
#6124=DIRECTION('',(-1.,0.,0.));
#6125=DIRECTION('',(-1.,0.,0.));
#6126=DIRECTION('center_axis',(0.,0.500000000000025,-0.866025403784424));
#6127=DIRECTION('ref_axis',(0.,0.866025403784424,0.500000000000025));
#6128=DIRECTION('',(-0.447213595500183,-0.774596669241373,-0.447213595499924));
#6129=DIRECTION('',(-0.447213595500181,0.774596669241373,0.447213595499925));
#6130=DIRECTION('',(-1.,0.,0.));
#6131=DIRECTION('center_axis',(0.,0.,-1.));
#6132=DIRECTION('ref_axis',(-1.,0.,0.));
#6133=DIRECTION('',(0.,-1.,0.));
#6134=DIRECTION('',(-1.,0.,0.));
#6135=DIRECTION('center_axis',(0.,1.,0.));
#6136=DIRECTION('ref_axis',(0.,0.,1.));
#6137=DIRECTION('',(0.,0.,-1.));
#6138=DIRECTION('',(0.,0.,-1.));
#6139=DIRECTION('',(-1.,0.,0.));
#6140=DIRECTION('',(-1.,0.,0.));
#6141=DIRECTION('',(0.,0.,-1.));
#6142=DIRECTION('',(0.,0.,-1.));
#6143=DIRECTION('',(0.,0.,-1.));
#6144=DIRECTION('',(-1.,0.,0.));
#6145=DIRECTION('',(-1.,0.,0.));
#6146=DIRECTION('',(0.,0.,-1.));
#6147=DIRECTION('',(0.,0.,-1.));
#6148=DIRECTION('',(-1.,0.,0.));
#6149=DIRECTION('',(0.,0.,-1.));
#6150=DIRECTION('',(0.,0.,-1.));
#6151=DIRECTION('center_axis',(0.,0.499999999999953,0.866025403784466));
#6152=DIRECTION('ref_axis',(0.,-0.866025403784466,0.499999999999953));
#6153=DIRECTION('',(0.4472135955002,0.774596669241403,-0.447213595499856));
#6154=DIRECTION('',(0.447213595500199,-0.774596669241403,0.447213595499856));
#6155=DIRECTION('',(-1.,0.,0.));
#6156=DIRECTION('center_axis',(0.,1.,0.));
#6157=DIRECTION('ref_axis',(0.,0.,1.));
#6158=DIRECTION('',(0.,0.,-1.));
#6159=DIRECTION('',(0.,0.,-1.));
#6160=DIRECTION('',(-1.,0.,0.));
#6161=DIRECTION('center_axis',(0.,0.499999999999954,-0.866025403784465));
#6162=DIRECTION('ref_axis',(0.,0.866025403784465,0.499999999999954));
#6163=DIRECTION('',(-0.4472135955002,-0.774596669241403,-0.447213595499856));
#6164=DIRECTION('',(-0.447213595500198,0.774596669241403,0.447213595499856));
#6165=DIRECTION('center_axis',(1.,0.,0.));
#6166=DIRECTION('ref_axis',(0.,0.,-1.));
#6167=DIRECTION('',(0.,0.,-1.));
#6168=DIRECTION('',(0.,0.,-1.));
#6169=DIRECTION('center_axis',(1.,0.,0.));
#6170=DIRECTION('ref_axis',(0.,0.,-1.));
#6171=DIRECTION('',(0.,0.,-1.));
#6172=DIRECTION('',(0.,-1.,0.));
#6173=DIRECTION('',(0.,0.,-1.));
#6174=DIRECTION('center_axis',(0.866025403784298,-0.500000000000244,0.));
#6175=DIRECTION('ref_axis',(0.500000000000244,0.866025403784298,0.));
#6176=DIRECTION('',(0.447213595500202,0.774596669241402,-0.447213595499855));
#6177=DIRECTION('',(0.,0.,-1.));
#6178=DIRECTION('',(-0.447213595500202,-0.774596669241402,-0.447213595499856));
#6179=DIRECTION('center_axis',(0.866025403784298,-0.500000000000244,0.));
#6180=DIRECTION('ref_axis',(0.500000000000244,0.866025403784298,0.));
#6181=DIRECTION('',(-0.447213595500185,-0.774596669241372,-0.447213595499924));
#6182=DIRECTION('center_axis',(-0.8660254037843,-0.500000000000241,0.));
#6183=DIRECTION('ref_axis',(0.500000000000241,-0.8660254037843,0.));
#6184=DIRECTION('center_axis',(-0.8660254037843,-0.500000000000241,0.));
#6185=DIRECTION('ref_axis',(0.500000000000241,-0.8660254037843,0.));
#6186=DIRECTION('center_axis',(-0.866025403784299,-0.500000000000241,0.));
#6187=DIRECTION('ref_axis',(0.500000000000241,-0.866025403784299,0.));
#6188=DIRECTION('',(0.447213595500199,-0.774596669241403,0.447213595499856));
#6189=DIRECTION('',(0.,0.,-1.));
#6190=DIRECTION('',(0.,0.,-1.));
#6191=DIRECTION('center_axis',(0.866025403784299,-0.500000000000242,0.));
#6192=DIRECTION('ref_axis',(0.500000000000242,0.866025403784299,0.));
#6193=DIRECTION('',(0.,0.,-1.));
#6194=DIRECTION('center_axis',(1.,0.,0.));
#6195=DIRECTION('ref_axis',(0.,0.,-1.));
#6196=DIRECTION('center_axis',(-1.,0.,0.));
#6197=DIRECTION('ref_axis',(0.,0.,1.));
#6198=DIRECTION('',(0.,-1.,-1.76384813640513E-17));
#6199=DIRECTION('center_axis',(-0.8660254037843,-0.500000000000241,0.));
#6200=DIRECTION('ref_axis',(0.500000000000241,-0.8660254037843,0.));
#6201=DIRECTION('',(0.447213595500199,-0.774596669241403,0.447213595499856));
#6202=DIRECTION('',(-0.447213595500198,0.774596669241403,0.447213595499856));
#6203=DIRECTION('',(0.,0.,-1.));
#6204=DIRECTION('center_axis',(0.8660254037843,-0.500000000000241,0.));
#6205=DIRECTION('ref_axis',(0.500000000000241,0.8660254037843,0.));
#6206=DIRECTION('',(0.447213595500199,0.774596669241403,-0.447213595499856));
#6207=DIRECTION('',(0.,0.,-1.));
#6208=DIRECTION('center_axis',(-0.8660254037843,-0.500000000000241,0.));
#6209=DIRECTION('ref_axis',(0.500000000000241,-0.8660254037843,0.));
#6210=DIRECTION('',(0.,0.,-1.));
#6211=DIRECTION('center_axis',(1.,0.,0.));
#6212=DIRECTION('ref_axis',(0.,0.,-1.));
#6213=DIRECTION('',(0.,-1.,0.));
#6214=DIRECTION('center_axis',(-1.,0.,0.));
#6215=DIRECTION('ref_axis',(0.,0.,1.));
#6216=DIRECTION('',(0.,1.,0.));
#6217=DIRECTION('center_axis',(1.,0.,0.));
#6218=DIRECTION('ref_axis',(0.,0.,-1.));
#6219=DIRECTION('',(0.,1.,1.76384813640513E-17));
#6220=DIRECTION('center_axis',(-1.,0.,0.));
#6221=DIRECTION('ref_axis',(0.,0.,1.));
#6222=DIRECTION('center_axis',(-0.866025403784299,-0.500000000000242,0.));
#6223=DIRECTION('ref_axis',(0.500000000000242,-0.866025403784299,0.));
#6224=DIRECTION('',(0.4472135955002,-0.774596669241403,0.447213595499856));
#6225=DIRECTION('',(-0.4472135955002,0.774596669241403,0.447213595499856));
#6226=DIRECTION('',(0.,0.,-1.));
#6227=DIRECTION('center_axis',(0.866025403784299,-0.500000000000242,0.));
#6228=DIRECTION('ref_axis',(0.500000000000242,0.866025403784299,0.));
#6229=DIRECTION('',(0.4472135955002,0.774596669241403,-0.447213595499856));
#6230=DIRECTION('',(0.,0.,-1.));
#6231=DIRECTION('',(-0.4472135955002,-0.774596669241403,-0.447213595499856));
#6232=DIRECTION('center_axis',(-0.866025403784299,-0.500000000000242,0.));
#6233=DIRECTION('ref_axis',(0.500000000000242,-0.866025403784299,0.));
#6234=DIRECTION('',(-0.447213595500183,0.774596669241373,0.447213595499924));
#6235=DIRECTION('center_axis',(0.866025403784299,-0.500000000000242,0.));
#6236=DIRECTION('ref_axis',(0.500000000000242,0.866025403784299,0.));
#6237=DIRECTION('',(0.,0.,-1.));
#6238=DIRECTION('center_axis',(0.,0.,-1.));
#6239=DIRECTION('ref_axis',(-1.,0.,0.));
#6240=DIRECTION('center_axis',(0.,0.,-1.));
#6241=DIRECTION('ref_axis',(-1.,0.,0.));
#6242=DIRECTION('center_axis',(0.,0.,-1.));
#6243=DIRECTION('ref_axis',(-1.,0.,0.));
#6244=DIRECTION('',(-1.,0.,0.));
#6245=DIRECTION('center_axis',(-1.,0.,0.));
#6246=DIRECTION('ref_axis',(0.,0.,1.));
#6247=DIRECTION('',(0.,0.,-1.));
#6248=DIRECTION('center_axis',(0.866025403784299,-0.500000000000242,0.));
#6249=DIRECTION('ref_axis',(0.500000000000242,0.866025403784299,0.));
#6250=DIRECTION('center_axis',(-0.866025403784299,-0.500000000000241,0.));
#6251=DIRECTION('ref_axis',(0.500000000000241,-0.866025403784299,0.));
#6252=DIRECTION('',(0.,0.,-1.));
#6253=DIRECTION('center_axis',(0.,0.499999999999954,-0.866025403784465));
#6254=DIRECTION('ref_axis',(0.,0.866025403784465,0.499999999999954));
#6255=DIRECTION('',(-1.,0.,0.));
#6256=DIRECTION('center_axis',(0.,0.499999999999954,-0.866025403784465));
#6257=DIRECTION('ref_axis',(0.,0.866025403784465,0.499999999999954));
#6258=DIRECTION('',(-1.,0.,0.));
#6259=DIRECTION('center_axis',(0.,1.,0.));
#6260=DIRECTION('ref_axis',(0.,0.,1.));
#6261=DIRECTION('',(-1.,0.,0.));
#6262=DIRECTION('center_axis',(0.,1.,0.));
#6263=DIRECTION('ref_axis',(0.,0.,1.));
#6264=DIRECTION('',(-1.,0.,0.));
#6265=DIRECTION('',(-1.,0.,0.));
#6266=DIRECTION('center_axis',(0.,1.,0.));
#6267=DIRECTION('ref_axis',(0.,0.,1.));
#6268=DIRECTION('',(-1.,0.,0.));
#6269=DIRECTION('center_axis',(0.,1.,0.));
#6270=DIRECTION('ref_axis',(0.,0.,1.));
#6271=DIRECTION('',(-1.,0.,0.));
#6272=DIRECTION('center_axis',(0.,0.499999999999953,0.866025403784466));
#6273=DIRECTION('ref_axis',(0.,-0.866025403784466,0.499999999999953));
#6274=DIRECTION('',(-1.,0.,0.));
#6275=DIRECTION('center_axis',(0.,0.499999999999953,0.866025403784466));
#6276=DIRECTION('ref_axis',(0.,-0.866025403784466,0.499999999999953));
#6277=DIRECTION('',(-1.,0.,0.));
#6278=DIRECTION('center_axis',(0.,0.499999999999953,0.866025403784466));
#6279=DIRECTION('ref_axis',(0.,-0.866025403784466,0.499999999999953));
#6280=DIRECTION('center_axis',(0.,0.499999999999953,0.866025403784466));
#6281=DIRECTION('ref_axis',(0.,-0.866025403784466,0.499999999999953));
#6282=DIRECTION('center_axis',(0.,-1.76384813640513E-17,1.));
#6283=DIRECTION('ref_axis',(0.,-1.,-1.76384813640513E-17));
#6284=DIRECTION('center_axis',(0.,-1.76384813640513E-17,1.));
#6285=DIRECTION('ref_axis',(0.,-1.,-1.76384813640513E-17));
#6286=DIRECTION('center_axis',(0.,0.499999999999954,-0.866025403784465));
#6287=DIRECTION('ref_axis',(0.,0.866025403784465,0.499999999999954));
#6288=DIRECTION('center_axis',(0.,0.500000000000025,-0.866025403784424));
#6289=DIRECTION('ref_axis',(0.,0.866025403784424,0.500000000000025));
#6290=DIRECTION('center_axis',(0.,1.,0.));
#6291=DIRECTION('ref_axis',(0.,0.,1.));
#6292=DIRECTION('center_axis',(0.,1.,0.));
#6293=DIRECTION('ref_axis',(0.,0.,1.));
#6294=DIRECTION('center_axis',(0.,1.,0.));
#6295=DIRECTION('ref_axis',(0.,0.,1.));
#6296=DIRECTION('axis',(0.,0.,1.));
#6297=DIRECTION('refdir',(1.,0.,0.));
#6298=DIRECTION('center_axis',(-1.,0.,0.));
#6299=DIRECTION('ref_axis',(0.,0.,1.));
#6300=DIRECTION('',(0.,1.,0.));
#6301=DIRECTION('',(0.,0.,-1.));
#6302=DIRECTION('',(0.,-0.692869494514993,0.721063009431588));
#6303=DIRECTION('',(0.,0.,1.));
#6304=DIRECTION('',(0.,-1.,0.));
#6305=DIRECTION('',(0.,0.,-1.));
#6306=DIRECTION('center_axis',(-1.,0.,0.));
#6307=DIRECTION('ref_axis',(0.,0.,1.));
#6308=DIRECTION('center_axis',(1.,0.,0.));
#6309=DIRECTION('ref_axis',(0.,0.,-1.));
#6310=DIRECTION('',(0.,-1.,0.));
#6311=DIRECTION('center_axis',(1.,0.,0.));
#6312=DIRECTION('ref_axis',(0.,0.,-1.));
#6313=DIRECTION('',(0.,0.,1.));
#6314=DIRECTION('',(0.,1.,0.));
#6315=DIRECTION('',(0.,0.,-1.));
#6316=DIRECTION('',(0.,0.692869494514993,-0.721063009431588));
#6317=DIRECTION('',(0.,0.,-1.));
#6318=DIRECTION('center_axis',(1.,0.,0.));
#6319=DIRECTION('ref_axis',(0.,0.,-1.));
#6320=DIRECTION('',(0.,-1.,0.));
#6321=DIRECTION('center_axis',(1.,0.,0.));
#6322=DIRECTION('ref_axis',(0.,0.,-1.));
#6323=DIRECTION('',(0.,0.,1.));
#6324=DIRECTION('',(0.,1.,0.));
#6325=DIRECTION('',(0.,0.,-1.));
#6326=DIRECTION('',(0.,0.692869494514993,-0.721063009431588));
#6327=DIRECTION('',(0.,0.,-1.));
#6328=DIRECTION('center_axis',(-1.,0.,0.));
#6329=DIRECTION('ref_axis',(0.,0.,1.));
#6330=DIRECTION('',(0.,-1.,0.));
#6331=DIRECTION('center_axis',(-1.,0.,0.));
#6332=DIRECTION('ref_axis',(0.,0.,1.));
#6333=DIRECTION('',(0.,0.,-1.));
#6334=DIRECTION('',(0.,1.,0.));
#6335=DIRECTION('',(0.,0.,1.));
#6336=DIRECTION('',(0.,0.692869494514993,0.721063009431588));
#6337=DIRECTION('',(0.,0.,-1.));
#6338=DIRECTION('center_axis',(0.,1.,0.));
#6339=DIRECTION('ref_axis',(0.,0.,1.));
#6340=DIRECTION('',(0.,0.,-1.));
#6341=DIRECTION('',(-1.,0.,0.));
#6342=DIRECTION('',(0.,0.,-1.));
#6343=DIRECTION('',(-1.,0.,0.));
#6344=DIRECTION('center_axis',(0.,1.,0.));
#6345=DIRECTION('ref_axis',(0.,0.,1.));
#6346=DIRECTION('',(0.,0.,1.));
#6347=DIRECTION('',(-1.,0.,0.));
#6348=DIRECTION('',(0.,0.,-1.));
#6349=DIRECTION('',(-1.,0.,0.));
#6350=DIRECTION('center_axis',(0.,1.,0.));
#6351=DIRECTION('ref_axis',(0.,0.,1.));
#6352=DIRECTION('',(0.,0.,1.));
#6353=DIRECTION('',(-1.,0.,0.));
#6354=DIRECTION('',(0.,0.,-1.));
#6355=DIRECTION('',(-1.,0.,0.));
#6356=DIRECTION('center_axis',(0.,0.,-1.));
#6357=DIRECTION('ref_axis',(-1.,0.,0.));
#6358=DIRECTION('',(0.,1.,0.));
#6359=DIRECTION('',(-1.,0.,0.));
#6360=DIRECTION('',(0.,-1.,0.));
#6361=DIRECTION('center_axis',(0.,1.,0.));
#6362=DIRECTION('ref_axis',(0.,0.,1.));
#6363=DIRECTION('',(-1.,0.,0.));
#6364=DIRECTION('',(-1.,0.,0.));
#6365=DIRECTION('center_axis',(0.,1.,0.));
#6366=DIRECTION('ref_axis',(0.,0.,1.));
#6367=DIRECTION('',(-1.,0.,0.));
#6368=DIRECTION('',(0.,0.,-1.));
#6369=DIRECTION('',(-1.,0.,0.));
#6370=DIRECTION('center_axis',(0.,0.,-1.));
#6371=DIRECTION('ref_axis',(-1.,0.,0.));
#6372=DIRECTION('',(0.,-1.,0.));
#6373=DIRECTION('',(0.,-1.,0.));
#6374=DIRECTION('',(-1.,0.,0.));
#6375=DIRECTION('center_axis',(0.,1.,0.));
#6376=DIRECTION('ref_axis',(0.,0.,1.));
#6377=DIRECTION('',(0.,0.,1.));
#6378=DIRECTION('',(-1.,0.,0.));
#6379=DIRECTION('',(0.,0.,-1.));
#6380=DIRECTION('',(-1.,0.,0.));
#6381=DIRECTION('center_axis',(1.,0.,0.));
#6382=DIRECTION('ref_axis',(0.,0.,1.));
#6383=DIRECTION('center_axis',(1.,0.,0.));
#6384=DIRECTION('ref_axis',(0.,0.,-1.));
#6385=DIRECTION('',(-1.,0.,0.));
#6386=DIRECTION('center_axis',(-1.,0.,0.));
#6387=DIRECTION('ref_axis',(0.,0.,1.));
#6388=DIRECTION('',(-1.,0.,0.));
#6389=DIRECTION('center_axis',(1.,0.,0.));
#6390=DIRECTION('ref_axis',(0.,0.,1.));
#6391=DIRECTION('center_axis',(-1.,0.,0.));
#6392=DIRECTION('ref_axis',(0.,0.,1.));
#6393=DIRECTION('',(-1.,0.,0.));
#6394=DIRECTION('center_axis',(1.,0.,0.));
#6395=DIRECTION('ref_axis',(0.,0.,-1.));
#6396=DIRECTION('',(-1.,0.,0.));
#6397=DIRECTION('center_axis',(0.,-1.,0.));
#6398=DIRECTION('ref_axis',(0.,0.,-1.));
#6399=DIRECTION('',(-1.,0.,0.));
#6400=DIRECTION('',(0.,0.,1.));
#6401=DIRECTION('',(-1.,0.,0.));
#6402=DIRECTION('center_axis',(1.,0.,0.));
#6403=DIRECTION('ref_axis',(0.,0.,1.));
#6404=DIRECTION('center_axis',(-1.,0.,0.));
#6405=DIRECTION('ref_axis',(0.,0.,1.));
#6406=DIRECTION('',(-1.,0.,0.));
#6407=DIRECTION('center_axis',(-1.,0.,0.));
#6408=DIRECTION('ref_axis',(0.,0.,1.));
#6409=DIRECTION('',(-1.,0.,0.));
#6410=DIRECTION('center_axis',(0.,0.,1.));
#6411=DIRECTION('ref_axis',(1.,0.,0.));
#6412=DIRECTION('',(0.,-1.,0.));
#6413=DIRECTION('',(-1.,0.,0.));
#6414=DIRECTION('',(0.,1.,0.));
#6415=DIRECTION('center_axis',(0.,-1.,0.));
#6416=DIRECTION('ref_axis',(0.,0.,-1.));
#6417=DIRECTION('',(0.,0.,-1.));
#6418=DIRECTION('',(0.,0.,1.));
#6419=DIRECTION('center_axis',(1.,0.,0.));
#6420=DIRECTION('ref_axis',(0.,0.,1.));
#6421=DIRECTION('',(-1.,0.,0.));
#6422=DIRECTION('center_axis',(1.,0.,0.));
#6423=DIRECTION('ref_axis',(0.,0.,-1.));
#6424=DIRECTION('center_axis',(0.,0.,1.));
#6425=DIRECTION('ref_axis',(1.,0.,0.));
#6426=DIRECTION('',(0.,1.,0.));
#6427=DIRECTION('',(0.,1.,0.));
#6428=DIRECTION('',(-1.,0.,0.));
#6429=DIRECTION('center_axis',(1.,0.,0.));
#6430=DIRECTION('ref_axis',(0.,0.,1.));
#6431=DIRECTION('center_axis',(-1.,0.,0.));
#6432=DIRECTION('ref_axis',(0.,0.,1.));
#6433=DIRECTION('',(-1.,0.,0.));
#6434=DIRECTION('center_axis',(1.,0.,0.));
#6435=DIRECTION('ref_axis',(0.,0.,-1.));
#6436=DIRECTION('',(-1.,0.,0.));
#6437=DIRECTION('center_axis',(0.,0.,-1.));
#6438=DIRECTION('ref_axis',(-1.,0.,0.));
#6439=DIRECTION('',(0.,1.,0.));
#6440=DIRECTION('',(-1.,0.,0.));
#6441=DIRECTION('',(0.,-1.,0.));
#6442=DIRECTION('center_axis',(0.,0.,-1.));
#6443=DIRECTION('ref_axis',(-1.,0.,0.));
#6444=DIRECTION('',(0.,1.,0.));
#6445=DIRECTION('',(-1.,0.,0.));
#6446=DIRECTION('',(0.,-1.,0.));
#6447=DIRECTION('center_axis',(0.,0.,-1.));
#6448=DIRECTION('ref_axis',(-1.,0.,0.));
#6449=DIRECTION('',(0.,-1.,0.));
#6450=DIRECTION('center_axis',(0.,-1.,0.));
#6451=DIRECTION('ref_axis',(0.,0.,-1.));
#6452=DIRECTION('',(0.,0.,1.));
#6453=DIRECTION('',(0.,0.,1.));
#6454=DIRECTION('center_axis',(0.,-1.,0.));
#6455=DIRECTION('ref_axis',(0.,0.,-1.));
#6456=DIRECTION('',(0.,0.,-1.));
#6457=DIRECTION('',(0.,0.,1.));
#6458=DIRECTION('center_axis',(0.,-1.,0.));
#6459=DIRECTION('ref_axis',(0.,0.,-1.));
#6460=DIRECTION('',(0.,0.,-1.));
#6461=DIRECTION('',(0.,0.,1.));
#6462=DIRECTION('center_axis',(-1.,0.,0.));
#6463=DIRECTION('ref_axis',(0.,0.,1.));
#6464=DIRECTION('',(0.,-1.,0.));
#6465=DIRECTION('',(0.,0.692869494514993,0.721063009431588));
#6466=DIRECTION('',(0.,0.,-1.));
#6467=DIRECTION('center_axis',(1.,0.,0.));
#6468=DIRECTION('ref_axis',(0.,0.,-1.));
#6469=DIRECTION('',(0.,0.,-1.));
#6470=DIRECTION('',(0.,-0.692869494514993,-0.721063009431588));
#6471=DIRECTION('center_axis',(1.,0.,0.));
#6472=DIRECTION('ref_axis',(0.,0.,-1.));
#6473=DIRECTION('',(0.,1.,0.));
#6474=DIRECTION('',(0.,0.,-1.));
#6475=DIRECTION('',(0.,-0.692869494514993,-0.721063009431588));
#6476=DIRECTION('center_axis',(-1.,0.,0.));
#6477=DIRECTION('ref_axis',(0.,0.,1.));
#6478=DIRECTION('',(0.,1.,0.));
#6479=DIRECTION('',(0.,0.,-1.));
#6480=DIRECTION('',(0.,-0.692869494514993,0.721063009431588));
#6481=DIRECTION('',(0.,0.,1.));
#6482=DIRECTION('',(0.,-1.,0.));
#6483=DIRECTION('',(0.,0.,-1.));
#6484=DIRECTION('center_axis',(-1.,0.,0.));
#6485=DIRECTION('ref_axis',(0.,0.,1.));
#6486=DIRECTION('center_axis',(1.,0.,0.));
#6487=DIRECTION('ref_axis',(0.,0.,-1.));
#6488=DIRECTION('',(0.,-1.,0.));
#6489=DIRECTION('center_axis',(1.,0.,0.));
#6490=DIRECTION('ref_axis',(0.,0.,-1.));
#6491=DIRECTION('',(0.,0.,1.));
#6492=DIRECTION('',(0.,1.,0.));
#6493=DIRECTION('',(0.,0.,-1.));
#6494=DIRECTION('',(0.,0.692869494514993,-0.721063009431588));
#6495=DIRECTION('',(0.,0.,-1.));
#6496=DIRECTION('center_axis',(1.,0.,0.));
#6497=DIRECTION('ref_axis',(0.,0.,-1.));
#6498=DIRECTION('',(0.,-1.,0.));
#6499=DIRECTION('center_axis',(1.,0.,0.));
#6500=DIRECTION('ref_axis',(0.,0.,-1.));
#6501=DIRECTION('',(0.,0.,1.));
#6502=DIRECTION('',(0.,1.,0.));
#6503=DIRECTION('',(0.,0.,-1.));
#6504=DIRECTION('',(0.,0.692869494514993,-0.721063009431588));
#6505=DIRECTION('',(0.,0.,-1.));
#6506=DIRECTION('center_axis',(-1.,0.,0.));
#6507=DIRECTION('ref_axis',(0.,0.,1.));
#6508=DIRECTION('',(0.,1.,0.));
#6509=DIRECTION('',(0.,0.,-1.));
#6510=DIRECTION('',(0.,-0.692869494514993,0.721063009431588));
#6511=DIRECTION('',(0.,0.,1.));
#6512=DIRECTION('',(0.,-1.,0.));
#6513=DIRECTION('',(0.,0.,-1.));
#6514=DIRECTION('center_axis',(-1.,0.,0.));
#6515=DIRECTION('ref_axis',(0.,0.,1.));
#6516=DIRECTION('center_axis',(-1.,0.,0.));
#6517=DIRECTION('ref_axis',(0.,0.,1.));
#6518=DIRECTION('',(0.,-1.,0.));
#6519=DIRECTION('',(0.,0.692869494514993,0.721063009431588));
#6520=DIRECTION('',(0.,0.,-1.));
#6521=DIRECTION('center_axis',(1.,0.,0.));
#6522=DIRECTION('ref_axis',(0.,0.,-1.));
#6523=DIRECTION('',(0.,1.,0.));
#6524=DIRECTION('',(0.,0.,-1.));
#6525=DIRECTION('',(0.,-0.692869494514993,-0.721063009431588));
#6526=DIRECTION('center_axis',(1.,0.,0.));
#6527=DIRECTION('ref_axis',(0.,0.,-1.));
#6528=DIRECTION('',(0.,1.,0.));
#6529=DIRECTION('',(0.,0.,-1.));
#6530=DIRECTION('',(0.,-0.692869494514993,-0.721063009431588));
#6531=DIRECTION('center_axis',(-1.,0.,0.));
#6532=DIRECTION('ref_axis',(0.,0.,1.));
#6533=DIRECTION('',(0.,0.692869494514993,0.721063009431588));
#6534=DIRECTION('',(0.,0.,-1.));
#6535=DIRECTION('center_axis',(-1.,0.,0.));
#6536=DIRECTION('ref_axis',(0.,0.,1.));
#6537=DIRECTION('',(0.,0.,1.));
#6538=DIRECTION('',(0.,-1.,0.));
#6539=DIRECTION('center_axis',(-1.,0.,0.));
#6540=DIRECTION('ref_axis',(0.,0.,1.));
#6541=DIRECTION('',(0.,0.,1.));
#6542=DIRECTION('',(0.,1.,0.));
#6543=DIRECTION('',(0.,0.,-1.));
#6544=DIRECTION('',(0.,0.692869494514993,-0.721063009431588));
#6545=DIRECTION('',(0.,-0.692869494514993,-0.721063009431588));
#6546=DIRECTION('center_axis',(-1.,0.,0.));
#6547=DIRECTION('ref_axis',(0.,0.,1.));
#6548=DIRECTION('',(0.,-0.692869494514993,-0.721063009431588));
#6549=DIRECTION('',(0.,0.692869494514993,-0.721063009431588));
#6550=DIRECTION('',(0.,0.,-1.));
#6551=DIRECTION('',(0.,1.,0.));
#6552=DIRECTION('',(0.,0.,1.));
#6553=DIRECTION('center_axis',(-1.,0.,0.));
#6554=DIRECTION('ref_axis',(0.,0.,1.));
#6555=DIRECTION('',(0.,-1.,0.));
#6556=DIRECTION('',(0.,0.,1.));
#6557=DIRECTION('center_axis',(0.,0.721063009431587,-0.692869494514993));
#6558=DIRECTION('ref_axis',(0.,0.692869494514993,0.721063009431588));
#6559=DIRECTION('',(1.,-2.51088970005907E-16,-2.61306017627853E-16));
#6560=DIRECTION('',(1.,-2.51088970005906E-16,-2.61306017627853E-16));
#6561=DIRECTION('',(1.,-2.51088970005906E-16,-2.61306017627853E-16));
#6562=DIRECTION('',(1.,-2.51088970005907E-16,-2.61306017627853E-16));
#6563=DIRECTION('',(-1.,0.,0.));
#6564=DIRECTION('center_axis',(0.,0.721063009431587,0.692869494514993));
#6565=DIRECTION('ref_axis',(0.,-0.692869494514993,0.721063009431588));
#6566=DIRECTION('',(-1.,0.,0.));
#6567=DIRECTION('',(-1.,0.,0.));
#6568=DIRECTION('',(0.,-0.692869494514993,0.721063009431588));
#6569=DIRECTION('',(-1.,2.51088970005907E-16,-2.61306017627853E-16));
#6570=DIRECTION('',(-1.,2.51088970005906E-16,-2.61306017627853E-16));
#6571=DIRECTION('',(-1.,0.,0.));
#6572=DIRECTION('',(-1.,2.51088970005906E-16,-2.61306017627853E-16));
#6573=DIRECTION('',(-1.,0.,0.));
#6574=DIRECTION('',(-1.,2.51088970005907E-16,-2.61306017627853E-16));
#6575=DIRECTION('center_axis',(0.,1.,0.));
#6576=DIRECTION('ref_axis',(0.,0.,1.));
#6577=DIRECTION('',(0.,0.,1.));
#6578=DIRECTION('',(-1.,0.,0.));
#6579=DIRECTION('center_axis',(0.,0.,1.));
#6580=DIRECTION('ref_axis',(1.,0.,0.));
#6581=DIRECTION('',(0.,-1.,0.));
#6582=DIRECTION('',(-1.,0.,0.));
#6583=DIRECTION('center_axis',(0.,-1.,0.));
#6584=DIRECTION('ref_axis',(0.,0.,-1.));
#6585=DIRECTION('',(0.,0.,-1.));
#6586=DIRECTION('',(-1.,0.,0.));
#6587=DIRECTION('center_axis',(1.,0.,0.));
#6588=DIRECTION('ref_axis',(0.,0.,1.));
#6589=DIRECTION('center_axis',(-1.,0.,0.));
#6590=DIRECTION('ref_axis',(0.,0.,1.));
#6591=DIRECTION('',(-1.,0.,0.));
#6592=DIRECTION('center_axis',(0.,0.,-1.));
#6593=DIRECTION('ref_axis',(-1.,0.,0.));
#6594=DIRECTION('',(0.,1.,0.));
#6595=DIRECTION('',(-1.,0.,0.));
#6596=DIRECTION('center_axis',(0.,-1.,0.));
#6597=DIRECTION('ref_axis',(0.,0.,-1.));
#6598=DIRECTION('',(-1.,0.,0.));
#6599=DIRECTION('',(-1.,0.,0.));
#6600=DIRECTION('',(-1.,0.,0.));
#6601=DIRECTION('',(-1.,0.,0.));
#6602=DIRECTION('',(-1.,0.,0.));
#6603=DIRECTION('',(-1.,0.,0.));
#6604=DIRECTION('',(-1.,0.,0.));
#6605=DIRECTION('',(0.,0.,-1.));
#6606=DIRECTION('center_axis',(0.,0.,-1.));
#6607=DIRECTION('ref_axis',(-1.,0.,0.));
#6608=DIRECTION('',(-1.,0.,0.));
#6609=DIRECTION('center_axis',(0.,0.,-1.));
#6610=DIRECTION('ref_axis',(-1.,0.,0.));
#6611=DIRECTION('',(-1.,0.,0.));
#6612=DIRECTION('center_axis',(1.,0.,0.));
#6613=DIRECTION('ref_axis',(0.,0.,1.));
#6614=DIRECTION('',(-1.,0.,0.));
#6615=DIRECTION('center_axis',(0.,0.,-1.));
#6616=DIRECTION('ref_axis',(-1.,0.,0.));
#6617=DIRECTION('',(-1.,0.,0.));
#6618=DIRECTION('center_axis',(0.,0.,-1.));
#6619=DIRECTION('ref_axis',(-1.,0.,0.));
#6620=DIRECTION('',(-1.,0.,0.));
#6621=DIRECTION('center_axis',(0.,0.,1.));
#6622=DIRECTION('ref_axis',(1.,0.,0.));
#6623=DIRECTION('center_axis',(0.,0.,1.));
#6624=DIRECTION('ref_axis',(1.,0.,0.));
#6625=DIRECTION('center_axis',(0.,0.,1.));
#6626=DIRECTION('ref_axis',(1.,0.,0.));
#6627=DIRECTION('center_axis',(1.,0.,0.));
#6628=DIRECTION('ref_axis',(0.,0.,1.));
#6629=DIRECTION('',(-1.,0.,0.));
#6630=DIRECTION('center_axis',(1.,0.,0.));
#6631=DIRECTION('ref_axis',(0.,0.,1.));
#6632=DIRECTION('',(-1.,0.,0.));
#6633=DIRECTION('center_axis',(1.,0.,0.));
#6634=DIRECTION('ref_axis',(0.,0.,1.));
#6635=DIRECTION('',(-1.,0.,0.));
#6636=DIRECTION('center_axis',(0.,-1.,0.));
#6637=DIRECTION('ref_axis',(0.,0.,-1.));
#6638=DIRECTION('',(-1.,0.,0.));
#6639=DIRECTION('center_axis',(0.,-1.,0.));
#6640=DIRECTION('ref_axis',(0.,0.,-1.));
#6641=DIRECTION('',(-1.,0.,0.));
#6642=DIRECTION('center_axis',(0.,-1.,0.));
#6643=DIRECTION('ref_axis',(0.,0.,-1.));
#6644=DIRECTION('',(-1.,0.,0.));
#6645=DIRECTION('center_axis',(0.,-1.,0.));
#6646=DIRECTION('ref_axis',(0.,0.,-1.));
#6647=DIRECTION('',(-1.,0.,0.));
#6648=DIRECTION('center_axis',(0.,0.,1.));
#6649=DIRECTION('ref_axis',(1.,0.,0.));
#6650=DIRECTION('',(-1.,0.,0.));
#6651=DIRECTION('center_axis',(0.,0.,1.));
#6652=DIRECTION('ref_axis',(1.,0.,0.));
#6653=DIRECTION('',(-1.,0.,0.));
#6654=DIRECTION('center_axis',(0.,0.,1.));
#6655=DIRECTION('ref_axis',(1.,0.,0.));
#6656=DIRECTION('',(-1.,0.,0.));
#6657=DIRECTION('center_axis',(0.,0.,1.));
#6658=DIRECTION('ref_axis',(1.,0.,0.));
#6659=DIRECTION('center_axis',(0.,1.,0.));
#6660=DIRECTION('ref_axis',(0.,0.,1.));
#6661=DIRECTION('center_axis',(0.,1.,0.));
#6662=DIRECTION('ref_axis',(0.,0.,1.));
#6663=DIRECTION('center_axis',(0.,1.,0.));
#6664=DIRECTION('ref_axis',(0.,0.,1.));
#6665=DIRECTION('center_axis',(-1.,0.,0.));
#6666=DIRECTION('ref_axis',(0.,0.,1.));
#6667=DIRECTION('',(0.,0.,1.));
#6668=DIRECTION('',(1.,0.,0.));
#6669=DIRECTION('',(0.,0.,1.));
#6670=DIRECTION('',(1.,0.,0.));
#6671=DIRECTION('',(0.,0.,1.));
#6672=DIRECTION('',(1.,0.,0.));
#6673=CARTESIAN_POINT('',(0.,0.,0.));
#6674=CARTESIAN_POINT('',(0.,0.,0.));
#6675=CARTESIAN_POINT('Origin',(0.,0.099,0.));
#6676=CARTESIAN_POINT('',(-0.125,0.099,-0.0675));
#6677=CARTESIAN_POINT('',(-0.125,0.099,0.0675));
#6678=CARTESIAN_POINT('',(-0.125,0.099,-0.0675));
#6679=CARTESIAN_POINT('',(-0.1,0.099,0.0675));
#6680=CARTESIAN_POINT('',(-0.125,0.099,0.0675));
#6681=CARTESIAN_POINT('',(-0.0425,0.099,0.0675));
#6682=CARTESIAN_POINT('',(0.,0.099,0.0675));
#6683=CARTESIAN_POINT('',(-0.0425,0.099,0.1));
#6684=CARTESIAN_POINT('',(-0.0425,0.099,0.2925));
#6685=CARTESIAN_POINT('',(0.0425,0.099,0.1));
#6686=CARTESIAN_POINT('',(0.099999999999999,0.099,0.1));
#6687=CARTESIAN_POINT('',(0.0425,0.099,0.0675));
#6688=CARTESIAN_POINT('',(0.0425,0.099,0.2925));
#6689=CARTESIAN_POINT('',(0.1,0.099,0.0675));
#6690=CARTESIAN_POINT('',(0.,0.099,0.0675));
#6691=CARTESIAN_POINT('',(0.125,0.099,0.0675));
#6692=CARTESIAN_POINT('',(-0.125,0.099,0.0675));
#6693=CARTESIAN_POINT('',(0.125,0.099,-0.0675));
#6694=CARTESIAN_POINT('',(0.125,0.099,0.0675));
#6695=CARTESIAN_POINT('',(0.1,0.099,-0.0675));
#6696=CARTESIAN_POINT('',(0.125,0.099,-0.0675));
#6697=CARTESIAN_POINT('',(-0.1,0.099,-0.0675));
#6698=CARTESIAN_POINT('',(0.,0.099,-0.0675));
#6699=CARTESIAN_POINT('',(0.125,0.099,-0.0675));
#6700=CARTESIAN_POINT('',(-0.108,0.099,0.0175));
#6701=CARTESIAN_POINT('',(-0.108,0.099,0.0335));
#6702=CARTESIAN_POINT('',(-0.108,0.099,0.0175));
#6703=CARTESIAN_POINT('',(-0.092,0.099,0.0175));
#6704=CARTESIAN_POINT('',(-0.092,0.099,0.0175));
#6705=CARTESIAN_POINT('',(-0.092,0.099,0.0335));
#6706=CARTESIAN_POINT('',(-0.092,0.099,0.0335));
#6707=CARTESIAN_POINT('',(-0.108,0.099,0.0335));
#6708=CARTESIAN_POINT('',(-0.108,0.099,-0.0325));
#6709=CARTESIAN_POINT('',(-0.108,0.099,-0.0165));
#6710=CARTESIAN_POINT('',(-0.108,0.099,-0.0325));
#6711=CARTESIAN_POINT('',(-0.092,0.099,-0.0325));
#6712=CARTESIAN_POINT('',(-0.092,0.099,-0.0325));
#6713=CARTESIAN_POINT('',(-0.092,0.099,-0.0165));
#6714=CARTESIAN_POINT('',(-0.092,0.099,-0.0165));
#6715=CARTESIAN_POINT('',(-0.108,0.099,-0.0165));
#6716=CARTESIAN_POINT('',(-0.058,0.099,0.0175));
#6717=CARTESIAN_POINT('',(-0.058,0.099,0.0335));
#6718=CARTESIAN_POINT('',(-0.058,0.099,0.0175));
#6719=CARTESIAN_POINT('',(-0.042,0.099,0.0175));
#6720=CARTESIAN_POINT('',(-0.042,0.099,0.0175));
#6721=CARTESIAN_POINT('',(-0.042,0.099,0.0335));
#6722=CARTESIAN_POINT('',(-0.042,0.099,0.0335));
#6723=CARTESIAN_POINT('',(-0.058,0.099,0.0335));
#6724=CARTESIAN_POINT('',(-0.058,0.099,-0.0325));
#6725=CARTESIAN_POINT('',(-0.058,0.099,-0.0165));
#6726=CARTESIAN_POINT('',(-0.058,0.099,-0.0325));
#6727=CARTESIAN_POINT('',(-0.042,0.099,-0.0325));
#6728=CARTESIAN_POINT('',(-0.042,0.099,-0.0325));
#6729=CARTESIAN_POINT('',(-0.042,0.099,-0.0165));
#6730=CARTESIAN_POINT('',(-0.042,0.099,-0.0165));
#6731=CARTESIAN_POINT('',(-0.058,0.099,-0.0165));
#6732=CARTESIAN_POINT('',(-0.00799999999999999,0.099,0.0175));
#6733=CARTESIAN_POINT('',(-0.00799999999999999,0.099,0.0335));
#6734=CARTESIAN_POINT('',(-0.00799999999999999,0.099,0.0175));
#6735=CARTESIAN_POINT('',(0.00800000000000001,0.099,0.0175));
#6736=CARTESIAN_POINT('',(0.00800000000000001,0.099,0.0175));
#6737=CARTESIAN_POINT('',(0.00800000000000001,0.099,0.0335));
#6738=CARTESIAN_POINT('',(0.00800000000000001,0.099,0.0335));
#6739=CARTESIAN_POINT('',(-0.00799999999999999,0.099,0.0335));
#6740=CARTESIAN_POINT('',(-0.00799999999999999,0.099,-0.0325));
#6741=CARTESIAN_POINT('',(-0.00799999999999999,0.099,-0.0165));
#6742=CARTESIAN_POINT('',(-0.00799999999999999,0.099,-0.0325));
#6743=CARTESIAN_POINT('',(0.00800000000000001,0.099,-0.0325));
#6744=CARTESIAN_POINT('',(0.00800000000000001,0.099,-0.0325));
#6745=CARTESIAN_POINT('',(0.00800000000000001,0.099,-0.0165));
#6746=CARTESIAN_POINT('',(0.00800000000000001,0.099,-0.0165));
#6747=CARTESIAN_POINT('',(-0.00799999999999999,0.099,-0.0165));
#6748=CARTESIAN_POINT('',(0.042,0.099,0.0175));
#6749=CARTESIAN_POINT('',(0.042,0.099,0.0335));
#6750=CARTESIAN_POINT('',(0.042,0.099,0.0175));
#6751=CARTESIAN_POINT('',(0.058,0.099,0.0175));
#6752=CARTESIAN_POINT('',(0.058,0.099,0.0175));
#6753=CARTESIAN_POINT('',(0.058,0.099,0.0335));
#6754=CARTESIAN_POINT('',(0.058,0.099,0.0335));
#6755=CARTESIAN_POINT('',(0.042,0.099,0.0335));
#6756=CARTESIAN_POINT('',(0.042,0.099,-0.0325));
#6757=CARTESIAN_POINT('',(0.042,0.099,-0.0165));
#6758=CARTESIAN_POINT('',(0.042,0.099,-0.0325));
#6759=CARTESIAN_POINT('',(0.058,0.099,-0.0325));
#6760=CARTESIAN_POINT('',(0.058,0.099,-0.0325));
#6761=CARTESIAN_POINT('',(0.058,0.099,-0.0165));
#6762=CARTESIAN_POINT('',(0.058,0.099,-0.0165));
#6763=CARTESIAN_POINT('',(0.042,0.099,-0.0165));
#6764=CARTESIAN_POINT('',(0.092,0.099,0.0175));
#6765=CARTESIAN_POINT('',(0.092,0.099,0.0335));
#6766=CARTESIAN_POINT('',(0.092,0.099,0.0175));
#6767=CARTESIAN_POINT('',(0.108,0.099,0.0175));
#6768=CARTESIAN_POINT('',(0.108,0.099,0.0175));
#6769=CARTESIAN_POINT('',(0.108,0.099,0.0335));
#6770=CARTESIAN_POINT('',(0.108,0.099,0.0335));
#6771=CARTESIAN_POINT('',(0.092,0.099,0.0335));
#6772=CARTESIAN_POINT('',(0.092,0.099,-0.0325));
#6773=CARTESIAN_POINT('',(0.092,0.099,-0.0165));
#6774=CARTESIAN_POINT('',(0.092,0.099,-0.0325));
#6775=CARTESIAN_POINT('',(0.108,0.099,-0.0325));
#6776=CARTESIAN_POINT('',(0.108,0.099,-0.0325));
#6777=CARTESIAN_POINT('',(0.108,0.099,-0.0165));
#6778=CARTESIAN_POINT('',(0.108,0.099,-0.0165));
#6779=CARTESIAN_POINT('',(0.092,0.099,-0.0165));
#6780=CARTESIAN_POINT('Origin',(0.,0.,0.));
#6781=CARTESIAN_POINT('',(0.1,0.,0.0675));
#6782=CARTESIAN_POINT('',(0.125,0.,0.0675));
#6783=CARTESIAN_POINT('',(-0.125,0.,0.0675));
#6784=CARTESIAN_POINT('',(0.099999999999999,0.,0.1));
#6785=CARTESIAN_POINT('',(0.100000000000005,0.,-0.1));
#6786=CARTESIAN_POINT('',(-0.1,0.,0.1));
#6787=CARTESIAN_POINT('',(0.099999999999999,0.,0.1));
#6788=CARTESIAN_POINT('',(-0.1,0.,0.0675));
#6789=CARTESIAN_POINT('',(-0.1,0.,0.1));
#6790=CARTESIAN_POINT('',(-0.125,0.,0.0675));
#6791=CARTESIAN_POINT('',(-0.125,0.,0.0675));
#6792=CARTESIAN_POINT('',(-0.125,0.,-0.0675));
#6793=CARTESIAN_POINT('',(-0.125,0.,-0.0675));
#6794=CARTESIAN_POINT('',(-0.1,0.,-0.0675));
#6795=CARTESIAN_POINT('',(0.125,0.,-0.0675));
#6796=CARTESIAN_POINT('',(-0.1,0.,-0.1));
#6797=CARTESIAN_POINT('',(-0.1,0.,0.1));
#6798=CARTESIAN_POINT('',(0.100000000000005,0.,-0.1));
#6799=CARTESIAN_POINT('',(-0.1,0.,-0.1));
#6800=CARTESIAN_POINT('',(0.100000000000002,0.,-0.0675));
#6801=CARTESIAN_POINT('',(0.100000000000005,0.,-0.1));
#6802=CARTESIAN_POINT('',(0.125,0.,-0.0675));
#6803=CARTESIAN_POINT('',(0.125,0.,-0.0675));
#6804=CARTESIAN_POINT('',(0.125,0.,0.0675));
#6805=CARTESIAN_POINT('',(-0.1,0.,-0.0165));
#6806=CARTESIAN_POINT('',(-0.1,0.,-0.0325));
#6807=CARTESIAN_POINT('',(-0.1,0.,0.1));
#6808=CARTESIAN_POINT('',(-0.108,0.,-0.0325));
#6809=CARTESIAN_POINT('',(-0.092,0.,-0.0325));
#6810=CARTESIAN_POINT('',(-0.108,0.,-0.0165));
#6811=CARTESIAN_POINT('',(-0.108,0.,-0.0325));
#6812=CARTESIAN_POINT('',(-0.108,0.,-0.0165));
#6813=CARTESIAN_POINT('',(-0.1,0.,0.0335));
#6814=CARTESIAN_POINT('',(-0.1,0.,0.0175));
#6815=CARTESIAN_POINT('',(-0.1,0.,0.1));
#6816=CARTESIAN_POINT('',(-0.108,0.,0.0175));
#6817=CARTESIAN_POINT('',(-0.092,0.,0.0175));
#6818=CARTESIAN_POINT('',(-0.108,0.,0.0335));
#6819=CARTESIAN_POINT('',(-0.108,0.,0.0175));
#6820=CARTESIAN_POINT('',(-0.108,0.,0.0335));
#6821=CARTESIAN_POINT('',(0.108,0.,0.0175));
#6822=CARTESIAN_POINT('',(0.100000000000002,0.,0.0175));
#6823=CARTESIAN_POINT('',(0.108,0.,0.0175));
#6824=CARTESIAN_POINT('',(0.100000000000002,0.,0.0335));
#6825=CARTESIAN_POINT('',(0.100000000000005,0.,-0.1));
#6826=CARTESIAN_POINT('',(0.108,0.,0.0335));
#6827=CARTESIAN_POINT('',(0.092,0.,0.0335));
#6828=CARTESIAN_POINT('',(0.108,0.,0.0335));
#6829=CARTESIAN_POINT('',(0.108,0.,-0.0325));
#6830=CARTESIAN_POINT('',(0.100000000000003,0.,-0.0325));
#6831=CARTESIAN_POINT('',(0.108,0.,-0.0325));
#6832=CARTESIAN_POINT('',(0.100000000000002,0.,-0.0165));
#6833=CARTESIAN_POINT('',(0.100000000000005,0.,-0.1));
#6834=CARTESIAN_POINT('',(0.108,0.,-0.0165));
#6835=CARTESIAN_POINT('',(0.092,0.,-0.0165));
#6836=CARTESIAN_POINT('',(0.108,0.,-0.0165));
#6837=CARTESIAN_POINT('Origin',(0.125,0.099,-0.0675));
#6838=CARTESIAN_POINT('',(0.125,0.0745,-0.067500000000002));
#6839=CARTESIAN_POINT('',(0.1,0.0745,-0.067500000000002));
#6840=CARTESIAN_POINT('',(0.125,0.0745,-0.067500000000002));
#6841=CARTESIAN_POINT('',(0.1,0.225,-0.0675));
#6842=CARTESIAN_POINT('',(0.125,0.099,-0.0675));
#6843=CARTESIAN_POINT('Origin',(0.099999999999999,0.005,0.1));
#6844=CARTESIAN_POINT('',(-0.0425,0.205,0.1));
#6845=CARTESIAN_POINT('',(-0.0425,0.005,0.1));
#6846=CARTESIAN_POINT('',(-0.0525,0.225,0.1));
#6847=CARTESIAN_POINT('',(0.0659999999999998,-0.0119999999999996,0.1));
#6848=CARTESIAN_POINT('',(-0.1,0.225,0.1));
#6849=CARTESIAN_POINT('',(0.099999999999999,0.225,0.1));
#6850=CARTESIAN_POINT('',(-0.1,0.005,0.1));
#6851=CARTESIAN_POINT('',(0.099999999999999,0.225,0.1));
#6852=CARTESIAN_POINT('',(0.099999999999999,0.005,0.1));
#6853=CARTESIAN_POINT('',(0.0525,0.225,0.1));
#6854=CARTESIAN_POINT('',(0.099999999999999,0.225,0.1));
#6855=CARTESIAN_POINT('',(0.0425,0.205,0.1));
#6856=CARTESIAN_POINT('',(-0.0260000000000002,0.0679999999999996,0.1));
#6857=CARTESIAN_POINT('',(0.0425,0.005,0.1));
#6858=CARTESIAN_POINT('Origin',(-0.1,0.225,0.0675));
#6859=CARTESIAN_POINT('',(-0.1,0.225,0.0675));
#6860=CARTESIAN_POINT('',(-0.0525,0.225,0.0675));
#6861=CARTESIAN_POINT('',(-0.1,0.225,0.0675));
#6862=CARTESIAN_POINT('',(-0.0425,0.205,0.0675));
#6863=CARTESIAN_POINT('',(-0.0525,0.225,0.0675));
#6864=CARTESIAN_POINT('',(-0.0425,0.205,0.0675));
#6865=CARTESIAN_POINT('',(-0.1,0.225,0.0675));
#6866=CARTESIAN_POINT('Origin',(0.125,0.0745,-0.0575));
#6867=CARTESIAN_POINT('',(-0.125,0.0745,-0.0575));
#6868=CARTESIAN_POINT('',(-0.125,0.0745,-0.0675));
#6869=CARTESIAN_POINT('',(-0.125,0.0745,-0.0575));
#6870=CARTESIAN_POINT('',(-0.1,0.0745,-0.0675));
#6871=CARTESIAN_POINT('',(0.125,0.0745,-0.067500000000002));
#6872=CARTESIAN_POINT('',(0.125,0.0745,-0.0675));
#6873=CARTESIAN_POINT('',(0.125,0.0745,-0.0575));
#6874=CARTESIAN_POINT('',(0.125,0.0745,-0.0575));
#6875=CARTESIAN_POINT('',(0.125,0.0745,-0.0575));
#6876=CARTESIAN_POINT('Origin',(0.125,0.0245,-0.0575));
#6877=CARTESIAN_POINT('',(-0.125,0.0245,-0.0575));
#6878=CARTESIAN_POINT('',(-0.125,0.0245,-0.0575));
#6879=CARTESIAN_POINT('',(0.125,0.0245,-0.0575));
#6880=CARTESIAN_POINT('',(0.125,0.0245,-0.0575));
#6881=CARTESIAN_POINT('',(0.125,0.0245,-0.0575));
#6882=CARTESIAN_POINT('Origin',(0.125,0.0245,-0.067500000000002));
#6883=CARTESIAN_POINT('',(-0.125,0.0245,-0.067500000000002));
#6884=CARTESIAN_POINT('',(-0.125,0.0245,-0.067500000000002));
#6885=CARTESIAN_POINT('',(0.125,0.0245,-0.067500000000002));
#6886=CARTESIAN_POINT('',(0.125,0.0245,-0.067500000000002));
#6887=CARTESIAN_POINT('',(0.1,0.0245,-0.0675));
#6888=CARTESIAN_POINT('',(0.125,0.0245,-0.067500000000002));
#6889=CARTESIAN_POINT('',(-0.1,0.0245,-0.0675));
#6890=CARTESIAN_POINT('',(0.125,0.0245,-0.0675));
#6891=CARTESIAN_POINT('',(0.125,0.0245,-0.067500000000002));
#6892=CARTESIAN_POINT('Origin',(0.125,0.0745,0.067500000000002));
#6893=CARTESIAN_POINT('',(-0.125,0.0745,0.067500000000002));
#6894=CARTESIAN_POINT('',(-0.125,0.0745,0.0575));
#6895=CARTESIAN_POINT('',(-0.125,0.0745,0.067500000000002));
#6896=CARTESIAN_POINT('',(0.125,0.0745,0.0575));
#6897=CARTESIAN_POINT('',(0.125,0.0745,0.0575));
#6898=CARTESIAN_POINT('',(0.125,0.0745,0.067500000000002));
#6899=CARTESIAN_POINT('',(0.125,0.0745,0.067500000000002));
#6900=CARTESIAN_POINT('',(0.1,0.0745,0.0675));
#6901=CARTESIAN_POINT('',(0.125,0.0745,0.067500000000002));
#6902=CARTESIAN_POINT('',(-0.1,0.0745,0.067500000000002));
#6903=CARTESIAN_POINT('',(0.125,0.0745,0.0675));
#6904=CARTESIAN_POINT('',(0.125,0.0745,0.067500000000002));
#6905=CARTESIAN_POINT('Origin',(0.125,0.0245,0.0575));
#6906=CARTESIAN_POINT('',(-0.125,0.0245,0.0575));
#6907=CARTESIAN_POINT('',(-0.125,0.0245,0.067500000000002));
#6908=CARTESIAN_POINT('',(-0.125,0.0245,0.0575));
#6909=CARTESIAN_POINT('',(-0.1,0.0245,0.0675));
#6910=CARTESIAN_POINT('',(0.125,0.0245,0.067500000000002));
#6911=CARTESIAN_POINT('',(0.1,0.0245,0.0675));
#6912=CARTESIAN_POINT('',(0.125,0.0245,0.0675));
#6913=CARTESIAN_POINT('',(0.125,0.0245,0.067500000000002));
#6914=CARTESIAN_POINT('',(0.125,0.0245,0.067500000000002));
#6915=CARTESIAN_POINT('',(0.125,0.0245,0.0575));
#6916=CARTESIAN_POINT('',(0.125,0.0245,0.0575));
#6917=CARTESIAN_POINT('',(0.125,0.0245,0.0575));
#6918=CARTESIAN_POINT('Origin',(0.125,0.0745,0.0575));
#6919=CARTESIAN_POINT('',(-0.125,0.0745,0.0575));
#6920=CARTESIAN_POINT('',(0.125,0.0745,0.0575));
#6921=CARTESIAN_POINT('Origin',(0.1,0.225,-0.0675));
#6922=CARTESIAN_POINT('',(0.1,0.225,-0.0675));
#6923=CARTESIAN_POINT('',(-0.1,0.225,-0.0675));
#6924=CARTESIAN_POINT('Origin',(0.1,0.225,-0.0675));
#6925=CARTESIAN_POINT('',(-0.1,0.225,-0.0675));
#6926=CARTESIAN_POINT('',(-0.1,0.225,-0.0675));
#6927=CARTESIAN_POINT('',(0.1,0.225,-0.0675));
#6928=CARTESIAN_POINT('',(0.1,0.225,-0.0675));
#6929=CARTESIAN_POINT('',(0.1,0.225,-0.0675));
#6930=CARTESIAN_POINT('Origin',(-0.1,0.005,-0.1));
#6931=CARTESIAN_POINT('',(-0.1,0.225,-0.1));
#6932=CARTESIAN_POINT('',(-0.1,0.005,-0.1));
#6933=CARTESIAN_POINT('',(0.1,0.225,-0.1));
#6934=CARTESIAN_POINT('',(-0.1,0.225,-0.1));
#6935=CARTESIAN_POINT('',(0.100000000000005,0.005,-0.1));
#6936=CARTESIAN_POINT('Origin',(0.,0.005,0.));
#6937=CARTESIAN_POINT('',(-0.1,0.005,0.0175));
#6938=CARTESIAN_POINT('',(-0.092,0.005,0.0175));
#6939=CARTESIAN_POINT('',(-0.092,0.005,0.0175));
#6940=CARTESIAN_POINT('',(-0.1,0.005,0.0335));
#6941=CARTESIAN_POINT('',(-0.1,0.005,0.1));
#6942=CARTESIAN_POINT('',(-0.092,0.005,0.0335));
#6943=CARTESIAN_POINT('',(-0.108,0.005,0.0335));
#6944=CARTESIAN_POINT('',(-0.092,0.005,0.0335));
#6945=CARTESIAN_POINT('Origin',(0.100000000000005,0.005,-0.1));
#6946=CARTESIAN_POINT('',(0.100000000000003,0.005,-0.0325));
#6947=CARTESIAN_POINT('',(0.100000000000003,0.099,-0.0325));
#6948=CARTESIAN_POINT('',(0.100000000000003,0.005,-0.0165));
#6949=CARTESIAN_POINT('',(0.100000000000005,0.005,-0.1));
#6950=CARTESIAN_POINT('',(0.100000000000003,0.099,-0.0165));
#6951=CARTESIAN_POINT('Origin',(0.100000000000005,0.005,-0.1));
#6952=CARTESIAN_POINT('',(0.1,0.099,0.0675));
#6953=CARTESIAN_POINT('',(0.1,0.225,0.0675));
#6954=CARTESIAN_POINT('',(0.1,0.225,0.0675));
#6955=CARTESIAN_POINT('',(0.1,0.225,0.0675));
#6956=CARTESIAN_POINT('',(0.1,0.225,0.0675));
#6957=CARTESIAN_POINT('',(0.1,0.225,0.0675));
#6958=CARTESIAN_POINT('Origin',(0.,0.005,0.));
#6959=CARTESIAN_POINT('',(0.092,0.005,-0.0325));
#6960=CARTESIAN_POINT('',(0.108,0.005,-0.0325));
#6961=CARTESIAN_POINT('',(0.092,0.005,-0.0165));
#6962=CARTESIAN_POINT('',(0.092,0.005,-0.0325));
#6963=CARTESIAN_POINT('',(0.092,0.005,-0.0165));
#6964=CARTESIAN_POINT('Origin',(0.100000000000005,0.005,-0.1));
#6965=CARTESIAN_POINT('',(0.100000000000004,0.099,-0.0675));
#6966=CARTESIAN_POINT('',(0.1,0.225,-0.1));
#6967=CARTESIAN_POINT('Origin',(0.100000000000005,0.005,-0.1));
#6968=CARTESIAN_POINT('',(0.100000000000002,0.005,0.0175));
#6969=CARTESIAN_POINT('',(0.100000000000002,0.099,0.0175));
#6970=CARTESIAN_POINT('',(0.100000000000001,0.005,0.0335));
#6971=CARTESIAN_POINT('',(0.100000000000005,0.005,-0.1));
#6972=CARTESIAN_POINT('',(0.100000000000001,0.099,0.0335));
#6973=CARTESIAN_POINT('Origin',(0.,0.005,0.));
#6974=CARTESIAN_POINT('',(0.092,0.005,0.0175));
#6975=CARTESIAN_POINT('',(0.108,0.005,0.0175));
#6976=CARTESIAN_POINT('',(0.092,0.005,0.0335));
#6977=CARTESIAN_POINT('',(0.092,0.005,0.0175));
#6978=CARTESIAN_POINT('',(0.092,0.005,0.0335));
#6979=CARTESIAN_POINT('Origin',(0.092,0.099,0.0335));
#6980=CARTESIAN_POINT('',(0.092,0.099,0.0335));
#6981=CARTESIAN_POINT('',(0.108,0.099,0.0335));
#6982=CARTESIAN_POINT('Origin',(-0.108,0.099,-0.0165));
#6983=CARTESIAN_POINT('',(-0.1,0.005,-0.0165));
#6984=CARTESIAN_POINT('',(-0.1,0.099,-0.0165));
#6985=CARTESIAN_POINT('',(-0.108,0.099,-0.0165));
#6986=CARTESIAN_POINT('',(-0.092,0.005,-0.0165));
#6987=CARTESIAN_POINT('',(-0.092,0.099,-0.0165));
#6988=CARTESIAN_POINT('',(-0.108,0.005,-0.0165));
#6989=CARTESIAN_POINT('Origin',(0.092,0.099,-0.0165));
#6990=CARTESIAN_POINT('',(0.092,0.099,-0.0165));
#6991=CARTESIAN_POINT('',(0.108,0.099,-0.0165));
#6992=CARTESIAN_POINT('Origin',(0.092,0.099,-0.0325));
#6993=CARTESIAN_POINT('',(0.092,0.099,-0.0325));
#6994=CARTESIAN_POINT('Origin',(0.108,0.099,-0.0325));
#6995=CARTESIAN_POINT('',(0.108,0.099,-0.0325));
#6996=CARTESIAN_POINT('Origin',(0.108,0.099,-0.0165));
#6997=CARTESIAN_POINT('Origin',(0.125,0.099,0.0675));
#6998=CARTESIAN_POINT('',(0.125,0.099,-0.0675));
#6999=CARTESIAN_POINT('',(0.125,0.099,0.0675));
#7000=CARTESIAN_POINT('',(0.125,0.099,0.0675));
#7001=CARTESIAN_POINT('Origin',(-0.125,0.099,0.0675));
#7002=CARTESIAN_POINT('Origin',(-0.125,0.099,-0.0675));
#7003=CARTESIAN_POINT('',(-0.125,0.099,-0.0675));
#7004=CARTESIAN_POINT('',(-0.125,0.099,0.0675));
#7005=CARTESIAN_POINT('',(-0.125,0.099,0.0675));
#7006=CARTESIAN_POINT('',(-0.125,0.099,-0.0675));
#7007=CARTESIAN_POINT('Origin',(-0.125,0.099,0.0675));
#7008=CARTESIAN_POINT('',(-0.1,0.099,0.0675));
#7009=CARTESIAN_POINT('Origin',(-0.125,0.099,0.0675));
#7010=CARTESIAN_POINT('Origin',(0.125,0.099,-0.0675));
#7011=CARTESIAN_POINT('Origin',(-0.125,0.099,0.0675));
#7012=CARTESIAN_POINT('',(-0.1,0.225,0.0675));
#7013=CARTESIAN_POINT('Origin',(0.125,0.099,-0.0675));
#7014=CARTESIAN_POINT('',(-0.1,0.099,-0.0675));
#7015=CARTESIAN_POINT('Origin',(0.125,0.099,-0.0675));
#7016=CARTESIAN_POINT('',(-0.1,0.225,-0.0675));
#7017=CARTESIAN_POINT('Origin',(0.092,0.099,0.0175));
#7018=CARTESIAN_POINT('',(0.092,0.099,0.0175));
#7019=CARTESIAN_POINT('Origin',(0.042,0.099,-0.0325));
#7020=CARTESIAN_POINT('',(0.042,0.005,-0.0165));
#7021=CARTESIAN_POINT('',(0.042,0.099,-0.0165));
#7022=CARTESIAN_POINT('',(0.042,0.005,-0.0325));
#7023=CARTESIAN_POINT('',(0.042,0.005,-0.0325));
#7024=CARTESIAN_POINT('',(0.042,0.099,-0.0325));
#7025=CARTESIAN_POINT('Origin',(0.058,0.099,-0.0325));
#7026=CARTESIAN_POINT('',(0.058,0.005,-0.0325));
#7027=CARTESIAN_POINT('',(0.058,0.005,-0.0325));
#7028=CARTESIAN_POINT('',(0.058,0.099,-0.0325));
#7029=CARTESIAN_POINT('Origin',(0.058,0.099,-0.0165));
#7030=CARTESIAN_POINT('',(0.058,0.005,-0.0165));
#7031=CARTESIAN_POINT('',(0.058,0.005,-0.0165));
#7032=CARTESIAN_POINT('',(0.058,0.099,-0.0165));
#7033=CARTESIAN_POINT('Origin',(0.042,0.099,0.0175));
#7034=CARTESIAN_POINT('',(0.042,0.005,0.0335));
#7035=CARTESIAN_POINT('',(0.042,0.099,0.0335));
#7036=CARTESIAN_POINT('',(0.042,0.005,0.0175));
#7037=CARTESIAN_POINT('',(0.042,0.005,0.0175));
#7038=CARTESIAN_POINT('',(0.042,0.099,0.0175));
#7039=CARTESIAN_POINT('Origin',(0.058,0.099,0.0175));
#7040=CARTESIAN_POINT('',(0.058,0.005,0.0175));
#7041=CARTESIAN_POINT('',(0.058,0.005,0.0175));
#7042=CARTESIAN_POINT('',(0.058,0.099,0.0175));
#7043=CARTESIAN_POINT('Origin',(0.058,0.099,0.0335));
#7044=CARTESIAN_POINT('',(0.058,0.005,0.0335));
#7045=CARTESIAN_POINT('',(0.058,0.005,0.0335));
#7046=CARTESIAN_POINT('',(0.058,0.099,0.0335));
#7047=CARTESIAN_POINT('Origin',(-0.00799999999999999,0.099,-0.0325));
#7048=CARTESIAN_POINT('',(-0.00799999999999999,0.005,-0.0165));
#7049=CARTESIAN_POINT('',(-0.00799999999999999,0.099,-0.0165));
#7050=CARTESIAN_POINT('',(-0.008,0.005,-0.0325));
#7051=CARTESIAN_POINT('',(-0.00799999999999999,0.005,-0.0325));
#7052=CARTESIAN_POINT('',(-0.00799999999999999,0.099,-0.0325));
#7053=CARTESIAN_POINT('Origin',(0.00800000000000001,0.099,-0.0325));
#7054=CARTESIAN_POINT('',(0.00800000000000001,0.005,-0.0325));
#7055=CARTESIAN_POINT('',(0.00800000000000001,0.005,-0.0325));
#7056=CARTESIAN_POINT('',(0.00800000000000001,0.099,-0.0325));
#7057=CARTESIAN_POINT('Origin',(0.00800000000000001,0.099,-0.0165));
#7058=CARTESIAN_POINT('',(0.00800000000000001,0.005,-0.0165));
#7059=CARTESIAN_POINT('',(0.00800000000000001,0.005,-0.0165));
#7060=CARTESIAN_POINT('',(0.00800000000000001,0.099,-0.0165));
#7061=CARTESIAN_POINT('Origin',(-0.00799999999999999,0.099,0.0175));
#7062=CARTESIAN_POINT('',(-0.00799999999999999,0.005,0.0335));
#7063=CARTESIAN_POINT('',(-0.00799999999999999,0.099,0.0335));
#7064=CARTESIAN_POINT('',(-0.008,0.005,0.0175));
#7065=CARTESIAN_POINT('',(-0.00799999999999999,0.005,0.0175));
#7066=CARTESIAN_POINT('',(-0.00799999999999999,0.099,0.0175));
#7067=CARTESIAN_POINT('Origin',(0.00800000000000001,0.099,0.0175));
#7068=CARTESIAN_POINT('',(0.00800000000000001,0.005,0.0175));
#7069=CARTESIAN_POINT('',(0.00800000000000001,0.005,0.0175));
#7070=CARTESIAN_POINT('',(0.00800000000000001,0.099,0.0175));
#7071=CARTESIAN_POINT('Origin',(0.00800000000000001,0.099,0.0335));
#7072=CARTESIAN_POINT('',(0.00800000000000001,0.005,0.0335));
#7073=CARTESIAN_POINT('',(0.00800000000000001,0.005,0.0335));
#7074=CARTESIAN_POINT('',(0.00800000000000001,0.099,0.0335));
#7075=CARTESIAN_POINT('Origin',(-0.058,0.099,-0.0325));
#7076=CARTESIAN_POINT('',(-0.058,0.005,-0.0165));
#7077=CARTESIAN_POINT('',(-0.058,0.099,-0.0165));
#7078=CARTESIAN_POINT('',(-0.058,0.005,-0.0325));
#7079=CARTESIAN_POINT('',(-0.058,0.005,-0.0325));
#7080=CARTESIAN_POINT('',(-0.058,0.099,-0.0325));
#7081=CARTESIAN_POINT('Origin',(-0.042,0.099,-0.0325));
#7082=CARTESIAN_POINT('',(-0.042,0.005,-0.0325));
#7083=CARTESIAN_POINT('',(-0.042,0.005,-0.0325));
#7084=CARTESIAN_POINT('',(-0.042,0.099,-0.0325));
#7085=CARTESIAN_POINT('Origin',(-0.042,0.099,-0.0165));
#7086=CARTESIAN_POINT('',(-0.042,0.005,-0.0165));
#7087=CARTESIAN_POINT('',(-0.042,0.005,-0.0165));
#7088=CARTESIAN_POINT('',(-0.042,0.099,-0.0165));
#7089=CARTESIAN_POINT('Origin',(-0.058,0.099,0.0175));
#7090=CARTESIAN_POINT('',(-0.058,0.005,0.0335));
#7091=CARTESIAN_POINT('',(-0.058,0.099,0.0335));
#7092=CARTESIAN_POINT('',(-0.058,0.005,0.0175));
#7093=CARTESIAN_POINT('',(-0.058,0.005,0.0175));
#7094=CARTESIAN_POINT('',(-0.058,0.099,0.0175));
#7095=CARTESIAN_POINT('Origin',(-0.042,0.099,0.0175));
#7096=CARTESIAN_POINT('',(-0.042,0.005,0.0175));
#7097=CARTESIAN_POINT('',(-0.042,0.005,0.0175));
#7098=CARTESIAN_POINT('',(-0.042,0.099,0.0175));
#7099=CARTESIAN_POINT('Origin',(-0.042,0.099,0.0335));
#7100=CARTESIAN_POINT('',(-0.042,0.005,0.0335));
#7101=CARTESIAN_POINT('',(-0.042,0.005,0.0335));
#7102=CARTESIAN_POINT('',(-0.042,0.099,0.0335));
#7103=CARTESIAN_POINT('Origin',(-0.092,0.099,-0.0165));
#7104=CARTESIAN_POINT('',(-0.092,0.005,-0.0325));
#7105=CARTESIAN_POINT('',(-0.092,0.099,-0.0325));
#7106=CARTESIAN_POINT('',(-0.092,0.005,-0.0165));
#7107=CARTESIAN_POINT('Origin',(-0.092,0.099,0.0335));
#7108=CARTESIAN_POINT('',(-0.092,0.099,0.0175));
#7109=CARTESIAN_POINT('',(-0.092,0.099,0.0335));
#7110=CARTESIAN_POINT('Origin',(0.042,0.099,-0.0165));
#7111=CARTESIAN_POINT('',(0.042,0.005,-0.0165));
#7112=CARTESIAN_POINT('Origin',(0.042,0.099,0.0335));
#7113=CARTESIAN_POINT('',(0.042,0.005,0.0335));
#7114=CARTESIAN_POINT('Origin',(-0.00799999999999999,0.099,-0.0165));
#7115=CARTESIAN_POINT('',(-0.00799999999999999,0.005,-0.0165));
#7116=CARTESIAN_POINT('Origin',(-0.00799999999999999,0.099,0.0335));
#7117=CARTESIAN_POINT('',(-0.00799999999999999,0.005,0.0335));
#7118=CARTESIAN_POINT('Origin',(-0.058,0.099,-0.0165));
#7119=CARTESIAN_POINT('',(-0.058,0.005,-0.0165));
#7120=CARTESIAN_POINT('Origin',(-0.058,0.099,0.0335));
#7121=CARTESIAN_POINT('',(-0.058,0.005,0.0335));
#7122=CARTESIAN_POINT('Origin',(0.108,0.099,0.0175));
#7123=CARTESIAN_POINT('',(0.108,0.099,0.0175));
#7124=CARTESIAN_POINT('Origin',(0.108,0.099,0.0335));
#7125=CARTESIAN_POINT('Origin',(-0.108,0.099,-0.0325));
#7126=CARTESIAN_POINT('',(-0.108,0.099,-0.0325));
#7127=CARTESIAN_POINT('Origin',(-0.092,0.099,-0.0325));
#7128=CARTESIAN_POINT('',(-0.1,0.005,-0.0325));
#7129=CARTESIAN_POINT('',(-0.1,0.099,-0.0325));
#7130=CARTESIAN_POINT('',(-0.092,0.005,-0.0325));
#7131=CARTESIAN_POINT('Origin',(-0.108,0.099,0.0335));
#7132=CARTESIAN_POINT('',(-0.1,0.099,0.0335));
#7133=CARTESIAN_POINT('',(-0.108,0.099,0.0335));
#7134=CARTESIAN_POINT('Origin',(-0.092,0.099,0.0175));
#7135=CARTESIAN_POINT('',(-0.1,0.099,0.0175));
#7136=CARTESIAN_POINT('',(-0.108,0.099,0.0175));
#7137=CARTESIAN_POINT('Origin',(-0.108,0.099,0.0175));
#7138=CARTESIAN_POINT('Origin',(0.,0.005,0.));
#7139=CARTESIAN_POINT('Origin',(0.,0.005,0.));
#7140=CARTESIAN_POINT('Origin',(0.,0.005,0.));
#7141=CARTESIAN_POINT('Origin',(0.,0.005,0.));
#7142=CARTESIAN_POINT('Origin',(0.,0.005,0.));
#7143=CARTESIAN_POINT('Origin',(0.,0.005,0.));
#7144=CARTESIAN_POINT('Origin',(-0.1,0.005,0.1));
#7145=CARTESIAN_POINT('',(-0.1,0.005,0.1));
#7146=CARTESIAN_POINT('Origin',(0.,0.005,0.));
#7147=CARTESIAN_POINT('Origin',(-0.1,0.005,0.1));
#7148=CARTESIAN_POINT('Origin',(-0.1,0.005,0.1));
#7149=CARTESIAN_POINT('',(-0.1,0.225,0.1));
#7150=CARTESIAN_POINT('',(-0.1,0.225,0.0675));
#7151=CARTESIAN_POINT('Origin',(-0.1,0.005,0.1));
#7152=CARTESIAN_POINT('',(-0.1,0.225,-0.0675));
#7153=CARTESIAN_POINT('Origin',(0.,0.225,0.));
#7154=CARTESIAN_POINT('',(0.0525,0.225,0.0675));
#7155=CARTESIAN_POINT('',(0.0525,0.225,0.));
#7156=CARTESIAN_POINT('',(-0.1,0.225,0.0675));
#7157=CARTESIAN_POINT('Origin',(0.,0.225,0.));
#7158=CARTESIAN_POINT('',(-0.0525,0.225,0.));
#7159=CARTESIAN_POINT('Origin',(-0.1,0.225,0.0675));
#7160=CARTESIAN_POINT('',(0.0425,0.205,0.0675));
#7161=CARTESIAN_POINT('',(0.0425,0.099,0.0675));
#7162=CARTESIAN_POINT('',(0.0425,0.205,0.0675));
#7163=CARTESIAN_POINT('Origin',(-0.1,0.225,0.0675));
#7164=CARTESIAN_POINT('Origin',(-0.0525,0.225,0.2925));
#7165=CARTESIAN_POINT('',(-0.0425,0.205,0.2925));
#7166=CARTESIAN_POINT('Origin',(0.,0.225,0.));
#7167=CARTESIAN_POINT('Origin',(-0.0425,0.205,0.2925));
#7168=CARTESIAN_POINT('Origin',(0.0425,0.099,0.2925));
#7169=CARTESIAN_POINT('',(0.0425,0.205,0.2925));
#7170=CARTESIAN_POINT('Origin',(0.0425,0.205,0.2925));
#7171=CARTESIAN_POINT('',(0.,0.,0.));
#7172=CARTESIAN_POINT('Origin',(0.108,0.089,-0.016999999999999));
#7173=CARTESIAN_POINT('',(-0.092,0.21,-0.016999999999999));
#7174=CARTESIAN_POINT('',(-0.092,0.089,-0.016999999999999));
#7175=CARTESIAN_POINT('',(-0.092,0.089,-0.016999999999999));
#7176=CARTESIAN_POINT('',(-0.108,0.21,-0.016999999999999));
#7177=CARTESIAN_POINT('',(0.108,0.21,-0.016999999999999));
#7178=CARTESIAN_POINT('',(-0.108,0.089,-0.016999999999999));
#7179=CARTESIAN_POINT('',(-0.108,0.089,-0.016999999999999));
#7180=CARTESIAN_POINT('',(0.108,0.089,-0.016999999999999));
#7181=CARTESIAN_POINT('Origin',(0.108,0.089,-0.016999999999999));
#7182=CARTESIAN_POINT('',(-0.058,0.089,-0.016999999999999));
#7183=CARTESIAN_POINT('',(-0.058,0.21,-0.016999999999999));
#7184=CARTESIAN_POINT('',(-0.058,0.089,-0.016999999999999));
#7185=CARTESIAN_POINT('',(-0.042,0.089,-0.016999999999999));
#7186=CARTESIAN_POINT('',(0.108,0.089,-0.016999999999999));
#7187=CARTESIAN_POINT('',(-0.0420000000000001,0.21,-0.0169999999999992));
#7188=CARTESIAN_POINT('',(-0.042,0.089,-0.016999999999999));
#7189=CARTESIAN_POINT('',(0.108,0.21,-0.016999999999999));
#7190=CARTESIAN_POINT('Origin',(0.108,0.21,0.017000000000001));
#7191=CARTESIAN_POINT('',(0.042,0.21,0.017000000000001));
#7192=CARTESIAN_POINT('',(0.042,0.089,0.017000000000001));
#7193=CARTESIAN_POINT('',(0.042,0.21,0.017000000000001));
#7194=CARTESIAN_POINT('',(0.058,0.21,0.017000000000001));
#7195=CARTESIAN_POINT('',(0.108,0.21,0.017000000000001));
#7196=CARTESIAN_POINT('',(0.058,0.089,0.017000000000001));
#7197=CARTESIAN_POINT('',(0.058,0.21,0.017000000000001));
#7198=CARTESIAN_POINT('',(0.108,0.089,0.017000000000001));
#7199=CARTESIAN_POINT('Origin',(0.108,0.089,-0.016999999999999));
#7200=CARTESIAN_POINT('',(0.092,0.089,-0.016999999999999));
#7201=CARTESIAN_POINT('',(0.092,0.21,-0.016999999999999));
#7202=CARTESIAN_POINT('',(0.092,0.089,-0.016999999999999));
#7203=CARTESIAN_POINT('',(0.108,0.089,-0.016999999999999));
#7204=CARTESIAN_POINT('',(0.108,0.089,-0.016999999999999));
#7205=CARTESIAN_POINT('',(0.108,0.21,-0.016999999999999));
#7206=CARTESIAN_POINT('',(0.108,0.089,-0.016999999999999));
#7207=CARTESIAN_POINT('',(0.108,0.21,-0.016999999999999));
#7208=CARTESIAN_POINT('Origin',(0.108,0.21,-0.032999999999998));
#7209=CARTESIAN_POINT('',(-0.092,0.099,-0.032999999999998));
#7210=CARTESIAN_POINT('',(-0.092,0.21,-0.032999999999998));
#7211=CARTESIAN_POINT('',(-0.092,0.21,-0.032999999999998));
#7212=CARTESIAN_POINT('',(-0.108,0.099,-0.032999999999998));
#7213=CARTESIAN_POINT('',(0.108,0.099,-0.032999999999998));
#7214=CARTESIAN_POINT('',(-0.108,0.21,-0.032999999999998));
#7215=CARTESIAN_POINT('',(-0.108,0.21,-0.032999999999998));
#7216=CARTESIAN_POINT('',(0.108,0.21,-0.032999999999998));
#7217=CARTESIAN_POINT('Origin',(0.108,0.21,-0.032999999999998));
#7218=CARTESIAN_POINT('',(-0.058,0.21,-0.032999999999998));
#7219=CARTESIAN_POINT('',(-0.058,0.099,-0.032999999999998));
#7220=CARTESIAN_POINT('',(-0.058,0.21,-0.032999999999998));
#7221=CARTESIAN_POINT('',(-0.042,0.21,-0.032999999999998));
#7222=CARTESIAN_POINT('',(0.108,0.21,-0.032999999999998));
#7223=CARTESIAN_POINT('',(-0.042,0.099,-0.032999999999998));
#7224=CARTESIAN_POINT('',(-0.042,0.21,-0.032999999999998));
#7225=CARTESIAN_POINT('',(0.108,0.099,-0.032999999999998));
#7226=CARTESIAN_POINT('Origin',(0.108,0.21,-0.032999999999998));
#7227=CARTESIAN_POINT('',(0.092,0.21,-0.032999999999998));
#7228=CARTESIAN_POINT('',(0.092,0.099,-0.032999999999998));
#7229=CARTESIAN_POINT('',(0.092,0.21,-0.032999999999998));
#7230=CARTESIAN_POINT('',(0.108,0.21,-0.032999999999998));
#7231=CARTESIAN_POINT('',(0.108,0.21,-0.032999999999998));
#7232=CARTESIAN_POINT('',(0.108,0.099,-0.032999999999998));
#7233=CARTESIAN_POINT('',(0.108,0.21,-0.032999999999998));
#7234=CARTESIAN_POINT('',(0.108,0.099,-0.032999999999998));
#7235=CARTESIAN_POINT('Origin',(0.108,0.099,-0.032999999999998));
#7236=CARTESIAN_POINT('',(-0.092,0.089,-0.0262653061224474));
#7237=CARTESIAN_POINT('',(-0.092,0.099,-0.032999999999998));
#7238=CARTESIAN_POINT('',(-0.058,0.089,-0.0262653061224473));
#7239=CARTESIAN_POINT('',(0.108,0.089,-0.0262653061224474));
#7240=CARTESIAN_POINT('',(-0.058,0.099,-0.032999999999998));
#7241=CARTESIAN_POINT('',(-0.042,0.089,-0.0262653061224474));
#7242=CARTESIAN_POINT('',(-0.042,0.099,-0.032999999999998));
#7243=CARTESIAN_POINT('',(-0.00800000000000001,0.089,-0.0262653061224473));
#7244=CARTESIAN_POINT('',(0.108,0.089,-0.0262653061224474));
#7245=CARTESIAN_POINT('',(-0.00800000000000001,0.099,-0.032999999999998));
#7246=CARTESIAN_POINT('',(-0.00800000000000001,0.099,-0.032999999999998));
#7247=CARTESIAN_POINT('',(0.00799999999999997,0.099,-0.032999999999998));
#7248=CARTESIAN_POINT('',(0.108,0.099,-0.032999999999998));
#7249=CARTESIAN_POINT('',(0.00799999999999997,0.089,-0.0262653061224474));
#7250=CARTESIAN_POINT('',(0.00799999999999997,0.099,-0.032999999999998));
#7251=CARTESIAN_POINT('',(0.042,0.089,-0.0262653061224473));
#7252=CARTESIAN_POINT('',(0.108,0.089,-0.0262653061224474));
#7253=CARTESIAN_POINT('',(0.042,0.099,-0.032999999999998));
#7254=CARTESIAN_POINT('',(0.042,0.099,-0.032999999999998));
#7255=CARTESIAN_POINT('',(0.058,0.099,-0.032999999999998));
#7256=CARTESIAN_POINT('',(0.108,0.099,-0.032999999999998));
#7257=CARTESIAN_POINT('',(0.058,0.089,-0.0262653061224474));
#7258=CARTESIAN_POINT('',(0.058,0.099,-0.032999999999998));
#7259=CARTESIAN_POINT('',(0.092,0.089,-0.0262653061224473));
#7260=CARTESIAN_POINT('',(0.108,0.089,-0.0262653061224474));
#7261=CARTESIAN_POINT('',(0.092,0.099,-0.032999999999998));
#7262=CARTESIAN_POINT('',(0.108,0.05,0.));
#7263=CARTESIAN_POINT('',(0.108,0.099,-0.032999999999998));
#7264=CARTESIAN_POINT('',(-0.108,0.05,0.));
#7265=CARTESIAN_POINT('',(0.108,0.05,0.));
#7266=CARTESIAN_POINT('',(-0.108,0.099,-0.032999999999998));
#7267=CARTESIAN_POINT('Origin',(0.108,0.219,-0.027803847577292));
#7268=CARTESIAN_POINT('',(0.04719615242271,0.219,-0.027803847577292));
#7269=CARTESIAN_POINT('',(0.042,0.21,-0.032999999999998));
#7270=CARTESIAN_POINT('',(0.0593569219381811,0.240063070659917,-0.0156430780618302));
#7271=CARTESIAN_POINT('',(0.05280384757729,0.219,-0.027803847577292));
#7272=CARTESIAN_POINT('',(0.108,0.219,-0.027803847577292));
#7273=CARTESIAN_POINT('',(0.058,0.21,-0.032999999999998));
#7274=CARTESIAN_POINT('',(0.0638430780618439,0.199879491924302,-0.0388430780618374));
#7275=CARTESIAN_POINT('',(0.108,0.21,-0.032999999999998));
#7276=CARTESIAN_POINT('Origin',(0.108,0.21,-0.032999999999998));
#7277=CARTESIAN_POINT('',(0.042,0.21,-0.032999999999998));
#7278=CARTESIAN_POINT('',(0.058,0.21,-0.032999999999998));
#7279=CARTESIAN_POINT('Origin',(0.108,0.099,0.033000000000001));
#7280=CARTESIAN_POINT('',(-0.092,0.21,0.033000000000001));
#7281=CARTESIAN_POINT('',(-0.092,0.099,0.033000000000001));
#7282=CARTESIAN_POINT('',(-0.092,0.099,0.033000000000001));
#7283=CARTESIAN_POINT('',(-0.108,0.21,0.033000000000001));
#7284=CARTESIAN_POINT('',(0.108,0.21,0.033000000000001));
#7285=CARTESIAN_POINT('',(-0.108,0.099,0.033000000000001));
#7286=CARTESIAN_POINT('',(-0.108,0.099,0.033000000000001));
#7287=CARTESIAN_POINT('',(0.108,0.099,0.033000000000001));
#7288=CARTESIAN_POINT('Origin',(0.108,0.21,-0.032999999999998));
#7289=CARTESIAN_POINT('',(-0.00799999999999999,0.21,-0.032999999999998));
#7290=CARTESIAN_POINT('',(-0.00800000000000001,0.21,-0.032999999999998));
#7291=CARTESIAN_POINT('',(0.00799999999999997,0.21,-0.032999999999998));
#7292=CARTESIAN_POINT('',(0.108,0.21,-0.032999999999998));
#7293=CARTESIAN_POINT('',(0.00799999999999997,0.21,-0.032999999999998));
#7294=CARTESIAN_POINT('Origin',(0.108,0.21,0.033000000000001));
#7295=CARTESIAN_POINT('',(0.042,0.21,0.033000000000001));
#7296=CARTESIAN_POINT('',(0.04719615242271,0.219,0.027803847577295));
#7297=CARTESIAN_POINT('',(0.0552000000000142,0.232863070659919,0.0197999999999969));
#7298=CARTESIAN_POINT('',(0.058,0.21,0.0330000000000011));
#7299=CARTESIAN_POINT('',(0.108,0.21,0.033000000000001));
#7300=CARTESIAN_POINT('',(0.05280384757729,0.219,0.027803847577295));
#7301=CARTESIAN_POINT('',(0.0680000000000108,0.192679491924304,0.0430000000000041));
#7302=CARTESIAN_POINT('',(0.108,0.219,0.027803847577295));
#7303=CARTESIAN_POINT('Origin',(0.108,0.219,0.027803847577295));
#7304=CARTESIAN_POINT('',(-0.10280384757729,0.219,0.027803847577295));
#7305=CARTESIAN_POINT('',(-0.10280384757729,0.219,0.022196152422708));
#7306=CARTESIAN_POINT('',(-0.10280384757729,0.219,0.5));
#7307=CARTESIAN_POINT('',(-0.09719615242271,0.219,0.027803847577295));
#7308=CARTESIAN_POINT('',(0.108,0.219,0.027803847577295));
#7309=CARTESIAN_POINT('',(-0.09719615242271,0.219,0.022196152422708));
#7310=CARTESIAN_POINT('',(-0.09719615242271,0.219,0.5));
#7311=CARTESIAN_POINT('',(0.108,0.219,0.022196152422708));
#7312=CARTESIAN_POINT('Origin',(0.108,0.21,0.033000000000001));
#7313=CARTESIAN_POINT('',(-0.008,0.21,0.033000000000001));
#7314=CARTESIAN_POINT('',(-0.00280384757729003,0.219,0.027803847577295));
#7315=CARTESIAN_POINT('',(0.015200000000025,0.250183578735615,0.0097999999999938));
#7316=CARTESIAN_POINT('',(0.00799999999999997,0.21,0.033000000000001));
#7317=CARTESIAN_POINT('',(0.108,0.21,0.033000000000001));
#7318=CARTESIAN_POINT('',(0.00280384757728999,0.219,0.027803847577295));
#7319=CARTESIAN_POINT('',(0.0280000000000215,0.175358983848607,0.0530000000000072));
#7320=CARTESIAN_POINT('',(0.108,0.219,0.027803847577295));
#7321=CARTESIAN_POINT('Origin',(0.108,0.21,0.033000000000001));
#7322=CARTESIAN_POINT('',(0.092,0.21,0.033000000000001));
#7323=CARTESIAN_POINT('',(0.09719615242271,0.219,0.027803847577295));
#7324=CARTESIAN_POINT('',(0.0952000000000034,0.215542562584223,0.0298));
#7325=CARTESIAN_POINT('',(0.108,0.21,0.033000000000001));
#7326=CARTESIAN_POINT('',(0.108,0.21,0.033000000000001));
#7327=CARTESIAN_POINT('',(0.10280384757729,0.219,0.027803847577295));
#7328=CARTESIAN_POINT('',(0.108,0.21,0.033000000000001));
#7329=CARTESIAN_POINT('',(0.108,0.219,0.027803847577295));
#7330=CARTESIAN_POINT('Origin',(0.108,0.219,0.027803847577295));
#7331=CARTESIAN_POINT('',(0.09719615242271,0.219,0.022196152422708));
#7332=CARTESIAN_POINT('',(0.09719615242271,0.219,0.5));
#7333=CARTESIAN_POINT('',(0.10280384757729,0.219,0.022196152422708));
#7334=CARTESIAN_POINT('',(0.10280384757729,0.219,0.5));
#7335=CARTESIAN_POINT('',(0.108,0.219,0.022196152422708));
#7336=CARTESIAN_POINT('Origin',(0.108,0.099,0.033000000000001));
#7337=CARTESIAN_POINT('',(0.092,0.099,0.033000000000001));
#7338=CARTESIAN_POINT('',(0.092,0.099,0.033000000000001));
#7339=CARTESIAN_POINT('',(0.108,0.099,0.033000000000001));
#7340=CARTESIAN_POINT('',(0.108,0.099,0.033000000000001));
#7341=CARTESIAN_POINT('',(0.108,0.099,0.033000000000001));
#7342=CARTESIAN_POINT('Origin',(0.108,0.21,0.033000000000001));
#7343=CARTESIAN_POINT('',(-0.0647999999999529,0.284824594887008,-0.0102000000000127));
#7344=CARTESIAN_POINT('',(-0.0519999999999567,0.140717967697215,0.0730000000000135));
#7345=CARTESIAN_POINT('Origin',(0.108,0.21,0.033000000000001));
#7346=CARTESIAN_POINT('',(-0.058,0.21,0.033000000000001));
#7347=CARTESIAN_POINT('',(-0.05280384757729,0.219,0.027803847577295));
#7348=CARTESIAN_POINT('',(-0.0247999999999641,0.267504086811312,-0.000200000000009368));
#7349=CARTESIAN_POINT('',(-0.042,0.21,0.0330000000000009));
#7350=CARTESIAN_POINT('',(0.108,0.21,0.033000000000001));
#7351=CARTESIAN_POINT('',(-0.04719615242271,0.219,0.027803847577295));
#7352=CARTESIAN_POINT('',(-0.0119999999999679,0.158038475772911,0.0630000000000103));
#7353=CARTESIAN_POINT('',(0.108,0.219,0.027803847577295));
#7354=CARTESIAN_POINT('Origin',(0.108,0.099,0.033000000000001));
#7355=CARTESIAN_POINT('',(0.042,0.099,0.033000000000001));
#7356=CARTESIAN_POINT('',(0.042,0.099,0.033000000000001));
#7357=CARTESIAN_POINT('',(0.058,0.099,0.033000000000001));
#7358=CARTESIAN_POINT('',(0.108,0.099,0.033000000000001));
#7359=CARTESIAN_POINT('',(0.058,0.099,0.033000000000001));
#7360=CARTESIAN_POINT('Origin',(0.108,0.099,0.033000000000001));
#7361=CARTESIAN_POINT('',(-0.00800000000000001,0.099,0.033000000000001));
#7362=CARTESIAN_POINT('',(-0.00800000000000001,0.099,0.033000000000001));
#7363=CARTESIAN_POINT('',(0.00799999999999997,0.099,0.033000000000001));
#7364=CARTESIAN_POINT('',(0.108,0.099,0.033000000000001));
#7365=CARTESIAN_POINT('',(0.00799999999999997,0.099,0.033000000000001));
#7366=CARTESIAN_POINT('Origin',(0.108,0.05,0.));
#7367=CARTESIAN_POINT('',(-0.092,0.089,0.0262653061224498));
#7368=CARTESIAN_POINT('',(-0.092,0.05,0.));
#7369=CARTESIAN_POINT('',(-0.108,0.05,0.));
#7370=CARTESIAN_POINT('',(0.108,0.05,0.));
#7371=CARTESIAN_POINT('',(0.092,0.089,0.0262653061224498));
#7372=CARTESIAN_POINT('',(0.092,0.05,0.));
#7373=CARTESIAN_POINT('',(0.058,0.089,0.0262653061224498));
#7374=CARTESIAN_POINT('',(0.108,0.089,0.0262653061224498));
#7375=CARTESIAN_POINT('',(0.058,0.05,0.));
#7376=CARTESIAN_POINT('',(0.042,0.089,0.0262653061224498));
#7377=CARTESIAN_POINT('',(0.042,0.05,0.));
#7378=CARTESIAN_POINT('',(0.00799999999999997,0.089,0.0262653061224498));
#7379=CARTESIAN_POINT('',(0.108,0.089,0.0262653061224498));
#7380=CARTESIAN_POINT('',(0.00799999999999997,0.05,0.));
#7381=CARTESIAN_POINT('',(-0.00800000000000001,0.089,0.0262653061224498));
#7382=CARTESIAN_POINT('',(-0.00800000000000001,0.05,0.));
#7383=CARTESIAN_POINT('',(-0.042,0.089,0.0262653061224498));
#7384=CARTESIAN_POINT('',(0.108,0.089,0.0262653061224498));
#7385=CARTESIAN_POINT('',(-0.042,0.099,0.033000000000001));
#7386=CARTESIAN_POINT('',(-0.042,0.05,0.));
#7387=CARTESIAN_POINT('',(-0.058,0.099,0.033000000000001));
#7388=CARTESIAN_POINT('',(0.108,0.099,0.033000000000001));
#7389=CARTESIAN_POINT('',(-0.058,0.089,0.0262653061224498));
#7390=CARTESIAN_POINT('',(-0.058,0.05,0.));
#7391=CARTESIAN_POINT('',(0.108,0.089,0.0262653061224498));
#7392=CARTESIAN_POINT('Origin',(0.108,0.099,0.033000000000001));
#7393=CARTESIAN_POINT('',(-0.058,0.099,0.033000000000001));
#7394=CARTESIAN_POINT('',(-0.042,0.099,0.033000000000001));
#7395=CARTESIAN_POINT('Origin',(-0.092,0.089,0.5));
#7396=CARTESIAN_POINT('',(-0.092,0.21,0.5));
#7397=CARTESIAN_POINT('',(-0.092,0.089,0.5));
#7398=CARTESIAN_POINT('Origin',(0.092,0.21,0.5));
#7399=CARTESIAN_POINT('',(0.092,0.21,0.017000000000001));
#7400=CARTESIAN_POINT('',(0.092,0.21,0.5));
#7401=CARTESIAN_POINT('',(0.092,0.089,0.017000000000001));
#7402=CARTESIAN_POINT('',(0.092,0.21,0.017000000000001));
#7403=CARTESIAN_POINT('',(0.092,0.089,0.5));
#7404=CARTESIAN_POINT('Origin',(-0.058,0.21,0.5));
#7405=CARTESIAN_POINT('',(-0.058,0.089,0.5));
#7406=CARTESIAN_POINT('',(-0.058,0.21,0.5));
#7407=CARTESIAN_POINT('Origin',(-0.092,0.089,0.5));
#7408=CARTESIAN_POINT('',(-0.092,0.089,0.017000000000001));
#7409=CARTESIAN_POINT('',(-0.092,0.089,0.5));
#7410=CARTESIAN_POINT('',(-0.092,0.21,0.017000000000001));
#7411=CARTESIAN_POINT('',(-0.092,0.21,0.017000000000001));
#7412=CARTESIAN_POINT('',(-0.092,0.21,0.5));
#7413=CARTESIAN_POINT('Origin',(-0.058,0.21,0.5));
#7414=CARTESIAN_POINT('',(-0.058,0.21,0.017000000000001));
#7415=CARTESIAN_POINT('',(-0.058,0.21,0.5));
#7416=CARTESIAN_POINT('',(-0.058,0.089,0.017000000000001));
#7417=CARTESIAN_POINT('',(-0.058,0.21,0.017000000000001));
#7418=CARTESIAN_POINT('',(-0.058,0.089,0.5));
#7419=CARTESIAN_POINT('Origin',(-0.042,0.21,0.5));
#7420=CARTESIAN_POINT('',(-0.042,0.21,0.017000000000001));
#7421=CARTESIAN_POINT('',(-0.042,0.21,0.5));
#7422=CARTESIAN_POINT('',(-0.04719615242271,0.219,0.022196152422708));
#7423=CARTESIAN_POINT('',(-0.0161569219381371,0.165238475772913,-0.00884307806184714));
#7424=CARTESIAN_POINT('',(-0.04719615242271,0.219,0.5));
#7425=CARTESIAN_POINT('Origin',(-0.00280384757729003,0.219,0.5));
#7426=CARTESIAN_POINT('',(-0.00280384757729003,0.219,0.022196152422708));
#7427=CARTESIAN_POINT('',(-0.00280384757729003,0.219,0.5));
#7428=CARTESIAN_POINT('',(-0.00800000000000001,0.21,0.017000000000001));
#7429=CARTESIAN_POINT('',(0.0193569219381901,0.257383578735611,0.0443569219381754));
#7430=CARTESIAN_POINT('',(-0.00800000000000001,0.21,0.5));
#7431=CARTESIAN_POINT('Origin',(-0.042,0.21,0.5));
#7432=CARTESIAN_POINT('',(-0.04719615242271,0.219,-0.022196152422705));
#7433=CARTESIAN_POINT('',(-0.0119999999999679,0.158038475772911,0.0130000000000102));
#7434=CARTESIAN_POINT('',(-0.042,0.21,0.5));
#7435=CARTESIAN_POINT('',(-0.04719615242271,0.219,-0.027803847577292));
#7436=CARTESIAN_POINT('',(-0.0161569219381348,0.165238475772909,-0.0588430780618436));
#7437=CARTESIAN_POINT('',(-0.04719615242271,0.219,0.5));
#7438=CARTESIAN_POINT('Origin',(-0.00280384757729003,0.219,0.5));
#7439=CARTESIAN_POINT('',(-0.00799999999999999,0.21,-0.0169999999999991));
#7440=CARTESIAN_POINT('',(-0.00280384757729003,0.219,-0.022196152422705));
#7441=CARTESIAN_POINT('',(0.015200000000025,0.250183578735615,-0.0402000000000062));
#7442=CARTESIAN_POINT('',(-0.00280384757729003,0.219,-0.027803847577292));
#7443=CARTESIAN_POINT('',(-0.00280384757729003,0.219,0.5));
#7444=CARTESIAN_POINT('',(0.0193569219381918,0.257383578735613,-0.00564307806182711));
#7445=CARTESIAN_POINT('',(-0.00800000000000001,0.21,0.5));
#7446=CARTESIAN_POINT('Origin',(0.00799999999999997,0.089,0.5));
#7447=CARTESIAN_POINT('',(0.00799999999999996,0.21,-0.0169999999999991));
#7448=CARTESIAN_POINT('',(0.00799999999999997,0.21,0.5));
#7449=CARTESIAN_POINT('',(0.00799999999999997,0.089,-0.016999999999999));
#7450=CARTESIAN_POINT('',(0.00799999999999997,0.089,-0.016999999999999));
#7451=CARTESIAN_POINT('',(0.00799999999999997,0.089,0.5));
#7452=CARTESIAN_POINT('Origin',(0.042,0.21,0.5));
#7453=CARTESIAN_POINT('',(0.042,0.089,-0.016999999999999));
#7454=CARTESIAN_POINT('',(0.042,0.089,0.5));
#7455=CARTESIAN_POINT('',(0.042,0.21,-0.0169999999999991));
#7456=CARTESIAN_POINT('',(0.042,0.089,-0.016999999999999));
#7457=CARTESIAN_POINT('',(0.042,0.21,0.5));
#7458=CARTESIAN_POINT('Origin',(0.00799999999999997,0.089,0.5));
#7459=CARTESIAN_POINT('',(0.00799999999999997,0.089,0.017000000000001));
#7460=CARTESIAN_POINT('',(0.00799999999999997,0.089,0.5));
#7461=CARTESIAN_POINT('',(0.00799999999999997,0.21,0.017000000000001));
#7462=CARTESIAN_POINT('',(0.00799999999999997,0.21,0.017000000000001));
#7463=CARTESIAN_POINT('',(0.00799999999999997,0.21,0.5));
#7464=CARTESIAN_POINT('Origin',(0.04719615242271,0.219,0.5));
#7465=CARTESIAN_POINT('',(0.04719615242271,0.219,0.022196152422708));
#7466=CARTESIAN_POINT('',(0.04719615242271,0.219,0.5));
#7467=CARTESIAN_POINT('',(0.0593569219381801,0.240063070659916,0.0343569219381712));
#7468=CARTESIAN_POINT('',(0.042,0.21,0.5));
#7469=CARTESIAN_POINT('Origin',(0.042,0.21,0.5));
#7470=CARTESIAN_POINT('',(0.042,0.089,0.5));
#7471=CARTESIAN_POINT('Origin',(0.108,0.219,0.022196152422708));
#7472=CARTESIAN_POINT('',(0.00280384757729,0.219,0.0221961524227079));
#7473=CARTESIAN_POINT('',(0.108,0.219,0.022196152422708));
#7474=CARTESIAN_POINT('',(0.023843078061853,0.182558983848608,0.00115692193815705));
#7475=CARTESIAN_POINT('',(0.108,0.21,0.017000000000001));
#7476=CARTESIAN_POINT('Origin',(0.108,0.219,0.022196152422708));
#7477=CARTESIAN_POINT('',(0.05280384757729,0.219,0.022196152422708));
#7478=CARTESIAN_POINT('',(0.108,0.219,0.022196152422708));
#7479=CARTESIAN_POINT('',(0.063843078061843,0.199879491924303,0.0111569219381613));
#7480=CARTESIAN_POINT('Origin',(0.108,0.219,0.022196152422708));
#7481=CARTESIAN_POINT('',(-0.05280384757729,0.219,0.022196152422708));
#7482=CARTESIAN_POINT('',(-0.0206430780617997,0.274704086811306,0.0543569219381797));
#7483=CARTESIAN_POINT('',(0.108,0.219,0.022196152422708));
#7484=CARTESIAN_POINT('',(0.108,0.21,0.017000000000001));
#7485=CARTESIAN_POINT('Origin',(0.108,0.219,0.022196152422708));
#7486=CARTESIAN_POINT('',(0.0993569219381701,0.222742562584221,0.0243569219381669));
#7487=CARTESIAN_POINT('',(0.108,0.21,0.0170000000000009));
#7488=CARTESIAN_POINT('',(0.103843078061833,0.217199999999998,0.0211569219381656));
#7489=CARTESIAN_POINT('',(0.108,0.21,0.017000000000001));
#7490=CARTESIAN_POINT('Origin',(0.108,0.21,0.017000000000001));
#7491=CARTESIAN_POINT('',(0.108,0.089,0.017000000000001));
#7492=CARTESIAN_POINT('',(0.108,0.21,0.017000000000001));
#7493=CARTESIAN_POINT('',(0.108,0.089,0.017000000000001));
#7494=CARTESIAN_POINT('Origin',(0.108,0.089,0.017000000000001));
#7495=CARTESIAN_POINT('',(0.092,0.089,0.5));
#7496=CARTESIAN_POINT('',(0.058,0.089,-0.016999999999999));
#7497=CARTESIAN_POINT('',(0.058,0.089,0.5));
#7498=CARTESIAN_POINT('',(0.108,0.089,-0.016999999999999));
#7499=CARTESIAN_POINT('',(-0.00800000000000001,0.089,-0.016999999999999));
#7500=CARTESIAN_POINT('',(0.108,0.089,-0.016999999999999));
#7501=CARTESIAN_POINT('',(-0.00800000000000001,0.089,0.5));
#7502=CARTESIAN_POINT('',(-0.042,0.089,0.5));
#7503=CARTESIAN_POINT('',(-0.108,0.089,0.017000000000001));
#7504=CARTESIAN_POINT('',(-0.108,0.089,0.017000000000001));
#7505=CARTESIAN_POINT('',(0.108,0.089,0.017000000000001));
#7506=CARTESIAN_POINT('',(-0.042,0.089,0.017000000000001));
#7507=CARTESIAN_POINT('',(0.108,0.089,0.017000000000001));
#7508=CARTESIAN_POINT('',(-0.042,0.089,0.5));
#7509=CARTESIAN_POINT('',(-0.00800000000000001,0.089,0.017000000000001));
#7510=CARTESIAN_POINT('',(-0.00800000000000001,0.089,0.5));
#7511=CARTESIAN_POINT('',(0.108,0.089,0.017000000000001));
#7512=CARTESIAN_POINT('',(0.058,0.089,0.5));
#7513=CARTESIAN_POINT('',(0.108,0.089,0.017000000000001));
#7514=CARTESIAN_POINT('Origin',(0.108,0.21,-0.016999999999999));
#7515=CARTESIAN_POINT('',(0.09719615242271,0.219,-0.022196152422705));
#7516=CARTESIAN_POINT('',(0.0952000000000034,0.215542562584223,-0.0202));
#7517=CARTESIAN_POINT('',(0.10280384757729,0.219,-0.022196152422705));
#7518=CARTESIAN_POINT('',(0.108,0.21,-0.016999999999999));
#7519=CARTESIAN_POINT('',(0.108,0.219,-0.022196152422705));
#7520=CARTESIAN_POINT('Origin',(0.108,0.219,-0.022196152422705));
#7521=CARTESIAN_POINT('',(0.09719615242271,0.219,-0.027803847577292));
#7522=CARTESIAN_POINT('',(0.09719615242271,0.219,0.5));
#7523=CARTESIAN_POINT('',(0.10280384757729,0.219,-0.027803847577292));
#7524=CARTESIAN_POINT('',(0.10280384757729,0.219,0.5));
#7525=CARTESIAN_POINT('',(0.108,0.219,-0.027803847577292));
#7526=CARTESIAN_POINT('Origin',(0.108,0.219,-0.027803847577292));
#7527=CARTESIAN_POINT('',(0.0993569219381703,0.222742562584221,-0.0256430780618333));
#7528=CARTESIAN_POINT('',(0.103843078061833,0.217199999999998,-0.0288430780618343));
#7529=CARTESIAN_POINT('Origin',(0.108,0.,0.));
#7530=CARTESIAN_POINT('',(0.108,0.21,0.));
#7531=CARTESIAN_POINT('',(0.108,0.21,0.));
#7532=CARTESIAN_POINT('Origin',(-0.108,0.,0.));
#7533=CARTESIAN_POINT('',(-0.108,0.21,0.017000000000001));
#7534=CARTESIAN_POINT('',(-0.108,0.21,0.));
#7535=CARTESIAN_POINT('',(-0.108,0.21,0.017000000000001));
#7536=CARTESIAN_POINT('',(-0.108,0.21,0.));
#7537=CARTESIAN_POINT('Origin',(-0.10280384757729,0.219,0.5));
#7538=CARTESIAN_POINT('',(-0.10280384757729,0.219,-0.022196152422705));
#7539=CARTESIAN_POINT('',(-0.0647999999999528,0.284824594887008,-0.0602000000000126));
#7540=CARTESIAN_POINT('',(-0.10280384757729,0.219,-0.027803847577292));
#7541=CARTESIAN_POINT('',(-0.10280384757729,0.219,0.5));
#7542=CARTESIAN_POINT('',(-0.060643078061786,0.292024594887006,0.0143569219381793));
#7543=CARTESIAN_POINT('Origin',(-0.10280384757729,0.219,0.5));
#7544=CARTESIAN_POINT('',(-0.0606430780617892,0.292024594887001,0.0643569219381842));
#7545=CARTESIAN_POINT('Origin',(0.108,0.21,0.5));
#7546=CARTESIAN_POINT('Origin',(0.108,0.21,0.5));
#7547=CARTESIAN_POINT('Origin',(0.058,0.21,0.5));
#7548=CARTESIAN_POINT('',(0.05280384757729,0.219,-0.022196152422705));
#7549=CARTESIAN_POINT('',(0.058,0.21,-0.0169999999999991));
#7550=CARTESIAN_POINT('',(0.0680000000000108,0.192679491924304,-0.00699999999999588));
#7551=CARTESIAN_POINT('',(0.058,0.21,0.5));
#7552=CARTESIAN_POINT('',(0.05280384757729,0.219,0.5));
#7553=CARTESIAN_POINT('Origin',(0.09719615242271,0.219,0.5));
#7554=CARTESIAN_POINT('',(0.092,0.21,0.5));
#7555=CARTESIAN_POINT('Origin',(0.092,0.21,0.5));
#7556=CARTESIAN_POINT('Origin',(0.058,0.089,0.5));
#7557=CARTESIAN_POINT('',(0.058,0.089,-0.016999999999999));
#7558=CARTESIAN_POINT('Origin',(0.00799999999999997,0.21,0.5));
#7559=CARTESIAN_POINT('',(0.00280384757728999,0.219,-0.022196152422705));
#7560=CARTESIAN_POINT('',(0.0280000000000215,0.175358983848607,0.00300000000000721));
#7561=CARTESIAN_POINT('',(0.00280384757728999,0.219,-0.027803847577292));
#7562=CARTESIAN_POINT('',(0.0238430780618546,0.182558983848605,-0.0488430780618405));
#7563=CARTESIAN_POINT('',(0.00280384757728999,0.219,0.5));
#7564=CARTESIAN_POINT('Origin',(0.04719615242271,0.219,0.5));
#7565=CARTESIAN_POINT('',(0.04719615242271,0.219,-0.022196152422705));
#7566=CARTESIAN_POINT('',(0.0552000000000142,0.232863070659919,-0.0302000000000031));
#7567=CARTESIAN_POINT('',(0.04719615242271,0.219,0.5));
#7568=CARTESIAN_POINT('Origin',(0.00799999999999997,0.21,0.5));
#7569=CARTESIAN_POINT('',(0.00280384757728999,0.219,0.5));
#7570=CARTESIAN_POINT('Origin',(-0.00800000000000001,0.21,0.5));
#7571=CARTESIAN_POINT('',(-0.00800000000000001,0.21,0.017000000000001));
#7572=CARTESIAN_POINT('Origin',(-0.042,0.089,0.5));
#7573=CARTESIAN_POINT('',(-0.042,0.21,0.017000000000001));
#7574=CARTESIAN_POINT('Origin',(-0.00800000000000001,0.21,0.5));
#7575=CARTESIAN_POINT('',(-0.00800000000000001,0.089,-0.016999999999999));
#7576=CARTESIAN_POINT('Origin',(-0.042,0.089,0.5));
#7577=CARTESIAN_POINT('Origin',(-0.092,0.21,0.5));
#7578=CARTESIAN_POINT('',(-0.09719615242271,0.219,-0.022196152422705));
#7579=CARTESIAN_POINT('',(-0.0519999999999567,0.140717967697215,0.0230000000000135));
#7580=CARTESIAN_POINT('',(-0.09719615242271,0.219,-0.027803847577292));
#7581=CARTESIAN_POINT('',(-0.0561569219381236,0.147917967697213,-0.0688430780618468));
#7582=CARTESIAN_POINT('',(-0.09719615242271,0.219,0.5));
#7583=CARTESIAN_POINT('Origin',(-0.05280384757729,0.219,0.5));
#7584=CARTESIAN_POINT('',(-0.05280384757729,0.219,-0.022196152422705));
#7585=CARTESIAN_POINT('',(-0.0247999999999641,0.267504086811312,-0.0502000000000094));
#7586=CARTESIAN_POINT('',(-0.05280384757729,0.219,-0.027803847577292));
#7587=CARTESIAN_POINT('',(-0.05280384757729,0.219,0.5));
#7588=CARTESIAN_POINT('',(-0.0206430780617973,0.27470408681131,0.00435692193817606));
#7589=CARTESIAN_POINT('Origin',(-0.092,0.21,0.5));
#7590=CARTESIAN_POINT('',(-0.0561569219381268,0.147917967697218,-0.0188430780618515));
#7591=CARTESIAN_POINT('Origin',(-0.05280384757729,0.219,0.5));
#7592=CARTESIAN_POINT('',(-0.05280384757729,0.219,0.5));
#7593=CARTESIAN_POINT('Origin',(0.108,0.21,0.017000000000001));
#7594=CARTESIAN_POINT('Origin',(0.108,0.21,0.017000000000001));
#7595=CARTESIAN_POINT('Origin',(0.108,0.21,0.017000000000001));
#7596=CARTESIAN_POINT('',(0.108,0.21,0.017000000000001));
#7597=CARTESIAN_POINT('Origin',(0.058,0.089,0.5));
#7598=CARTESIAN_POINT('',(0.058,0.21,0.5));
#7599=CARTESIAN_POINT('Origin',(0.09719615242271,0.219,0.5));
#7600=CARTESIAN_POINT('Origin',(0.058,0.21,0.5));
#7601=CARTESIAN_POINT('',(0.05280384757729,0.219,0.5));
#7602=CARTESIAN_POINT('Origin',(0.108,0.219,-0.027803847577292));
#7603=CARTESIAN_POINT('',(0.108,0.219,-0.027803847577292));
#7604=CARTESIAN_POINT('Origin',(0.108,0.219,-0.027803847577292));
#7605=CARTESIAN_POINT('',(0.108,0.219,-0.027803847577292));
#7606=CARTESIAN_POINT('Origin',(0.108,0.219,-0.022196152422705));
#7607=CARTESIAN_POINT('',(0.108,0.219,-0.022196152422705));
#7608=CARTESIAN_POINT('Origin',(0.108,0.219,-0.022196152422705));
#7609=CARTESIAN_POINT('',(0.108,0.219,-0.022196152422705));
#7610=CARTESIAN_POINT('',(0.108,0.219,-0.027803847577292));
#7611=CARTESIAN_POINT('Origin',(0.108,0.219,-0.022196152422705));
#7612=CARTESIAN_POINT('',(0.108,0.219,-0.022196152422705));
#7613=CARTESIAN_POINT('Origin',(0.108,0.219,-0.022196152422705));
#7614=CARTESIAN_POINT('',(0.108,0.219,-0.022196152422705));
#7615=CARTESIAN_POINT('Origin',(0.108,0.21,-0.016999999999999));
#7616=CARTESIAN_POINT('',(0.108,0.21,-0.016999999999999));
#7617=CARTESIAN_POINT('Origin',(0.108,0.21,-0.016999999999999));
#7618=CARTESIAN_POINT('',(0.108,0.21,-0.016999999999999));
#7619=CARTESIAN_POINT('Origin',(0.108,0.21,-0.016999999999999));
#7620=CARTESIAN_POINT('Origin',(0.108,0.21,-0.016999999999999));
#7621=CARTESIAN_POINT('Origin',(0.108,0.089,-0.016999999999999));
#7622=CARTESIAN_POINT('Origin',(0.108,0.089,-0.016999999999999));
#7623=CARTESIAN_POINT('Origin',(0.108,0.219,-0.027803847577292));
#7624=CARTESIAN_POINT('Origin',(0.108,0.219,0.022196152422708));
#7625=CARTESIAN_POINT('Origin',(0.108,0.219,0.027803847577295));
#7626=CARTESIAN_POINT('Origin',(0.108,0.219,0.027803847577295));
#7627=CARTESIAN_POINT('Origin',(0.108,0.219,0.027803847577295));
#7628=CARTESIAN_POINT('',(0.,0.,0.));
#7629=CARTESIAN_POINT('Origin',(-0.042,-0.44445605508514,0.5));
#7630=CARTESIAN_POINT('',(-0.042,-8.53702498020082E-18,0.017));
#7631=CARTESIAN_POINT('',(-0.042,0.01,0.017));
#7632=CARTESIAN_POINT('',(-0.042,0.01,0.017));
#7633=CARTESIAN_POINT('',(-0.042,0.01,0.0555930905438934));
#7634=CARTESIAN_POINT('',(-0.042,0.01,0.5));
#7635=CARTESIAN_POINT('',(-0.042,3.030088246176E-18,0.066));
#7636=CARTESIAN_POINT('',(-0.042,0.,0.066));
#7637=CARTESIAN_POINT('',(-0.042,0.,0.115));
#7638=CARTESIAN_POINT('',(-0.042,0.,0.115));
#7639=CARTESIAN_POINT('',(-0.042,-0.016,0.115));
#7640=CARTESIAN_POINT('',(-0.042,-0.016,0.115));
#7641=CARTESIAN_POINT('',(-0.042,-0.016,0.0403238075793815));
#7642=CARTESIAN_POINT('',(-0.042,-0.016,0.0403238075793815));
#7643=CARTESIAN_POINT('Origin',(-0.042,0.00900000000000052,0.0403238075793816));
#7644=CARTESIAN_POINT('Origin',(-0.00800000000000001,0.01,0.5));
#7645=CARTESIAN_POINT('',(-0.00800000000000001,0.01,0.017));
#7646=CARTESIAN_POINT('',(-0.00800000000000001,-8.53702498020082E-18,0.017));
#7647=CARTESIAN_POINT('',(-0.00800000000000001,0.01,0.017));
#7648=CARTESIAN_POINT('',(-0.00800000000000001,-0.016,0.0403238075793815));
#7649=CARTESIAN_POINT('Origin',(-0.00800000000000001,0.00900000000000052,
0.0403238075793816));
#7650=CARTESIAN_POINT('',(-0.00800000000000001,-0.016,0.115));
#7651=CARTESIAN_POINT('',(-0.00800000000000001,-0.016,0.0403238075793815));
#7652=CARTESIAN_POINT('',(-0.00800000000000001,0.,0.115));
#7653=CARTESIAN_POINT('',(-0.00800000000000001,-0.016,0.115));
#7654=CARTESIAN_POINT('',(-0.00800000000000001,3.030088246176E-18,0.066));
#7655=CARTESIAN_POINT('',(-0.00800000000000001,0.,0.115));
#7656=CARTESIAN_POINT('',(-0.00800000000000001,0.01,0.0555930905438934));
#7657=CARTESIAN_POINT('',(-0.00800000000000001,0.,0.066));
#7658=CARTESIAN_POINT('',(-0.00800000000000001,0.01,0.5));
#7659=CARTESIAN_POINT('Origin',(-0.058,0.01,0.5));
#7660=CARTESIAN_POINT('',(-0.058,0.01,0.017));
#7661=CARTESIAN_POINT('',(-0.058,-8.53702498020082E-18,0.017));
#7662=CARTESIAN_POINT('',(-0.058,0.01,0.017));
#7663=CARTESIAN_POINT('',(-0.058,-0.016,0.0403238075793815));
#7664=CARTESIAN_POINT('Origin',(-0.058,0.00900000000000052,0.0403238075793816));
#7665=CARTESIAN_POINT('',(-0.058,-0.016,0.115));
#7666=CARTESIAN_POINT('',(-0.058,-0.016,0.0403238075793815));
#7667=CARTESIAN_POINT('',(-0.058,0.,0.115));
#7668=CARTESIAN_POINT('',(-0.058,-0.016,0.115));
#7669=CARTESIAN_POINT('',(-0.058,3.030088246176E-18,0.066));
#7670=CARTESIAN_POINT('',(-0.058,0.,0.115));
#7671=CARTESIAN_POINT('',(-0.058,0.01,0.0555930905438934));
#7672=CARTESIAN_POINT('',(-0.058,0.,0.066));
#7673=CARTESIAN_POINT('',(-0.058,0.01,0.5));
#7674=CARTESIAN_POINT('Origin',(-0.042,-0.44445605508514,0.5));
#7675=CARTESIAN_POINT('',(-0.042,0.01,-0.017));
#7676=CARTESIAN_POINT('',(-0.042,-1.0671281225251E-17,-0.017));
#7677=CARTESIAN_POINT('',(-0.042,-8.67361737988404E-18,-0.017));
#7678=CARTESIAN_POINT('',(-0.042,-0.016,-0.0403238075793815));
#7679=CARTESIAN_POINT('Origin',(-0.042,0.0090000000000005,-0.0403238075793815));
#7680=CARTESIAN_POINT('',(-0.042,-0.016,-0.115));
#7681=CARTESIAN_POINT('',(-0.042,-0.016,-0.115));
#7682=CARTESIAN_POINT('',(-0.042,0.,-0.115));
#7683=CARTESIAN_POINT('',(-0.042,0.,-0.115));
#7684=CARTESIAN_POINT('',(-0.042,0.,-0.066));
#7685=CARTESIAN_POINT('',(-0.042,0.,-0.066));
#7686=CARTESIAN_POINT('',(-0.042,0.01,-0.0555930905438934));
#7687=CARTESIAN_POINT('',(-0.042,0.0634194044623617,0.));
#7688=CARTESIAN_POINT('',(-0.042,0.01,0.5));
#7689=CARTESIAN_POINT('Origin',(0.108,0.,-0.066));
#7690=CARTESIAN_POINT('',(0.092,0.,-0.066));
#7691=CARTESIAN_POINT('',(0.092,0.,-0.115));
#7692=CARTESIAN_POINT('',(0.092,0.,-0.066));
#7693=CARTESIAN_POINT('',(0.108,0.,-0.066));
#7694=CARTESIAN_POINT('',(0.108,0.,-0.066));
#7695=CARTESIAN_POINT('',(0.108,0.,-0.115));
#7696=CARTESIAN_POINT('',(0.108,0.,-0.066));
#7697=CARTESIAN_POINT('',(0.108,0.,-0.115));
#7698=CARTESIAN_POINT('Origin',(0.108,0.,-0.066));
#7699=CARTESIAN_POINT('',(0.058,0.,-0.115));
#7700=CARTESIAN_POINT('',(0.058,0.,-0.066));
#7701=CARTESIAN_POINT('',(0.058,0.,-0.066));
#7702=CARTESIAN_POINT('',(0.042,0.,-0.115));
#7703=CARTESIAN_POINT('',(0.108,0.,-0.115));
#7704=CARTESIAN_POINT('',(0.042,0.,-0.066));
#7705=CARTESIAN_POINT('',(0.042,0.,-0.066));
#7706=CARTESIAN_POINT('',(0.108,0.,-0.066));
#7707=CARTESIAN_POINT('Origin',(0.108,0.,-0.066));
#7708=CARTESIAN_POINT('',(-0.092,0.,-0.115));
#7709=CARTESIAN_POINT('',(-0.092,0.,-0.066));
#7710=CARTESIAN_POINT('',(-0.092,0.,-0.066));
#7711=CARTESIAN_POINT('',(-0.108,0.,-0.115));
#7712=CARTESIAN_POINT('',(0.108,0.,-0.115));
#7713=CARTESIAN_POINT('',(-0.108,0.,-0.066));
#7714=CARTESIAN_POINT('',(-0.108,0.,-0.066));
#7715=CARTESIAN_POINT('',(0.108,0.,-0.066));
#7716=CARTESIAN_POINT('Origin',(0.108,0.,-0.115));
#7717=CARTESIAN_POINT('',(-0.092,-0.016,-0.115));
#7718=CARTESIAN_POINT('',(-0.092,0.,-0.115));
#7719=CARTESIAN_POINT('',(-0.108,-0.016,-0.115));
#7720=CARTESIAN_POINT('',(0.108,-0.016,-0.115));
#7721=CARTESIAN_POINT('',(-0.108,0.,-0.115));
#7722=CARTESIAN_POINT('Origin',(0.108,0.,0.115));
#7723=CARTESIAN_POINT('',(0.108,0.,0.066));
#7724=CARTESIAN_POINT('',(0.108,0.,0.115));
#7725=CARTESIAN_POINT('Origin',(0.108,0.,-0.066));
#7726=CARTESIAN_POINT('',(-0.058,0.,-0.115));
#7727=CARTESIAN_POINT('',(0.108,0.,-0.115));
#7728=CARTESIAN_POINT('',(-0.058,0.,-0.066));
#7729=CARTESIAN_POINT('',(-0.058,0.,-0.066));
#7730=CARTESIAN_POINT('',(0.108,0.,-0.066));
#7731=CARTESIAN_POINT('Origin',(0.108,0.,-0.115));
#7732=CARTESIAN_POINT('',(0.092,-0.016,-0.115));
#7733=CARTESIAN_POINT('',(0.092,0.,-0.115));
#7734=CARTESIAN_POINT('',(0.108,-0.016,-0.115));
#7735=CARTESIAN_POINT('',(0.108,0.,-0.115));
#7736=CARTESIAN_POINT('',(0.108,-0.016,-0.115));
#7737=CARTESIAN_POINT('Origin',(0.108,0.,-0.066));
#7738=CARTESIAN_POINT('',(0.00799999999999997,0.,-0.115));
#7739=CARTESIAN_POINT('',(0.00799999999999997,0.,-0.066));
#7740=CARTESIAN_POINT('',(0.00799999999999997,0.,-0.066));
#7741=CARTESIAN_POINT('',(-0.00800000000000001,0.,-0.115));
#7742=CARTESIAN_POINT('',(0.108,0.,-0.115));
#7743=CARTESIAN_POINT('',(-0.00800000000000001,0.,-0.066));
#7744=CARTESIAN_POINT('',(-0.00800000000000001,0.,-0.066));
#7745=CARTESIAN_POINT('',(0.108,0.,-0.066));
#7746=CARTESIAN_POINT('Origin',(0.108,0.0090000000000005,-0.0403238075793815));
#7747=CARTESIAN_POINT('',(0.092,-0.016,-0.0403238075793815));
#7748=CARTESIAN_POINT('',(0.092,-1.0671281225251E-17,-0.017));
#7749=CARTESIAN_POINT('Origin',(0.092,0.0090000000000005,-0.0403238075793815));
#7750=CARTESIAN_POINT('',(0.108,-0.016,-0.0403238075793815));
#7751=CARTESIAN_POINT('',(0.108,-0.016,-0.0403238075793815));
#7752=CARTESIAN_POINT('',(0.108,-1.28055374703012E-17,-0.017));
#7753=CARTESIAN_POINT('Origin',(0.108,0.0090000000000005,-0.0403238075793815));
#7754=CARTESIAN_POINT('',(0.108,-1.28055374703012E-17,-0.017));
#7755=CARTESIAN_POINT('Origin',(0.108,0.0090000000000005,-0.0403238075793815));
#7756=CARTESIAN_POINT('',(0.058,-1.0671281225251E-17,-0.017));
#7757=CARTESIAN_POINT('',(0.058,-0.016,-0.0403238075793815));
#7758=CARTESIAN_POINT('Origin',(0.058,0.0090000000000005,-0.0403238075793815));
#7759=CARTESIAN_POINT('',(0.042,-1.0671281225251E-17,-0.017));
#7760=CARTESIAN_POINT('',(0.108,-1.28055374703012E-17,-0.017));
#7761=CARTESIAN_POINT('',(0.042,-0.016,-0.0403238075793815));
#7762=CARTESIAN_POINT('Origin',(0.042,0.0090000000000005,-0.0403238075793815));
#7763=CARTESIAN_POINT('',(0.108,-0.016,-0.0403238075793815));
#7764=CARTESIAN_POINT('Origin',(0.108,-0.016,-0.115));
#7765=CARTESIAN_POINT('',(-0.058,-0.016,-0.0403238075793815));
#7766=CARTESIAN_POINT('',(0.108,-0.016,-0.0403238075793815));
#7767=CARTESIAN_POINT('',(-0.058,-0.016,-0.115));
#7768=CARTESIAN_POINT('',(-0.058,-0.016,-0.115));
#7769=CARTESIAN_POINT('',(0.108,-0.016,-0.115));
#7770=CARTESIAN_POINT('Origin',(0.108,0.0090000000000005,-0.0403238075793815));
#7771=CARTESIAN_POINT('',(-0.092,-1.0671281225251E-17,-0.017));
#7772=CARTESIAN_POINT('',(-0.092,-0.016,-0.0403238075793815));
#7773=CARTESIAN_POINT('Origin',(-0.092,0.0090000000000005,-0.0403238075793815));
#7774=CARTESIAN_POINT('',(-0.108,-1.28055374703012E-17,-0.017));
#7775=CARTESIAN_POINT('',(0.108,-1.28055374703012E-17,-0.017));
#7776=CARTESIAN_POINT('',(-0.108,-0.016,-0.0403238075793815));
#7777=CARTESIAN_POINT('Origin',(-0.108,0.0090000000000005,-0.0403238075793815));
#7778=CARTESIAN_POINT('',(0.108,-0.016,-0.0403238075793815));
#7779=CARTESIAN_POINT('Origin',(0.108,-8.67361737988404E-18,-0.017));
#7780=CARTESIAN_POINT('',(-0.092,0.01,-0.017));
#7781=CARTESIAN_POINT('',(-0.092,-8.67361737988404E-18,-0.017));
#7782=CARTESIAN_POINT('',(-0.108,0.01,-0.017));
#7783=CARTESIAN_POINT('',(0.108,0.01,-0.017));
#7784=CARTESIAN_POINT('',(-0.108,-8.67361737988404E-18,-0.017));
#7785=CARTESIAN_POINT('Origin',(0.108,-0.016,-0.115));
#7786=CARTESIAN_POINT('',(-0.092,-0.016,-0.115));
#7787=CARTESIAN_POINT('',(-0.108,-0.016,-0.115));
#7788=CARTESIAN_POINT('Origin',(0.108,0.0090000000000005,-0.0403238075793815));
#7789=CARTESIAN_POINT('',(-0.058,-1.0671281225251E-17,-0.017));
#7790=CARTESIAN_POINT('',(0.108,-1.28055374703012E-17,-0.017));
#7791=CARTESIAN_POINT('Origin',(-0.058,0.0090000000000005,-0.0403238075793815));
#7792=CARTESIAN_POINT('Origin',(0.108,-8.67361737988404E-18,-0.017));
#7793=CARTESIAN_POINT('',(0.092,0.01,-0.017));
#7794=CARTESIAN_POINT('',(0.092,-8.67361737988404E-18,-0.017));
#7795=CARTESIAN_POINT('',(0.108,0.01,-0.017));
#7796=CARTESIAN_POINT('',(0.108,-8.67361737988404E-18,-0.017));
#7797=CARTESIAN_POINT('',(0.108,0.01,-0.017));
#7798=CARTESIAN_POINT('Origin',(0.108,0.0090000000000005,-0.0403238075793815));
#7799=CARTESIAN_POINT('',(0.00799999999999997,-1.0671281225251E-17,-0.017));
#7800=CARTESIAN_POINT('',(0.00799999999999997,-0.016,-0.0403238075793815));
#7801=CARTESIAN_POINT('Origin',(0.00799999999999997,0.0090000000000005,
-0.0403238075793815));
#7802=CARTESIAN_POINT('',(-0.00800000000000001,-1.0671281225251E-17,-0.017));
#7803=CARTESIAN_POINT('',(0.108,-1.28055374703012E-17,-0.017));
#7804=CARTESIAN_POINT('',(-0.00800000000000001,-0.016,-0.0403238075793815));
#7805=CARTESIAN_POINT('Origin',(-0.00800000000000001,0.0090000000000005,
-0.0403238075793815));
#7806=CARTESIAN_POINT('',(0.108,-0.016,-0.0403238075793815));
#7807=CARTESIAN_POINT('Origin',(0.108,0.,-0.115));
#7808=CARTESIAN_POINT('',(0.058,-0.016,-0.115));
#7809=CARTESIAN_POINT('',(0.058,0.,-0.115));
#7810=CARTESIAN_POINT('',(0.042,-0.016,-0.115));
#7811=CARTESIAN_POINT('',(0.108,-0.016,-0.115));
#7812=CARTESIAN_POINT('',(0.042,0.,-0.115));
#7813=CARTESIAN_POINT('Origin',(0.108,0.,-0.115));
#7814=CARTESIAN_POINT('',(0.00799999999999997,-0.016,-0.115));
#7815=CARTESIAN_POINT('',(0.00799999999999997,0.,-0.115));
#7816=CARTESIAN_POINT('',(-0.00800000000000001,-0.016,-0.115));
#7817=CARTESIAN_POINT('',(0.108,-0.016,-0.115));
#7818=CARTESIAN_POINT('',(-0.00800000000000001,0.,-0.115));
#7819=CARTESIAN_POINT('Origin',(0.108,0.,-0.115));
#7820=CARTESIAN_POINT('',(-0.058,0.,-0.115));
#7821=CARTESIAN_POINT('Origin',(0.108,-0.016,-0.115));
#7822=CARTESIAN_POINT('',(0.092,-0.016,-0.115));
#7823=CARTESIAN_POINT('',(0.108,-0.016,-0.115));
#7824=CARTESIAN_POINT('Origin',(0.108,-0.016,-0.115));
#7825=CARTESIAN_POINT('',(0.058,-0.016,-0.115));
#7826=CARTESIAN_POINT('',(0.042,-0.016,-0.115));
#7827=CARTESIAN_POINT('Origin',(0.108,-0.016,-0.115));
#7828=CARTESIAN_POINT('',(0.00799999999999997,-0.016,-0.115));
#7829=CARTESIAN_POINT('',(-0.00800000000000001,-0.016,-0.115));
#7830=CARTESIAN_POINT('Origin',(0.058,-0.44445605508514,0.5));
#7831=CARTESIAN_POINT('',(0.058,0.01,-0.017));
#7832=CARTESIAN_POINT('',(0.058,-8.67361737988404E-18,-0.017));
#7833=CARTESIAN_POINT('',(0.058,0.01,-0.0555930905438934));
#7834=CARTESIAN_POINT('',(0.058,0.0634194044623617,0.));
#7835=CARTESIAN_POINT('',(0.058,0.01,0.5));
#7836=CARTESIAN_POINT('Origin',(0.092,0.01,0.5));
#7837=CARTESIAN_POINT('',(0.092,0.01,-0.0555930905438934));
#7838=CARTESIAN_POINT('',(0.092,0.01,0.5));
#7839=CARTESIAN_POINT('',(0.092,0.0634194044623617,0.));
#7840=CARTESIAN_POINT('Origin',(0.042,0.01,0.5));
#7841=CARTESIAN_POINT('',(0.042,0.01,-0.017));
#7842=CARTESIAN_POINT('',(0.042,-8.67361737988404E-18,-0.017));
#7843=CARTESIAN_POINT('',(0.042,0.01,-0.0555930905438934));
#7844=CARTESIAN_POINT('',(0.042,0.01,0.5));
#7845=CARTESIAN_POINT('',(0.042,0.0634194044623617,0.));
#7846=CARTESIAN_POINT('Origin',(0.058,-0.44445605508514,0.5));
#7847=CARTESIAN_POINT('',(0.058,-8.53702498020082E-18,0.017));
#7848=CARTESIAN_POINT('',(0.058,0.01,0.017));
#7849=CARTESIAN_POINT('',(0.058,0.01,0.017));
#7850=CARTESIAN_POINT('',(0.058,0.01,0.0555930905438934));
#7851=CARTESIAN_POINT('',(0.058,0.01,0.5));
#7852=CARTESIAN_POINT('',(0.058,3.030088246176E-18,0.066));
#7853=CARTESIAN_POINT('',(0.058,0.,0.066));
#7854=CARTESIAN_POINT('',(0.058,0.,0.115));
#7855=CARTESIAN_POINT('',(0.058,0.,0.115));
#7856=CARTESIAN_POINT('',(0.058,-0.016,0.115));
#7857=CARTESIAN_POINT('',(0.058,-0.016,0.115));
#7858=CARTESIAN_POINT('',(0.058,-0.016,0.0403238075793815));
#7859=CARTESIAN_POINT('',(0.058,-0.016,0.0403238075793815));
#7860=CARTESIAN_POINT('Origin',(0.058,0.00900000000000052,0.0403238075793816));
#7861=CARTESIAN_POINT('Origin',(0.092,0.01,0.5));
#7862=CARTESIAN_POINT('',(0.092,0.01,0.017));
#7863=CARTESIAN_POINT('',(0.092,-8.53702498020082E-18,0.017));
#7864=CARTESIAN_POINT('',(0.092,0.01,0.017));
#7865=CARTESIAN_POINT('',(0.092,-0.016,0.0403238075793815));
#7866=CARTESIAN_POINT('Origin',(0.092,0.00900000000000052,0.0403238075793816));
#7867=CARTESIAN_POINT('',(0.092,-0.016,0.115));
#7868=CARTESIAN_POINT('',(0.092,-0.016,0.0403238075793815));
#7869=CARTESIAN_POINT('',(0.092,0.,0.115));
#7870=CARTESIAN_POINT('',(0.092,-0.016,0.115));
#7871=CARTESIAN_POINT('',(0.092,3.030088246176E-18,0.066));
#7872=CARTESIAN_POINT('',(0.092,0.,0.115));
#7873=CARTESIAN_POINT('',(0.092,0.01,0.0555930905438934));
#7874=CARTESIAN_POINT('',(0.092,0.,0.066));
#7875=CARTESIAN_POINT('',(0.092,0.01,0.5));
#7876=CARTESIAN_POINT('Origin',(0.042,0.01,0.5));
#7877=CARTESIAN_POINT('',(0.042,0.01,0.017));
#7878=CARTESIAN_POINT('',(0.042,-8.53702498020082E-18,0.017));
#7879=CARTESIAN_POINT('',(0.042,0.01,0.017));
#7880=CARTESIAN_POINT('',(0.042,-0.016,0.0403238075793815));
#7881=CARTESIAN_POINT('Origin',(0.042,0.00900000000000052,0.0403238075793816));
#7882=CARTESIAN_POINT('',(0.042,-0.016,0.115));
#7883=CARTESIAN_POINT('',(0.042,-0.016,0.0403238075793815));
#7884=CARTESIAN_POINT('',(0.042,0.,0.115));
#7885=CARTESIAN_POINT('',(0.042,-0.016,0.115));
#7886=CARTESIAN_POINT('',(0.042,3.030088246176E-18,0.066));
#7887=CARTESIAN_POINT('',(0.042,0.,0.115));
#7888=CARTESIAN_POINT('',(0.042,0.01,0.0555930905438934));
#7889=CARTESIAN_POINT('',(0.042,0.,0.066));
#7890=CARTESIAN_POINT('',(0.042,0.01,0.5));
#7891=CARTESIAN_POINT('Origin',(0.00799999999999997,-0.44445605508514,0.5));
#7892=CARTESIAN_POINT('',(0.00799999999999997,-8.53702498020082E-18,0.017));
#7893=CARTESIAN_POINT('',(0.00799999999999997,0.01,0.017));
#7894=CARTESIAN_POINT('',(0.00799999999999997,0.01,0.017));
#7895=CARTESIAN_POINT('',(0.00799999999999997,0.01,0.0555930905438934));
#7896=CARTESIAN_POINT('',(0.00799999999999997,0.01,0.5));
#7897=CARTESIAN_POINT('',(0.00799999999999997,3.030088246176E-18,0.066));
#7898=CARTESIAN_POINT('',(0.00799999999999997,0.,0.066));
#7899=CARTESIAN_POINT('',(0.00799999999999997,0.,0.115));
#7900=CARTESIAN_POINT('',(0.00799999999999997,0.,0.115));
#7901=CARTESIAN_POINT('',(0.00799999999999997,-0.016,0.115));
#7902=CARTESIAN_POINT('',(0.00799999999999997,-0.016,0.115));
#7903=CARTESIAN_POINT('',(0.00799999999999997,-0.016,0.0403238075793815));
#7904=CARTESIAN_POINT('',(0.00799999999999997,-0.016,0.0403238075793815));
#7905=CARTESIAN_POINT('Origin',(0.00799999999999997,0.00900000000000052,
0.0403238075793816));
#7906=CARTESIAN_POINT('Origin',(0.00799999999999997,-0.44445605508514,0.5));
#7907=CARTESIAN_POINT('',(0.00799999999999997,0.01,-0.017));
#7908=CARTESIAN_POINT('',(0.00799999999999997,-8.67361737988404E-18,-0.017));
#7909=CARTESIAN_POINT('',(0.00799999999999997,0.01,-0.0555930905438934));
#7910=CARTESIAN_POINT('',(0.00799999999999997,0.0634194044623617,0.));
#7911=CARTESIAN_POINT('',(0.00799999999999997,0.01,0.5));
#7912=CARTESIAN_POINT('Origin',(-0.00800000000000001,0.01,0.5));
#7913=CARTESIAN_POINT('',(-0.00800000000000001,0.01,-0.017));
#7914=CARTESIAN_POINT('',(-0.00800000000000001,-8.67361737988404E-18,-0.017));
#7915=CARTESIAN_POINT('',(-0.00800000000000001,0.01,-0.0555930905438934));
#7916=CARTESIAN_POINT('',(-0.00800000000000001,0.01,0.5));
#7917=CARTESIAN_POINT('',(-0.00800000000000001,0.0634194044623617,0.));
#7918=CARTESIAN_POINT('Origin',(-0.058,0.01,0.5));
#7919=CARTESIAN_POINT('',(-0.058,0.01,-0.017));
#7920=CARTESIAN_POINT('',(-0.058,-8.67361737988404E-18,-0.017));
#7921=CARTESIAN_POINT('',(-0.058,0.01,-0.0555930905438934));
#7922=CARTESIAN_POINT('',(-0.058,0.01,0.5));
#7923=CARTESIAN_POINT('',(-0.058,0.0634194044623617,0.));
#7924=CARTESIAN_POINT('Origin',(-0.092,-0.44609430648634,0.5));
#7925=CARTESIAN_POINT('',(-0.092,0.01,-0.0555930905438934));
#7926=CARTESIAN_POINT('',(-0.092,0.0634194044623617,0.));
#7927=CARTESIAN_POINT('',(-0.092,0.01,0.5));
#7928=CARTESIAN_POINT('Origin',(-0.108,0.0090000000000005,-0.0403238075793815));
#7929=CARTESIAN_POINT('',(-0.108,0.01,0.017));
#7930=CARTESIAN_POINT('',(-0.108,0.01,-0.017));
#7931=CARTESIAN_POINT('',(-0.108,-8.53702498020082E-18,0.017));
#7932=CARTESIAN_POINT('',(-0.108,0.01,0.017));
#7933=CARTESIAN_POINT('',(-0.108,-0.016,0.0403238075793815));
#7934=CARTESIAN_POINT('Origin',(-0.108,0.00900000000000052,0.0403238075793816));
#7935=CARTESIAN_POINT('',(-0.108,-0.016,0.115));
#7936=CARTESIAN_POINT('',(-0.108,-0.016,0.0403238075793815));
#7937=CARTESIAN_POINT('',(-0.108,0.,0.115));
#7938=CARTESIAN_POINT('',(-0.108,-0.016,0.115));
#7939=CARTESIAN_POINT('',(-0.108,0.,0.066));
#7940=CARTESIAN_POINT('',(-0.108,0.,0.115));
#7941=CARTESIAN_POINT('',(-0.108,0.0634194044623617,-8.53702498020082E-18));
#7942=CARTESIAN_POINT('',(-0.108,0.,0.066));
#7943=CARTESIAN_POINT('',(-0.108,0.0634194044623617,0.));
#7944=CARTESIAN_POINT('Origin',(0.108,0.0090000000000005,-0.0403238075793815));
#7945=CARTESIAN_POINT('',(0.108,0.0634194044623617,-8.53702498020082E-18));
#7946=CARTESIAN_POINT('',(0.108,0.0634194044623617,0.));
#7947=CARTESIAN_POINT('',(0.108,0.,0.066));
#7948=CARTESIAN_POINT('',(0.108,0.,0.066));
#7949=CARTESIAN_POINT('',(0.108,0.,0.115));
#7950=CARTESIAN_POINT('',(0.108,0.,0.115));
#7951=CARTESIAN_POINT('',(0.108,-0.016,0.115));
#7952=CARTESIAN_POINT('',(0.108,-0.016,0.115));
#7953=CARTESIAN_POINT('',(0.108,-0.016,0.0403238075793815));
#7954=CARTESIAN_POINT('',(0.108,-0.016,0.0403238075793815));
#7955=CARTESIAN_POINT('',(0.108,-8.53702498020082E-18,0.017));
#7956=CARTESIAN_POINT('Origin',(0.108,0.00900000000000052,0.0403238075793816));
#7957=CARTESIAN_POINT('',(0.108,0.01,0.017));
#7958=CARTESIAN_POINT('',(0.108,0.01,0.017));
#7959=CARTESIAN_POINT('',(0.108,0.01,-0.017));
#7960=CARTESIAN_POINT('Origin',(0.108,0.0634194044623617,0.));
#7961=CARTESIAN_POINT('',(0.108,0.01,-0.0555930905438934));
#7962=CARTESIAN_POINT('',(0.108,0.00999999999999999,-0.0555930905438934));
#7963=CARTESIAN_POINT('',(0.108,0.00999999999999998,-0.0555930905438935));
#7964=CARTESIAN_POINT('',(0.108,0.00999999999999996,-0.0555930905438935));
#7965=CARTESIAN_POINT('',(0.108,0.0634194044623617,-8.53702498020082E-18));
#7966=CARTESIAN_POINT('Origin',(0.108,0.,0.066));
#7967=CARTESIAN_POINT('',(0.108,0.,0.066));
#7968=CARTESIAN_POINT('',(-0.092,3.030088246176E-18,0.066));
#7969=CARTESIAN_POINT('',(0.108,0.,0.066));
#7970=CARTESIAN_POINT('',(-0.092,0.01,0.0555930905438934));
#7971=CARTESIAN_POINT('',(-0.092,0.,0.066));
#7972=CARTESIAN_POINT('',(0.108,0.00999999999999996,0.0555930905438935));
#7973=CARTESIAN_POINT('',(0.108,0.00999999999999997,0.0555930905438935));
#7974=CARTESIAN_POINT('',(0.108,0.,0.066));
#7975=CARTESIAN_POINT('',(0.108,0.00999999999999998,0.0555930905438934));
#7976=CARTESIAN_POINT('',(0.108,0.,0.066));
#7977=CARTESIAN_POINT('',(0.108,0.01,0.0555930905438934));
#7978=CARTESIAN_POINT('Origin',(0.108,0.,0.115));
#7979=CARTESIAN_POINT('',(-0.092,0.,0.115));
#7980=CARTESIAN_POINT('',(-0.092,0.,0.115));
#7981=CARTESIAN_POINT('',(0.108,0.,0.115));
#7982=CARTESIAN_POINT('Origin',(0.108,-0.016,0.115));
#7983=CARTESIAN_POINT('',(-0.092,-0.016,0.115));
#7984=CARTESIAN_POINT('',(-0.092,-0.016,0.115));
#7985=CARTESIAN_POINT('',(0.108,-0.016,0.115));
#7986=CARTESIAN_POINT('Origin',(0.108,-0.016,0.0403238075793815));
#7987=CARTESIAN_POINT('',(-0.092,-0.016,0.0403238075793815));
#7988=CARTESIAN_POINT('',(-0.092,-0.016,0.0403238075793815));
#7989=CARTESIAN_POINT('',(0.108,-0.016,0.0403238075793815));
#7990=CARTESIAN_POINT('Origin',(0.108,0.00900000000000052,0.0403238075793816));
#7991=CARTESIAN_POINT('',(-0.092,-8.53702498020082E-18,0.017));
#7992=CARTESIAN_POINT('Origin',(-0.092,0.00900000000000052,0.0403238075793816));
#7993=CARTESIAN_POINT('',(0.108,-8.53702498020082E-18,0.017));
#7994=CARTESIAN_POINT('Origin',(0.108,0.01,0.017));
#7995=CARTESIAN_POINT('',(-0.092,0.01,0.017));
#7996=CARTESIAN_POINT('',(-0.092,0.01,0.017));
#7997=CARTESIAN_POINT('',(0.108,0.01,0.017));
#7998=CARTESIAN_POINT('Origin',(0.108,0.01,-0.017));
#7999=CARTESIAN_POINT('',(0.108,0.01,-0.017));
#8000=CARTESIAN_POINT('',(0.108,0.01,-0.017));
#8001=CARTESIAN_POINT('',(0.108,0.01,-0.017));
#8002=CARTESIAN_POINT('',(0.108,0.01,0.017));
#8003=CARTESIAN_POINT('',(0.108,0.01,0.017));
#8004=CARTESIAN_POINT('',(0.108,0.01,0.017));
#8005=CARTESIAN_POINT('',(0.108,0.01,0.017));
#8006=CARTESIAN_POINT('',(-0.092,0.01,0.5));
#8007=CARTESIAN_POINT('Origin',(0.108,0.01,0.017));
#8008=CARTESIAN_POINT('',(0.108,-8.53702498020082E-18,0.017));
#8009=CARTESIAN_POINT('Origin',(0.108,0.01,0.017));
#8010=CARTESIAN_POINT('',(0.108,-8.53702498020082E-18,0.017));
#8011=CARTESIAN_POINT('Origin',(0.108,0.00900000000000052,0.0403238075793816));
#8012=CARTESIAN_POINT('',(0.108,-0.016,0.0403238075793815));
#8013=CARTESIAN_POINT('Origin',(0.108,0.01,0.017));
#8014=CARTESIAN_POINT('',(0.108,-8.53702498020082E-18,0.017));
#8015=CARTESIAN_POINT('Origin',(0.108,0.01,0.017));
#8016=CARTESIAN_POINT('',(0.108,-8.53702498020082E-18,0.017));
#8017=CARTESIAN_POINT('Origin',(0.108,-8.67361737988404E-18,-0.017));
#8018=CARTESIAN_POINT('Origin',(0.108,-8.67361737988404E-18,-0.017));
#8019=CARTESIAN_POINT('Origin',(0.108,-8.67361737988404E-18,-0.017));
#8020=CARTESIAN_POINT('Origin',(0.108,0.00900000000000052,0.0403238075793816));
#8021=CARTESIAN_POINT('',(0.108,-0.016,0.0403238075793815));
#8022=CARTESIAN_POINT('Origin',(0.108,0.00900000000000052,0.0403238075793816));
#8023=CARTESIAN_POINT('',(0.108,-0.016,0.0403238075793815));
#8024=CARTESIAN_POINT('Origin',(0.108,0.00900000000000052,0.0403238075793816));
#8025=CARTESIAN_POINT('',(0.108,-0.016,0.0403238075793815));
#8026=CARTESIAN_POINT('Origin',(0.108,-0.016,0.0403238075793815));
#8027=CARTESIAN_POINT('',(0.108,-0.016,0.115));
#8028=CARTESIAN_POINT('Origin',(0.108,-0.016,0.0403238075793815));
#8029=CARTESIAN_POINT('',(0.108,-0.016,0.115));
#8030=CARTESIAN_POINT('Origin',(0.108,-0.016,0.0403238075793815));
#8031=CARTESIAN_POINT('',(0.108,-0.016,0.115));
#8032=CARTESIAN_POINT('Origin',(0.108,-0.016,0.0403238075793815));
#8033=CARTESIAN_POINT('',(0.108,-0.016,0.115));
#8034=CARTESIAN_POINT('Origin',(0.108,-0.016,0.115));
#8035=CARTESIAN_POINT('',(0.108,0.,0.115));
#8036=CARTESIAN_POINT('Origin',(0.108,-0.016,0.115));
#8037=CARTESIAN_POINT('',(0.108,0.,0.115));
#8038=CARTESIAN_POINT('Origin',(0.108,-0.016,0.115));
#8039=CARTESIAN_POINT('',(0.108,0.,0.115));
#8040=CARTESIAN_POINT('Origin',(0.108,-0.016,0.115));
#8041=CARTESIAN_POINT('Origin',(0.108,0.,0.115));
#8042=CARTESIAN_POINT('Origin',(0.108,0.,0.115));
#8043=CARTESIAN_POINT('Origin',(0.108,0.,0.115));
#8044=CARTESIAN_POINT('Origin',(-0.092,-0.44609430648634,0.5));
#8045=CARTESIAN_POINT('',(0.,0.,0.));
#8046=CARTESIAN_POINT('',(0.,0.,0.));
#8047=CARTESIAN_POINT('',(0.,0.,0.));
#8048=UNCERTAINTY_MEASURE_WITH_UNIT(LENGTH_MEASURE(0.000393700787401575),
#8059,'DISTANCE_ACCURACY_VALUE',
'Maximum model space distance between geometric entities at asserted c
onnectivities');
#8049=UNCERTAINTY_MEASURE_WITH_UNIT(LENGTH_MEASURE(0.000393700787401575),
#8059,'DISTANCE_ACCURACY_VALUE',
'Maximum model space distance between geometric entities at asserted c
onnectivities');
#8050=UNCERTAINTY_MEASURE_WITH_UNIT(LENGTH_MEASURE(0.000393700787401575),
#8059,'DISTANCE_ACCURACY_VALUE',
'Maximum model space distance between geometric entities at asserted c
onnectivities');
#8051=UNCERTAINTY_MEASURE_WITH_UNIT(LENGTH_MEASURE(0.000393700787401575),
#8059,'DISTANCE_ACCURACY_VALUE',
'Maximum model space distance between geometric entities at asserted c
onnectivities');
#8052=UNCERTAINTY_MEASURE_WITH_UNIT(LENGTH_MEASURE(0.000393700787401575),
#8059,'DISTANCE_ACCURACY_VALUE',
'Maximum model space distance between geometric entities at asserted c
onnectivities');
#8053=(
GEOMETRIC_REPRESENTATION_CONTEXT(3)
GLOBAL_UNCERTAINTY_ASSIGNED_CONTEXT((#8048))
GLOBAL_UNIT_ASSIGNED_CONTEXT((#8059,#8063,#8064))
REPRESENTATION_CONTEXT('','3D')
);
#8054=(
GEOMETRIC_REPRESENTATION_CONTEXT(3)
GLOBAL_UNCERTAINTY_ASSIGNED_CONTEXT((#8049))
GLOBAL_UNIT_ASSIGNED_CONTEXT((#8059,#8063,#8064))
REPRESENTATION_CONTEXT('','3D')
);
#8055=(
GEOMETRIC_REPRESENTATION_CONTEXT(3)
GLOBAL_UNCERTAINTY_ASSIGNED_CONTEXT((#8050))
GLOBAL_UNIT_ASSIGNED_CONTEXT((#8059,#8063,#8064))
REPRESENTATION_CONTEXT('','3D')
);
#8056=(
GEOMETRIC_REPRESENTATION_CONTEXT(3)
GLOBAL_UNCERTAINTY_ASSIGNED_CONTEXT((#8051))
GLOBAL_UNIT_ASSIGNED_CONTEXT((#8059,#8063,#8064))
REPRESENTATION_CONTEXT('','3D')
);
#8057=(
GEOMETRIC_REPRESENTATION_CONTEXT(3)
GLOBAL_UNCERTAINTY_ASSIGNED_CONTEXT((#8052))
GLOBAL_UNIT_ASSIGNED_CONTEXT((#8059,#8063,#8064))
REPRESENTATION_CONTEXT('','3D')
);
#8058=DIMENSIONAL_EXPONENTS(1.,0.,0.,0.,0.,0.,0.);
#8059=(
CONVERSION_BASED_UNIT('inch',#8062)
LENGTH_UNIT()
NAMED_UNIT(#8058)
);
#8060=(
LENGTH_UNIT()
NAMED_UNIT(*)
SI_UNIT(.MILLI.,.METRE.)
);
#8061=(
LENGTH_UNIT()
NAMED_UNIT(*)
SI_UNIT($,.METRE.)
);
#8062=LENGTH_MEASURE_WITH_UNIT(LENGTH_MEASURE(25.4),#8060);
#8063=(
NAMED_UNIT(*)
PLANE_ANGLE_UNIT()
SI_UNIT($,.RADIAN.)
);
#8064=(
NAMED_UNIT(*)
SI_UNIT($,.STERADIAN.)
SOLID_ANGLE_UNIT()
);
#8065=SHAPE_DEFINITION_REPRESENTATION(#8069,#8076);
#8066=SHAPE_DEFINITION_REPRESENTATION(#8070,#8077);
#8067=SHAPE_DEFINITION_REPRESENTATION(#8071,#8078);
#8068=SHAPE_DEFINITION_REPRESENTATION(#8072,#8079);
#8069=PRODUCT_DEFINITION_SHAPE('',$,#8081);
#8070=PRODUCT_DEFINITION_SHAPE('',$,#8082);
#8071=PRODUCT_DEFINITION_SHAPE('',$,#8083);
#8072=PRODUCT_DEFINITION_SHAPE('',$,#8084);
#8073=PRODUCT_DEFINITION_SHAPE($,$,#20);
#8074=PRODUCT_DEFINITION_SHAPE($,$,#21);
#8075=PRODUCT_DEFINITION_SHAPE($,$,#22);
#8076=SHAPE_REPRESENTATION('',(#5176,#5452,#5453,#5454),#8053);
#8077=SHAPE_REPRESENTATION('',(#5177),#8054);
#8078=SHAPE_REPRESENTATION('',(#5268),#8055);
#8079=SHAPE_REPRESENTATION('',(#5360),#8056);
#8080=PRODUCT_DEFINITION_CONTEXT('part definition',#8094,'design');
#8081=PRODUCT_DEFINITION('(Nicht gespeichert)','(Nicht gespeichert)',#8085,
#8080);
#8082=PRODUCT_DEFINITION('_FTSH-105-01-F-DV-K_body',
'_FTSH-105-01-F-DV-K_body',#8086,#8080);
#8083=PRODUCT_DEFINITION('_FTSH-105-01-F-DV-K_pins1',
'_FTSH-105-01-F-DV-K_pins1',#8087,#8080);
#8084=PRODUCT_DEFINITION('_FTSH-105-01-F-DV-K_pins2',
'_FTSH-105-01-F-DV-K_pins2',#8088,#8080);
#8085=PRODUCT_DEFINITION_FORMATION('',$,#8096);
#8086=PRODUCT_DEFINITION_FORMATION('',$,#8097);
#8087=PRODUCT_DEFINITION_FORMATION('',$,#8098);
#8088=PRODUCT_DEFINITION_FORMATION('',$,#8099);
#8089=PRODUCT_RELATED_PRODUCT_CATEGORY('(Nicht gespeichert)',
'(Nicht gespeichert)',(#8096));
#8090=PRODUCT_RELATED_PRODUCT_CATEGORY('_FTSH-105-01-F-DV-K_body',
'_FTSH-105-01-F-DV-K_body',(#8097));
#8091=PRODUCT_RELATED_PRODUCT_CATEGORY('_FTSH-105-01-F-DV-K_pins1',
'_FTSH-105-01-F-DV-K_pins1',(#8098));
#8092=PRODUCT_RELATED_PRODUCT_CATEGORY('_FTSH-105-01-F-DV-K_pins2',
'_FTSH-105-01-F-DV-K_pins2',(#8099));
#8093=APPLICATION_PROTOCOL_DEFINITION('international standard',
'automotive_design',2009,#8094);
#8094=APPLICATION_CONTEXT(
'Core Data for Automotive Mechanical Design Process');
#8095=PRODUCT_CONTEXT('part definition',#8094,'mechanical');
#8096=PRODUCT('(Nicht gespeichert)','(Nicht gespeichert)',$,(#8095));
#8097=PRODUCT('_FTSH-105-01-F-DV-K_body','_FTSH-105-01-F-DV-K_body',$,(#8095));
#8098=PRODUCT('_FTSH-105-01-F-DV-K_pins1','_FTSH-105-01-F-DV-K_pins1',$,
(#8095));
#8099=PRODUCT('_FTSH-105-01-F-DV-K_pins2','_FTSH-105-01-F-DV-K_pins2',$,
(#8095));
#8100=PRESENTATION_STYLE_ASSIGNMENT((#8104));
#8101=PRESENTATION_STYLE_ASSIGNMENT((#8105));
#8102=PRESENTATION_STYLE_ASSIGNMENT((#8106));
#8103=PRESENTATION_STYLE_ASSIGNMENT((#8107));
#8104=SURFACE_STYLE_USAGE(.BOTH.,#8108);
#8105=SURFACE_STYLE_USAGE(.BOTH.,#8109);
#8106=SURFACE_STYLE_USAGE(.BOTH.,#8110);
#8107=SURFACE_STYLE_USAGE(.BOTH.,#8111);
#8108=SURFACE_SIDE_STYLE('',(#8112));
#8109=SURFACE_SIDE_STYLE('',(#8113));
#8110=SURFACE_SIDE_STYLE('',(#8114));
#8111=SURFACE_SIDE_STYLE('',(#8115));
#8112=SURFACE_STYLE_FILL_AREA(#8116);
#8113=SURFACE_STYLE_FILL_AREA(#8117);
#8114=SURFACE_STYLE_FILL_AREA(#8118);
#8115=SURFACE_STYLE_FILL_AREA(#8119);
#8116=FILL_AREA_STYLE('Stahl - satiniert',(#8120));
#8117=FILL_AREA_STYLE('Opaque(128,128,128)',(#8121));
#8118=FILL_AREA_STYLE('Opaque(255,255,0)',(#8122));
#8119=FILL_AREA_STYLE('Opaque(255,255,255)',(#8123));
#8120=FILL_AREA_STYLE_COLOUR('Stahl - satiniert',#8124);
#8121=FILL_AREA_STYLE_COLOUR('Opaque(128,128,128)',#8125);
#8122=FILL_AREA_STYLE_COLOUR('Opaque(255,255,0)',#8126);
#8123=FILL_AREA_STYLE_COLOUR('Opaque(255,255,255)',#8127);
#8124=COLOUR_RGB('Stahl - satiniert',0.627450980392157,0.627450980392157,
0.627450980392157);
#8125=COLOUR_RGB('Opaque(128,128,128)',0.501960784313725,0.501960784313725,
0.501960784313725);
#8126=COLOUR_RGB('Opaque(255,255,0)',1.,1.,0.);
#8127=COLOUR_RGB('Opaque(255,255,255)',1.,1.,1.);
ENDSEC;
END-ISO-10303-21;
