ISO-10303-21;
HEADER;
FILE_DESCRIPTION (( 'STEP AP214' ),
    '1' );
FILE_NAME ('User Library-LPS3015.STEP',
    '2021-01-02T15:03:45',
    ( '' ),
    ( '' ),
    'SwSTEP 2.0',
    'SolidWorks 2020',
    '' );
FILE_SCHEMA (( 'AUTOMOTIVE_DESIGN' ));
ENDSEC;

DATA;
#1 = CARTESIAN_POINT ( 'NONE',  ( 1.399999999999999689, -1.199999999999999956, 1.399999999999999911 ) ) ;
#2 = EDGE_CURVE ( 'NONE', #803, #545, #304, .T. ) ;
#3 =( NAMED_UNIT ( * ) PLANE_ANGLE_UNIT ( ) SI_UNIT ( $, .RADIAN. ) );
#4 = VECTOR ( 'NONE', #1482, 1000.000000000000000 ) ;
#5 = ORIENTED_EDGE ( 'NONE', *, *, #303, .T. ) ;
#6 = CYLINDRICAL_SURFACE ( 'NONE', #1784, 0.1000000000000000472 ) ;
#7 =( GEOMETRIC_REPRESENTATION_CONTEXT ( 3 ) GLOBAL_UNCERTAINTY_ASSIGNED_CONTEXT ( ( #1394 ) ) GLOBAL_UNIT_ASSIGNED_CONTEXT ( ( #963, #1258, #1386 ) ) REPRESENTATION_CONTEXT ( 'NONE', 'WORKASPACE' ) );
#8 = ORIENTED_EDGE ( 'NONE', *, *, #283, .T. ) ;
#9 = CARTESIAN_POINT ( 'NONE',  ( 0.5999999999999999778, -0.9219544457292893069, 0.0000000000000000000 ) ) ;
#10 = CARTESIAN_POINT ( 'NONE',  ( 0.0000000000000000000, 0.0000000000000000000, 0.0000000000000000000 ) ) ;
#11 = DIRECTION ( 'NONE',  ( -1.000000000000000000, 0.0000000000000000000, 0.0000000000000000000 ) ) ;
#12 = DIRECTION ( 'NONE',  ( -0.0000000000000000000, 0.0000000000000000000, 1.000000000000000000 ) ) ;
#13 = CARTESIAN_POINT ( 'NONE',  ( -1.275000000000000133, 0.0000000000000000000, 1.399999999999999911 ) ) ;
#14 = ORIENTED_EDGE ( 'NONE', *, *, #238, .F. ) ;
#15 = EDGE_CURVE ( 'NONE', #453, #1060, #465, .T. ) ;
#16 = EDGE_CURVE ( 'NONE', #1664, #1112, #1194, .T. ) ;
#17 = PLANE ( 'NONE',  #1585 ) ;
#18 = LINE ( 'NONE', #603, #1158 ) ;
#19 = ORIENTED_EDGE ( 'NONE', *, *, #979, .T. ) ;
#20 = DIRECTION ( 'NONE',  ( 1.000000000000000000, 1.807003620809174139E-16, -0.0000000000000000000 ) ) ;
#21 = CARTESIAN_POINT ( 'NONE',  ( 0.5000000000000001110, 0.9797958971132715300, 0.2000000000000000389 ) ) ;
#22 = LINE ( 'NONE', #1685, #234 ) ;
#23 = ORIENTED_EDGE ( 'NONE', *, *, #1335, .F. ) ;
#24 = FACE_OUTER_BOUND ( 'NONE', #551, .T. ) ;
#25 = DIRECTION ( 'NONE',  ( 0.0000000000000000000, 1.000000000000000000, 0.0000000000000000000 ) ) ;
#26 = EDGE_CURVE ( 'NONE', #1516, #133, #1422, .T. ) ;
#27 = VERTEX_POINT ( 'NONE', #1566 ) ;
#28 = CARTESIAN_POINT ( 'NONE',  ( -1.074999999999999956, 0.0000000000000000000, 1.350000000000000089 ) ) ;
#29 = LINE ( 'NONE', #1428, #1465 ) ;
#30 = DIRECTION ( 'NONE',  ( -0.0000000000000000000, -0.0000000000000000000, -1.000000000000000000 ) ) ;
#31 = CARTESIAN_POINT ( 'NONE',  ( -0.6000000000000000888, 0.9219544457292890849, 0.1099413765445178687 ) ) ;
#32 = CIRCLE ( 'NONE', #284, 0.1499999999999999667 ) ;
#33 = DIRECTION ( 'NONE',  ( -1.000000000000000000, 0.0000000000000000000, 0.0000000000000000000 ) ) ;
#34 = DIRECTION ( 'NONE',  ( 0.7071067811865475727, -0.7071067811865475727, 0.0000000000000000000 ) ) ;
#35 = VECTOR ( 'NONE', #1030, 1000.000000000000000 ) ;
#36 = ORIENTED_EDGE ( 'NONE', *, *, #1745, .F. ) ;
#37 = AXIS2_PLACEMENT_3D ( 'NONE', #1712, #1590, #755 ) ;
#38 = CIRCLE ( 'NONE', #508, 0.1500000000000000777 ) ;
#39 = ADVANCED_FACE ( 'NONE', ( #1172 ), #333, .F. ) ;
#40 = FACE_OUTER_BOUND ( 'NONE', #296, .T. ) ;
#41 = VECTOR ( 'NONE', #544, 1000.000000000000000 ) ;
#42 = UNCERTAINTY_MEASURE_WITH_UNIT (LENGTH_MEASURE( 1.000000000000000082E-05 ), #1073, 'distance_accuracy_value', 'NONE');
#43 = CARTESIAN_POINT ( 'NONE',  ( 1.050000000000000044, 0.0000000000000000000, 1.000000000000000000 ) ) ;
#44 = CARTESIAN_POINT ( 'NONE',  ( -0.5984611282738323546, 0.9229604073532718944, 0.1200206398586654566 ) ) ;
#45 = CARTESIAN_POINT ( 'NONE',  ( -1.399999999999999689, -1.199999999999999734, 1.350000000000000089 ) ) ;
#46 = DIRECTION ( 'NONE',  ( -1.000000000000000000, 0.0000000000000000000, 0.0000000000000000000 ) ) ;
#47 = ORIENTED_EDGE ( 'NONE', *, *, #1717, .F. ) ;
#48 = CARTESIAN_POINT ( 'NONE',  ( -0.5955933015336538627, -0.9248073416491906507, 0.1293584860286752514 ) ) ;
#49 = ORIENTED_EDGE ( 'NONE', *, *, #1289, .F. ) ;
#50 = CARTESIAN_POINT ( 'NONE',  ( 0.6647664931669169386, -0.8764048776464905544, 1.000000000000000000 ) ) ;
#51 = EDGE_CURVE ( 'NONE', #453, #1627, #164, .T. ) ;
#52 = ORIENTED_EDGE ( 'NONE', *, *, #267, .F. ) ;
#53 = CARTESIAN_POINT ( 'NONE',  ( -1.274999999999999911, 1.474999999999999645, 0.2000000000000000944 ) ) ;
#54 = LINE ( 'NONE', #611, #291 ) ;
#55 = ORIENTED_EDGE ( 'NONE', *, *, #1233, .T. ) ;
#56 = DIRECTION ( 'NONE',  ( -1.000000000000000000, 0.0000000000000000000, -0.0000000000000000000 ) ) ;
#57 = ORIENTED_EDGE ( 'NONE', *, *, #1434, .F. ) ;
#58 = DIRECTION ( 'NONE',  ( -1.000000000000000000, 0.0000000000000000000, 0.0000000000000000000 ) ) ;
#59 = CARTESIAN_POINT ( 'NONE',  ( -1.474999999999999867, 1.274999999999999689, -4.336808689942017736E-16 ) ) ;
#60 = EDGE_CURVE ( 'NONE', #838, #1613, #897, .T. ) ;
#61 = VECTOR ( 'NONE', #1558, 1000.000000000000000 ) ;
#62 = CARTESIAN_POINT ( 'NONE',  ( -0.5636019950057551409, 0.9446442670262354957, 0.1771672613955419529 ) ) ;
#63 = CLOSED_SHELL ( 'NONE', ( #1797, #390, #255, #1507, #498, #1373, #362, #1314, #839, #1117, #561, #598, #707, #1645, #1639, #1382, #696, #194, #1647, #327, #906, #929, #1734, #246, #510, #1079, #1323, #1493, #87, #379, #636, #165, #495, #1521, #645, #750, #1160, #1237, #1556, #1264, #127, #39, #1179, #1103, #183, #829, #1110, #1591 ) ) ;
#64 = DIRECTION ( 'NONE',  ( -1.000000000000000000, 0.0000000000000000000, 0.0000000000000000000 ) ) ;
#65 = DIRECTION ( 'NONE',  ( 0.0000000000000000000, -0.0000000000000000000, 1.000000000000000000 ) ) ;
#66 = PRESENTATION_LAYER_ASSIGNMENT (  '', '', ( #879 ) ) ;
#67 = ORIENTED_EDGE ( 'NONE', *, *, #1626, .T. ) ;
#68 = CIRCLE ( 'NONE', #793, 0.2000000000000000944 ) ;
#69 = AXIS2_PLACEMENT_3D ( 'NONE', #1675, #597, #1418 ) ;
#70 = ORIENTED_EDGE ( 'NONE', *, *, #572, .F. ) ;
#71 = VECTOR ( 'NONE', #1225, 1000.000000000000000 ) ;
#72 =( GEOMETRIC_REPRESENTATION_CONTEXT ( 3 ) GLOBAL_UNCERTAINTY_ASSIGNED_CONTEXT ( ( #1355 ) ) GLOBAL_UNIT_ASSIGNED_CONTEXT ( ( #1760, #642, #784 ) ) REPRESENTATION_CONTEXT ( 'NONE', 'WORKASPACE' ) );
#73 = CARTESIAN_POINT ( 'NONE',  ( 1.474999999999999645, 1.274999999999999689, -1.626303258728256651E-16 ) ) ;
#74 = LINE ( 'NONE', #464, #848 ) ;
#75 = DIRECTION ( 'NONE',  ( 0.0000000000000000000, 0.0000000000000000000, 1.000000000000000000 ) ) ;
#76 = DIRECTION ( 'NONE',  ( 0.7071067811865475727, 0.7071067811865475727, -0.0000000000000000000 ) ) ;
#77 = EDGE_LOOP ( 'NONE', ( #1200, #318 ) ) ;
#78 = EDGE_CURVE ( 'NONE', #545, #199, #1049, .T. ) ;
#79 = CARTESIAN_POINT ( 'NONE',  ( -0.5927334316607667519, -0.9266491515730954642, 0.1386704240774866981 ) ) ;
#80 = ORIENTED_EDGE ( 'NONE', *, *, #1017, .T. ) ;
#81 = DIRECTION ( 'NONE',  ( -0.0000000000000000000, -0.0000000000000000000, -1.000000000000000000 ) ) ;
#82 = DIRECTION ( 'NONE',  ( 0.0000000000000000000, 0.0000000000000000000, -1.000000000000000000 ) ) ;
#83 = DIRECTION ( 'NONE',  ( -1.000000000000000000, 0.0000000000000000000, 0.0000000000000000000 ) ) ;
#84 = CARTESIAN_POINT ( 'NONE',  ( 0.6000000000000000888, 1.474999999999999645, 0.1000000000000000194 ) ) ;
#85 = CARTESIAN_POINT ( 'NONE',  ( 0.6647664931669168276, -0.8764048776464905544, 0.0000000000000000000 ) ) ;
#86 = ORIENTED_EDGE ( 'NONE', *, *, #951, .T. ) ;
#87 = ADVANCED_FACE ( 'NONE', ( #1316 ), #907, .T. ) ;
#88 = ORIENTED_EDGE ( 'NONE', *, *, #78, .F. ) ;
#89 = SURFACE_STYLE_USAGE ( .BOTH. , #1078 ) ;
#90 = SURFACE_STYLE_USAGE ( .BOTH. , #1747 ) ;
#91 = ORIENTED_EDGE ( 'NONE', *, *, #1170, .T. ) ;
#92 = LINE ( 'NONE', #938, #436 ) ;
#93 = ORIENTED_EDGE ( 'NONE', *, *, #1409, .F. ) ;
#94 = PLANE ( 'NONE',  #1469 ) ;
#95 = AXIS2_PLACEMENT_3D ( 'NONE', #178, #1549, #46 ) ;
#96 = EDGE_CURVE ( 'NONE', #810, #1551, #1646, .T. ) ;
#97 = EDGE_CURVE ( 'NONE', #1270, #637, #680, .T. ) ;
#98 =( GEOMETRIC_REPRESENTATION_CONTEXT ( 3 ) GLOBAL_UNCERTAINTY_ASSIGNED_CONTEXT ( ( #1083 ) ) GLOBAL_UNIT_ASSIGNED_CONTEXT ( ( #828, #149, #843 ) ) REPRESENTATION_CONTEXT ( 'NONE', 'WORKASPACE' ) );
#99 = VECTOR ( 'NONE', #1678, 1000.000000000000000 ) ;
#100 = VECTOR ( 'NONE', #981, 1000.000000000000000 ) ;
#101 = FACE_OUTER_BOUND ( 'NONE', #701, .T. ) ;
#102 = ORIENTED_EDGE ( 'NONE', *, *, #78, .T. ) ;
#103 = COLOUR_RGB ( '',0.2000000000000000111, 0.2000000000000000111, 0.2000000000000000111 ) ;
#104 = UNCERTAINTY_MEASURE_WITH_UNIT (LENGTH_MEASURE( 1.000000000000000082E-05 ), #1105, 'distance_accuracy_value', 'NONE');
#105 = FACE_BOUND ( 'NONE', #219, .T. ) ;
#106 = VERTEX_POINT ( 'NONE', #403 ) ;
#107 = EDGE_CURVE ( 'NONE', #1153, #1032, #1628, .T. ) ;
#108 = FILL_AREA_STYLE_COLOUR ( '', #795 ) ;
#109 = ORIENTED_EDGE ( 'NONE', *, *, #203, .F. ) ;
#110 = ORIENTED_EDGE ( 'NONE', *, *, #661, .F. ) ;
#111 = CARTESIAN_POINT ( 'NONE',  ( 0.5000000000000001110, 0.9797958971132715300, 0.2000000000000000389 ) ) ;
#112 = CARTESIAN_POINT ( 'NONE',  ( 1.399999999999999689, -1.199999999999999734, 1.350000000000000089 ) ) ;
#113 = EDGE_CURVE ( 'NONE', #1396, #1636, #1257, .T. ) ;
#114 = DIRECTION ( 'NONE',  ( 1.000000000000000000, -1.102578480493733066E-16, 0.0000000000000000000 ) ) ;
#115 = ORIENTED_EDGE ( 'NONE', *, *, #1775, .T. ) ;
#116 = EDGE_CURVE ( 'NONE', #566, #1463, #134, .T. ) ;
#117 = CARTESIAN_POINT ( 'NONE',  ( 1.399999999999999689, 0.0000000000000000000, 1.399999999999999911 ) ) ;
#118 = EDGE_LOOP ( 'NONE', ( #1338, #232, #19, #364, #575, #1349, #808, #1761, #417, #1485, #957, #1644, #485, #1370, #1053 ) ) ;
#119 = VECTOR ( 'NONE', #1410, 1000.000000000000000 ) ;
#120 = AXIS2_PLACEMENT_3D ( 'NONE', #1276, #1694, #1263 ) ;
#121 = CARTESIAN_POINT ( 'NONE',  ( 0.7778174593052022967, -0.7778174593052027408, 1.000000000000000000 ) ) ;
#122 = COLOUR_RGB ( '',1.000000000000000000, 1.000000000000000000, 1.000000000000000000 ) ;
#123 = FILL_AREA_STYLE_COLOUR ( '', #1788 ) ;
#124 = VECTOR ( 'NONE', #1732, 1000.000000000000114 ) ;
#125 = EDGE_LOOP ( 'NONE', ( #1024, #913, #972, #718 ) ) ;
#126 = LINE ( 'NONE', #692, #797 ) ;
#127 = ADVANCED_FACE ( 'NONE', ( #1602 ), #1091, .F. ) ;
#128 = AXIS2_PLACEMENT_3D ( 'NONE', #310, #1706, #1451 ) ;
#129 = ORIENTED_EDGE ( 'NONE', *, *, #168, .T. ) ;
#130 = VERTEX_POINT ( 'NONE', #1513 ) ;
#131 = DIRECTION ( 'NONE',  ( 0.0000000000000000000, 1.000000000000000000, 0.0000000000000000000 ) ) ;
#132 = ORIENTED_EDGE ( 'NONE', *, *, #1486, .F. ) ;
#133 = VERTEX_POINT ( 'NONE', #1475 ) ;
#134 = LINE ( 'NONE', #1796, #1578 ) ;
#135 = FILL_AREA_STYLE_COLOUR ( '', #103 ) ;
#136 = CARTESIAN_POINT ( 'NONE',  ( 1.274999999999999911, 1.474999999999999645, -4.336808689942017736E-16 ) ) ;
#137 = VERTEX_POINT ( 'NONE', #1344 ) ;
#138 = CARTESIAN_POINT ( 'NONE',  ( 0.5000000000000000000, -5.512892402468666561E-17, 0.1000000000000000056 ) ) ;
#139 = ORIENTED_EDGE ( 'NONE', *, *, #1248, .T. ) ;
#140 = DIRECTION ( 'NONE',  ( 0.0000000000000000000, -0.0000000000000000000, -1.000000000000000000 ) ) ;
#141 = CARTESIAN_POINT ( 'NONE',  ( 0.5999999999999999778, -0.9219544457292894180, 0.2000000000000000111 ) ) ;
#142 = AXIS2_PLACEMENT_3D ( 'NONE', #121, #1250, #1168 ) ;
#143 = EDGE_CURVE ( 'NONE', #637, #616, #586, .T. ) ;
#144 = VECTOR ( 'NONE', #223, 1000.000000000000000 ) ;
#145 =( NAMED_UNIT ( * ) SI_UNIT ( $, .STERADIAN. ) SOLID_ANGLE_UNIT ( ) );
#146 = CARTESIAN_POINT ( 'NONE',  ( -0.6000000000000000888, 1.474999999999999645, 0.1000000000000000056 ) ) ;
#147 = MECHANICAL_DESIGN_GEOMETRIC_PRESENTATION_REPRESENTATION (  '', ( #676 ), #946 ) ;
#148 = ORIENTED_EDGE ( 'NONE', *, *, #1044, .F. ) ;
#149 =( NAMED_UNIT ( * ) PLANE_ANGLE_UNIT ( ) SI_UNIT ( $, .RADIAN. ) );
#150 = DIRECTION ( 'NONE',  ( -0.0000000000000000000, -0.0000000000000000000, -1.000000000000000000 ) ) ;
#151 = ORIENTED_EDGE ( 'NONE', *, *, #904, .F. ) ;
#152 = VECTOR ( 'NONE', #1114, 1000.000000000000000 ) ;
#153 = CARTESIAN_POINT ( 'NONE',  ( 1.050000000000000044, 0.0000000000000000000, 0.02000000000000005246 ) ) ;
#154 = ORIENTED_EDGE ( 'NONE', *, *, #1278, .T. ) ;
#155 = PLANE ( 'NONE',  #402 ) ;
#156 = EDGE_CURVE ( 'NONE', #257, #212, #1739, .T. ) ;
#157 = DIRECTION ( 'NONE',  ( -0.0000000000000000000, -0.0000000000000000000, -1.000000000000000000 ) ) ;
#158 = EDGE_LOOP ( 'NONE', ( #1720, #392, #1014, #483 ) ) ;
#159 = LINE ( 'NONE', #1801, #1193 ) ;
#160 = CARTESIAN_POINT ( 'NONE',  ( 0.0000000000000000000, 0.0000000000000000000, 0.02000000000000005246 ) ) ;
#161 = ORIENTED_EDGE ( 'NONE', *, *, #787, .F. ) ;
#162 = FACE_OUTER_BOUND ( 'NONE', #691, .T. ) ;
#163 = DIRECTION ( 'NONE',  ( -1.000000000000000000, 0.0000000000000000000, 0.0000000000000000000 ) ) ;
#164 = LINE ( 'NONE', #731, #1217 ) ;
#165 = ADVANCED_FACE ( 'NONE', ( #1372 ), #1059, .F. ) ;
#166 = FACE_OUTER_BOUND ( 'NONE', #746, .T. ) ;
#167 = CARTESIAN_POINT ( 'NONE',  ( -1.474999999999999867, 1.274999999999999689, 1.350000000000000089 ) ) ;
#168 = EDGE_CURVE ( 'NONE', #27, #253, #349, .T. ) ;
#169 = ORIENTED_EDGE ( 'NONE', *, *, #395, .F. ) ;
#170 = EDGE_CURVE ( 'NONE', #902, #838, #703, .T. ) ;
#171 = CARTESIAN_POINT ( 'NONE',  ( -0.5884976795166910746, -0.9293588277999739189, 0.1474967487136005506 ) ) ;
#172 = DIRECTION ( 'NONE',  ( -0.0000000000000000000, -0.0000000000000000000, -1.000000000000000000 ) ) ;
#173 = VECTOR ( 'NONE', #1286, 1000.000000000000000 ) ;
#174 = DIRECTION ( 'NONE',  ( -0.7071067811865475727, 0.7071067811865475727, 0.0000000000000000000 ) ) ;
#175 = SURFACE_SIDE_STYLE ('',( #1442 ) ) ;
#176 =( GEOMETRIC_REPRESENTATION_CONTEXT ( 3 ) GLOBAL_UNCERTAINTY_ASSIGNED_CONTEXT ( ( #1113 ) ) GLOBAL_UNIT_ASSIGNED_CONTEXT ( ( #321, #196, #1192 ) ) REPRESENTATION_CONTEXT ( 'NONE', 'WORKASPACE' ) );
#177 = LINE ( 'NONE', #908, #124 ) ;
#178 = CARTESIAN_POINT ( 'NONE',  ( 0.0000000000000000000, 0.0000000000000000000, 1.000000000000000000 ) ) ;
#179 = AXIS2_PLACEMENT_3D ( 'NONE', #844, #876, #1700 ) ;
#180 = VERTEX_POINT ( 'NONE', #112 ) ;
#181 = PRESENTATION_LAYER_ASSIGNMENT (  '', '', ( #921 ) ) ;
#182 = DIRECTION ( 'NONE',  ( -0.0000000000000000000, -0.0000000000000000000, -1.000000000000000000 ) ) ;
#183 = ADVANCED_FACE ( 'NONE', ( #1240 ), #389, .F. ) ;
#184 = EDGE_LOOP ( 'NONE', ( #727, #269, #1310, #723, #1085, #752, #1620, #670, #949, #1777 ) ) ;
#185 = CARTESIAN_POINT ( 'NONE',  ( 1.474999999999999867, 1.274999999999999689, 1.350000000000000089 ) ) ;
#186 = DIRECTION ( 'NONE',  ( -1.000000000000000000, 0.0000000000000000000, -0.0000000000000000000 ) ) ;
#187 = SURFACE_STYLE_USAGE ( .BOTH. , #175 ) ;
#188 = CYLINDRICAL_SURFACE ( 'NONE', #681, 0.1000000000000000472 ) ;
#189 = CARTESIAN_POINT ( 'NONE',  ( 1.199999999999999734, -1.399999999999999911, 1.399999999999999911 ) ) ;
#190 = ORIENTED_EDGE ( 'NONE', *, *, #248, .F. ) ;
#191 = DIRECTION ( 'NONE',  ( -0.0000000000000000000, 0.0000000000000000000, 1.000000000000000000 ) ) ;
#192 = ORIENTED_EDGE ( 'NONE', *, *, #805, .F. ) ;
#193 = CARTESIAN_POINT ( 'NONE',  ( -1.474999999999999645, -1.275000000000000577, 1.350000000000000089 ) ) ;
#194 = ADVANCED_FACE ( 'NONE', ( #162 ), #1159, .F. ) ;
#195 = DIRECTION ( 'NONE',  ( -1.000000000000000000, 0.0000000000000000000, 0.0000000000000000000 ) ) ;
#196 =( NAMED_UNIT ( * ) PLANE_ANGLE_UNIT ( ) SI_UNIT ( $, .RADIAN. ) );
#197 = DIRECTION ( 'NONE',  ( 0.7071067811865474617, 0.7071067811865474617, 0.0000000000000000000 ) ) ;
#198 = CARTESIAN_POINT ( 'NONE',  ( -1.399999999999999689, -1.199999999999999956, 1.399999999999999911 ) ) ;
#199 = VERTEX_POINT ( 'NONE', #1408 ) ;
#200 = PLANE ( 'NONE',  #1662 ) ;
#201 = ORIENTED_EDGE ( 'NONE', *, *, #764, .F. ) ;
#202 = CARTESIAN_POINT ( 'NONE',  ( 0.0000000000000000000, 0.0000000000000000000, 1.000000000000000000 ) ) ;
#203 = EDGE_CURVE ( 'NONE', #460, #1789, #992, .T. ) ;
#204 = CARTESIAN_POINT ( 'NONE',  ( -0.5833162979670721837, 0.9325996442879388448, 0.1553027530332988515 ) ) ;
#205 = VECTOR ( 'NONE', #775, 1000.000000000000000 ) ;
#206 = DIRECTION ( 'NONE',  ( -0.0000000000000000000, -0.0000000000000000000, -1.000000000000000000 ) ) ;
#207 = SURFACE_STYLE_FILL_AREA ( #1081 ) ;
#208 = ORIENTED_EDGE ( 'NONE', *, *, #51, .T. ) ;
#209 = PRODUCT_DEFINITION_CONTEXT ( 'detailed design', #672, 'design' ) ;
#210 =( GEOMETRIC_REPRESENTATION_CONTEXT ( 3 ) GLOBAL_UNCERTAINTY_ASSIGNED_CONTEXT ( ( #980 ) ) GLOBAL_UNIT_ASSIGNED_CONTEXT ( ( #1137, #401, #1541 ) ) REPRESENTATION_CONTEXT ( 'NONE', 'WORKASPACE' ) );
#211 = CARTESIAN_POINT ( 'NONE',  ( -0.5833162979670721837, -0.9325996442879388448, 0.1553027530332988515 ) ) ;
#212 = VERTEX_POINT ( 'NONE', #1563 ) ;
#213 = CIRCLE ( 'NONE', #1727, 0.1499999999999999667 ) ;
#214 = FACE_OUTER_BOUND ( 'NONE', #307, .T. ) ;
#215 = AXIS2_PLACEMENT_3D ( 'NONE', #1325, #334, #610 ) ;
#216 = DIRECTION ( 'NONE',  ( -0.0000000000000000000, -1.000000000000000000, -0.0000000000000000000 ) ) ;
#217 = EDGE_CURVE ( 'NONE', #515, #606, #729, .T. ) ;
#218 = FACE_OUTER_BOUND ( 'NONE', #858, .T. ) ;
#219 = EDGE_LOOP ( 'NONE', ( #1214, #1466 ) ) ;
#220 = CARTESIAN_POINT ( 'NONE',  ( 0.9057967304184437740, 0.6241252143306319500, 1.000000000000000000 ) ) ;
#221 = VERTEX_POINT ( 'NONE', #319 ) ;
#222 = LINE ( 'NONE', #1343, #1660 ) ;
#223 = DIRECTION ( 'NONE',  ( 0.0000000000000000000, -0.0000000000000000000, -1.000000000000000000 ) ) ;
#224 = SURFACE_STYLE_FILL_AREA ( #1483 ) ;
#225 = DIRECTION ( 'NONE',  ( 1.000000000000000000, 8.503546450866703280E-17, -0.0000000000000000000 ) ) ;
#226 = DIRECTION ( 'NONE',  ( 0.0000000000000000000, 0.0000000000000000000, 1.000000000000000000 ) ) ;
#227 = EDGE_CURVE ( 'NONE', #133, #1396, #29, .T. ) ;
#228 = EDGE_LOOP ( 'NONE', ( #93, #1575, #161, #1579 ) ) ;
#229 = DIRECTION ( 'NONE',  ( 0.0000000000000000000, 0.0000000000000000000, 1.000000000000000000 ) ) ;
#230 = ORIENTED_EDGE ( 'NONE', *, *, #1423, .T. ) ;
#231 = DIRECTION ( 'NONE',  ( -0.0000000000000000000, -1.000000000000000000, -0.0000000000000000000 ) ) ;
#232 = ORIENTED_EDGE ( 'NONE', *, *, #408, .T. ) ;
#233 = LINE ( 'NONE', #794, #1472 ) ;
#234 = VECTOR ( 'NONE', #1009, 1000.000000000000000 ) ;
#235 = VECTOR ( 'NONE', #804, 1000.000000000000000 ) ;
#236 = ORIENTED_EDGE ( 'NONE', *, *, #1717, .T. ) ;
#237 = STYLED_ITEM ( 'NONE', ( #416 ), #790 ) ;
#238 = EDGE_CURVE ( 'NONE', #1115, #880, #585, .T. ) ;
#239 = LINE ( 'NONE', #1512, #1095 ) ;
#240 = VECTOR ( 'NONE', #191, 1000.000000000000000 ) ;
#241 = AXIS2_PLACEMENT_3D ( 'NONE', #1052, #206, #64 ) ;
#242 = CARTESIAN_POINT ( 'NONE',  ( 0.6000000000000001998, 1.474999999999999645, 0.2000000000000000111 ) ) ;
#243 = VERTEX_POINT ( 'NONE', #1398 ) ;
#244 = PRODUCT_DEFINITION_FORMATION_WITH_SPECIFIED_SOURCE ( 'ANY', '', #1799, .NOT_KNOWN. ) ;
#245 = VERTEX_POINT ( 'NONE', #43 ) ;
#246 = ADVANCED_FACE ( 'NONE', ( #872 ), #155, .F. ) ;
#247 = DIRECTION ( 'NONE',  ( 0.0000000000000000000, 0.0000000000000000000, 1.000000000000000000 ) ) ;
#248 = EDGE_CURVE ( 'NONE', #796, #900, #647, .T. ) ;
#249 = DIRECTION ( 'NONE',  ( -1.000000000000000000, 0.0000000000000000000, 0.0000000000000000000 ) ) ;
#250 = CARTESIAN_POINT ( 'NONE',  ( 0.5927334316607666409, -0.9266491515730955753, 0.1386704240774867813 ) ) ;
#251 = ORIENTED_EDGE ( 'NONE', *, *, #1787, .T. ) ;
#252 = CARTESIAN_POINT ( 'NONE',  ( -0.7037262153026333511, 0.8454403668478530642, 1.000000000000000000 ) ) ;
#253 = VERTEX_POINT ( 'NONE', #21 ) ;
#254 = DIRECTION ( 'NONE',  ( -0.0000000000000000000, 0.0000000000000000000, 1.000000000000000000 ) ) ;
#255 = ADVANCED_FACE ( 'NONE', ( #984 ), #1555, .F. ) ;
#256 = CARTESIAN_POINT ( 'NONE',  ( -0.5000000000000000000, 0.0000000000000000000, 0.1000000000000000056 ) ) ;
#257 = VERTEX_POINT ( 'NONE', #881 ) ;
#258 = SURFACE_STYLE_USAGE ( .BOTH. , #1793 ) ;
#259 = ORIENTED_EDGE ( 'NONE', *, *, #1617, .F. ) ;
#260 = CARTESIAN_POINT ( 'NONE',  ( -1.399999999999999689, 0.0000000000000000000, 1.399999999999999911 ) ) ;
#261 = COLOUR_RGB ( '',1.000000000000000000, 1.000000000000000000, 1.000000000000000000 ) ;
#262 = COLOUR_RGB ( '',1.000000000000000000, 1.000000000000000000, 1.000000000000000000 ) ;
#263 = AXIS2_PLACEMENT_3D ( 'NONE', #242, #114, #956 ) ;
#264 = VECTOR ( 'NONE', #958, 1000.000000000000000 ) ;
#265 = CARTESIAN_POINT ( 'NONE',  ( -1.274999999999999689, -1.475000000000000533, -1.626303258728256651E-16 ) ) ;
#266 = ORIENTED_EDGE ( 'NONE', *, *, #607, .T. ) ;
#267 = EDGE_CURVE ( 'NONE', #377, #648, #413, .T. ) ;
#268 = CARTESIAN_POINT ( 'NONE',  ( -1.274999999999999689, -1.475000000000000533, 0.0000000000000000000 ) ) ;
#269 = ORIENTED_EDGE ( 'NONE', *, *, #303, .F. ) ;
#270 = PRODUCT_DEFINITION_SHAPE ( 'NONE', 'NONE',  #1056 ) ;
#271 = CARTESIAN_POINT ( 'NONE',  ( 0.7037262153026333511, 0.8454403668478529532, 1.000000000000000000 ) ) ;
#272 = CARTESIAN_POINT ( 'NONE',  ( 0.5884976795166909636, -0.9293588277999742520, 0.1474967487136005506 ) ) ;
#273 = ORIENTED_EDGE ( 'NONE', *, *, #528, .T. ) ;
#274 = CARTESIAN_POINT ( 'NONE',  ( 1.475000000000000311, -1.275000000000000577, -4.336808689942017736E-16 ) ) ;
#275 = ORIENTED_EDGE ( 'NONE', *, *, #1564, .F. ) ;
#276 = CARTESIAN_POINT ( 'NONE',  ( -1.274999999999999911, 1.474999999999999645, 1.350000000000000089 ) ) ;
#277 = CARTESIAN_POINT ( 'NONE',  ( 1.050000000000000044, 0.0000000000000000000, 0.02000000000000005246 ) ) ;
#278 = ORIENTED_EDGE ( 'NONE', *, *, #1412, .T. ) ;
#279 = DIRECTION ( 'NONE',  ( -0.7071067811865474617, 0.7071067811865474617, 0.0000000000000000000 ) ) ;
#280 = ORIENTED_EDGE ( 'NONE', *, *, #371, .T. ) ;
#281 = CARTESIAN_POINT ( 'NONE',  ( 0.5859913688109756880, 0.9309428471743887989, 0.1527202580813993016 ) ) ;
#282 = CARTESIAN_POINT ( 'NONE',  ( -0.6000000000000000888, -1.475000000000000533, 0.2000000000000000111 ) ) ;
#283 = EDGE_CURVE ( 'NONE', #460, #180, #1534, .T. ) ;
#284 = AXIS2_PLACEMENT_3D ( 'NONE', #1141, #157, #1287 ) ;
#285 = CARTESIAN_POINT ( 'NONE',  ( -1.074999999999999956, 0.0000000000000000000, 1.399999999999999911 ) ) ;
#286 = AXIS2_PLACEMENT_3D ( 'NONE', #811, #1629, #1790 ) ;
#287 = AXIS2_PLACEMENT_3D ( 'NONE', #1202, #1315, #320 ) ;
#288 = AXIS2_PLACEMENT_3D ( 'NONE', #202, #1055, #1201 ) ;
#289 = LINE ( 'NONE', #277, #1505 ) ;
#290 = LINE ( 'NONE', #873, #1242 ) ;
#291 = VECTOR ( 'NONE', #1353, 1000.000000000000000 ) ;
#292 = VERTEX_POINT ( 'NONE', #444 ) ;
#293 = VECTOR ( 'NONE', #1618, 1000.000000000000000 ) ;
#294 = CARTESIAN_POINT ( 'NONE',  ( -1.050000000000000044, 1.285879139104720978E-16, 1.000000000000000000 ) ) ;
#295 = CARTESIAN_POINT ( 'NONE',  ( -0.8098122770835127771, 0.7393943980615599321, 0.0000000000000000000 ) ) ;
#296 = EDGE_LOOP ( 'NONE', ( #1533, #192, #1457, #1523 ) ) ;
#297 = CARTESIAN_POINT ( 'NONE',  ( -0.6000000000000000888, -1.475000000000000533, 0.0000000000000000000 ) ) ;
#298 = AXIS2_PLACEMENT_3D ( 'NONE', #256, #1118, #813 ) ;
#299 = DIRECTION ( 'NONE',  ( 1.700709290173340656E-16, -1.000000000000000000, 0.0000000000000000000 ) ) ;
#300 = EDGE_CURVE ( 'NONE', #130, #221, #884, .T. ) ;
#301 = CARTESIAN_POINT ( 'NONE',  ( -1.274999999999999689, -1.475000000000000533, 0.2000000000000000944 ) ) ;
#302 = SHAPE_DEFINITION_REPRESENTATION ( #270, #1724 ) ;
#303 = EDGE_CURVE ( 'NONE', #699, #243, #1189, .T. ) ;
#304 = LINE ( 'NONE', #1164, #61 ) ;
#305 = SURFACE_SIDE_STYLE ('',( #1012 ) ) ;
#306 = DIRECTION ( 'NONE',  ( 0.0000000000000000000, 0.0000000000000000000, 1.000000000000000000 ) ) ;
#307 = EDGE_LOOP ( 'NONE', ( #536, #1529, #1010, #441 ) ) ;
#308 = DIRECTION ( 'NONE',  ( -0.0000000000000000000, -1.000000000000000000, 0.0000000000000000000 ) ) ;
#309 = CARTESIAN_POINT ( 'NONE',  ( 1.474999999999999867, 1.274999999999999689, 0.0000000000000000000 ) ) ;
#310 = CARTESIAN_POINT ( 'NONE',  ( 0.0000000000000000000, 0.0000000000000000000, 0.0000000000000000000 ) ) ;
#311 = CARTESIAN_POINT ( 'NONE',  ( 0.0000000000000000000, 0.0000000000000000000, 1.000000000000000000 ) ) ;
#312 = CARTESIAN_POINT ( 'NONE',  ( -0.5955933015336538627, 0.9248073416491906507, 0.1293584860286752514 ) ) ;
#313 = EDGE_CURVE ( 'NONE', #1032, #1153, #381, .T. ) ;
#314 = CARTESIAN_POINT ( 'NONE',  ( 0.0000000000000000000, 1.399999999999999911, 1.399999999999999911 ) ) ;
#315 = CARTESIAN_POINT ( 'NONE',  ( -1.474999999999999867, 1.274999999999999689, 1.350000000000000089 ) ) ;
#316 = ORIENTED_EDGE ( 'NONE', *, *, #1755, .T. ) ;
#317 = CARTESIAN_POINT ( 'NONE',  ( -0.5351661904300034633, -0.9610396186529658324, 0.1936127077412075348 ) ) ;
#318 = ORIENTED_EDGE ( 'NONE', *, *, #1132, .T. ) ;
#319 = CARTESIAN_POINT ( 'NONE',  ( -0.7037262153026331291, 0.8454403668478533973, 0.0000000000000000000 ) ) ;
#320 = DIRECTION ( 'NONE',  ( -1.000000000000000000, 1.776356839400250465E-15, 0.0000000000000000000 ) ) ;
#321 =( LENGTH_UNIT ( ) NAMED_UNIT ( * ) SI_UNIT ( .MILLI., .METRE. ) );
#322 = DIRECTION ( 'NONE',  ( -1.000000000000000000, 0.0000000000000000000, 0.0000000000000000000 ) ) ;
#323 = DIRECTION ( 'NONE',  ( -1.000000000000000000, 0.0000000000000000000, 0.0000000000000000000 ) ) ;
#324 = CIRCLE ( 'NONE', #1438, 1.100000000000000311 ) ;
#325 = DIRECTION ( 'NONE',  ( 0.0000000000000000000, 0.0000000000000000000, -1.000000000000000000 ) ) ;
#326 = VECTOR ( 'NONE', #1326, 1000.000000000000000 ) ;
#327 = ADVANCED_FACE ( 'NONE', ( #568 ), #430, .F. ) ;
#328 = ORIENTED_EDGE ( 'NONE', *, *, #1656, .F. ) ;
#329 = VECTOR ( 'NONE', #378, 1000.000000000000000 ) ;
#330 =( NAMED_UNIT ( * ) PLANE_ANGLE_UNIT ( ) SI_UNIT ( $, .RADIAN. ) );
#331 = ORIENTED_EDGE ( 'NONE', *, *, #1745, .T. ) ;
#332 = PLANE ( 'NONE',  #846 ) ;
#333 = CYLINDRICAL_SURFACE ( 'NONE', #399, 1.100000000000000311 ) ;
#334 = DIRECTION ( 'NONE',  ( -0.0000000000000000000, -0.0000000000000000000, -1.000000000000000000 ) ) ;
#335 = FILL_AREA_STYLE_COLOUR ( '', #1222 ) ;
#336 = ORIENTED_EDGE ( 'NONE', *, *, #1609, .T. ) ;
#337 = CARTESIAN_POINT ( 'NONE',  ( -0.5710340626455168156, -0.9402100812750493475, 0.1710416801534705156 ) ) ;
#338 = ORIENTED_EDGE ( 'NONE', *, *, #779, .T. ) ;
#339 = DIRECTION ( 'NONE',  ( -0.0000000000000000000, -0.0000000000000000000, -1.000000000000000000 ) ) ;
#340 = LINE ( 'NONE', #59, #1302 ) ;
#341 = CARTESIAN_POINT ( 'NONE',  ( -0.5000000000000000000, 0.9797958971132715300, 0.1999999999999999833 ) ) ;
#342 = CARTESIAN_POINT ( 'NONE',  ( 1.199999999999999734, 1.399999999999999689, 1.350000000000000089 ) ) ;
#343 = CARTESIAN_POINT ( 'NONE',  ( 1.274999999999999689, 1.474999999999999645, 0.0000000000000000000 ) ) ;
#344 = VERTEX_POINT ( 'NONE', #454 ) ;
#345 = DIRECTION ( 'NONE',  ( 0.0000000000000000000, 1.000000000000000000, 0.0000000000000000000 ) ) ;
#346 = ORIENTED_EDGE ( 'NONE', *, *, #15, .F. ) ;
#347 = CARTESIAN_POINT ( 'NONE',  ( 0.0000000000000000000, 0.0000000000000000000, 0.2000000000000000111 ) ) ;
#348 = EDGE_CURVE ( 'NONE', #579, #796, #1025, .T. ) ;
#349 = LINE ( 'NONE', #1640, #1378 ) ;
#350 = PLANE ( 'NONE',  #1304 ) ;
#351 =( NAMED_UNIT ( * ) SI_UNIT ( $, .STERADIAN. ) SOLID_ANGLE_UNIT ( ) );
#352 = COLOUR_RGB ( '',0.2000000000000000111, 0.2000000000000000111, 0.2000000000000000111 ) ;
#353 = ORIENTED_EDGE ( 'NONE', *, *, #539, .T. ) ;
#354 = CYLINDRICAL_SURFACE ( 'NONE', #37, 0.1499999999999999667 ) ;
#355 = MECHANICAL_DESIGN_GEOMETRIC_PRESENTATION_REPRESENTATION (  '', ( #1357 ), #1405 ) ;
#356 = ORIENTED_EDGE ( 'NONE', *, *, #917, .F. ) ;
#357 = STYLED_ITEM ( 'NONE', ( #365 ), #1314 ) ;
#358 = CARTESIAN_POINT ( 'NONE',  ( -1.050000000000000044, 1.285879139104720978E-16, 0.02000000000000005246 ) ) ;
#359 = DIRECTION ( 'NONE',  ( 0.0000000000000000000, 0.0000000000000000000, 1.000000000000000000 ) ) ;
#360 = EDGE_CURVE ( 'NONE', #1270, #515, #1096, .T. ) ;
#361 = CARTESIAN_POINT ( 'NONE',  ( -0.9598122770835127993, 0.7393943980615599321, 1.000000000000000000 ) ) ;
#362 = ADVANCED_FACE ( 'NONE', ( #615 ), #1584, .F. ) ;
#363 = FACE_OUTER_BOUND ( 'NONE', #870, .T. ) ;
#364 = ORIENTED_EDGE ( 'NONE', *, *, #1365, .T. ) ;
#365 = PRESENTATION_STYLE_ASSIGNMENT (( #1614 ) ) ;
#366 = VERTEX_POINT ( 'NONE', #895 ) ;
#367 = CARTESIAN_POINT ( 'NONE',  ( 1.274999999999999911, 1.474999999999999645, 1.350000000000000089 ) ) ;
#368 = LINE ( 'NONE', #641, #653 ) ;
#369 = DIRECTION ( 'NONE',  ( -1.000000000000000000, 0.0000000000000000000, 0.0000000000000000000 ) ) ;
#370 = VERTEX_POINT ( 'NONE', #1350 ) ;
#371 = EDGE_CURVE ( 'NONE', #648, #1627, #1458, .T. ) ;
#372 = CARTESIAN_POINT ( 'NONE',  ( 0.0000000000000000000, 0.0000000000000000000, 1.000000000000000000 ) ) ;
#373 = ORIENTED_EDGE ( 'NONE', *, *, #816, .F. ) ;
#374 = LINE ( 'NONE', #1364, #1753 ) ;
#375 = SURFACE_STYLE_USAGE ( .BOTH. , #1767 ) ;
#376 = CARTESIAN_POINT ( 'NONE',  ( 0.5999999999999999778, -0.9219544457292891959, 0.1099413765445178687 ) ) ;
#377 = VERTEX_POINT ( 'NONE', #73 ) ;
#378 = DIRECTION ( 'NONE',  ( 1.000000000000000000, -0.0000000000000000000, 0.0000000000000000000 ) ) ;
#379 = ADVANCED_FACE ( 'NONE', ( #214 ), #628, .F. ) ;
#380 = VERTEX_POINT ( 'NONE', #1714 ) ;
#381 = CIRCLE ( 'NONE', #1067, 1.050000000000000044 ) ;
#382 = DIRECTION ( 'NONE',  ( 0.7071067811865474617, -0.7071067811865474617, 0.0000000000000000000 ) ) ;
#383 = CIRCLE ( 'NONE', #95, 1.100000000000000311 ) ;
#384 = CARTESIAN_POINT ( 'NONE',  ( -0.8098122770835127771, 0.7393943980615599321, 1.000000000000000000 ) ) ;
#385 = FILL_AREA_STYLE_COLOUR ( '', #950 ) ;
#386 = FACE_OUTER_BOUND ( 'NONE', #1592, .T. ) ;
#387 = EDGE_LOOP ( 'NONE', ( #995, #1404, #1736, #110 ) ) ;
#388 = ORIENTED_EDGE ( 'NONE', *, *, #360, .T. ) ;
#389 = CYLINDRICAL_SURFACE ( 'NONE', #142, 0.1499999999999999667 ) ;
#390 = ADVANCED_FACE ( 'NONE', ( #914 ), #773, .F. ) ;
#391 = DIRECTION ( 'NONE',  ( 0.0000000000000000000, 0.0000000000000000000, 1.000000000000000000 ) ) ;
#392 = ORIENTED_EDGE ( 'NONE', *, *, #572, .T. ) ;
#393 = CARTESIAN_POINT ( 'NONE',  ( 0.0000000000000000000, 1.474999999999999645, 1.350000000000000089 ) ) ;
#394 = ORIENTED_EDGE ( 'NONE', *, *, #1449, .T. ) ;
#395 = EDGE_CURVE ( 'NONE', #1226, #1516, #222, .T. ) ;
#396 = CARTESIAN_POINT ( 'NONE',  ( 0.5710340626455165935, -0.9402100812750493475, 0.1710416801534707099 ) ) ;
#397 = EDGE_LOOP ( 'NONE', ( #1131, #1748, #1774, #1197 ) ) ;
#398 = CARTESIAN_POINT ( 'NONE',  ( 0.0000000000000000000, 0.0000000000000000000, 1.399999999999999911 ) ) ;
#399 = AXIS2_PLACEMENT_3D ( 'NONE', #1716, #1708, #322 ) ;
#400 = VERTEX_POINT ( 'NONE', #193 ) ;
#401 =( NAMED_UNIT ( * ) PLANE_ANGLE_UNIT ( ) SI_UNIT ( $, .RADIAN. ) );
#402 = AXIS2_PLACEMENT_3D ( 'NONE', #282, #720, #1128 ) ;
#403 = CARTESIAN_POINT ( 'NONE',  ( 0.5999999999999998668, -1.475000000000000533, 0.1000000000000000194 ) ) ;
#404 = MECHANICAL_DESIGN_GEOMETRIC_PRESENTATION_REPRESENTATION (  '', ( #357 ), #742 ) ;
#405 = CIRCLE ( 'NONE', #1474, 0.1500000000000000777 ) ;
#406 = LINE ( 'NONE', #1359, #1781 ) ;
#407 = ORIENTED_EDGE ( 'NONE', *, *, #203, .T. ) ;
#408 = EDGE_CURVE ( 'NONE', #366, #1185, #767, .T. ) ;
#409 = CARTESIAN_POINT ( 'NONE',  ( 1.474999999999999867, 1.274999999999999689, 1.350000000000000089 ) ) ;
#410 = CIRCLE ( 'NONE', #1479, 1.100000000000000311 ) ;
#411 = EDGE_LOOP ( 'NONE', ( #1076, #1281, #1047, #1569, #336, #1108, #925, #614 ) ) ;
#412 = CARTESIAN_POINT ( 'NONE',  ( 0.5913554252682060586, 0.9275229167011775910, 0.1406716888518937669 ) ) ;
#413 = LINE ( 'NONE', #309, #704 ) ;
#414 = DIRECTION ( 'NONE',  ( 0.0000000000000000000, -0.0000000000000000000, -1.000000000000000000 ) ) ;
#415 = SURFACE_SIDE_STYLE ('',( #1657 ) ) ;
#416 = PRESENTATION_STYLE_ASSIGNMENT (( #1430 ) ) ;
#417 = ORIENTED_EDGE ( 'NONE', *, *, #1301, .T. ) ;
#418 = DIRECTION ( 'NONE',  ( 1.000000000000000000, 0.0000000000000000000, 0.0000000000000000000 ) ) ;
#419 = EDGE_CURVE ( 'NONE', #1032, #1455, #494, .T. ) ;
#420 = VERTEX_POINT ( 'NONE', #890 ) ;
#421 = CARTESIAN_POINT ( 'NONE',  ( -1.274999999999999689, 1.474999999999999645, 0.0000000000000000000 ) ) ;
#422 = DIRECTION ( 'NONE',  ( -0.0000000000000000000, -1.000000000000000000, -0.0000000000000000000 ) ) ;
#423 = DIRECTION ( 'NONE',  ( -1.000000000000000000, 0.0000000000000000000, 0.0000000000000000000 ) ) ;
#424 = DIRECTION ( 'NONE',  ( -0.7071067811865474617, -0.7071067811865474617, 0.0000000000000000000 ) ) ;
#425 = ORIENTED_EDGE ( 'NONE', *, *, #371, .F. ) ;
#426 = LINE ( 'NONE', #550, #152 ) ;
#427 = FACE_OUTER_BOUND ( 'NONE', #693, .T. ) ;
#428 = ORIENTED_EDGE ( 'NONE', *, *, #1065, .T. ) ;
#429 = EDGE_CURVE ( 'NONE', #644, #520, #1539, .T. ) ;
#430 = PLANE ( 'NONE',  #69 ) ;
#431 = EDGE_CURVE ( 'NONE', #106, #771, #1471, .T. ) ;
#432 = AXIS2_PLACEMENT_3D ( 'NONE', #1674, #20, #1397 ) ;
#433 = AXIS2_PLACEMENT_3D ( 'NONE', #791, #1719, #777 ) ;
#434 = APPLICATION_PROTOCOL_DEFINITION ( 'draft international standard', 'automotive_design', 1998, #672 ) ;
#435 = LINE ( 'NONE', #835, #99 ) ;
#436 = VECTOR ( 'NONE', #651, 1000.000000000000114 ) ;
#437 = ORIENTED_EDGE ( 'NONE', *, *, #484, .T. ) ;
#438 = VECTOR ( 'NONE', #684, 1000.000000000000000 ) ;
#439 = FILL_AREA_STYLE ('',( #1317 ) ) ;
#440 = LINE ( 'NONE', #1672, #531 ) ;
#441 = ORIENTED_EDGE ( 'NONE', *, *, #429, .F. ) ;
#442 = VECTOR ( 'NONE', #1212, 1000.000000000000000 ) ;
#443 = CARTESIAN_POINT ( 'NONE',  ( 0.0000000000000000000, 0.0000000000000000000, 0.02000000000000005246 ) ) ;
#444 = CARTESIAN_POINT ( 'NONE',  ( -0.6000000000000000888, 1.474999999999999645, 0.0000000000000000000 ) ) ;
#445 = CARTESIAN_POINT ( 'NONE',  ( 0.7778174593052022967, -0.7778174593052027408, 0.0000000000000000000 ) ) ;
#446 = EDGE_CURVE ( 'NONE', #1752, #902, #383, .T. ) ;
#447 =( NAMED_UNIT ( * ) PLANE_ANGLE_UNIT ( ) SI_UNIT ( $, .RADIAN. ) );
#448 = DIRECTION ( 'NONE',  ( -1.000000000000000000, 0.0000000000000000000, -0.0000000000000000000 ) ) ;
#449 = DIRECTION ( 'NONE',  ( -1.000000000000000000, 0.0000000000000000000, -0.0000000000000000000 ) ) ;
#450 = CARTESIAN_POINT ( 'NONE',  ( 1.275000000000000577, -1.475000000000000533, 1.350000000000000089 ) ) ;
#451 = ORIENTED_EDGE ( 'NONE', *, *, #1600, .F. ) ;
#452 = LINE ( 'NONE', #1320, #1782 ) ;
#453 = VERTEX_POINT ( 'NONE', #450 ) ;
#454 = CARTESIAN_POINT ( 'NONE',  ( -0.8764048776464905544, -0.6647664931669172717, 0.0000000000000000000 ) ) ;
#455 = DIRECTION ( 'NONE',  ( 0.0000000000000000000, 1.000000000000000000, -0.0000000000000000000 ) ) ;
#456 = EDGE_CURVE ( 'NONE', #221, #1613, #1608, .T. ) ;
#457 = CARTESIAN_POINT ( 'NONE',  ( -0.5927334316607667519, 0.9266491515730954642, 0.1386704240774866981 ) ) ;
#458 = DIRECTION ( 'NONE',  ( 1.000000000000000000, 0.0000000000000000000, 0.0000000000000000000 ) ) ;
#459 = SURFACE_SIDE_STYLE ('',( #1013 ) ) ;
#460 = VERTEX_POINT ( 'NONE', #1710 ) ;
#461 = PRESENTATION_STYLE_ASSIGNMENT (( #1199 ) ) ;
#462 = EDGE_LOOP ( 'NONE', ( #675, #273, #756, #999 ) ) ;
#463 =( NAMED_UNIT ( * ) SI_UNIT ( $, .STERADIAN. ) SOLID_ANGLE_UNIT ( ) );
#464 = CARTESIAN_POINT ( 'NONE',  ( -0.6000000000000000888, 0.9219544457292889739, 0.2000000000000000111 ) ) ;
#465 = LINE ( 'NONE', #1019, #1520 ) ;
#466 = VECTOR ( 'NONE', #1218, 1000.000000000000000 ) ;
#467 = CARTESIAN_POINT ( 'NONE',  ( -0.8098122770835127771, 0.7393943980615599321, 0.0000000000000000000 ) ) ;
#468 = AXIS2_PLACEMENT_3D ( 'NONE', #445, #1535, #423 ) ;
#469 = DIRECTION ( 'NONE',  ( 0.7071067811865474617, -0.7071067811865474617, 0.0000000000000000000 ) ) ;
#470 = VECTOR ( 'NONE', #581, 1000.000000000000114 ) ;
#471 = VERTEX_POINT ( 'NONE', #1425 ) ;
#472 = EDGE_CURVE ( 'NONE', #900, #471, #506, .T. ) ;
#473 = MECHANICAL_DESIGN_GEOMETRIC_PRESENTATION_REPRESENTATION (  '', ( #921 ), #98 ) ;
#474 = VECTOR ( 'NONE', #1565, 1000.000000000000114 ) ;
#475 = CARTESIAN_POINT ( 'NONE',  ( 0.5000000000000001110, 1.474999999999999645, 0.1000000000000000056 ) ) ;
#476 = ORIENTED_EDGE ( 'NONE', *, *, #734, .F. ) ;
#477 = DIRECTION ( 'NONE',  ( -0.7071067811865474617, 0.7071067811865474617, 0.0000000000000000000 ) ) ;
#478 = DIRECTION ( 'NONE',  ( -1.000000000000000000, -1.700709290173340656E-16, 0.0000000000000000000 ) ) ;
#479 = VECTOR ( 'NONE', #697, 1000.000000000000000 ) ;
#480 = CARTESIAN_POINT ( 'NONE',  ( -0.5550239661303478789, 0.9497621662779992535, 0.1842373548500233493 ) ) ;
#481 = CARTESIAN_POINT ( 'NONE',  ( -1.200000000000000178, 1.399999999999999689, 1.399999999999999911 ) ) ;
#482 = PLANE ( 'NONE',  #1550 ) ;
#483 = ORIENTED_EDGE ( 'NONE', *, *, #96, .F. ) ;
#484 = EDGE_CURVE ( 'NONE', #400, #1060, #440, .T. ) ;
#485 = ORIENTED_EDGE ( 'NONE', *, *, #1543, .T. ) ;
#486 = DIRECTION ( 'NONE',  ( 0.0000000000000000000, 0.0000000000000000000, 1.000000000000000000 ) ) ;
#487 = APPLICATION_CONTEXT ( 'automotive_design' ) ;
#488 = DIRECTION ( 'NONE',  ( -0.0000000000000000000, -0.0000000000000000000, -1.000000000000000000 ) ) ;
#489 = FACE_OUTER_BOUND ( 'NONE', #513, .T. ) ;
#490 = PRESENTATION_STYLE_ASSIGNMENT (( #90 ) ) ;
#491 = ORIENTED_EDGE ( 'NONE', *, *, #1609, .F. ) ;
#492 = SURFACE_SIDE_STYLE ('',( #1456 ) ) ;
#493 = ORIENTED_EDGE ( 'NONE', *, *, #497, .F. ) ;
#494 = LINE ( 'NONE', #358, #948 ) ;
#495 = ADVANCED_FACE ( 'NONE', ( #861 ), #1283, .T. ) ;
#496 = CARTESIAN_POINT ( 'NONE',  ( 0.0000000000000000000, 0.0000000000000000000, 0.0000000000000000000 ) ) ;
#497 = EDGE_CURVE ( 'NONE', #420, #1698, #1416, .T. ) ;
#498 = ADVANCED_FACE ( 'NONE', ( #716 ), #1291, .T. ) ;
#499 = AXIS2_PLACEMENT_3D ( 'NONE', #832, #247, #961 ) ;
#500 = LINE ( 'NONE', #1071, #1476 ) ;
#501 = PLANE ( 'NONE',  #1633 ) ;
#502 = AXIS2_PLACEMENT_3D ( 'NONE', #1177, #1599, #477 ) ;
#503 = ORIENTED_EDGE ( 'NONE', *, *, #348, .F. ) ;
#504 = CIRCLE ( 'NONE', #287, 1.100000000000000089 ) ;
#505 = DIRECTION ( 'NONE',  ( 0.0000000000000000000, -1.000000000000000000, 0.0000000000000000000 ) ) ;
#506 = CIRCLE ( 'NONE', #1037, 0.1499999999999999667 ) ;
#507 = EDGE_LOOP ( 'NONE', ( #1510, #1804, #940, #549 ) ) ;
#508 = AXIS2_PLACEMENT_3D ( 'NONE', #994, #30, #1545 ) ;
#509 = AXIS2_PLACEMENT_3D ( 'NONE', #776, #225, #1773 ) ;
#510 = ADVANCED_FACE ( 'NONE', ( #427 ), #565, .F. ) ;
#511 =( NAMED_UNIT ( * ) PLANE_ANGLE_UNIT ( ) SI_UNIT ( $, .RADIAN. ) );
#512 = DIRECTION ( 'NONE',  ( -0.0000000000000000000, -0.0000000000000000000, -1.000000000000000000 ) ) ;
#513 = EDGE_LOOP ( 'NONE', ( #1348, #1502, #8, #970 ) ) ;
#514 =( NAMED_UNIT ( * ) PLANE_ANGLE_UNIT ( ) SI_UNIT ( $, .RADIAN. ) );
#515 = VERTEX_POINT ( 'NONE', #1403 ) ;
#516 = CARTESIAN_POINT ( 'NONE',  ( -1.199999999999999734, -1.399999999999999689, 1.350000000000000089 ) ) ;
#517 = EDGE_CURVE ( 'NONE', #453, #257, #745, .T. ) ;
#518 = PRESENTATION_STYLE_ASSIGNMENT (( #375 ) ) ;
#519 = DIRECTION ( 'NONE',  ( -0.0000000000000000000, -1.000000000000000000, 0.0000000000000000000 ) ) ;
#520 = VERTEX_POINT ( 'NONE', #733 ) ;
#521 = CARTESIAN_POINT ( 'NONE',  ( 0.0000000000000000000, 1.474999999999999645, 0.0000000000000000000 ) ) ;
#522 = VERTEX_POINT ( 'NONE', #1309 ) ;
#523 = DIRECTION ( 'NONE',  ( 1.000000000000000000, 0.0000000000000000000, 0.0000000000000000000 ) ) ;
#524 =( NAMED_UNIT ( * ) SI_UNIT ( $, .STERADIAN. ) SOLID_ANGLE_UNIT ( ) );
#525 = EDGE_LOOP ( 'NONE', ( #1097, #407, #353, #1224 ) ) ;
#526 = DIRECTION ( 'NONE',  ( -0.0000000000000000000, -0.0000000000000000000, -1.000000000000000000 ) ) ;
#527 = MECHANICAL_DESIGN_GEOMETRIC_PRESENTATION_REPRESENTATION (  '', ( #1300 ), #1002 ) ;
#528 = EDGE_CURVE ( 'NONE', #699, #1596, #18, .T. ) ;
#529 = ORIENTED_EDGE ( 'NONE', *, *, #939, .F. ) ;
#530 = VECTOR ( 'NONE', #182, 1000.000000000000000 ) ;
#531 = VECTOR ( 'NONE', #869, 1000.000000000000114 ) ;
#532 = AXIS2_PLACEMENT_3D ( 'NONE', #1547, #131, #1415 ) ;
#533 =( GEOMETRIC_REPRESENTATION_CONTEXT ( 3 ) GLOBAL_UNCERTAINTY_ASSIGNED_CONTEXT ( ( #1061 ) ) GLOBAL_UNIT_ASSIGNED_CONTEXT ( ( #1730, #1305, #886 ) ) REPRESENTATION_CONTEXT ( 'NONE', 'WORKASPACE' ) );
#534 = DIRECTION ( 'NONE',  ( -0.0000000000000000000, -0.0000000000000000000, -1.000000000000000000 ) ) ;
#535 = CARTESIAN_POINT ( 'NONE',  ( 0.5550239661303476568, -0.9497621662779992535, 0.1842373548500234604 ) ) ;
#536 = ORIENTED_EDGE ( 'NONE', *, *, #1473, .T. ) ;
#537 = FACE_OUTER_BOUND ( 'NONE', #387, .T. ) ;
#538 = ORIENTED_EDGE ( 'NONE', *, *, #979, .F. ) ;
#539 = EDGE_CURVE ( 'NONE', #1789, #1236, #574, .T. ) ;
#540 = DIRECTION ( 'NONE',  ( -1.000000000000000000, 0.0000000000000000000, -0.0000000000000000000 ) ) ;
#541 =( NAMED_UNIT ( * ) PLANE_ANGLE_UNIT ( ) SI_UNIT ( $, .RADIAN. ) );
#542 = DIRECTION ( 'NONE',  ( -1.000000000000000000, 0.0000000000000000000, 0.0000000000000000000 ) ) ;
#543 = ORIENTED_EDGE ( 'NONE', *, *, #2, .F. ) ;
#544 = DIRECTION ( 'NONE',  ( -0.0000000000000000000, -0.0000000000000000000, -1.000000000000000000 ) ) ;
#545 = VERTEX_POINT ( 'NONE', #1297 ) ;
#546 = FILL_AREA_STYLE ('',( #694 ) ) ;
#547 = CARTESIAN_POINT ( 'NONE',  ( -0.8098122770835127771, 0.7393943980615599321, 1.000000000000000000 ) ) ;
#548 = DIRECTION ( 'NONE',  ( -0.7071067811865475727, 0.7071067811865475727, 0.0000000000000000000 ) ) ;
#549 = ORIENTED_EDGE ( 'NONE', *, *, #113, .F. ) ;
#550 = CARTESIAN_POINT ( 'NONE',  ( -0.5000000000000000000, 0.0000000000000000000, 0.2000000000000000111 ) ) ;
#551 = EDGE_LOOP ( 'NONE', ( #1377, #1682, #1417, #201, #109, #1437, #1101, #451 ) ) ;
#552 = CARTESIAN_POINT ( 'NONE',  ( 0.5370302974965194265, 0.9599991976927899628, 0.1928911032732375241 ) ) ;
#553 = AXIS2_PLACEMENT_3D ( 'NONE', #967, #1779, #540 ) ;
#554 = ORIENTED_EDGE ( 'NONE', *, *, #805, .T. ) ;
#555 = DIRECTION ( 'NONE',  ( 0.0000000000000000000, -1.000000000000000000, 0.0000000000000000000 ) ) ;
#556 = AXIS2_PLACEMENT_3D ( 'NONE', #443, #1390, #1795 ) ;
#557 = AXIS2_PLACEMENT_3D ( 'NONE', #1367, #1623, #542 ) ;
#558 = DIRECTION ( 'NONE',  ( 0.7071067811865474617, 0.7071067811865474617, 0.0000000000000000000 ) ) ;
#559 = AXIS2_PLACEMENT_3D ( 'NONE', #398, #1290, #573 ) ;
#560 = VECTOR ( 'NONE', #1557, 1000.000000000000000 ) ;
#561 = ADVANCED_FACE ( 'NONE', ( #1681 ), #997, .F. ) ;
#562 = LINE ( 'NONE', #1385, #859 ) ;
#563 = ORIENTED_EDGE ( 'NONE', *, *, #1132, .F. ) ;
#564 = DIRECTION ( 'NONE',  ( 0.0000000000000000000, 0.0000000000000000000, -1.000000000000000000 ) ) ;
#565 = PLANE ( 'NONE',  #1099 ) ;
#566 = VERTEX_POINT ( 'NONE', #343 ) ;
#567 = SURFACE_SIDE_STYLE ('',( #1554 ) ) ;
#568 = FACE_OUTER_BOUND ( 'NONE', #184, .T. ) ;
#569 = CARTESIAN_POINT ( 'NONE',  ( 1.474999999999999645, 1.274999999999999689, 1.350000000000000089 ) ) ;
#570 =( NAMED_UNIT ( * ) SI_UNIT ( $, .STERADIAN. ) SOLID_ANGLE_UNIT ( ) );
#571 = ORIENTED_EDGE ( 'NONE', *, *, #1365, .F. ) ;
#572 = EDGE_CURVE ( 'NONE', #1407, #830, #1337, .T. ) ;
#573 = DIRECTION ( 'NONE',  ( -1.000000000000000000, 0.0000000000000000000, -0.0000000000000000000 ) ) ;
#574 = LINE ( 'NONE', #189, #1272 ) ;
#575 = ORIENTED_EDGE ( 'NONE', *, *, #1460, .T. ) ;
#576 = EDGE_CURVE ( 'NONE', #1022, #1752, #706, .T. ) ;
#577 = CARTESIAN_POINT ( 'NONE',  ( 1.399999999999999689, -1.199999999999999956, 1.399999999999999911 ) ) ;
#578 = LINE ( 'NONE', #985, #560 ) ;
#579 = VERTEX_POINT ( 'NONE', #85 ) ;
#580 = FILL_AREA_STYLE_COLOUR ( '', #1691 ) ;
#581 = DIRECTION ( 'NONE',  ( -0.7071067811865474617, -0.7071067811865474617, -0.0000000000000000000 ) ) ;
#582 = ORIENTED_EDGE ( 'NONE', *, *, #1617, .T. ) ;
#583 = CARTESIAN_POINT ( 'NONE',  ( 0.5487412320435144375, 0.9534480186096719878, 0.1882226326129000371 ) ) ;
#584 = EDGE_CURVE ( 'NONE', #1741, #616, #54, .T. ) ;
#585 = LINE ( 'NONE', #141, #173 ) ;
#586 = CIRCLE ( 'NONE', #499, 0.1499999999999999667 ) ;
#587 =( GEOMETRIC_REPRESENTATION_CONTEXT ( 3 ) GLOBAL_UNCERTAINTY_ASSIGNED_CONTEXT ( ( #933 ) ) GLOBAL_UNIT_ASSIGNED_CONTEXT ( ( #857, #447, #570 ) ) REPRESENTATION_CONTEXT ( 'NONE', 'WORKASPACE' ) );
#588 = DIRECTION ( 'NONE',  ( 0.0000000000000000000, 0.0000000000000000000, 1.000000000000000000 ) ) ;
#589 = VECTOR ( 'NONE', #172, 1000.000000000000000 ) ;
#590 = DIRECTION ( 'NONE',  ( -1.000000000000000000, 0.0000000000000000000, -0.0000000000000000000 ) ) ;
#591 = AXIS2_PLACEMENT_3D ( 'NONE', #1231, #229, #1369 ) ;
#592 = CARTESIAN_POINT ( 'NONE',  ( -1.400000000000000133, 1.199999999999999956, 1.350000000000000089 ) ) ;
#593 = MECHANICAL_DESIGN_GEOMETRIC_PRESENTATION_REPRESENTATION (  '', ( #1384 ), #854 ) ;
#594 = DIRECTION ( 'NONE',  ( -1.102578480493733189E-16, -1.000000000000000000, 0.0000000000000000000 ) ) ;
#595 = ORIENTED_EDGE ( 'NONE', *, *, #419, .F. ) ;
#596 = CARTESIAN_POINT ( 'NONE',  ( -0.9057967304184439961, 0.6241252143306320610, 1.000000000000000000 ) ) ;
#597 = DIRECTION ( 'NONE',  ( 0.0000000000000000000, 1.000000000000000000, 0.0000000000000000000 ) ) ;
#598 = ADVANCED_FACE ( 'NONE', ( #632 ), #501, .F. ) ;
#599 = CARTESIAN_POINT ( 'NONE',  ( -0.8764048776464905544, -0.6647664931669172717, 1.000000000000000000 ) ) ;
#600 = CARTESIAN_POINT ( 'NONE',  ( 1.475000000000000311, -1.275000000000000577, 1.350000000000000089 ) ) ;
#601 = DIRECTION ( 'NONE',  ( -1.807003620809174139E-16, 1.000000000000000000, 0.0000000000000000000 ) ) ;
#602 = FACE_OUTER_BOUND ( 'NONE', #1205, .T. ) ;
#603 = CARTESIAN_POINT ( 'NONE',  ( -0.5000000000000000000, 0.0000000000000000000, 0.2000000000000000111 ) ) ;
#604 = ORIENTED_EDGE ( 'NONE', *, *, #1065, .F. ) ;
#605 = DIRECTION ( 'NONE',  ( -1.000000000000000000, 0.0000000000000000000, 0.0000000000000000000 ) ) ;
#606 = VERTEX_POINT ( 'NONE', #1612 ) ;
#607 = EDGE_CURVE ( 'NONE', #471, #1022, #1754, .T. ) ;
#608 = CARTESIAN_POINT ( 'NONE',  ( -1.474999999999999867, 1.274999999999999689, 1.350000000000000089 ) ) ;
#609 = CARTESIAN_POINT ( 'NONE',  ( -0.9598122770835127993, 0.7393943980615599321, 1.000000000000000000 ) ) ;
#610 = DIRECTION ( 'NONE',  ( -1.000000000000000000, 0.0000000000000000000, 0.0000000000000000000 ) ) ;
#611 = CARTESIAN_POINT ( 'NONE',  ( 0.7037262153026334621, 0.8454403668478529532, 1.000000000000000000 ) ) ;
#612 = ORIENTED_EDGE ( 'NONE', *, *, #779, .F. ) ;
#613 = CARTESIAN_POINT ( 'NONE',  ( -0.5239973533571717912, -0.9672591166547012120, 0.1978083502011039330 ) ) ;
#614 = ORIENTED_EDGE ( 'NONE', *, *, #113, .T. ) ;
#615 = FACE_OUTER_BOUND ( 'NONE', #1381, .T. ) ;
#616 = VERTEX_POINT ( 'NONE', #621 ) ;
#617 = VECTOR ( 'NONE', #1406, 1000.000000000000000 ) ;
#618 = EDGE_CURVE ( 'NONE', #1636, #1589, #1346, .T. ) ;
#619 = FACE_OUTER_BOUND ( 'NONE', #1679, .T. ) ;
#620 = CIRCLE ( 'NONE', #709, 0.1000000000000000472 ) ;
#621 = CARTESIAN_POINT ( 'NONE',  ( 0.7037262153026333511, 0.8454403668478529532, 0.0000000000000000000 ) ) ;
#622 = VECTOR ( 'NONE', #1196, 1000.000000000000114 ) ;
#623 = EDGE_LOOP ( 'NONE', ( #1383, #1652, #910, #5 ) ) ;
#624 = VECTOR ( 'NONE', #1260, 1000.000000000000000 ) ;
#625 = STYLED_ITEM ( 'NONE', ( #1235 ), #707 ) ;
#626 = FACE_OUTER_BOUND ( 'NONE', #1447, .T. ) ;
#627 = ORIENTED_EDGE ( 'NONE', *, *, #1671, .F. ) ;
#628 = PLANE ( 'NONE',  #502 ) ;
#629 = LINE ( 'NONE', #896, #1688 ) ;
#630 = EDGE_LOOP ( 'NONE', ( #1176, #1792, #571, #1203 ) ) ;
#631 = PLANE ( 'NONE',  #952 ) ;
#632 = FACE_OUTER_BOUND ( 'NONE', #862, .T. ) ;
#633 = EDGE_CURVE ( 'NONE', #1360, #1120, #931, .T. ) ;
#634 = VERTEX_POINT ( 'NONE', #1733 ) ;
#635 = UNCERTAINTY_MEASURE_WITH_UNIT (LENGTH_MEASURE( 1.000000000000000082E-05 ), #1625, 'distance_accuracy_value', 'NONE');
#636 = ADVANCED_FACE ( 'NONE', ( #1043 ), #482, .F. ) ;
#637 = VERTEX_POINT ( 'NONE', #969 ) ;
#638 = SURFACE_STYLE_FILL_AREA ( #1048 ) ;
#639 = DIRECTION ( 'NONE',  ( -1.000000000000000000, 0.0000000000000000000, -0.0000000000000000000 ) ) ;
#640 = CARTESIAN_POINT ( 'NONE',  ( -1.275000000000000133, 0.0000000000000000000, 1.399999999999999911 ) ) ;
#641 = CARTESIAN_POINT ( 'NONE',  ( -1.474999999999999867, 1.274999999999999689, 0.0000000000000000000 ) ) ;
#642 =( NAMED_UNIT ( * ) PLANE_ANGLE_UNIT ( ) SI_UNIT ( $, .RADIAN. ) );
#643 = ORIENTED_EDGE ( 'NONE', *, *, #1695, .T. ) ;
#644 = VERTEX_POINT ( 'NONE', #265 ) ;
#645 = ADVANCED_FACE ( 'NONE', ( #386 ), #1649, .F. ) ;
#646 = VECTOR ( 'NONE', #1039, 1000.000000000000000 ) ;
#647 = CIRCLE ( 'NONE', #1468, 1.100000000000000311 ) ;
#648 = VERTEX_POINT ( 'NONE', #657 ) ;
#649 = UNCERTAINTY_MEASURE_WITH_UNIT (LENGTH_MEASURE( 1.000000000000000082E-05 ), #799, 'distance_accuracy_value', 'NONE');
#650 = VECTOR ( 'NONE', #455, 1000.000000000000000 ) ;
#651 = DIRECTION ( 'NONE',  ( -0.7071067811865474617, -0.7071067811865474617, 0.0000000000000000000 ) ) ;
#652 = ORIENTED_EDGE ( 'NONE', *, *, #1766, .T. ) ;
#653 = VECTOR ( 'NONE', #955, 1000.000000000000000 ) ;
#654 = DIRECTION ( 'NONE',  ( -0.7071067811865475727, -0.7071067811865475727, 0.0000000000000000000 ) ) ;
#655 = EDGE_CURVE ( 'NONE', #243, #1531, #406, .T. ) ;
#656 = LINE ( 'NONE', #1489, #442 ) ;
#657 = CARTESIAN_POINT ( 'NONE',  ( 1.475000000000000089, -1.275000000000000577, -1.626303258728256651E-16 ) ) ;
#658 = ORIENTED_EDGE ( 'NONE', *, *, #107, .T. ) ;
#659 = LINE ( 'NONE', #521, #329 ) ;
#660 = ORIENTED_EDGE ( 'NONE', *, *, #618, .F. ) ;
#661 = EDGE_CURVE ( 'NONE', #634, #344, #1245, .T. ) ;
#662 =( NAMED_UNIT ( * ) PLANE_ANGLE_UNIT ( ) SI_UNIT ( $, .RADIAN. ) );
#663 = FILL_AREA_STYLE ('',( #108 ) ) ;
#664 = ORIENTED_EDGE ( 'NONE', *, *, #1412, .F. ) ;
#665 = DIRECTION ( 'NONE',  ( 0.0000000000000000000, 0.0000000000000000000, 1.000000000000000000 ) ) ;
#666 = EDGE_LOOP ( 'NONE', ( #658, #1650, #612, #758 ) ) ;
#667 = CARTESIAN_POINT ( 'NONE',  ( 0.9057967304184438850, 0.6241252143306320610, 1.000000000000000000 ) ) ;
#668 = DIRECTION ( 'NONE',  ( 0.7071067811865474617, -0.7071067811865474617, 0.0000000000000000000 ) ) ;
#669 = CARTESIAN_POINT ( 'NONE',  ( 0.5351661904300034633, -0.9610396186529658324, 0.1936127077412075348 ) ) ;
#670 = ORIENTED_EDGE ( 'NONE', *, *, #15, .T. ) ;
#671 = EDGE_CURVE ( 'NONE', #1589, #180, #977, .T. ) ;
#672 = APPLICATION_CONTEXT ( 'automotive_design' ) ;
#673 = LINE ( 'NONE', #252, #1274 ) ;
#674 = CIRCLE ( 'NONE', #1155, 0.2000000000000000944 ) ;
#675 = ORIENTED_EDGE ( 'NONE', *, *, #852, .T. ) ;
#676 = STYLED_ITEM ( 'NONE', ( #461 ), #1160 ) ;
#677 = AXIS2_PLACEMENT_3D ( 'NONE', #295, #306, #1021 ) ;
#678 = PRESENTATION_LAYER_ASSIGNMENT (  '', '', ( #357 ) ) ;
#679 = DIRECTION ( 'NONE',  ( -0.0000000000000000000, -0.0000000000000000000, 1.000000000000000000 ) ) ;
#680 = LINE ( 'NONE', #667, #1066 ) ;
#681 = AXIS2_PLACEMENT_3D ( 'NONE', #1453, #594, #1559 ) ;
#682 = SURFACE_STYLE_USAGE ( .BOTH. , #415 ) ;
#683 = ORIENTED_EDGE ( 'NONE', *, *, #990, .F. ) ;
#684 = DIRECTION ( 'NONE',  ( -1.102578480493733066E-16, -1.000000000000000000, -0.0000000000000000000 ) ) ;
#685 = EDGE_CURVE ( 'NONE', #880, #522, #1042, .T. ) ;
#686 = ORIENTED_EDGE ( 'NONE', *, *, #116, .F. ) ;
#687 = CARTESIAN_POINT ( 'NONE',  ( 0.6000000000000001998, 0.9219544457292891959, 0.1023995725458724942 ) ) ;
#688 =( NAMED_UNIT ( * ) PLANE_ANGLE_UNIT ( ) SI_UNIT ( $, .RADIAN. ) );
#689 = CARTESIAN_POINT ( 'NONE',  ( -1.074999999999999956, 0.0000000000000000000, 1.399999999999999911 ) ) ;
#690 = DIRECTION ( 'NONE',  ( -0.0000000000000000000, 0.0000000000000000000, -1.000000000000000000 ) ) ;
#691 = EDGE_LOOP ( 'NONE', ( #57, #36, #1518, #1330, #139, #686, #1561, #735, #945, #275 ) ) ;
#692 = CARTESIAN_POINT ( 'NONE',  ( -1.199999999999999734, -1.399999999999999911, 1.399999999999999911 ) ) ;
#693 = EDGE_LOOP ( 'NONE', ( #86, #493, #922, #356 ) ) ;
#694 = FILL_AREA_STYLE_COLOUR ( '', #1036 ) ;
#695 = DIRECTION ( 'NONE',  ( -1.000000000000000000, 0.0000000000000000000, 0.0000000000000000000 ) ) ;
#696 = ADVANCED_FACE ( 'NONE', ( #101, #942 ), #1094, .F. ) ;
#697 = DIRECTION ( 'NONE',  ( 0.0000000000000000000, -0.0000000000000000000, -1.000000000000000000 ) ) ;
#698 = CARTESIAN_POINT ( 'NONE',  ( -0.5999999999999999778, -0.9219544457292891959, 0.1000000000000000194 ) ) ;
#699 = VERTEX_POINT ( 'NONE', #1641 ) ;
#700 = PRESENTATION_STYLE_ASSIGNMENT (( #258 ) ) ;
#701 = EDGE_LOOP ( 'NONE', ( #1238, #1703, #437, #346, #208, #604, #236, #1267 ) ) ;
#702 = LINE ( 'NONE', #989, #617 ) ;
#703 = CIRCLE ( 'NONE', #882, 0.1500000000000000777 ) ;
#704 = VECTOR ( 'NONE', #299, 1000.000000000000000 ) ;
#705 = DIRECTION ( 'NONE',  ( 1.000000000000000000, 0.0000000000000000000, 0.0000000000000000000 ) ) ;
#706 = CIRCLE ( 'NONE', #770, 1.100000000000000311 ) ;
#707 = ADVANCED_FACE ( 'NONE', ( #1252 ), #1791, .F. ) ;
#708 = LINE ( 'NONE', #301, #119 ) ;
#709 = AXIS2_PLACEMENT_3D ( 'NONE', #475, #1167, #1184 ) ;
#710 = AXIS2_PLACEMENT_3D ( 'NONE', #311, #1150, #1400 ) ;
#711 = DIRECTION ( 'NONE',  ( -1.000000000000000000, 0.0000000000000000000, 0.0000000000000000000 ) ) ;
#712 = VECTOR ( 'NONE', #837, 1000.000000000000114 ) ;
#713 = DIRECTION ( 'NONE',  ( -0.0000000000000000000, -0.0000000000000000000, -1.000000000000000000 ) ) ;
#714 = EDGE_LOOP ( 'NONE', ( #1259, #652, #1743, #827, #748, #1166, #1312, #1183, #643, #814, #932, #1045 ) ) ;
#715 = CARTESIAN_POINT ( 'NONE',  ( 0.0000000000000000000, 0.0000000000000000000, 1.350000000000000089 ) ) ;
#716 = FACE_OUTER_BOUND ( 'NONE', #666, .T. ) ;
#717 =( GEOMETRIC_REPRESENTATION_CONTEXT ( 3 ) GLOBAL_UNCERTAINTY_ASSIGNED_CONTEXT ( ( #1763 ) ) GLOBAL_UNIT_ASSIGNED_CONTEXT ( ( #1140, #3, #145 ) ) REPRESENTATION_CONTEXT ( 'NONE', 'WORKASPACE' ) );
#718 = ORIENTED_EDGE ( 'NONE', *, *, #1543, .F. ) ;
#719 = CARTESIAN_POINT ( 'NONE',  ( 0.5959398424844237763, 0.9246000563128378147, 0.1303743199395882013 ) ) ;
#720 = DIRECTION ( 'NONE',  ( -1.000000000000000000, 0.0000000000000000000, 0.0000000000000000000 ) ) ;
#721 = CARTESIAN_POINT ( 'NONE',  ( -0.6647664931669167165, -0.8764048776464907764, 1.000000000000000000 ) ) ;
#722 = PRESENTATION_STYLE_ASSIGNMENT (( #1050 ) ) ;
#723 = ORIENTED_EDGE ( 'NONE', *, *, #431, .F. ) ;
#724 = EDGE_CURVE ( 'NONE', #1752, #634, #435, .T. ) ;
#725 = DIRECTION ( 'NONE',  ( 0.0000000000000000000, -0.0000000000000000000, 1.000000000000000000 ) ) ;
#726 = DIRECTION ( 'NONE',  ( 0.0000000000000000000, 0.0000000000000000000, 1.000000000000000000 ) ) ;
#727 = ORIENTED_EDGE ( 'NONE', *, *, #655, .F. ) ;
#728 = CARTESIAN_POINT ( 'NONE',  ( 0.5692232688305306487, 0.9412676931786653212, 0.1721674376184724187 ) ) ;
#729 = LINE ( 'NONE', #1667, #1751 ) ;
#730 = FACE_OUTER_BOUND ( 'NONE', #1735, .T. ) ;
#731 = CARTESIAN_POINT ( 'NONE',  ( 1.475000000000000311, -1.275000000000000577, 1.350000000000000089 ) ) ;
#732 = CARTESIAN_POINT ( 'NONE',  ( 1.399999999999999689, 1.199999999999999956, 1.399999999999999911 ) ) ;
#733 = CARTESIAN_POINT ( 'NONE',  ( -1.474999999999999645, -1.275000000000000577, -1.626303258728256651E-16 ) ) ;
#734 = EDGE_CURVE ( 'NONE', #838, #370, #38, .T. ) ;
#735 = ORIENTED_EDGE ( 'NONE', *, *, #16, .F. ) ;
#736 = CARTESIAN_POINT ( 'NONE',  ( -0.5453248138052647631, -0.9553826700046136322, 0.1897965582809364449 ) ) ;
#737 = VECTOR ( 'NONE', #1307, 1000.000000000000000 ) ;
#738 = DIRECTION ( 'NONE',  ( 0.0000000000000000000, 0.0000000000000000000, 1.000000000000000000 ) ) ;
#739 = MECHANICAL_DESIGN_GEOMETRIC_PRESENTATION_REPRESENTATION (  '', ( #1268 ), #176 ) ;
#740 = CIRCLE ( 'NONE', #468, 0.1499999999999999667 ) ;
#741 = FILL_AREA_STYLE_COLOUR ( '', #352 ) ;
#742 =( GEOMETRIC_REPRESENTATION_CONTEXT ( 3 ) GLOBAL_UNCERTAINTY_ASSIGNED_CONTEXT ( ( #635 ) ) GLOBAL_UNIT_ASSIGNED_CONTEXT ( ( #1625, #514, #1621 ) ) REPRESENTATION_CONTEXT ( 'NONE', 'WORKASPACE' ) );
#743 = AXIS2_PLACEMENT_3D ( 'NONE', #898, #1296, #33 ) ;
#744 = LINE ( 'NONE', #53, #1665 ) ;
#745 = LINE ( 'NONE', #1444, #35 ) ;
#746 = EDGE_LOOP ( 'NONE', ( #1478, #1368, #1605, #1208 ) ) ;
#747 = CARTESIAN_POINT ( 'NONE',  ( -0.5984611282738323546, -0.9229604073532718944, 0.1200206398586654566 ) ) ;
#748 = ORIENTED_EDGE ( 'NONE', *, *, #768, .T. ) ;
#749 = CARTESIAN_POINT ( 'NONE',  ( 1.475000000000000311, -1.275000000000000577, 1.350000000000000089 ) ) ;
#750 = ADVANCED_FACE ( 'NONE', ( #1306 ), #1707, .F. ) ;
#751 = DIRECTION ( 'NONE',  ( 1.700709290173340656E-16, -1.000000000000000000, 0.0000000000000000000 ) ) ;
#752 = ORIENTED_EDGE ( 'NONE', *, *, #156, .F. ) ;
#753 = DIRECTION ( 'NONE',  ( 0.0000000000000000000, 0.0000000000000000000, -1.000000000000000000 ) ) ;
#754 = CARTESIAN_POINT ( 'NONE',  ( -1.274999999999999689, -1.475000000000000533, 0.0000000000000000000 ) ) ;
#755 = DIRECTION ( 'NONE',  ( -1.000000000000000000, 0.0000000000000000000, 0.0000000000000000000 ) ) ;
#756 = ORIENTED_EDGE ( 'NONE', *, *, #990, .T. ) ;
#757 = EDGE_CURVE ( 'NONE', #1185, #900, #578, .T. ) ;
#758 = ORIENTED_EDGE ( 'NONE', *, *, #1775, .F. ) ;
#759 = DIRECTION ( 'NONE',  ( -1.102578480493733189E-16, -1.000000000000000000, 0.0000000000000000000 ) ) ;
#760 = ORIENTED_EDGE ( 'NONE', *, *, #313, .T. ) ;
#761 = CARTESIAN_POINT ( 'NONE',  ( -0.5550239661303478789, -0.9497621662779992535, 0.1842373548500233493 ) ) ;
#762 = VERTEX_POINT ( 'NONE', #698 ) ;
#763 = FILL_AREA_STYLE_COLOUR ( '', #262 ) ;
#764 = EDGE_CURVE ( 'NONE', #1789, #986, #1413, .T. ) ;
#765 = AXIS2_PLACEMENT_3D ( 'NONE', #1026, #713, #1280 ) ;
#766 = PRESENTATION_STYLE_ASSIGNMENT (( #187 ) ) ;
#767 = CIRCLE ( 'NONE', #1333, 0.1499999999999999667 ) ;
#768 = EDGE_CURVE ( 'NONE', #566, #377, #1392, .T. ) ;
#769 = LINE ( 'NONE', #732, #1635 ) ;
#770 = AXIS2_PLACEMENT_3D ( 'NONE', #1223, #512, #369 ) ;
#771 = VERTEX_POINT ( 'NONE', #1537 ) ;
#772 = ORIENTED_EDGE ( 'NONE', *, *, #51, .F. ) ;
#773 = CYLINDRICAL_SURFACE ( 'NONE', #973, 0.1499999999999999667 ) ;
#774 = PLANE ( 'NONE',  #1498 ) ;
#775 = DIRECTION ( 'NONE',  ( -0.0000000000000000000, -0.0000000000000000000, -1.000000000000000000 ) ) ;
#776 = CARTESIAN_POINT ( 'NONE',  ( -1.474999999999999867, 1.274999999999999689, 1.350000000000000089 ) ) ;
#777 = DIRECTION ( 'NONE',  ( -1.000000000000000000, 0.0000000000000000000, 0.0000000000000000000 ) ) ;
#778 = ORIENTED_EDGE ( 'NONE', *, *, #96, .T. ) ;
#779 = EDGE_CURVE ( 'NONE', #245, #1455, #1501, .T. ) ;
#780 = FILL_AREA_STYLE_COLOUR ( '', #1303 ) ;
#781 = EDGE_LOOP ( 'NONE', ( #792, #428, #425, #52 ) ) ;
#782 = LINE ( 'NONE', #905, #144 ) ;
#783 = SURFACE_STYLE_FILL_AREA ( #1759 ) ;
#784 =( NAMED_UNIT ( * ) SI_UNIT ( $, .STERADIAN. ) SOLID_ANGLE_UNIT ( ) );
#785 = ORIENTED_EDGE ( 'NONE', *, *, #227, .F. ) ;
#786 = CARTESIAN_POINT ( 'NONE',  ( 0.6000000000000001998, 1.474999999999999645, 0.2000000000000000111 ) ) ;
#787 = EDGE_CURVE ( 'NONE', #1389, #1112, #290, .T. ) ;
#788 = ORIENTED_EDGE ( 'NONE', *, *, #633, .T. ) ;
#789 = DIRECTION ( 'NONE',  ( -0.7071067811865474617, 0.7071067811865474617, -0.0000000000000000000 ) ) ;
#790 = MANIFOLD_SOLID_BREP ( 'Fillet1', #63 ) ;
#791 = CARTESIAN_POINT ( 'NONE',  ( -0.7778174593052022967, -0.7778174593052027408, 1.000000000000000000 ) ) ;
#792 = ORIENTED_EDGE ( 'NONE', *, *, #1423, .F. ) ;
#793 = AXIS2_PLACEMENT_3D ( 'NONE', #1746, #359, #1738 ) ;
#794 = CARTESIAN_POINT ( 'NONE',  ( -0.6000000000000000888, 0.0000000000000000000, 0.0000000000000000000 ) ) ;
#795 = COLOUR_RGB ( '',1.000000000000000000, 1.000000000000000000, 1.000000000000000000 ) ;
#796 = VERTEX_POINT ( 'NONE', #1130 ) ;
#797 = VECTOR ( 'NONE', #1143, 1000.000000000000000 ) ;
#798 = AXIS2_PLACEMENT_3D ( 'NONE', #1595, #75, #1443 ) ;
#799 =( LENGTH_UNIT ( ) NAMED_UNIT ( * ) SI_UNIT ( .MILLI., .METRE. ) );
#800 = SURFACE_STYLE_FILL_AREA ( #663 ) ;
#801 = EDGE_LOOP ( 'NONE', ( #91, #788, #67, #660 ) ) ;
#802 = DIRECTION ( 'NONE',  ( -1.000000000000000000, 0.0000000000000000000, 0.0000000000000000000 ) ) ;
#803 = VERTEX_POINT ( 'NONE', #146 ) ;
#804 = DIRECTION ( 'NONE',  ( -1.000000000000000000, 0.0000000000000000000, -0.0000000000000000000 ) ) ;
#805 = EDGE_CURVE ( 'NONE', #1741, #1270, #1269, .T. ) ;
#806 = LINE ( 'NONE', #1093, #293 ) ;
#807 = CARTESIAN_POINT ( 'NONE',  ( 0.5777747868497370431, -0.9360657122517278550, 0.1636513101324676700 ) ) ;
#808 = ORIENTED_EDGE ( 'NONE', *, *, #1671, .T. ) ;
#809 = DIRECTION ( 'NONE',  ( 1.102578480493733066E-16, 1.000000000000000000, 0.0000000000000000000 ) ) ;
#810 = VERTEX_POINT ( 'NONE', #13 ) ;
#811 = CARTESIAN_POINT ( 'NONE',  ( -0.5000000000000000000, 0.0000000000000000000, 0.1000000000000000056 ) ) ;
#812 = EDGE_CURVE ( 'NONE', #515, #796, #32, .T. ) ;
#813 = DIRECTION ( 'NONE',  ( 0.0000000000000000000, 0.0000000000000000000, 1.000000000000000000 ) ) ;
#814 = ORIENTED_EDGE ( 'NONE', *, *, #1044, .T. ) ;
#815 = EDGE_CURVE ( 'NONE', #1236, #1082, #22, .T. ) ;
#816 = EDGE_CURVE ( 'NONE', #253, #199, #1778, .T. ) ;
#817 = CARTESIAN_POINT ( 'NONE',  ( -1.200000000000000178, 1.399999999999999911, 1.350000000000000089 ) ) ;
#818 = AXIS2_PLACEMENT_3D ( 'NONE', #1481, #339, #1313 ) ;
#819 = ORIENTED_EDGE ( 'NONE', *, *, #1278, .F. ) ;
#820 = PRESENTATION_LAYER_ASSIGNMENT (  '', '', ( #676 ) ) ;
#821 = AXIS2_PLACEMENT_3D ( 'NONE', #1528, #1106, #1500 ) ;
#822 = AXIS2_PLACEMENT_3D ( 'NONE', #1750, #505, #1098 ) ;
#823 = AXIS2_PLACEMENT_3D ( 'NONE', #1798, #548, #424 ) ;
#824 = DIRECTION ( 'NONE',  ( 0.0000000000000000000, 0.0000000000000000000, 1.000000000000000000 ) ) ;
#825 = AXIS2_PLACEMENT_3D ( 'NONE', #689, #534, #711 ) ;
#826 = CARTESIAN_POINT ( 'NONE',  ( 0.5453248138052647631, -0.9553826700046137432, 0.1897965582809364726 ) ) ;
#827 = ORIENTED_EDGE ( 'NONE', *, *, #1145, .T. ) ;
#828 =( LENGTH_UNIT ( ) NAMED_UNIT ( * ) SI_UNIT ( .MILLI., .METRE. ) );
#829 = ADVANCED_FACE ( 'NONE', ( #730, #1294 ), #1211, .T. ) ;
#830 = VERTEX_POINT ( 'NONE', #1220 ) ;
#831 = CARTESIAN_POINT ( 'NONE',  ( 0.5997410342509562620, 0.9221229266402576341, 0.1071920849932134628 ) ) ;
#832 = CARTESIAN_POINT ( 'NONE',  ( 0.8098122770835125550, 0.7393943980615597100, 0.0000000000000000000 ) ) ;
#833 = LINE ( 'NONE', #1161, #1687 ) ;
#834 = CARTESIAN_POINT ( 'NONE',  ( 1.199999999999999734, -1.399999999999999689, 1.399999999999999911 ) ) ;
#835 = CARTESIAN_POINT ( 'NONE',  ( -1.100000000000000311, 0.0000000000000000000, 1.000000000000000000 ) ) ;
#836 = ORIENTED_EDGE ( 'NONE', *, *, #734, .T. ) ;
#837 = DIRECTION ( 'NONE',  ( -0.7071067811865474617, -0.7071067811865474617, 0.0000000000000000000 ) ) ;
#838 = VERTEX_POINT ( 'NONE', #361 ) ;
#839 = ADVANCED_FACE ( 'NONE', ( #928 ), #332, .F. ) ;
#840 = CARTESIAN_POINT ( 'NONE',  ( 0.5999134250501546584, 0.9220108051071954636, 0.1048013406369343314 ) ) ;
#841 = DIRECTION ( 'NONE',  ( 0.0000000000000000000, -0.0000000000000000000, -1.000000000000000000 ) ) ;
#842 = VERTEX_POINT ( 'NONE', #1139 ) ;
#843 =( NAMED_UNIT ( * ) SI_UNIT ( $, .STERADIAN. ) SOLID_ANGLE_UNIT ( ) );
#844 = CARTESIAN_POINT ( 'NONE',  ( 0.4999999999999997780, -1.475000000000000533, 0.1000000000000000056 ) ) ;
#845 = ORIENTED_EDGE ( 'NONE', *, *, #446, .F. ) ;
#846 = AXIS2_PLACEMENT_3D ( 'NONE', #1429, #1007, #558 ) ;
#847 = CARTESIAN_POINT ( 'NONE',  ( 1.399999999999999689, 1.199999999999999734, 1.399999999999999911 ) ) ;
#848 = VECTOR ( 'NONE', #1607, 1000.000000000000000 ) ;
#849 = VECTOR ( 'NONE', #1744, 1000.000000000000000 ) ;
#850 = DIRECTION ( 'NONE',  ( -1.000000000000000000, 0.0000000000000000000, 0.0000000000000000000 ) ) ;
#851 = AXIS2_PLACEMENT_3D ( 'NONE', #1174, #325, #1568 ) ;
#852 = EDGE_CURVE ( 'NONE', #771, #699, #708, .T. ) ;
#853 = EDGE_CURVE ( 'NONE', #810, #1407, #674, .T. ) ;
#854 =( GEOMETRIC_REPRESENTATION_CONTEXT ( 3 ) GLOBAL_UNCERTAINTY_ASSIGNED_CONTEXT ( ( #649 ) ) GLOBAL_UNIT_ASSIGNED_CONTEXT ( ( #799, #511, #1366 ) ) REPRESENTATION_CONTEXT ( 'NONE', 'WORKASPACE' ) );
#855 = PRESENTATION_LAYER_ASSIGNMENT (  '', '', ( #625 ) ) ;
#856 = DIRECTION ( 'NONE',  ( 0.0000000000000000000, -0.0000000000000000000, 1.000000000000000000 ) ) ;
#857 =( LENGTH_UNIT ( ) NAMED_UNIT ( * ) SI_UNIT ( .MILLI., .METRE. ) );
#858 = EDGE_LOOP ( 'NONE', ( #328, #1387, #1624, #627 ) ) ;
#859 = VECTOR ( 'NONE', #12, 1000.000000000000000 ) ;
#860 = LINE ( 'NONE', #268, #624 ) ;
#861 = FACE_OUTER_BOUND ( 'NONE', #462, .T. ) ;
#862 = EDGE_LOOP ( 'NONE', ( #1445, #1246, #1638, #1525 ) ) ;
#863 = CYLINDRICAL_SURFACE ( 'NONE', #885, 1.100000000000000089 ) ;
#864 = DIRECTION ( 'NONE',  ( -0.0000000000000000000, -0.0000000000000000000, -1.000000000000000000 ) ) ;
#865 = EDGE_CURVE ( 'NONE', #522, #771, #833, .T. ) ;
#866 = CARTESIAN_POINT ( 'NONE',  ( 0.0000000000000000000, 0.0000000000000000000, 0.1999999999999999833 ) ) ;
#867 = ORIENTED_EDGE ( 'NONE', *, *, #1100, .F. ) ;
#868 = SURFACE_STYLE_USAGE ( .BOTH. , #305 ) ;
#869 = DIRECTION ( 'NONE',  ( 0.7071067811865474617, -0.7071067811865474617, -0.0000000000000000000 ) ) ;
#870 = EDGE_LOOP ( 'NONE', ( #543, #1253, #664, #88 ) ) ;
#871 = CARTESIAN_POINT ( 'NONE',  ( 0.5989044622630393944, 0.9226670260599376672, 0.1187938048531624186 ) ) ;
#872 = FACE_OUTER_BOUND ( 'NONE', #1086, .T. ) ;
#873 = CARTESIAN_POINT ( 'NONE',  ( 0.6000000000000001998, 1.474999999999999645, 0.0000000000000000000 ) ) ;
#874 = EDGE_LOOP ( 'NONE', ( #845, #1031, #894, #978 ) ) ;
#875 = DIRECTION ( 'NONE',  ( -0.0000000000000000000, -0.0000000000000000000, -1.000000000000000000 ) ) ;
#876 = DIRECTION ( 'NONE',  ( -1.102578480493733189E-16, -1.000000000000000000, 0.0000000000000000000 ) ) ;
#877 = EDGE_CURVE ( 'NONE', #420, #1146, #1676, .T. ) ;
#878 = FACE_OUTER_BOUND ( 'NONE', #714, .T. ) ;
#879 = STYLED_ITEM ( 'NONE', ( #766 ), #87 ) ;
#880 = VERTEX_POINT ( 'NONE', #1696 ) ;
#881 = CARTESIAN_POINT ( 'NONE',  ( 1.275000000000000577, -1.475000000000000533, 0.0000000000000000000 ) ) ;
#882 = AXIS2_PLACEMENT_3D ( 'NONE', #384, #953, #83 ) ;
#883 = CARTESIAN_POINT ( 'NONE',  ( 0.0000000000000000000, 0.0000000000000000000, 0.0000000000000000000 ) ) ;
#884 = CIRCLE ( 'NONE', #944, 1.100000000000000311 ) ;
#885 = AXIS2_PLACEMENT_3D ( 'NONE', #1692, #1116, #1125 ) ;
#886 =( NAMED_UNIT ( * ) SI_UNIT ( $, .STERADIAN. ) SOLID_ANGLE_UNIT ( ) );
#887 = CARTESIAN_POINT ( 'NONE',  ( -0.5119844028423505833, 0.9736801321474968240, 0.2000000000000000111 ) ) ;
#888 = AXIS2_PLACEMENT_3D ( 'NONE', #1432, #753, #449 ) ;
#889 = CARTESIAN_POINT ( 'NONE',  ( -0.9598122770835127993, 0.7393943980615599321, 0.0000000000000000000 ) ) ;
#890 = CARTESIAN_POINT ( 'NONE',  ( -1.274999999999999689, 1.474999999999999645, 1.350000000000000089 ) ) ;
#891 = ORIENTED_EDGE ( 'NONE', *, *, #217, .T. ) ;
#892 = EDGE_CURVE ( 'NONE', #579, #606, #740, .T. ) ;
#893 = MECHANICAL_DESIGN_GEOMETRIC_PRESENTATION_REPRESENTATION (  '', ( #1762 ), #717 ) ;
#894 = ORIENTED_EDGE ( 'NONE', *, *, #1292, .F. ) ;
#895 = CARTESIAN_POINT ( 'NONE',  ( -0.9278174593052022079, -0.7778174593052027408, 0.0000000000000000000 ) ) ;
#896 = CARTESIAN_POINT ( 'NONE',  ( -0.8764048776464906654, -0.6647664931669171606, 1.000000000000000000 ) ) ;
#897 = LINE ( 'NONE', #609, #646 ) ;
#898 = CARTESIAN_POINT ( 'NONE',  ( -1.074999999999999956, 0.0000000000000000000, 1.350000000000000089 ) ) ;
#899 = CARTESIAN_POINT ( 'NONE',  ( -0.8749999999999998890, 2.449293598294707462E-17, 1.399999999999999911 ) ) ;
#900 = VERTEX_POINT ( 'NONE', #721 ) ;
#901 = CARTESIAN_POINT ( 'NONE',  ( 1.199999999999999734, 1.399999999999999911, 1.399999999999999911 ) ) ;
#902 = VERTEX_POINT ( 'NONE', #1064 ) ;
#903 =( LENGTH_UNIT ( ) NAMED_UNIT ( * ) SI_UNIT ( .MILLI., .METRE. ) );
#904 = EDGE_CURVE ( 'NONE', #130, #545, #74, .T. ) ;
#905 = CARTESIAN_POINT ( 'NONE',  ( -1.400000000000000133, 1.199999999999999956, 1.399999999999999911 ) ) ;
#906 = ADVANCED_FACE ( 'NONE', ( #1470 ), #1440, .F. ) ;
#907 = PLANE ( 'NONE',  #553 ) ;
#908 = CARTESIAN_POINT ( 'NONE',  ( -1.399999999999999689, -1.199999999999999956, 1.350000000000000089 ) ) ;
#909 = CARTESIAN_POINT ( 'NONE',  ( -0.6000000000000000888, -1.475000000000000533, 0.2000000000000000111 ) ) ;
#910 = ORIENTED_EDGE ( 'NONE', *, *, #528, .F. ) ;
#911 = UNCERTAINTY_MEASURE_WITH_UNIT (LENGTH_MEASURE( 1.000000000000000082E-05 ), #1772, 'distance_accuracy_value', 'NONE');
#912 = CARTESIAN_POINT ( 'NONE',  ( -0.5000000000000000000, -0.9797958971132715300, 0.1999999999999999833 ) ) ;
#913 = ORIENTED_EDGE ( 'NONE', *, *, #170, .F. ) ;
#914 = FACE_OUTER_BOUND ( 'NONE', #935, .T. ) ;
#915 = VECTOR ( 'NONE', #523, 1000.000000000000000 ) ;
#916 = VECTOR ( 'NONE', #486, 1000.000000000000000 ) ;
#917 = EDGE_CURVE ( 'NONE', #1723, #1146, #340, .T. ) ;
#918 =( NAMED_UNIT ( * ) SI_UNIT ( $, .STERADIAN. ) SOLID_ANGLE_UNIT ( ) );
#919 = MECHANICAL_DESIGN_GEOMETRIC_PRESENTATION_REPRESENTATION (  '', ( #1069 ), #210 ) ;
#920 = VECTOR ( 'NONE', #519, 1000.000000000000000 ) ;
#921 = STYLED_ITEM ( 'NONE', ( #700 ), #1373 ) ;
#922 = ORIENTED_EDGE ( 'NONE', *, *, #877, .T. ) ;
#923 = VECTOR ( 'NONE', #1336, 1000.000000000000000 ) ;
#924 = CARTESIAN_POINT ( 'NONE',  ( 0.0000000000000000000, 0.0000000000000000000, 0.0000000000000000000 ) ) ;
#925 = ORIENTED_EDGE ( 'NONE', *, *, #227, .T. ) ;
#926 = DIRECTION ( 'NONE',  ( -1.000000000000000000, 0.0000000000000000000, 0.0000000000000000000 ) ) ;
#927 = CARTESIAN_POINT ( 'NONE',  ( -0.5999999999999996447, -0.9219544457292893069, 1.000000000000000000 ) ) ;
#928 = FACE_OUTER_BOUND ( 'NONE', #1571, .T. ) ;
#929 = ADVANCED_FACE ( 'NONE', ( #1035 ), #774, .T. ) ;
#930 = CYLINDRICAL_SURFACE ( 'NONE', #298, 0.1000000000000000056 ) ;
#931 = LINE ( 'NONE', #1484, #622 ) ;
#932 = ORIENTED_EDGE ( 'NONE', *, *, #892, .T. ) ;
#933 = UNCERTAINTY_MEASURE_WITH_UNIT (LENGTH_MEASURE( 1.000000000000000082E-05 ), #857, 'distance_accuracy_value', 'NONE');
#934 = PLANE ( 'NONE',  #1756 ) ;
#935 = EDGE_LOOP ( 'NONE', ( #1063, #394, #23, #529 ) ) ;
#936 = DIRECTION ( 'NONE',  ( -0.7071067811865474617, 0.7071067811865474617, 0.0000000000000000000 ) ) ;
#937 = ORIENTED_EDGE ( 'NONE', *, *, #768, .F. ) ;
#938 = CARTESIAN_POINT ( 'NONE',  ( 1.199999999999999734, -1.399999999999999911, 1.350000000000000089 ) ) ;
#939 = EDGE_CURVE ( 'NONE', #1022, #344, #629, .T. ) ;
#940 = ORIENTED_EDGE ( 'NONE', *, *, #1170, .F. ) ;
#941 = CARTESIAN_POINT ( 'NONE',  ( 1.199999999999999734, 1.399999999999999911, 1.399999999999999911 ) ) ;
#942 = FACE_BOUND ( 'NONE', #411, .T. ) ;
#943 = VECTOR ( 'NONE', #140, 1000.000000000000000 ) ;
#944 = AXIS2_PLACEMENT_3D ( 'NONE', #10, #1148, #1016 ) ;
#945 = ORIENTED_EDGE ( 'NONE', *, *, #1233, .F. ) ;
#946 =( GEOMETRIC_REPRESENTATION_CONTEXT ( 3 ) GLOBAL_UNCERTAINTY_ASSIGNED_CONTEXT ( ( #1491 ) ) GLOBAL_UNIT_ASSIGNED_CONTEXT ( ( #1580, #330, #1597 ) ) REPRESENTATION_CONTEXT ( 'NONE', 'WORKASPACE' ) );
#947 = CYLINDRICAL_SURFACE ( 'NONE', #1006, 1.100000000000000311 ) ;
#948 = VECTOR ( 'NONE', #1433, 1000.000000000000000 ) ;
#949 = ORIENTED_EDGE ( 'NONE', *, *, #1473, .F. ) ;
#950 = COLOUR_RGB ( '',1.000000000000000000, 1.000000000000000000, 1.000000000000000000 ) ;
#951 = EDGE_CURVE ( 'NONE', #1723, #1698, #1459, .T. ) ;
#952 = AXIS2_PLACEMENT_3D ( 'NONE', #941, #1228, #668 ) ;
#953 = DIRECTION ( 'NONE',  ( -0.0000000000000000000, -0.0000000000000000000, -1.000000000000000000 ) ) ;
#954 = MECHANICAL_DESIGN_GEOMETRIC_PRESENTATION_REPRESENTATION (  '', ( #1339 ), #533 ) ;
#955 = DIRECTION ( 'NONE',  ( -8.503546450866703280E-17, 1.000000000000000000, 0.0000000000000000000 ) ) ;
#956 = DIRECTION ( 'NONE',  ( 1.102578480493733066E-16, 1.000000000000000000, 0.0000000000000000000 ) ) ;
#957 = ORIENTED_EDGE ( 'NONE', *, *, #300, .T. ) ;
#958 = DIRECTION ( 'NONE',  ( -0.0000000000000000000, -1.000000000000000000, -0.0000000000000000000 ) ) ;
#959 = EDGE_LOOP ( 'NONE', ( #338, #582 ) ) ;
#960 = CARTESIAN_POINT ( 'NONE',  ( -1.274999999999999689, -1.475000000000000533, 1.350000000000000089 ) ) ;
#961 = DIRECTION ( 'NONE',  ( -1.000000000000000000, 7.228014483236697541E-16, 0.0000000000000000000 ) ) ;
#962 = EDGE_CURVE ( 'NONE', #1407, #810, #68, .T. ) ;
#963 =( LENGTH_UNIT ( ) NAMED_UNIT ( * ) SI_UNIT ( .MILLI., .METRE. ) );
#964 = UNCERTAINTY_MEASURE_WITH_UNIT (LENGTH_MEASURE( 1.000000000000000082E-05 ), #1352, 'distance_accuracy_value', 'NONE');
#965 = CARTESIAN_POINT ( 'NONE',  ( 0.6000000000000000888, 0.9219544457292889739, 0.0000000000000000000 ) ) ;
#966 = ORIENTED_EDGE ( 'NONE', *, *, #757, .T. ) ;
#967 = CARTESIAN_POINT ( 'NONE',  ( 0.0000000000000000000, 0.0000000000000000000, 0.0000000000000000000 ) ) ;
#968 = EDGE_CURVE ( 'NONE', #606, #637, #504, .T. ) ;
#969 = CARTESIAN_POINT ( 'NONE',  ( 0.9057967304184437740, 0.6241252143306319500, 0.0000000000000000000 ) ) ;
#970 = ORIENTED_EDGE ( 'NONE', *, *, #671, .F. ) ;
#971 = LINE ( 'NONE', #1524, #100 ) ;
#972 = ORIENTED_EDGE ( 'NONE', *, *, #1227, .T. ) ;
#973 = AXIS2_PLACEMENT_3D ( 'NONE', #1448, #1726, #926 ) ;
#974 = CARTESIAN_POINT ( 'NONE',  ( -1.200000000000000178, 1.399999999999999911, 1.399999999999999911 ) ) ;
#975 = CARTESIAN_POINT ( 'NONE',  ( -1.200000000000000178, 1.399999999999999911, 1.350000000000000089 ) ) ;
#976 = VECTOR ( 'NONE', #1345, 1000.000000000000000 ) ;
#977 = LINE ( 'NONE', #1111, #920 ) ;
#978 = ORIENTED_EDGE ( 'NONE', *, *, #1227, .F. ) ;
#979 = EDGE_CURVE ( 'NONE', #1185, #1151, #324, .T. ) ;
#980 = UNCERTAINTY_MEASURE_WITH_UNIT (LENGTH_MEASURE( 1.000000000000000082E-05 ), #1137, 'distance_accuracy_value', 'NONE');
#981 = DIRECTION ( 'NONE',  ( -0.0000000000000000000, -0.0000000000000000000, -1.000000000000000000 ) ) ;
#982 = ORIENTED_EDGE ( 'NONE', *, *, #962, .T. ) ;
#983 = FACE_OUTER_BOUND ( 'NONE', #1435, .T. ) ;
#984 = FACE_OUTER_BOUND ( 'NONE', #874, .T. ) ;
#985 = CARTESIAN_POINT ( 'NONE',  ( -0.6647664931669166055, -0.8764048776464908874, 1.000000000000000000 ) ) ;
#986 = VERTEX_POINT ( 'NONE', #1058 ) ;
#987 = DIRECTION ( 'NONE',  ( 0.7071067811865474617, 0.7071067811865474617, 0.0000000000000000000 ) ) ;
#988 = ORIENTED_EDGE ( 'NONE', *, *, #446, .T. ) ;
#989 = CARTESIAN_POINT ( 'NONE',  ( 0.0000000000000000000, 1.474999999999999645, 0.0000000000000000000 ) ) ;
#990 = EDGE_CURVE ( 'NONE', #1596, #522, #1659, .T. ) ;
#991 = B_SPLINE_CURVE_WITH_KNOTS ( 'NONE', 3,
 ( #111, #1239, #1581, #552, #583, #1427, #728, #1156, #281, #412, #719, #871, #831, #840, #687, #1683 ),
 .UNSPECIFIED., .F., .F.,
 ( 4, 3, 3, 3, 3, 4 ),
 ( 1.117570019170468128E-19, 4.258742365179427319E-05, 8.525103556584886437E-05, 0.0001262610608046429127, 0.0001612452099842098894, 0.0001683117233987591976 ),
 .UNSPECIFIED. ) ;
#992 = LINE ( 'NONE', #1, #1241 ) ;
#993 = CARTESIAN_POINT ( 'NONE',  ( 0.6000000000000000888, 0.9219544457292889739, 0.2000000000000000111 ) ) ;
#994 = CARTESIAN_POINT ( 'NONE',  ( -0.8098122770835127771, 0.7393943980615599321, 1.000000000000000000 ) ) ;
#995 = ORIENTED_EDGE ( 'NONE', *, *, #724, .F. ) ;
#996 = LINE ( 'NONE', #409, #41 ) ;
#997 = PLANE ( 'NONE',  #1553 ) ;
#998 =( GEOMETRIC_REPRESENTATION_CONTEXT ( 3 ) GLOBAL_UNCERTAINTY_ASSIGNED_CONTEXT ( ( #911 ) ) GLOBAL_UNIT_ASSIGNED_CONTEXT ( ( #1772, #688, #918 ) ) REPRESENTATION_CONTEXT ( 'NONE', 'WORKASPACE' ) );
#999 = ORIENTED_EDGE ( 'NONE', *, *, #865, .T. ) ;
#1000 = AXIS2_PLACEMENT_3D ( 'NONE', #866, #1421, #163 ) ;
#1001 = LINE ( 'NONE', #297, #1332 ) ;
#1002 =( GEOMETRIC_REPRESENTATION_CONTEXT ( 3 ) GLOBAL_UNCERTAINTY_ASSIGNED_CONTEXT ( ( #1340 ) ) GLOBAL_UNIT_ASSIGNED_CONTEXT ( ( #903, #1033, #463 ) ) REPRESENTATION_CONTEXT ( 'NONE', 'WORKASPACE' ) );
#1003 = AXIS2_PLACEMENT_3D ( 'NONE', #883, #679, #1371 ) ;
#1004 = DIRECTION ( 'NONE',  ( 0.0000000000000000000, 0.0000000000000000000, 1.000000000000000000 ) ) ;
#1005 = EDGE_CURVE ( 'NONE', #1151, #762, #1351, .T. ) ;
#1006 = AXIS2_PLACEMENT_3D ( 'NONE', #1776, #1770, #1487 ) ;
#1007 = DIRECTION ( 'NONE',  ( 0.7071067811865475727, -0.7071067811865475727, 0.0000000000000000000 ) ) ;
#1008 = CIRCLE ( 'NONE', #743, 0.2000000000000000944 ) ;
#1009 = DIRECTION ( 'NONE',  ( -1.000000000000000000, -0.0000000000000000000, 0.0000000000000000000 ) ) ;
#1010 = ORIENTED_EDGE ( 'NONE', *, *, #1656, .T. ) ;
#1011 =( GEOMETRIC_REPRESENTATION_CONTEXT ( 3 ) GLOBAL_UNCERTAINTY_ASSIGNED_CONTEXT ( ( #104 ) ) GLOBAL_UNIT_ASSIGNED_CONTEXT ( ( #1105, #541, #1265 ) ) REPRESENTATION_CONTEXT ( 'NONE', 'WORKASPACE' ) );
#1012 = SURFACE_STYLE_FILL_AREA ( #439 ) ;
#1013 = SURFACE_STYLE_FILL_AREA ( #1689 ) ;
#1014 = ORIENTED_EDGE ( 'NONE', *, *, #1514, .F. ) ;
#1015 = CARTESIAN_POINT ( 'NONE',  ( 0.6000000000000001998, 1.474999999999999645, 0.0000000000000000000 ) ) ;
#1016 = DIRECTION ( 'NONE',  ( -1.000000000000000000, 4.440892098500626162E-15, 0.0000000000000000000 ) ) ;
#1017 = EDGE_CURVE ( 'NONE', #380, #133, #782, .T. ) ;
#1018 = PRODUCT_CONTEXT ( 'NONE', #487, 'mechanical' ) ;
#1019 = CARTESIAN_POINT ( 'NONE',  ( 0.0000000000000000000, -1.475000000000000533, 1.350000000000000089 ) ) ;
#1020 = CARTESIAN_POINT ( 'NONE',  ( -0.5000000000000000000, -0.9797958971132715300, 0.1999999999999999833 ) ) ;
#1021 = DIRECTION ( 'NONE',  ( -1.000000000000000000, 0.0000000000000000000, 0.0000000000000000000 ) ) ;
#1022 = VERTEX_POINT ( 'NONE', #599 ) ;
#1023 = FILL_AREA_STYLE ('',( #1329 ) ) ;
#1024 = ORIENTED_EDGE ( 'NONE', *, *, #60, .F. ) ;
#1025 = LINE ( 'NONE', #50, #849 ) ;
#1026 = CARTESIAN_POINT ( 'NONE',  ( 0.8098122770835125550, 0.7393943980615597100, 1.000000000000000000 ) ) ;
#1027 = ORIENTED_EDGE ( 'NONE', *, *, #1154, .F. ) ;
#1028 = EDGE_CURVE ( 'NONE', #243, #762, #1705, .T. ) ;
#1029 = LINE ( 'NONE', #1204, #1693 ) ;
#1030 = DIRECTION ( 'NONE',  ( -0.0000000000000000000, 0.0000000000000000000, -1.000000000000000000 ) ) ;
#1031 = ORIENTED_EDGE ( 'NONE', *, *, #724, .T. ) ;
#1032 = VERTEX_POINT ( 'NONE', #1573 ) ;
#1033 =( NAMED_UNIT ( * ) PLANE_ANGLE_UNIT ( ) SI_UNIT ( $, .RADIAN. ) );
#1034 = AXIS2_PLACEMENT_3D ( 'NONE', #1654, #824, #1519 ) ;
#1035 = FACE_OUTER_BOUND ( 'NONE', #1288, .T. ) ;
#1036 = COLOUR_RGB ( '',1.000000000000000000, 1.000000000000000000, 1.000000000000000000 ) ;
#1037 = AXIS2_PLACEMENT_3D ( 'NONE', #1318, #150, #1135 ) ;
#1038 = VECTOR ( 'NONE', #590, 1000.000000000000000 ) ;
#1039 = DIRECTION ( 'NONE',  ( -0.0000000000000000000, -0.0000000000000000000, -1.000000000000000000 ) ) ;
#1040 = PRESENTATION_LAYER_ASSIGNMENT (  '', '', ( #1384 ) ) ;
#1041 = CARTESIAN_POINT ( 'NONE',  ( 1.399999999999999689, 1.199999999999999734, 1.350000000000000089 ) ) ;
#1042 = B_SPLINE_CURVE_WITH_KNOTS ( 'NONE', 3,
 ( #1119, #376, #1658, #1509, #250, #272, #1229, #807, #396, #1374, #535, #826, #669, #1244, #1785, #1768 ),
 .UNSPECIFIED., .F., .F.,
 ( 4, 3, 3, 3, 3, 4 ),
 ( 1.355252715606880543E-20, 2.982412963355355367E-05, 5.950209952719609616E-05, 9.122071787014632705E-05, 0.0001278835822005746649, 0.0001682623235623516311 ),
 .UNSPECIFIED. ) ;
#1043 = FACE_OUTER_BOUND ( 'NONE', #630, .T. ) ;
#1044 = EDGE_CURVE ( 'NONE', #1115, #579, #1221, .T. ) ;
#1045 = ORIENTED_EDGE ( 'NONE', *, *, #968, .T. ) ;
#1046 = DIRECTION ( 'NONE',  ( 0.0000000000000000000, 0.0000000000000000000, -1.000000000000000000 ) ) ;
#1047 = ORIENTED_EDGE ( 'NONE', *, *, #1347, .T. ) ;
#1048 = FILL_AREA_STYLE ('',( #763 ) ) ;
#1049 = B_SPLINE_CURVE_WITH_KNOTS ( 'NONE', 3,
 ( #1731, #31, #44, #312, #457, #1334, #204, #1594, #1324, #62, #480, #1051, #1431, #1452, #887, #341 ),
 .UNSPECIFIED., .F., .F.,
 ( 4, 3, 3, 3, 3, 4 ),
 ( 2.710505431213761085E-20, 2.982412963355355367E-05, 5.950209952719596063E-05, 9.122071787014609666E-05, 0.0001278835822005747463, 0.0001682623235623516853 ),
 .UNSPECIFIED. ) ;
#1050 = SURFACE_STYLE_USAGE ( .BOTH. , #1420 ) ;
#1051 = CARTESIAN_POINT ( 'NONE',  ( -0.5453248138052647631, 0.9553826700046136322, 0.1897965582809364449 ) ) ;
#1052 = CARTESIAN_POINT ( 'NONE',  ( -0.7778174593052022967, -0.7778174593052027408, 1.000000000000000000 ) ) ;
#1053 = ORIENTED_EDGE ( 'NONE', *, *, #661, .T. ) ;
#1054 = ORIENTED_EDGE ( 'NONE', *, *, #1409, .T. ) ;
#1055 = DIRECTION ( 'NONE',  ( -0.0000000000000000000, -0.0000000000000000000, -1.000000000000000000 ) ) ;
#1056 = PRODUCT_DEFINITION ( 'UNKNOWN', '', #244, #209 ) ;
#1057 = EDGE_CURVE ( 'NONE', #1226, #380, #1104, .T. ) ;
#1058 = CARTESIAN_POINT ( 'NONE',  ( -1.199999999999999734, -1.400000000000000133, 1.399999999999999911 ) ) ;
#1059 = CYLINDRICAL_SURFACE ( 'NONE', #286, 0.1000000000000000056 ) ;
#1060 = VERTEX_POINT ( 'NONE', #960 ) ;
#1061 = UNCERTAINTY_MEASURE_WITH_UNIT (LENGTH_MEASURE( 1.000000000000000082E-05 ), #1730, 'distance_accuracy_value', 'NONE');
#1062 = LINE ( 'NONE', #901, #240 ) ;
#1063 = ORIENTED_EDGE ( 'NONE', *, *, #607, .F. ) ;
#1064 = CARTESIAN_POINT ( 'NONE',  ( -0.9057967304184439961, 0.6241252143306319500, 1.000000000000000000 ) ) ;
#1065 = EDGE_CURVE ( 'NONE', #1769, #1627, #239, .T. ) ;
#1066 = VECTOR ( 'NONE', #1109, 1000.000000000000000 ) ;
#1067 = AXIS2_PLACEMENT_3D ( 'NONE', #1684, #738, #705 ) ;
#1068 = DIRECTION ( 'NONE',  ( 0.0000000000000000000, 0.0000000000000000000, -1.000000000000000000 ) ) ;
#1069 = STYLED_ITEM ( 'NONE', ( #1532 ), #1117 ) ;
#1070 = VECTOR ( 'NONE', #279, 1000.000000000000114 ) ;
#1071 = CARTESIAN_POINT ( 'NONE',  ( 1.274999999999999911, 1.474999999999999645, 1.350000000000000089 ) ) ;
#1072 = CIRCLE ( 'NONE', #1552, 1.100000000000000311 ) ;
#1073 =( LENGTH_UNIT ( ) NAMED_UNIT ( * ) SI_UNIT ( .MILLI., .METRE. ) );
#1074 = ORIENTED_EDGE ( 'NONE', *, *, #865, .F. ) ;
#1075 = LINE ( 'NONE', #117, #264 ) ;
#1076 = ORIENTED_EDGE ( 'NONE', *, *, #618, .T. ) ;
#1077 = PRESENTATION_LAYER_ASSIGNMENT (  '', '', ( #1762 ) ) ;
#1078 = SURFACE_SIDE_STYLE ('',( #224 ) ) ;
#1079 = ADVANCED_FACE ( 'NONE', ( #1616 ), #94, .F. ) ;
#1080 = PLANE ( 'NONE',  #509 ) ;
#1081 = FILL_AREA_STYLE ('',( #335 ) ) ;
#1082 = VERTEX_POINT ( 'NONE', #516 ) ;
#1083 = UNCERTAINTY_MEASURE_WITH_UNIT (LENGTH_MEASURE( 1.000000000000000082E-05 ), #828, 'distance_accuracy_value', 'NONE');
#1084 = DIRECTION ( 'NONE',  ( 0.0000000000000000000, 0.0000000000000000000, 1.000000000000000000 ) ) ;
#1085 = ORIENTED_EDGE ( 'NONE', *, *, #1787, .F. ) ;
#1086 = EDGE_LOOP ( 'NONE', ( #1800, #151, #1027, #331 ) ) ;
#1087 = EDGE_CURVE ( 'NONE', #986, #1226, #374, .T. ) ;
#1088 = FACE_OUTER_BOUND ( 'NONE', #507, .T. ) ;
#1089 = ORIENTED_EDGE ( 'NONE', *, *, #685, .F. ) ;
#1090 = DIRECTION ( 'NONE',  ( -0.7071067811865474617, 0.7071067811865474617, 0.0000000000000000000 ) ) ;
#1091 = CYLINDRICAL_SURFACE ( 'NONE', #1496, 0.1500000000000000777 ) ;
#1092 = MECHANICAL_DESIGN_GEOMETRIC_PRESENTATION_REPRESENTATION (  '', ( #879 ), #998 ) ;
#1093 = CARTESIAN_POINT ( 'NONE',  ( 0.6000000000000000888, -6.615470882962399874E-17, 0.1000000000000000056 ) ) ;
#1094 = PLANE ( 'NONE',  #821 ) ;
#1095 = VECTOR ( 'NONE', #231, 1000.000000000000000 ) ;
#1096 = CIRCLE ( 'NONE', #288, 1.100000000000000089 ) ;
#1097 = ORIENTED_EDGE ( 'NONE', *, *, #283, .F. ) ;
#1098 = DIRECTION ( 'NONE',  ( 0.0000000000000000000, -0.0000000000000000000, -1.000000000000000000 ) ) ;
#1099 = AXIS2_PLACEMENT_3D ( 'NONE', #315, #34, #987 ) ;
#1100 = EDGE_CURVE ( 'NONE', #253, #137, #991, .T. ) ;
#1101 = ORIENTED_EDGE ( 'NONE', *, *, #633, .F. ) ;
#1102 = COLOUR_RGB ( '',1.000000000000000000, 1.000000000000000000, 1.000000000000000000 ) ;
#1103 = ADVANCED_FACE ( 'NONE', ( #1256 ), #863, .F. ) ;
#1104 = LINE ( 'NONE', #260, #466 ) ;
#1105 =( LENGTH_UNIT ( ) NAMED_UNIT ( * ) SI_UNIT ( .MILLI., .METRE. ) );
#1106 = DIRECTION ( 'NONE',  ( 0.0000000000000000000, 0.0000000000000000000, -1.000000000000000000 ) ) ;
#1107 = ORIENTED_EDGE ( 'NONE', *, *, #238, .T. ) ;
#1108 = ORIENTED_EDGE ( 'NONE', *, *, #26, .T. ) ;
#1109 = DIRECTION ( 'NONE',  ( -0.0000000000000000000, -0.0000000000000000000, -1.000000000000000000 ) ) ;
#1110 = ADVANCED_FACE ( 'NONE', ( #1273 ), #1666, .T. ) ;
#1111 = CARTESIAN_POINT ( 'NONE',  ( 1.399999999999999689, 1.199999999999999956, 1.350000000000000089 ) ) ;
#1112 = VERTEX_POINT ( 'NONE', #1015 ) ;
#1113 = UNCERTAINTY_MEASURE_WITH_UNIT (LENGTH_MEASURE( 1.000000000000000082E-05 ), #321, 'distance_accuracy_value', 'NONE');
#1114 = DIRECTION ( 'NONE',  ( 0.0000000000000000000, 1.000000000000000000, 0.0000000000000000000 ) ) ;
#1115 = VERTEX_POINT ( 'NONE', #9 ) ;
#1116 = DIRECTION ( 'NONE',  ( -0.0000000000000000000, -0.0000000000000000000, -1.000000000000000000 ) ) ;
#1117 = ADVANCED_FACE ( 'NONE', ( #983 ), #1262, .F. ) ;
#1118 = DIRECTION ( 'NONE',  ( 0.0000000000000000000, 1.000000000000000000, 0.0000000000000000000 ) ) ;
#1119 = CARTESIAN_POINT ( 'NONE',  ( 0.5999999999999999778, -0.9219544457292893069, 0.1000000000000000194 ) ) ;
#1120 = VERTEX_POINT ( 'NONE', #847 ) ;
#1121 = LINE ( 'NONE', #274, #712 ) ;
#1122 = PRESENTATION_LAYER_ASSIGNMENT (  '', '', ( #237 ) ) ;
#1123 = ORIENTED_EDGE ( 'NONE', *, *, #1005, .F. ) ;
#1124 = STYLED_ITEM ( 'NONE', ( #1577 ), #561 ) ;
#1125 = DIRECTION ( 'NONE',  ( -1.000000000000000000, 0.0000000000000000000, 0.0000000000000000000 ) ) ;
#1126 = CIRCLE ( 'NONE', #591, 1.100000000000000311 ) ;
#1127 = AXIS2_PLACEMENT_3D ( 'NONE', #600, #174, #1697 ) ;
#1128 = DIRECTION ( 'NONE',  ( 0.0000000000000000000, 0.0000000000000000000, 1.000000000000000000 ) ) ;
#1129 = CIRCLE ( 'NONE', #798, 1.050000000000000044 ) ;
#1130 = CARTESIAN_POINT ( 'NONE',  ( 0.6647664931669168276, -0.8764048776464907764, 1.000000000000000000 ) ) ;
#1131 = ORIENTED_EDGE ( 'NONE', *, *, #217, .F. ) ;
#1132 = EDGE_CURVE ( 'NONE', #830, #1551, #1721, .T. ) ;
#1133 = EDGE_CURVE ( 'NONE', #1615, #1396, #1803, .T. ) ;
#1134 = CARTESIAN_POINT ( 'NONE',  ( 0.6000000000000001998, 1.474999999999999645, 0.1000000000000000056 ) ) ;
#1135 = DIRECTION ( 'NONE',  ( -1.000000000000000000, 0.0000000000000000000, 0.0000000000000000000 ) ) ;
#1136 = ORIENTED_EDGE ( 'NONE', *, *, #1133, .T. ) ;
#1137 =( LENGTH_UNIT ( ) NAMED_UNIT ( * ) SI_UNIT ( .MILLI., .METRE. ) );
#1138 = CARTESIAN_POINT ( 'NONE',  ( -0.5000000000000000000, -1.475000000000000533, 0.1000000000000000056 ) ) ;
#1139 = CARTESIAN_POINT ( 'NONE',  ( -0.9057967304184439961, 0.6241252143306319500, 0.0000000000000000000 ) ) ;
#1140 =( LENGTH_UNIT ( ) NAMED_UNIT ( * ) SI_UNIT ( .MILLI., .METRE. ) );
#1141 = CARTESIAN_POINT ( 'NONE',  ( 0.7778174593052022967, -0.7778174593052027408, 1.000000000000000000 ) ) ;
#1142 = ORIENTED_EDGE ( 'NONE', *, *, #395, .T. ) ;
#1143 = DIRECTION ( 'NONE',  ( -0.0000000000000000000, -0.0000000000000000000, -1.000000000000000000 ) ) ;
#1144 = DIRECTION ( 'NONE',  ( -0.0000000000000000000, 0.0000000000000000000, -1.000000000000000000 ) ) ;
#1145 = EDGE_CURVE ( 'NONE', #1112, #566, #702, .T. ) ;
#1146 = VERTEX_POINT ( 'NONE', #421 ) ;
#1147 = DIRECTION ( 'NONE',  ( -1.000000000000000000, 0.0000000000000000000, 0.0000000000000000000 ) ) ;
#1148 = DIRECTION ( 'NONE',  ( 0.0000000000000000000, 0.0000000000000000000, 1.000000000000000000 ) ) ;
#1149 = SURFACE_STYLE_FILL_AREA ( #1191 ) ;
#1150 = DIRECTION ( 'NONE',  ( 0.0000000000000000000, 0.0000000000000000000, 1.000000000000000000 ) ) ;
#1151 = VERTEX_POINT ( 'NONE', #1562 ) ;
#1152 = FILL_AREA_STYLE_COLOUR ( '', #122 ) ;
#1153 = VERTEX_POINT ( 'NONE', #153 ) ;
#1154 = EDGE_CURVE ( 'NONE', #292, #130, #1001, .T. ) ;
#1155 = AXIS2_PLACEMENT_3D ( 'NONE', #285, #588, #11 ) ;
#1156 = CARTESIAN_POINT ( 'NONE',  ( 0.5782351360656829975, 0.9358178465908824073, 0.1635232217661373721 ) ) ;
#1157 = AXIS2_PLACEMENT_3D ( 'NONE', #28, #1653, #1147 ) ;
#1158 = VECTOR ( 'NONE', #25, 1000.000000000000000 ) ;
#1159 = PLANE ( 'NONE',  #1186 ) ;
#1160 = ADVANCED_FACE ( 'NONE', ( #878 ), #200, .T. ) ;
#1161 = CARTESIAN_POINT ( 'NONE',  ( 0.4999999999999998890, 0.0000000000000000000, 0.2000000000000000111 ) ) ;
#1162 = MECHANICAL_DESIGN_GEOMETRIC_PRESENTATION_REPRESENTATION (  '', ( #1758 ), #1441 ) ;
#1163 = DIRECTION ( 'NONE',  ( 1.102578480493733066E-16, 1.000000000000000000, 0.0000000000000000000 ) ) ;
#1164 = CARTESIAN_POINT ( 'NONE',  ( -0.6000000000000000888, 0.0000000000000000000, 0.09999999999999999167 ) ) ;
#1165 = CYLINDRICAL_SURFACE ( 'NONE', #241, 0.1499999999999999667 ) ;
#1166 = ORIENTED_EDGE ( 'NONE', *, *, #267, .T. ) ;
#1167 = DIRECTION ( 'NONE',  ( 1.102578480493733189E-16, 1.000000000000000000, -0.0000000000000000000 ) ) ;
#1168 = DIRECTION ( 'NONE',  ( -1.000000000000000000, 0.0000000000000000000, 0.0000000000000000000 ) ) ;
#1169 = CARTESIAN_POINT ( 'NONE',  ( 0.0000000000000000000, 0.0000000000000000000, 0.1999999999999999833 ) ) ;
#1170 = EDGE_CURVE ( 'NONE', #1636, #1360, #1062, .T. ) ;
#1171 = CARTESIAN_POINT ( 'NONE',  ( 0.0000000000000000000, -1.399999999999999911, 1.399999999999999911 ) ) ;
#1172 = FACE_OUTER_BOUND ( 'NONE', #1598, .T. ) ;
#1173 = PRESENTATION_STYLE_ASSIGNMENT (( #868 ) ) ;
#1174 = CARTESIAN_POINT ( 'NONE',  ( 0.0000000000000000000, 0.0000000000000000000, 0.2000000000000000111 ) ) ;
#1175 = ORIENTED_EDGE ( 'NONE', *, *, #812, .F. ) ;
#1176 = ORIENTED_EDGE ( 'NONE', *, *, #1028, .F. ) ;
#1177 = CARTESIAN_POINT ( 'NONE',  ( -1.474999999999999645, -1.275000000000000577, 1.350000000000000089 ) ) ;
#1178 = DIRECTION ( 'NONE',  ( -0.0000000000000000000, -0.0000000000000000000, 1.000000000000000000 ) ) ;
#1179 = ADVANCED_FACE ( 'NONE', ( #40 ), #354, .F. ) ;
#1180 = FILL_AREA_STYLE_COLOUR ( '', #261 ) ;
#1181 = CARTESIAN_POINT ( 'NONE',  ( 0.6000000000000000888, 1.474999999999999645, 1.350000000000000089 ) ) ;
#1182 = DIRECTION ( 'NONE',  ( 0.0000000000000000000, 1.000000000000000000, 0.0000000000000000000 ) ) ;
#1183 = ORIENTED_EDGE ( 'NONE', *, *, #156, .T. ) ;
#1184 = DIRECTION ( 'NONE',  ( 1.000000000000000000, 0.0000000000000000000, -1.761828530288943916E-15 ) ) ;
#1185 = VERTEX_POINT ( 'NONE', #1604 ) ;
#1186 = AXIS2_PLACEMENT_3D ( 'NONE', #276, #555, #841 ) ;
#1187 = AXIS2_PLACEMENT_3D ( 'NONE', #185, #478, #751 ) ;
#1188 = DIRECTION ( 'NONE',  ( 0.7071067811865474617, 0.7071067811865474617, 0.0000000000000000000 ) ) ;
#1189 = CIRCLE ( 'NONE', #1631, 0.1000000000000000056 ) ;
#1190 = MECHANICAL_DESIGN_GEOMETRIC_PRESENTATION_REPRESENTATION (  '', ( #1124 ), #72 ) ;
#1191 = FILL_AREA_STYLE ('',( #135 ) ) ;
#1192 =( NAMED_UNIT ( * ) SI_UNIT ( $, .STERADIAN. ) SOLID_ANGLE_UNIT ( ) );
#1193 = VECTOR ( 'NONE', #725, 1000.000000000000000 ) ;
#1194 = LINE ( 'NONE', #1181, #737 ) ;
#1195 = PLANE ( 'NONE',  #888 ) ;
#1196 = DIRECTION ( 'NONE',  ( 0.7071067811865474617, -0.7071067811865474617, 0.0000000000000000000 ) ) ;
#1197 = ORIENTED_EDGE ( 'NONE', *, *, #968, .F. ) ;
#1198 = EDGE_CURVE ( 'NONE', #400, #1698, #452, .T. ) ;
#1199 = SURFACE_STYLE_USAGE ( .BOTH. , #492 ) ;
#1200 = ORIENTED_EDGE ( 'NONE', *, *, #1514, .T. ) ;
#1201 = DIRECTION ( 'NONE',  ( -1.000000000000000000, 0.0000000000000000000, 0.0000000000000000000 ) ) ;
#1202 = CARTESIAN_POINT ( 'NONE',  ( 0.0000000000000000000, 0.0000000000000000000, 0.0000000000000000000 ) ) ;
#1203 = ORIENTED_EDGE ( 'NONE', *, *, #1005, .T. ) ;
#1204 = CARTESIAN_POINT ( 'NONE',  ( -1.400000000000000133, 1.199999999999999956, 1.399999999999999911 ) ) ;
#1205 = EDGE_LOOP ( 'NONE', ( #1249, #1794, #1074, #1089 ) ) ;
#1206 = CARTESIAN_POINT ( 'NONE',  ( -0.5999999999999999778, -0.9219544457292891959, 0.1000000000000000194 ) ) ;
#1207 = EDGE_CURVE ( 'NONE', #762, #1596, #1328, .T. ) ;
#1208 = ORIENTED_EDGE ( 'NONE', *, *, #408, .F. ) ;
#1209 = DIRECTION ( 'NONE',  ( 0.0000000000000000000, 0.0000000000000000000, 1.000000000000000000 ) ) ;
#1210 = DIRECTION ( 'NONE',  ( 0.0000000000000000000, 0.0000000000000000000, 1.000000000000000000 ) ) ;
#1211 = PLANE ( 'NONE',  #1606 ) ;
#1212 = DIRECTION ( 'NONE',  ( 1.102578480493733066E-16, 1.000000000000000000, 0.0000000000000000000 ) ) ;
#1213 = CARTESIAN_POINT ( 'NONE',  ( 1.199999999999999734, 1.399999999999999911, 1.350000000000000089 ) ) ;
#1214 = ORIENTED_EDGE ( 'NONE', *, *, #853, .F. ) ;
#1215 = PLANE ( 'NONE',  #822 ) ;
#1216 = ORIENTED_EDGE ( 'NONE', *, *, #1057, .T. ) ;
#1217 = VECTOR ( 'NONE', #1295, 1000.000000000000114 ) ;
#1218 = DIRECTION ( 'NONE',  ( 0.0000000000000000000, 1.000000000000000000, 0.0000000000000000000 ) ) ;
#1219 = PRODUCT_RELATED_PRODUCT_CATEGORY ( 'part', '', ( #1799 ) ) ;
#1220 = CARTESIAN_POINT ( 'NONE',  ( -0.8749999999999998890, 2.449293598294707462E-17, 1.350000000000000089 ) ) ;
#1221 = CIRCLE ( 'NONE', #1003, 1.100000000000000311 ) ;
#1222 = COLOUR_RGB ( '',1.000000000000000000, 1.000000000000000000, 1.000000000000000000 ) ;
#1223 = CARTESIAN_POINT ( 'NONE',  ( 0.0000000000000000000, 0.0000000000000000000, 1.000000000000000000 ) ) ;
#1224 = ORIENTED_EDGE ( 'NONE', *, *, #1347, .F. ) ;
#1225 = DIRECTION ( 'NONE',  ( 1.000000000000000000, -0.0000000000000000000, 0.0000000000000000000 ) ) ;
#1226 = VERTEX_POINT ( 'NONE', #1436 ) ;
#1227 = EDGE_CURVE ( 'NONE', #902, #842, #1464, .T. ) ;
#1228 = DIRECTION ( 'NONE',  ( -0.7071067811865475727, -0.7071067811865475727, 0.0000000000000000000 ) ) ;
#1229 = CARTESIAN_POINT ( 'NONE',  ( 0.5833162979670720727, -0.9325996442879391779, 0.1553027530332988793 ) ) ;
#1230 = ORIENTED_EDGE ( 'NONE', *, *, #892, .F. ) ;
#1231 = CARTESIAN_POINT ( 'NONE',  ( 0.0000000000000000000, 0.0000000000000000000, 0.0000000000000000000 ) ) ;
#1232 = ORIENTED_EDGE ( 'NONE', *, *, #313, .F. ) ;
#1233 = EDGE_CURVE ( 'NONE', #27, #1664, #620, .T. ) ;
#1234 = DIRECTION ( 'NONE',  ( 0.0000000000000000000, 0.0000000000000000000, 1.000000000000000000 ) ) ;
#1235 = PRESENTATION_STYLE_ASSIGNMENT (( #1522 ) ) ;
#1236 = VERTEX_POINT ( 'NONE', #1702 ) ;
#1237 = ADVANCED_FACE ( 'NONE', ( #626 ), #1722, .F. ) ;
#1238 = ORIENTED_EDGE ( 'NONE', *, *, #497, .T. ) ;
#1239 = CARTESIAN_POINT ( 'NONE',  ( 0.5126445402917130245, 0.9733432571660299848, 0.2000000000000000944 ) ) ;
#1240 = FACE_OUTER_BOUND ( 'NONE', #1661, .T. ) ;
#1241 = VECTOR ( 'NONE', #1542, 1000.000000000000114 ) ;
#1242 = VECTOR ( 'NONE', #1163, 1000.000000000000000 ) ;
#1243 = LINE ( 'NONE', #993, #479 ) ;
#1244 = CARTESIAN_POINT ( 'NONE',  ( 0.5239973533571717912, -0.9672591166547012120, 0.1978083502011039330 ) ) ;
#1245 = CIRCLE ( 'NONE', #557, 1.100000000000000311 ) ;
#1246 = ORIENTED_EDGE ( 'NONE', *, *, #764, .T. ) ;
#1247 = DIRECTION ( 'NONE',  ( -1.000000000000000000, -3.614007241618349165E-15, 0.0000000000000000000 ) ) ;
#1248 = EDGE_CURVE ( 'NONE', #420, #1463, #1637, .T. ) ;
#1249 = ORIENTED_EDGE ( 'NONE', *, *, #1648, .F. ) ;
#1250 = DIRECTION ( 'NONE',  ( -0.0000000000000000000, -0.0000000000000000000, -1.000000000000000000 ) ) ;
#1251 = DIRECTION ( 'NONE',  ( -1.000000000000000000, -1.509903313490212895E-14, 0.0000000000000000000 ) ) ;
#1252 = FACE_OUTER_BOUND ( 'NONE', #525, .T. ) ;
#1253 = ORIENTED_EDGE ( 'NONE', *, *, #1434, .T. ) ;
#1254 = ORIENTED_EDGE ( 'NONE', *, *, #456, .F. ) ;
#1255 = EDGE_CURVE ( 'NONE', #1120, #460, #1075, .T. ) ;
#1256 = FACE_OUTER_BOUND ( 'NONE', #397, .T. ) ;
#1257 = LINE ( 'NONE', #975, #915 ) ;
#1258 =( NAMED_UNIT ( * ) PLANE_ANGLE_UNIT ( ) SI_UNIT ( $, .RADIAN. ) );
#1259 = ORIENTED_EDGE ( 'NONE', *, *, #143, .T. ) ;
#1260 = DIRECTION ( 'NONE',  ( -1.000000000000000000, -0.0000000000000000000, 0.0000000000000000000 ) ) ;
#1261 = ORIENTED_EDGE ( 'NONE', *, *, #1540, .T. ) ;
#1262 = PLANE ( 'NONE',  #432 ) ;
#1263 = DIRECTION ( 'NONE',  ( -1.000000000000000000, 0.0000000000000000000, 0.0000000000000000000 ) ) ;
#1264 = ADVANCED_FACE ( 'NONE', ( #537 ), #947, .F. ) ;
#1265 =( NAMED_UNIT ( * ) SI_UNIT ( $, .STERADIAN. ) SOLID_ANGLE_UNIT ( ) );
#1266 = SURFACE_SIDE_STYLE ('',( #1574 ) ) ;
#1267 = ORIENTED_EDGE ( 'NONE', *, *, #1248, .F. ) ;
#1268 = STYLED_ITEM ( 'NONE', ( #1757 ), #839 ) ;
#1269 = CIRCLE ( 'NONE', #765, 0.1499999999999999667 ) ;
#1270 = VERTEX_POINT ( 'NONE', #220 ) ;
#1271 = VECTOR ( 'NONE', #1210, 1000.000000000000000 ) ;
#1272 = VECTOR ( 'NONE', #1144, 1000.000000000000000 ) ;
#1273 = FACE_OUTER_BOUND ( 'NONE', #1711, .T. ) ;
#1274 = VECTOR ( 'NONE', #1084, 1000.000000000000000 ) ;
#1275 = MECHANICAL_DESIGN_GEOMETRIC_PRESENTATION_REPRESENTATION (  '', ( #625 ), #7 ) ;
#1276 = CARTESIAN_POINT ( 'NONE',  ( 0.0000000000000000000, 0.0000000000000000000, 1.000000000000000000 ) ) ;
#1277 = DIRECTION ( 'NONE',  ( -0.0000000000000000000, -1.000000000000000000, -0.0000000000000000000 ) ) ;
#1278 = EDGE_CURVE ( 'NONE', #370, #1741, #1072, .T. ) ;
#1279 = PRESENTATION_STYLE_ASSIGNMENT (( #682 ) ) ;
#1280 = DIRECTION ( 'NONE',  ( -1.000000000000000000, 0.0000000000000000000, 0.0000000000000000000 ) ) ;
#1281 = ORIENTED_EDGE ( 'NONE', *, *, #671, .T. ) ;
#1282 = DIRECTION ( 'NONE',  ( -1.000000000000000000, 0.0000000000000000000, -0.0000000000000000000 ) ) ;
#1283 = PLANE ( 'NONE',  #851 ) ;
#1284 = ORIENTED_EDGE ( 'NONE', *, *, #26, .F. ) ;
#1285 = SURFACE_STYLE_USAGE ( .BOTH. , #567 ) ;
#1286 = DIRECTION ( 'NONE',  ( -0.0000000000000000000, 0.0000000000000000000, 1.000000000000000000 ) ) ;
#1287 = DIRECTION ( 'NONE',  ( -1.000000000000000000, 0.0000000000000000000, 0.0000000000000000000 ) ) ;
#1288 = EDGE_LOOP ( 'NONE', ( #1354, #129, #1426, #278 ) ) ;
#1289 = EDGE_CURVE ( 'NONE', #221, #370, #673, .T. ) ;
#1290 = DIRECTION ( 'NONE',  ( 0.0000000000000000000, 0.0000000000000000000, -1.000000000000000000 ) ) ;
#1291 = CYLINDRICAL_SURFACE ( 'NONE', #1499, 1.050000000000000044 ) ;
#1292 = EDGE_CURVE ( 'NONE', #842, #634, #1126, .T. ) ;
#1293 = DIRECTION ( 'NONE',  ( -0.0000000000000000000, -0.0000000000000000000, -1.000000000000000000 ) ) ;
#1294 = FACE_BOUND ( 'NONE', #959, .T. ) ;
#1295 = DIRECTION ( 'NONE',  ( 0.7071067811865474617, 0.7071067811865474617, -0.0000000000000000000 ) ) ;
#1296 = DIRECTION ( 'NONE',  ( 0.0000000000000000000, 0.0000000000000000000, 1.000000000000000000 ) ) ;
#1297 = CARTESIAN_POINT ( 'NONE',  ( -0.6000000000000000888, 0.9219544457292889739, 0.1000000000000000056 ) ) ;
#1298 = PRESENTATION_LAYER_ASSIGNMENT (  '', '', ( #1268 ) ) ;
#1299 = CARTESIAN_POINT ( 'NONE',  ( -0.5119844028423505833, -0.9736801321474969351, 0.2000000000000000111 ) ) ;
#1300 = STYLED_ITEM ( 'NONE', ( #1467 ), #362 ) ;
#1301 = EDGE_CURVE ( 'NONE', #1146, #292, #659, .T. ) ;
#1302 = VECTOR ( 'NONE', #1188, 1000.000000000000114 ) ;
#1303 = COLOUR_RGB ( '',1.000000000000000000, 1.000000000000000000, 1.000000000000000000 ) ;
#1304 = AXIS2_PLACEMENT_3D ( 'NONE', #1477, #249, #1234 ) ;
#1305 =( NAMED_UNIT ( * ) PLANE_ANGLE_UNIT ( ) SI_UNIT ( $, .RADIAN. ) );
#1306 = FACE_OUTER_BOUND ( 'NONE', #1488, .T. ) ;
#1307 = DIRECTION ( 'NONE',  ( 0.0000000000000000000, -0.0000000000000000000, -1.000000000000000000 ) ) ;
#1308 = CARTESIAN_POINT ( 'NONE',  ( 1.475000000000000089, -1.275000000000000577, 1.350000000000000089 ) ) ;
#1309 = CARTESIAN_POINT ( 'NONE',  ( 0.5000000000000000000, -0.9797958971132715300, 0.2000000000000000389 ) ) ;
#1310 = ORIENTED_EDGE ( 'NONE', *, *, #852, .F. ) ;
#1311 = DIRECTION ( 'NONE',  ( -0.0000000000000000000, -0.0000000000000000000, -1.000000000000000000 ) ) ;
#1312 = ORIENTED_EDGE ( 'NONE', *, *, #1486, .T. ) ;
#1313 = DIRECTION ( 'NONE',  ( -1.000000000000000000, 0.0000000000000000000, 0.0000000000000000000 ) ) ;
#1314 = ADVANCED_FACE ( 'NONE', ( #1088 ), #1215, .F. ) ;
#1315 = DIRECTION ( 'NONE',  ( 0.0000000000000000000, 0.0000000000000000000, 1.000000000000000000 ) ) ;
#1316 = FACE_OUTER_BOUND ( 'NONE', #118, .T. ) ;
#1317 = FILL_AREA_STYLE_COLOUR ( '', #1102 ) ;
#1318 = CARTESIAN_POINT ( 'NONE',  ( -0.7778174593052022967, -0.7778174593052027408, 1.000000000000000000 ) ) ;
#1319 = ORIENTED_EDGE ( 'NONE', *, *, #812, .T. ) ;
#1320 = CARTESIAN_POINT ( 'NONE',  ( -1.474999999999999645, 0.0000000000000000000, 1.350000000000000089 ) ) ;
#1321 = ORIENTED_EDGE ( 'NONE', *, *, #170, .T. ) ;
#1322 = CARTESIAN_POINT ( 'NONE',  ( -0.7778174593052022967, -0.7778174593052027408, 0.0000000000000000000 ) ) ;
#1323 = ADVANCED_FACE ( 'NONE', ( #1511 ), #934, .F. ) ;
#1324 = CARTESIAN_POINT ( 'NONE',  ( -0.5710340626455168156, 0.9402100812750493475, 0.1710416801534705156 ) ) ;
#1325 = CARTESIAN_POINT ( 'NONE',  ( -0.8098122770835127771, 0.7393943980615599321, 1.000000000000000000 ) ) ;
#1326 = DIRECTION ( 'NONE',  ( -0.0000000000000000000, -0.0000000000000000000, -1.000000000000000000 ) ) ;
#1327 = EDGE_LOOP ( 'NONE', ( #1786, #1538, #1142, #491 ) ) ;
#1328 = B_SPLINE_CURVE_WITH_KNOTS ( 'NONE', 3,
 ( #1206, #1570, #747, #48, #79, #171, #211, #1742, #337, #1446, #761, #736, #317, #613, #1299, #912 ),
 .UNSPECIFIED., .F., .F.,
 ( 4, 3, 3, 3, 3, 4 ),
 ( 2.710505431213761085E-20, 2.982412963355355367E-05, 5.950209952719596063E-05, 9.122071787014612377E-05, 0.0001278835822005747463, 0.0001682623235623516582 ),
 .UNSPECIFIED. ) ;
#1329 = FILL_AREA_STYLE_COLOUR ( '', #1548 ) ;
#1330 = ORIENTED_EDGE ( 'NONE', *, *, #877, .F. ) ;
#1331 = PRESENTATION_LAYER_ASSIGNMENT (  '', '', ( #1300 ) ) ;
#1332 = VECTOR ( 'NONE', #308, 1000.000000000000000 ) ;
#1333 = AXIS2_PLACEMENT_3D ( 'NONE', #1322, #1209, #58 ) ;
#1334 = CARTESIAN_POINT ( 'NONE',  ( -0.5884976795166910746, 0.9293588277999739189, 0.1474967487136005506 ) ) ;
#1335 = EDGE_CURVE ( 'NONE', #344, #366, #213, .T. ) ;
#1336 = DIRECTION ( 'NONE',  ( 1.000000000000000000, -0.0000000000000000000, 0.0000000000000000000 ) ) ;
#1337 = LINE ( 'NONE', #899, #326 ) ;
#1338 = ORIENTED_EDGE ( 'NONE', *, *, #1335, .T. ) ;
#1339 = STYLED_ITEM ( 'NONE', ( #722 ), #1724 ) ;
#1340 = UNCERTAINTY_MEASURE_WITH_UNIT (LENGTH_MEASURE( 1.000000000000000082E-05 ), #903, 'distance_accuracy_value', 'NONE');
#1341 = CARTESIAN_POINT ( 'NONE',  ( 0.0000000000000000000, 0.0000000000000000000, 1.000000000000000000 ) ) ;
#1342 = ORIENTED_EDGE ( 'NONE', *, *, #1695, .F. ) ;
#1343 = CARTESIAN_POINT ( 'NONE',  ( -1.399999999999999689, -1.199999999999999956, 1.399999999999999911 ) ) ;
#1344 = CARTESIAN_POINT ( 'NONE',  ( 0.6000000000000000888, 0.9219544457292889739, 0.1000000000000000056 ) ) ;
#1345 = DIRECTION ( 'NONE',  ( -0.0000000000000000000, -0.0000000000000000000, -1.000000000000000000 ) ) ;
#1346 = LINE ( 'NONE', #1213, #1439 ) ;
#1347 = EDGE_CURVE ( 'NONE', #180, #1236, #92, .T. ) ;
#1348 = ORIENTED_EDGE ( 'NONE', *, *, #1626, .F. ) ;
#1349 = ORIENTED_EDGE ( 'NONE', *, *, #429, .T. ) ;
#1350 = CARTESIAN_POINT ( 'NONE',  ( -0.7037262153026333511, 0.8454403668478530642, 1.000000000000000000 ) ) ;
#1351 = LINE ( 'NONE', #927, #4 ) ;
#1352 =( LENGTH_UNIT ( ) NAMED_UNIT ( * ) SI_UNIT ( .MILLI., .METRE. ) );
#1353 = DIRECTION ( 'NONE',  ( -0.0000000000000000000, -0.0000000000000000000, -1.000000000000000000 ) ) ;
#1354 = ORIENTED_EDGE ( 'NONE', *, *, #1564, .T. ) ;
#1355 = UNCERTAINTY_MEASURE_WITH_UNIT (LENGTH_MEASURE( 1.000000000000000082E-05 ), #1760, 'distance_accuracy_value', 'NONE');
#1356 = DIRECTION ( 'NONE',  ( 1.000000000000000000, -1.102578480493733066E-16, 0.0000000000000000000 ) ) ;
#1357 = STYLED_ITEM ( 'NONE', ( #490 ), #598 ) ;
#1358 = CARTESIAN_POINT ( 'NONE',  ( -1.474999999999999645, 1.274999999999999689, -1.626303258728256651E-16 ) ) ;
#1359 = CARTESIAN_POINT ( 'NONE',  ( -0.6000000000000000888, -1.475000000000000533, 1.350000000000000089 ) ) ;
#1360 = VERTEX_POINT ( 'NONE', #1492 ) ;
#1361 = CIRCLE ( 'NONE', #532, 0.1000000000000000056 ) ;
#1362 = DIRECTION ( 'NONE',  ( -0.0000000000000000000, -1.000000000000000000, -0.0000000000000000000 ) ) ;
#1363 = EDGE_LOOP ( 'NONE', ( #1054, #867, #1765, #55 ) ) ;
#1364 = CARTESIAN_POINT ( 'NONE',  ( -1.199999999999999734, -1.399999999999999911, 1.399999999999999911 ) ) ;
#1365 = EDGE_CURVE ( 'NONE', #1151, #1531, #233, .T. ) ;
#1366 =( NAMED_UNIT ( * ) SI_UNIT ( $, .STERADIAN. ) SOLID_ANGLE_UNIT ( ) );
#1367 = CARTESIAN_POINT ( 'NONE',  ( 0.0000000000000000000, 0.0000000000000000000, 0.0000000000000000000 ) ) ;
#1368 = ORIENTED_EDGE ( 'NONE', *, *, #472, .F. ) ;
#1369 = DIRECTION ( 'NONE',  ( -1.000000000000000000, -8.881784197001252323E-16, 0.0000000000000000000 ) ) ;
#1370 = ORIENTED_EDGE ( 'NONE', *, *, #1292, .T. ) ;
#1371 = DIRECTION ( 'NONE',  ( -1.000000000000000000, 0.0000000000000000000, 0.0000000000000000000 ) ) ;
#1372 = FACE_OUTER_BOUND ( 'NONE', #623, .T. ) ;
#1373 = ADVANCED_FACE ( 'NONE', ( #105, #24 ), #1402, .F. ) ;
#1374 = CARTESIAN_POINT ( 'NONE',  ( 0.5636019950057549188, -0.9446442670262354957, 0.1771672613955421471 ) ) ;
#1375 = ORIENTED_EDGE ( 'NONE', *, *, #300, .F. ) ;
#1376 = CARTESIAN_POINT ( 'NONE',  ( -0.7778174593052022967, -0.7778174593052027408, 0.0000000000000000000 ) ) ;
#1377 = ORIENTED_EDGE ( 'NONE', *, *, #1540, .F. ) ;
#1378 = VECTOR ( 'NONE', #216, 1000.000000000000000 ) ;
#1379 = CYLINDRICAL_SURFACE ( 'NONE', #825, 0.2000000000000000944 ) ;
#1380 = SURFACE_SIDE_STYLE ('',( #800 ) ) ;
#1381 = EDGE_LOOP ( 'NONE', ( #70, #982, #778, #563 ) ) ;
#1382 = ADVANCED_FACE ( 'NONE', ( #1651 ), #17, .F. ) ;
#1383 = ORIENTED_EDGE ( 'NONE', *, *, #1028, .T. ) ;
#1384 = STYLED_ITEM ( 'NONE', ( #518 ), #1645 ) ;
#1385 = CARTESIAN_POINT ( 'NONE',  ( -0.6000000000000000888, 1.474999999999999645, 1.350000000000000089 ) ) ;
#1386 =( NAMED_UNIT ( * ) SI_UNIT ( $, .STERADIAN. ) SOLID_ANGLE_UNIT ( ) );
#1387 = ORIENTED_EDGE ( 'NONE', *, *, #1198, .T. ) ;
#1388 = CARTESIAN_POINT ( 'NONE',  ( -0.8749999999999998890, 2.449293598294707462E-17, 1.399999999999999911 ) ) ;
#1389 = VERTEX_POINT ( 'NONE', #965 ) ;
#1390 = DIRECTION ( 'NONE',  ( 0.0000000000000000000, 0.0000000000000000000, 1.000000000000000000 ) ) ;
#1391 = APPLICATION_PROTOCOL_DEFINITION ( 'draft international standard', 'automotive_design', 1998, #487 ) ;
#1392 = LINE ( 'NONE', #136, #474 ) ;
#1393 = ORIENTED_EDGE ( 'NONE', *, *, #1766, .F. ) ;
#1394 = UNCERTAINTY_MEASURE_WITH_UNIT (LENGTH_MEASURE( 1.000000000000000082E-05 ), #963, 'distance_accuracy_value', 'NONE');
#1395 = FACE_OUTER_BOUND ( 'NONE', #1363, .T. ) ;
#1396 = VERTEX_POINT ( 'NONE', #817 ) ;
#1397 = DIRECTION ( 'NONE',  ( -1.807003620809174139E-16, 1.000000000000000000, 0.0000000000000000000 ) ) ;
#1398 = CARTESIAN_POINT ( 'NONE',  ( -0.6000000000000000888, -1.475000000000000533, 0.1000000000000000194 ) ) ;
#1399 = EDGE_CURVE ( 'NONE', #986, #1082, #126, .T. ) ;
#1400 = DIRECTION ( 'NONE',  ( 1.000000000000000000, 0.0000000000000000000, 0.0000000000000000000 ) ) ;
#1401 = ORIENTED_EDGE ( 'NONE', *, *, #1017, .F. ) ;
#1402 = PLANE ( 'NONE',  #559 ) ;
#1403 = CARTESIAN_POINT ( 'NONE',  ( 0.8764048776464905544, -0.6647664931669163835, 1.000000000000000000 ) ) ;
#1404 = ORIENTED_EDGE ( 'NONE', *, *, #576, .F. ) ;
#1405 =( GEOMETRIC_REPRESENTATION_CONTEXT ( 3 ) GLOBAL_UNCERTAINTY_ASSIGNED_CONTEXT ( ( #42 ) ) GLOBAL_UNIT_ASSIGNED_CONTEXT ( ( #1073, #1619, #351 ) ) REPRESENTATION_CONTEXT ( 'NONE', 'WORKASPACE' ) );
#1406 = DIRECTION ( 'NONE',  ( 1.000000000000000000, -0.0000000000000000000, 0.0000000000000000000 ) ) ;
#1407 = VERTEX_POINT ( 'NONE', #1388 ) ;
#1408 = CARTESIAN_POINT ( 'NONE',  ( -0.5000000000000000000, 0.9797958971132715300, 0.1999999999999999833 ) ) ;
#1409 = EDGE_CURVE ( 'NONE', #1664, #137, #1680, .T. ) ;
#1410 = DIRECTION ( 'NONE',  ( -1.000000000000000000, -0.0000000000000000000, 0.0000000000000000000 ) ) ;
#1411 = FILL_AREA_STYLE ('',( #123 ) ) ;
#1412 = EDGE_CURVE ( 'NONE', #199, #1642, #426, .T. ) ;
#1413 = LINE ( 'NONE', #1171, #1038 ) ;
#1414 = ORIENTED_EDGE ( 'NONE', *, *, #1648, .T. ) ;
#1415 = DIRECTION ( 'NONE',  ( 0.0000000000000000000, 0.0000000000000000000, 1.000000000000000000 ) ) ;
#1416 = LINE ( 'NONE', #167, #470 ) ;
#1417 = ORIENTED_EDGE ( 'NONE', *, *, #1087, .F. ) ;
#1418 = DIRECTION ( 'NONE',  ( 0.0000000000000000000, -0.0000000000000000000, 1.000000000000000000 ) ) ;
#1419 = CARTESIAN_POINT ( 'NONE',  ( -1.274999999999999911, 1.474999999999999645, 1.350000000000000089 ) ) ;
#1420 = SURFACE_SIDE_STYLE ('',( #1149 ) ) ;
#1421 = DIRECTION ( 'NONE',  ( 0.0000000000000000000, 0.0000000000000000000, 1.000000000000000000 ) ) ;
#1422 = LINE ( 'NONE', #592, #1749 ) ;
#1423 = EDGE_CURVE ( 'NONE', #1769, #377, #996, .T. ) ;
#1424 = CYLINDRICAL_SURFACE ( 'NONE', #215, 0.1500000000000000777 ) ;
#1425 = CARTESIAN_POINT ( 'NONE',  ( -0.9278174593052022079, -0.7778174593052027408, 1.000000000000000000 ) ) ;
#1426 = ORIENTED_EDGE ( 'NONE', *, *, #816, .T. ) ;
#1427 = CARTESIAN_POINT ( 'NONE',  ( 0.5598259050663890735, 0.9469506653649836236, 0.1811814231445006695 ) ) ;
#1428 = CARTESIAN_POINT ( 'NONE',  ( -1.400000000000000133, 1.199999999999999956, 1.350000000000000089 ) ) ;
#1429 = CARTESIAN_POINT ( 'NONE',  ( -1.400000000000000133, 1.199999999999999956, 1.399999999999999911 ) ) ;
#1430 = SURFACE_STYLE_USAGE ( .BOTH. , #1266 ) ;
#1431 = CARTESIAN_POINT ( 'NONE',  ( -0.5351661904300034633, 0.9610396186529658324, 0.1936127077412075348 ) ) ;
#1432 = CARTESIAN_POINT ( 'NONE',  ( 0.0000000000000000000, 0.0000000000000000000, 0.02000000000000005246 ) ) ;
#1433 = DIRECTION ( 'NONE',  ( 0.0000000000000000000, 0.0000000000000000000, 1.000000000000000000 ) ) ;
#1434 = EDGE_CURVE ( 'NONE', #803, #1642, #1361, .T. ) ;
#1435 = EDGE_LOOP ( 'NONE', ( #169, #1216, #80, #1284 ) ) ;
#1436 = CARTESIAN_POINT ( 'NONE',  ( -1.399999999999999689, -1.199999999999999734, 1.399999999999999911 ) ) ;
#1437 = ORIENTED_EDGE ( 'NONE', *, *, #1255, .F. ) ;
#1438 = AXIS2_PLACEMENT_3D ( 'NONE', #496, #1178, #1728 ) ;
#1439 = VECTOR ( 'NONE', #469, 1000.000000000000114 ) ;
#1440 = PLANE ( 'NONE',  #1187 ) ;
#1441 =( GEOMETRIC_REPRESENTATION_CONTEXT ( 3 ) GLOBAL_UNCERTAINTY_ASSIGNED_CONTEXT ( ( #964 ) ) GLOBAL_UNIT_ASSIGNED_CONTEXT ( ( #1352, #662, #524 ) ) REPRESENTATION_CONTEXT ( 'NONE', 'WORKASPACE' ) );
#1442 = SURFACE_STYLE_FILL_AREA ( #1461 ) ;
#1443 = DIRECTION ( 'NONE',  ( 1.000000000000000000, 0.0000000000000000000, 0.0000000000000000000 ) ) ;
#1444 = CARTESIAN_POINT ( 'NONE',  ( 1.275000000000000577, -1.475000000000000533, 1.350000000000000089 ) ) ;
#1445 = ORIENTED_EDGE ( 'NONE', *, *, #539, .F. ) ;
#1446 = CARTESIAN_POINT ( 'NONE',  ( -0.5636019950057551409, -0.9446442670262354957, 0.1771672613955419529 ) ) ;
#1447 = EDGE_LOOP ( 'NONE', ( #1690, #102, #373, #1713, #316, #1393, #1673, #819, #49, #1375 ) ) ;
#1448 = CARTESIAN_POINT ( 'NONE',  ( -0.7778174593052022967, -0.7778174593052027408, 1.000000000000000000 ) ) ;
#1449 = EDGE_CURVE ( 'NONE', #471, #366, #971, .T. ) ;
#1450 = DIRECTION ( 'NONE',  ( -0.0000000000000000000, -0.0000000000000000000, -1.000000000000000000 ) ) ;
#1451 = DIRECTION ( 'NONE',  ( 1.000000000000000000, 0.0000000000000000000, 0.0000000000000000000 ) ) ;
#1452 = CARTESIAN_POINT ( 'NONE',  ( -0.5239973533571717912, 0.9672591166547012120, 0.1978083502011039330 ) ) ;
#1453 = CARTESIAN_POINT ( 'NONE',  ( 0.5000000000000000000, -5.512892402468666561E-17, 0.1000000000000000056 ) ) ;
#1454 = CARTESIAN_POINT ( 'NONE',  ( -1.199999999999999734, -1.399999999999999911, 1.399999999999999911 ) ) ;
#1455 = VERTEX_POINT ( 'NONE', #294 ) ;
#1456 = SURFACE_STYLE_FILL_AREA ( #1023 ) ;
#1457 = ORIENTED_EDGE ( 'NONE', *, *, #584, .T. ) ;
#1458 = LINE ( 'NONE', #749, #916 ) ;
#1459 = LINE ( 'NONE', #608, #1271 ) ;
#1460 = EDGE_CURVE ( 'NONE', #1531, #644, #860, .T. ) ;
#1461 = FILL_AREA_STYLE ('',( #1586 ) ) ;
#1462 = FACE_OUTER_BOUND ( 'NONE', #801, .T. ) ;
#1463 = VERTEX_POINT ( 'NONE', #1530 ) ;
#1464 = LINE ( 'NONE', #596, #530 ) ;
#1465 = VECTOR ( 'NONE', #1572, 1000.000000000000114 ) ;
#1466 = ORIENTED_EDGE ( 'NONE', *, *, #962, .F. ) ;
#1467 = PRESENTATION_STYLE_ASSIGNMENT (( #1593 ) ) ;
#1468 = AXIS2_PLACEMENT_3D ( 'NONE', #1704, #864, #850 ) ;
#1469 = AXIS2_PLACEMENT_3D ( 'NONE', #367, #654, #382 ) ;
#1470 = FACE_OUTER_BOUND ( 'NONE', #781, .T. ) ;
#1471 = CIRCLE ( 'NONE', #179, 0.1000000000000000472 ) ;
#1472 = VECTOR ( 'NONE', #1362, 1000.000000000000000 ) ;
#1473 = EDGE_CURVE ( 'NONE', #644, #1060, #159, .T. ) ;
#1474 = AXIS2_PLACEMENT_3D ( 'NONE', #467, #1709, #323 ) ;
#1475 = CARTESIAN_POINT ( 'NONE',  ( -1.400000000000000133, 1.199999999999999734, 1.350000000000000089 ) ) ;
#1476 = VECTOR ( 'NONE', #789, 1000.000000000000114 ) ;
#1477 = CARTESIAN_POINT ( 'NONE',  ( 1.399999999999999689, 1.199999999999999956, 1.399999999999999911 ) ) ;
#1478 = ORIENTED_EDGE ( 'NONE', *, *, #1449, .F. ) ;
#1479 = AXIS2_PLACEMENT_3D ( 'NONE', #1536, #1527, #1251 ) ;
#1480 = ORIENTED_EDGE ( 'NONE', *, *, #576, .T. ) ;
#1481 = CARTESIAN_POINT ( 'NONE',  ( -1.074999999999999956, 0.0000000000000000000, 1.399999999999999911 ) ) ;
#1482 = DIRECTION ( 'NONE',  ( 0.0000000000000000000, 0.0000000000000000000, 1.000000000000000000 ) ) ;
#1483 = FILL_AREA_STYLE ('',( #1180 ) ) ;
#1484 = CARTESIAN_POINT ( 'NONE',  ( 1.199999999999999734, 1.399999999999999911, 1.399999999999999911 ) ) ;
#1485 = ORIENTED_EDGE ( 'NONE', *, *, #1154, .T. ) ;
#1486 = EDGE_CURVE ( 'NONE', #648, #257, #1121, .T. ) ;
#1487 = DIRECTION ( 'NONE',  ( -1.000000000000000000, 0.0000000000000000000, 0.0000000000000000000 ) ) ;
#1488 = EDGE_LOOP ( 'NONE', ( #280, #772, #1802, #132 ) ) ;
#1489 = CARTESIAN_POINT ( 'NONE',  ( 0.6000000000000001998, 1.474999999999999645, 0.0000000000000000000 ) ) ;
#1490 = ORIENTED_EDGE ( 'NONE', *, *, #1207, .F. ) ;
#1491 = UNCERTAINTY_MEASURE_WITH_UNIT (LENGTH_MEASURE( 1.000000000000000082E-05 ), #1580, 'distance_accuracy_value', 'NONE');
#1492 = CARTESIAN_POINT ( 'NONE',  ( 1.199999999999999734, 1.399999999999999911, 1.399999999999999911 ) ) ;
#1493 = ADVANCED_FACE ( 'NONE', ( #1395 ), #6, .F. ) ;
#1494 = EDGE_LOOP ( 'NONE', ( #476, #1603, #1254, #1686 ) ) ;
#1495 = MECHANICAL_DESIGN_GEOMETRIC_PRESENTATION_REPRESENTATION (  '', ( #237 ), #587 ) ;
#1496 = AXIS2_PLACEMENT_3D ( 'NONE', #547, #488, #695 ) ;
#1497 = PRESENTATION_LAYER_ASSIGNMENT (  '', '', ( #1069 ) ) ;
#1498 = AXIS2_PLACEMENT_3D ( 'NONE', #347, #82, #639 ) ;
#1499 = AXIS2_PLACEMENT_3D ( 'NONE', #160, #726, #418 ) ;
#1500 = DIRECTION ( 'NONE',  ( -1.000000000000000000, 0.0000000000000000000, -0.0000000000000000000 ) ) ;
#1501 = CIRCLE ( 'NONE', #710, 1.050000000000000044 ) ;
#1502 = ORIENTED_EDGE ( 'NONE', *, *, #1255, .T. ) ;
#1503 = FILL_AREA_STYLE ('',( #780 ) ) ;
#1504 = ORIENTED_EDGE ( 'NONE', *, *, #685, .T. ) ;
#1505 = VECTOR ( 'NONE', #391, 1000.000000000000000 ) ;
#1506 = CARTESIAN_POINT ( 'NONE',  ( 0.0000000000000000000, -1.475000000000000533, 0.0000000000000000000 ) ) ;
#1507 = ADVANCED_FACE ( 'NONE', ( #1699 ), #1424, .F. ) ;
#1508 = CARTESIAN_POINT ( 'NONE',  ( -1.474999999999999645, 1.274999999999999689, 1.350000000000000089 ) ) ;
#1509 = CARTESIAN_POINT ( 'NONE',  ( 0.5955933015336538627, -0.9248073416491906507, 0.1293584860286752791 ) ) ;
#1510 = ORIENTED_EDGE ( 'NONE', *, *, #1133, .F. ) ;
#1511 = FACE_OUTER_BOUND ( 'NONE', #228, .T. ) ;
#1512 = CARTESIAN_POINT ( 'NONE',  ( 1.474999999999999867, 0.0000000000000000000, 1.350000000000000089 ) ) ;
#1513 = CARTESIAN_POINT ( 'NONE',  ( -0.6000000000000000888, 0.9219544457292889739, 0.0000000000000000000 ) ) ;
#1514 = EDGE_CURVE ( 'NONE', #1551, #830, #1008, .T. ) ;
#1515 = FACE_OUTER_BOUND ( 'NONE', #158, .T. ) ;
#1516 = VERTEX_POINT ( 'NONE', #45 ) ;
#1517 = FILL_AREA_STYLE ('',( #580 ) ) ;
#1518 = ORIENTED_EDGE ( 'NONE', *, *, #1301, .F. ) ;
#1519 = DIRECTION ( 'NONE',  ( 1.000000000000000000, 0.0000000000000000000, 0.0000000000000000000 ) ) ;
#1520 = VECTOR ( 'NONE', #448, 1000.000000000000000 ) ;
#1521 = ADVANCED_FACE ( 'NONE', ( #602 ), #188, .F. ) ;
#1522 = SURFACE_STYLE_USAGE ( .BOTH. , #1380 ) ;
#1523 = ORIENTED_EDGE ( 'NONE', *, *, #143, .F. ) ;
#1524 = CARTESIAN_POINT ( 'NONE',  ( -0.9278174593052022079, -0.7778174593052027408, 1.000000000000000000 ) ) ;
#1525 = ORIENTED_EDGE ( 'NONE', *, *, #815, .F. ) ;
#1526 = PRESENTATION_LAYER_ASSIGNMENT (  '', '', ( #1339 ) ) ;
#1527 = DIRECTION ( 'NONE',  ( 0.0000000000000000000, 0.0000000000000000000, 1.000000000000000000 ) ) ;
#1528 = CARTESIAN_POINT ( 'NONE',  ( 0.0000000000000000000, 0.0000000000000000000, 1.350000000000000089 ) ) ;
#1529 = ORIENTED_EDGE ( 'NONE', *, *, #484, .F. ) ;
#1530 = CARTESIAN_POINT ( 'NONE',  ( 1.274999999999999911, 1.474999999999999645, 1.350000000000000089 ) ) ;
#1531 = VERTEX_POINT ( 'NONE', #1718 ) ;
#1532 = PRESENTATION_STYLE_ASSIGNMENT (( #1285 ) ) ;
#1533 = ORIENTED_EDGE ( 'NONE', *, *, #97, .F. ) ;
#1534 = LINE ( 'NONE', #577, #589 ) ;
#1535 = DIRECTION ( 'NONE',  ( 0.0000000000000000000, 0.0000000000000000000, 1.000000000000000000 ) ) ;
#1536 = CARTESIAN_POINT ( 'NONE',  ( 0.0000000000000000000, 0.0000000000000000000, 0.0000000000000000000 ) ) ;
#1537 = CARTESIAN_POINT ( 'NONE',  ( 0.4999999999999998890, -1.475000000000000533, 0.2000000000000000666 ) ) ;
#1538 = ORIENTED_EDGE ( 'NONE', *, *, #1087, .T. ) ;
#1539 = LINE ( 'NONE', #754, #1070 ) ;
#1540 = EDGE_CURVE ( 'NONE', #380, #1615, #1029, .T. ) ;
#1541 =( NAMED_UNIT ( * ) SI_UNIT ( $, .STERADIAN. ) SOLID_ANGLE_UNIT ( ) );
#1542 = DIRECTION ( 'NONE',  ( -0.7071067811865474617, -0.7071067811865474617, 0.0000000000000000000 ) ) ;
#1543 = EDGE_CURVE ( 'NONE', #1613, #842, #405, .T. ) ;
#1544 = CARTESIAN_POINT ( 'NONE',  ( 0.5999999999999998668, -1.475000000000000533, 1.350000000000000089 ) ) ;
#1545 = DIRECTION ( 'NONE',  ( -1.000000000000000000, 0.0000000000000000000, 0.0000000000000000000 ) ) ;
#1546 = ORIENTED_EDGE ( 'NONE', *, *, #116, .T. ) ;
#1547 = CARTESIAN_POINT ( 'NONE',  ( -0.5000000000000000000, 1.474999999999999645, 0.1000000000000000056 ) ) ;
#1548 = COLOUR_RGB ( '',0.8274509803921568096, 0.8392156862745098200, 0.8274509803921568096 ) ;
#1549 = DIRECTION ( 'NONE',  ( -0.0000000000000000000, -0.0000000000000000000, -1.000000000000000000 ) ) ;
#1550 = AXIS2_PLACEMENT_3D ( 'NONE', #909, #1588, #226 ) ;
#1551 = VERTEX_POINT ( 'NONE', #1576 ) ;
#1552 = AXIS2_PLACEMENT_3D ( 'NONE', #372, #526, #802 ) ;
#1553 = AXIS2_PLACEMENT_3D ( 'NONE', #198, #76, #936 ) ;
#1554 = SURFACE_STYLE_FILL_AREA ( #546 ) ;
#1555 = CYLINDRICAL_SURFACE ( 'NONE', #120, 1.100000000000000311 ) ;
#1556 = ADVANCED_FACE ( 'NONE', ( #166 ), #1165, .F. ) ;
#1557 = DIRECTION ( 'NONE',  ( 0.0000000000000000000, 0.0000000000000000000, 1.000000000000000000 ) ) ;
#1558 = DIRECTION ( 'NONE',  ( -0.0000000000000000000, -1.000000000000000000, -0.0000000000000000000 ) ) ;
#1559 = DIRECTION ( 'NONE',  ( 1.000000000000000000, -1.102578480493733436E-16, 0.0000000000000000000 ) ) ;
#1560 = SURFACE_STYLE_USAGE ( .BOTH. , #459 ) ;
#1561 = ORIENTED_EDGE ( 'NONE', *, *, #1145, .F. ) ;
#1562 = CARTESIAN_POINT ( 'NONE',  ( -0.5999999999999998668, -0.9219544457292891959, 0.0000000000000000000 ) ) ;
#1563 = CARTESIAN_POINT ( 'NONE',  ( 0.5999999999999998668, -1.475000000000000533, 0.0000000000000000000 ) ) ;
#1564 = EDGE_CURVE ( 'NONE', #1642, #27, #744, .T. ) ;
#1565 = DIRECTION ( 'NONE',  ( 0.7071067811865474617, -0.7071067811865474617, 0.0000000000000000000 ) ) ;
#1566 = CARTESIAN_POINT ( 'NONE',  ( 0.5000000000000002220, 1.474999999999999645, 0.2000000000000000389 ) ) ;
#1567 = LINE ( 'NONE', #314, #923 ) ;
#1568 = DIRECTION ( 'NONE',  ( -1.000000000000000000, 0.0000000000000000000, -0.0000000000000000000 ) ) ;
#1569 = ORIENTED_EDGE ( 'NONE', *, *, #815, .T. ) ;
#1570 = CARTESIAN_POINT ( 'NONE',  ( -0.6000000000000000888, -0.9219544457292890849, 0.1099413765445178687 ) ) ;
#1571 = EDGE_LOOP ( 'NONE', ( #1401, #1261, #1136, #785 ) ) ;
#1572 = DIRECTION ( 'NONE',  ( 0.7071067811865474617, 0.7071067811865474617, 0.0000000000000000000 ) ) ;
#1573 = CARTESIAN_POINT ( 'NONE',  ( -1.050000000000000044, 1.285879139104720978E-16, 0.02000000000000005246 ) ) ;
#1574 = SURFACE_STYLE_FILL_AREA ( #1669 ) ;
#1575 = ORIENTED_EDGE ( 'NONE', *, *, #16, .T. ) ;
#1576 = CARTESIAN_POINT ( 'NONE',  ( -1.275000000000000133, 0.0000000000000000000, 1.350000000000000089 ) ) ;
#1577 = PRESENTATION_STYLE_ASSIGNMENT (( #1560 ) ) ;
#1578 = VECTOR ( 'NONE', #254, 1000.000000000000000 ) ;
#1579 = ORIENTED_EDGE ( 'NONE', *, *, #1755, .F. ) ;
#1580 =( LENGTH_UNIT ( ) NAMED_UNIT ( * ) SI_UNIT ( .MILLI., .METRE. ) );
#1581 = CARTESIAN_POINT ( 'NONE',  ( 0.5253291598447469291, 0.9665448963238736368, 0.1975556684794266271 ) ) ;
#1582 = EDGE_LOOP ( 'NONE', ( #1546, #47, #230, #937 ) ) ;
#1583 = PRESENTATION_LAYER_ASSIGNMENT (  '', '', ( #1357 ) ) ;
#1584 = CYLINDRICAL_SURFACE ( 'NONE', #818, 0.2000000000000000944 ) ;
#1585 = AXIS2_PLACEMENT_3D ( 'NONE', #715, #564, #1282 ) ;
#1586 = FILL_AREA_STYLE_COLOUR ( '', #1655 ) ;
#1587 = DIRECTION ( 'NONE',  ( 1.000000000000000000, -1.102578480493733436E-16, 0.0000000000000000000 ) ) ;
#1588 = DIRECTION ( 'NONE',  ( -1.000000000000000000, 0.0000000000000000000, 0.0000000000000000000 ) ) ;
#1589 = VERTEX_POINT ( 'NONE', #1041 ) ;
#1590 = DIRECTION ( 'NONE',  ( -0.0000000000000000000, -0.0000000000000000000, -1.000000000000000000 ) ) ;
#1591 = ADVANCED_FACE ( 'NONE', ( #619 ), #1195, .T. ) ;
#1592 = EDGE_LOOP ( 'NONE', ( #1414, #14, #1342, #251 ) ) ;
#1593 = SURFACE_STYLE_USAGE ( .BOTH. , #1737 ) ;
#1594 = CARTESIAN_POINT ( 'NONE',  ( -0.5777747868497372652, 0.9360657122517275219, 0.1636513101324676145 ) ) ;
#1595 = CARTESIAN_POINT ( 'NONE',  ( 0.0000000000000000000, 0.0000000000000000000, 1.000000000000000000 ) ) ;
#1596 = VERTEX_POINT ( 'NONE', #1020 ) ;
#1597 =( NAMED_UNIT ( * ) SI_UNIT ( $, .STERADIAN. ) SOLID_ANGLE_UNIT ( ) );
#1598 = EDGE_LOOP ( 'NONE', ( #1490, #1123, #538, #966, #190, #503, #148, #1107, #1504, #683 ) ) ;
#1599 = DIRECTION ( 'NONE',  ( 0.7071067811865475727, 0.7071067811865475727, -0.0000000000000000000 ) ) ;
#1600 = EDGE_CURVE ( 'NONE', #1615, #1360, #1567, .T. ) ;
#1601 = DIRECTION ( 'NONE',  ( 0.0000000000000000000, 0.0000000000000000000, 1.000000000000000000 ) ) ;
#1602 = FACE_OUTER_BOUND ( 'NONE', #125, .T. ) ;
#1603 = ORIENTED_EDGE ( 'NONE', *, *, #60, .T. ) ;
#1604 = CARTESIAN_POINT ( 'NONE',  ( -0.6647664931669167165, -0.8764048776464907764, 0.0000000000000000000 ) ) ;
#1605 = ORIENTED_EDGE ( 'NONE', *, *, #757, .F. ) ;
#1606 = AXIS2_PLACEMENT_3D ( 'NONE', #1610, #1068, #186 ) ;
#1607 = DIRECTION ( 'NONE',  ( 0.0000000000000000000, 0.0000000000000000000, 1.000000000000000000 ) ) ;
#1608 = CIRCLE ( 'NONE', #677, 0.1500000000000000777 ) ;
#1609 = EDGE_CURVE ( 'NONE', #1082, #1516, #177, .T. ) ;
#1610 = CARTESIAN_POINT ( 'NONE',  ( -0.4049061385417563885, 0.3696971990307799660, 1.000000000000000000 ) ) ;
#1611 = LINE ( 'NONE', #1634, #976 ) ;
#1612 = CARTESIAN_POINT ( 'NONE',  ( 0.8764048776464905544, -0.6647664931669163835, 0.0000000000000000000 ) ) ;
#1613 = VERTEX_POINT ( 'NONE', #889 ) ;
#1614 = SURFACE_STYLE_USAGE ( .BOTH. , #1643 ) ;
#1615 = VERTEX_POINT ( 'NONE', #481 ) ;
#1616 = FACE_OUTER_BOUND ( 'NONE', #1582, .T. ) ;
#1617 = EDGE_CURVE ( 'NONE', #1455, #245, #1129, .T. ) ;
#1618 = DIRECTION ( 'NONE',  ( 1.102578480493733066E-16, 1.000000000000000000, -0.0000000000000000000 ) ) ;
#1619 =( NAMED_UNIT ( * ) PLANE_ANGLE_UNIT ( ) SI_UNIT ( $, .RADIAN. ) );
#1620 = ORIENTED_EDGE ( 'NONE', *, *, #517, .F. ) ;
#1621 =( NAMED_UNIT ( * ) SI_UNIT ( $, .STERADIAN. ) SOLID_ANGLE_UNIT ( ) );
#1622 = ORIENTED_EDGE ( 'NONE', *, *, #348, .T. ) ;
#1623 = DIRECTION ( 'NONE',  ( 0.0000000000000000000, 0.0000000000000000000, 1.000000000000000000 ) ) ;
#1624 = ORIENTED_EDGE ( 'NONE', *, *, #951, .F. ) ;
#1625 =( LENGTH_UNIT ( ) NAMED_UNIT ( * ) SI_UNIT ( .MILLI., .METRE. ) );
#1626 = EDGE_CURVE ( 'NONE', #1120, #1589, #769, .T. ) ;
#1627 = VERTEX_POINT ( 'NONE', #1308 ) ;
#1628 = CIRCLE ( 'NONE', #1034, 1.050000000000000044 ) ;
#1629 = DIRECTION ( 'NONE',  ( 0.0000000000000000000, 1.000000000000000000, 0.0000000000000000000 ) ) ;
#1630 = VECTOR ( 'NONE', #414, 1000.000000000000000 ) ;
#1631 = AXIS2_PLACEMENT_3D ( 'NONE', #1138, #422, #1004 ) ;
#1632 = AXIS2_PLACEMENT_3D ( 'NONE', #1341, #1311, #605 ) ;
#1633 = AXIS2_PLACEMENT_3D ( 'NONE', #1454, #1182, #65 ) ;
#1634 = CARTESIAN_POINT ( 'NONE',  ( -1.474999999999999645, -1.275000000000000577, 1.350000000000000089 ) ) ;
#1635 = VECTOR ( 'NONE', #875, 1000.000000000000000 ) ;
#1636 = VERTEX_POINT ( 'NONE', #342 ) ;
#1637 = LINE ( 'NONE', #393, #71 ) ;
#1638 = ORIENTED_EDGE ( 'NONE', *, *, #1399, .T. ) ;
#1639 = ADVANCED_FACE ( 'NONE', ( #1462 ), #631, .F. ) ;
#1640 = CARTESIAN_POINT ( 'NONE',  ( 0.5000000000000002220, 0.0000000000000000000, 0.2000000000000000111 ) ) ;
#1641 = CARTESIAN_POINT ( 'NONE',  ( -0.5000000000000000000, -1.475000000000000533, 0.2000000000000000389 ) ) ;
#1642 = VERTEX_POINT ( 'NONE', #1740 ) ;
#1643 = SURFACE_SIDE_STYLE ('',( #1764 ) ) ;
#1644 = ORIENTED_EDGE ( 'NONE', *, *, #456, .T. ) ;
#1645 = ADVANCED_FACE ( 'NONE', ( #489 ), #350, .F. ) ;
#1646 = LINE ( 'NONE', #640, #205 ) ;
#1647 = ADVANCED_FACE ( 'NONE', ( #218 ), #1080, .F. ) ;
#1648 = EDGE_CURVE ( 'NONE', #106, #880, #806, .T. ) ;
#1649 = PLANE ( 'NONE',  #263 ) ;
#1650 = ORIENTED_EDGE ( 'NONE', *, *, #419, .T. ) ;
#1651 = FACE_OUTER_BOUND ( 'NONE', #77, .T. ) ;
#1652 = ORIENTED_EDGE ( 'NONE', *, *, #1207, .T. ) ;
#1653 = DIRECTION ( 'NONE',  ( 0.0000000000000000000, 0.0000000000000000000, 1.000000000000000000 ) ) ;
#1654 = CARTESIAN_POINT ( 'NONE',  ( 0.0000000000000000000, 0.0000000000000000000, 0.02000000000000005246 ) ) ;
#1655 = COLOUR_RGB ( '',0.8274509803921568096, 0.8392156862745098200, 0.8274509803921568096 ) ;
#1656 = EDGE_CURVE ( 'NONE', #400, #520, #1611, .T. ) ;
#1657 = SURFACE_STYLE_FILL_AREA ( #1411 ) ;
#1658 = CARTESIAN_POINT ( 'NONE',  ( 0.5984611282738323546, -0.9229604073532718944, 0.1200206398586654843 ) ) ;
#1659 = CIRCLE ( 'NONE', #1780, 1.100000000000000311 ) ;
#1660 = VECTOR ( 'NONE', #81, 1000.000000000000000 ) ;
#1661 = EDGE_LOOP ( 'NONE', ( #1622, #1175, #891, #1230 ) ) ;
#1662 = AXIS2_PLACEMENT_3D ( 'NONE', #924, #1046, #56 ) ;
#1663 = SURFACE_STYLE_FILL_AREA ( #1517 ) ;
#1664 = VERTEX_POINT ( 'NONE', #84 ) ;
#1665 = VECTOR ( 'NONE', #458, 1000.000000000000000 ) ;
#1666 = CYLINDRICAL_SURFACE ( 'NONE', #556, 1.050000000000000044 ) ;
#1667 = CARTESIAN_POINT ( 'NONE',  ( 0.8764048776464908874, -0.6647664931669160504, 1.000000000000000000 ) ) ;
#1668 = VECTOR ( 'NONE', #856, 1000.000000000000000 ) ;
#1669 = FILL_AREA_STYLE ('',( #741 ) ) ;
#1670 = ORIENTED_EDGE ( 'NONE', *, *, #248, .T. ) ;
#1671 = EDGE_CURVE ( 'NONE', #520, #1723, #368, .T. ) ;
#1672 = CARTESIAN_POINT ( 'NONE',  ( -1.474999999999999645, -1.275000000000000577, 1.350000000000000089 ) ) ;
#1673 = ORIENTED_EDGE ( 'NONE', *, *, #584, .F. ) ;
#1674 = CARTESIAN_POINT ( 'NONE',  ( -1.400000000000000133, 1.199999999999999956, 1.399999999999999911 ) ) ;
#1675 = CARTESIAN_POINT ( 'NONE',  ( -1.274999999999999689, -1.475000000000000533, 1.350000000000000089 ) ) ;
#1676 = LINE ( 'NONE', #1419, #1630 ) ;
#1677 = CARTESIAN_POINT ( 'NONE',  ( -1.100000000000000311, 0.0000000000000000000, 1.000000000000000000 ) ) ;
#1678 = DIRECTION ( 'NONE',  ( -0.0000000000000000000, -0.0000000000000000000, -1.000000000000000000 ) ) ;
#1679 = EDGE_LOOP ( 'NONE', ( #1771, #1232 ) ) ;
#1680 = LINE ( 'NONE', #1134, #438 ) ;
#1681 = FACE_OUTER_BOUND ( 'NONE', #1327, .T. ) ;
#1682 = ORIENTED_EDGE ( 'NONE', *, *, #1057, .F. ) ;
#1683 = CARTESIAN_POINT ( 'NONE',  ( 0.6000000000000000888, 0.9219544457292889739, 0.1000000000000000056 ) ) ;
#1684 = CARTESIAN_POINT ( 'NONE',  ( 0.0000000000000000000, 0.0000000000000000000, 0.02000000000000005246 ) ) ;
#1685 = CARTESIAN_POINT ( 'NONE',  ( -1.199999999999999734, -1.399999999999999911, 1.350000000000000089 ) ) ;
#1686 = ORIENTED_EDGE ( 'NONE', *, *, #1289, .T. ) ;
#1687 = VECTOR ( 'NONE', #1277, 1000.000000000000000 ) ;
#1688 = VECTOR ( 'NONE', #1450, 1000.000000000000000 ) ;
#1689 = FILL_AREA_STYLE ('',( #1152 ) ) ;
#1690 = ORIENTED_EDGE ( 'NONE', *, *, #904, .T. ) ;
#1691 = COLOUR_RGB ( '',1.000000000000000000, 1.000000000000000000, 1.000000000000000000 ) ;
#1692 = CARTESIAN_POINT ( 'NONE',  ( 0.0000000000000000000, 0.0000000000000000000, 1.000000000000000000 ) ) ;
#1693 = VECTOR ( 'NONE', #197, 1000.000000000000114 ) ;
#1694 = DIRECTION ( 'NONE',  ( -0.0000000000000000000, -0.0000000000000000000, -1.000000000000000000 ) ) ;
#1695 = EDGE_CURVE ( 'NONE', #212, #1115, #656, .T. ) ;
#1696 = CARTESIAN_POINT ( 'NONE',  ( 0.5999999999999999778, -0.9219544457292893069, 0.1000000000000000194 ) ) ;
#1697 = DIRECTION ( 'NONE',  ( -0.7071067811865474617, -0.7071067811865474617, 0.0000000000000000000 ) ) ;
#1698 = VERTEX_POINT ( 'NONE', #1508 ) ;
#1699 = FACE_OUTER_BOUND ( 'NONE', #1494, .T. ) ;
#1700 = DIRECTION ( 'NONE',  ( 1.000000000000000000, 0.0000000000000000000, 0.0000000000000000000 ) ) ;
#1701 = ORIENTED_EDGE ( 'NONE', *, *, #472, .T. ) ;
#1702 = CARTESIAN_POINT ( 'NONE',  ( 1.199999999999999734, -1.400000000000000133, 1.350000000000000089 ) ) ;
#1703 = ORIENTED_EDGE ( 'NONE', *, *, #1198, .F. ) ;
#1704 = CARTESIAN_POINT ( 'NONE',  ( 0.0000000000000000000, 0.0000000000000000000, 1.000000000000000000 ) ) ;
#1705 = LINE ( 'NONE', #1715, #650 ) ;
#1706 = DIRECTION ( 'NONE',  ( 0.0000000000000000000, 0.0000000000000000000, 1.000000000000000000 ) ) ;
#1707 = PLANE ( 'NONE',  #1127 ) ;
#1708 = DIRECTION ( 'NONE',  ( -0.0000000000000000000, -0.0000000000000000000, -1.000000000000000000 ) ) ;
#1709 = DIRECTION ( 'NONE',  ( 0.0000000000000000000, 0.0000000000000000000, 1.000000000000000000 ) ) ;
#1710 = CARTESIAN_POINT ( 'NONE',  ( 1.399999999999999689, -1.199999999999999734, 1.399999999999999911 ) ) ;
#1711 = EDGE_LOOP ( 'NONE', ( #595, #760, #115, #259 ) ) ;
#1712 = CARTESIAN_POINT ( 'NONE',  ( 0.8098122770835125550, 0.7393943980615597100, 1.000000000000000000 ) ) ;
#1713 = ORIENTED_EDGE ( 'NONE', *, *, #1100, .T. ) ;
#1714 = CARTESIAN_POINT ( 'NONE',  ( -1.400000000000000133, 1.200000000000000178, 1.399999999999999911 ) ) ;
#1715 = CARTESIAN_POINT ( 'NONE',  ( -0.6000000000000000888, -1.475000000000000533, 0.1000000000000000056 ) ) ;
#1716 = CARTESIAN_POINT ( 'NONE',  ( 0.0000000000000000000, 0.0000000000000000000, 1.000000000000000000 ) ) ;
#1717 = EDGE_CURVE ( 'NONE', #1769, #1463, #500, .T. ) ;
#1718 = CARTESIAN_POINT ( 'NONE',  ( -0.6000000000000000888, -1.475000000000000533, 0.0000000000000000000 ) ) ;
#1719 = DIRECTION ( 'NONE',  ( -0.0000000000000000000, -0.0000000000000000000, -1.000000000000000000 ) ) ;
#1720 = ORIENTED_EDGE ( 'NONE', *, *, #853, .T. ) ;
#1721 = CIRCLE ( 'NONE', #1157, 0.2000000000000000944 ) ;
#1722 = CYLINDRICAL_SURFACE ( 'NONE', #1632, 1.100000000000000311 ) ;
#1723 = VERTEX_POINT ( 'NONE', #1358 ) ;
#1724 = ADVANCED_BREP_SHAPE_REPRESENTATION ( 'User Library-LPS3015', ( #790, #128 ), #1011 ) ;
#1725 = PRESENTATION_LAYER_ASSIGNMENT (  '', '', ( #1124 ) ) ;
#1726 = DIRECTION ( 'NONE',  ( -0.0000000000000000000, -0.0000000000000000000, -1.000000000000000000 ) ) ;
#1727 = AXIS2_PLACEMENT_3D ( 'NONE', #1376, #665, #1247 ) ;
#1728 = DIRECTION ( 'NONE',  ( -1.000000000000000000, 0.0000000000000000000, 0.0000000000000000000 ) ) ;
#1729 = PRESENTATION_LAYER_ASSIGNMENT (  '', '', ( #1758 ) ) ;
#1730 =( LENGTH_UNIT ( ) NAMED_UNIT ( * ) SI_UNIT ( .MILLI., .METRE. ) );
#1731 = CARTESIAN_POINT ( 'NONE',  ( -0.6000000000000000888, 0.9219544457292889739, 0.1000000000000000056 ) ) ;
#1732 = DIRECTION ( 'NONE',  ( -0.7071067811865474617, 0.7071067811865474617, 0.0000000000000000000 ) ) ;
#1733 = CARTESIAN_POINT ( 'NONE',  ( -1.100000000000000311, 0.0000000000000000000, 0.0000000000000000000 ) ) ;
#1734 = ADVANCED_FACE ( 'NONE', ( #363 ), #930, .F. ) ;
#1735 = EDGE_LOOP ( 'NONE', ( #1701, #266, #1480, #988, #1321, #836, #154, #554, #388, #1319, #1670 ) ) ;
#1736 = ORIENTED_EDGE ( 'NONE', *, *, #939, .T. ) ;
#1737 = SURFACE_SIDE_STYLE ('',( #638 ) ) ;
#1738 = DIRECTION ( 'NONE',  ( -1.000000000000000000, 0.0000000000000000000, 0.0000000000000000000 ) ) ;
#1739 = LINE ( 'NONE', #1506, #235 ) ;
#1740 = CARTESIAN_POINT ( 'NONE',  ( -0.5000000000000000000, 1.474999999999999645, 0.2000000000000000389 ) ) ;
#1741 = VERTEX_POINT ( 'NONE', #271 ) ;
#1742 = CARTESIAN_POINT ( 'NONE',  ( -0.5777747868497372652, -0.9360657122517275219, 0.1636513101324676145 ) ) ;
#1743 = ORIENTED_EDGE ( 'NONE', *, *, #787, .T. ) ;
#1744 = DIRECTION ( 'NONE',  ( 0.0000000000000000000, 0.0000000000000000000, 1.000000000000000000 ) ) ;
#1745 = EDGE_CURVE ( 'NONE', #292, #803, #562, .T. ) ;
#1746 = CARTESIAN_POINT ( 'NONE',  ( -1.074999999999999956, 0.0000000000000000000, 1.399999999999999911 ) ) ;
#1747 = SURFACE_SIDE_STYLE ('',( #207 ) ) ;
#1748 = ORIENTED_EDGE ( 'NONE', *, *, #360, .F. ) ;
#1749 = VECTOR ( 'NONE', #601, 1000.000000000000000 ) ;
#1750 = CARTESIAN_POINT ( 'NONE',  ( -1.200000000000000178, 1.399999999999999911, 1.399999999999999911 ) ) ;
#1751 = VECTOR ( 'NONE', #1293, 1000.000000000000000 ) ;
#1752 = VERTEX_POINT ( 'NONE', #1677 ) ;
#1753 = VECTOR ( 'NONE', #1090, 1000.000000000000114 ) ;
#1754 = CIRCLE ( 'NONE', #433, 0.1499999999999999667 ) ;
#1755 = EDGE_CURVE ( 'NONE', #137, #1389, #1243, .T. ) ;
#1756 = AXIS2_PLACEMENT_3D ( 'NONE', #786, #1356, #809 ) ;
#1757 = PRESENTATION_STYLE_ASSIGNMENT (( #89 ) ) ;
#1758 = STYLED_ITEM ( 'NONE', ( #1173 ), #1639 ) ;
#1759 = FILL_AREA_STYLE ('',( #385 ) ) ;
#1760 =( LENGTH_UNIT ( ) NAMED_UNIT ( * ) SI_UNIT ( .MILLI., .METRE. ) );
#1761 = ORIENTED_EDGE ( 'NONE', *, *, #917, .T. ) ;
#1762 = STYLED_ITEM ( 'NONE', ( #1279 ), #1797 ) ;
#1763 = UNCERTAINTY_MEASURE_WITH_UNIT (LENGTH_MEASURE( 1.000000000000000082E-05 ), #1140, 'distance_accuracy_value', 'NONE');
#1764 = SURFACE_STYLE_FILL_AREA ( #1503 ) ;
#1765 = ORIENTED_EDGE ( 'NONE', *, *, #168, .F. ) ;
#1766 = EDGE_CURVE ( 'NONE', #616, #1389, #410, .T. ) ;
#1767 = SURFACE_SIDE_STYLE ('',( #783 ) ) ;
#1768 = CARTESIAN_POINT ( 'NONE',  ( 0.5000000000000000000, -0.9797958971132715300, 0.2000000000000000389 ) ) ;
#1769 = VERTEX_POINT ( 'NONE', #569 ) ;
#1770 = DIRECTION ( 'NONE',  ( -0.0000000000000000000, -0.0000000000000000000, -1.000000000000000000 ) ) ;
#1771 = ORIENTED_EDGE ( 'NONE', *, *, #107, .F. ) ;
#1772 =( LENGTH_UNIT ( ) NAMED_UNIT ( * ) SI_UNIT ( .MILLI., .METRE. ) );
#1773 = DIRECTION ( 'NONE',  ( -8.503546450866703280E-17, 1.000000000000000000, 0.0000000000000000000 ) ) ;
#1774 = ORIENTED_EDGE ( 'NONE', *, *, #97, .T. ) ;
#1775 = EDGE_CURVE ( 'NONE', #1153, #245, #289, .T. ) ;
#1776 = CARTESIAN_POINT ( 'NONE',  ( 0.0000000000000000000, 0.0000000000000000000, 1.000000000000000000 ) ) ;
#1777 = ORIENTED_EDGE ( 'NONE', *, *, #1460, .F. ) ;
#1778 = CIRCLE ( 'NONE', #1000, 1.100000000000000311 ) ;
#1779 = DIRECTION ( 'NONE',  ( 0.0000000000000000000, 0.0000000000000000000, -1.000000000000000000 ) ) ;
#1780 = AXIS2_PLACEMENT_3D ( 'NONE', #1169, #1601, #195 ) ;
#1781 = VECTOR ( 'NONE', #690, 1000.000000000000000 ) ;
#1782 = VECTOR ( 'NONE', #345, 1000.000000000000000 ) ;
#1783 = LINE ( 'NONE', #1544, #1668 ) ;
#1784 = AXIS2_PLACEMENT_3D ( 'NONE', #138, #759, #1587 ) ;
#1785 = CARTESIAN_POINT ( 'NONE',  ( 0.5119844028423505833, -0.9736801321474968240, 0.2000000000000000389 ) ) ;
#1786 = ORIENTED_EDGE ( 'NONE', *, *, #1399, .F. ) ;
#1787 = EDGE_CURVE ( 'NONE', #212, #106, #1783, .T. ) ;
#1788 = COLOUR_RGB ( '',1.000000000000000000, 1.000000000000000000, 1.000000000000000000 ) ;
#1789 = VERTEX_POINT ( 'NONE', #834 ) ;
#1790 = DIRECTION ( 'NONE',  ( 0.0000000000000000000, 0.0000000000000000000, 1.000000000000000000 ) ) ;
#1791 = PLANE ( 'NONE',  #823 ) ;
#1792 = ORIENTED_EDGE ( 'NONE', *, *, #655, .T. ) ;
#1793 = SURFACE_SIDE_STYLE ('',( #1663 ) ) ;
#1794 = ORIENTED_EDGE ( 'NONE', *, *, #431, .T. ) ;
#1795 = DIRECTION ( 'NONE',  ( 1.000000000000000000, 0.0000000000000000000, 0.0000000000000000000 ) ) ;
#1796 = CARTESIAN_POINT ( 'NONE',  ( 1.274999999999999911, 1.474999999999999645, 1.350000000000000089 ) ) ;
#1797 = ADVANCED_FACE ( 'NONE', ( #1515 ), #1379, .F. ) ;
#1798 = CARTESIAN_POINT ( 'NONE',  ( 1.199999999999999734, -1.399999999999999911, 1.399999999999999911 ) ) ;
#1799 = PRODUCT ( 'User Library-LPS3015', 'User Library-LPS3015', '', ( #1018 ) ) ;
#1800 = ORIENTED_EDGE ( 'NONE', *, *, #2, .T. ) ;
#1801 = CARTESIAN_POINT ( 'NONE',  ( -1.274999999999999689, -1.475000000000000533, 1.350000000000000089 ) ) ;
#1802 = ORIENTED_EDGE ( 'NONE', *, *, #517, .T. ) ;
#1803 = LINE ( 'NONE', #974, #943 ) ;
#1804 = ORIENTED_EDGE ( 'NONE', *, *, #1600, .T. ) ;
ENDSEC;
END-ISO-10303-21;
