ISO-10303-21;
HEADER;
FILE_DESCRIPTION (( 'STEP AP214' ),
    '1' );
FILE_NAME ('User Library-SOT-523.STEP',
    '2021-07-31T19:05:06',
    ( '' ),
    ( '' ),
    'SwSTEP 2.0',
    'SolidWorks 2021',
    '' );
FILE_SCHEMA (( 'AUTOMOTIVE_DESIGN' ));
ENDSEC;

DATA;
#1 = UNCERTAINTY_MEASURE_WITH_UNIT (LENGTH_MEASURE( 1.000000000000000082E-05 ), #1205, 'distance_accuracy_value', 'NONE');
#2 = DIRECTION ( 'NONE',  ( 0.0000000000000000000, -0.04129333567756627438, 0.9991470664665036416 ) ) ;
#3 = EDGE_CURVE ( 'NONE', #360, #981, #336, .T. ) ;
#4 = ORIENTED_EDGE ( 'NONE', *, *, #874, .T. ) ;
#5 = EDGE_CURVE ( 'NONE', #905, #662, #717, .T. ) ;
#6 = DIRECTION ( 'NONE',  ( -0.2425356250363328026, -0.9701425001453319874, 0.0000000000000000000 ) ) ;
#7 = CARTESIAN_POINT ( 'NONE',  ( -0.4000000000000000222, 0.5999999999999998668, -0.4000000000000002442 ) ) ;
#8 = DIRECTION ( 'NONE',  ( 0.0000000000000000000, 0.03489949670250142022, 0.9993908270190956511 ) ) ;
#9 = ORIENTED_EDGE ( 'NONE', *, *, #503, .F. ) ;
#10 = DIRECTION ( 'NONE',  ( -1.000000000000000000, -0.0000000000000000000, -0.0000000000000000000 ) ) ;
#11 = EDGE_LOOP ( 'NONE', ( #820, #588, #898, #771, #1236, #1525 ) ) ;
#12 = EDGE_CURVE ( 'NONE', #1170, #1412, #1162, .T. ) ;
#13 = CARTESIAN_POINT ( 'NONE',  ( 0.6000000000000000888, 0.1125714770170293672, -0.4400000000000000577 ) ) ;
#14 = COLOUR_RGB ( '',0.2509803921568627416, 0.2509803921568627416, 0.2509803921568627416 ) ;
#15 = VECTOR ( 'NONE', #1122, 1000.000000000000000 ) ;
#16 = AXIS2_PLACEMENT_3D ( 'NONE', #1466, #807, #1455 ) ;
#17 = DIRECTION ( 'NONE',  ( 1.000000000000000000, -0.0000000000000000000, -1.355252715606881036E-16 ) ) ;
#18 = FACE_OUTER_BOUND ( 'NONE', #917, .T. ) ;
#19 = ORIENTED_EDGE ( 'NONE', *, *, #1328, .F. ) ;
#20 = AXIS2_PLACEMENT_3D ( 'NONE', #244, #2, #870 ) ;
#21 = CARTESIAN_POINT ( 'NONE',  ( 0.6000000000000000888, 0.4749999999999998668, -0.3999999999999999667 ) ) ;
#22 = EDGE_LOOP ( 'NONE', ( #1245, #362, #267, #938 ) ) ;
#23 = CARTESIAN_POINT ( 'NONE',  ( 0.6000000000000000888, 0.5999999999999996447, -0.4000000000000002442 ) ) ;
#24 =( GEOMETRIC_REPRESENTATION_CONTEXT ( 3 ) GLOBAL_UNCERTAINTY_ASSIGNED_CONTEXT ( ( #1 ) ) GLOBAL_UNIT_ASSIGNED_CONTEXT ( ( #1205, #389, #1174 ) ) REPRESENTATION_CONTEXT ( 'NONE', 'WORKASPACE' ) );
#25 =( NAMED_UNIT ( * ) PLANE_ANGLE_UNIT ( ) SI_UNIT ( $, .RADIAN. ) );
#26 = CARTESIAN_POINT ( 'NONE',  ( 0.8000000000000000444, 0.1000000000000000056, 0.8000000000000000444 ) ) ;
#27 =( NAMED_UNIT ( * ) PLANE_ANGLE_UNIT ( ) SI_UNIT ( $, .RADIAN. ) );
#28 = VERTEX_POINT ( 'NONE', #1441 ) ;
#29 = EDGE_CURVE ( 'NONE', #360, #1652, #145, .T. ) ;
#30 = CARTESIAN_POINT ( 'NONE',  ( -0.7874999999999995337, 0.5999999999999998668, -0.4000000000000002998 ) ) ;
#31 = DIRECTION ( 'NONE',  ( 0.0000000000000000000, 0.0000000000000000000, 1.000000000000000000 ) ) ;
#32 = CYLINDRICAL_SURFACE ( 'NONE', #504, 0.02500000000000006384 ) ;
#33 = ADVANCED_FACE ( 'NONE', ( #1414 ), #661, .T. ) ;
#34 = LINE ( 'NONE', #943, #986 ) ;
#35 = VERTEX_POINT ( 'NONE', #894 ) ;
#36 = DIRECTION ( 'NONE',  ( 1.354427132270235954E-16, -0.03489949670250157288, -0.9993908270190956511 ) ) ;
#37 = VERTEX_POINT ( 'NONE', #1318 ) ;
#38 = AXIS2_PLACEMENT_3D ( 'NONE', #1680, #1304, #667 ) ;
#39 = CARTESIAN_POINT ( 'NONE',  ( 0.8000000000000000444, 0.5999999999999998668, 0.4000000000000002442 ) ) ;
#40 = PRESENTATION_STYLE_ASSIGNMENT (( #538 ) ) ;
#41 = CIRCLE ( 'NONE', #1431, 0.02500000000000006384 ) ;
#42 = VECTOR ( 'NONE', #1133, 1000.000000000000000 ) ;
#43 = DIRECTION ( 'NONE',  ( 0.0000000000000000000, 0.9993908270190957621, -0.03489949670250142716 ) ) ;
#44 = VECTOR ( 'NONE', #10, 1000.000000000000000 ) ;
#45 = EDGE_CURVE ( 'NONE', #141, #414, #1188, .T. ) ;
#46 = CIRCLE ( 'NONE', #98, 0.1249999999999999445 ) ;
#47 = CARTESIAN_POINT ( 'NONE',  ( -0.1437499999999999889, 0.5999999999999998668, 0.4000000000000002442 ) ) ;
#48 = ORIENTED_EDGE ( 'NONE', *, *, #1416, .F. ) ;
#49 = SURFACE_SIDE_STYLE ('',( #1512 ) ) ;
#50 = EDGE_CURVE ( 'NONE', #1203, #796, #1147, .T. ) ;
#51 = PRODUCT_DEFINITION_FORMATION_WITH_SPECIFIED_SOURCE ( 'ANY', '', #1551, .NOT_KNOWN. ) ;
#52 = DIRECTION ( 'NONE',  ( 0.0000000000000000000, -0.9701425001453315433, 0.2425356250363347455 ) ) ;
#53 = FILL_AREA_STYLE ('',( #1337 ) ) ;
#54 = DIRECTION ( 'NONE',  ( 0.0000000000000000000, -1.000000000000000000, 0.0000000000000000000 ) ) ;
#55 = DIRECTION ( 'NONE',  ( -1.000000000000000000, -0.0000000000000000000, -0.0000000000000000000 ) ) ;
#56 = ORIENTED_EDGE ( 'NONE', *, *, #3, .T. ) ;
#57 = LINE ( 'NONE', #1597, #177 ) ;
#58 = EDGE_CURVE ( 'NONE', #1203, #103, #1457, .T. ) ;
#59 = PLANE ( 'NONE',  #1501 ) ;
#60 = PLANE ( 'NONE',  #283 ) ;
#61 = LINE ( 'NONE', #1086, #429 ) ;
#62 = LINE ( 'NONE', #187, #751 ) ;
#63 = ORIENTED_EDGE ( 'NONE', *, *, #1130, .F. ) ;
#64 = DIRECTION ( 'NONE',  ( 0.1240347345892124642, -0.9922778767136670730, 0.0000000000000000000 ) ) ;
#65 = EDGE_CURVE ( 'NONE', #1072, #107, #138, .T. ) ;
#66 = CARTESIAN_POINT ( 'NONE',  ( -0.4000000000000000777, 0.4801616669596956433, -0.5248933833083128109 ) ) ;
#67 = ORIENTED_EDGE ( 'NONE', *, *, #757, .F. ) ;
#68 = DIRECTION ( 'NONE',  ( 0.0000000000000000000, 0.9991470664665036416, -0.04129333567756627438 ) ) ;
#69 = FACE_OUTER_BOUND ( 'NONE', #394, .T. ) ;
#70 = VECTOR ( 'NONE', #831, 1000.000000000000114 ) ;
#71 = CARTESIAN_POINT ( 'NONE',  ( 0.8000000000000001554, 0.5000000000000000000, -0.4000000000000000222 ) ) ;
#72 = ORIENTED_EDGE ( 'NONE', *, *, #1422, .F. ) ;
#73 = VECTOR ( 'NONE', #263, 1000.000000000000000 ) ;
#74 = DIRECTION ( 'NONE',  ( -0.9922778767136671840, -0.1240347345892124781, 0.0000000000000000000 ) ) ;
#75 = FACE_OUTER_BOUND ( 'NONE', #1078, .T. ) ;
#76 = ORIENTED_EDGE ( 'NONE', *, *, #572, .F. ) ;
#77 = FACE_OUTER_BOUND ( 'NONE', #510, .T. ) ;
#78 = EDGE_CURVE ( 'NONE', #1020, #262, #1430, .T. ) ;
#79 = STYLED_ITEM ( 'NONE', ( #1058 ), #1583 ) ;
#80 = DIRECTION ( 'NONE',  ( -1.000000000000000000, -0.0000000000000000000, -1.355252715606880789E-16 ) ) ;
#81 = ORIENTED_EDGE ( 'NONE', *, *, #1168, .F. ) ;
#82 = CARTESIAN_POINT ( 'NONE',  ( 0.6000000000000000888, 0.4999999999999998890, -0.4000000000000002442 ) ) ;
#83 = ORIENTED_EDGE ( 'NONE', *, *, #702, .F. ) ;
#84 = PLANE ( 'NONE',  #256 ) ;
#85 = DIRECTION ( 'NONE',  ( -1.000000000000000000, -0.0000000000000000000, -0.0000000000000000000 ) ) ;
#86 = ADVANCED_FACE ( 'NONE', ( #1002 ), #1171, .F. ) ;
#87 = CARTESIAN_POINT ( 'NONE',  ( 0.8000000000000000444, -1.836909530733567551E-17, -0.8000000000000000444 ) ) ;
#88 = ORIENTED_EDGE ( 'NONE', *, *, #963, .T. ) ;
#89 = DIRECTION ( 'NONE',  ( -0.9922778767136671840, 0.1240347345892124781, 0.0000000000000000000 ) ) ;
#90 = ORIENTED_EDGE ( 'NONE', *, *, #1208, .F. ) ;
#91 = LINE ( 'NONE', #607, #15 ) ;
#92 = CARTESIAN_POINT ( 'NONE',  ( -0.1437499999999999889, 0.1082629629591480985, 0.5633796998344893225 ) ) ;
#93 = ORIENTED_EDGE ( 'NONE', *, *, #457, .F. ) ;
#94 = CIRCLE ( 'NONE', #310, 0.02500000000000006384 ) ;
#95 = VECTOR ( 'NONE', #260, 1000.000000000000000 ) ;
#96 = FILL_AREA_STYLE_COLOUR ( '', #878 ) ;
#97 = AXIS2_PLACEMENT_3D ( 'NONE', #1281, #229, #1577 ) ;
#98 = AXIS2_PLACEMENT_3D ( 'NONE', #318, #80, #1503 ) ;
#99 = ORIENTED_EDGE ( 'NONE', *, *, #1230, .F. ) ;
#100 = VECTOR ( 'NONE', #1408, 1000.000000000000000 ) ;
#101 = CARTESIAN_POINT ( 'NONE',  ( 0.4000000000000000222, 0.1322154002426863539, -0.5392735105903891935 ) ) ;
#102 = EDGE_CURVE ( 'NONE', #476, #35, #1031, .T. ) ;
#103 = VERTEX_POINT ( 'NONE', #13 ) ;
#104 = FILL_AREA_STYLE ('',( #1271 ) ) ;
#105 = EDGE_LOOP ( 'NONE', ( #1113, #472, #1270, #493 ) ) ;
#106 = ADVANCED_FACE ( 'NONE', ( #1067 ), #1340, .T. ) ;
#107 = VERTEX_POINT ( 'NONE', #447 ) ;
#108 = SURFACE_STYLE_USAGE ( .BOTH. , #508 ) ;
#109 = CARTESIAN_POINT ( 'NONE',  ( -0.7000000000000009548, 0.1000000000000028089, -0.8000000000000001554 ) ) ;
#110 = ORIENTED_EDGE ( 'NONE', *, *, #862, .F. ) ;
#111 = CARTESIAN_POINT ( 'NONE',  ( -0.6000000000000001998, 0.4749999999999998668, -0.3999999999999999667 ) ) ;
#112 = ORIENTED_EDGE ( 'NONE', *, *, #1594, .T. ) ;
#113 = DIRECTION ( 'NONE',  ( -1.000000000000000000, -0.0000000000000000000, 1.355252715606880789E-16 ) ) ;
#114 = EDGE_CURVE ( 'NONE', #131, #1362, #1220, .T. ) ;
#115 = CARTESIAN_POINT ( 'NONE',  ( 0.8000000000000000444, 0.1000000000000000056, -0.8000000000000000444 ) ) ;
#116 = SURFACE_SIDE_STYLE ('',( #567 ) ) ;
#117 = UNCERTAINTY_MEASURE_WITH_UNIT (LENGTH_MEASURE( 1.000000000000000082E-05 ), #505, 'distance_accuracy_value', 'NONE');
#118 = CARTESIAN_POINT ( 'NONE',  ( -0.8000000000000000444, 0.4999999999999998890, -0.8000000000000001554 ) ) ;
#119 = CARTESIAN_POINT ( 'NONE',  ( 0.8000000000000000444, 0.008928968544270698623, -0.5443077952110808582 ) ) ;
#120 = ORIENTED_EDGE ( 'NONE', *, *, #761, .F. ) ;
#121 = LINE ( 'NONE', #1038, #1493 ) ;
#122 = ORIENTED_EDGE ( 'NONE', *, *, #893, .F. ) ;
#123 = VECTOR ( 'NONE', #1264, 1000.000000000000000 ) ;
#124 = DIRECTION ( 'NONE',  ( -0.0000000000000000000, -0.0000000000000000000, 1.000000000000000000 ) ) ;
#125 = VECTOR ( 'NONE', #393, 1000.000000000000000 ) ;
#126 = FILL_AREA_STYLE_COLOUR ( '', #320 ) ;
#127 = MECHANICAL_DESIGN_GEOMETRIC_PRESENTATION_REPRESENTATION (  '', ( #1467 ), #512 ) ;
#128 = ADVANCED_FACE ( 'NONE', ( #955 ), #988, .F. ) ;
#129 = ORIENTED_EDGE ( 'NONE', *, *, #29, .F. ) ;
#130 = LINE ( 'NONE', #381, #772 ) ;
#131 = VERTEX_POINT ( 'NONE', #216 ) ;
#132 = ADVANCED_BREP_SHAPE_REPRESENTATION ( 'User Library-SOT-523', ( #1219, #970 ), #1243 ) ;
#133 = SURFACE_SIDE_STYLE ('',( #556 ) ) ;
#134 = CARTESIAN_POINT ( 'NONE',  ( 0.8000000000000000444, 0.5000000000000000000, -0.4000000000000000222 ) ) ;
#135 = EDGE_CURVE ( 'NONE', #856, #446, #706, .T. ) ;
#136 = DIRECTION ( 'NONE',  ( 0.0000000000000000000, 0.0000000000000000000, 1.000000000000000000 ) ) ;
#137 = ORIENTED_EDGE ( 'NONE', *, *, #157, .F. ) ;
#138 = LINE ( 'NONE', #241, #494 ) ;
#139 = SURFACE_STYLE_USAGE ( .BOTH. , #1041 ) ;
#140 = FILL_AREA_STYLE_COLOUR ( '', #615 ) ;
#141 = VERTEX_POINT ( 'NONE', #197 ) ;
#142 = CARTESIAN_POINT ( 'NONE',  ( 0.8000000000000000444, 0.1082629629591480985, -0.5633796998344893225 ) ) ;
#143 = ORIENTED_EDGE ( 'NONE', *, *, #1416, .T. ) ;
#144 = CYLINDRICAL_SURFACE ( 'NONE', #746, 0.02500000000000006384 ) ;
#145 = LINE ( 'NONE', #266, #1398 ) ;
#146 =( GEOMETRIC_REPRESENTATION_CONTEXT ( 3 ) GLOBAL_UNCERTAINTY_ASSIGNED_CONTEXT ( ( #818 ) ) GLOBAL_UNIT_ASSIGNED_CONTEXT ( ( #842, #1084, #193 ) ) REPRESENTATION_CONTEXT ( 'NONE', 'WORKASPACE' ) );
#147 = AXIS2_PLACEMENT_3D ( 'NONE', #438, #179, #291 ) ;
#148 = EDGE_CURVE ( 'NONE', #728, #1412, #378, .T. ) ;
#149 = DIRECTION ( 'NONE',  ( 0.0000000000000000000, -2.168404344971003346E-15, 1.000000000000000000 ) ) ;
#150 = DIRECTION ( 'NONE',  ( 0.0000000000000000000, 0.0000000000000000000, -1.000000000000000000 ) ) ;
#151 = EDGE_LOOP ( 'NONE', ( #439, #1313, #1089, #1139 ) ) ;
#152 = COLOUR_RGB ( '',0.2509803921568627416, 0.2509803921568627416, 0.2509803921568627416 ) ;
#153 = LINE ( 'NONE', #790, #286 ) ;
#154 = ORIENTED_EDGE ( 'NONE', *, *, #648, .T. ) ;
#155 = DIRECTION ( 'NONE',  ( -1.000000000000000000, -0.0000000000000000000, -1.355252715606880789E-16 ) ) ;
#156 = PRESENTATION_STYLE_ASSIGNMENT (( #1440 ) ) ;
#157 = EDGE_CURVE ( 'NONE', #1362, #262, #41, .T. ) ;
#158 = DIRECTION ( 'NONE',  ( 1.000000000000000000, 0.0000000000000000000, 0.0000000000000000000 ) ) ;
#159 = DIRECTION ( 'NONE',  ( 0.1240347345892124642, 0.9922778767136670730, 0.0000000000000000000 ) ) ;
#160 = EDGE_LOOP ( 'NONE', ( #112, #1227, #1429, #1218 ) ) ;
#161 = LINE ( 'NONE', #413, #585 ) ;
#162 = ORIENTED_EDGE ( 'NONE', *, *, #511, .F. ) ;
#163 = CARTESIAN_POINT ( 'NONE',  ( -0.1437499999999999889, 0.4801616669596956433, 0.5248933833083128109 ) ) ;
#164 = DIRECTION ( 'NONE',  ( 1.000000000000000000, 0.0000000000000000000, 0.0000000000000000000 ) ) ;
#165 = CARTESIAN_POINT ( 'NONE',  ( 0.8000000000000000444, 0.5999999999999998668, -0.4000000000000002442 ) ) ;
#166 = EDGE_CURVE ( 'NONE', #107, #1061, #656, .T. ) ;
#167 = FACE_OUTER_BOUND ( 'NONE', #899, .T. ) ;
#168 = DIRECTION ( 'NONE',  ( -1.000000000000000000, -0.0000000000000000000, -0.0000000000000000000 ) ) ;
#169 = LINE ( 'NONE', #1055, #1406 ) ;
#170 = ORIENTED_EDGE ( 'NONE', *, *, #708, .T. ) ;
#171 =( GEOMETRIC_REPRESENTATION_CONTEXT ( 3 ) GLOBAL_UNCERTAINTY_ASSIGNED_CONTEXT ( ( #1087 ) ) GLOBAL_UNIT_ASSIGNED_CONTEXT ( ( #725, #1645, #968 ) ) REPRESENTATION_CONTEXT ( 'NONE', 'WORKASPACE' ) );
#172 = LINE ( 'NONE', #1458, #228 ) ;
#173 = DIRECTION ( 'NONE',  ( 0.0000000000000000000, 0.0000000000000000000, 1.000000000000000000 ) ) ;
#174 = PRODUCT_RELATED_PRODUCT_CATEGORY ( 'part', '', ( #1551 ) ) ;
#175 = CARTESIAN_POINT ( 'NONE',  ( -0.1437499999999999889, 0.1170383970658838008, 0.5480830596443687641 ) ) ;
#176 = PLANE ( 'NONE',  #1186 ) ;
#177 = VECTOR ( 'NONE', #1589, 1000.000000000000000 ) ;
#178 = EDGE_CURVE ( 'NONE', #981, #1688, #1016, .T. ) ;
#179 = DIRECTION ( 'NONE',  ( -1.000000000000000000, 0.0000000000000000000, 1.355252715606881036E-16 ) ) ;
#180 = VERTEX_POINT ( 'NONE', #7 ) ;
#181 = DIRECTION ( 'NONE',  ( -0.0000000000000000000, -0.0000000000000000000, 1.000000000000000000 ) ) ;
#182 = CARTESIAN_POINT ( 'NONE',  ( 0.8000000000000000444, 0.1322154002426863262, -0.5392735105903891935 ) ) ;
#183 = STYLED_ITEM ( 'NONE', ( #1012 ), #1686 ) ;
#184 = PLANE ( 'NONE',  #1090 ) ;
#185 =( NAMED_UNIT ( * ) SI_UNIT ( $, .STERADIAN. ) SOLID_ANGLE_UNIT ( ) );
#186 = CARTESIAN_POINT ( 'NONE',  ( 0.1437499999999999889, 0.5999999999999998668, 0.4000000000000002442 ) ) ;
#187 = CARTESIAN_POINT ( 'NONE',  ( 0.1437499999999999889, 0.1082629629591480985, 0.5633796998344894336 ) ) ;
#188 = EDGE_LOOP ( 'NONE', ( #791, #1411, #995, #211, #1593, #264, #1201, #1146 ) ) ;
#189 = EDGE_CURVE ( 'NONE', #277, #1538, #1311, .T. ) ;
#190 = CARTESIAN_POINT ( 'NONE',  ( 0.8000000000000000444, 0.1125714770170293672, -0.4400000000000000577 ) ) ;
#191 = CARTESIAN_POINT ( 'NONE',  ( -0.4000000000000000777, 0.1170383970658838008, -0.5480830596443687641 ) ) ;
#192 = FACE_OUTER_BOUND ( 'NONE', #1574, .T. ) ;
#193 =( NAMED_UNIT ( * ) SI_UNIT ( $, .STERADIAN. ) SOLID_ANGLE_UNIT ( ) );
#194 = DIRECTION ( 'NONE',  ( 0.0000000000000000000, -0.1240347345892124503, -0.9922778767136671840 ) ) ;
#195 = PLANE ( 'NONE',  #290 ) ;
#196 = EDGE_LOOP ( 'NONE', ( #1132, #517, #909, #1044 ) ) ;
#197 = CARTESIAN_POINT ( 'NONE',  ( 0.6000000000000000888, 0.1322154002426863539, -0.5392735105903891935 ) ) ;
#198 = FILL_AREA_STYLE ('',( #96 ) ) ;
#199 = STYLED_ITEM ( 'NONE', ( #762 ), #86 ) ;
#200 = EDGE_LOOP ( 'NONE', ( #1001, #562, #690, #806 ) ) ;
#201 = CARTESIAN_POINT ( 'NONE',  ( 0.8000000000000000444, 0.5000000000000000000, -0.4000000000000000222 ) ) ;
#202 = COLOUR_RGB ( '',0.2509803921568627416, 0.2509803921568627416, 0.2509803921568627416 ) ;
#203 = CARTESIAN_POINT ( 'NONE',  ( 0.8000000000000000444, 0.4760323333919390665, 0.4249786766616625022 ) ) ;
#204 = ADVANCED_FACE ( 'NONE', ( #1179 ), #794, .F. ) ;
#205 = CARTESIAN_POINT ( 'NONE',  ( 0.8000000000000000444, 0.1000000000000000056, 0.8000000000000000444 ) ) ;
#206 = ORIENTED_EDGE ( 'NONE', *, *, #1444, .T. ) ;
#207 = CIRCLE ( 'NONE', #1324, 0.1081753260074173051 ) ;
#208 = VECTOR ( 'NONE', #1641, 1000.000000000000000 ) ;
#209 = DIRECTION ( 'NONE',  ( 0.0000000000000000000, 0.0000000000000000000, 1.000000000000000000 ) ) ;
#210 = CYLINDRICAL_SURFACE ( 'NONE', #1387, 0.02500000000000006384 ) ;
#211 = ORIENTED_EDGE ( 'NONE', *, *, #563, .T. ) ;
#212 = EDGE_CURVE ( 'NONE', #760, #1072, #516, .T. ) ;
#213 = FACE_OUTER_BOUND ( 'NONE', #610, .T. ) ;
#214 = DIRECTION ( 'NONE',  ( -1.000000000000000000, -0.0000000000000000000, -0.0000000000000000000 ) ) ;
#215 = ORIENTED_EDGE ( 'NONE', *, *, #462, .F. ) ;
#216 = CARTESIAN_POINT ( 'NONE',  ( -0.1437499999999999889, 0.1125714770170293533, 0.4400000000000000577 ) ) ;
#217 = CARTESIAN_POINT ( 'NONE',  ( -0.4000000000000000777, 0.008928968544270693419, -0.5443077952110809692 ) ) ;
#218 = ORIENTED_EDGE ( 'NONE', *, *, #789, .F. ) ;
#219 = CARTESIAN_POINT ( 'NONE',  ( 0.7624999999999994005, 0.7999999999999951594, -0.3749999999999998890 ) ) ;
#220 = DIRECTION ( 'NONE',  ( -1.000000000000000000, 0.0000000000000000000, 1.355252715606881036E-16 ) ) ;
#221 = ORIENTED_EDGE ( 'NONE', *, *, #1189, .T. ) ;
#222 = PLANE ( 'NONE',  #823 ) ;
#223 = EDGE_CURVE ( 'NONE', #1334, #1596, #94, .T. ) ;
#224 = CARTESIAN_POINT ( 'NONE',  ( 0.8000000000000000444, 0.1332477336346254704, 0.5642521872520518400 ) ) ;
#225 = CARTESIAN_POINT ( 'NONE',  ( 0.8000000000000009326, 0.6000000000000063061, -0.3999999999999994116 ) ) ;
#226 = ORIENTED_EDGE ( 'NONE', *, *, #539, .F. ) ;
#227 = EDGE_CURVE ( 'NONE', #497, #1203, #1584, .T. ) ;
#228 = VECTOR ( 'NONE', #956, 1000.000000000000000 ) ;
#229 = DIRECTION ( 'NONE',  ( 1.000000000000000000, -0.0000000000000000000, -1.355252715606881036E-16 ) ) ;
#230 = VERTEX_POINT ( 'NONE', #522 ) ;
#231 = AXIS2_PLACEMENT_3D ( 'NONE', #21, #535, #1045 ) ;
#232 = STYLED_ITEM ( 'NONE', ( #1592 ), #1344 ) ;
#233 = FILL_AREA_STYLE ('',( #1413 ) ) ;
#234 = ORIENTED_EDGE ( 'NONE', *, *, #1108, .F. ) ;
#235 = FACE_OUTER_BOUND ( 'NONE', #368, .T. ) ;
#236 = LINE ( 'NONE', #889, #1125 ) ;
#237 = ORIENTED_EDGE ( 'NONE', *, *, #761, .T. ) ;
#238 = ORIENTED_EDGE ( 'NONE', *, *, #227, .T. ) ;
#239 = EDGE_CURVE ( 'NONE', #1372, #1453, #1042, .T. ) ;
#240 = PLANE ( 'NONE',  #1552 ) ;
#241 = CARTESIAN_POINT ( 'NONE',  ( 0.8000000000000000444, 0.4760323333919390665, -0.4249786766616625577 ) ) ;
#242 = DIRECTION ( 'NONE',  ( 0.0000000000000000000, -0.03489949670250142022, 0.9993908270190956511 ) ) ;
#243 = DIRECTION ( 'NONE',  ( 0.0000000000000000000, -0.9991470664665036416, -0.04129333567756608009 ) ) ;
#244 = CARTESIAN_POINT ( 'NONE',  ( 0.8000000000000000444, 0.4801616669596956433, -0.5248933833083128109 ) ) ;
#245 = ORIENTED_EDGE ( 'NONE', *, *, #45, .F. ) ;
#246 = ORIENTED_EDGE ( 'NONE', *, *, #811, .T. ) ;
#247 = CARTESIAN_POINT ( 'NONE',  ( 0.4000000000000000222, 0.4749999999999998668, -0.3999999999999999667 ) ) ;
#248 = DIRECTION ( 'NONE',  ( -1.000000000000000000, 0.0000000000000000000, 0.0000000000000000000 ) ) ;
#249 = ADVANCED_FACE ( 'NONE', ( #409 ), #1563, .F. ) ;
#250 = PLANE ( 'NONE',  #1383 ) ;
#251 = DIRECTION ( 'NONE',  ( -0.0000000000000000000, 0.0000000000000000000, 1.000000000000000000 ) ) ;
#252 = DIRECTION ( 'NONE',  ( 0.0000000000000000000, 0.0000000000000000000, 1.000000000000000000 ) ) ;
#253 = ORIENTED_EDGE ( 'NONE', *, *, #837, .F. ) ;
#254 = LINE ( 'NONE', #1010, #73 ) ;
#255 = EDGE_LOOP ( 'NONE', ( #93, #1375, #1395, #485 ) ) ;
#256 = AXIS2_PLACEMENT_3D ( 'NONE', #833, #1368, #68 ) ;
#257 = STYLED_ITEM ( 'NONE', ( #1532 ), #1219 ) ;
#258 = ADVANCED_FACE ( 'NONE', ( #546 ), #1357, .T. ) ;
#259 =( GEOMETRIC_REPRESENTATION_CONTEXT ( 3 ) GLOBAL_UNCERTAINTY_ASSIGNED_CONTEXT ( ( #1537 ) ) GLOBAL_UNIT_ASSIGNED_CONTEXT ( ( #1625, #348, #864 ) ) REPRESENTATION_CONTEXT ( 'NONE', 'WORKASPACE' ) );
#260 = DIRECTION ( 'NONE',  ( -1.000000000000000000, -0.0000000000000000000, -0.0000000000000000000 ) ) ;
#261 = PLANE ( 'NONE',  #960 ) ;
#262 = VERTEX_POINT ( 'NONE', #711 ) ;
#263 = DIRECTION ( 'NONE',  ( -1.354427132270235954E-16, -0.03489949670250142022, -0.9993908270190956511 ) ) ;
#264 = ORIENTED_EDGE ( 'NONE', *, *, #419, .T. ) ;
#265 = VECTOR ( 'NONE', #1365, 1000.000000000000000 ) ;
#266 = CARTESIAN_POINT ( 'NONE',  ( 0.8000000000000000444, -1.836909530733567551E-17, 0.8000000000000000444 ) ) ;
#267 = ORIENTED_EDGE ( 'NONE', *, *, #503, .T. ) ;
#268 = DIRECTION ( 'NONE',  ( 0.0000000000000000000, 0.9701425001453315433, 0.2425356250363347455 ) ) ;
#269 = ORIENTED_EDGE ( 'NONE', *, *, #731, .T. ) ;
#270 = CARTESIAN_POINT ( 'NONE',  ( 0.8000000000000000444, 0.4749999999999998668, 0.3999999999999999667 ) ) ;
#271 = APPLICATION_PROTOCOL_DEFINITION ( 'draft international standard', 'automotive_design', 1998, #1049 ) ;
#272 = FILL_AREA_STYLE_COLOUR ( '', #202 ) ;
#273 = ADVANCED_FACE ( 'NONE', ( #69 ), #60, .F. ) ;
#274 = DIRECTION ( 'NONE',  ( 0.2425356250363328026, -0.9701425001453319874, 0.0000000000000000000 ) ) ;
#275 = CARTESIAN_POINT ( 'NONE',  ( -0.4000000000000000777, 0.1125714770170293672, -0.4400000000000000577 ) ) ;
#276 = DIRECTION ( 'NONE',  ( -1.000000000000000000, 0.0000000000000000000, 0.0000000000000000000 ) ) ;
#277 = VERTEX_POINT ( 'NONE', #583 ) ;
#278 = AXIS2_PLACEMENT_3D ( 'NONE', #920, #515, #1693 ) ;
#279 = CARTESIAN_POINT ( 'NONE',  ( 0.8000000000000000444, 0.1082629629591480985, 0.5633796998344893225 ) ) ;
#280 = VERTEX_POINT ( 'NONE', #558 ) ;
#281 = EDGE_CURVE ( 'NONE', #37, #1633, #1059, .T. ) ;
#282 = CARTESIAN_POINT ( 'NONE',  ( 0.6000000000000000888, 0.0000000000000000000, -0.8000000000000001554 ) ) ;
#283 = AXIS2_PLACEMENT_3D ( 'NONE', #1624, #194, #323 ) ;
#284 = VECTOR ( 'NONE', #1233, 1000.000000000000000 ) ;
#285 = DIRECTION ( 'NONE',  ( -5.596290531348793156E-18, -0.9991470664665036416, -0.04129333567756608009 ) ) ;
#286 = VECTOR ( 'NONE', #1333, 1000.000000000000114 ) ;
#287 = SURFACE_SIDE_STYLE ('',( #927 ) ) ;
#288 = CARTESIAN_POINT ( 'NONE',  ( 0.4000000000000000222, 0.5999999999999998668, -0.4000000000000002442 ) ) ;
#289 = ORIENTED_EDGE ( 'NONE', *, *, #942, .T. ) ;
#290 = AXIS2_PLACEMENT_3D ( 'NONE', #594, #473, #1229 ) ;
#291 = DIRECTION ( 'NONE',  ( 2.168404344971010840E-16, 0.0000000000000000000, 1.000000000000000000 ) ) ;
#292 = EDGE_LOOP ( 'NONE', ( #524, #699, #1338, #1419 ) ) ;
#293 = ADVANCED_FACE ( 'NONE', ( #167 ), #1482, .F. ) ;
#294 = DIRECTION ( 'NONE',  ( -0.0000000000000000000, 1.000000000000000000, -0.0000000000000000000 ) ) ;
#295 = AXIS2_PLACEMENT_3D ( 'NONE', #247, #113, #1161 ) ;
#296 = PLANE ( 'NONE',  #1475 ) ;
#297 = FACE_OUTER_BOUND ( 'NONE', #1666, .T. ) ;
#298 = CARTESIAN_POINT ( 'NONE',  ( 0.1437499999999999889, 0.1082629629591480985, 0.5633796998344893225 ) ) ;
#299 = ORIENTED_EDGE ( 'NONE', *, *, #1047, .F. ) ;
#300 = ORIENTED_EDGE ( 'NONE', *, *, #65, .T. ) ;
#301 = CARTESIAN_POINT ( 'NONE',  ( -0.1437499999999999889, 0.0000000000000000000, 0.4000000000000002442 ) ) ;
#302 = FILL_AREA_STYLE_COLOUR ( '', #939 ) ;
#303 = ADVANCED_FACE ( 'NONE', ( #1610 ), #305, .F. ) ;
#304 =( LENGTH_UNIT ( ) NAMED_UNIT ( * ) SI_UNIT ( .MILLI., .METRE. ) );
#305 = PLANE ( 'NONE',  #1403 ) ;
#306 = LINE ( 'NONE', #819, #425 ) ;
#307 = EDGE_LOOP ( 'NONE', ( #245, #543, #154, #460 ) ) ;
#308 = CARTESIAN_POINT ( 'NONE',  ( 0.8000000000000000444, 0.1170383970658838008, -0.5480830596443687641 ) ) ;
#309 = DIRECTION ( 'NONE',  ( 5.596290531348819349E-18, -0.9991470664665036416, -0.04129333567756627438 ) ) ;
#310 = AXIS2_PLACEMENT_3D ( 'NONE', #1033, #17, #149 ) ;
#311 = DIRECTION ( 'NONE',  ( 0.0000000000000000000, 0.9991470664665036416, 0.04129333567756608009 ) ) ;
#312 = DIRECTION ( 'NONE',  ( 0.0000000000000000000, 0.0000000000000000000, 1.000000000000000000 ) ) ;
#313 = EDGE_CURVE ( 'NONE', #414, #230, #426, .T. ) ;
#314 = LINE ( 'NONE', #984, #1268 ) ;
#315 = CIRCLE ( 'NONE', #749, 0.02500000000000006384 ) ;
#316 = CIRCLE ( 'NONE', #16, 0.02500000000000006384 ) ;
#317 = UNCERTAINTY_MEASURE_WITH_UNIT (LENGTH_MEASURE( 1.000000000000000082E-05 ), #304, 'distance_accuracy_value', 'NONE');
#318 = CARTESIAN_POINT ( 'NONE',  ( -0.4000000000000000777, 0.4749999999999998668, -0.3999999999999999667 ) ) ;
#319 = ORIENTED_EDGE ( 'NONE', *, *, #114, .F. ) ;
#320 = COLOUR_RGB ( '',0.2509803921568627416, 0.2509803921568627416, 0.2509803921568627416 ) ;
#321 = DIRECTION ( 'NONE',  ( -1.000000000000000000, -0.0000000000000000000, -0.0000000000000000000 ) ) ;
#322 = CARTESIAN_POINT ( 'NONE',  ( -0.4000000000000000222, 0.0000000000000000000, -0.4000000000000002442 ) ) ;
#323 = DIRECTION ( 'NONE',  ( 0.0000000000000000000, 0.9922778767136670730, -0.1240347345892124364 ) ) ;
#324 = ADVANCED_FACE ( 'NONE', ( #297 ), #184, .F. ) ;
#325 = CARTESIAN_POINT ( 'NONE',  ( -0.6000000000000001998, 0.1125714770170293672, -0.4400000000000000577 ) ) ;
#326 = EDGE_LOOP ( 'NONE', ( #1669, #1056, #1435, #876 ) ) ;
#327 = DIRECTION ( 'NONE',  ( 0.0000000000000000000, -0.0000000000000000000, 1.000000000000000000 ) ) ;
#328 = VERTEX_POINT ( 'NONE', #1246 ) ;
#329 = ADVANCED_FACE ( 'NONE', ( #710 ), #1639, .F. ) ;
#330 = CARTESIAN_POINT ( 'NONE',  ( 0.4000000000000000222, 0.4749999999999998668, -0.3999999999999999667 ) ) ;
#331 = ORIENTED_EDGE ( 'NONE', *, *, #1548, .T. ) ;
#332 = FILL_AREA_STYLE_COLOUR ( '', #900 ) ;
#333 = LINE ( 'NONE', #726, #1380 ) ;
#334 = ADVANCED_FACE ( 'NONE', ( #825 ), #84, .F. ) ;
#335 = CARTESIAN_POINT ( 'NONE',  ( 0.1437499999999999889, 0.4760323333919390665, 0.4249786766616625577 ) ) ;
#336 = LINE ( 'NONE', #793, #361 ) ;
#337 = PLANE ( 'NONE',  #906 ) ;
#338 = CARTESIAN_POINT ( 'NONE',  ( 0.7000000000000009548, 0.1000000000000028089, 0.2999999999999999334 ) ) ;
#339 = DIRECTION ( 'NONE',  ( -1.354427132270236200E-16, 0.03489949670250157288, -0.9993908270190956511 ) ) ;
#340 = ORIENTED_EDGE ( 'NONE', *, *, #974, .F. ) ;
#341 = AXIS2_PLACEMENT_3D ( 'NONE', #191, #155, #1221 ) ;
#342 = CIRCLE ( 'NONE', #1040, 0.02500000000000006384 ) ;
#343 = DIRECTION ( 'NONE',  ( 1.000000000000000000, 0.0000000000000000000, -0.0000000000000000000 ) ) ;
#344 = VECTOR ( 'NONE', #168, 1000.000000000000000 ) ;
#345 = ADVANCED_FACE ( 'NONE', ( #213 ), #337, .F. ) ;
#346 = VERTEX_POINT ( 'NONE', #1384 ) ;
#347 = DIRECTION ( 'NONE',  ( 0.0000000000000000000, 0.03489949670250157288, 0.9993908270190956511 ) ) ;
#348 =( NAMED_UNIT ( * ) PLANE_ANGLE_UNIT ( ) SI_UNIT ( $, .RADIAN. ) );
#349 = PLANE ( 'NONE',  #1213 ) ;
#350 = ORIENTED_EDGE ( 'NONE', *, *, #948, .F. ) ;
#351 = EDGE_CURVE ( 'NONE', #1391, #131, #1378, .T. ) ;
#352 = LINE ( 'NONE', #458, #720 ) ;
#353 = ORIENTED_EDGE ( 'NONE', *, *, #944, .F. ) ;
#354 = CARTESIAN_POINT ( 'NONE',  ( 0.8000000000000000444, 0.1082629629591480985, -0.5633796998344893225 ) ) ;
#355 = DIRECTION ( 'NONE',  ( 1.000000000000000000, 0.0000000000000000000, 5.421010862427523156E-16 ) ) ;
#356 = EDGE_CURVE ( 'NONE', #103, #808, #1488, .T. ) ;
#357 = CARTESIAN_POINT ( 'NONE',  ( -0.6000000000000000888, 0.0000000000000000000, -0.8000000000000001554 ) ) ;
#358 = ORIENTED_EDGE ( 'NONE', *, *, #178, .T. ) ;
#359 = FACE_OUTER_BOUND ( 'NONE', #1547, .T. ) ;
#360 = VERTEX_POINT ( 'NONE', #1014 ) ;
#361 = VECTOR ( 'NONE', #911, 1000.000000000000000 ) ;
#362 = ORIENTED_EDGE ( 'NONE', *, *, #550, .F. ) ;
#363 = CYLINDRICAL_SURFACE ( 'NONE', #850, 0.02500000000000006384 ) ;
#364 = DIRECTION ( 'NONE',  ( -0.0000000000000000000, 1.000000000000000000, -0.0000000000000000000 ) ) ;
#365 = ADVANCED_FACE ( 'NONE', ( #489 ), #363, .F. ) ;
#366 = AXIS2_PLACEMENT_3D ( 'NONE', #838, #89, #857 ) ;
#367 = FILL_AREA_STYLE ('',( #1269 ) ) ;
#368 = EDGE_LOOP ( 'NONE', ( #724, #1540, #1193, #967 ) ) ;
#369 = AXIS2_PLACEMENT_3D ( 'NONE', #1369, #1489, #312 ) ;
#370 = AXIS2_PLACEMENT_3D ( 'NONE', #1251, #597, #209 ) ;
#371 = FACE_OUTER_BOUND ( 'NONE', #160, .T. ) ;
#372 = ORIENTED_EDGE ( 'NONE', *, *, #223, .T. ) ;
#373 = AXIS2_PLACEMENT_3D ( 'NONE', #279, #674, #865 ) ;
#374 = PRESENTATION_LAYER_ASSIGNMENT (  '', '', ( #532 ) ) ;
#375 = FILL_AREA_STYLE ('',( #272 ) ) ;
#376 = CARTESIAN_POINT ( 'NONE',  ( -0.7000000000000009548, 0.1000000000000028227, -0.3000000000000000444 ) ) ;
#377 = LINE ( 'NONE', #118, #697 ) ;
#378 = LINE ( 'NONE', #715, #770 ) ;
#379 = LINE ( 'NONE', #649, #125 ) ;
#380 = ORIENTED_EDGE ( 'NONE', *, *, #993, .T. ) ;
#381 = CARTESIAN_POINT ( 'NONE',  ( 0.8000000000000000444, 0.1000000000000000056, -0.8000000000000000444 ) ) ;
#382 = ORIENTED_EDGE ( 'NONE', *, *, #1469, .F. ) ;
#383 = EDGE_CURVE ( 'NONE', #664, #1400, #744, .T. ) ;
#384 = CARTESIAN_POINT ( 'NONE',  ( 0.7624999999999994005, 0.7999999999999951594, -0.8000000000000001554 ) ) ;
#385 = EDGE_LOOP ( 'NONE', ( #873, #81, #606, #63 ) ) ;
#386 = DIRECTION ( 'NONE',  ( 0.0000000000000000000, 0.0000000000000000000, 1.000000000000000000 ) ) ;
#387 = VERTEX_POINT ( 'NONE', #1667 ) ;
#388 = EDGE_CURVE ( 'NONE', #856, #1372, #496, .T. ) ;
#389 =( NAMED_UNIT ( * ) PLANE_ANGLE_UNIT ( ) SI_UNIT ( $, .RADIAN. ) );
#390 = SURFACE_STYLE_FILL_AREA ( #375 ) ;
#391 = CARTESIAN_POINT ( 'NONE',  ( -0.7000000000000009548, 0.1000000000000028089, 0.2999999999999999334 ) ) ;
#392 = CARTESIAN_POINT ( 'NONE',  ( 0.8000000000000000444, 0.1000000000000000056, -0.8000000000000000444 ) ) ;
#393 = DIRECTION ( 'NONE',  ( -0.0000000000000000000, 1.000000000000000000, -0.0000000000000000000 ) ) ;
#394 = EDGE_LOOP ( 'NONE', ( #428, #1116, #1636, #675, #1665, #1136 ) ) ;
#395 = EDGE_LOOP ( 'NONE', ( #599, #1257, #836, #1292 ) ) ;
#396 = AXIS2_PLACEMENT_3D ( 'NONE', #1191, #1499, #451 ) ;
#397 = DIRECTION ( 'NONE',  ( -1.000000000000000000, -0.0000000000000000000, -0.0000000000000000000 ) ) ;
#398 = VECTOR ( 'NONE', #816, 1000.000000000000000 ) ;
#399 = VECTOR ( 'NONE', #1371, 1000.000000000000000 ) ;
#400 = CARTESIAN_POINT ( 'NONE',  ( -0.6000000000000000888, 0.0000000000000000000, -0.8000000000000001554 ) ) ;
#401 = AXIS2_PLACEMENT_3D ( 'NONE', #787, #411, #276 ) ;
#402 = DIRECTION ( 'NONE',  ( 0.0000000000000000000, 0.03489949670250142022, 0.9993908270190956511 ) ) ;
#403 = ORIENTED_EDGE ( 'NONE', *, *, #638, .F. ) ;
#404 = CARTESIAN_POINT ( 'NONE',  ( -0.6000000000000000888, 0.09999999999999997780, -0.8000000000000001554 ) ) ;
#405 = ORIENTED_EDGE ( 'NONE', *, *, #687, .F. ) ;
#406 = EDGE_CURVE ( 'NONE', #1156, #230, #1316, .T. ) ;
#407 = PLANE ( 'NONE',  #1065 ) ;
#408 = CARTESIAN_POINT ( 'NONE',  ( 0.8000000000000000444, 0.4801616669596956433, -0.5248933833083128109 ) ) ;
#409 = FACE_OUTER_BOUND ( 'NONE', #188, .T. ) ;
#410 = ADVANCED_FACE ( 'NONE', ( #996 ), #144, .F. ) ;
#411 = DIRECTION ( 'NONE',  ( -0.0000000000000000000, 0.0000000000000000000, -1.000000000000000000 ) ) ;
#412 = ORIENTED_EDGE ( 'NONE', *, *, #654, .T. ) ;
#413 = CARTESIAN_POINT ( 'NONE',  ( -0.6000000000000001998, 0.008928968544270698623, -0.5443077952110808582 ) ) ;
#414 = VERTEX_POINT ( 'NONE', #101 ) ;
#415 = CARTESIAN_POINT ( 'NONE',  ( -0.6000000000000000888, 0.5000000000000008882, -0.4000000000000001887 ) ) ;
#416 = SHAPE_DEFINITION_REPRESENTATION ( #1289, #132 ) ;
#417 = CARTESIAN_POINT ( 'NONE',  ( 0.4000000000000000222, 0.0000000000000000000, -0.4000000000000002442 ) ) ;
#418 = ORIENTED_EDGE ( 'NONE', *, *, #50, .T. ) ;
#419 = EDGE_CURVE ( 'NONE', #180, #869, #618, .T. ) ;
#420 = DIRECTION ( 'NONE',  ( 0.0000000000000000000, -0.9993908270190957621, 0.03489949670250157981 ) ) ;
#421 = EDGE_LOOP ( 'NONE', ( #1509, #88, #218, #1604 ) ) ;
#422 = LINE ( 'NONE', #1479, #1681 ) ;
#423 = SURFACE_STYLE_FILL_AREA ( #1317 ) ;
#424 =( GEOMETRIC_REPRESENTATION_CONTEXT ( 3 ) GLOBAL_UNCERTAINTY_ASSIGNED_CONTEXT ( ( #317 ) ) GLOBAL_UNIT_ASSIGNED_CONTEXT ( ( #304, #468, #1075 ) ) REPRESENTATION_CONTEXT ( 'NONE', 'WORKASPACE' ) );
#425 = VECTOR ( 'NONE', #55, 1000.000000000000000 ) ;
#426 = LINE ( 'NONE', #937, #1260 ) ;
#427 = FACE_OUTER_BOUND ( 'NONE', #22, .T. ) ;
#428 = ORIENTED_EDGE ( 'NONE', *, *, #383, .F. ) ;
#429 = VECTOR ( 'NONE', #1099, 1000.000000000000114 ) ;
#430 = CARTESIAN_POINT ( 'NONE',  ( 0.7000000000000009548, 0.1000000000000027811, -0.2999999999999999889 ) ) ;
#431 = ORIENTED_EDGE ( 'NONE', *, *, #1422, .T. ) ;
#432 = CARTESIAN_POINT ( 'NONE',  ( -0.6000000000000001998, 0.1082629629591480430, -0.5633796998344893225 ) ) ;
#433 = EDGE_CURVE ( 'NONE', #501, #277, #1407, .T. ) ;
#434 = AXIS2_PLACEMENT_3D ( 'NONE', #408, #531, #1190 ) ;
#435 = PLANE ( 'NONE',  #434 ) ;
#436 = DIRECTION ( 'NONE',  ( 1.000000000000000000, 0.0000000000000000000, 0.0000000000000000000 ) ) ;
#437 = DIRECTION ( 'NONE',  ( 1.000000000000000000, 0.0000000000000000000, -0.0000000000000000000 ) ) ;
#438 = CARTESIAN_POINT ( 'NONE',  ( 0.1437499999999999889, 0.4749999999999998668, 0.3999999999999999667 ) ) ;
#439 = ORIENTED_EDGE ( 'NONE', *, *, #974, .T. ) ;
#440 = CARTESIAN_POINT ( 'NONE',  ( 0.8000000000000000444, 0.4999999999999998890, -0.8000000000000001554 ) ) ;
#441 = ADVANCED_FACE ( 'NONE', ( #235 ), #1523, .T. ) ;
#442 =( NAMED_UNIT ( * ) SI_UNIT ( $, .STERADIAN. ) SOLID_ANGLE_UNIT ( ) );
#443 = FILL_AREA_STYLE_COLOUR ( '', #1461 ) ;
#444 = DIRECTION ( 'NONE',  ( 0.0000000000000000000, -0.0000000000000000000, -1.000000000000000000 ) ) ;
#445 = DIRECTION ( 'NONE',  ( -0.2357022603955155615, 0.9428090415820630232, 0.2357022603955175877 ) ) ;
#446 = VERTEX_POINT ( 'NONE', #376 ) ;
#447 = CARTESIAN_POINT ( 'NONE',  ( -0.6000000000000001998, 0.4760323333919390110, -0.4249786766616625022 ) ) ;
#448 = CARTESIAN_POINT ( 'NONE',  ( 0.7630681818181812570, 0.7954545454545404182, -0.3755681818181818565 ) ) ;
#449 = STYLED_ITEM ( 'NONE', ( #679 ), #273 ) ;
#450 = STYLED_ITEM ( 'NONE', ( #872 ), #750 ) ;
#451 = DIRECTION ( 'NONE',  ( 0.0000000000000000000, -0.9922778767136670730, -0.1240347345892124364 ) ) ;
#452 = DIRECTION ( 'NONE',  ( 0.0000000000000000000, 0.0000000000000000000, -1.000000000000000000 ) ) ;
#453 = AXIS2_PLACEMENT_3D ( 'NONE', #682, #940, #268 ) ;
#454 = MECHANICAL_DESIGN_GEOMETRIC_PRESENTATION_REPRESENTATION (  '', ( #532 ), #644 ) ;
#455 = LINE ( 'NONE', #87, #502 ) ;
#456 = ORIENTED_EDGE ( 'NONE', *, *, #1198, .F. ) ;
#457 = EDGE_CURVE ( 'NONE', #35, #1412, #636, .T. ) ;
#458 = CARTESIAN_POINT ( 'NONE',  ( -0.6000000000000000888, 0.0000000000000000000, -0.4000000000000001887 ) ) ;
#459 =( LENGTH_UNIT ( ) NAMED_UNIT ( * ) SI_UNIT ( .MILLI., .METRE. ) );
#460 = ORIENTED_EDGE ( 'NONE', *, *, #572, .T. ) ;
#461 = VECTOR ( 'NONE', #695, 1000.000000000000000 ) ;
#462 = EDGE_CURVE ( 'NONE', #830, #596, #1554, .T. ) ;
#463 = LINE ( 'NONE', #835, #208 ) ;
#464 = ORIENTED_EDGE ( 'NONE', *, *, #678, .T. ) ;
#465 = DIRECTION ( 'NONE',  ( -1.354427132270235954E-16, 0.03489949670250142022, 0.9993908270190956511 ) ) ;
#466 = PRESENTATION_STYLE_ASSIGNMENT (( #565 ) ) ;
#467 = ORIENTED_EDGE ( 'NONE', *, *, #1177, .F. ) ;
#468 =( NAMED_UNIT ( * ) PLANE_ANGLE_UNIT ( ) SI_UNIT ( $, .RADIAN. ) );
#469 = ORIENTED_EDGE ( 'NONE', *, *, #1670, .T. ) ;
#470 = ADVANCED_FACE ( 'NONE', ( #1255 ), #407, .F. ) ;
#471 = DIRECTION ( 'NONE',  ( -1.000000000000000000, -0.0000000000000000000, 0.0000000000000000000 ) ) ;
#472 = ORIENTED_EDGE ( 'NONE', *, *, #738, .F. ) ;
#473 = DIRECTION ( 'NONE',  ( 1.000000000000000000, 0.0000000000000000000, -0.0000000000000000000 ) ) ;
#474 = STYLED_ITEM ( 'NONE', ( #1425 ), #249 ) ;
#475 = CARTESIAN_POINT ( 'NONE',  ( 0.8000000000000000444, 0.4999999999999976130, -0.3999999999999994116 ) ) ;
#476 = VERTEX_POINT ( 'NONE', #219 ) ;
#477 = VECTOR ( 'NONE', #347, 1000.000000000000000 ) ;
#478 = VECTOR ( 'NONE', #758, 1000.000000000000000 ) ;
#479 = CARTESIAN_POINT ( 'NONE',  ( -0.6000000000000001998, 0.1170383970658838008, -0.5480830596443687641 ) ) ;
#480 = MECHANICAL_DESIGN_GEOMETRIC_PRESENTATION_REPRESENTATION (  '', ( #1096 ), #586 ) ;
#481 = EDGE_CURVE ( 'NONE', #514, #1550, #91, .T. ) ;
#482 = ORIENTED_EDGE ( 'NONE', *, *, #614, .F. ) ;
#483 = LINE ( 'NONE', #39, #1263 ) ;
#484 = CARTESIAN_POINT ( 'NONE',  ( -0.8000000000000000444, 0.0000000000000000000, -0.4000000000000002998 ) ) ;
#485 = ORIENTED_EDGE ( 'NONE', *, *, #148, .T. ) ;
#486 = VERTEX_POINT ( 'NONE', #1662 ) ;
#487 = ORIENTED_EDGE ( 'NONE', *, *, #135, .T. ) ;
#488 = EDGE_CURVE ( 'NONE', #1170, #890, #483, .T. ) ;
#489 = FACE_OUTER_BOUND ( 'NONE', #1348, .T. ) ;
#490 = UNCERTAINTY_MEASURE_WITH_UNIT (LENGTH_MEASURE( 1.000000000000000082E-05 ), #1591, 'distance_accuracy_value', 'NONE');
#491 = VERTEX_POINT ( 'NONE', #23 ) ;
#492 = DIRECTION ( 'NONE',  ( 0.0000000000000000000, -0.9991470664665036416, 0.04129333567756608009 ) ) ;
#493 = ORIENTED_EDGE ( 'NONE', *, *, #687, .T. ) ;
#494 = VECTOR ( 'NONE', #1423, 1000.000000000000000 ) ;
#495 = DIRECTION ( 'NONE',  ( -1.000000000000000000, -0.0000000000000000000, -0.0000000000000000000 ) ) ;
#496 = LINE ( 'NONE', #756, #123 ) ;
#497 = VERTEX_POINT ( 'NONE', #282 ) ;
#498 = AXIS2_PLACEMENT_3D ( 'NONE', #322, #566, #961 ) ;
#499 = VECTOR ( 'NONE', #1505, 1000.000000000000000 ) ;
#500 = CARTESIAN_POINT ( 'NONE',  ( 0.8000000000000000444, 0.4749999999999998668, 0.3999999999999999667 ) ) ;
#501 = VERTEX_POINT ( 'NONE', #1204 ) ;
#502 = VECTOR ( 'NONE', #713, 1000.000000000000000 ) ;
#503 = EDGE_CURVE ( 'NONE', #262, #890, #564, .T. ) ;
#504 = AXIS2_PLACEMENT_3D ( 'NONE', #921, #1330, #1206 ) ;
#505 =( LENGTH_UNIT ( ) NAMED_UNIT ( * ) SI_UNIT ( .MILLI., .METRE. ) );
#506 =( LENGTH_UNIT ( ) NAMED_UNIT ( * ) SI_UNIT ( .MILLI., .METRE. ) );
#507 = DIRECTION ( 'NONE',  ( -1.000000000000000000, -0.0000000000000000000, -0.0000000000000000000 ) ) ;
#508 = SURFACE_SIDE_STYLE ('',( #769 ) ) ;
#509 = SURFACE_SIDE_STYLE ('',( #1687 ) ) ;
#510 = EDGE_LOOP ( 'NONE', ( #941, #994, #1492, #617, #253, #412, #673, #122, #992, #215 ) ) ;
#511 = EDGE_CURVE ( 'NONE', #387, #760, #1601, .T. ) ;
#512 =( GEOMETRIC_REPRESENTATION_CONTEXT ( 3 ) GLOBAL_UNCERTAINTY_ASSIGNED_CONTEXT ( ( #627 ) ) GLOBAL_UNIT_ASSIGNED_CONTEXT ( ( #520, #1032, #1451 ) ) REPRESENTATION_CONTEXT ( 'NONE', 'WORKASPACE' ) );
#513 = DIRECTION ( 'NONE',  ( -1.000000000000000000, -0.0000000000000000000, -0.0000000000000000000 ) ) ;
#514 = VERTEX_POINT ( 'NONE', #163 ) ;
#515 = DIRECTION ( 'NONE',  ( -1.000000000000000000, -0.0000000000000000000, -0.0000000000000000000 ) ) ;
#516 = LINE ( 'NONE', #275, #1568 ) ;
#517 = ORIENTED_EDGE ( 'NONE', *, *, #1258, .T. ) ;
#518 = CARTESIAN_POINT ( 'NONE',  ( 0.8000000000000000444, 0.4999999999999998890, -0.4000000000000002998 ) ) ;
#519 = ORIENTED_EDGE ( 'NONE', *, *, #738, .T. ) ;
#520 =( LENGTH_UNIT ( ) NAMED_UNIT ( * ) SI_UNIT ( .MILLI., .METRE. ) );
#521 = EDGE_CURVE ( 'NONE', #760, #1061, #1329, .T. ) ;
#522 = CARTESIAN_POINT ( 'NONE',  ( 0.4000000000000000222, 0.4801616669596956433, -0.5248933833083128109 ) ) ;
#523 = CARTESIAN_POINT ( 'NONE',  ( 0.3999999999999999667, 0.0000000000000000000, -0.8000000000000001554 ) ) ;
#524 = ORIENTED_EDGE ( 'NONE', *, *, #1432, .T. ) ;
#525 = CARTESIAN_POINT ( 'NONE',  ( 0.8000000000000000444, 0.4749999999999998668, -0.3999999999999999667 ) ) ;
#526 = ORIENTED_EDGE ( 'NONE', *, *, #1208, .T. ) ;
#527 = VECTOR ( 'NONE', #402, 1000.000000000000000 ) ;
#528 = VECTOR ( 'NONE', #1284, 1000.000000000000000 ) ;
#529 = ADVANCED_FACE ( 'NONE', ( #934 ), #925, .T. ) ;
#530 = VECTOR ( 'NONE', #1426, 1000.000000000000000 ) ;
#531 = DIRECTION ( 'NONE',  ( 0.0000000000000000000, -0.04129333567756627438, 0.9991470664665036416 ) ) ;
#532 = STYLED_ITEM ( 'NONE', ( #903 ), #1510 ) ;
#533 = CARTESIAN_POINT ( 'NONE',  ( -0.8514423076923089972, 0.08846153846154154732, 0.4000000000000002442 ) ) ;
#534 = EDGE_LOOP ( 'NONE', ( #1642, #464, #1619, #1565 ) ) ;
#535 = DIRECTION ( 'NONE',  ( -1.000000000000000000, 0.0000000000000000000, 0.0000000000000000000 ) ) ;
#536 = ORIENTED_EDGE ( 'NONE', *, *, #388, .T. ) ;
#537 = DIRECTION ( 'NONE',  ( -1.000000000000000000, -0.0000000000000000000, -0.0000000000000000000 ) ) ;
#538 = SURFACE_STYLE_USAGE ( .BOTH. , #133 ) ;
#539 = EDGE_CURVE ( 'NONE', #767, #603, #832, .T. ) ;
#540 = FACE_OUTER_BOUND ( 'NONE', #255, .T. ) ;
#541 = ORIENTED_EDGE ( 'NONE', *, *, #223, .F. ) ;
#542 = DIRECTION ( 'NONE',  ( 0.0000000000000000000, 0.9991470664665036416, 0.04129333567756627438 ) ) ;
#543 = ORIENTED_EDGE ( 'NONE', *, *, #1154, .T. ) ;
#544 = LINE ( 'NONE', #810, #1005 ) ;
#545 = FILL_AREA_STYLE_COLOUR ( '', #152 ) ;
#546 = FACE_OUTER_BOUND ( 'NONE', #1448, .T. ) ;
#547 = FILL_AREA_STYLE ('',( #559 ) ) ;
#548 = ORIENTED_EDGE ( 'NONE', *, *, #1520, .F. ) ;
#549 = STYLED_ITEM ( 'NONE', ( #1655 ), #106 ) ;
#550 = EDGE_CURVE ( 'NONE', #262, #1181, #57, .T. ) ;
#551 = CARTESIAN_POINT ( 'NONE',  ( 0.4000000000000000222, 0.4999999999999998890, -0.4000000000000002442 ) ) ;
#552 = ORIENTED_EDGE ( 'NONE', *, *, #1117, .F. ) ;
#553 = DIRECTION ( 'NONE',  ( -1.000000000000000000, -0.0000000000000000000, 1.355252715606880789E-16 ) ) ;
#554 = PRESENTATION_LAYER_ASSIGNMENT (  '', '', ( #954 ) ) ;
#555 = MECHANICAL_DESIGN_GEOMETRIC_PRESENTATION_REPRESENTATION (  '', ( #450 ), #1572 ) ;
#556 = SURFACE_STYLE_FILL_AREA ( #1590 ) ;
#557 = PRESENTATION_LAYER_ASSIGNMENT (  '', '', ( #257 ) ) ;
#558 = CARTESIAN_POINT ( 'NONE',  ( -0.3999999999999999667, 0.1000000000000000056, -0.8000000000000001554 ) ) ;
#559 = FILL_AREA_STYLE_COLOUR ( '', #669 ) ;
#560 = VECTOR ( 'NONE', #1452, 1000.000000000000114 ) ;
#561 = LINE ( 'NONE', #1209, #1234 ) ;
#562 = ORIENTED_EDGE ( 'NONE', *, *, #837, .T. ) ;
#563 = EDGE_CURVE ( 'NONE', #491, #1308, #947, .T. ) ;
#564 = LINE ( 'NONE', #301, #1092 ) ;
#565 = SURFACE_STYLE_USAGE ( .BOTH. , #49 ) ;
#566 = DIRECTION ( 'NONE',  ( -1.000000000000000000, 0.0000000000000000000, -1.355252715606880789E-16 ) ) ;
#567 = SURFACE_STYLE_FILL_AREA ( #53 ) ;
#568 = ORIENTED_EDGE ( 'NONE', *, *, #1074, .T. ) ;
#569 = CARTESIAN_POINT ( 'NONE',  ( 0.8000000000000000444, 0.4999999999999998890, 0.4000000000000001887 ) ) ;
#570 =( NAMED_UNIT ( * ) SI_UNIT ( $, .STERADIAN. ) SOLID_ANGLE_UNIT ( ) );
#571 = PRESENTATION_STYLE_ASSIGNMENT (( #637 ) ) ;
#572 = EDGE_CURVE ( 'NONE', #1538, #414, #1464, .T. ) ;
#573 = CLOSED_SHELL ( 'NONE', ( #847, #1583, #324, #249, #1344, #273, #1510, #1336, #441, #1252, #303, #470, #1529, #1569, #258, #1374, #1634, #631, #660, #204, #979, #1644, #1247, #529, #768, #334, #365, #998, #1123, #1480, #33, #799, #410, #778, #128, #1393, #1686, #345, #329, #293, #1283, #1605, #1367, #1062, #106, #1541, #750, #86 ) ) ;
#574 = DIRECTION ( 'NONE',  ( 0.0000000000000000000, 0.0000000000000000000, 1.000000000000000000 ) ) ;
#575 = ORIENTED_EDGE ( 'NONE', *, *, #1657, .F. ) ;
#576 = CARTESIAN_POINT ( 'NONE',  ( 0.6000000000000000888, 0.0000000000000000000, -0.4000000000000002442 ) ) ;
#577 = MECHANICAL_DESIGN_GEOMETRIC_PRESENTATION_REPRESENTATION (  '', ( #549 ), #171 ) ;
#578 = DIRECTION ( 'NONE',  ( -1.000000000000000000, -0.0000000000000000000, -0.0000000000000000000 ) ) ;
#579 = EDGE_LOOP ( 'NONE', ( #1241, #269, #633, #1586 ) ) ;
#580 =( GEOMETRIC_REPRESENTATION_CONTEXT ( 3 ) GLOBAL_UNCERTAINTY_ASSIGNED_CONTEXT ( ( #490 ) ) GLOBAL_UNIT_ASSIGNED_CONTEXT ( ( #1591, #888, #1298 ) ) REPRESENTATION_CONTEXT ( 'NONE', 'WORKASPACE' ) );
#581 = EDGE_CURVE ( 'NONE', #486, #514, #172, .T. ) ;
#582 = SURFACE_STYLE_FILL_AREA ( #1239 ) ;
#583 = CARTESIAN_POINT ( 'NONE',  ( 0.3999999999999999667, 0.09999999999999997780, -0.8000000000000001554 ) ) ;
#584 = CARTESIAN_POINT ( 'NONE',  ( 0.8000000000000000444, 0.1125714770170293672, -0.4400000000000000577 ) ) ;
#585 = VECTOR ( 'NONE', #945, 1000.000000000000000 ) ;
#586 =( GEOMETRIC_REPRESENTATION_CONTEXT ( 3 ) GLOBAL_UNCERTAINTY_ASSIGNED_CONTEXT ( ( #1502 ) ) GLOBAL_UNIT_ASSIGNED_CONTEXT ( ( #1474, #27, #1445 ) ) REPRESENTATION_CONTEXT ( 'NONE', 'WORKASPACE' ) );
#587 = CARTESIAN_POINT ( 'NONE',  ( 0.8000000000000000444, 0.4999999999999998890, 0.4000000000000000222 ) ) ;
#588 = ORIENTED_EDGE ( 'NONE', *, *, #1306, .T. ) ;
#589 = DIRECTION ( 'NONE',  ( 0.0000000000000000000, 0.0000000000000000000, -1.000000000000000000 ) ) ;
#590 = DIRECTION ( 'NONE',  ( -0.0000000000000000000, 1.000000000000000000, -0.0000000000000000000 ) ) ;
#591 = EDGE_LOOP ( 'NONE', ( #1485, #871, #990, #1138 ) ) ;
#592 = COLOUR_RGB ( '',0.2509803921568627416, 0.2509803921568627416, 0.2509803921568627416 ) ;
#593 = EDGE_CURVE ( 'NONE', #1690, #623, #1066, .T. ) ;
#594 = CARTESIAN_POINT ( 'NONE',  ( -0.6000000000000000888, 0.0000000000000000000, -0.8000000000000001554 ) ) ;
#595 = CARTESIAN_POINT ( 'NONE',  ( 0.8000000000000001554, 0.5000000000000000000, 0.4000000000000000222 ) ) ;
#596 = VERTEX_POINT ( 'NONE', #432 ) ;
#597 = DIRECTION ( 'NONE',  ( 1.000000000000000000, 0.0000000000000000000, 1.355252715606880789E-16 ) ) ;
#598 = DIRECTION ( 'NONE',  ( 1.000000000000000000, 0.0000000000000000000, -2.710505431213761578E-16 ) ) ;
#599 = ORIENTED_EDGE ( 'NONE', *, *, #593, .T. ) ;
#600 = SURFACE_STYLE_USAGE ( .BOTH. , #1097 ) ;
#601 = DIRECTION ( 'NONE',  ( 1.000000000000000000, -0.0000000000000000000, -0.0000000000000000000 ) ) ;
#602 = DIRECTION ( 'NONE',  ( 0.0000000000000000000, 0.0000000000000000000, -1.000000000000000000 ) ) ;
#603 = VERTEX_POINT ( 'NONE', #569 ) ;
#604 = EDGE_CURVE ( 'NONE', #476, #728, #422, .T. ) ;
#605 =( NAMED_UNIT ( * ) SI_UNIT ( $, .STERADIAN. ) SOLID_ANGLE_UNIT ( ) );
#606 = ORIENTED_EDGE ( 'NONE', *, *, #654, .F. ) ;
#607 = CARTESIAN_POINT ( 'NONE',  ( -0.1437499999999999889, 0.4801616669596956433, 0.5248933833083128109 ) ) ;
#608 = AXIS2_PLACEMENT_3D ( 'NONE', #392, #251, #922 ) ;
#609 = DIRECTION ( 'NONE',  ( 1.000000000000000000, 0.0000000000000000000, 1.355252715606881036E-16 ) ) ;
#610 = EDGE_LOOP ( 'NONE', ( #382, #469, #206, #110 ) ) ;
#611 = CIRCLE ( 'NONE', #370, 0.02500000000000006384 ) ;
#612 = COLOUR_RGB ( '',0.2509803921568627416, 0.2509803921568627416, 0.2509803921568627416 ) ;
#613 = SURFACE_STYLE_FILL_AREA ( #198 ) ;
#614 = EDGE_CURVE ( 'NONE', #662, #360, #1486, .T. ) ;
#615 = COLOUR_RGB ( '',0.2509803921568627416, 0.2509803921568627416, 0.2509803921568627416 ) ;
#616 =( LENGTH_UNIT ( ) NAMED_UNIT ( * ) SI_UNIT ( .MILLI., .METRE. ) );
#617 = ORIENTED_EDGE ( 'NONE', *, *, #166, .F. ) ;
#618 = LINE ( 'NONE', #1536, #42 ) ;
#619 = CARTESIAN_POINT ( 'NONE',  ( -0.8000000000000000444, 0.4999999999999998890, -0.4000000000000002998 ) ) ;
#620 = CARTESIAN_POINT ( 'NONE',  ( 0.8000000000000000444, -1.836909530733567551E-17, -0.8000000000000000444 ) ) ;
#621 = ORIENTED_EDGE ( 'NONE', *, *, #356, .T. ) ;
#622 =( LENGTH_UNIT ( ) NAMED_UNIT ( * ) SI_UNIT ( .MILLI., .METRE. ) );
#623 = VERTEX_POINT ( 'NONE', #1212 ) ;
#624 =( NAMED_UNIT ( * ) SI_UNIT ( $, .STERADIAN. ) SOLID_ANGLE_UNIT ( ) );
#625 = ORIENTED_EDGE ( 'NONE', *, *, #789, .T. ) ;
#626 = DIRECTION ( 'NONE',  ( -1.000000000000000000, -0.0000000000000000000, -0.0000000000000000000 ) ) ;
#627 = UNCERTAINTY_MEASURE_WITH_UNIT (LENGTH_MEASURE( 1.000000000000000082E-05 ), #520, 'distance_accuracy_value', 'NONE');
#628 =( NAMED_UNIT ( * ) SI_UNIT ( $, .STERADIAN. ) SOLID_ANGLE_UNIT ( ) );
#629 = CARTESIAN_POINT ( 'NONE',  ( 0.8000000000000000444, 0.5999999999999998668, 0.4000000000000002442 ) ) ;
#630 = ORIENTED_EDGE ( 'NONE', *, *, #1052, .T. ) ;
#631 = ADVANCED_FACE ( 'NONE', ( #677 ), #1073, .T. ) ;
#632 = CARTESIAN_POINT ( 'NONE',  ( 0.6000000000000000888, 0.1082629629591480430, -0.5633796998344893225 ) ) ;
#633 = ORIENTED_EDGE ( 'NONE', *, *, #45, .T. ) ;
#634 = SURFACE_SIDE_STYLE ('',( #1692 ) ) ;
#635 = DIRECTION ( 'NONE',  ( -0.9701425001453319874, 0.2425356250363328026, 0.0000000000000000000 ) ) ;
#636 = LINE ( 'NONE', #1149, #1519 ) ;
#637 = SURFACE_STYLE_USAGE ( .BOTH. , #116 ) ;
#638 = EDGE_CURVE ( 'NONE', #476, #1677, #1196, .T. ) ;
#639 = VERTEX_POINT ( 'NONE', #415 ) ;
#640 = VECTOR ( 'NONE', #311, 1000.000000000000114 ) ;
#641 = SURFACE_SIDE_STYLE ('',( #1145 ) ) ;
#642 = VERTEX_POINT ( 'NONE', #30 ) ;
#643 = CIRCLE ( 'NONE', #1602, 0.1249999999999999445 ) ;
#644 =( GEOMETRIC_REPRESENTATION_CONTEXT ( 3 ) GLOBAL_UNCERTAINTY_ASSIGNED_CONTEXT ( ( #1277 ) ) GLOBAL_UNIT_ASSIGNED_CONTEXT ( ( #1556, #1164, #628 ) ) REPRESENTATION_CONTEXT ( 'NONE', 'WORKASPACE' ) );
#645 = DIRECTION ( 'NONE',  ( -1.000000000000000000, -0.0000000000000000000, -0.0000000000000000000 ) ) ;
#646 = DIRECTION ( 'NONE',  ( 0.1230914909793366652, 0.9847319278346609028, -0.1230914909793366374 ) ) ;
#647 = LINE ( 'NONE', #1285, #774 ) ;
#648 = EDGE_CURVE ( 'NONE', #813, #1538, #544, .T. ) ;
#649 = CARTESIAN_POINT ( 'NONE',  ( -0.3999999999999999667, 0.0000000000000000000, -0.8000000000000001554 ) ) ;
#650 = PRESENTATION_LAYER_ASSIGNMENT (  '', '', ( #1472 ) ) ;
#651 = VERTEX_POINT ( 'NONE', #82 ) ;
#652 = ORIENTED_EDGE ( 'NONE', *, *, #1328, .T. ) ;
#653 =( NAMED_UNIT ( * ) SI_UNIT ( $, .STERADIAN. ) SOLID_ANGLE_UNIT ( ) );
#654 = EDGE_CURVE ( 'NONE', #639, #869, #352, .T. ) ;
#655 =( LENGTH_UNIT ( ) NAMED_UNIT ( * ) SI_UNIT ( .MILLI., .METRE. ) );
#656 = LINE ( 'NONE', #1417, #691 ) ;
#657 = ORIENTED_EDGE ( 'NONE', *, *, #1594, .F. ) ;
#658 = LINE ( 'NONE', #1539, #44 ) ;
#659 = EDGE_LOOP ( 'NONE', ( #1327, #1566, #143, #740 ) ) ;
#660 = ADVANCED_FACE ( 'NONE', ( #359 ), #222, .F. ) ;
#661 = CYLINDRICAL_SURFACE ( 'NONE', #278, 0.1081753260074173051 ) ;
#662 = VERTEX_POINT ( 'NONE', #1396 ) ;
#663 = DIRECTION ( 'NONE',  ( 0.0000000000000000000, -0.03489949670250157288, -0.9993908270190956511 ) ) ;
#664 = VERTEX_POINT ( 'NONE', #975 ) ;
#665 = VECTOR ( 'NONE', #321, 1000.000000000000000 ) ;
#666 = EDGE_CURVE ( 'NONE', #1054, #1688, #846, .T. ) ;
#667 = DIRECTION ( 'NONE',  ( 2.505659591012379859E-16, 0.0000000000000000000, 1.000000000000000000 ) ) ;
#668 = VECTOR ( 'NONE', #445, 1000.000000000000000 ) ;
#669 = COLOUR_RGB ( '',0.2509803921568627416, 0.2509803921568627416, 0.2509803921568627416 ) ;
#670 = LINE ( 'NONE', #400, #1104 ) ;
#671 = DIRECTION ( 'NONE',  ( 1.354427132270235954E-16, 0.03489949670250157288, 0.9993908270190956511 ) ) ;
#672 = CARTESIAN_POINT ( 'NONE',  ( -0.6000000000000001998, 0.4749999999999998668, -0.3999999999999999667 ) ) ;
#673 = ORIENTED_EDGE ( 'NONE', *, *, #1296, .F. ) ;
#674 = DIRECTION ( 'NONE',  ( 0.0000000000000000000, -0.9993908270190957621, -0.03489949670250157981 ) ) ;
#675 = ORIENTED_EDGE ( 'NONE', *, *, #12, .F. ) ;
#676 = VECTOR ( 'NONE', #645, 1000.000000000000000 ) ;
#677 = FACE_OUTER_BOUND ( 'NONE', #659, .T. ) ;
#678 = EDGE_CURVE ( 'NONE', #596, #623, #1182, .T. ) ;
#679 = PRESENTATION_STYLE_ASSIGNMENT (( #962 ) ) ;
#680 = DIRECTION ( 'NONE',  ( -1.000000000000000000, -0.0000000000000000000, -0.0000000000000000000 ) ) ;
#681 = EDGE_LOOP ( 'NONE', ( #1106, #380, #788, #1672 ) ) ;
#682 = CARTESIAN_POINT ( 'NONE',  ( 0.8000000000000000444, 0.5000000000000000000, 0.4000000000000000222 ) ) ;
#683 = ORIENTED_EDGE ( 'NONE', *, *, #1102, .T. ) ;
#684 = CARTESIAN_POINT ( 'NONE',  ( 0.8000000000000000444, 0.4749999999999998668, -0.3999999999999999667 ) ) ;
#685 = DIRECTION ( 'NONE',  ( -0.0000000000000000000, 1.000000000000000000, -0.0000000000000000000 ) ) ;
#686 = FILL_AREA_STYLE ('',( #1616 ) ) ;
#687 = EDGE_CURVE ( 'NONE', #1275, #277, #1656, .T. ) ;
#688 = DIRECTION ( 'NONE',  ( -0.1240347345892124642, 0.9922778767136670730, 0.0000000000000000000 ) ) ;
#689 = CARTESIAN_POINT ( 'NONE',  ( 0.1437499999999999889, 0.1125714770170293533, 0.4400000000000000577 ) ) ;
#690 = ORIENTED_EDGE ( 'NONE', *, *, #65, .F. ) ;
#691 = VECTOR ( 'NONE', #243, 1000.000000000000114 ) ;
#692 = DIRECTION ( 'NONE',  ( -1.000000000000000000, -0.0000000000000000000, -0.0000000000000000000 ) ) ;
#693 = PRESENTATION_LAYER_ASSIGNMENT (  '', '', ( #449 ) ) ;
#694 = AXIS2_PLACEMENT_3D ( 'NONE', #500, #1291, #386 ) ;
#695 = DIRECTION ( 'NONE',  ( 0.0000000000000000000, -0.03489949670250157288, -0.9993908270190956511 ) ) ;
#696 = SURFACE_SIDE_STYLE ('',( #1060 ) ) ;
#697 = VECTOR ( 'NONE', #997, 1000.000000000000000 ) ;
#698 = LINE ( 'NONE', #1217, #1301 ) ;
#699 = ORIENTED_EDGE ( 'NONE', *, *, #157, .T. ) ;
#700 = DIRECTION ( 'NONE',  ( 1.000000000000000000, 0.0000000000000000000, 0.0000000000000000000 ) ) ;
#701 = CARTESIAN_POINT ( 'NONE',  ( 0.1437499999999999889, 0.4801616669596956433, 0.5248933833083128109 ) ) ;
#702 = EDGE_CURVE ( 'NONE', #1072, #1638, #611, .T. ) ;
#703 = CARTESIAN_POINT ( 'NONE',  ( 0.6000000000000000888, 0.1125714770170293672, -0.4400000000000000577 ) ) ;
#704 = DIRECTION ( 'NONE',  ( 1.000000000000000000, 0.0000000000000000000, -1.355252715606880789E-16 ) ) ;
#705 = ORIENTED_EDGE ( 'NONE', *, *, #1623, .F. ) ;
#706 = LINE ( 'NONE', #1118, #1176 ) ;
#707 = LINE ( 'NONE', #1646, #1628 ) ;
#708 = EDGE_CURVE ( 'NONE', #28, #387, #867, .T. ) ;
#709 = PLANE ( 'NONE',  #730 ) ;
#710 = FACE_OUTER_BOUND ( 'NONE', #1613, .T. ) ;
#711 = CARTESIAN_POINT ( 'NONE',  ( -0.1437499999999999889, 0.5000000000000008882, 0.4000000000000002442 ) ) ;
#712 = FACE_OUTER_BOUND ( 'NONE', #1446, .T. ) ;
#713 = DIRECTION ( 'NONE',  ( -1.000000000000000000, -0.0000000000000000000, -0.0000000000000000000 ) ) ;
#714 = EDGE_LOOP ( 'NONE', ( #718, #536, #1463, #99 ) ) ;
#715 = CARTESIAN_POINT ( 'NONE',  ( -0.7624999999999994005, 0.7999999999999951594, -0.8000000000000001554 ) ) ;
#716 = EDGE_CURVE ( 'NONE', #1061, #733, #207, .T. ) ;
#717 = CIRCLE ( 'NONE', #38, 0.1081753260074173051 ) ;
#718 = ORIENTED_EDGE ( 'NONE', *, *, #135, .F. ) ;
#719 = MECHANICAL_DESIGN_GEOMETRIC_PRESENTATION_REPRESENTATION (  '', ( #449 ), #822 ) ;
#720 = VECTOR ( 'NONE', #1103, 1000.000000000000000 ) ;
#721 = COLOUR_RGB ( '',0.8666666666666666963, 0.8666666666666666963, 0.8901960784313724950 ) ;
#722 = UNCERTAINTY_MEASURE_WITH_UNIT (LENGTH_MEASURE( 1.000000000000000082E-05 ), #1668, 'distance_accuracy_value', 'NONE');
#723 = LINE ( 'NONE', #595, #854 ) ;
#724 = ORIENTED_EDGE ( 'NONE', *, *, #521, .T. ) ;
#725 =( LENGTH_UNIT ( ) NAMED_UNIT ( * ) SI_UNIT ( .MILLI., .METRE. ) );
#726 = CARTESIAN_POINT ( 'NONE',  ( 0.6000000000000000888, 0.4801616669596956433, -0.5248933833083128109 ) ) ;
#727 = DIRECTION ( 'NONE',  ( -1.000000000000000000, -0.0000000000000000000, -0.0000000000000000000 ) ) ;
#728 = VERTEX_POINT ( 'NONE', #1389 ) ;
#729 = PRODUCT_DEFINITION ( 'UNKNOWN', '', #51, #1023 ) ;
#730 = AXIS2_PLACEMENT_3D ( 'NONE', #848, #1222, #840 ) ;
#731 = EDGE_CURVE ( 'NONE', #1156, #141, #333, .T. ) ;
#732 = DIRECTION ( 'NONE',  ( 1.000000000000000000, 0.0000000000000000000, 1.355252715606880789E-16 ) ) ;
#733 = VERTEX_POINT ( 'NONE', #839 ) ;
#734 =( NAMED_UNIT ( * ) PLANE_ANGLE_UNIT ( ) SI_UNIT ( $, .RADIAN. ) );
#735 = SURFACE_STYLE_USAGE ( .BOTH. , #634 ) ;
#736 = EDGE_LOOP ( 'NONE', ( #9, #137, #319, #783, #1300, #1648, #849, #1029, #1671, #1404 ) ) ;
#737 = DIRECTION ( 'NONE',  ( -1.000000000000000000, -0.0000000000000000000, -0.0000000000000000000 ) ) ;
#738 = EDGE_CURVE ( 'NONE', #497, #501, #707, .T. ) ;
#739 = DIRECTION ( 'NONE',  ( 1.000000000000000000, -2.168404344970992696E-15, 5.421010862427523156E-16 ) ) ;
#740 = ORIENTED_EDGE ( 'NONE', *, *, #944, .T. ) ;
#741 = DIRECTION ( 'NONE',  ( -0.0000000000000000000, 1.000000000000000000, -0.0000000000000000000 ) ) ;
#742 =( NAMED_UNIT ( * ) PLANE_ANGLE_UNIT ( ) SI_UNIT ( $, .RADIAN. ) );
#743 = ORIENTED_EDGE ( 'NONE', *, *, #462, .T. ) ;
#744 = LINE ( 'NONE', #983, #1598 ) ;
#745 = DIRECTION ( 'NONE',  ( 5.596290531348793926E-18, -0.9991470664665036416, 0.04129333567756608009 ) ) ;
#746 = AXIS2_PLACEMENT_3D ( 'NONE', #270, #1141, #1003 ) ;
#747 = CARTESIAN_POINT ( 'NONE',  ( -0.7874999999999992006, 0.6000000000000026423, 0.4000000000000002442 ) ) ;
#748 = ORIENTED_EDGE ( 'NONE', *, *, #1108, .T. ) ;
#749 = AXIS2_PLACEMENT_3D ( 'NONE', #111, #782, #1438 ) ;
#750 = ADVANCED_FACE ( 'NONE', ( #1259 ), #1527, .F. ) ;
#751 = VECTOR ( 'NONE', #339, 1000.000000000000000 ) ;
#752 = FACE_OUTER_BOUND ( 'NONE', #1064, .T. ) ;
#753 = ORIENTED_EDGE ( 'NONE', *, *, #926, .T. ) ;
#754 = AXIS2_PLACEMENT_3D ( 'NONE', #853, #601, #1370 ) ;
#755 = ORIENTED_EDGE ( 'NONE', *, *, #419, .F. ) ;
#756 = CARTESIAN_POINT ( 'NONE',  ( 0.7000000000000009548, 0.1000000000000028089, -0.8000000000000001554 ) ) ;
#757 = EDGE_CURVE ( 'NONE', #651, #491, #1091, .T. ) ;
#758 = DIRECTION ( 'NONE',  ( -1.000000000000000000, -4.336808689941876530E-15, -5.421010862427522170E-16 ) ) ;
#759 = ORIENTED_EDGE ( 'NONE', *, *, #731, .F. ) ;
#760 = VERTEX_POINT ( 'NONE', #1428 ) ;
#761 = EDGE_CURVE ( 'NONE', #280, #830, #130, .T. ) ;
#762 = PRESENTATION_STYLE_ASSIGNMENT (( #775 ) ) ;
#763 = DIRECTION ( 'NONE',  ( -1.000000000000000000, -0.0000000000000000000, -0.0000000000000000000 ) ) ;
#764 = FACE_OUTER_BOUND ( 'NONE', #1600, .T. ) ;
#765 = ORIENTED_EDGE ( 'NONE', *, *, #821, .T. ) ;
#766 = FACE_OUTER_BOUND ( 'NONE', #1507, .T. ) ;
#767 = VERTEX_POINT ( 'NONE', #518 ) ;
#768 = ADVANCED_FACE ( 'NONE', ( #766 ), #891, .T. ) ;
#769 = SURFACE_STYLE_FILL_AREA ( #1684 ) ;
#770 = VECTOR ( 'NONE', #181, 1000.000000000000000 ) ;
#771 = ORIENTED_EDGE ( 'NONE', *, *, #1315, .T. ) ;
#772 = VECTOR ( 'NONE', #1549, 1000.000000000000000 ) ;
#773 = ORIENTED_EDGE ( 'NONE', *, *, #1381, .F. ) ;
#774 = VECTOR ( 'NONE', #1562, 1000.000000000000000 ) ;
#775 = SURFACE_STYLE_USAGE ( .BOTH. , #1310 ) ;
#776 = FACE_OUTER_BOUND ( 'NONE', #714, .T. ) ;
#777 = FILL_AREA_STYLE_COLOUR ( '', #877 ) ;
#778 = ADVANCED_FACE ( 'NONE', ( #1172 ), #1028, .F. ) ;
#779 = LINE ( 'NONE', #225, #478 ) ;
#780 = PRESENTATION_LAYER_ASSIGNMENT (  '', '', ( #183 ) ) ;
#781 = ORIENTED_EDGE ( 'NONE', *, *, #581, .T. ) ;
#782 = DIRECTION ( 'NONE',  ( -1.000000000000000000, -0.0000000000000000000, 0.0000000000000000000 ) ) ;
#783 = ORIENTED_EDGE ( 'NONE', *, *, #351, .F. ) ;
#784 = SURFACE_SIDE_STYLE ('',( #423 ) ) ;
#785 = CARTESIAN_POINT ( 'NONE',  ( 0.8000000000000000444, 0.4999999999999998890, 0.4000000000000000222 ) ) ;
#786 = CARTESIAN_POINT ( 'NONE',  ( 0.4000000000000000222, 0.1082629629591480430, -0.5633796998344893225 ) ) ;
#787 = CARTESIAN_POINT ( 'NONE',  ( -0.1437499999999999889, 0.0000000000000000000, 0.4000000000000002442 ) ) ;
#788 = ORIENTED_EDGE ( 'NONE', *, *, #406, .T. ) ;
#789 = EDGE_CURVE ( 'NONE', #662, #1391, #658, .T. ) ;
#790 = CARTESIAN_POINT ( 'NONE',  ( 0.7630681818181812570, 0.7954545454545404182, 0.3755681818181818565 ) ) ;
#791 = ORIENTED_EDGE ( 'NONE', *, *, #604, .F. ) ;
#792 = CARTESIAN_POINT ( 'NONE',  ( -0.6000000000000001998, 0.1082629629591480985, -0.5633796998344893225 ) ) ;
#793 = CARTESIAN_POINT ( 'NONE',  ( 0.1437500000000000444, 0.0000000000000000000, 0.8000000000000000444 ) ) ;
#794 = PLANE ( 'NONE',  #608 ) ;
#795 = SURFACE_STYLE_FILL_AREA ( #1585 ) ;
#796 = VERTEX_POINT ( 'NONE', #1676 ) ;
#797 = DIRECTION ( 'NONE',  ( 0.0000000000000000000, 0.0000000000000000000, -1.000000000000000000 ) ) ;
#798 = ORIENTED_EDGE ( 'NONE', *, *, #189, .F. ) ;
#799 = ADVANCED_FACE ( 'NONE', ( #371 ), #883, .F. ) ;
#800 = AXIS2_PLACEMENT_3D ( 'NONE', #1689, #1137, #492 ) ;
#801 = DIRECTION ( 'NONE',  ( 1.354427132270236200E-16, -0.03489949670250142022, 0.9993908270190956511 ) ) ;
#802 = VECTOR ( 'NONE', #1026, 1000.000000000000000 ) ;
#803 = FILL_AREA_STYLE ('',( #1197 ) ) ;
#804 = CARTESIAN_POINT ( 'NONE',  ( 0.8000000000000000444, 0.1000000000000000056, -0.8000000000000000444 ) ) ;
#805 = DIRECTION ( 'NONE',  ( -1.000000000000000000, 0.0000000000000000000, 0.0000000000000000000 ) ) ;
#806 = ORIENTED_EDGE ( 'NONE', *, *, #702, .T. ) ;
#807 = DIRECTION ( 'NONE',  ( -1.000000000000000000, -0.0000000000000000000, -1.355252715606881036E-16 ) ) ;
#808 = VERTEX_POINT ( 'NONE', #1169 ) ;
#809 = VECTOR ( 'NONE', #578, 1000.000000000000000 ) ;
#810 = CARTESIAN_POINT ( 'NONE',  ( 0.8000000000000000444, 0.1082629629591480985, -0.5633796998344893225 ) ) ;
#811 = EDGE_CURVE ( 'NONE', #796, #1275, #254, .T. ) ;
#812 = DIRECTION ( 'NONE',  ( -1.355252715606880789E-16, 0.0000000000000000000, -1.000000000000000000 ) ) ;
#813 = VERTEX_POINT ( 'NONE', #632 ) ;
#814 = CARTESIAN_POINT ( 'NONE',  ( -0.6000000000000001998, 0.4801616669596956433, -0.5248933833083128109 ) ) ;
#815 = ORIENTED_EDGE ( 'NONE', *, *, #1623, .T. ) ;
#816 = DIRECTION ( 'NONE',  ( -1.000000000000000000, -0.0000000000000000000, -0.0000000000000000000 ) ) ;
#817 = LINE ( 'NONE', #1647, #461 ) ;
#818 = UNCERTAINTY_MEASURE_WITH_UNIT (LENGTH_MEASURE( 1.000000000000000082E-05 ), #842, 'distance_accuracy_value', 'NONE');
#819 = CARTESIAN_POINT ( 'NONE',  ( 0.8000000000000000444, 0.5000000000000000000, -0.4000000000000000222 ) ) ;
#820 = ORIENTED_EDGE ( 'NONE', *, *, #1399, .T. ) ;
#821 = EDGE_CURVE ( 'NONE', #1334, #1054, #121, .T. ) ;
#822 =( GEOMETRIC_REPRESENTATION_CONTEXT ( 3 ) GLOBAL_UNCERTAINTY_ASSIGNED_CONTEXT ( ( #1202 ) ) GLOBAL_UNIT_ASSIGNED_CONTEXT ( ( #1199, #1085, #185 ) ) REPRESENTATION_CONTEXT ( 'NONE', 'WORKASPACE' ) );
#823 = AXIS2_PLACEMENT_3D ( 'NONE', #1630, #1637, #1379 ) ;
#824 = VECTOR ( 'NONE', #214, 1000.000000000000000 ) ;
#825 = FACE_OUTER_BOUND ( 'NONE', #1261, .T. ) ;
#826 = LINE ( 'NONE', #584, #1631 ) ;
#827 = AXIS2_PLACEMENT_3D ( 'NONE', #843, #85, #964 ) ;
#828 = EDGE_CURVE ( 'NONE', #1020, #1627, #907, .T. ) ;
#829 = LINE ( 'NONE', #1515, #399 ) ;
#830 = VERTEX_POINT ( 'NONE', #404 ) ;
#831 = DIRECTION ( 'NONE',  ( 5.596290531348793926E-18, 0.9991470664665036416, -0.04129333567756608009 ) ) ;
#832 = LINE ( 'NONE', #440, #1543 ) ;
#833 = CARTESIAN_POINT ( 'NONE',  ( 0.8000000000000000444, 0.4801616669596956433, 0.5248933833083128109 ) ) ;
#834 = CYLINDRICAL_SURFACE ( 'NONE', #827, 0.02500000000000006384 ) ;
#835 = CARTESIAN_POINT ( 'NONE',  ( 0.8000000000000000444, 0.5000000000000000000, -0.4000000000000000222 ) ) ;
#836 = ORIENTED_EDGE ( 'NONE', *, *, #281, .F. ) ;
#837 = EDGE_CURVE ( 'NONE', #639, #107, #315, .T. ) ;
#838 = CARTESIAN_POINT ( 'NONE',  ( -0.7624999999999994005, 0.7999999999999951594, -0.8000000000000001554 ) ) ;
#839 = CARTESIAN_POINT ( 'NONE',  ( -0.6000000000000001998, 0.008928968544270710767, -0.5443077952110808582 ) ) ;
#840 = DIRECTION ( 'NONE',  ( 0.0000000000000000000, 0.9991470664665036416, 0.04129333567756608009 ) ) ;
#841 = ORIENTED_EDGE ( 'NONE', *, *, #666, .T. ) ;
#842 =( LENGTH_UNIT ( ) NAMED_UNIT ( * ) SI_UNIT ( .MILLI., .METRE. ) );
#843 = CARTESIAN_POINT ( 'NONE',  ( 0.8000000000000000444, 0.4749999999999998668, -0.3999999999999999667 ) ) ;
#844 = FACE_OUTER_BOUND ( 'NONE', #1386, .T. ) ;
#845 = ORIENTED_EDGE ( 'NONE', *, *, #356, .F. ) ;
#846 = LINE ( 'NONE', #969, #499 ) ;
#847 = ADVANCED_FACE ( 'NONE', ( #752 ), #1420, .F. ) ;
#848 = CARTESIAN_POINT ( 'NONE',  ( 0.8000000000000000444, 0.1125714770170293672, -0.4400000000000000577 ) ) ;
#849 = ORIENTED_EDGE ( 'NONE', *, *, #666, .F. ) ;
#850 = AXIS2_PLACEMENT_3D ( 'NONE', #224, #886, #1530 ) ;
#851 = VECTOR ( 'NONE', #801, 1000.000000000000000 ) ;
#852 = CARTESIAN_POINT ( 'NONE',  ( -0.4000000000000000222, 0.0000000000000000000, -0.4000000000000002442 ) ) ;
#853 = CARTESIAN_POINT ( 'NONE',  ( 0.6000000000000000888, 0.4749999999999998668, -0.3999999999999999667 ) ) ;
#854 = VECTOR ( 'NONE', #1626, 1000.000000000000000 ) ;
#855 = CIRCLE ( 'NONE', #754, 0.02500000000000006384 ) ;
#856 = VERTEX_POINT ( 'NONE', #430 ) ;
#857 = DIRECTION ( 'NONE',  ( -0.1240347345892124642, -0.9922778767136670730, 0.0000000000000000000 ) ) ;
#858 = SURFACE_SIDE_STYLE ('',( #613 ) ) ;
#859 = MECHANICAL_DESIGN_GEOMETRIC_PRESENTATION_REPRESENTATION (  '', ( #79 ), #887 ) ;
#860 = CARTESIAN_POINT ( 'NONE',  ( 0.1437499999999999889, 0.0000000000000000000, 0.4000000000000002442 ) ) ;
#861 = VERTEX_POINT ( 'NONE', #551 ) ;
#862 = EDGE_CURVE ( 'NONE', #1308, #180, #1077, .T. ) ;
#863 = DIRECTION ( 'NONE',  ( 0.0000000000000000000, -0.03489949670250157288, -0.9993908270190956511 ) ) ;
#864 =( NAMED_UNIT ( * ) SI_UNIT ( $, .STERADIAN. ) SOLID_ANGLE_UNIT ( ) );
#865 = DIRECTION ( 'NONE',  ( 0.0000000000000000000, 0.03489949670250157288, -0.9993908270190956511 ) ) ;
#866 = ORIENTED_EDGE ( 'NONE', *, *, #5, .F. ) ;
#867 = LINE ( 'NONE', #217, #1297 ) ;
#868 = DIRECTION ( 'NONE',  ( -1.000000000000000000, 0.0000000000000000000, -0.0000000000000000000 ) ) ;
#869 = VERTEX_POINT ( 'NONE', #1063 ) ;
#870 = DIRECTION ( 'NONE',  ( 0.0000000000000000000, -0.9991470664665036416, -0.04129333567756627438 ) ) ;
#871 = ORIENTED_EDGE ( 'NONE', *, *, #1381, .T. ) ;
#872 = PRESENTATION_STYLE_ASSIGNMENT (( #1373 ) ) ;
#873 = ORIENTED_EDGE ( 'NONE', *, *, #1306, .F. ) ;
#874 = EDGE_CURVE ( 'NONE', #1550, #1054, #316, .T. ) ;
#875 = FACE_OUTER_BOUND ( 'NONE', #196, .T. ) ;
#876 = ORIENTED_EDGE ( 'NONE', *, *, #189, .T. ) ;
#877 = COLOUR_RGB ( '',0.2509803921568627416, 0.2509803921568627416, 0.2509803921568627416 ) ;
#878 = COLOUR_RGB ( '',0.2509803921568627416, 0.2509803921568627416, 0.2509803921568627416 ) ;
#879 = CARTESIAN_POINT ( 'NONE',  ( -0.8000000000000000444, 0.4999999999999998890, 0.4000000000000002442 ) ) ;
#880 = VERTEX_POINT ( 'NONE', #1603 ) ;
#881 = CIRCLE ( 'NONE', #147, 0.1249999999999998890 ) ;
#882 = AXIS2_PLACEMENT_3D ( 'NONE', #484, #1531, #355 ) ;
#883 = PLANE ( 'NONE',  #800 ) ;
#884 = ORIENTED_EDGE ( 'NONE', *, *, #1021, .T. ) ;
#885 = DIRECTION ( 'NONE',  ( -1.000000000000000000, -0.0000000000000000000, -0.0000000000000000000 ) ) ;
#886 = DIRECTION ( 'NONE',  ( -1.000000000000000000, -0.0000000000000000000, -0.0000000000000000000 ) ) ;
#887 =( GEOMETRIC_REPRESENTATION_CONTEXT ( 3 ) GLOBAL_UNCERTAINTY_ASSIGNED_CONTEXT ( ( #1555 ) ) GLOBAL_UNIT_ASSIGNED_CONTEXT ( ( #655, #25, #570 ) ) REPRESENTATION_CONTEXT ( 'NONE', 'WORKASPACE' ) );
#888 =( NAMED_UNIT ( * ) PLANE_ANGLE_UNIT ( ) SI_UNIT ( $, .RADIAN. ) );
#889 = CARTESIAN_POINT ( 'NONE',  ( -0.7111111111111114713, 0.1444444444444449860, -0.3111111111111105609 ) ) ;
#890 = VERTEX_POINT ( 'NONE', #47 ) ;
#891 = CYLINDRICAL_SURFACE ( 'NONE', #694, 0.1249999999999998890 ) ;
#892 = ORIENTED_EDGE ( 'NONE', *, *, #821, .F. ) ;
#893 = EDGE_CURVE ( 'NONE', #623, #1633, #1612, .T. ) ;
#894 = CARTESIAN_POINT ( 'NONE',  ( 0.7624999999999994005, 0.7999999999999951594, 0.3750000000000001110 ) ) ;
#895 = UNCERTAINTY_MEASURE_WITH_UNIT (LENGTH_MEASURE( 1.000000000000000082E-05 ), #1111, 'distance_accuracy_value', 'NONE');
#896 = SURFACE_STYLE_USAGE ( .BOTH. , #1557 ) ;
#897 =( NAMED_UNIT ( * ) SI_UNIT ( $, .STERADIAN. ) SOLID_ANGLE_UNIT ( ) );
#898 = ORIENTED_EDGE ( 'NONE', *, *, #1454, .T. ) ;
#899 = EDGE_LOOP ( 'NONE', ( #405, #1476, #353, #1439, #1039, #1397, #946, #1018, #76, #798 ) ) ;
#900 = COLOUR_RGB ( '',0.2509803921568627416, 0.2509803921568627416, 0.2509803921568627416 ) ;
#901 = DIRECTION ( 'NONE',  ( -1.000000000000000000, -0.0000000000000000000, -0.0000000000000000000 ) ) ;
#902 = EDGE_CURVE ( 'NONE', #664, #35, #153, .T. ) ;
#903 = PRESENTATION_STYLE_ASSIGNMENT (( #108 ) ) ;
#904 = LINE ( 'NONE', #620, #802 ) ;
#905 = VERTEX_POINT ( 'NONE', #689 ) ;
#906 = AXIS2_PLACEMENT_3D ( 'NONE', #852, #1343, #436 ) ;
#907 = CIRCLE ( 'NONE', #97, 0.02500000000000006384 ) ;
#908 = DIRECTION ( 'NONE',  ( -1.000000000000000000, -0.0000000000000000000, -0.0000000000000000000 ) ) ;
#909 = ORIENTED_EDGE ( 'NONE', *, *, #383, .T. ) ;
#910 = VECTOR ( 'NONE', #1050, 1000.000000000000000 ) ;
#911 = DIRECTION ( 'NONE',  ( -0.0000000000000000000, 1.000000000000000000, -0.0000000000000000000 ) ) ;
#912 = UNCERTAINTY_MEASURE_WITH_UNIT (LENGTH_MEASURE( 1.000000000000000082E-05 ), #506, 'distance_accuracy_value', 'NONE');
#913 = EDGE_CURVE ( 'NONE', #880, #280, #169, .T. ) ;
#914 = CARTESIAN_POINT ( 'NONE',  ( 0.8000000000000000444, 0.4760323333919390665, -0.4249786766616625577 ) ) ;
#915 = STYLED_ITEM ( 'NONE', ( #466 ), #1605 ) ;
#916 = ORIENTED_EDGE ( 'NONE', *, *, #1500, .F. ) ;
#917 = EDGE_LOOP ( 'NONE', ( #1185, #759, #1254, #67, #773, #845, #1558, #977, #519, #575 ) ) ;
#918 = DIRECTION ( 'NONE',  ( 0.0000000000000000000, -0.9993908270190957621, 0.03489949670250157981 ) ) ;
#919 = CARTESIAN_POINT ( 'NONE',  ( 0.0000000000000000000, 0.0000000000000000000, 0.0000000000000000000 ) ) ;
#920 = CARTESIAN_POINT ( 'NONE',  ( 0.8000000000000000444, 0.1170383970658838008, 0.5480830596443687641 ) ) ;
#921 = CARTESIAN_POINT ( 'NONE',  ( 0.8000000000000000444, 0.1332477336346254704, -0.5642521872520518400 ) ) ;
#922 = DIRECTION ( 'NONE',  ( 1.000000000000000000, 0.0000000000000000000, 0.0000000000000000000 ) ) ;
#923 = ORIENTED_EDGE ( 'NONE', *, *, #5, .T. ) ;
#924 = PLANE ( 'NONE',  #373 ) ;
#925 = CYLINDRICAL_SURFACE ( 'NONE', #1350, 0.1249999999999999445 ) ;
#926 = EDGE_CURVE ( 'NONE', #486, #1400, #881, .T. ) ;
#927 = SURFACE_STYLE_FILL_AREA ( #686 ) ;
#928 = SURFACE_STYLE_USAGE ( .BOTH. , #696 ) ;
#929 = VECTOR ( 'NONE', #885, 1000.000000000000000 ) ;
#930 =( NAMED_UNIT ( * ) SI_UNIT ( $, .STERADIAN. ) SOLID_ANGLE_UNIT ( ) );
#931 = ORIENTED_EDGE ( 'NONE', *, *, #1140, .T. ) ;
#932 = EDGE_CURVE ( 'NONE', #1652, #1688, #561, .T. ) ;
#933 = VECTOR ( 'NONE', #1187, 1000.000000000000114 ) ;
#934 = FACE_OUTER_BOUND ( 'NONE', #681, .T. ) ;
#935 = VECTOR ( 'NONE', #966, 1000.000000000000000 ) ;
#936 = VECTOR ( 'NONE', #1107, 1000.000000000000000 ) ;
#937 = CARTESIAN_POINT ( 'NONE',  ( 0.4000000000000000222, 0.4801616669596956433, -0.5248933833083128109 ) ) ;
#938 = ORIENTED_EDGE ( 'NONE', *, *, #488, .F. ) ;
#939 = COLOUR_RGB ( '',0.2509803921568627416, 0.2509803921568627416, 0.2509803921568627416 ) ;
#940 = DIRECTION ( 'NONE',  ( 0.0000000000000000000, 0.2425356250363347455, -0.9701425001453315433 ) ) ;
#941 = ORIENTED_EDGE ( 'NONE', *, *, #1548, .F. ) ;
#942 = EDGE_CURVE ( 'NONE', #733, #1231, #161, .T. ) ;
#943 = CARTESIAN_POINT ( 'NONE',  ( 0.8000000000000000444, 0.1322154002426863262, 0.5392735105903891935 ) ) ;
#944 = EDGE_CURVE ( 'NONE', #346, #796, #1183, .T. ) ;
#945 = DIRECTION ( 'NONE',  ( 0.0000000000000000000, -0.03489949670250142022, -0.9993908270190956511 ) ) ;
#946 = ORIENTED_EDGE ( 'NONE', *, *, #1358, .F. ) ;
#947 = LINE ( 'NONE', #1496, #665 ) ;
#948 = EDGE_CURVE ( 'NONE', #651, #861, #306, .T. ) ;
#949 = SURFACE_SIDE_STYLE ('',( #1083 ) ) ;
#950 = DIRECTION ( 'NONE',  ( 2.505659591012379859E-16, 0.0000000000000000000, -1.000000000000000000 ) ) ;
#951 = DIRECTION ( 'NONE',  ( -0.1230914909793366652, -0.9847319278346609028, -0.1230914909793366374 ) ) ;
#952 = CARTESIAN_POINT ( 'NONE',  ( 0.6000000000000000888, 0.1332477336346254704, -0.5642521872520518400 ) ) ;
#953 = ORIENTED_EDGE ( 'NONE', *, *, #1006, .F. ) ;
#954 = STYLED_ITEM ( 'NONE', ( #571 ), #324 ) ;
#955 = FACE_OUTER_BOUND ( 'NONE', #1377, .T. ) ;
#956 = DIRECTION ( 'NONE',  ( -1.000000000000000000, -0.0000000000000000000, -0.0000000000000000000 ) ) ;
#957 = AXIS2_PLACEMENT_3D ( 'NONE', #1683, #737, #1545 ) ;
#958 = VECTOR ( 'NONE', #1477, 1000.000000000000000 ) ;
#959 = CARTESIAN_POINT ( 'NONE',  ( 0.1437499999999999889, 0.1322154002426863262, 0.5392735105903891935 ) ) ;
#960 = AXIS2_PLACEMENT_3D ( 'NONE', #119, #43, #8 ) ;
#961 = DIRECTION ( 'NONE',  ( -1.355252715606880789E-16, 0.0000000000000000000, 1.000000000000000000 ) ) ;
#962 = SURFACE_STYLE_USAGE ( .BOTH. , #287 ) ;
#963 = EDGE_CURVE ( 'NONE', #1652, #1391, #698, .T. ) ;
#964 = DIRECTION ( 'NONE',  ( 0.0000000000000000000, 0.0000000000000000000, 1.000000000000000000 ) ) ;
#965 = PRESENTATION_LAYER_ASSIGNMENT (  '', '', ( #232 ) ) ;
#966 = DIRECTION ( 'NONE',  ( -0.2357022603955155615, -0.9428090415820630232, 0.2357022603955175877 ) ) ;
#967 = ORIENTED_EDGE ( 'NONE', *, *, #511, .T. ) ;
#968 =( NAMED_UNIT ( * ) SI_UNIT ( $, .STERADIAN. ) SOLID_ANGLE_UNIT ( ) );
#969 = CARTESIAN_POINT ( 'NONE',  ( -0.1437499999999999889, 0.1082629629591480985, 0.5633796998344892115 ) ) ;
#970 = AXIS2_PLACEMENT_3D ( 'NONE', #919, #31, #164 ) ;
#971 = ORIENTED_EDGE ( 'NONE', *, *, #351, .T. ) ;
#972 = CARTESIAN_POINT ( 'NONE',  ( -0.1437499999999999889, 0.0000000000000000000, 0.4000000000000002442 ) ) ;
#973 = ORIENTED_EDGE ( 'NONE', *, *, #1237, .T. ) ;
#974 = EDGE_CURVE ( 'NONE', #1453, #1181, #1326, .T. ) ;
#975 = CARTESIAN_POINT ( 'NONE',  ( 0.7874999999999995337, 0.6000000000000000888, 0.4000000000000002442 ) ) ;
#976 = ORIENTED_EDGE ( 'NONE', *, *, #1021, .F. ) ;
#977 = ORIENTED_EDGE ( 'NONE', *, *, #227, .F. ) ;
#978 = CARTESIAN_POINT ( 'NONE',  ( 0.3999999999999999667, 0.0000000000000000000, -0.8000000000000001554 ) ) ;
#979 = ADVANCED_FACE ( 'NONE', ( #1595 ), #1314, .F. ) ;
#980 =( NAMED_UNIT ( * ) SI_UNIT ( $, .STERADIAN. ) SOLID_ANGLE_UNIT ( ) );
#981 = VERTEX_POINT ( 'NONE', #1184 ) ;
#982 = AXIS2_PLACEMENT_3D ( 'NONE', #1129, #74, #64 ) ;
#983 = CARTESIAN_POINT ( 'NONE',  ( 0.8000000000000000444, 0.5999999999999998668, 0.4000000000000002442 ) ) ;
#984 = CARTESIAN_POINT ( 'NONE',  ( -0.7388257575757557483, 0.9893939393939403804, -0.3513257575757560702 ) ) ;
#985 = STYLED_ITEM ( 'NONE', ( #1159 ), #847 ) ;
#986 = VECTOR ( 'NONE', #680, 1000.000000000000000 ) ;
#987 = ORIENTED_EDGE ( 'NONE', *, *, #1130, .T. ) ;
#988 = PLANE ( 'NONE',  #1293 ) ;
#989 = VECTOR ( 'NONE', #309, 1000.000000000000000 ) ;
#990 = ORIENTED_EDGE ( 'NONE', *, *, #948, .T. ) ;
#991 = CARTESIAN_POINT ( 'NONE',  ( 0.8000000000000000444, 0.008928968544270698623, 0.5443077952110808582 ) ) ;
#992 = ORIENTED_EDGE ( 'NONE', *, *, #678, .F. ) ;
#993 = EDGE_CURVE ( 'NONE', #491, #1156, #1267, .T. ) ;
#994 = ORIENTED_EDGE ( 'NONE', *, *, #942, .F. ) ;
#995 = ORIENTED_EDGE ( 'NONE', *, *, #1520, .T. ) ;
#996 = FACE_OUTER_BOUND ( 'NONE', #292, .T. ) ;
#997 = DIRECTION ( 'NONE',  ( -0.0000000000000000000, -0.0000000000000000000, 1.000000000000000000 ) ) ;
#998 = ADVANCED_FACE ( 'NONE', ( #1587 ), #924, .F. ) ;
#999 = LINE ( 'NONE', #109, #530 ) ;
#1000 = ORIENTED_EDGE ( 'NONE', *, *, #1258, .F. ) ;
#1001 = ORIENTED_EDGE ( 'NONE', *, *, #1080, .T. ) ;
#1002 = FACE_OUTER_BOUND ( 'NONE', #1011, .T. ) ;
#1003 = DIRECTION ( 'NONE',  ( 0.0000000000000000000, 0.0000000000000000000, 1.000000000000000000 ) ) ;
#1004 = UNCERTAINTY_MEASURE_WITH_UNIT (LENGTH_MEASURE( 1.000000000000000082E-05 ), #459, 'distance_accuracy_value', 'NONE');
#1005 = VECTOR ( 'NONE', #1335, 1000.000000000000000 ) ;
#1006 = EDGE_CURVE ( 'NONE', #28, #1231, #455, .T. ) ;
#1007 = ORIENTED_EDGE ( 'NONE', *, *, #708, .F. ) ;
#1008 = MECHANICAL_DESIGN_GEOMETRIC_PRESENTATION_REPRESENTATION (  '', ( #985 ), #1353 ) ;
#1009 = AXIS2_PLACEMENT_3D ( 'NONE', #1248, #54, #444 ) ;
#1010 = CARTESIAN_POINT ( 'NONE',  ( 0.4000000000000000222, 0.008928968544270700358, -0.5443077952110808582 ) ) ;
#1011 = EDGE_LOOP ( 'NONE', ( #1101, #976, #1675, #299 ) ) ;
#1012 = PRESENTATION_STYLE_ASSIGNMENT (( #735 ) ) ;
#1013 =( NAMED_UNIT ( * ) PLANE_ANGLE_UNIT ( ) SI_UNIT ( $, .RADIAN. ) );
#1014 = CARTESIAN_POINT ( 'NONE',  ( 0.1437500000000000444, 0.0000000000000000000, 0.8000000000000000444 ) ) ;
#1015 = PRESENTATION_LAYER_ASSIGNMENT (  '', '', ( #915 ) ) ;
#1016 = LINE ( 'NONE', #26, #1653 ) ;
#1017 = CARTESIAN_POINT ( 'NONE',  ( 0.6000000000000000888, 0.4801616669596956433, -0.5248933833083128109 ) ) ;
#1018 = ORIENTED_EDGE ( 'NONE', *, *, #313, .F. ) ;
#1019 = SURFACE_STYLE_USAGE ( .BOTH. , #641 ) ;
#1020 = VERTEX_POINT ( 'NONE', #1361 ) ;
#1021 = EDGE_CURVE ( 'NONE', #767, #856, #1256, .T. ) ;
#1022 = CARTESIAN_POINT ( 'NONE',  ( 0.8000000000000000444, 0.1322154002426863262, -0.5392735105903891935 ) ) ;
#1023 = PRODUCT_DEFINITION_CONTEXT ( 'detailed design', #1049, 'design' ) ;
#1024 = CARTESIAN_POINT ( 'NONE',  ( 0.1437499999999999889, 0.1125714770170293672, 0.4400000000000000577 ) ) ;
#1025 = CARTESIAN_POINT ( 'NONE',  ( 0.8000000000000000444, 0.1000000000000028644, 0.2999999999999999889 ) ) ;
#1026 = DIRECTION ( 'NONE',  ( -1.000000000000000000, -0.0000000000000000000, -0.0000000000000000000 ) ) ;
#1027 = ORIENTED_EDGE ( 'NONE', *, *, #1030, .F. ) ;
#1028 = CYLINDRICAL_SURFACE ( 'NONE', #1658, 0.02500000000000006384 ) ;
#1029 = ORIENTED_EDGE ( 'NONE', *, *, #874, .F. ) ;
#1030 = EDGE_CURVE ( 'NONE', #180, #37, #46, .T. ) ;
#1031 = LINE ( 'NONE', #384, #1320 ) ;
#1032 =( NAMED_UNIT ( * ) PLANE_ANGLE_UNIT ( ) SI_UNIT ( $, .RADIAN. ) );
#1033 = CARTESIAN_POINT ( 'NONE',  ( 0.1437499999999999889, 0.1332477336346254704, 0.5642521872520518400 ) ) ;
#1034 = CARTESIAN_POINT ( 'NONE',  ( 0.8514423076923089972, 0.08846153846154154732, 0.4000000000000002442 ) ) ;
#1035 = ORIENTED_EDGE ( 'NONE', *, *, #913, .T. ) ;
#1036 = AXIS2_PLACEMENT_3D ( 'NONE', #417, #1462, #812 ) ;
#1037 = PRESENTATION_LAYER_ASSIGNMENT (  '', '', ( #450 ) ) ;
#1038 = CARTESIAN_POINT ( 'NONE',  ( 0.8000000000000000444, 0.1082629629591480430, 0.5633796998344893225 ) ) ;
#1039 = ORIENTED_EDGE ( 'NONE', *, *, #1674, .F. ) ;
#1040 = AXIS2_PLACEMENT_3D ( 'NONE', #1100, #732, #574 ) ;
#1041 = SURFACE_SIDE_STYLE ('',( #1305 ) ) ;
#1042 = LINE ( 'NONE', #1025, #95 ) ;
#1043 = COLOUR_RGB ( '',0.8666666666666666963, 0.8666666666666666963, 0.8901960784313724950 ) ;
#1044 = ORIENTED_EDGE ( 'NONE', *, *, #1140, .F. ) ;
#1045 = DIRECTION ( 'NONE',  ( 0.0000000000000000000, 0.0000000000000000000, 1.000000000000000000 ) ) ;
#1046 = ORIENTED_EDGE ( 'NONE', *, *, #78, .T. ) ;
#1047 = EDGE_CURVE ( 'NONE', #1372, #603, #723, .T. ) ;
#1048 = DIRECTION ( 'NONE',  ( -1.000000000000000000, -0.0000000000000000000, -0.0000000000000000000 ) ) ;
#1049 = APPLICATION_CONTEXT ( 'automotive_design' ) ;
#1050 = DIRECTION ( 'NONE',  ( -1.000000000000000000, -0.0000000000000000000, -0.0000000000000000000 ) ) ;
#1051 = FILL_AREA_STYLE ('',( #777 ) ) ;
#1052 = EDGE_CURVE ( 'NONE', #603, #1020, #1224, .T. ) ;
#1053 = SURFACE_STYLE_USAGE ( .BOTH. , #1322 ) ;
#1054 = VERTEX_POINT ( 'NONE', #92 ) ;
#1055 = CARTESIAN_POINT ( 'NONE',  ( -0.4000000000000000777, 0.1082629629591480985, -0.5633796998344894336 ) ) ;
#1056 = ORIENTED_EDGE ( 'NONE', *, *, #1657, .T. ) ;
#1057 = DIRECTION ( 'NONE',  ( 0.0000000000000000000, 0.0000000000000000000, 1.000000000000000000 ) ) ;
#1058 = PRESENTATION_STYLE_ASSIGNMENT (( #139 ) ) ;
#1059 = LINE ( 'NONE', #1098, #1654 ) ;
#1060 = SURFACE_STYLE_FILL_AREA ( #547 ) ;
#1061 = VERTEX_POINT ( 'NONE', #325 ) ;
#1062 = ADVANCED_FACE ( 'NONE', ( #1524 ), #349, .F. ) ;
#1063 = CARTESIAN_POINT ( 'NONE',  ( -0.6000000000000000888, 0.5999999999999998668, -0.4000000000000001887 ) ) ;
#1064 = EDGE_LOOP ( 'NONE', ( #1167, #1143, #630, #1046, #1588, #340 ) ) ;
#1065 = AXIS2_PLACEMENT_3D ( 'NONE', #354, #918, #863 ) ;
#1066 = LINE ( 'NONE', #182, #1153 ) ;
#1067 = FACE_OUTER_BOUND ( 'NONE', #11, .T. ) ;
#1068 = AXIS2_PLACEMENT_3D ( 'NONE', #1347, #1484, #797 ) ;
#1069 = FACE_OUTER_BOUND ( 'NONE', #395, .T. ) ;
#1070 = MECHANICAL_DESIGN_GEOMETRIC_PRESENTATION_REPRESENTATION (  '', ( #1472 ), #24 ) ;
#1071 = DIRECTION ( 'NONE',  ( -0.0000000000000000000, 1.000000000000000000, -0.0000000000000000000 ) ) ;
#1072 = VERTEX_POINT ( 'NONE', #1249 ) ;
#1073 = CYLINDRICAL_SURFACE ( 'NONE', #1121, 0.1081753260074173051 ) ;
#1074 = EDGE_CURVE ( 'NONE', #890, #514, #643, .T. ) ;
#1075 =( NAMED_UNIT ( * ) SI_UNIT ( $, .STERADIAN. ) SOLID_ANGLE_UNIT ( ) );
#1076 = DIRECTION ( 'NONE',  ( 1.355252715606881036E-16, 0.0000000000000000000, 1.000000000000000000 ) ) ;
#1077 = LINE ( 'NONE', #1194, #958 ) ;
#1078 = EDGE_LOOP ( 'NONE', ( #548, #431, #526, #1516 ) ) ;
#1079 = DIRECTION ( 'NONE',  ( -1.000000000000000000, -0.0000000000000000000, -0.0000000000000000000 ) ) ;
#1080 = EDGE_CURVE ( 'NONE', #1638, #639, #463, .T. ) ;
#1081 =( NAMED_UNIT ( * ) PLANE_ANGLE_UNIT ( ) SI_UNIT ( $, .RADIAN. ) );
#1082 = PRESENTATION_LAYER_ASSIGNMENT (  '', '', ( #199 ) ) ;
#1083 = SURFACE_STYLE_FILL_AREA ( #1643 ) ;
#1084 =( NAMED_UNIT ( * ) PLANE_ANGLE_UNIT ( ) SI_UNIT ( $, .RADIAN. ) );
#1085 =( NAMED_UNIT ( * ) PLANE_ANGLE_UNIT ( ) SI_UNIT ( $, .RADIAN. ) );
#1086 = CARTESIAN_POINT ( 'NONE',  ( 0.8615384615384634737, 0.007692307692308189733, -0.4000000000000002998 ) ) ;
#1087 = UNCERTAINTY_MEASURE_WITH_UNIT (LENGTH_MEASURE( 1.000000000000000082E-05 ), #725, 'distance_accuracy_value', 'NONE');
#1088 = PLANE ( 'NONE',  #1682 ) ;
#1089 = ORIENTED_EDGE ( 'NONE', *, *, #1198, .T. ) ;
#1090 = AXIS2_PLACEMENT_3D ( 'NONE', #201, #1481, #52 ) ;
#1091 = LINE ( 'NONE', #576, #1405 ) ;
#1092 = VECTOR ( 'NONE', #294, 1000.000000000000000 ) ;
#1093 = AXIS2_PLACEMENT_3D ( 'NONE', #142, #420, #663 ) ;
#1094 = LINE ( 'NONE', #1235, #809 ) ;
#1095 = ORIENTED_EDGE ( 'NONE', *, *, #212, .F. ) ;
#1096 = STYLED_ITEM ( 'NONE', ( #1180 ), #1336 ) ;
#1097 = SURFACE_SIDE_STYLE ('',( #582 ) ) ;
#1098 = CARTESIAN_POINT ( 'NONE',  ( 0.8000000000000000444, 0.4801616669596956433, -0.5248933833083128109 ) ) ;
#1099 = DIRECTION ( 'NONE',  ( 0.1240347345892124642, -0.9922778767136670730, -3.361968217632177939E-17 ) ) ;
#1100 = CARTESIAN_POINT ( 'NONE',  ( -0.4000000000000000777, 0.1332477336346254704, -0.5642521872520518400 ) ) ;
#1101 = ORIENTED_EDGE ( 'NONE', *, *, #388, .F. ) ;
#1102 = EDGE_CURVE ( 'NONE', #387, #733, #829, .T. ) ;
#1103 = DIRECTION ( 'NONE',  ( -0.0000000000000000000, 1.000000000000000000, -0.0000000000000000000 ) ) ;
#1104 = VECTOR ( 'NONE', #685, 1000.000000000000000 ) ;
#1105 = LINE ( 'NONE', #66, #989 ) ;
#1106 = ORIENTED_EDGE ( 'NONE', *, *, #563, .F. ) ;
#1107 = DIRECTION ( 'NONE',  ( -1.000000000000000000, -0.0000000000000000000, -0.0000000000000000000 ) ) ;
#1108 = EDGE_CURVE ( 'NONE', #981, #1334, #62, .T. ) ;
#1109 = DIRECTION ( 'NONE',  ( 1.000000000000000000, 0.0000000000000000000, 1.355252715606881036E-16 ) ) ;
#1110 = ORIENTED_EDGE ( 'NONE', *, *, #3, .F. ) ;
#1111 =( LENGTH_UNIT ( ) NAMED_UNIT ( * ) SI_UNIT ( .MILLI., .METRE. ) );
#1112 = FACE_OUTER_BOUND ( 'NONE', #307, .T. ) ;
#1113 = ORIENTED_EDGE ( 'NONE', *, *, #433, .F. ) ;
#1114 = FACE_OUTER_BOUND ( 'NONE', #200, .T. ) ;
#1115 = CARTESIAN_POINT ( 'NONE',  ( -0.1437499999999999889, 0.4749999999999998668, 0.3999999999999999667 ) ) ;
#1116 = ORIENTED_EDGE ( 'NONE', *, *, #902, .T. ) ;
#1117 = EDGE_CURVE ( 'NONE', #1690, #880, #342, .T. ) ;
#1118 = CARTESIAN_POINT ( 'NONE',  ( 0.8000000000000000444, 0.1000000000000028644, -0.2999999999999999889 ) ) ;
#1119 = ORIENTED_EDGE ( 'NONE', *, *, #581, .F. ) ;
#1120 = MECHANICAL_DESIGN_GEOMETRIC_PRESENTATION_REPRESENTATION (  '', ( #1433 ), #424 ) ;
#1121 = AXIS2_PLACEMENT_3D ( 'NONE', #308, #1048, #1364 ) ;
#1122 = DIRECTION ( 'NONE',  ( -5.596290531348820119E-18, -0.9991470664665036416, 0.04129333567756627438 ) ) ;
#1123 = ADVANCED_FACE ( 'NONE', ( #844 ), #1088, .F. ) ;
#1124 = LINE ( 'NONE', #1673, #1437 ) ;
#1125 = VECTOR ( 'NONE', #1279, 1000.000000000000000 ) ;
#1126 = AXIS2_PLACEMENT_3D ( 'NONE', #672, #437, #150 ) ;
#1127 = LINE ( 'NONE', #1240, #1157 ) ;
#1128 = ORIENTED_EDGE ( 'NONE', *, *, #1189, .F. ) ;
#1129 = CARTESIAN_POINT ( 'NONE',  ( 0.7624999999999994005, 0.7999999999999951594, -0.8000000000000001554 ) ) ;
#1130 = EDGE_CURVE ( 'NONE', #1513, #639, #1651, .T. ) ;
#1131 = MECHANICAL_DESIGN_GEOMETRIC_PRESENTATION_REPRESENTATION (  '', ( #183 ), #1581 ) ;
#1132 = ORIENTED_EDGE ( 'NONE', *, *, #1052, .F. ) ;
#1133 = DIRECTION ( 'NONE',  ( -1.000000000000000000, -0.0000000000000000000, -0.0000000000000000000 ) ) ;
#1134 = LINE ( 'NONE', #165, #910 ) ;
#1135 = CARTESIAN_POINT ( 'NONE',  ( 0.6000000000000000888, 0.008928968544270710767, -0.5443077952110808582 ) ) ;
#1136 = ORIENTED_EDGE ( 'NONE', *, *, #1237, .F. ) ;
#1137 = DIRECTION ( 'NONE',  ( -0.0000000000000000000, 0.04129333567756608009, 0.9991470664665036416 ) ) ;
#1138 = ORIENTED_EDGE ( 'NONE', *, *, #1674, .T. ) ;
#1139 = ORIENTED_EDGE ( 'NONE', *, *, #1230, .T. ) ;
#1140 = EDGE_CURVE ( 'NONE', #1020, #1400, #1127, .T. ) ;
#1141 = DIRECTION ( 'NONE',  ( -1.000000000000000000, -0.0000000000000000000, -0.0000000000000000000 ) ) ;
#1142 = FACE_OUTER_BOUND ( 'NONE', #421, .T. ) ;
#1143 = ORIENTED_EDGE ( 'NONE', *, *, #1047, .T. ) ;
#1144 = MECHANICAL_DESIGN_GEOMETRIC_PRESENTATION_REPRESENTATION (  '', ( #199 ), #1341 ) ;
#1145 = SURFACE_STYLE_FILL_AREA ( #104 ) ;
#1146 = ORIENTED_EDGE ( 'NONE', *, *, #1399, .F. ) ;
#1147 = LINE ( 'NONE', #1450, #1228 ) ;
#1148 = AXIS2_PLACEMENT_3D ( 'NONE', #1567, #635, #6 ) ;
#1149 = CARTESIAN_POINT ( 'NONE',  ( 0.8000000000000000444, 0.7999999999999951594, 0.3750000000000000000 ) ) ;
#1150 = COLOUR_RGB ( '',0.2509803921568627416, 0.2509803921568627416, 0.2509803921568627416 ) ;
#1151 = UNCERTAINTY_MEASURE_WITH_UNIT (LENGTH_MEASURE( 1.000000000000000082E-05 ), #616, 'distance_accuracy_value', 'NONE');
#1152 = PLANE ( 'NONE',  #882 ) ;
#1153 = VECTOR ( 'NONE', #1079, 1000.000000000000000 ) ;
#1154 = EDGE_CURVE ( 'NONE', #141, #813, #1544, .T. ) ;
#1155 = PLANE ( 'NONE',  #20 ) ;
#1156 = VERTEX_POINT ( 'NONE', #1017 ) ;
#1157 = VECTOR ( 'NONE', #1664, 1000.000000000000000 ) ;
#1158 = VECTOR ( 'NONE', #159, 1000.000000000000114 ) ;
#1159 = PRESENTATION_STYLE_ASSIGNMENT (( #1019 ) ) ;
#1160 = ORIENTED_EDGE ( 'NONE', *, *, #1495, .F. ) ;
#1161 = DIRECTION ( 'NONE',  ( 0.0000000000000000000, 0.0000000000000000000, -1.000000000000000000 ) ) ;
#1162 = LINE ( 'NONE', #1561, #1678 ) ;
#1163 = CIRCLE ( 'NONE', #295, 0.02500000000000006384 ) ;
#1164 =( NAMED_UNIT ( * ) PLANE_ANGLE_UNIT ( ) SI_UNIT ( $, .RADIAN. ) );
#1165 = CARTESIAN_POINT ( 'NONE',  ( 0.4000000000000000222, 0.1082629629591480985, -0.5633796998344893225 ) ) ;
#1166 = DIRECTION ( 'NONE',  ( -1.000000000000000000, -0.0000000000000000000, -0.0000000000000000000 ) ) ;
#1167 = ORIENTED_EDGE ( 'NONE', *, *, #239, .F. ) ;
#1168 = EDGE_CURVE ( 'NONE', #869, #642, #779, .T. ) ;
#1169 = CARTESIAN_POINT ( 'NONE',  ( 0.6000000000000000888, 0.4760323333919390110, -0.4249786766616625022 ) ) ;
#1170 = VERTEX_POINT ( 'NONE', #747 ) ;
#1171 = PLANE ( 'NONE',  #1148 ) ;
#1172 = FACE_OUTER_BOUND ( 'NONE', #591, .T. ) ;
#1173 = ORIENTED_EDGE ( 'NONE', *, *, #913, .F. ) ;
#1174 =( NAMED_UNIT ( * ) SI_UNIT ( $, .STERADIAN. ) SOLID_ANGLE_UNIT ( ) );
#1175 = FACE_OUTER_BOUND ( 'NONE', #534, .T. ) ;
#1176 = VECTOR ( 'NONE', #1526, 1000.000000000000000 ) ;
#1177 = EDGE_CURVE ( 'NONE', #497, #1275, #904, .T. ) ;
#1178 = MECHANICAL_DESIGN_GEOMETRIC_PRESENTATION_REPRESENTATION (  '', ( #474 ), #580 ) ;
#1179 = FACE_OUTER_BOUND ( 'NONE', #105, .T. ) ;
#1180 = PRESENTATION_STYLE_ASSIGNMENT (( #928 ) ) ;
#1181 = VERTEX_POINT ( 'NONE', #879 ) ;
#1182 = CIRCLE ( 'NONE', #1494, 0.02500000000000006384 ) ;
#1183 = CIRCLE ( 'NONE', #1068, 0.1081753260074173051 ) ;
#1184 = CARTESIAN_POINT ( 'NONE',  ( 0.1437500000000000444, 0.1000000000000000056, 0.8000000000000000444 ) ) ;
#1185 = ORIENTED_EDGE ( 'NONE', *, *, #1154, .F. ) ;
#1186 = AXIS2_PLACEMENT_3D ( 'NONE', #1483, #805, #1332 ) ;
#1187 = DIRECTION ( 'NONE',  ( 0.1230914909793366652, -0.9847319278346609028, -0.1230914909793366374 ) ) ;
#1188 = LINE ( 'NONE', #1022, #1290 ) ;
#1189 = EDGE_CURVE ( 'NONE', #28, #280, #379, .T. ) ;
#1190 = DIRECTION ( 'NONE',  ( 0.0000000000000000000, -0.9991470664665036416, -0.04129333567756627438 ) ) ;
#1191 = CARTESIAN_POINT ( 'NONE',  ( 0.8000000000000000444, 0.7999999999999951594, -0.3750000000000000000 ) ) ;
#1192 = LINE ( 'NONE', #533, #1158 ) ;
#1193 = ORIENTED_EDGE ( 'NONE', *, *, #1102, .F. ) ;
#1194 = CARTESIAN_POINT ( 'NONE',  ( 0.8000000000000000444, 0.5999999999999998668, -0.4000000000000002442 ) ) ;
#1195 = ORIENTED_EDGE ( 'NONE', *, *, #521, .F. ) ;
#1196 = LINE ( 'NONE', #448, #933 ) ;
#1197 = FILL_AREA_STYLE_COLOUR ( '', #1216 ) ;
#1198 = EDGE_CURVE ( 'NONE', #1513, #446, #236, .T. ) ;
#1199 =( LENGTH_UNIT ( ) NAMED_UNIT ( * ) SI_UNIT ( .MILLI., .METRE. ) );
#1200 = CARTESIAN_POINT ( 'NONE',  ( -0.8615384615384634737, 0.007692307692308189733, -0.4000000000000003553 ) ) ;
#1201 = ORIENTED_EDGE ( 'NONE', *, *, #1168, .T. ) ;
#1202 = UNCERTAINTY_MEASURE_WITH_UNIT (LENGTH_MEASURE( 1.000000000000000082E-05 ), #1199, 'distance_accuracy_value', 'NONE');
#1203 = VERTEX_POINT ( 'NONE', #1135 ) ;
#1204 = CARTESIAN_POINT ( 'NONE',  ( 0.6000000000000000888, 0.1000000000000000056, -0.8000000000000001554 ) ) ;
#1205 =( LENGTH_UNIT ( ) NAMED_UNIT ( * ) SI_UNIT ( .MILLI., .METRE. ) );
#1206 = DIRECTION ( 'NONE',  ( 0.0000000000000000000, 0.0000000000000000000, 1.000000000000000000 ) ) ;
#1207 = LINE ( 'NONE', #1200, #560 ) ;
#1208 = EDGE_CURVE ( 'NONE', #767, #651, #1287, .T. ) ;
#1209 = CARTESIAN_POINT ( 'NONE',  ( -0.1437500000000000444, 0.0000000000000000000, 0.8000000000000000444 ) ) ;
#1210 = ORIENTED_EDGE ( 'NONE', *, *, #481, .T. ) ;
#1211 = AXIS2_PLACEMENT_3D ( 'NONE', #1468, #553, #1339 ) ;
#1212 = CARTESIAN_POINT ( 'NONE',  ( -0.6000000000000001998, 0.1322154002426863539, -0.5392735105903891935 ) ) ;
#1213 = AXIS2_PLACEMENT_3D ( 'NONE', #972, #1109, #1385 ) ;
#1214 = AXIS2_PLACEMENT_3D ( 'NONE', #330, #704, #452 ) ;
#1215 = CARTESIAN_POINT ( 'NONE',  ( -0.6000000000000001998, 0.4801616669596956433, -0.5248933833083128109 ) ) ;
#1216 = COLOUR_RGB ( '',0.2509803921568627416, 0.2509803921568627416, 0.2509803921568627416 ) ;
#1217 = CARTESIAN_POINT ( 'NONE',  ( -0.1437499999999999889, 0.008928968544270703828, 0.5443077952110807471 ) ) ;
#1218 = ORIENTED_EDGE ( 'NONE', *, *, #1495, .T. ) ;
#1219 = MANIFOLD_SOLID_BREP ( 'Cut-Extrude3', #573 ) ;
#1220 = LINE ( 'NONE', #1388, #70 ) ;
#1221 = DIRECTION ( 'NONE',  ( 0.0000000000000000000, 0.0000000000000000000, 1.000000000000000000 ) ) ;
#1222 = DIRECTION ( 'NONE',  ( 0.0000000000000000000, 0.04129333567756608009, -0.9991470664665036416 ) ) ;
#1223 = DIRECTION ( 'NONE',  ( -1.000000000000000000, -0.0000000000000000000, -0.0000000000000000000 ) ) ;
#1224 = LINE ( 'NONE', #587, #824 ) ;
#1225 = ORIENTED_EDGE ( 'NONE', *, *, #1670, .F. ) ;
#1226 = DIRECTION ( 'NONE',  ( 0.0000000000000000000, 1.000000000000000000, 0.0000000000000000000 ) ) ;
#1227 = ORIENTED_EDGE ( 'NONE', *, *, #114, .T. ) ;
#1228 = VECTOR ( 'NONE', #495, 1000.000000000000000 ) ;
#1229 = DIRECTION ( 'NONE',  ( -0.0000000000000000000, 0.0000000000000000000, -1.000000000000000000 ) ) ;
#1230 = EDGE_CURVE ( 'NONE', #446, #1453, #999, .T. ) ;
#1231 = VERTEX_POINT ( 'NONE', #357 ) ;
#1232 = DIRECTION ( 'NONE',  ( -1.000000000000000000, -0.0000000000000000000, -1.355252715606881036E-16 ) ) ;
#1233 = DIRECTION ( 'NONE',  ( -0.0000000000000000000, 1.000000000000000000, -0.0000000000000000000 ) ) ;
#1234 = VECTOR ( 'NONE', #1071, 1000.000000000000000 ) ;
#1235 = CARTESIAN_POINT ( 'NONE',  ( 0.8000000000000000444, 0.1125714770170293533, 0.4400000000000000577 ) ) ;
#1236 = ORIENTED_EDGE ( 'NONE', *, *, #12, .T. ) ;
#1237 = EDGE_CURVE ( 'NONE', #1400, #890, #1410, .T. ) ;
#1238 = VECTOR ( 'NONE', #745, 1000.000000000000114 ) ;
#1239 = FILL_AREA_STYLE ('',( #443 ) ) ;
#1240 = CARTESIAN_POINT ( 'NONE',  ( 0.1437499999999999889, 0.0000000000000000000, 0.4000000000000002442 ) ) ;
#1241 = ORIENTED_EDGE ( 'NONE', *, *, #406, .F. ) ;
#1242 = DIRECTION ( 'NONE',  ( 0.0000000000000000000, -0.9991470664665036416, -0.04129333567756627438 ) ) ;
#1243 =( GEOMETRIC_REPRESENTATION_CONTEXT ( 3 ) GLOBAL_UNCERTAINTY_ASSIGNED_CONTEXT ( ( #1151 ) ) GLOBAL_UNIT_ASSIGNED_CONTEXT ( ( #616, #742, #624 ) ) REPRESENTATION_CONTEXT ( 'NONE', 'WORKASPACE' ) );
#1244 = CARTESIAN_POINT ( 'NONE',  ( -0.1437500000000000444, 0.0000000000000000000, 0.8000000000000000444 ) ) ;
#1245 = ORIENTED_EDGE ( 'NONE', *, *, #1315, .F. ) ;
#1246 = CARTESIAN_POINT ( 'NONE',  ( 0.4000000000000000222, 0.4760323333919390110, -0.4249786766616625022 ) ) ;
#1247 = ADVANCED_FACE ( 'NONE', ( #1418 ), #1155, .F. ) ;
#1248 = CARTESIAN_POINT ( 'NONE',  ( 0.8000000000000000444, 0.7999999999999951594, 0.3750000000000000000 ) ) ;
#1249 = CARTESIAN_POINT ( 'NONE',  ( -0.4000000000000000777, 0.4760323333919390110, -0.4249786766616625022 ) ) ;
#1250 = ORIENTED_EDGE ( 'NONE', *, *, #828, .F. ) ;
#1251 = CARTESIAN_POINT ( 'NONE',  ( -0.4000000000000000777, 0.4749999999999998668, -0.3999999999999999667 ) ) ;
#1252 = ADVANCED_FACE ( 'NONE', ( #764 ), #261, .F. ) ;
#1253 = CARTESIAN_POINT ( 'NONE',  ( -0.4000000000000000777, 0.1322154002426863539, -0.5392735105903891935 ) ) ;
#1254 = ORIENTED_EDGE ( 'NONE', *, *, #993, .F. ) ;
#1255 = FACE_OUTER_BOUND ( 'NONE', #1309, .T. ) ;
#1256 = LINE ( 'NONE', #71, #935 ) ;
#1257 = ORIENTED_EDGE ( 'NONE', *, *, #893, .T. ) ;
#1258 = EDGE_CURVE ( 'NONE', #603, #664, #1611, .T. ) ;
#1259 = FACE_OUTER_BOUND ( 'NONE', #1578, .T. ) ;
#1260 = VECTOR ( 'NONE', #1473, 1000.000000000000000 ) ;
#1261 = EDGE_LOOP ( 'NONE', ( #781, #1210, #19, #815 ) ) ;
#1262 = AXIS2_PLACEMENT_3D ( 'NONE', #175, #1615, #950 ) ;
#1263 = VECTOR ( 'NONE', #700, 1000.000000000000000 ) ;
#1264 = DIRECTION ( 'NONE',  ( -0.0000000000000000000, -0.0000000000000000000, 1.000000000000000000 ) ) ;
#1265 = FACE_OUTER_BOUND ( 'NONE', #385, .T. ) ;
#1266 = APPLICATION_CONTEXT ( 'automotive_design' ) ;
#1267 = CIRCLE ( 'NONE', #231, 0.1249999999999999445 ) ;
#1268 = VECTOR ( 'NONE', #951, 1000.000000000000114 ) ;
#1269 = FILL_AREA_STYLE_COLOUR ( '', #721 ) ;
#1270 = ORIENTED_EDGE ( 'NONE', *, *, #1177, .T. ) ;
#1271 = FILL_AREA_STYLE_COLOUR ( '', #612 ) ;
#1272 = ORIENTED_EDGE ( 'NONE', *, *, #1030, .T. ) ;
#1273 = EDGE_CURVE ( 'NONE', #808, #328, #1573, .T. ) ;
#1274 = VECTOR ( 'NONE', #285, 1000.000000000000114 ) ;
#1275 = VERTEX_POINT ( 'NONE', #523 ) ;
#1276 = CARTESIAN_POINT ( 'NONE',  ( 0.8000000000000000444, 0.4801616669596956433, -0.5248933833083128109 ) ) ;
#1277 = UNCERTAINTY_MEASURE_WITH_UNIT (LENGTH_MEASURE( 1.000000000000000082E-05 ), #1556, 'distance_accuracy_value', 'NONE');
#1278 = LINE ( 'NONE', #1024, #1238 ) ;
#1279 = DIRECTION ( 'NONE',  ( 0.2357022603955155615, -0.9428090415820630232, 0.2357022603955175877 ) ) ;
#1280 = ORIENTED_EDGE ( 'NONE', *, *, #926, .F. ) ;
#1281 = CARTESIAN_POINT ( 'NONE',  ( 0.1437499999999999889, 0.4749999999999998668, 0.3999999999999999667 ) ) ;
#1282 = ORIENTED_EDGE ( 'NONE', *, *, #932, .F. ) ;
#1283 = ADVANCED_FACE ( 'NONE', ( #18 ), #176, .F. ) ;
#1284 = DIRECTION ( 'NONE',  ( -1.000000000000000000, -0.0000000000000000000, -0.0000000000000000000 ) ) ;
#1285 = CARTESIAN_POINT ( 'NONE',  ( 0.8000000000000000444, 0.1082629629591480985, -0.5633796998344893225 ) ) ;
#1286 = CARTESIAN_POINT ( 'NONE',  ( 0.6000000000000000888, 0.008928968544270698623, -0.5443077952110808582 ) ) ;
#1287 = LINE ( 'NONE', #134, #1436 ) ;
#1288 = ORIENTED_EDGE ( 'NONE', *, *, #1296, .T. ) ;
#1289 = PRODUCT_DEFINITION_SHAPE ( 'NONE', 'NONE',  #729 ) ;
#1290 = VECTOR ( 'NONE', #397, 1000.000000000000000 ) ;
#1291 = DIRECTION ( 'NONE',  ( -1.000000000000000000, -0.0000000000000000000, -0.0000000000000000000 ) ) ;
#1292 = ORIENTED_EDGE ( 'NONE', *, *, #1617, .T. ) ;
#1293 = AXIS2_PLACEMENT_3D ( 'NONE', #190, #1363, #1351 ) ;
#1294 = CARTESIAN_POINT ( 'NONE',  ( 0.8000000000000000444, 0.5000000000000000000, -0.4000000000000000222 ) ) ;
#1295 = DIRECTION ( 'NONE',  ( 0.0000000000000000000, 0.0000000000000000000, 1.000000000000000000 ) ) ;
#1296 = EDGE_CURVE ( 'NONE', #1633, #869, #1606, .T. ) ;
#1297 = VECTOR ( 'NONE', #465, 1000.000000000000000 ) ;
#1298 =( NAMED_UNIT ( * ) SI_UNIT ( $, .STERADIAN. ) SOLID_ANGLE_UNIT ( ) );
#1299 =( NAMED_UNIT ( * ) PLANE_ANGLE_UNIT ( ) SI_UNIT ( $, .RADIAN. ) );
#1300 = ORIENTED_EDGE ( 'NONE', *, *, #963, .F. ) ;
#1301 = VECTOR ( 'NONE', #1618, 1000.000000000000000 ) ;
#1302 = VECTOR ( 'NONE', #688, 1000.000000000000114 ) ;
#1303 =( NAMED_UNIT ( * ) PLANE_ANGLE_UNIT ( ) SI_UNIT ( $, .RADIAN. ) );
#1304 = DIRECTION ( 'NONE',  ( -1.000000000000000000, 0.0000000000000000000, 1.355252715606881036E-16 ) ) ;
#1305 = SURFACE_STYLE_FILL_AREA ( #803 ) ;
#1306 = EDGE_CURVE ( 'NONE', #642, #1513, #1207, .T. ) ;
#1307 = SURFACE_STYLE_FILL_AREA ( #1051 ) ;
#1308 = VERTEX_POINT ( 'NONE', #288 ) ;
#1309 = EDGE_LOOP ( 'NONE', ( #237, #743, #916, #1035 ) ) ;
#1310 = SURFACE_SIDE_STYLE ('',( #390 ) ) ;
#1311 = LINE ( 'NONE', #1165, #1346 ) ;
#1312 = PLANE ( 'NONE',  #1009 ) ;
#1313 = ORIENTED_EDGE ( 'NONE', *, *, #1454, .F. ) ;
#1314 = PLANE ( 'NONE',  #1093 ) ;
#1315 = EDGE_CURVE ( 'NONE', #1181, #1170, #1192, .T. ) ;
#1316 = LINE ( 'NONE', #1276, #1517 ) ;
#1317 = FILL_AREA_STYLE ('',( #1459 ) ) ;
#1318 = CARTESIAN_POINT ( 'NONE',  ( -0.4000000000000000777, 0.4801616669596956433, -0.5248933833083128109 ) ) ;
#1319 = PLANE ( 'NONE',  #1359 ) ;
#1320 = VECTOR ( 'NONE', #124, 1000.000000000000000 ) ;
#1321 = DIRECTION ( 'NONE',  ( -5.596290531348793156E-18, 0.9991470664665036416, 0.04129333567756608009 ) ) ;
#1322 = SURFACE_SIDE_STYLE ('',( #795 ) ) ;
#1323 = ORIENTED_EDGE ( 'NONE', *, *, #1444, .F. ) ;
#1324 = AXIS2_PLACEMENT_3D ( 'NONE', #479, #343, #1511 ) ;
#1325 = VECTOR ( 'NONE', #739, 1000.000000000000000 ) ;
#1326 = LINE ( 'NONE', #1447, #668 ) ;
#1327 = ORIENTED_EDGE ( 'NONE', *, *, #50, .F. ) ;
#1328 = EDGE_CURVE ( 'NONE', #1596, #1550, #34, .T. ) ;
#1329 = LINE ( 'NONE', #1352, #398 ) ;
#1330 = DIRECTION ( 'NONE',  ( -1.000000000000000000, -0.0000000000000000000, -0.0000000000000000000 ) ) ;
#1331 = DIRECTION ( 'NONE',  ( -0.0000000000000000000, 0.0000000000000000000, 1.000000000000000000 ) ) ;
#1332 = DIRECTION ( 'NONE',  ( 0.0000000000000000000, 0.0000000000000000000, 1.000000000000000000 ) ) ;
#1333 = DIRECTION ( 'NONE',  ( -0.1230914909793366652, 0.9847319278346609028, -0.1230914909793366374 ) ) ;
#1334 = VERTEX_POINT ( 'NONE', #298 ) ;
#1335 = DIRECTION ( 'NONE',  ( -1.000000000000000000, -0.0000000000000000000, -0.0000000000000000000 ) ) ;
#1336 = ADVANCED_FACE ( 'NONE', ( #427 ), #1345, .F. ) ;
#1337 = FILL_AREA_STYLE_COLOUR ( '', #1150 ) ;
#1338 = ORIENTED_EDGE ( 'NONE', *, *, #78, .F. ) ;
#1339 = DIRECTION ( 'NONE',  ( 0.0000000000000000000, 0.0000000000000000000, -1.000000000000000000 ) ) ;
#1340 = PLANE ( 'NONE',  #366 ) ;
#1341 =( GEOMETRIC_REPRESENTATION_CONTEXT ( 3 ) GLOBAL_UNCERTAINTY_ASSIGNED_CONTEXT ( ( #912 ) ) GLOBAL_UNIT_ASSIGNED_CONTEXT ( ( #506, #1013, #653 ) ) REPRESENTATION_CONTEXT ( 'NONE', 'WORKASPACE' ) );
#1342 = FILL_AREA_STYLE ('',( #302 ) ) ;
#1343 = DIRECTION ( 'NONE',  ( -0.0000000000000000000, 0.0000000000000000000, 1.000000000000000000 ) ) ;
#1344 = ADVANCED_FACE ( 'NONE', ( #540 ), #1312, .F. ) ;
#1345 = PLANE ( 'NONE',  #401 ) ;
#1346 = VECTOR ( 'NONE', #671, 1000.000000000000000 ) ;
#1347 = CARTESIAN_POINT ( 'NONE',  ( 0.4000000000000000222, 0.1170383970658838008, -0.5480830596443687641 ) ) ;
#1348 = EDGE_LOOP ( 'NONE', ( #652, #4, #892, #372 ) ) ;
#1349 = PRESENTATION_LAYER_ASSIGNMENT (  '', '', ( #1433 ) ) ;
#1350 = AXIS2_PLACEMENT_3D ( 'NONE', #684, #537, #1057 ) ;
#1351 = DIRECTION ( 'NONE',  ( 0.0000000000000000000, 0.9991470664665036416, 0.04129333567756608009 ) ) ;
#1352 = CARTESIAN_POINT ( 'NONE',  ( 0.8000000000000000444, 0.1125714770170293672, -0.4400000000000000577 ) ) ;
#1353 =( GEOMETRIC_REPRESENTATION_CONTEXT ( 3 ) GLOBAL_UNCERTAINTY_ASSIGNED_CONTEXT ( ( #1360 ) ) GLOBAL_UNIT_ASSIGNED_CONTEXT ( ( #622, #1303, #930 ) ) REPRESENTATION_CONTEXT ( 'NONE', 'WORKASPACE' ) );
#1354 = PRESENTATION_LAYER_ASSIGNMENT (  '', '', ( #1096 ) ) ;
#1355 = CARTESIAN_POINT ( 'NONE',  ( 0.8000000000000000444, 0.1000000000000028644, -0.2999999999999999889 ) ) ;
#1356 = PRESENTATION_STYLE_ASSIGNMENT (( #600 ) ) ;
#1357 = CYLINDRICAL_SURFACE ( 'NONE', #369, 0.1249999999999999445 ) ;
#1358 = EDGE_CURVE ( 'NONE', #230, #1308, #1409, .T. ) ;
#1359 = AXIS2_PLACEMENT_3D ( 'NONE', #1471, #1608, #274 ) ;
#1360 = UNCERTAINTY_MEASURE_WITH_UNIT (LENGTH_MEASURE( 1.000000000000000082E-05 ), #622, 'distance_accuracy_value', 'NONE');
#1361 = CARTESIAN_POINT ( 'NONE',  ( 0.1437499999999999889, 0.5000000000000008882, 0.4000000000000002442 ) ) ;
#1362 = VERTEX_POINT ( 'NONE', #1514 ) ;
#1363 = DIRECTION ( 'NONE',  ( 0.0000000000000000000, 0.04129333567756608009, -0.9991470664665036416 ) ) ;
#1364 = DIRECTION ( 'NONE',  ( 0.0000000000000000000, 0.0000000000000000000, 1.000000000000000000 ) ) ;
#1365 = DIRECTION ( 'NONE',  ( -5.596290531348820119E-18, 0.9991470664665036416, -0.04129333567756627438 ) ) ;
#1366 = ORIENTED_EDGE ( 'NONE', *, *, #1617, .F. ) ;
#1367 = ADVANCED_FACE ( 'NONE', ( #77 ), #195, .F. ) ;
#1368 = DIRECTION ( 'NONE',  ( 0.0000000000000000000, -0.04129333567756627438, -0.9991470664665036416 ) ) ;
#1369 = CARTESIAN_POINT ( 'NONE',  ( 0.8000000000000000444, 0.4749999999999998668, -0.3999999999999999667 ) ) ;
#1370 = DIRECTION ( 'NONE',  ( 0.0000000000000000000, 0.0000000000000000000, 1.000000000000000000 ) ) ;
#1371 = DIRECTION ( 'NONE',  ( -1.000000000000000000, -0.0000000000000000000, -0.0000000000000000000 ) ) ;
#1372 = VERTEX_POINT ( 'NONE', #338 ) ;
#1373 = SURFACE_STYLE_USAGE ( .BOTH. , #858 ) ;
#1374 = ADVANCED_FACE ( 'NONE', ( #1114 ), #834, .F. ) ;
#1375 = ORIENTED_EDGE ( 'NONE', *, *, #102, .F. ) ;
#1376 = LINE ( 'NONE', #203, #936 ) ;
#1377 = EDGE_LOOP ( 'NONE', ( #48, #621, #1522, #1421 ) ) ;
#1378 = CIRCLE ( 'NONE', #1262, 0.1081753260074173051 ) ;
#1379 = DIRECTION ( 'NONE',  ( 0.0000000000000000000, 0.03489949670250142022, 0.9993908270190956511 ) ) ;
#1380 = VECTOR ( 'NONE', #1242, 1000.000000000000000 ) ;
#1381 = EDGE_CURVE ( 'NONE', #808, #651, #855, .T. ) ;
#1382 = CARTESIAN_POINT ( 'NONE',  ( -0.4000000000000000222, 0.4999999999999998890, -0.4000000000000002442 ) ) ;
#1383 = AXIS2_PLACEMENT_3D ( 'NONE', #991, #1663, #242 ) ;
#1384 = CARTESIAN_POINT ( 'NONE',  ( 0.4000000000000000222, 0.1125714770170293672, -0.4400000000000000577 ) ) ;
#1385 = DIRECTION ( 'NONE',  ( 1.355252715606881036E-16, 0.0000000000000000000, -1.000000000000000000 ) ) ;
#1386 = EDGE_LOOP ( 'NONE', ( #358, #1282, #129, #56 ) ) ;
#1387 = AXIS2_PLACEMENT_3D ( 'NONE', #1614, #727, #173 ) ;
#1388 = CARTESIAN_POINT ( 'NONE',  ( -0.1437499999999999889, 0.1125714770170293672, 0.4400000000000000577 ) ) ;
#1389 = CARTESIAN_POINT ( 'NONE',  ( -0.7624999999999994005, 0.7999999999999951594, -0.3749999999999998890 ) ) ;
#1390 = CARTESIAN_POINT ( 'NONE',  ( -0.1437500000000000444, 0.1000000000000000056, 0.8000000000000000444 ) ) ;
#1391 = VERTEX_POINT ( 'NONE', #1508 ) ;
#1392 = PLANE ( 'NONE',  #1576 ) ;
#1393 = ADVANCED_FACE ( 'NONE', ( #712 ), #1392, .F. ) ;
#1394 = DIRECTION ( 'NONE',  ( -1.000000000000000000, 0.0000000000000000000, -0.0000000000000000000 ) ) ;
#1395 = ORIENTED_EDGE ( 'NONE', *, *, #604, .T. ) ;
#1396 = CARTESIAN_POINT ( 'NONE',  ( 0.1437499999999999889, 0.008928968544270710767, 0.5443077952110808582 ) ) ;
#1397 = ORIENTED_EDGE ( 'NONE', *, *, #1469, .T. ) ;
#1398 = VECTOR ( 'NONE', #901, 1000.000000000000000 ) ;
#1399 = EDGE_CURVE ( 'NONE', #728, #642, #314, .T. ) ;
#1400 = VERTEX_POINT ( 'NONE', #186 ) ;
#1401 = DIRECTION ( 'NONE',  ( 0.0000000000000000000, 0.0000000000000000000, -1.000000000000000000 ) ) ;
#1402 = ORIENTED_EDGE ( 'NONE', *, *, #1006, .T. ) ;
#1403 = AXIS2_PLACEMENT_3D ( 'NONE', #804, #1331, #158 ) ;
#1404 = ORIENTED_EDGE ( 'NONE', *, *, #1074, .F. ) ;
#1405 = VECTOR ( 'NONE', #590, 1000.000000000000000 ) ;
#1406 = VECTOR ( 'NONE', #36, 1000.000000000000000 ) ;
#1407 = LINE ( 'NONE', #115, #528 ) ;
#1408 = DIRECTION ( 'NONE',  ( -0.0000000000000000000, 1.000000000000000000, -0.0000000000000000000 ) ) ;
#1409 = CIRCLE ( 'NONE', #1214, 0.1249999999999998890 ) ;
#1410 = LINE ( 'NONE', #629, #1497 ) ;
#1411 = ORIENTED_EDGE ( 'NONE', *, *, #638, .T. ) ;
#1412 = VERTEX_POINT ( 'NONE', #1490 ) ;
#1413 = FILL_AREA_STYLE_COLOUR ( '', #592 ) ;
#1414 = FACE_OUTER_BOUND ( 'NONE', #1456, .T. ) ;
#1415 = DIRECTION ( 'NONE',  ( -1.000000000000000000, -0.0000000000000000000, -0.0000000000000000000 ) ) ;
#1416 = EDGE_CURVE ( 'NONE', #103, #346, #826, .T. ) ;
#1417 = CARTESIAN_POINT ( 'NONE',  ( -0.6000000000000001998, 0.1125714770170293672, -0.4400000000000000577 ) ) ;
#1418 = FACE_OUTER_BOUND ( 'NONE', #579, .T. ) ;
#1419 = ORIENTED_EDGE ( 'NONE', *, *, #828, .T. ) ;
#1420 = PLANE ( 'NONE',  #453 ) ;
#1421 = ORIENTED_EDGE ( 'NONE', *, *, #1560, .T. ) ;
#1422 = EDGE_CURVE ( 'NONE', #1677, #767, #61, .T. ) ;
#1423 = DIRECTION ( 'NONE',  ( -1.000000000000000000, -0.0000000000000000000, -0.0000000000000000000 ) ) ;
#1424 = CARTESIAN_POINT ( 'NONE',  ( -0.4000000000000000222, 0.0000000000000000000, -0.4000000000000002442 ) ) ;
#1425 = PRESENTATION_STYLE_ASSIGNMENT (( #896 ) ) ;
#1426 = DIRECTION ( 'NONE',  ( -0.0000000000000000000, -0.0000000000000000000, 1.000000000000000000 ) ) ;
#1427 = EDGE_LOOP ( 'NONE', ( #765, #841, #1504, #748 ) ) ;
#1428 = CARTESIAN_POINT ( 'NONE',  ( -0.4000000000000000777, 0.1125714770170293672, -0.4400000000000000577 ) ) ;
#1429 = ORIENTED_EDGE ( 'NONE', *, *, #1432, .F. ) ;
#1430 = LINE ( 'NONE', #785, #929 ) ;
#1431 = AXIS2_PLACEMENT_3D ( 'NONE', #1620, #1232, #589 ) ;
#1432 = EDGE_CURVE ( 'NONE', #1627, #1362, #1376, .T. ) ;
#1433 = STYLED_ITEM ( 'NONE', ( #1356 ), #345 ) ;
#1434 = SURFACE_STYLE_USAGE ( .BOTH. , #509 ) ;
#1435 = ORIENTED_EDGE ( 'NONE', *, *, #433, .T. ) ;
#1436 = VECTOR ( 'NONE', #1564, 1000.000000000000000 ) ;
#1437 = VECTOR ( 'NONE', #364, 1000.000000000000000 ) ;
#1438 = DIRECTION ( 'NONE',  ( 0.0000000000000000000, 2.168404344971003346E-15, -1.000000000000000000 ) ) ;
#1439 = ORIENTED_EDGE ( 'NONE', *, *, #1560, .F. ) ;
#1440 = SURFACE_STYLE_USAGE ( .BOTH. , #784 ) ;
#1441 = CARTESIAN_POINT ( 'NONE',  ( -0.3999999999999999667, 0.0000000000000000000, -0.8000000000000001554 ) ) ;
#1442 = MECHANICAL_DESIGN_GEOMETRIC_PRESENTATION_REPRESENTATION (  '', ( #915 ), #1609 ) ;
#1443 = CARTESIAN_POINT ( 'NONE',  ( 0.4000000000000000222, 0.1125714770170293672, -0.4400000000000000577 ) ) ;
#1444 = EDGE_CURVE ( 'NONE', #1638, #180, #1640, .T. ) ;
#1445 =( NAMED_UNIT ( * ) SI_UNIT ( $, .STERADIAN. ) SOLID_ANGLE_UNIT ( ) );
#1446 = EDGE_LOOP ( 'NONE', ( #705, #541, #234, #1110, #482, #866, #1160, #1250, #931, #1280 ) ) ;
#1447 = CARTESIAN_POINT ( 'NONE',  ( -0.7111111111111114713, 0.1444444444444449860, 0.3111111111111105609 ) ) ;
#1448 = EDGE_LOOP ( 'NONE', ( #1478, #1288, #755, #1272 ) ) ;
#1449 = APPLICATION_PROTOCOL_DEFINITION ( 'draft international standard', 'automotive_design', 1998, #1266 ) ;
#1450 = CARTESIAN_POINT ( 'NONE',  ( 0.8000000000000000444, 0.008928968544270698623, -0.5443077952110808582 ) ) ;
#1451 =( NAMED_UNIT ( * ) SI_UNIT ( $, .STERADIAN. ) SOLID_ANGLE_UNIT ( ) );
#1452 = DIRECTION ( 'NONE',  ( -0.1240347345892124642, -0.9922778767136670730, -6.723936435264355877E-17 ) ) ;
#1453 = VERTEX_POINT ( 'NONE', #391 ) ;
#1454 = EDGE_CURVE ( 'NONE', #1513, #1181, #377, .T. ) ;
#1455 = DIRECTION ( 'NONE',  ( 0.0000000000000000000, 0.0000000000000000000, -1.000000000000000000 ) ) ;
#1456 = EDGE_LOOP ( 'NONE', ( #625, #971, #657, #923 ) ) ;
#1457 = CIRCLE ( 'NONE', #1649, 0.1081753260074173051 ) ;
#1458 = CARTESIAN_POINT ( 'NONE',  ( 0.8000000000000000444, 0.4801616669596956433, 0.5248933833083128109 ) ) ;
#1459 = FILL_AREA_STYLE_COLOUR ( '', #1043 ) ;
#1460 = CARTESIAN_POINT ( 'NONE',  ( -0.1437499999999999889, 0.1322154002426863262, 0.5392735105903891935 ) ) ;
#1461 = COLOUR_RGB ( '',0.2509803921568627416, 0.2509803921568627416, 0.2509803921568627416 ) ;
#1462 = DIRECTION ( 'NONE',  ( 1.000000000000000000, 0.0000000000000000000, -1.355252715606880789E-16 ) ) ;
#1463 = ORIENTED_EDGE ( 'NONE', *, *, #239, .T. ) ;
#1464 = CIRCLE ( 'NONE', #1211, 0.02500000000000006384 ) ;
#1465 = AXIS2_PLACEMENT_3D ( 'NONE', #952, #1491, #252 ) ;
#1466 = CARTESIAN_POINT ( 'NONE',  ( -0.1437499999999999889, 0.1332477336346254704, 0.5642521872520518400 ) ) ;
#1467 = STYLED_ITEM ( 'NONE', ( #40 ), #1541 ) ;
#1468 = CARTESIAN_POINT ( 'NONE',  ( 0.4000000000000000222, 0.1332477336346254704, -0.5642521872520518400 ) ) ;
#1469 = EDGE_CURVE ( 'NONE', #861, #1308, #1124, .T. ) ;
#1470 = PRODUCT_CONTEXT ( 'NONE', #1266, 'mechanical' ) ;
#1471 = CARTESIAN_POINT ( 'NONE',  ( -0.6352941176470591200, -0.1588235294117646412, -0.8000000000000001554 ) ) ;
#1472 = STYLED_ITEM ( 'NONE', ( #156 ), #132 ) ;
#1473 = DIRECTION ( 'NONE',  ( 5.596290531348819349E-18, 0.9991470664665036416, 0.04129333567756627438 ) ) ;
#1474 =( LENGTH_UNIT ( ) NAMED_UNIT ( * ) SI_UNIT ( .MILLI., .METRE. ) );
#1475 = AXIS2_PLACEMENT_3D ( 'NONE', #1355, #1226, #327 ) ;
#1476 = ORIENTED_EDGE ( 'NONE', *, *, #811, .F. ) ;
#1477 = DIRECTION ( 'NONE',  ( -1.000000000000000000, 0.0000000000000000000, 0.0000000000000000000 ) ) ;
#1478 = ORIENTED_EDGE ( 'NONE', *, *, #281, .T. ) ;
#1479 = CARTESIAN_POINT ( 'NONE',  ( 0.8000000000000000444, 0.7999999999999951594, -0.3750000000000000000 ) ) ;
#1480 = ADVANCED_FACE ( 'NONE', ( #1142 ), #250, .F. ) ;
#1481 = DIRECTION ( 'NONE',  ( -0.0000000000000000000, 0.2425356250363347455, 0.9701425001453315433 ) ) ;
#1482 = PLANE ( 'NONE',  #1036 ) ;
#1483 = CARTESIAN_POINT ( 'NONE',  ( 0.6000000000000000888, 0.0000000000000000000, -0.8000000000000001554 ) ) ;
#1484 = DIRECTION ( 'NONE',  ( 1.000000000000000000, 0.0000000000000000000, -1.355252715606880789E-16 ) ) ;
#1485 = ORIENTED_EDGE ( 'NONE', *, *, #1273, .F. ) ;
#1486 = LINE ( 'NONE', #1621, #851 ) ;
#1487 = LINE ( 'NONE', #1294, #676 ) ;
#1488 = LINE ( 'NONE', #703, #640 ) ;
#1489 = DIRECTION ( 'NONE',  ( -1.000000000000000000, -0.0000000000000000000, -0.0000000000000000000 ) ) ;
#1490 = CARTESIAN_POINT ( 'NONE',  ( -0.7624999999999995115, 0.7999999999999951594, 0.3749999999999997224 ) ) ;
#1491 = DIRECTION ( 'NONE',  ( 1.000000000000000000, -0.0000000000000000000, -0.0000000000000000000 ) ) ;
#1492 = ORIENTED_EDGE ( 'NONE', *, *, #716, .F. ) ;
#1493 = VECTOR ( 'NONE', #908, 1000.000000000000000 ) ;
#1494 = AXIS2_PLACEMENT_3D ( 'NONE', #1518, #471, #1401 ) ;
#1495 = EDGE_CURVE ( 'NONE', #1627, #905, #1278, .T. ) ;
#1496 = CARTESIAN_POINT ( 'NONE',  ( 0.8000000000000000444, 0.5999999999999998668, -0.4000000000000002442 ) ) ;
#1497 = VECTOR ( 'NONE', #1166, 1000.000000000000000 ) ;
#1498 = CARTESIAN_POINT ( 'NONE',  ( 0.8000000000000000444, 0.0000000000000000000, -0.4000000000000002998 ) ) ;
#1499 = DIRECTION ( 'NONE',  ( 0.0000000000000000000, -0.1240347345892124503, 0.9922778767136671840 ) ) ;
#1500 = EDGE_CURVE ( 'NONE', #880, #596, #647, .T. ) ;
#1501 = AXIS2_PLACEMENT_3D ( 'NONE', #1498, #1632, #598 ) ;
#1502 = UNCERTAINTY_MEASURE_WITH_UNIT (LENGTH_MEASURE( 1.000000000000000082E-05 ), #1474, 'distance_accuracy_value', 'NONE');
#1503 = DIRECTION ( 'NONE',  ( 0.0000000000000000000, 0.0000000000000000000, 1.000000000000000000 ) ) ;
#1504 = ORIENTED_EDGE ( 'NONE', *, *, #178, .F. ) ;
#1505 = DIRECTION ( 'NONE',  ( -1.354427132270236200E-16, -0.03489949670250157288, 0.9993908270190956511 ) ) ;
#1506 = LINE ( 'NONE', #701, #265 ) ;
#1507 = EDGE_LOOP ( 'NONE', ( #973, #568, #1119, #753 ) ) ;
#1508 = CARTESIAN_POINT ( 'NONE',  ( -0.1437499999999999889, 0.008928968544270710767, 0.5443077952110808582 ) ) ;
#1509 = ORIENTED_EDGE ( 'NONE', *, *, #29, .T. ) ;
#1510 = ADVANCED_FACE ( 'NONE', ( #1265 ), #1152, .F. ) ;
#1511 = DIRECTION ( 'NONE',  ( 0.0000000000000000000, 0.0000000000000000000, -1.000000000000000000 ) ) ;
#1512 = SURFACE_STYLE_FILL_AREA ( #1342 ) ;
#1513 = VERTEX_POINT ( 'NONE', #619 ) ;
#1514 = CARTESIAN_POINT ( 'NONE',  ( -0.1437499999999999889, 0.4760323333919390665, 0.4249786766616625577 ) ) ;
#1515 = CARTESIAN_POINT ( 'NONE',  ( 0.8000000000000000444, 0.008928968544270698623, -0.5443077952110808582 ) ) ;
#1516 = ORIENTED_EDGE ( 'NONE', *, *, #757, .T. ) ;
#1517 = VECTOR ( 'NONE', #626, 1000.000000000000000 ) ;
#1518 = CARTESIAN_POINT ( 'NONE',  ( -0.6000000000000001998, 0.1332477336346254704, -0.5642521872520518400 ) ) ;
#1519 = VECTOR ( 'NONE', #507, 1000.000000000000000 ) ;
#1520 = EDGE_CURVE ( 'NONE', #1677, #491, #1134, .T. ) ;
#1521 = MECHANICAL_DESIGN_GEOMETRIC_PRESENTATION_REPRESENTATION (  '', ( #257 ), #1575 ) ;
#1522 = ORIENTED_EDGE ( 'NONE', *, *, #1273, .T. ) ;
#1523 = CYLINDRICAL_SURFACE ( 'NONE', #957, 0.1081753260074173051 ) ;
#1524 = FACE_OUTER_BOUND ( 'NONE', #736, .T. ) ;
#1525 = ORIENTED_EDGE ( 'NONE', *, *, #148, .F. ) ;
#1526 = DIRECTION ( 'NONE',  ( -1.000000000000000000, -0.0000000000000000000, -0.0000000000000000000 ) ) ;
#1527 = PLANE ( 'NONE',  #982 ) ;
#1528 = ORIENTED_EDGE ( 'NONE', *, *, #902, .F. ) ;
#1529 = ADVANCED_FACE ( 'NONE', ( #1175 ), #32, .F. ) ;
#1530 = DIRECTION ( 'NONE',  ( 0.0000000000000000000, 0.0000000000000000000, 1.000000000000000000 ) ) ;
#1531 = DIRECTION ( 'NONE',  ( -5.421010862427523156E-16, 0.0000000000000000000, 1.000000000000000000 ) ) ;
#1532 = PRESENTATION_STYLE_ASSIGNMENT (( #1434 ) ) ;
#1533 = ORIENTED_EDGE ( 'NONE', *, *, #212, .T. ) ;
#1534 = ORIENTED_EDGE ( 'NONE', *, *, #102, .T. ) ;
#1535 = ORIENTED_EDGE ( 'NONE', *, *, #166, .T. ) ;
#1536 = CARTESIAN_POINT ( 'NONE',  ( 0.8000000000000000444, 0.5999999999999998668, -0.4000000000000002442 ) ) ;
#1537 = UNCERTAINTY_MEASURE_WITH_UNIT (LENGTH_MEASURE( 1.000000000000000082E-05 ), #1625, 'distance_accuracy_value', 'NONE');
#1538 = VERTEX_POINT ( 'NONE', #786 ) ;
#1539 = CARTESIAN_POINT ( 'NONE',  ( 0.8000000000000000444, 0.008928968544270698623, 0.5443077952110808582 ) ) ;
#1540 = ORIENTED_EDGE ( 'NONE', *, *, #716, .T. ) ;
#1541 = ADVANCED_FACE ( 'NONE', ( #1571 ), #1319, .T. ) ;
#1542 = CARTESIAN_POINT ( 'NONE',  ( 0.7874999999999992006, 0.6000000000000026423, -0.4000000000000002998 ) ) ;
#1543 = VECTOR ( 'NONE', #1607, 1000.000000000000000 ) ;
#1544 = CIRCLE ( 'NONE', #1465, 0.02500000000000006384 ) ;
#1545 = DIRECTION ( 'NONE',  ( 0.0000000000000000000, 0.0000000000000000000, 1.000000000000000000 ) ) ;
#1546 = MECHANICAL_DESIGN_GEOMETRIC_PRESENTATION_REPRESENTATION (  '', ( #232 ), #259 ) ;
#1547 = EDGE_LOOP ( 'NONE', ( #467, #238, #418, #246 ) ) ;
#1548 = EDGE_CURVE ( 'NONE', #1231, #830, #670, .T. ) ;
#1549 = DIRECTION ( 'NONE',  ( -1.000000000000000000, -0.0000000000000000000, -0.0000000000000000000 ) ) ;
#1550 = VERTEX_POINT ( 'NONE', #1460 ) ;
#1551 = PRODUCT ( 'User Library-SOT-523', 'User Library-SOT-523', '', ( #1470 ) ) ;
#1552 = AXIS2_PLACEMENT_3D ( 'NONE', #860, #1660, #868 ) ;
#1553 =( NAMED_UNIT ( * ) PLANE_ANGLE_UNIT ( ) SI_UNIT ( $, .RADIAN. ) );
#1554 = LINE ( 'NONE', #792, #477 ) ;
#1555 = UNCERTAINTY_MEASURE_WITH_UNIT (LENGTH_MEASURE( 1.000000000000000082E-05 ), #655, 'distance_accuracy_value', 'NONE');
#1556 =( LENGTH_UNIT ( ) NAMED_UNIT ( * ) SI_UNIT ( .MILLI., .METRE. ) );
#1557 = SURFACE_SIDE_STYLE ('',( #1307 ) ) ;
#1558 = ORIENTED_EDGE ( 'NONE', *, *, #58, .F. ) ;
#1559 = ORIENTED_EDGE ( 'NONE', *, *, #1080, .F. ) ;
#1560 = EDGE_CURVE ( 'NONE', #328, #346, #1582, .T. ) ;
#1561 = CARTESIAN_POINT ( 'NONE',  ( -0.7388257575757557483, 0.9893939393939403804, 0.3513257575757560702 ) ) ;
#1562 = DIRECTION ( 'NONE',  ( -1.000000000000000000, -0.0000000000000000000, -0.0000000000000000000 ) ) ;
#1563 = PLANE ( 'NONE',  #396 ) ;
#1564 = DIRECTION ( 'NONE',  ( -1.000000000000000000, -0.0000000000000000000, -0.0000000000000000000 ) ) ;
#1565 = ORIENTED_EDGE ( 'NONE', *, *, #1117, .T. ) ;
#1566 = ORIENTED_EDGE ( 'NONE', *, *, #58, .T. ) ;
#1567 = CARTESIAN_POINT ( 'NONE',  ( 0.6352941176470591200, -0.1588235294117646412, -0.8000000000000001554 ) ) ;
#1568 = VECTOR ( 'NONE', #1321, 1000.000000000000114 ) ;
#1569 = ADVANCED_FACE ( 'NONE', ( #1069 ), #435, .F. ) ;
#1570 = PRESENTATION_LAYER_ASSIGNMENT (  '', '', ( #474 ) ) ;
#1571 = FACE_OUTER_BOUND ( 'NONE', #151, .T. ) ;
#1572 =( GEOMETRIC_REPRESENTATION_CONTEXT ( 3 ) GLOBAL_UNCERTAINTY_ASSIGNED_CONTEXT ( ( #895 ) ) GLOBAL_UNIT_ASSIGNED_CONTEXT ( ( #1111, #734, #605 ) ) REPRESENTATION_CONTEXT ( 'NONE', 'WORKASPACE' ) );
#1573 = LINE ( 'NONE', #914, #344 ) ;
#1574 = EDGE_LOOP ( 'NONE', ( #300, #1535, #1195, #1533 ) ) ;
#1575 =( GEOMETRIC_REPRESENTATION_CONTEXT ( 3 ) GLOBAL_UNCERTAINTY_ASSIGNED_CONTEXT ( ( #722 ) ) GLOBAL_UNIT_ASSIGNED_CONTEXT ( ( #1668, #1299, #897 ) ) REPRESENTATION_CONTEXT ( 'NONE', 'WORKASPACE' ) );
#1576 = AXIS2_PLACEMENT_3D ( 'NONE', #1650, #220, #1076 ) ;
#1577 = DIRECTION ( 'NONE',  ( 0.0000000000000000000, 0.0000000000000000000, 1.000000000000000000 ) ) ;
#1578 = EDGE_LOOP ( 'NONE', ( #1000, #226, #72, #403, #1534, #1528 ) ) ;
#1579 = SURFACE_STYLE_USAGE ( .BOTH. , #949 ) ;
#1580 = CARTESIAN_POINT ( 'NONE',  ( 0.6000000000000000888, 0.1170383970658838008, -0.5480830596443687641 ) ) ;
#1581 =( GEOMETRIC_REPRESENTATION_CONTEXT ( 3 ) GLOBAL_UNCERTAINTY_ASSIGNED_CONTEXT ( ( #117 ) ) GLOBAL_UNIT_ASSIGNED_CONTEXT ( ( #505, #1553, #980 ) ) REPRESENTATION_CONTEXT ( 'NONE', 'WORKASPACE' ) );
#1582 = LINE ( 'NONE', #1443, #1274 ) ;
#1583 = ADVANCED_FACE ( 'NONE', ( #776 ), #296, .F. ) ;
#1584 = LINE ( 'NONE', #1286, #527 ) ;
#1585 = FILL_AREA_STYLE ('',( #140 ) ) ;
#1586 = ORIENTED_EDGE ( 'NONE', *, *, #313, .T. ) ;
#1587 = FACE_OUTER_BOUND ( 'NONE', #1427, .T. ) ;
#1588 = ORIENTED_EDGE ( 'NONE', *, *, #550, .T. ) ;
#1589 = DIRECTION ( 'NONE',  ( -1.000000000000000000, 0.0000000000000000000, 0.0000000000000000000 ) ) ;
#1590 = FILL_AREA_STYLE ('',( #545 ) ) ;
#1591 =( LENGTH_UNIT ( ) NAMED_UNIT ( * ) SI_UNIT ( .MILLI., .METRE. ) );
#1592 = PRESENTATION_STYLE_ASSIGNMENT (( #1053 ) ) ;
#1593 = ORIENTED_EDGE ( 'NONE', *, *, #862, .T. ) ;
#1594 = EDGE_CURVE ( 'NONE', #905, #131, #1094, .T. ) ;
#1595 = FACE_OUTER_BOUND ( 'NONE', #326, .T. ) ;
#1596 = VERTEX_POINT ( 'NONE', #959 ) ;
#1597 = CARTESIAN_POINT ( 'NONE',  ( 0.8000000000000000444, 0.5000000000000008882, 0.4000000000000002442 ) ) ;
#1598 = VECTOR ( 'NONE', #1415, 1000.000000000000000 ) ;
#1599 = DIRECTION ( 'NONE',  ( -1.000000000000000000, -0.0000000000000000000, -0.0000000000000000000 ) ) ;
#1600 = EDGE_LOOP ( 'NONE', ( #683, #289, #953, #170 ) ) ;
#1601 = CIRCLE ( 'NONE', #341, 0.1081753260074173051 ) ;
#1602 = AXIS2_PLACEMENT_3D ( 'NONE', #1115, #609, #1635 ) ;
#1603 = CARTESIAN_POINT ( 'NONE',  ( -0.4000000000000000777, 0.1082629629591480430, -0.5633796998344893225 ) ) ;
#1604 = ORIENTED_EDGE ( 'NONE', *, *, #614, .T. ) ;
#1605 = ADVANCED_FACE ( 'NONE', ( #75 ), #59, .F. ) ;
#1606 = CIRCLE ( 'NONE', #1126, 0.1249999999999998890 ) ;
#1607 = DIRECTION ( 'NONE',  ( -0.0000000000000000000, -0.0000000000000000000, 1.000000000000000000 ) ) ;
#1608 = DIRECTION ( 'NONE',  ( -0.9701425001453319874, -0.2425356250363328026, 0.0000000000000000000 ) ) ;
#1609 =( GEOMETRIC_REPRESENTATION_CONTEXT ( 3 ) GLOBAL_UNCERTAINTY_ASSIGNED_CONTEXT ( ( #1004 ) ) GLOBAL_UNIT_ASSIGNED_CONTEXT ( ( #459, #1081, #442 ) ) REPRESENTATION_CONTEXT ( 'NONE', 'WORKASPACE' ) );
#1610 = FACE_OUTER_BOUND ( 'NONE', #1661, .T. ) ;
#1611 = LINE ( 'NONE', #1034, #1302 ) ;
#1612 = LINE ( 'NONE', #814, #1629 ) ;
#1613 = EDGE_LOOP ( 'NONE', ( #552, #1366, #1027, #1323, #83, #1095, #162, #1007, #221, #1173 ) ) ;
#1614 = CARTESIAN_POINT ( 'NONE',  ( 0.8000000000000000444, 0.1332477336346254704, -0.5642521872520518400 ) ) ;
#1615 = DIRECTION ( 'NONE',  ( 1.000000000000000000, 0.0000000000000000000, 1.355252715606881036E-16 ) ) ;
#1616 = FILL_AREA_STYLE_COLOUR ( '', #14 ) ;
#1617 = EDGE_CURVE ( 'NONE', #37, #1690, #1105, .T. ) ;
#1618 = DIRECTION ( 'NONE',  ( 1.354427132270236200E-16, 0.03489949670250142022, -0.9993908270190956511 ) ) ;
#1619 = ORIENTED_EDGE ( 'NONE', *, *, #593, .F. ) ;
#1620 = CARTESIAN_POINT ( 'NONE',  ( -0.1437499999999999889, 0.4749999999999998668, 0.3999999999999999667 ) ) ;
#1621 = CARTESIAN_POINT ( 'NONE',  ( 0.1437499999999999889, 0.008928968544270695154, 0.5443077952110809692 ) ) ;
#1622 = PRESENTATION_LAYER_ASSIGNMENT (  '', '', ( #549 ) ) ;
#1623 = EDGE_CURVE ( 'NONE', #1596, #486, #1506, .T. ) ;
#1624 = CARTESIAN_POINT ( 'NONE',  ( 0.8000000000000000444, 0.7999999999999951594, 0.3750000000000000000 ) ) ;
#1625 =( LENGTH_UNIT ( ) NAMED_UNIT ( * ) SI_UNIT ( .MILLI., .METRE. ) );
#1626 = DIRECTION ( 'NONE',  ( 0.2357022603955155615, 0.9428090415820630232, 0.2357022603955175877 ) ) ;
#1627 = VERTEX_POINT ( 'NONE', #335 ) ;
#1628 = VECTOR ( 'NONE', #741, 1000.000000000000000 ) ;
#1629 = VECTOR ( 'NONE', #542, 1000.000000000000000 ) ;
#1630 = CARTESIAN_POINT ( 'NONE',  ( 0.8000000000000000444, 0.008928968544270698623, -0.5443077952110808582 ) ) ;
#1631 = VECTOR ( 'NONE', #1223, 1000.000000000000000 ) ;
#1632 = DIRECTION ( 'NONE',  ( 2.710505431213761578E-16, 0.0000000000000000000, 1.000000000000000000 ) ) ;
#1633 = VERTEX_POINT ( 'NONE', #1215 ) ;
#1634 = ADVANCED_FACE ( 'NONE', ( #192 ), #709, .F. ) ;
#1635 = DIRECTION ( 'NONE',  ( 2.168404344971009854E-16, 0.0000000000000000000, -1.000000000000000000 ) ) ;
#1636 = ORIENTED_EDGE ( 'NONE', *, *, #457, .T. ) ;
#1637 = DIRECTION ( 'NONE',  ( 0.0000000000000000000, 0.9993908270190957621, -0.03489949670250142716 ) ) ;
#1638 = VERTEX_POINT ( 'NONE', #1382 ) ;
#1639 = PLANE ( 'NONE',  #498 ) ;
#1640 = LINE ( 'NONE', #1424, #100 ) ;
#1641 = DIRECTION ( 'NONE',  ( -1.000000000000000000, -0.0000000000000000000, -0.0000000000000000000 ) ) ;
#1642 = ORIENTED_EDGE ( 'NONE', *, *, #1500, .T. ) ;
#1643 = FILL_AREA_STYLE ('',( #332 ) ) ;
#1644 = ADVANCED_FACE ( 'NONE', ( #1112 ), #210, .F. ) ;
#1645 =( NAMED_UNIT ( * ) PLANE_ANGLE_UNIT ( ) SI_UNIT ( $, .RADIAN. ) );
#1646 = CARTESIAN_POINT ( 'NONE',  ( 0.6000000000000000888, 0.0000000000000000000, -0.8000000000000001554 ) ) ;
#1647 = CARTESIAN_POINT ( 'NONE',  ( 0.6000000000000000888, 0.1082629629591480985, -0.5633796998344893225 ) ) ;
#1648 = ORIENTED_EDGE ( 'NONE', *, *, #932, .T. ) ;
#1649 = AXIS2_PLACEMENT_3D ( 'NONE', #1580, #248, #1295 ) ;
#1650 = CARTESIAN_POINT ( 'NONE',  ( 0.1437499999999999889, 0.0000000000000000000, 0.4000000000000002442 ) ) ;
#1651 = LINE ( 'NONE', #475, #1325 ) ;
#1652 = VERTEX_POINT ( 'NONE', #1244 ) ;
#1653 = VECTOR ( 'NONE', #763, 1000.000000000000000 ) ;
#1654 = VECTOR ( 'NONE', #1599, 1000.000000000000000 ) ;
#1655 = PRESENTATION_STYLE_ASSIGNMENT (( #1579 ) ) ;
#1656 = LINE ( 'NONE', #978, #284 ) ;
#1657 = EDGE_CURVE ( 'NONE', #813, #501, #817, .T. ) ;
#1658 = AXIS2_PLACEMENT_3D ( 'NONE', #525, #513, #136 ) ;
#1659 = PRESENTATION_LAYER_ASSIGNMENT (  '', '', ( #985 ) ) ;
#1660 = DIRECTION ( 'NONE',  ( 0.0000000000000000000, 0.0000000000000000000, -1.000000000000000000 ) ) ;
#1661 = EDGE_LOOP ( 'NONE', ( #1402, #331, #120, #1128 ) ) ;
#1662 = CARTESIAN_POINT ( 'NONE',  ( 0.1437499999999999889, 0.4801616669596956433, 0.5248933833083128109 ) ) ;
#1663 = DIRECTION ( 'NONE',  ( -0.0000000000000000000, 0.9993908270190957621, 0.03489949670250142716 ) ) ;
#1664 = DIRECTION ( 'NONE',  ( -0.0000000000000000000, 1.000000000000000000, -0.0000000000000000000 ) ) ;
#1665 = ORIENTED_EDGE ( 'NONE', *, *, #488, .T. ) ;
#1666 = EDGE_LOOP ( 'NONE', ( #90, #884, #487, #456, #987, #1559, #1225, #350 ) ) ;
#1667 = CARTESIAN_POINT ( 'NONE',  ( -0.4000000000000000777, 0.008928968544270710767, -0.5443077952110808582 ) ) ;
#1668 =( LENGTH_UNIT ( ) NAMED_UNIT ( * ) SI_UNIT ( .MILLI., .METRE. ) );
#1669 = ORIENTED_EDGE ( 'NONE', *, *, #648, .F. ) ;
#1670 = EDGE_CURVE ( 'NONE', #861, #1638, #1487, .T. ) ;
#1671 = ORIENTED_EDGE ( 'NONE', *, *, #481, .F. ) ;
#1672 = ORIENTED_EDGE ( 'NONE', *, *, #1358, .T. ) ;
#1673 = CARTESIAN_POINT ( 'NONE',  ( 0.4000000000000000222, 0.0000000000000000000, -0.4000000000000002442 ) ) ;
#1674 = EDGE_CURVE ( 'NONE', #861, #328, #1163, .T. ) ;
#1675 = ORIENTED_EDGE ( 'NONE', *, *, #539, .T. ) ;
#1676 = CARTESIAN_POINT ( 'NONE',  ( 0.4000000000000000222, 0.008928968544270710767, -0.5443077952110808582 ) ) ;
#1677 = VERTEX_POINT ( 'NONE', #1542 ) ;
#1678 = VECTOR ( 'NONE', #646, 1000.000000000000114 ) ;
#1679 = MECHANICAL_DESIGN_GEOMETRIC_PRESENTATION_REPRESENTATION (  '', ( #954 ), #146 ) ;
#1680 = CARTESIAN_POINT ( 'NONE',  ( 0.1437499999999999889, 0.1170383970658838008, 0.5480830596443687641 ) ) ;
#1681 = VECTOR ( 'NONE', #692, 1000.000000000000000 ) ;
#1682 = AXIS2_PLACEMENT_3D ( 'NONE', #205, #602, #1394 ) ;
#1683 = CARTESIAN_POINT ( 'NONE',  ( 0.8000000000000000444, 0.1170383970658838008, -0.5480830596443687641 ) ) ;
#1684 = FILL_AREA_STYLE ('',( #126 ) ) ;
#1685 = PRESENTATION_LAYER_ASSIGNMENT (  '', '', ( #1467 ) ) ;
#1686 = ADVANCED_FACE ( 'NONE', ( #875 ), #240, .F. ) ;
#1687 = SURFACE_STYLE_FILL_AREA ( #367 ) ;
#1688 = VERTEX_POINT ( 'NONE', #1390 ) ;
#1689 = CARTESIAN_POINT ( 'NONE',  ( 0.8000000000000000444, 0.1125714770170293672, 0.4400000000000000577 ) ) ;
#1690 = VERTEX_POINT ( 'NONE', #1253 ) ;
#1691 = PRESENTATION_LAYER_ASSIGNMENT (  '', '', ( #79 ) ) ;
#1692 = SURFACE_STYLE_FILL_AREA ( #233 ) ;
#1693 = DIRECTION ( 'NONE',  ( 0.0000000000000000000, 0.0000000000000000000, 1.000000000000000000 ) ) ;
ENDSEC;
END-ISO-10303-21;
