ISO-10303-21;
HEADER;
FILE_DESCRIPTION (( 'STEP AP214' ),
    '1' );
FILE_NAME ('User Library-SOT1118 DFN2020-6.STEP',
    '2021-07-31T15:54:20',
    ( '' ),
    ( '' ),
    'SwSTEP 2.0',
    'SolidWorks 2021',
    '' );
FILE_SCHEMA (( 'AUTOMOTIVE_DESIGN' ));
ENDSEC;

DATA;
#1 = DIRECTION ( 'NONE',  ( -1.000000000000000000, -1.016439536705160160E-16, 0.0000000000000000000 ) ) ;
#2 =( GEOMETRIC_REPRESENTATION_CONTEXT ( 3 ) GLOBAL_UNCERTAINTY_ASSIGNED_CONTEXT ( ( #1614 ) ) GLOBAL_UNIT_ASSIGNED_CONTEXT ( ( #4683, #2916, #4238 ) ) REPRESENTATION_CONTEXT ( 'NONE', 'WORKASPACE' ) );
#3 = ORIENTED_EDGE ( 'NONE', *, *, #3199, .T. ) ;
#4 = EDGE_CURVE ( 'NONE', #626, #3440, #2258, .T. ) ;
#5 =( GEOMETRIC_REPRESENTATION_CONTEXT ( 3 ) GLOBAL_UNCERTAINTY_ASSIGNED_CONTEXT ( ( #1094 ) ) GLOBAL_UNIT_ASSIGNED_CONTEXT ( ( #3471, #1782, #5212 ) ) REPRESENTATION_CONTEXT ( 'NONE', 'WORKASPACE' ) );
#6 = CARTESIAN_POINT ( 'NONE',  ( 0.5000000000000000000, 0.2000000000000000111, 1.040000000000000036 ) ) ;
#7 = UNCERTAINTY_MEASURE_WITH_UNIT (LENGTH_MEASURE( 1.000000000000000082E-05 ), #4177, 'distance_accuracy_value', 'NONE');
#8 = PRODUCT_DEFINITION_FORMATION_WITH_SPECIFIED_SOURCE ( 'ANY', '', #2613, .NOT_KNOWN. ) ;
#9 = FILL_AREA_STYLE ('',( #2651 ) ) ;
#10 = PRESENTATION_LAYER_ASSIGNMENT (  '', '', ( #2788 ) ) ;
#11 = EDGE_LOOP ( 'NONE', ( #2649, #2727, #3488, #1715 ) ) ;
#12 =( LENGTH_UNIT ( ) NAMED_UNIT ( * ) SI_UNIT ( .MILLI., .METRE. ) );
#13 =( NAMED_UNIT ( * ) PLANE_ANGLE_UNIT ( ) SI_UNIT ( $, .RADIAN. ) );
#14 = SURFACE_STYLE_FILL_AREA ( #2656 ) ;
#15 = DIRECTION ( 'NONE',  ( -0.0000000000000000000, -0.0000000000000000000, 1.000000000000000000 ) ) ;
#16 = STYLED_ITEM ( 'NONE', ( #1705 ), #708 ) ;
#17 = ORIENTED_EDGE ( 'NONE', *, *, #1264, .T. ) ;
#18 = LINE ( 'NONE', #5642, #4780 ) ;
#19 = ORIENTED_EDGE ( 'NONE', *, *, #3411, .F. ) ;
#20 = CARTESIAN_POINT ( 'NONE',  ( 1.000000000000000000, 0.04000000000000000083, -0.9800000000000002043 ) ) ;
#21 = SURFACE_STYLE_USAGE ( .BOTH. , #3976 ) ;
#22 = PLANE ( 'NONE',  #3500 ) ;
#23 = ORIENTED_EDGE ( 'NONE', *, *, #5092, .F. ) ;
#24 = DIRECTION ( 'NONE',  ( -0.0000000000000000000, -0.0000000000000000000, 1.000000000000000000 ) ) ;
#25 = SURFACE_SIDE_STYLE ('',( #3952 ) ) ;
#26 = DIRECTION ( 'NONE',  ( 1.000000000000000000, 0.0000000000000000000, 0.0000000000000000000 ) ) ;
#27 = DIRECTION ( 'NONE',  ( -1.000000000000000000, 0.0000000000000000000, -7.477256361968994260E-16 ) ) ;
#28 = EDGE_LOOP ( 'NONE', ( #2140, #2256, #2934, #4995, #429, #4907, #4443, #4279 ) ) ;
#29 = CARTESIAN_POINT ( 'NONE',  ( -1.004000000000000226, 0.07999999999999998779, -0.3300000000000000711 ) ) ;
#30 = SURFACE_STYLE_USAGE ( .BOTH. , #93 ) ;
#31 = FACE_OUTER_BOUND ( 'NONE', #3478, .T. ) ;
#32 = ADVANCED_FACE ( 'NONE', ( #597 ), #569, .F. ) ;
#33 = EDGE_CURVE ( 'NONE', #4726, #3552, #1478, .T. ) ;
#34 = ORIENTED_EDGE ( 'NONE', *, *, #4803, .F. ) ;
#35 = FILL_AREA_STYLE_COLOUR ( '', #770 ) ;
#36 = PRESENTATION_STYLE_ASSIGNMENT (( #833 ) ) ;
#37 = CARTESIAN_POINT ( 'NONE',  ( -1.004000000000000226, 0.08000000000000001554, -0.7099999999999999645 ) ) ;
#38 = MECHANICAL_DESIGN_GEOMETRIC_PRESENTATION_REPRESENTATION (  '', ( #4993 ), #761 ) ;
#39 = PRESENTATION_LAYER_ASSIGNMENT (  '', '', ( #3354 ) ) ;
#40 =( LENGTH_UNIT ( ) NAMED_UNIT ( * ) SI_UNIT ( .MILLI., .METRE. ) );
#41 = ORIENTED_EDGE ( 'NONE', *, *, #2097, .T. ) ;
#42 = CARTESIAN_POINT ( 'NONE',  ( -0.8000000000000000444, 0.2000000000000000111, -0.7499999999999997780 ) ) ;
#43 = MECHANICAL_DESIGN_GEOMETRIC_PRESENTATION_REPRESENTATION (  '', ( #5632 ), #133 ) ;
#44 = ORIENTED_EDGE ( 'NONE', *, *, #3526, .F. ) ;
#45 = LINE ( 'NONE', #74, #766 ) ;
#46 = SURFACE_STYLE_FILL_AREA ( #4002 ) ;
#47 = PRESENTATION_STYLE_ASSIGNMENT (( #3151 ) ) ;
#48 = PRESENTATION_LAYER_ASSIGNMENT (  '', '', ( #2464 ) ) ;
#49 = VERTEX_POINT ( 'NONE', #1929 ) ;
#50 = SURFACE_SIDE_STYLE ('',( #495 ) ) ;
#51 = CARTESIAN_POINT ( 'NONE',  ( 0.0000000000000000000, 0.2000000000000000111, 0.0000000000000000000 ) ) ;
#52 = ORIENTED_EDGE ( 'NONE', *, *, #2800, .T. ) ;
#53 = FILL_AREA_STYLE_COLOUR ( '', #2549 ) ;
#54 = CARTESIAN_POINT ( 'NONE',  ( -0.4999999999999997780, 0.2000000000000000111, 0.7500000000000002220 ) ) ;
#55 =( NAMED_UNIT ( * ) PLANE_ANGLE_UNIT ( ) SI_UNIT ( $, .RADIAN. ) );
#56 = SURFACE_SIDE_STYLE ('',( #3984 ) ) ;
#57 = SURFACE_STYLE_USAGE ( .BOTH. , #2296 ) ;
#58 = ORIENTED_EDGE ( 'NONE', *, *, #2305, .F. ) ;
#59 = CARTESIAN_POINT ( 'NONE',  ( -0.9800000000000004263, 0.6300000000000003375, -1.000000000000000222 ) ) ;
#60 = UNCERTAINTY_MEASURE_WITH_UNIT (LENGTH_MEASURE( 1.000000000000000082E-05 ), #3882, 'distance_accuracy_value', 'NONE');
#61 = VECTOR ( 'NONE', #3087, 1000.000000000000000 ) ;
#62 =( NAMED_UNIT ( * ) SI_UNIT ( $, .STERADIAN. ) SOLID_ANGLE_UNIT ( ) );
#63 = UNCERTAINTY_MEASURE_WITH_UNIT (LENGTH_MEASURE( 1.000000000000000082E-05 ), #4946, 'distance_accuracy_value', 'NONE');
#64 = CARTESIAN_POINT ( 'NONE',  ( -1.004000000000000226, 0.07999999999999996003, 0.4400000000000000022 ) ) ;
#65 = EDGE_CURVE ( 'NONE', #5589, #1297, #5417, .T. ) ;
#66 = LINE ( 'NONE', #2796, #2827 ) ;
#67 = SURFACE_STYLE_FILL_AREA ( #2279 ) ;
#68 = CARTESIAN_POINT ( 'NONE',  ( -1.004000000000000226, 0.1399999999999999578, 0.3300000000000000711 ) ) ;
#69 = PLANE ( 'NONE',  #5571 ) ;
#70 = FILL_AREA_STYLE ('',( #3646 ) ) ;
#71 = AXIS2_PLACEMENT_3D ( 'NONE', #1040, #1816, #155 ) ;
#72 = VERTEX_POINT ( 'NONE', #3726 ) ;
#73 = ADVANCED_FACE ( 'NONE', ( #2907 ), #5010, .F. ) ;
#74 = CARTESIAN_POINT ( 'NONE',  ( 0.7999999999999999334, 0.2000000000000000111, -0.7500000000000000000 ) ) ;
#75 = CARTESIAN_POINT ( 'NONE',  ( -1.004000000000000226, 0.08000000000000001554, -0.8200000000000000622 ) ) ;
#76 = DIRECTION ( 'NONE',  ( -1.000000000000000000, 0.0000000000000000000, 0.0000000000000000000 ) ) ;
#77 = COLOUR_RGB ( '',0.4313725490196078649, 0.4509803921568627527, 0.4313725490196078649 ) ;
#78 = DIRECTION ( 'NONE',  ( -0.7071067811865552333, 0.0000000000000000000, -0.7071067811865398012 ) ) ;
#79 = LINE ( 'NONE', #4851, #2273 ) ;
#80 = STYLED_ITEM ( 'NONE', ( #2759 ), #1347 ) ;
#81 = VECTOR ( 'NONE', #4574, 1000.000000000000000 ) ;
#82 = ORIENTED_EDGE ( 'NONE', *, *, #2272, .T. ) ;
#83 =( LENGTH_UNIT ( ) NAMED_UNIT ( * ) SI_UNIT ( .MILLI., .METRE. ) );
#84 = ORIENTED_EDGE ( 'NONE', *, *, #3664, .F. ) ;
#85 = SURFACE_STYLE_FILL_AREA ( #1829 ) ;
#86 =( LENGTH_UNIT ( ) NAMED_UNIT ( * ) SI_UNIT ( .MILLI., .METRE. ) );
#87 =( GEOMETRIC_REPRESENTATION_CONTEXT ( 3 ) GLOBAL_UNCERTAINTY_ASSIGNED_CONTEXT ( ( #3743 ) ) GLOBAL_UNIT_ASSIGNED_CONTEXT ( ( #2011, #1628, #266 ) ) REPRESENTATION_CONTEXT ( 'NONE', 'WORKASPACE' ) );
#88 = MECHANICAL_DESIGN_GEOMETRIC_PRESENTATION_REPRESENTATION (  '', ( #4048 ), #2771 ) ;
#89 = FILL_AREA_STYLE_COLOUR ( '', #5216 ) ;
#90 = ORIENTED_EDGE ( 'NONE', *, *, #1057, .F. ) ;
#91 = PRESENTATION_LAYER_ASSIGNMENT (  '', '', ( #4236 ) ) ;
#92 = CARTESIAN_POINT ( 'NONE',  ( -0.7249999999999997558, 0.1333333333333333592, -1.040000000000000036 ) ) ;
#93 = SURFACE_SIDE_STYLE ('',( #3080 ) ) ;
#94 = SURFACE_SIDE_STYLE ('',( #4046 ) ) ;
#95 = MECHANICAL_DESIGN_GEOMETRIC_PRESENTATION_REPRESENTATION (  '', ( #4236 ), #3219 ) ;
#96 = VECTOR ( 'NONE', #3893, 1000.000000000000000 ) ;
#97 = DIRECTION ( 'NONE',  ( -1.000000000000000000, -0.0000000000000000000, -0.0000000000000000000 ) ) ;
#98 = DIRECTION ( 'NONE',  ( -0.7071067811865551223, -0.7071067811865398012, 0.0000000000000000000 ) ) ;
#99 = LINE ( 'NONE', #1812, #189 ) ;
#100 = FACE_OUTER_BOUND ( 'NONE', #872, .T. ) ;
#101 = CARTESIAN_POINT ( 'NONE',  ( 0.1549999999999999989, 0.0000000000000000000, 0.4999999999999997780 ) ) ;
#102 = MECHANICAL_DESIGN_GEOMETRIC_PRESENTATION_REPRESENTATION (  '', ( #735 ), #3226 ) ;
#103 = VECTOR ( 'NONE', #1684, 1000.000000000000000 ) ;
#104 = ORIENTED_EDGE ( 'NONE', *, *, #3378, .T. ) ;
#105 = DIRECTION ( 'NONE',  ( 0.0000000000000000000, 0.0000000000000000000, 1.000000000000000000 ) ) ;
#106 =( LENGTH_UNIT ( ) NAMED_UNIT ( * ) SI_UNIT ( .MILLI., .METRE. ) );
#107 = FACE_OUTER_BOUND ( 'NONE', #504, .T. ) ;
#108 = COLOUR_RGB ( '',0.4313725490196078649, 0.4509803921568627527, 0.4313725490196078649 ) ;
#109 = ADVANCED_FACE ( 'NONE', ( #1532 ), #2427, .F. ) ;
#110 = EDGE_CURVE ( 'NONE', #1390, #1686, #211, .T. ) ;
#111 = EDGE_LOOP ( 'NONE', ( #5040, #1708, #627 ) ) ;
#112 = CARTESIAN_POINT ( 'NONE',  ( -1.004000000000000226, 0.1399999999999999578, 0.4400000000000000577 ) ) ;
#113 = CARTESIAN_POINT ( 'NONE',  ( -0.7499999999999997780, 0.6333333333333327486, 0.8499999999999999778 ) ) ;
#114 = ORIENTED_EDGE ( 'NONE', *, *, #1190, .F. ) ;
#115 =( NAMED_UNIT ( * ) SI_UNIT ( $, .STERADIAN. ) SOLID_ANGLE_UNIT ( ) );
#116 =( LENGTH_UNIT ( ) NAMED_UNIT ( * ) SI_UNIT ( .MILLI., .METRE. ) );
#117 =( NAMED_UNIT ( * ) SI_UNIT ( $, .STERADIAN. ) SOLID_ANGLE_UNIT ( ) );
#118 = CARTESIAN_POINT ( 'NONE',  ( -0.9999999999999997780, 0.6500000000000000222, 0.9999999999999997780 ) ) ;
#119 = SURFACE_STYLE_FILL_AREA ( #4466 ) ;
#120 = EDGE_LOOP ( 'NONE', ( #3527, #739, #5558, #669 ) ) ;
#121 = UNCERTAINTY_MEASURE_WITH_UNIT (LENGTH_MEASURE( 1.000000000000000082E-05 ), #4655, 'distance_accuracy_value', 'NONE');
#122 = UNCERTAINTY_MEASURE_WITH_UNIT (LENGTH_MEASURE( 1.000000000000000082E-05 ), #1688, 'distance_accuracy_value', 'NONE');
#123 = PLANE ( 'NONE',  #3917 ) ;
#124 = DIRECTION ( 'NONE',  ( 0.0000000000000000000, 0.0000000000000000000, 1.000000000000000000 ) ) ;
#125 = LINE ( 'NONE', #3592, #5483 ) ;
#126 = DIRECTION ( 'NONE',  ( 0.0000000000000000000, 1.000000000000000000, -0.0000000000000000000 ) ) ;
#127 = EDGE_LOOP ( 'NONE', ( #497, #1437, #4943, #4555 ) ) ;
#128 = CARTESIAN_POINT ( 'NONE',  ( 0.5000000000000001110, 0.2000000000000000111, -1.040000000000000036 ) ) ;
#129 = STYLED_ITEM ( 'NONE', ( #3192 ), #2336 ) ;
#130 = ORIENTED_EDGE ( 'NONE', *, *, #1911, .T. ) ;
#131 =( NAMED_UNIT ( * ) PLANE_ANGLE_UNIT ( ) SI_UNIT ( $, .RADIAN. ) );
#132 = FACE_OUTER_BOUND ( 'NONE', #1256, .T. ) ;
#133 =( GEOMETRIC_REPRESENTATION_CONTEXT ( 3 ) GLOBAL_UNCERTAINTY_ASSIGNED_CONTEXT ( ( #7 ) ) GLOBAL_UNIT_ASSIGNED_CONTEXT ( ( #4177, #3310, #5073 ) ) REPRESENTATION_CONTEXT ( 'NONE', 'WORKASPACE' ) );
#134 = VECTOR ( 'NONE', #4007, 1000.000000000000000 ) ;
#135 = EDGE_LOOP ( 'NONE', ( #2110, #3865, #5220, #3716 ) ) ;
#136 = SURFACE_SIDE_STYLE ('',( #4087 ) ) ;
#137 = DIRECTION ( 'NONE',  ( 0.0000000000000000000, -1.000000000000000000, -0.0000000000000000000 ) ) ;
#138 = ORIENTED_EDGE ( 'NONE', *, *, #4066, .F. ) ;
#139 = DIRECTION ( 'NONE',  ( -0.0000000000000000000, 2.464095846557965385E-16, 1.000000000000000000 ) ) ;
#140 = DIRECTION ( 'NONE',  ( 0.0000000000000000000, -1.000000000000000000, 0.0000000000000000000 ) ) ;
#141 = EDGE_CURVE ( 'NONE', #1403, #1760, #1569, .T. ) ;
#142 = CARTESIAN_POINT ( 'NONE',  ( -0.6574999999999999734, 0.1333333333333333592, 0.5000000000000006661 ) ) ;
#143 = EDGE_CURVE ( 'NONE', #2732, #4156, #2074, .T. ) ;
#144 = AXIS2_PLACEMENT_3D ( 'NONE', #5125, #4250, #5210 ) ;
#145 = VECTOR ( 'NONE', #1901, 1000.000000000000000 ) ;
#146 = SURFACE_SIDE_STYLE ('',( #4122 ) ) ;
#147 = VECTOR ( 'NONE', #788, 1000.000000000000114 ) ;
#148 = AXIS2_PLACEMENT_3D ( 'NONE', #2981, #4294, #2133 ) ;
#149 = ORIENTED_EDGE ( 'NONE', *, *, #802, .F. ) ;
#150 =( NAMED_UNIT ( * ) PLANE_ANGLE_UNIT ( ) SI_UNIT ( $, .RADIAN. ) );
#151 = ADVANCED_FACE ( 'NONE', ( #269 ), #1630, .F. ) ;
#152 = DIRECTION ( 'NONE',  ( -1.084202172485504434E-16, 0.0000000000000000000, -1.000000000000000000 ) ) ;
#153 = ORIENTED_EDGE ( 'NONE', *, *, #4777, .F. ) ;
#154 = FACE_OUTER_BOUND ( 'NONE', #1109, .T. ) ;
#155 = DIRECTION ( 'NONE',  ( 0.0000000000000000000, -0.0000000000000000000, 1.000000000000000000 ) ) ;
#156 = STYLED_ITEM ( 'NONE', ( #3850 ), #3660 ) ;
#157 = SURFACE_STYLE_FILL_AREA ( #5332 ) ;
#158 = CARTESIAN_POINT ( 'NONE',  ( 0.8249999999999999556, 0.2000000000000000111, 0.4999999999999997780 ) ) ;
#159 = ORIENTED_EDGE ( 'NONE', *, *, #2991, .T. ) ;
#160 = STYLED_ITEM ( 'NONE', ( #3177 ), #1120 ) ;
#161 = ORIENTED_EDGE ( 'NONE', *, *, #2801, .F. ) ;
#162 = SURFACE_SIDE_STYLE ('',( #4173 ) ) ;
#163 = FILL_AREA_STYLE ('',( #1457 ) ) ;
#164 = VERTEX_POINT ( 'NONE', #5609 ) ;
#165 = DIRECTION ( 'NONE',  ( 0.0000000000000000000, -1.000000000000000000, 0.0000000000000000000 ) ) ;
#166 = PRESENTATION_STYLE_ASSIGNMENT (( #1459 ) ) ;
#167 = DIRECTION ( 'NONE',  ( -0.7071067811865473507, 0.0000000000000000000, -0.7071067811865477948 ) ) ;
#168 = VECTOR ( 'NONE', #3142, 1000.000000000000000 ) ;
#169 = EDGE_CURVE ( 'NONE', #1512, #838, #4296, .T. ) ;
#170 = PLANE ( 'NONE',  #914 ) ;
#171 = VECTOR ( 'NONE', #3713, 1000.000000000000000 ) ;
#172 = ORIENTED_EDGE ( 'NONE', *, *, #2831, .F. ) ;
#173 = CARTESIAN_POINT ( 'NONE',  ( 0.07499999999999998335, 0.2000000000000000111, -0.7499999999999998890 ) ) ;
#174 = UNCERTAINTY_MEASURE_WITH_UNIT (LENGTH_MEASURE( 1.000000000000000082E-05 ), #334, 'distance_accuracy_value', 'NONE');
#175 = VECTOR ( 'NONE', #3764, 1000.000000000000000 ) ;
#176 = COLOUR_RGB ( '',0.4313725490196078649, 0.4509803921568627527, 0.4313725490196078649 ) ;
#177 = CARTESIAN_POINT ( 'NONE',  ( -1.004000000000000226, 0.08000000000000001554, -0.8200000000000000622 ) ) ;
#178 = SURFACE_STYLE_USAGE ( .BOTH. , #1145 ) ;
#179 = EDGE_CURVE ( 'NONE', #4212, #938, #775, .T. ) ;
#180 =( GEOMETRIC_REPRESENTATION_CONTEXT ( 3 ) GLOBAL_UNCERTAINTY_ASSIGNED_CONTEXT ( ( #2893 ) ) GLOBAL_UNIT_ASSIGNED_CONTEXT ( ( #2692, #3089, #487 ) ) REPRESENTATION_CONTEXT ( 'NONE', 'WORKASPACE' ) );
#181 = EDGE_CURVE ( 'NONE', #2365, #5294, #1215, .T. ) ;
#182 = COLOUR_RGB ( '',0.4313725490196078649, 0.4509803921568627527, 0.4313725490196078649 ) ;
#183 = ORIENTED_EDGE ( 'NONE', *, *, #4608, .T. ) ;
#184 = FILL_AREA_STYLE ('',( #5327 ) ) ;
#185 = FILL_AREA_STYLE_COLOUR ( '', #4325 ) ;
#186 = CONICAL_SURFACE ( 'NONE', #5410, 0.1000000000000001582, 0.7853981633974463916 ) ;
#187 = PLANE ( 'NONE',  #252 ) ;
#188 = VECTOR ( 'NONE', #2500, 1000.000000000000000 ) ;
#189 = VECTOR ( 'NONE', #2325, 1000.000000000000114 ) ;
#190 = SURFACE_STYLE_USAGE ( .BOTH. , #3355 ) ;
#191 =( NAMED_UNIT ( * ) SI_UNIT ( $, .STERADIAN. ) SOLID_ANGLE_UNIT ( ) );
#192 = DIRECTION ( 'NONE',  ( 1.084202172485504434E-16, 0.0000000000000000000, 1.000000000000000000 ) ) ;
#193 = COLOUR_RGB ( '',0.1098039215686274495, 0.1098039215686274495, 0.1098039215686274495 ) ;
#194 = COLOUR_RGB ( '',0.4313725490196078649, 0.4509803921568627527, 0.4313725490196078649 ) ;
#195 = ORIENTED_EDGE ( 'NONE', *, *, #241, .T. ) ;
#196 = CARTESIAN_POINT ( 'NONE',  ( -0.6574999999999999734, 0.2000000000000000111, 0.5000000000000006661 ) ) ;
#197 = ORIENTED_EDGE ( 'NONE', *, *, #2556, .T. ) ;
#198 = DIRECTION ( 'NONE',  ( 0.0000000000000000000, -1.000000000000000000, 0.0000000000000000000 ) ) ;
#199 = DIRECTION ( 'NONE',  ( 0.0000000000000000000, 0.0000000000000000000, -1.000000000000000000 ) ) ;
#200 = STYLED_ITEM ( 'NONE', ( #5456 ), #565 ) ;
#201 = AXIS2_PLACEMENT_3D ( 'NONE', #2335, #3185, #1045 ) ;
#202 = DIRECTION ( 'NONE',  ( -0.0000000000000000000, 1.000000000000000000, -0.0000000000000000000 ) ) ;
#203 = ORIENTED_EDGE ( 'NONE', *, *, #829, .F. ) ;
#204 = CARTESIAN_POINT ( 'NONE',  ( 0.7249999999999999778, 0.1333333333333334425, 1.040000000000000036 ) ) ;
#205 =( NAMED_UNIT ( * ) SI_UNIT ( $, .STERADIAN. ) SOLID_ANGLE_UNIT ( ) );
#206 = ORIENTED_EDGE ( 'NONE', *, *, #4609, .T. ) ;
#207 = LINE ( 'NONE', #3025, #2095 ) ;
#208 = EDGE_CURVE ( 'NONE', #906, #5196, #3015, .T. ) ;
#209 = EDGE_CURVE ( 'NONE', #5209, #3701, #4275, .T. ) ;
#210 =( NAMED_UNIT ( * ) SI_UNIT ( $, .STERADIAN. ) SOLID_ANGLE_UNIT ( ) );
#211 = LINE ( 'NONE', #1985, #3682 ) ;
#212 = ADVANCED_FACE ( 'NONE', ( #2163 ), #2191, .T. ) ;
#213 = SURFACE_SIDE_STYLE ('',( #1160 ) ) ;
#214 = EDGE_LOOP ( 'NONE', ( #1385, #4651, #1427, #2339, #2749, #3665, #1859, #2631 ) ) ;
#215 =( NAMED_UNIT ( * ) SI_UNIT ( $, .STERADIAN. ) SOLID_ANGLE_UNIT ( ) );
#216 = VERTEX_POINT ( 'NONE', #1662 ) ;
#217 = LINE ( 'NONE', #5388, #4906 ) ;
#218 = SURFACE_STYLE_FILL_AREA ( #661 ) ;
#219 = AXIS2_PLACEMENT_3D ( 'NONE', #2886, #1077, #548 ) ;
#220 = LINE ( 'NONE', #2374, #2308 ) ;
#221 = ORIENTED_EDGE ( 'NONE', *, *, #4640, .F. ) ;
#222 = COLOUR_RGB ( '',0.4313725490196078649, 0.4509803921568627527, 0.4313725490196078649 ) ;
#223 = UNCERTAINTY_MEASURE_WITH_UNIT (LENGTH_MEASURE( 1.000000000000000082E-05 ), #388, 'distance_accuracy_value', 'NONE');
#224 = CARTESIAN_POINT ( 'NONE',  ( 0.1549999999999998601, 0.2000000000000000111, -0.5000000000000002220 ) ) ;
#225 = PRESENTATION_STYLE_ASSIGNMENT (( #178 ) ) ;
#226 = ORIENTED_EDGE ( 'NONE', *, *, #530, .F. ) ;
#227 = CARTESIAN_POINT ( 'NONE',  ( -1.004000000000000226, 0.07999999999999993228, 0.7100000000000000755 ) ) ;
#228 = UNCERTAINTY_MEASURE_WITH_UNIT (LENGTH_MEASURE( 1.000000000000000082E-05 ), #2384, 'distance_accuracy_value', 'NONE');
#229 = DIRECTION ( 'NONE',  ( -0.0000000000000000000, 1.000000000000000000, -0.0000000000000000000 ) ) ;
#230 = PRESENTATION_LAYER_ASSIGNMENT (  '', '', ( #3924 ) ) ;
#231 =( LENGTH_UNIT ( ) NAMED_UNIT ( * ) SI_UNIT ( .MILLI., .METRE. ) );
#232 = DIRECTION ( 'NONE',  ( -0.0000000000000000000, 1.000000000000000000, -0.0000000000000000000 ) ) ;
#233 = LINE ( 'NONE', #5547, #2018 ) ;
#234 = CARTESIAN_POINT ( 'NONE',  ( -0.9799999999999999822, 0.6500000000000000222, -0.9800000000000002043 ) ) ;
#235 = ADVANCED_FACE ( 'NONE', ( #4807 ), #4384, .F. ) ;
#236 = CARTESIAN_POINT ( 'NONE',  ( -0.7999999999999998224, 0.2000000000000000111, -1.039999999999999591 ) ) ;
#237 = CARTESIAN_POINT ( 'NONE',  ( 0.5000000000000000000, 0.2000000000000000111, 0.7500000000000001110 ) ) ;
#238 = CARTESIAN_POINT ( 'NONE',  ( -1.000000000000000000, 0.6500000000000000222, -1.000000000000000222 ) ) ;
#239 = DIRECTION ( 'NONE',  ( 0.0000000000000000000, 0.0000000000000000000, -1.000000000000000000 ) ) ;
#240 = VECTOR ( 'NONE', #1570, 1000.000000000000000 ) ;
#241 = EDGE_CURVE ( 'NONE', #3991, #2382, #99, .T. ) ;
#242 = VERTEX_POINT ( 'NONE', #5328 ) ;
#243 = DIRECTION ( 'NONE',  ( -0.5773502691896131855, 0.5773502691896384986, 0.5773502691896258421 ) ) ;
#244 = VERTEX_POINT ( 'NONE', #3146 ) ;
#245 = DIRECTION ( 'NONE',  ( -0.0000000000000000000, 1.000000000000000000, -0.0000000000000000000 ) ) ;
#246 = LINE ( 'NONE', #2025, #5191 ) ;
#247 = DIRECTION ( 'NONE',  ( 0.0000000000000000000, -1.000000000000000000, -9.035018104045870941E-16 ) ) ;
#248 = AXIS2_PLACEMENT_3D ( 'NONE', #1784, #3531, #2165 ) ;
#249 = FACE_OUTER_BOUND ( 'NONE', #28, .T. ) ;
#250 = VERTEX_POINT ( 'NONE', #5353 ) ;
#251 = DIRECTION ( 'NONE',  ( 7.477256361968999191E-16, -0.0000000000000000000, -1.000000000000000000 ) ) ;
#252 = AXIS2_PLACEMENT_3D ( 'NONE', #4248, #1625, #1978 ) ;
#253 = DIRECTION ( 'NONE',  ( -0.0000000000000000000, -0.0000000000000000000, 1.000000000000000000 ) ) ;
#254 = FACE_OUTER_BOUND ( 'NONE', #1520, .T. ) ;
#255 = PRESENTATION_LAYER_ASSIGNMENT (  '', '', ( #2491 ) ) ;
#256 = STYLED_ITEM ( 'NONE', ( #2303 ), #3992 ) ;
#257 = PRESENTATION_LAYER_ASSIGNMENT (  '', '', ( #2764 ) ) ;
#258 = ORIENTED_EDGE ( 'NONE', *, *, #3953, .F. ) ;
#259 =( GEOMETRIC_REPRESENTATION_CONTEXT ( 3 ) GLOBAL_UNCERTAINTY_ASSIGNED_CONTEXT ( ( #1679 ) ) GLOBAL_UNIT_ASSIGNED_CONTEXT ( ( #4603, #150, #1914 ) ) REPRESENTATION_CONTEXT ( 'NONE', 'WORKASPACE' ) );
#261 = VECTOR ( 'NONE', #546, 1000.000000000000000 ) ;
#260 = SURFACE_STYLE_USAGE ( .BOTH. , #3345 ) ;
#262 = CARTESIAN_POINT ( 'NONE',  ( -0.7999999999999998224, 0.2000000000000000111, -1.039999999999999591 ) ) ;
#263 = PRESENTATION_STYLE_ASSIGNMENT (( #1498 ) ) ;
#264 = VECTOR ( 'NONE', #648, 1000.000000000000000 ) ;
#265 =( GEOMETRIC_REPRESENTATION_CONTEXT ( 3 ) GLOBAL_UNCERTAINTY_ASSIGNED_CONTEXT ( ( #5622 ) ) GLOBAL_UNIT_ASSIGNED_CONTEXT ( ( #871, #5185, #457 ) ) REPRESENTATION_CONTEXT ( 'NONE', 'WORKASPACE' ) );
#266 =( NAMED_UNIT ( * ) SI_UNIT ( $, .STERADIAN. ) SOLID_ANGLE_UNIT ( ) );
#267 = PRESENTATION_LAYER_ASSIGNMENT (  '', '', ( #374 ) ) ;
#268 = CARTESIAN_POINT ( 'NONE',  ( -0.07499999999999996947, 0.2000000000000000111, 0.7500000000000001110 ) ) ;
#269 = FACE_OUTER_BOUND ( 'NONE', #786, .T. ) ;
#270 = CARTESIAN_POINT ( 'NONE',  ( 1.000000000000000000, 0.6300000000000003375, 0.9799999999999997602 ) ) ;
#271 = SURFACE_STYLE_USAGE ( .BOTH. , #5131 ) ;
#272 = DIRECTION ( 'NONE',  ( 0.0000000000000000000, -0.0000000000000000000, -1.000000000000000000 ) ) ;
#273 = MECHANICAL_DESIGN_GEOMETRIC_PRESENTATION_REPRESENTATION (  '', ( #4770 ), #4514 ) ;
#274 = VERTEX_POINT ( 'NONE', #2743 ) ;
#275 =( NAMED_UNIT ( * ) PLANE_ANGLE_UNIT ( ) SI_UNIT ( $, .RADIAN. ) );
#276 = ORIENTED_EDGE ( 'NONE', *, *, #2416, .T. ) ;
#277 = CARTESIAN_POINT ( 'NONE',  ( 0.7249999999999999778, 0.2666666666666667740, 1.040000000000000036 ) ) ;
#278 = FACE_OUTER_BOUND ( 'NONE', #3583, .T. ) ;
#279 = AXIS2_PLACEMENT_3D ( 'NONE', #2935, #3329, #1131 ) ;
#280 = ADVANCED_FACE ( 'NONE', ( #4079 ), #1446, .T. ) ;
#281 = EDGE_CURVE ( 'NONE', #908, #1788, #1009, .T. ) ;
#282 = MECHANICAL_DESIGN_GEOMETRIC_PRESENTATION_REPRESENTATION (  '', ( #2044 ), #4072 ) ;
#283 =( NAMED_UNIT ( * ) SI_UNIT ( $, .STERADIAN. ) SOLID_ANGLE_UNIT ( ) );
#284 = ORIENTED_EDGE ( 'NONE', *, *, #4066, .T. ) ;
#285 = LINE ( 'NONE', #2119, #1456 ) ;
#286 = LINE ( 'NONE', #1142, #861 ) ;
#287 = UNCERTAINTY_MEASURE_WITH_UNIT (LENGTH_MEASURE( 1.000000000000000082E-05 ), #3487, 'distance_accuracy_value', 'NONE');
#288 = LINE ( 'NONE', #5655, #2057 ) ;
#289 = EDGE_CURVE ( 'NONE', #4573, #3125, #2765, .T. ) ;
#290 = CARTESIAN_POINT ( 'NONE',  ( -0.7999999999999997113, 0.2000000000000000111, 0.7500000000000002220 ) ) ;
#291 = VERTEX_POINT ( 'NONE', #2352 ) ;
#292 =( NAMED_UNIT ( * ) PLANE_ANGLE_UNIT ( ) SI_UNIT ( $, .RADIAN. ) );
#293 = UNCERTAINTY_MEASURE_WITH_UNIT (LENGTH_MEASURE( 1.000000000000000082E-05 ), #3880, 'distance_accuracy_value', 'NONE');
#294 = LINE ( 'NONE', #1236, #1770 ) ;
#295 =( NAMED_UNIT ( * ) SI_UNIT ( $, .STERADIAN. ) SOLID_ANGLE_UNIT ( ) );
#296 = DIRECTION ( 'NONE',  ( 0.0000000000000000000, 1.000000000000000000, 0.0000000000000000000 ) ) ;
#297 = DIRECTION ( 'NONE',  ( -1.000000000000000000, -0.0000000000000000000, -0.0000000000000000000 ) ) ;
#298 = PLANE ( 'NONE',  #2364 ) ;
#299 = CARTESIAN_POINT ( 'NONE',  ( 0.7999999999999999334, 0.2000000000000000111, 0.7500000000000001110 ) ) ;
#300 = CARTESIAN_POINT ( 'NONE',  ( -1.004000000000000226, 0.1400000000000000133, -0.4400000000000000577 ) ) ;
#301 = CARTESIAN_POINT ( 'NONE',  ( 0.0000000000000000000, 0.0000000000000000000, 0.0000000000000000000 ) ) ;
#302 = EDGE_LOOP ( 'NONE', ( #4431, #4635, #5519, #4855 ) ) ;
#303 = VERTEX_POINT ( 'NONE', #4110 ) ;
#304 = FILL_AREA_STYLE_COLOUR ( '', #1989 ) ;
#305 = SURFACE_STYLE_FILL_AREA ( #4176 ) ;
#306 = DIRECTION ( 'NONE',  ( 1.000000000000000000, 0.0000000000000000000, 0.0000000000000000000 ) ) ;
#307 = PLANE ( 'NONE',  #3164 ) ;
#308 = CARTESIAN_POINT ( 'NONE',  ( 0.8249999999999998446, 0.2000000000000000111, -0.5000000000000002220 ) ) ;
#309 = SURFACE_STYLE_USAGE ( .BOTH. , #376 ) ;
#310 = EDGE_CURVE ( 'NONE', #2306, #4426, #3529, .T. ) ;
#311 = VERTEX_POINT ( 'NONE', #891 ) ;
#312 = ADVANCED_FACE ( 'NONE', ( #2688 ), #928, .F. ) ;
#313 = PRESENTATION_STYLE_ASSIGNMENT (( #4707 ) ) ;
#314 = DIRECTION ( 'NONE',  ( -7.651213762446363424E-15, 0.7071067811865398012, -0.7071067811865552333 ) ) ;
#315 = PRESENTATION_LAYER_ASSIGNMENT (  '', '', ( #2818 ) ) ;
#316 =( GEOMETRIC_REPRESENTATION_CONTEXT ( 3 ) GLOBAL_UNCERTAINTY_ASSIGNED_CONTEXT ( ( #2158 ) ) GLOBAL_UNIT_ASSIGNED_CONTEXT ( ( #5424, #3252, #4884 ) ) REPRESENTATION_CONTEXT ( 'NONE', 'WORKASPACE' ) );
#317 = VECTOR ( 'NONE', #4367, 1000.000000000000000 ) ;
#318 = CARTESIAN_POINT ( 'NONE',  ( -0.7499999999999997780, 0.6016666666666661278, 0.7499999999999997780 ) ) ;
#319 = VECTOR ( 'NONE', #2341, 1000.000000000000000 ) ;
#320 = VECTOR ( 'NONE', #1374, 1000.000000000000114 ) ;
#321 = ORIENTED_EDGE ( 'NONE', *, *, #1947, .T. ) ;
#322 = ADVANCED_FACE ( 'NONE', ( #2008 ), #1496, .T. ) ;
#323 = FILL_AREA_STYLE_COLOUR ( '', #3666 ) ;
#324 = PRESENTATION_STYLE_ASSIGNMENT (( #796 ) ) ;
#326 = PLANE ( 'NONE',  #3386 ) ;
#325 = PRESENTATION_LAYER_ASSIGNMENT (  '', '', ( #5546 ) ) ;
#327 = VECTOR ( 'NONE', #1568, 1000.000000000000000 ) ;
#328 = COLOUR_RGB ( '',0.4313725490196078649, 0.4509803921568627527, 0.4313725490196078649 ) ;
#329 = DIRECTION ( 'NONE',  ( 0.0000000000000000000, 1.000000000000000000, -0.0000000000000000000 ) ) ;
#330 = SURFACE_SIDE_STYLE ('',( #4617 ) ) ;
#331 = CARTESIAN_POINT ( 'NONE',  ( -0.7249999999999997558, 0.1333333333333333592, -1.040000000000000036 ) ) ;
#332 = FILL_AREA_STYLE ('',( #5096 ) ) ;
#333 = FILL_AREA_STYLE ('',( #4619 ) ) ;
#334 =( LENGTH_UNIT ( ) NAMED_UNIT ( * ) SI_UNIT ( .MILLI., .METRE. ) );
#335 = VERTEX_POINT ( 'NONE', #1952 ) ;
#336 = SURFACE_STYLE_FILL_AREA ( #5136 ) ;
#337 = VERTEX_POINT ( 'NONE', #4215 ) ;
#338 = SURFACE_STYLE_USAGE ( .BOTH. , #3364 ) ;
#339 = VECTOR ( 'NONE', #1244, 1000.000000000000000 ) ;
#340 = FILL_AREA_STYLE_COLOUR ( '', #778 ) ;
#341 = SURFACE_STYLE_USAGE ( .BOTH. , #1253 ) ;
#342 = LINE ( 'NONE', #4732, #5035 ) ;
#343 = ORIENTED_EDGE ( 'NONE', *, *, #3951, .T. ) ;
#344 = FILL_AREA_STYLE ('',( #2503 ) ) ;
#345 = DIRECTION ( 'NONE',  ( 1.000000000000000000, 0.0000000000000000000, -0.0000000000000000000 ) ) ;
#346 = UNCERTAINTY_MEASURE_WITH_UNIT (LENGTH_MEASURE( 1.000000000000000082E-05 ), #1620, 'distance_accuracy_value', 'NONE');
#347 = DIRECTION ( 'NONE',  ( -0.0000000000000000000, 1.000000000000000000, -0.0000000000000000000 ) ) ;
#348 = DIRECTION ( 'NONE',  ( -1.000000000000000000, 0.0000000000000000000, 1.726093010922195813E-15 ) ) ;
#349 = EDGE_CURVE ( 'NONE', #3765, #3914, #4637, .T. ) ;
#350 = ORIENTED_EDGE ( 'NONE', *, *, #1546, .F. ) ;
#351 = DIRECTION ( 'NONE',  ( 1.084202172485504434E-16, 0.0000000000000000000, 1.000000000000000000 ) ) ;
#352 = UNCERTAINTY_MEASURE_WITH_UNIT (LENGTH_MEASURE( 1.000000000000000082E-05 ), #2835, 'distance_accuracy_value', 'NONE');
#353 = STYLED_ITEM ( 'NONE', ( #5070 ), #4347 ) ;
#354 = CARTESIAN_POINT ( 'NONE',  ( 0.5749999999999999556, 0.1333333333333334425, -1.040000000000000036 ) ) ;
#355 = SURFACE_STYLE_USAGE ( .BOTH. , #3409 ) ;
#356 = COLOUR_RGB ( '',0.4313725490196078649, 0.4509803921568627527, 0.4313725490196078649 ) ;
#357 = ADVANCED_FACE ( 'NONE', ( #1096 ), #2041, .F. ) ;
#358 = EDGE_CURVE ( 'NONE', #2312, #250, #1655, .T. ) ;
#359 = AXIS2_PLACEMENT_3D ( 'NONE', #1776, #3523, #5264 ) ;
#360 = AXIS2_PLACEMENT_3D ( 'NONE', #118, #4887, #3629 ) ;
#361 = DIRECTION ( 'NONE',  ( 1.000000000000000000, 0.0000000000000000000, 0.0000000000000000000 ) ) ;
#362 =( NAMED_UNIT ( * ) SI_UNIT ( $, .STERADIAN. ) SOLID_ANGLE_UNIT ( ) );
#363 = AXIS2_PLACEMENT_3D ( 'NONE', #1030, #4996, #583 ) ;
#364 = PRESENTATION_LAYER_ASSIGNMENT (  '', '', ( #3954 ) ) ;
#365 = LINE ( 'NONE', #2658, #1836 ) ;
#366 =( GEOMETRIC_REPRESENTATION_CONTEXT ( 3 ) GLOBAL_UNCERTAINTY_ASSIGNED_CONTEXT ( ( #2440 ) ) GLOBAL_UNIT_ASSIGNED_CONTEXT ( ( #953, #4483, #4448 ) ) REPRESENTATION_CONTEXT ( 'NONE', 'WORKASPACE' ) );
#367 = EDGE_LOOP ( 'NONE', ( #4908, #3566, #1820, #1285 ) ) ;
#368 = CARTESIAN_POINT ( 'NONE',  ( -0.9999999999999997780, 0.6300000000000003375, 0.9800000000000002043 ) ) ;
#369 = CARTESIAN_POINT ( 'NONE',  ( 1.000000000000000000, 0.6300000000000003375, -0.9800000000000002043 ) ) ;
#370 = ORIENTED_EDGE ( 'NONE', *, *, #5057, .T. ) ;
#371 =( LENGTH_UNIT ( ) NAMED_UNIT ( * ) SI_UNIT ( .MILLI., .METRE. ) );
#372 = DIRECTION ( 'NONE',  ( -1.000000000000000000, -0.0000000000000000000, -0.0000000000000000000 ) ) ;
#373 = FACE_OUTER_BOUND ( 'NONE', #5442, .T. ) ;
#374 = STYLED_ITEM ( 'NONE', ( #4601 ), #5312 ) ;
#375 = AXIS2_PLACEMENT_3D ( 'NONE', #4960, #2805, #3650 ) ;
#376 = SURFACE_SIDE_STYLE ('',( #4309 ) ) ;
#377 = VERTEX_POINT ( 'NONE', #1178 ) ;
#378 = STYLED_ITEM ( 'NONE', ( #4564 ), #5549 ) ;
#379 = FACE_OUTER_BOUND ( 'NONE', #658, .T. ) ;
#380 = SURFACE_STYLE_USAGE ( .BOTH. , #3346 ) ;
#381 = FILL_AREA_STYLE ('',( #4265 ) ) ;
#382 =( NAMED_UNIT ( * ) SI_UNIT ( $, .STERADIAN. ) SOLID_ANGLE_UNIT ( ) );
#383 = MECHANICAL_DESIGN_GEOMETRIC_PRESENTATION_REPRESENTATION (  '', ( #476 ), #1861 ) ;
#384 = PRESENTATION_LAYER_ASSIGNMENT (  '', '', ( #2518 ) ) ;
#385 = ORIENTED_EDGE ( 'NONE', *, *, #2167, .T. ) ;
#386 = DIRECTION ( 'NONE',  ( 0.0000000000000000000, -0.0000000000000000000, 1.000000000000000000 ) ) ;
#387 = DIRECTION ( 'NONE',  ( 0.0000000000000000000, -1.000000000000000000, 0.0000000000000000000 ) ) ;
#388 =( LENGTH_UNIT ( ) NAMED_UNIT ( * ) SI_UNIT ( .MILLI., .METRE. ) );
#389 = VECTOR ( 'NONE', #442, 1000.000000000000000 ) ;
#390 = ORIENTED_EDGE ( 'NONE', *, *, #4575, .F. ) ;
#391 = COLOUR_RGB ( '',0.4313725490196078649, 0.4509803921568627527, 0.4313725490196078649 ) ;
#392 = PRODUCT_RELATED_PRODUCT_CATEGORY ( 'part', '', ( #2613 ) ) ;
#393 = EDGE_CURVE ( 'NONE', #5422, #2212, #2978, .T. ) ;
#394 = SURFACE_SIDE_STYLE ('',( #805 ) ) ;
#395 =( NAMED_UNIT ( * ) SI_UNIT ( $, .STERADIAN. ) SOLID_ANGLE_UNIT ( ) );
#396 = CARTESIAN_POINT ( 'NONE',  ( -0.7499999999999997780, 0.6333333333333327486, 0.7499999999999997780 ) ) ;
#397 = VERTEX_POINT ( 'NONE', #4715 ) ;
#398 = SURFACE_SIDE_STYLE ('',( #1819 ) ) ;
#399 = LINE ( 'NONE', #840, #4677 ) ;
#400 = ORIENTED_EDGE ( 'NONE', *, *, #3170, .F. ) ;
#401 = EDGE_CURVE ( 'NONE', #4593, #2793, #5544, .T. ) ;
#402 = SURFACE_STYLE_FILL_AREA ( #4337 ) ;
#403 = SURFACE_STYLE_USAGE ( .BOTH. , #816 ) ;
#404 = CARTESIAN_POINT ( 'NONE',  ( 0.5000000000000001110, 0.0000000000000000000, -1.040000000000000036 ) ) ;
#405 = ORIENTED_EDGE ( 'NONE', *, *, #792, .F. ) ;
#406 = DIRECTION ( 'NONE',  ( -1.000000000000000000, -0.0000000000000000000, -0.0000000000000000000 ) ) ;
#407 = UNCERTAINTY_MEASURE_WITH_UNIT (LENGTH_MEASURE( 1.000000000000000082E-05 ), #2334, 'distance_accuracy_value', 'NONE');
#408 = LINE ( 'NONE', #2420, #4372 ) ;
#409 = DIRECTION ( 'NONE',  ( 0.0000000000000000000, -1.000000000000000000, 0.0000000000000000000 ) ) ;
#410 = DIRECTION ( 'NONE',  ( 0.0000000000000000000, -1.000000000000000000, 0.0000000000000000000 ) ) ;
#411 = ORIENTED_EDGE ( 'NONE', *, *, #1500, .T. ) ;
#412 = COLOUR_RGB ( '',0.4313725490196078649, 0.4509803921568627527, 0.4313725490196078649 ) ;
#413 = FILL_AREA_STYLE_COLOUR ( '', #77 ) ;
#414 =( GEOMETRIC_REPRESENTATION_CONTEXT ( 3 ) GLOBAL_UNCERTAINTY_ASSIGNED_CONTEXT ( ( #1393 ) ) GLOBAL_UNIT_ASSIGNED_CONTEXT ( ( #1259, #2673, #550 ) ) REPRESENTATION_CONTEXT ( 'NONE', 'WORKASPACE' ) );
#415 = UNCERTAINTY_MEASURE_WITH_UNIT (LENGTH_MEASURE( 1.000000000000000082E-05 ), #4170, 'distance_accuracy_value', 'NONE');
#416 = SURFACE_SIDE_STYLE ('',( #3377 ) ) ;
#417 = SURFACE_STYLE_FILL_AREA ( #1685 ) ;
#418 =( LENGTH_UNIT ( ) NAMED_UNIT ( * ) SI_UNIT ( .MILLI., .METRE. ) );
#419 = MECHANICAL_DESIGN_GEOMETRIC_PRESENTATION_REPRESENTATION (  '', ( #4273 ), #5453 ) ;
#420 = ORIENTED_EDGE ( 'NONE', *, *, #599, .T. ) ;
#421 = MECHANICAL_DESIGN_GEOMETRIC_PRESENTATION_REPRESENTATION (  '', ( #3354 ), #2906 ) ;
#422 = DIRECTION ( 'NONE',  ( 0.0000000000000000000, 0.0000000000000000000, -1.000000000000000000 ) ) ;
#423 = FACE_OUTER_BOUND ( 'NONE', #2639, .T. ) ;
#424 = MECHANICAL_DESIGN_GEOMETRIC_PRESENTATION_REPRESENTATION (  '', ( #2557 ), #2741 ) ;
#425 = DIRECTION ( 'NONE',  ( 0.0000000000000000000, 0.0000000000000000000, 1.000000000000000000 ) ) ;
#426 = EDGE_CURVE ( 'NONE', #1538, #1540, #745, .T. ) ;
#427 = AXIS2_PLACEMENT_3D ( 'NONE', #4446, #4351, #3963 ) ;
#428 =( NAMED_UNIT ( * ) PLANE_ANGLE_UNIT ( ) SI_UNIT ( $, .RADIAN. ) );
#429 = ORIENTED_EDGE ( 'NONE', *, *, #1732, .T. ) ;
#430 = PLANE ( 'NONE',  #4774 ) ;
#431 = ORIENTED_EDGE ( 'NONE', *, *, #1980, .F. ) ;
#432 =( NAMED_UNIT ( * ) SI_UNIT ( $, .STERADIAN. ) SOLID_ANGLE_UNIT ( ) );
#433 = STYLED_ITEM ( 'NONE', ( #4462 ), #3316 ) ;
#434 = ADVANCED_FACE ( 'NONE', ( #769 ), #3434, .F. ) ;
#435 =( NAMED_UNIT ( * ) SI_UNIT ( $, .STERADIAN. ) SOLID_ANGLE_UNIT ( ) );
#436 = SURFACE_STYLE_FILL_AREA ( #4365 ) ;
#437 = ORIENTED_EDGE ( 'NONE', *, *, #942, .F. ) ;
#438 = DIRECTION ( 'NONE',  ( -1.000000000000000000, 0.0000000000000000000, -0.0000000000000000000 ) ) ;
#439 = AXIS2_PLACEMENT_3D ( 'NONE', #5066, #4223, #3326 ) ;
#440 = CARTESIAN_POINT ( 'NONE',  ( 0.8000000000000001554, 0.2000000000000000111, -1.040000000000000036 ) ) ;
#441 = ORIENTED_EDGE ( 'NONE', *, *, #3419, .T. ) ;
#442 = DIRECTION ( 'NONE',  ( 0.0000000000000000000, 1.000000000000000000, 0.0000000000000000000 ) ) ;
#443 = LINE ( 'NONE', #1713, #2485 ) ;
#444 = VECTOR ( 'NONE', #1571, 1000.000000000000000 ) ;
#445 = VERTEX_POINT ( 'NONE', #3465 ) ;
#446 = PRESENTATION_STYLE_ASSIGNMENT (( #4382 ) ) ;
#447 = COLOUR_RGB ( '',0.1098039215686274495, 0.1098039215686274495, 0.1098039215686274495 ) ;
#448 = DIRECTION ( 'NONE',  ( 0.0000000000000000000, -1.000000000000000000, 0.0000000000000000000 ) ) ;
#449 = FILL_AREA_STYLE ('',( #2164 ) ) ;
#450 = DIRECTION ( 'NONE',  ( -0.0000000000000000000, 1.000000000000000000, -0.0000000000000000000 ) ) ;
#451 = VECTOR ( 'NONE', #1682, 1000.000000000000000 ) ;
#452 = PRESENTATION_LAYER_ASSIGNMENT (  '', '', ( #4135 ) ) ;
#453 = STYLED_ITEM ( 'NONE', ( #2845 ), #1472 ) ;
#454 = DIRECTION ( 'NONE',  ( -7.477256361968993274E-16, 0.0000000000000000000, 1.000000000000000000 ) ) ;
#455 = VERTEX_POINT ( 'NONE', #3815 ) ;
#456 = SURFACE_STYLE_USAGE ( .BOTH. , #1759 ) ;
#457 =( NAMED_UNIT ( * ) SI_UNIT ( $, .STERADIAN. ) SOLID_ANGLE_UNIT ( ) );
#458 = ORIENTED_EDGE ( 'NONE', *, *, #942, .T. ) ;
#459 = VECTOR ( 'NONE', #5397, 1000.000000000000000 ) ;
#460 = COLOUR_RGB ( '',0.7921568627450980005, 0.8196078431372548767, 0.9333333333333333481 ) ;
#461 = FILL_AREA_STYLE_COLOUR ( '', #4523 ) ;
#462 = LINE ( 'NONE', #1349, #2004 ) ;
#463 = SURFACE_STYLE_FILL_AREA ( #1291 ) ;
#464 = ORIENTED_EDGE ( 'NONE', *, *, #4475, .T. ) ;
#465 = PRESENTATION_STYLE_ASSIGNMENT (( #1795 ) ) ;
#466 = EDGE_CURVE ( 'NONE', #2156, #2540, #3843, .T. ) ;
#467 = COLOUR_RGB ( '',0.7529411764705882248, 0.7529411764705882248, 0.7529411764705882248 ) ;
#468 = EDGE_CURVE ( 'NONE', #908, #2156, #294, .T. ) ;
#469 = MECHANICAL_DESIGN_GEOMETRIC_PRESENTATION_REPRESENTATION (  '', ( #3127 ), #4064 ) ;
#470 = DIRECTION ( 'NONE',  ( 0.0000000000000000000, 1.000000000000000000, -0.0000000000000000000 ) ) ;
#471 = EDGE_LOOP ( 'NONE', ( #4931, #1693, #1918, #3388 ) ) ;
#472 = CARTESIAN_POINT ( 'NONE',  ( -0.1499999999999998279, 0.2000000000000000111, 1.040000000000000036 ) ) ;
#473 = UNCERTAINTY_MEASURE_WITH_UNIT (LENGTH_MEASURE( 1.000000000000000082E-05 ), #1452, 'distance_accuracy_value', 'NONE');
#474 = FILL_AREA_STYLE_COLOUR ( '', #3136 ) ;
#475 = FILL_AREA_STYLE ('',( #4413 ) ) ;
#476 = STYLED_ITEM ( 'NONE', ( #1312 ), #5650 ) ;
#477 = SURFACE_STYLE_USAGE ( .BOTH. , #94 ) ;
#478 = STYLED_ITEM ( 'NONE', ( #2875 ), #357 ) ;
#479 =( GEOMETRIC_REPRESENTATION_CONTEXT ( 3 ) GLOBAL_UNCERTAINTY_ASSIGNED_CONTEXT ( ( #3989 ) ) GLOBAL_UNIT_ASSIGNED_CONTEXT ( ( #996, #1832, #5345 ) ) REPRESENTATION_CONTEXT ( 'NONE', 'WORKASPACE' ) );
#480 = VERTEX_POINT ( 'NONE', #3497 ) ;
#481 = LINE ( 'NONE', #4477, #4641 ) ;
#482 = SURFACE_SIDE_STYLE ('',( #1750 ) ) ;
#483 = FILL_AREA_STYLE ('',( #4417 ) ) ;
#484 = DIRECTION ( 'NONE',  ( 1.000000000000000000, 0.0000000000000000000, 0.0000000000000000000 ) ) ;
#485 = DIRECTION ( 'NONE',  ( 0.0000000000000000000, 0.0000000000000000000, -1.000000000000000000 ) ) ;
#486 = VECTOR ( 'NONE', #3458, 1000.000000000000000 ) ;
#487 =( NAMED_UNIT ( * ) SI_UNIT ( $, .STERADIAN. ) SOLID_ANGLE_UNIT ( ) );
#488 = EDGE_LOOP ( 'NONE', ( #2577, #4390, #4836, #4345 ) ) ;
#489 = LINE ( 'NONE', #4355, #4246 ) ;
#490 = ORIENTED_EDGE ( 'NONE', *, *, #289, .F. ) ;
#491 = LINE ( 'NONE', #4001, #4011 ) ;
#492 =( LENGTH_UNIT ( ) NAMED_UNIT ( * ) SI_UNIT ( .MILLI., .METRE. ) );
#493 = LINE ( 'NONE', #4822, #1506 ) ;
#494 = ORIENTED_EDGE ( 'NONE', *, *, #1016, .T. ) ;
#495 = SURFACE_STYLE_FILL_AREA ( #4429 ) ;
#496 = SURFACE_STYLE_FILL_AREA ( #5259 ) ;
#497 = ORIENTED_EDGE ( 'NONE', *, *, #3888, .T. ) ;
#498 = SURFACE_STYLE_USAGE ( .BOTH. , #25 ) ;
#499 = PLANE ( 'NONE',  #2709 ) ;
#500 = ADVANCED_FACE ( 'NONE', ( #5629 ), #5206, .F. ) ;
#501 = VERTEX_POINT ( 'NONE', #2270 ) ;
#502 = FILL_AREA_STYLE_COLOUR ( '', #5248 ) ;
#503 =( NAMED_UNIT ( * ) PLANE_ANGLE_UNIT ( ) SI_UNIT ( $, .RADIAN. ) );
#504 = EDGE_LOOP ( 'NONE', ( #4696, #3932, #3050, #5260 ) ) ;
#505 = ADVANCED_FACE ( 'NONE', ( #4076 ), #2048, .F. ) ;
#506 = SURFACE_STYLE_USAGE ( .BOTH. , #1399 ) ;
#507 = CARTESIAN_POINT ( 'NONE',  ( -0.7249999999999997558, 0.2000000000000000111, 0.0000000000000000000 ) ) ;
#508 = VECTOR ( 'NONE', #1111, 1000.000000000000000 ) ;
#509 = VECTOR ( 'NONE', #24, 1000.000000000000000 ) ;
#510 = COLOUR_RGB ( '',0.4313725490196078649, 0.4509803921568627527, 0.4313725490196078649 ) ;
#511 = EDGE_LOOP ( 'NONE', ( #4591, #2550, #1963, #2081, #390, #1609, #3183, #2147 ) ) ;
#512 = FILL_AREA_STYLE_COLOUR ( '', #4551 ) ;
#513 = ORIENTED_EDGE ( 'NONE', *, *, #181, .T. ) ;
#514 = CARTESIAN_POINT ( 'NONE',  ( -0.8000000000000000444, 0.2000000000000000111, -0.7499999999999997780 ) ) ;
#515 =( NAMED_UNIT ( * ) SI_UNIT ( $, .STERADIAN. ) SOLID_ANGLE_UNIT ( ) );
#516 = VECTOR ( 'NONE', #1444, 1000.000000000000000 ) ;
#517 = AXIS2_PLACEMENT_3D ( 'NONE', #5267, #4383, #4748 ) ;
#518 = VERTEX_POINT ( 'NONE', #1330 ) ;
#519 = LINE ( 'NONE', #4797, #509 ) ;
#520 = STYLED_ITEM ( 'NONE', ( #3897 ), #3273 ) ;
#521 =( NAMED_UNIT ( * ) PLANE_ANGLE_UNIT ( ) SI_UNIT ( $, .RADIAN. ) );
#522 = CARTESIAN_POINT ( 'NONE',  ( 0.5000000000000000000, 0.2000000000000000111, 0.7500000000000001110 ) ) ;
#523 = PLANE ( 'NONE',  #360 ) ;
#524 = ORIENTED_EDGE ( 'NONE', *, *, #2096, .F. ) ;
#525 = PRESENTATION_STYLE_ASSIGNMENT (( #2714 ) ) ;
#526 = UNCERTAINTY_MEASURE_WITH_UNIT (LENGTH_MEASURE( 1.000000000000000082E-05 ), #1501, 'distance_accuracy_value', 'NONE');
#527 = PRESENTATION_LAYER_ASSIGNMENT (  '', '', ( #156 ) ) ;
#528 = FILL_AREA_STYLE ('',( #474 ) ) ;
#529 = EDGE_CURVE ( 'NONE', #1352, #4354, #972, .T. ) ;
#530 = EDGE_CURVE ( 'NONE', #3711, #4487, #3990, .T. ) ;
#531 = CARTESIAN_POINT ( 'NONE',  ( -1.004000000000000226, 0.1399999999999999023, 0.8200000000000000622 ) ) ;
#532 = ADVANCED_FACE ( 'NONE', ( #1360 ), #3635, .T. ) ;
#533 =( NAMED_UNIT ( * ) PLANE_ANGLE_UNIT ( ) SI_UNIT ( $, .RADIAN. ) );
#534 = AXIS2_PLACEMENT_3D ( 'NONE', #1690, #809, #4385 ) ;
#535 = ORIENTED_EDGE ( 'NONE', *, *, #143, .T. ) ;
#536 = PRESENTATION_STYLE_ASSIGNMENT (( #3672 ) ) ;
#537 =( NAMED_UNIT ( * ) SI_UNIT ( $, .STERADIAN. ) SOLID_ANGLE_UNIT ( ) );
#538 = PLANE ( 'NONE',  #1159 ) ;
#539 = AXIS2_PLACEMENT_3D ( 'NONE', #2067, #4318, #386 ) ;
#540 = EDGE_CURVE ( 'NONE', #681, #2937, #4529, .T. ) ;
#541 = LINE ( 'NONE', #2724, #4613 ) ;
#542 = PRESENTATION_LAYER_ASSIGNMENT (  '', '', ( #4499 ) ) ;
#543 = ORIENTED_EDGE ( 'NONE', *, *, #1310, .F. ) ;
#544 = COLOUR_RGB ( '',0.4313725490196078649, 0.4509803921568627527, 0.4313725490196078649 ) ;
#545 =( NAMED_UNIT ( * ) SI_UNIT ( $, .STERADIAN. ) SOLID_ANGLE_UNIT ( ) );
#546 = DIRECTION ( 'NONE',  ( -0.0000000000000000000, 1.000000000000000000, -0.0000000000000000000 ) ) ;
#547 = EDGE_LOOP ( 'NONE', ( #3042, #2184, #2645, #1133 ) ) ;
#548 = DIRECTION ( 'NONE',  ( 0.0000000000000000000, 0.0000000000000000000, -1.000000000000000000 ) ) ;
#549 = VECTOR ( 'NONE', #4465, 1000.000000000000000 ) ;
#550 =( NAMED_UNIT ( * ) SI_UNIT ( $, .STERADIAN. ) SOLID_ANGLE_UNIT ( ) );
#551 = LINE ( 'NONE', #1409, #5648 ) ;
#552 = AXIS2_PLACEMENT_3D ( 'NONE', #2043, #2904, #825 ) ;
#553 = EDGE_LOOP ( 'NONE', ( #1818, #1029, #535, #5043, #5380, #604, #4291, #4733 ) ) ;
#554 = STYLED_ITEM ( 'NONE', ( #1389 ), #5139 ) ;
#555 =( LENGTH_UNIT ( ) NAMED_UNIT ( * ) SI_UNIT ( .MILLI., .METRE. ) );
#556 = COLOUR_RGB ( '',0.4313725490196078649, 0.4509803921568627527, 0.4313725490196078649 ) ;
#557 =( LENGTH_UNIT ( ) NAMED_UNIT ( * ) SI_UNIT ( .MILLI., .METRE. ) );
#558 = MANIFOLD_SOLID_BREP ( 'Cut-Extrude1[7]', #5039 ) ;
#559 = VECTOR ( 'NONE', #1724, 1000.000000000000000 ) ;
#560 = CARTESIAN_POINT ( 'NONE',  ( -0.7249999999999997558, 0.1333333333333333592, -1.040000000000000036 ) ) ;
#561 = LINE ( 'NONE', #4050, #3082 ) ;
#562 = CARTESIAN_POINT ( 'NONE',  ( -1.004000000000000226, 0.07999999999999998779, -0.3300000000000000711 ) ) ;
#563 = VECTOR ( 'NONE', #1623, 1000.000000000000000 ) ;
#564 = LINE ( 'NONE', #1012, #2131 ) ;
#565 = ADVANCED_FACE ( 'NONE', ( #2380 ), #3232, .F. ) ;
#566 = EDGE_CURVE ( 'NONE', #3537, #731, #3779, .T. ) ;
#567 = COLOUR_RGB ( '',0.4313725490196078649, 0.4509803921568627527, 0.4313725490196078649 ) ;
#568 = ORIENTED_EDGE ( 'NONE', *, *, #4570, .F. ) ;
#569 = PLANE ( 'NONE',  #375 ) ;
#570 = SURFACE_STYLE_USAGE ( .BOTH. , #3184 ) ;
#571 =( NAMED_UNIT ( * ) SI_UNIT ( $, .STERADIAN. ) SOLID_ANGLE_UNIT ( ) );
#572 = CLOSED_SHELL ( 'NONE', ( #3054, #5154, #5403, #4675, #2738, #4353, #3992, #2129, #312, #1813 ) ) ;
#573 = EDGE_CURVE ( 'NONE', #1314, #5589, #4605, .T. ) ;
#574 = ORIENTED_EDGE ( 'NONE', *, *, #3951, .F. ) ;
#575 = CARTESIAN_POINT ( 'NONE',  ( 0.5749999999999999556, 0.1333333333333334425, -1.040000000000000036 ) ) ;
#576 =( NAMED_UNIT ( * ) SI_UNIT ( $, .STERADIAN. ) SOLID_ANGLE_UNIT ( ) );
#577 = ORIENTED_EDGE ( 'NONE', *, *, #3199, .F. ) ;
#578 = PLANE ( 'NONE',  #5537 ) ;
#579 = DIRECTION ( 'NONE',  ( 0.0000000000000000000, -1.000000000000000000, 0.0000000000000000000 ) ) ;
#580 = CARTESIAN_POINT ( 'NONE',  ( -1.004000000000000226, 0.1400000000000000133, -0.4400000000000000577 ) ) ;
#581 = CARTESIAN_POINT ( 'NONE',  ( -0.07499999999999998335, 0.2666666666666667740, 1.040000000000000036 ) ) ;
#582 = ORIENTED_EDGE ( 'NONE', *, *, #5539, .T. ) ;
#583 = DIRECTION ( 'NONE',  ( 7.477256361968994260E-16, 0.0000000000000000000, -1.000000000000000000 ) ) ;
#584 = UNCERTAINTY_MEASURE_WITH_UNIT (LENGTH_MEASURE( 1.000000000000000082E-05 ), #1510, 'distance_accuracy_value', 'NONE');
#585 = FILL_AREA_STYLE_COLOUR ( '', #567 ) ;
#586 = VERTEX_POINT ( 'NONE', #2441 ) ;
#587 =( LENGTH_UNIT ( ) NAMED_UNIT ( * ) SI_UNIT ( .MILLI., .METRE. ) );
#588 =( NAMED_UNIT ( * ) SI_UNIT ( $, .STERADIAN. ) SOLID_ANGLE_UNIT ( ) );
#589 =( NAMED_UNIT ( * ) SI_UNIT ( $, .STERADIAN. ) SOLID_ANGLE_UNIT ( ) );
#590 = DIRECTION ( 'NONE',  ( 1.000000000000000000, 0.0000000000000000000, 0.0000000000000000000 ) ) ;
#591 =( NAMED_UNIT ( * ) SI_UNIT ( $, .STERADIAN. ) SOLID_ANGLE_UNIT ( ) );
#592 =( NAMED_UNIT ( * ) PLANE_ANGLE_UNIT ( ) SI_UNIT ( $, .RADIAN. ) );
#593 = LINE ( 'NONE', #4956, #2599 ) ;
#594 = ORIENTED_EDGE ( 'NONE', *, *, #2016, .T. ) ;
#595 = DIRECTION ( 'NONE',  ( -0.0000000000000000000, -1.000000000000000000, -0.0000000000000000000 ) ) ;
#596 = PRESENTATION_LAYER_ASSIGNMENT (  '', '', ( #4271 ) ) ;
#597 = FACE_OUTER_BOUND ( 'NONE', #4684, .T. ) ;
#598 = CARTESIAN_POINT ( 'NONE',  ( -0.9999999999999997780, 0.04000000000000000083, 0.9800000000000002043 ) ) ;
#599 = EDGE_CURVE ( 'NONE', #4580, #5289, #2002, .T. ) ;
#600 = AXIS2_PLACEMENT_3D ( 'NONE', #674, #1596, #3757 ) ;
#601 = ORIENTED_EDGE ( 'NONE', *, *, #2730, .T. ) ;
#602 = CARTESIAN_POINT ( 'NONE',  ( 0.8249999999999999556, 0.2000000000000000111, 0.4999999999999997780 ) ) ;
#603 = PRESENTATION_STYLE_ASSIGNMENT (( #2808 ) ) ;
#604 = ORIENTED_EDGE ( 'NONE', *, *, #466, .T. ) ;
#605 = CARTESIAN_POINT ( 'NONE',  ( -0.1499999999999999389, 0.0000000000000000000, -0.7499999999999998890 ) ) ;
#606 = SURFACE_SIDE_STYLE ('',( #218 ) ) ;
#607 = PRESENTATION_LAYER_ASSIGNMENT (  '', '', ( #772 ) ) ;
#608 = EDGE_CURVE ( 'NONE', #5108, #4512, #2816, .T. ) ;
#609 = SURFACE_STYLE_USAGE ( .BOTH. , #146 ) ;
#610 = VERTEX_POINT ( 'NONE', #2470 ) ;
#611 = LINE ( 'NONE', #5197, #3760 ) ;
#612 =( NAMED_UNIT ( * ) PLANE_ANGLE_UNIT ( ) SI_UNIT ( $, .RADIAN. ) );
#613 = CARTESIAN_POINT ( 'NONE',  ( 0.9799999999999999822, 0.6500000000000000222, -0.9800000000000002043 ) ) ;
#614 = ORIENTED_EDGE ( 'NONE', *, *, #2867, .T. ) ;
#615 =( NAMED_UNIT ( * ) PLANE_ANGLE_UNIT ( ) SI_UNIT ( $, .RADIAN. ) );
#616 = PRESENTATION_LAYER_ASSIGNMENT (  '', '', ( #1824 ) ) ;
#617 = PLANE ( 'NONE',  #773 ) ;
#618 = DIRECTION ( 'NONE',  ( 0.0000000000000000000, -9.035018104045870941E-16, 1.000000000000000000 ) ) ;
#619 = LINE ( 'NONE', #1953, #5215 ) ;
#620 = DIRECTION ( 'NONE',  ( -1.000000000000000000, 0.0000000000000000000, 0.0000000000000000000 ) ) ;
#621 = VECTOR ( 'NONE', #3472, 1000.000000000000000 ) ;
#622 = FACE_OUTER_BOUND ( 'NONE', #3017, .T. ) ;
#623 = SURFACE_SIDE_STYLE ('',( #2520 ) ) ;
#624 = PLANE ( 'NONE',  #1871 ) ;
#625 = COLOUR_RGB ( '',0.4313725490196078649, 0.4509803921568627527, 0.4313725490196078649 ) ;
#626 = VERTEX_POINT ( 'NONE', #177 ) ;
#627 = ORIENTED_EDGE ( 'NONE', *, *, #1617, .F. ) ;
#628 = PRESENTATION_LAYER_ASSIGNMENT (  '', '', ( #1657 ) ) ;
#629 = DIRECTION ( 'NONE',  ( -1.000000000000000000, -0.0000000000000000000, -0.0000000000000000000 ) ) ;
#630 = PLANE ( 'NONE',  #3009 ) ;
#631 = PRESENTATION_LAYER_ASSIGNMENT (  '', '', ( #4039 ) ) ;
#632 = CARTESIAN_POINT ( 'NONE',  ( 0.9800000000000004263, 0.6300000000000003375, -1.000000000000000222 ) ) ;
#633 = VECTOR ( 'NONE', #4916, 1000.000000000000000 ) ;
#634 = LINE ( 'NONE', #5048, #2780 ) ;
#635 = ADVANCED_FACE ( 'NONE', ( #254 ), #2036, .T. ) ;
#636 = ORIENTED_EDGE ( 'NONE', *, *, #5402, .T. ) ;
#637 = EDGE_CURVE ( 'NONE', #5633, #5653, #2537, .T. ) ;
#638 = UNCERTAINTY_MEASURE_WITH_UNIT (LENGTH_MEASURE( 1.000000000000000082E-05 ), #1384, 'distance_accuracy_value', 'NONE');
#639 = CARTESIAN_POINT ( 'NONE',  ( 0.5749999999999999556, 0.2000000000000000111, 0.4999999999999997780 ) ) ;
#640 = COLOUR_RGB ( '',0.1098039215686274495, 0.1098039215686274495, 0.1098039215686274495 ) ;
#641 = ORIENTED_EDGE ( 'NONE', *, *, #2017, .F. ) ;
#642 = EDGE_CURVE ( 'NONE', #4359, #5209, #742, .T. ) ;
#643 = CARTESIAN_POINT ( 'NONE',  ( -0.8249999999999999556, 0.2000000000000000111, 0.3325000000000005729 ) ) ;
#644 = LINE ( 'NONE', #4214, #1059 ) ;
#645 = CARTESIAN_POINT ( 'NONE',  ( -0.7499999999999997780, 0.6016666666666661278, 0.7499999999999997780 ) ) ;
#646 = MECHANICAL_DESIGN_GEOMETRIC_PRESENTATION_REPRESENTATION (  '', ( #554 ), #1465 ) ;
#647 = DIRECTION ( 'NONE',  ( -1.000000000000000000, 0.0000000000000000000, -0.0000000000000000000 ) ) ;
#648 = DIRECTION ( 'NONE',  ( 0.0000000000000000000, 0.0000000000000000000, 1.000000000000000000 ) ) ;
#649 = VECTOR ( 'NONE', #1992, 1000.000000000000000 ) ;
#650 = DIRECTION ( 'NONE',  ( 0.0000000000000000000, 0.0000000000000000000, 1.000000000000000000 ) ) ;
#651 = AXIS2_PLACEMENT_3D ( 'NONE', #237, #2932, #2046 ) ;
#652 =( NAMED_UNIT ( * ) PLANE_ANGLE_UNIT ( ) SI_UNIT ( $, .RADIAN. ) );
#653 = SURFACE_STYLE_FILL_AREA ( #2428 ) ;
#654 = LINE ( 'NONE', #5553, #3021 ) ;
#655 = ORIENTED_EDGE ( 'NONE', *, *, #729, .F. ) ;
#656 = LINE ( 'NONE', #3187, #2870 ) ;
#657 = LINE ( 'NONE', #4148, #4307 ) ;
#658 = EDGE_LOOP ( 'NONE', ( #5526, #636, #3148, #841 ) ) ;
#659 = DIRECTION ( 'NONE',  ( -0.7071067811865513475, -0.0000000000000000000, -0.7071067811865436870 ) ) ;
#660 = CARTESIAN_POINT ( 'NONE',  ( 1.004000000000000226, 0.1399999999999999023, 0.8200000000000000622 ) ) ;
#661 = FILL_AREA_STYLE ('',( #4937 ) ) ;
#662 = CARTESIAN_POINT ( 'NONE',  ( 1.004000000000000226, 0.1399999999999999578, 0.3300000000000000711 ) ) ;
#663 = VECTOR ( 'NONE', #3869, 1000.000000000000000 ) ;
#664 = LINE ( 'NONE', #2786, #3677 ) ;
#665 = ORIENTED_EDGE ( 'NONE', *, *, #5235, .F. ) ;
#666 = CARTESIAN_POINT ( 'NONE',  ( -1.000000000000000000, 0.04000000000000000083, -1.000000000000000222 ) ) ;
#667 = CARTESIAN_POINT ( 'NONE',  ( -0.7499999999999997780, 0.6333333333333327486, 0.8499999999999999778 ) ) ;
#668 = EDGE_CURVE ( 'NONE', #397, #1358, #4738, .T. ) ;
#669 = ORIENTED_EDGE ( 'NONE', *, *, #4185, .T. ) ;
#670 = DIRECTION ( 'NONE',  ( 0.0000000000000000000, -1.000000000000000000, 0.0000000000000000000 ) ) ;
#671 = PLANE ( 'NONE',  #4044 ) ;
#672 = EDGE_CURVE ( 'NONE', #3777, #5334, #1680, .T. ) ;
#673 = FILL_AREA_STYLE ('',( #2071 ) ) ;
#674 = CARTESIAN_POINT ( 'NONE',  ( -0.7499999999999997780, 0.6500000000000000222, 0.7499999999999997780 ) ) ;
#675 = PRESENTATION_STYLE_ASSIGNMENT (( #1503 ) ) ;
#676 = PLANE ( 'NONE',  #3655 ) ;
#677 = CARTESIAN_POINT ( 'NONE',  ( -1.004000000000000226, 0.1399999999999999856, -0.3300000000000000711 ) ) ;
#678 =( NAMED_UNIT ( * ) PLANE_ANGLE_UNIT ( ) SI_UNIT ( $, .RADIAN. ) );
#679 = ORIENTED_EDGE ( 'NONE', *, *, #668, .T. ) ;
#680 = COLOUR_RGB ( '',0.7921568627450980005, 0.8196078431372548767, 0.9333333333333333481 ) ;
#681 = VERTEX_POINT ( 'NONE', #1823 ) ;
#682 = PRESENTATION_STYLE_ASSIGNMENT (( #338 ) ) ;
#683 = SURFACE_SIDE_STYLE ('',( #3658 ) ) ;
#684 = FILL_AREA_STYLE ('',( #3194 ) ) ;
#685 = CARTESIAN_POINT ( 'NONE',  ( -0.7499999999999997780, 0.5849999999999999645, 0.7499999999999997780 ) ) ;
#686 = ORIENTED_EDGE ( 'NONE', *, *, #3343, .T. ) ;
#687 = CARTESIAN_POINT ( 'NONE',  ( 0.5000000000000000000, 0.0000000000000000000, 0.7500000000000001110 ) ) ;
#688 =( NAMED_UNIT ( * ) SI_UNIT ( $, .STERADIAN. ) SOLID_ANGLE_UNIT ( ) );
#689 = UNCERTAINTY_MEASURE_WITH_UNIT (LENGTH_MEASURE( 1.000000000000000082E-05 ), #1565, 'distance_accuracy_value', 'NONE');
#690 = DIRECTION ( 'NONE',  ( 1.000000000000000000, 0.0000000000000000000, 0.0000000000000000000 ) ) ;
#691 = COLOUR_RGB ( '',0.4313725490196078649, 0.4509803921568627527, 0.4313725490196078649 ) ;
#692 = ORIENTED_EDGE ( 'NONE', *, *, #3840, .T. ) ;
#693 = DIRECTION ( 'NONE',  ( -0.0000000000000000000, -1.000000000000000000, -0.0000000000000000000 ) ) ;
#694 = FILL_AREA_STYLE_COLOUR ( '', #2745 ) ;
#695 = CARTESIAN_POINT ( 'NONE',  ( 0.7249999999999999778, 0.2666666666666667740, -1.040000000000000036 ) ) ;
#696 =( LENGTH_UNIT ( ) NAMED_UNIT ( * ) SI_UNIT ( .MILLI., .METRE. ) );
#697 = CARTESIAN_POINT ( 'NONE',  ( 0.4999999999999998890, 0.0000000000000000000, -0.7500000000000000000 ) ) ;
#698 = EDGE_CURVE ( 'NONE', #3991, #4015, #288, .T. ) ;
#699 = EDGE_CURVE ( 'NONE', #3024, #1681, #4287, .T. ) ;
#700 = FACE_OUTER_BOUND ( 'NONE', #5565, .T. ) ;
#701 = CARTESIAN_POINT ( 'NONE',  ( 0.4999999999999998890, 0.1333333333333334425, -0.7500000000000000000 ) ) ;
#702 = CARTESIAN_POINT ( 'NONE',  ( -1.004000000000000226, 0.08000000000000001554, -0.7099999999999999645 ) ) ;
#703 = VECTOR ( 'NONE', #2483, 1000.000000000000000 ) ;
#704 = FILL_AREA_STYLE_COLOUR ( '', #3394 ) ;
#705 = VERTEX_POINT ( 'NONE', #3898 ) ;
#706 = SURFACE_STYLE_FILL_AREA ( #2052 ) ;
#707 = ORIENTED_EDGE ( 'NONE', *, *, #1780, .F. ) ;
#708 = ADVANCED_FACE ( 'NONE', ( #4314 ), #5623, .F. ) ;
#709 = SURFACE_STYLE_FILL_AREA ( #5187 ) ;
#710 =( NAMED_UNIT ( * ) SI_UNIT ( $, .STERADIAN. ) SOLID_ANGLE_UNIT ( ) );
#711 =( LENGTH_UNIT ( ) NAMED_UNIT ( * ) SI_UNIT ( .MILLI., .METRE. ) );
#712 = MECHANICAL_DESIGN_GEOMETRIC_PRESENTATION_REPRESENTATION (  '', ( #2931 ), #1073 ) ;
#713 = MECHANICAL_DESIGN_GEOMETRIC_PRESENTATION_REPRESENTATION (  '', ( #2933 ), #3942 ) ;
#714 = ORIENTED_EDGE ( 'NONE', *, *, #5439, .T. ) ;
#715 = DIRECTION ( 'NONE',  ( -0.0000000000000000000, 1.000000000000000000, -0.0000000000000000000 ) ) ;
#716 = SURFACE_STYLE_FILL_AREA ( #1006 ) ;
#717 =( LENGTH_UNIT ( ) NAMED_UNIT ( * ) SI_UNIT ( .MILLI., .METRE. ) );
#718 = PRESENTATION_LAYER_ASSIGNMENT (  '', '', ( #3484 ) ) ;
#719 = DIRECTION ( 'NONE',  ( 9.346570452461245291E-17, 0.0000000000000000000, 1.000000000000000000 ) ) ;
#720 = STYLED_ITEM ( 'NONE', ( #225 ), #1442 ) ;
#721 = ORIENTED_EDGE ( 'NONE', *, *, #2715, .F. ) ;
#722 =( LENGTH_UNIT ( ) NAMED_UNIT ( * ) SI_UNIT ( .MILLI., .METRE. ) );
#723 = CARTESIAN_POINT ( 'NONE',  ( -0.7249999999999997558, 0.2666666666666666630, -1.040000000000000036 ) ) ;
#724 = SURFACE_STYLE_USAGE ( .BOTH. , #1530 ) ;
#725 = FACE_OUTER_BOUND ( 'NONE', #547, .T. ) ;
#726 = SURFACE_STYLE_FILL_AREA ( #332 ) ;
#727 = EDGE_CURVE ( 'NONE', #335, #1346, #2624, .T. ) ;
#728 = STYLED_ITEM ( 'NONE', ( #5229 ), #5412 ) ;
#729 = EDGE_CURVE ( 'NONE', #4067, #3597, #1959, .T. ) ;
#730 = PRESENTATION_LAYER_ASSIGNMENT (  '', '', ( #4770 ) ) ;
#731 = VERTEX_POINT ( 'NONE', #1481 ) ;
#732 = ORIENTED_EDGE ( 'NONE', *, *, #2715, .T. ) ;
#733 = SURFACE_STYLE_FILL_AREA ( #3332 ) ;
#734 = PLANE ( 'NONE',  #4179 ) ;
#735 = STYLED_ITEM ( 'NONE', ( #3766 ), #5578 ) ;
#736 = STYLED_ITEM ( 'NONE', ( #5005 ), #322 ) ;
#737 = EDGE_CURVE ( 'NONE', #1538, #4889, #2307, .T. ) ;
#738 =( NAMED_UNIT ( * ) PLANE_ANGLE_UNIT ( ) SI_UNIT ( $, .RADIAN. ) );
#739 = ORIENTED_EDGE ( 'NONE', *, *, #3091, .T. ) ;
#740 = DIRECTION ( 'NONE',  ( 1.000000000000000000, 0.0000000000000000000, 0.0000000000000000000 ) ) ;
#741 = UNCERTAINTY_MEASURE_WITH_UNIT (LENGTH_MEASURE( 1.000000000000000082E-05 ), #5184, 'distance_accuracy_value', 'NONE');
#742 = LINE ( 'NONE', #1172, #486 ) ;
#743 = EDGE_LOOP ( 'NONE', ( #2038, #4988, #3678, #5115 ) ) ;
#744 = UNCERTAINTY_MEASURE_WITH_UNIT (LENGTH_MEASURE( 1.000000000000000082E-05 ), #116, 'distance_accuracy_value', 'NONE');
#745 = LINE ( 'NONE', #5576, #2615 ) ;
#746 = CARTESIAN_POINT ( 'NONE',  ( 0.7249999999999999778, 0.2666666666666667740, -1.040000000000000036 ) ) ;
#747 = PRESENTATION_STYLE_ASSIGNMENT (( #4692 ) ) ;
#748 = CARTESIAN_POINT ( 'NONE',  ( 0.1500000000000000500, 0.0000000000000000000, -0.7499999999999998890 ) ) ;
#749 = EDGE_LOOP ( 'NONE', ( #983, #1875, #4847, #3361 ) ) ;
#750 = DIRECTION ( 'NONE',  ( -1.084202172485504434E-16, -0.0000000000000000000, -1.000000000000000000 ) ) ;
#751 = ORIENTED_EDGE ( 'NONE', *, *, #5612, .F. ) ;
#752 = CARTESIAN_POINT ( 'NONE',  ( -0.5749999999999997335, 0.2000000000000000111, -0.7499999999999997780 ) ) ;
#753 = FACE_OUTER_BOUND ( 'NONE', #998, .T. ) ;
#754 = ADVANCED_FACE ( 'NONE', ( #107 ), #5419, .F. ) ;
#755 = PLANE ( 'NONE',  #3072 ) ;
#756 = PRESENTATION_STYLE_ASSIGNMENT (( #2029 ) ) ;
#757 = ORIENTED_EDGE ( 'NONE', *, *, #1913, .T. ) ;
#758 = FILL_AREA_STYLE ('',( #3866 ) ) ;
#759 = EDGE_CURVE ( 'NONE', #445, #4401, #541, .T. ) ;
#760 = EDGE_CURVE ( 'NONE', #2309, #518, #5384, .T. ) ;
#761 =( GEOMETRIC_REPRESENTATION_CONTEXT ( 3 ) GLOBAL_UNCERTAINTY_ASSIGNED_CONTEXT ( ( #4891 ) ) GLOBAL_UNIT_ASSIGNED_CONTEXT ( ( #3770, #2024, #710 ) ) REPRESENTATION_CONTEXT ( 'NONE', 'WORKASPACE' ) );
#762 = STYLED_ITEM ( 'NONE', ( #465 ), #2526 ) ;
#763 = SURFACE_STYLE_USAGE ( .BOTH. , #2508 ) ;
#764 = DIRECTION ( 'NONE',  ( -0.0000000000000000000, 1.000000000000000000, 0.0000000000000000000 ) ) ;
#765 = VECTOR ( 'NONE', #4794, 1000.000000000000000 ) ;
#766 = VECTOR ( 'NONE', #5679, 1000.000000000000000 ) ;
#767 = ORIENTED_EDGE ( 'NONE', *, *, #3634, .F. ) ;
#768 = PLANE ( 'NONE',  #2679 ) ;
#769 = FACE_OUTER_BOUND ( 'NONE', #4199, .T. ) ;
#771 = CARTESIAN_POINT ( 'NONE',  ( 0.5000000000000000000, 0.0000000000000000000, 1.040000000000000036 ) ) ;
#770 = COLOUR_RGB ( '',0.4313725490196078649, 0.4509803921568627527, 0.4313725490196078649 ) ;
#772 = STYLED_ITEM ( 'NONE', ( #4806 ), #3060 ) ;
#773 = AXIS2_PLACEMENT_3D ( 'NONE', #1593, #5520, #4636 ) ;
#774 = FILL_AREA_STYLE ('',( #2905 ) ) ;
#775 = LINE ( 'NONE', #5179, #917 ) ;
#776 = PLANE ( 'NONE',  #439 ) ;
#777 = LINE ( 'NONE', #2573, #1167 ) ;
#778 = COLOUR_RGB ( '',0.7529411764705882248, 0.7529411764705882248, 0.7529411764705882248 ) ;
#779 = ORIENTED_EDGE ( 'NONE', *, *, #2801, .T. ) ;
#780 = VERTEX_POINT ( 'NONE', #4063 ) ;
#781 = CARTESIAN_POINT ( 'NONE',  ( -0.9999999999999997780, 0.6300000000000003375, 0.9999999999999997780 ) ) ;
#782 = SURFACE_STYLE_USAGE ( .BOTH. , #3539 ) ;
#783 = CARTESIAN_POINT ( 'NONE',  ( -0.7499999999999997780, 0.5849999999999999645, 0.7499999999999997780 ) ) ;
#784 = DIRECTION ( 'NONE',  ( 0.0000000000000000000, 1.000000000000000000, 0.0000000000000000000 ) ) ;
#785 = SURFACE_SIDE_STYLE ('',( #2532 ) ) ;
#786 = EDGE_LOOP ( 'NONE', ( #343, #3619, #2803, #4096 ) ) ;
#787 =( NAMED_UNIT ( * ) SI_UNIT ( $, .STERADIAN. ) SOLID_ANGLE_UNIT ( ) );
#788 = DIRECTION ( 'NONE',  ( -0.7071067811865398012, 6.839255870354720655E-17, -0.7071067811865552333 ) ) ;
#789 = UNCERTAINTY_MEASURE_WITH_UNIT (LENGTH_MEASURE( 1.000000000000000082E-05 ), #722, 'distance_accuracy_value', 'NONE');
#790 = CYLINDRICAL_SURFACE ( 'NONE', #3645, 0.1000000000000001582 ) ;
#791 = ADVANCED_FACE ( 'NONE', ( #132 ), #624, .F. ) ;
#792 = EDGE_CURVE ( 'NONE', #2502, #3597, #3126, .T. ) ;
#793 = COLOUR_RGB ( '',0.4313725490196078649, 0.4509803921568627527, 0.4313725490196078649 ) ;
#794 = ORIENTED_EDGE ( 'NONE', *, *, #2174, .T. ) ;
#795 = UNCERTAINTY_MEASURE_WITH_UNIT (LENGTH_MEASURE( 1.000000000000000082E-05 ), #3512, 'distance_accuracy_value', 'NONE');
#796 = SURFACE_STYLE_USAGE ( .BOTH. , #2068 ) ;
#797 = SURFACE_STYLE_USAGE ( .BOTH. , #1299 ) ;
#798 = DIRECTION ( 'NONE',  ( 0.0000000000000000000, 0.7071067811865414665, 0.7071067811865536790 ) ) ;
#799 = PRESENTATION_LAYER_ASSIGNMENT (  '', '', ( #80 ) ) ;
#800 = ORIENTED_EDGE ( 'NONE', *, *, #5607, .T. ) ;
#801 = MECHANICAL_DESIGN_GEOMETRIC_PRESENTATION_REPRESENTATION (  '', ( #4499 ), #259 ) ;
#802 = EDGE_CURVE ( 'NONE', #4889, #3914, #2882, .T. ) ;
#803 = PRESENTATION_LAYER_ASSIGNMENT (  '', '', ( #256 ) ) ;
#804 = AXIS2_PLACEMENT_3D ( 'NONE', #290, #1033, #1589 ) ;
#805 = SURFACE_STYLE_FILL_AREA ( #4783 ) ;
#806 = FILL_AREA_STYLE_COLOUR ( '', #4419 ) ;
#807 = DIRECTION ( 'NONE',  ( -0.0000000000000000000, -0.0000000000000000000, 1.000000000000000000 ) ) ;
#808 = MECHANICAL_DESIGN_GEOMETRIC_PRESENTATION_REPRESENTATION (  '', ( #3303 ), #366 ) ;
#809 = DIRECTION ( 'NONE',  ( 0.5773502691896237327, 0.5773502691896361672, 0.5773502691896174044 ) ) ;
#810 =( GEOMETRIC_REPRESENTATION_CONTEXT ( 3 ) GLOBAL_UNCERTAINTY_ASSIGNED_CONTEXT ( ( #5515 ) ) GLOBAL_UNIT_ASSIGNED_CONTEXT ( ( #5346, #3581, #2731 ) ) REPRESENTATION_CONTEXT ( 'NONE', 'WORKASPACE' ) );
#811 = ORIENTED_EDGE ( 'NONE', *, *, #1591, .T. ) ;
#812 = FACE_OUTER_BOUND ( 'NONE', #2333, .T. ) ;
#813 = CARTESIAN_POINT ( 'NONE',  ( -0.7999999999999997113, 0.0000000000000000000, 0.7500000000000002220 ) ) ;
#814 = EDGE_LOOP ( 'NONE', ( #2443, #4753, #4172, #968 ) ) ;
#815 = SURFACE_SIDE_STYLE ('',( #402 ) ) ;
#816 = SURFACE_SIDE_STYLE ('',( #4759 ) ) ;
#817 = COLOUR_RGB ( '',0.4313725490196078649, 0.4509803921568627527, 0.4313725490196078649 ) ;
#818 = DIRECTION ( 'NONE',  ( -0.0000000000000000000, 0.0000000000000000000, 1.000000000000000000 ) ) ;
#819 =( NAMED_UNIT ( * ) SI_UNIT ( $, .STERADIAN. ) SOLID_ANGLE_UNIT ( ) );
#820 = ORIENTED_EDGE ( 'NONE', *, *, #637, .T. ) ;
#821 =( NAMED_UNIT ( * ) PLANE_ANGLE_UNIT ( ) SI_UNIT ( $, .RADIAN. ) );
#822 = DIRECTION ( 'NONE',  ( -0.0000000000000000000, -0.0000000000000000000, 1.000000000000000000 ) ) ;
#823 = DIRECTION ( 'NONE',  ( 0.0000000000000000000, 0.0000000000000000000, -1.000000000000000000 ) ) ;
#824 = PRESENTATION_LAYER_ASSIGNMENT (  '', '', ( #4964 ) ) ;
#825 = DIRECTION ( 'NONE',  ( 0.0000000000000000000, 0.0000000000000000000, -1.000000000000000000 ) ) ;
#826 = ORIENTED_EDGE ( 'NONE', *, *, #1089, .F. ) ;
#827 = CARTESIAN_POINT ( 'NONE',  ( -0.5749999999999997335, 0.2000000000000000111, 0.5000000000000006661 ) ) ;
#828 = FILL_AREA_STYLE ('',( #1268 ) ) ;
#829 = EDGE_CURVE ( 'NONE', #5294, #4573, #2909, .T. ) ;
#830 = STYLED_ITEM ( 'NONE', ( #5169 ), #635 ) ;
#831 = EDGE_LOOP ( 'NONE', ( #1935, #3806, #3043, #1509 ) ) ;
#832 = CARTESIAN_POINT ( 'NONE',  ( -0.7499999999999997780, 0.5849999999999999645, 0.7499999999999997780 ) ) ;
#833 = SURFACE_STYLE_USAGE ( .BOTH. , #394 ) ;
#834 = DIRECTION ( 'NONE',  ( 0.7071067811865436870, -1.239037099348053787E-16, -0.7071067811865513475 ) ) ;
#835 = LINE ( 'NONE', #1308, #621 ) ;
#836 = ADVANCED_FACE ( 'NONE', ( #4589 ), #5037, .T. ) ;
#837 =( NAMED_UNIT ( * ) PLANE_ANGLE_UNIT ( ) SI_UNIT ( $, .RADIAN. ) );
#838 = VERTEX_POINT ( 'NONE', #1103 ) ;
#839 = DIRECTION ( 'NONE',  ( 0.0000000000000000000, -0.7071067811865398012, 0.7071067811865552333 ) ) ;
#840 = CARTESIAN_POINT ( 'NONE',  ( 0.07499999999999998335, 0.2000000000000000111, 0.0000000000000000000 ) ) ;
#841 = ORIENTED_EDGE ( 'NONE', *, *, #2640, .T. ) ;
#842 = SURFACE_STYLE_USAGE ( .BOTH. , #4792 ) ;
#843 = CARTESIAN_POINT ( 'NONE',  ( 0.1500000000000001610, 0.2000000000000000111, 1.040000000000000036 ) ) ;
#844 =( NAMED_UNIT ( * ) SI_UNIT ( $, .STERADIAN. ) SOLID_ANGLE_UNIT ( ) );
#845 = ORIENTED_EDGE ( 'NONE', *, *, #4352, .F. ) ;
#846 = FILL_AREA_STYLE ('',( #1294 ) ) ;
#847 = DIRECTION ( 'NONE',  ( -0.0000000000000000000, -0.0000000000000000000, 1.000000000000000000 ) ) ;
#848 = SURFACE_SIDE_STYLE ('',( #4266 ) ) ;
#849 =( LENGTH_UNIT ( ) NAMED_UNIT ( * ) SI_UNIT ( .MILLI., .METRE. ) );
#850 = VERTEX_POINT ( 'NONE', #748 ) ;
#851 = DIRECTION ( 'NONE',  ( 0.0000000000000000000, -1.000000000000000000, 0.0000000000000000000 ) ) ;
#852 = UNCERTAINTY_MEASURE_WITH_UNIT (LENGTH_MEASURE( 1.000000000000000082E-05 ), #3457, 'distance_accuracy_value', 'NONE');
#853 =( LENGTH_UNIT ( ) NAMED_UNIT ( * ) SI_UNIT ( .MILLI., .METRE. ) );
#854 = SURFACE_STYLE_FILL_AREA ( #4835 ) ;
#855 =( NAMED_UNIT ( * ) PLANE_ANGLE_UNIT ( ) SI_UNIT ( $, .RADIAN. ) );
#856 = VECTOR ( 'NONE', #5192, 1000.000000000000000 ) ;
#857 = ORIENTED_EDGE ( 'NONE', *, *, #3350, .F. ) ;
#858 = MECHANICAL_DESIGN_GEOMETRIC_PRESENTATION_REPRESENTATION (  '', ( #5175 ), #4182 ) ;
#859 = FILL_AREA_STYLE ('',( #35 ) ) ;
#860 = FILL_AREA_STYLE_COLOUR ( '', #3724 ) ;
#861 = VECTOR ( 'NONE', #5078, 1000.000000000000000 ) ;
#862 = MECHANICAL_DESIGN_GEOMETRIC_PRESENTATION_REPRESENTATION (  '', ( #4910 ), #2359 ) ;
#863 = FILL_AREA_STYLE_COLOUR ( '', #3224 ) ;
#864 = CARTESIAN_POINT ( 'NONE',  ( 0.1549999999999998601, 0.2000000000000000111, -0.5000000000000002220 ) ) ;
#865 = SURFACE_STYLE_USAGE ( .BOTH. , #3851 ) ;
#866 = MECHANICAL_DESIGN_GEOMETRIC_PRESENTATION_REPRESENTATION (  '', ( #2818 ), #4631 ) ;
#867 = EDGE_CURVE ( 'NONE', #3564, #2365, #3300, .T. ) ;
#868 = EDGE_CURVE ( 'NONE', #4401, #3277, #654, .T. ) ;
#869 = EDGE_LOOP ( 'NONE', ( #44, #276, #1576, #679, #4817, #3603, #3494, #767 ) ) ;
#870 = LINE ( 'NONE', #4845, #4689 ) ;
#871 =( LENGTH_UNIT ( ) NAMED_UNIT ( * ) SI_UNIT ( .MILLI., .METRE. ) );
#872 = EDGE_LOOP ( 'NONE', ( #991, #5659, #3731, #226 ) ) ;
#873 = DIRECTION ( 'NONE',  ( -0.0000000000000000000, 1.000000000000000000, -0.0000000000000000000 ) ) ;
#874 = FILL_AREA_STYLE_COLOUR ( '', #680 ) ;
#875 = FILL_AREA_STYLE ('',( #4361 ) ) ;
#876 = PRESENTATION_LAYER_ASSIGNMENT (  '', '', ( #520 ) ) ;
#877 = CARTESIAN_POINT ( 'NONE',  ( -0.1549999999999999711, 0.2000000000000000111, -0.5000000000000002220 ) ) ;
#878 = DIRECTION ( 'NONE',  ( -1.084202172485504434E-16, 0.0000000000000000000, -1.000000000000000000 ) ) ;
#880 = STYLED_ITEM ( 'NONE', ( #2914 ), #3489 ) ;
#879 =( NAMED_UNIT ( * ) PLANE_ANGLE_UNIT ( ) SI_UNIT ( $, .RADIAN. ) );
#881 = VERTEX_POINT ( 'NONE', #3797 ) ;
#882 = SURFACE_SIDE_STYLE ('',( #2178 ) ) ;
#883 =( GEOMETRIC_REPRESENTATION_CONTEXT ( 3 ) GLOBAL_UNCERTAINTY_ASSIGNED_CONTEXT ( ( #4312 ) ) GLOBAL_UNIT_ASSIGNED_CONTEXT ( ( #106, #3414, #362 ) ) REPRESENTATION_CONTEXT ( 'NONE', 'WORKASPACE' ) );
#884 = VERTEX_POINT ( 'NONE', #2076 ) ;
#885 = CARTESIAN_POINT ( 'NONE',  ( 0.0000000000000000000, 0.2000000000000000111, 0.0000000000000000000 ) ) ;
#886 =( NAMED_UNIT ( * ) SI_UNIT ( $, .STERADIAN. ) SOLID_ANGLE_UNIT ( ) );
#887 = PLANE ( 'NONE',  #804 ) ;
#888 = ORIENTED_EDGE ( 'NONE', *, *, #2415, .F. ) ;
#889 = AXIS2_PLACEMENT_3D ( 'NONE', #4389, #4335, #1725 ) ;
#890 = STYLED_ITEM ( 'NONE', ( #4947 ), #1334 ) ;
#891 = CARTESIAN_POINT ( 'NONE',  ( 0.1500000000000001332, 0.0000000000000000000, 0.7500000000000001110 ) ) ;
#892 = SURFACE_STYLE_USAGE ( .BOTH. , #5298 ) ;
#893 = DIRECTION ( 'NONE',  ( -0.0000000000000000000, -1.000000000000000000, -0.0000000000000000000 ) ) ;
#894 = VECTOR ( 'NONE', #1835, 1000.000000000000000 ) ;
#895 = VECTOR ( 'NONE', #1152, 1000.000000000000000 ) ;
#896 =( GEOMETRIC_REPRESENTATION_CONTEXT ( 3 ) GLOBAL_UNCERTAINTY_ASSIGNED_CONTEXT ( ( #3007 ) ) GLOBAL_UNIT_ASSIGNED_CONTEXT ( ( #4633, #1972, #1063 ) ) REPRESENTATION_CONTEXT ( 'NONE', 'WORKASPACE' ) );
#897 = ORIENTED_EDGE ( 'NONE', *, *, #2454, .F. ) ;
#898 = ORIENTED_EDGE ( 'NONE', *, *, #5050, .T. ) ;
#899 = STYLED_ITEM ( 'NONE', ( #3360 ), #4892 ) ;
#900 = STYLED_ITEM ( 'NONE', ( #4763 ), #4200 ) ;
#901 = PRESENTATION_STYLE_ASSIGNMENT (( #782 ) ) ;
#902 = CARTESIAN_POINT ( 'NONE',  ( 0.1500000000000000500, 0.0000000000000000000, -1.040000000000000036 ) ) ;
#903 = EDGE_CURVE ( 'NONE', #1175, #3277, #3700, .T. ) ;
#904 = CARTESIAN_POINT ( 'NONE',  ( 0.5749999999999999556, 0.2666666666666667740, -1.040000000000000036 ) ) ;
#905 = VECTOR ( 'NONE', #454, 1000.000000000000000 ) ;
#906 = VERTEX_POINT ( 'NONE', #3327 ) ;
#907 = FILL_AREA_STYLE_COLOUR ( '', #4945 ) ;
#908 = VERTEX_POINT ( 'NONE', #3728 ) ;
#909 = PLANE ( 'NONE',  #2903 ) ;
#910 =( NAMED_UNIT ( * ) PLANE_ANGLE_UNIT ( ) SI_UNIT ( $, .RADIAN. ) );
#911 = PRESENTATION_LAYER_ASSIGNMENT (  '', '', ( #3313 ) ) ;
#912 = EDGE_CURVE ( 'NONE', #480, #5633, #5441, .T. ) ;
#913 = LINE ( 'NONE', #4012, #4305 ) ;
#914 = AXIS2_PLACEMENT_3D ( 'NONE', #5618, #1136, #2088 ) ;
#915 = FILL_AREA_STYLE ('',( #4373 ) ) ;
#916 = ORIENTED_EDGE ( 'NONE', *, *, #3200, .F. ) ;
#917 = VECTOR ( 'NONE', #448, 1000.000000000000000 ) ;
#918 = SURFACE_SIDE_STYLE ('',( #1392 ) ) ;
#919 = UNCERTAINTY_MEASURE_WITH_UNIT (LENGTH_MEASURE( 1.000000000000000082E-05 ), #4582, 'distance_accuracy_value', 'NONE');
#920 =( NAMED_UNIT ( * ) PLANE_ANGLE_UNIT ( ) SI_UNIT ( $, .RADIAN. ) );
#921 = DIRECTION ( 'NONE',  ( -1.000000000000000000, -0.0000000000000000000, -0.0000000000000000000 ) ) ;
#922 = MECHANICAL_DESIGN_GEOMETRIC_PRESENTATION_REPRESENTATION (  '', ( #736 ), #4782 ) ;
#923 = ORIENTED_EDGE ( 'NONE', *, *, #5019, .F. ) ;
#924 = FACE_OUTER_BOUND ( 'NONE', #3940, .T. ) ;
#925 = MECHANICAL_DESIGN_GEOMETRIC_PRESENTATION_REPRESENTATION (  '', ( #200 ), #1397 ) ;
#926 = FACE_OUTER_BOUND ( 'NONE', #3798, .T. ) ;
#927 = PRESENTATION_LAYER_ASSIGNMENT (  '', '', ( #3611 ) ) ;
#928 = PLANE ( 'NONE',  #1104 ) ;
#929 =( LENGTH_UNIT ( ) NAMED_UNIT ( * ) SI_UNIT ( .MILLI., .METRE. ) );
#930 = VECTOR ( 'NONE', #192, 1000.000000000000000 ) ;
#931 =( LENGTH_UNIT ( ) NAMED_UNIT ( * ) SI_UNIT ( .MILLI., .METRE. ) );
#932 = CARTESIAN_POINT ( 'NONE',  ( -1.000000000000000000, 0.6500000000000000222, -0.9800000000000002043 ) ) ;
#933 = ORIENTED_EDGE ( 'NONE', *, *, #672, .T. ) ;
#934 = ORIENTED_EDGE ( 'NONE', *, *, #4363, .F. ) ;
#935 = DIRECTION ( 'NONE',  ( -1.000000000000000000, -0.0000000000000000000, -0.0000000000000000000 ) ) ;
#936 = DIRECTION ( 'NONE',  ( 0.0000000000000000000, -1.000000000000000000, 0.0000000000000000000 ) ) ;
#937 = ORIENTED_EDGE ( 'NONE', *, *, #2408, .F. ) ;
#938 = VERTEX_POINT ( 'NONE', #5067 ) ;
#939 = ADVANCED_FACE ( 'NONE', ( #1987 ), #1128, .T. ) ;
#940 = PLANE ( 'NONE',  #2368 ) ;
#941 = FILL_AREA_STYLE ('',( #4073 ) ) ;
#942 = EDGE_CURVE ( 'NONE', #4563, #291, #4724, .T. ) ;
#943 = ORIENTED_EDGE ( 'NONE', *, *, #4803, .T. ) ;
#944 = EDGE_CURVE ( 'NONE', #164, #2066, #365, .T. ) ;
#945 = LINE ( 'NONE', #2677, #2854 ) ;
#946 = APPLICATION_CONTEXT ( 'automotive_design' ) ;
#947 = DIRECTION ( 'NONE',  ( 0.0000000000000000000, -1.000000000000000000, -9.035018104045870941E-16 ) ) ;
#948 = EDGE_CURVE ( 'NONE', #3691, #337, #777, .T. ) ;
#949 = PRESENTATION_STYLE_ASSIGNMENT (( #4868 ) ) ;
#950 = DIRECTION ( 'NONE',  ( 0.0000000000000000000, 1.000000000000000000, -0.0000000000000000000 ) ) ;
#951 = PRESENTATION_LAYER_ASSIGNMENT (  '', '', ( #3714 ) ) ;
#952 = MECHANICAL_DESIGN_GEOMETRIC_PRESENTATION_REPRESENTATION (  '', ( #4271 ), #4545 ) ;
#953 =( LENGTH_UNIT ( ) NAMED_UNIT ( * ) SI_UNIT ( .MILLI., .METRE. ) );
#954 = VECTOR ( 'NONE', #5426, 1000.000000000000000 ) ;
#955 = VERTEX_POINT ( 'NONE', #2226 ) ;
#956 = DIRECTION ( 'NONE',  ( 0.0000000000000000000, -0.0000000000000000000, -1.000000000000000000 ) ) ;
#957 =( LENGTH_UNIT ( ) NAMED_UNIT ( * ) SI_UNIT ( .MILLI., .METRE. ) );
#958 = FILL_AREA_STYLE ('',( #2363 ) ) ;
#959 = VECTOR ( 'NONE', #1678, 1000.000000000000000 ) ;
#960 = VERTEX_POINT ( 'NONE', #3415 ) ;
#961 =( NAMED_UNIT ( * ) PLANE_ANGLE_UNIT ( ) SI_UNIT ( $, .RADIAN. ) );
#962 = CARTESIAN_POINT ( 'NONE',  ( 0.0000000000000000000, 0.2000000000000000111, 0.0000000000000000000 ) ) ;
#963 = EDGE_LOOP ( 'NONE', ( #943, #4174, #2964, #4267 ) ) ;
#964 = VECTOR ( 'NONE', #5447, 1000.000000000000000 ) ;
#965 = FACE_OUTER_BOUND ( 'NONE', #2662, .T. ) ;
#966 = VECTOR ( 'NONE', #306, 1000.000000000000000 ) ;
#967 = CARTESIAN_POINT ( 'NONE',  ( 0.7249999999999999778, 0.1333333333333334425, 0.7500000000000002220 ) ) ;
#968 = ORIENTED_EDGE ( 'NONE', *, *, #5375, .F. ) ;
#969 = CARTESIAN_POINT ( 'NONE',  ( -0.4999999999999998890, 0.2000000000000000111, 1.040000000000000036 ) ) ;
#970 = UNCERTAINTY_MEASURE_WITH_UNIT (LENGTH_MEASURE( 1.000000000000000082E-05 ), #4596, 'distance_accuracy_value', 'NONE');
#971 = STYLED_ITEM ( 'NONE', ( #1533 ), #3628 ) ;
#972 = LINE ( 'NONE', #4442, #2424 ) ;
#973 = CARTESIAN_POINT ( 'NONE',  ( -0.9799999999999997602, 0.6500000000000000222, 1.062518129035794099E-16 ) ) ;
#974 = ADVANCED_FACE ( 'NONE', ( #2137 ), #4331, .T. ) ;
#975 = EDGE_CURVE ( 'NONE', #4233, #2204, #1735, .T. ) ;
#976 = CARTESIAN_POINT ( 'NONE',  ( 1.000000000000000000, 0.03999999999999999389, 0.9799999999999997602 ) ) ;
#977 = DIRECTION ( 'NONE',  ( -0.0000000000000000000, 0.0000000000000000000, 1.000000000000000000 ) ) ;
#978 = DIRECTION ( 'NONE',  ( 0.0000000000000000000, 0.7071067811865552333, -0.7071067811865399122 ) ) ;
#979 = CARTESIAN_POINT ( 'NONE',  ( -1.004000000000000226, 0.07999999999999996003, 0.4400000000000000022 ) ) ;
#980 = STYLED_ITEM ( 'NONE', ( #5587 ), #1046 ) ;
#981 = EDGE_CURVE ( 'NONE', #1774, #1540, #2108, .T. ) ;
#982 = COLOUR_RGB ( '',0.4313725490196078649, 0.4509803921568627527, 0.4313725490196078649 ) ;
#983 = ORIENTED_EDGE ( 'NONE', *, *, #2838, .F. ) ;
#984 = FILL_AREA_STYLE ('',( #3620 ) ) ;
#985 = ORIENTED_EDGE ( 'NONE', *, *, #5344, .T. ) ;
#986 = VECTOR ( 'NONE', #2847, 1000.000000000000000 ) ;
#987 = VECTOR ( 'NONE', #5006, 1000.000000000000114 ) ;
#988 =( LENGTH_UNIT ( ) NAMED_UNIT ( * ) SI_UNIT ( .MILLI., .METRE. ) );
#989 = MECHANICAL_DESIGN_GEOMETRIC_PRESENTATION_REPRESENTATION (  '', ( #720 ), #896 ) ;
#990 = PRESENTATION_LAYER_ASSIGNMENT (  '', '', ( #2941 ) ) ;
#991 = ORIENTED_EDGE ( 'NONE', *, *, #3308, .T. ) ;
#992 =( NAMED_UNIT ( * ) SI_UNIT ( $, .STERADIAN. ) SOLID_ANGLE_UNIT ( ) );
#993 = ORIENTED_EDGE ( 'NONE', *, *, #141, .F. ) ;
#994 = CARTESIAN_POINT ( 'NONE',  ( 1.004000000000000226, 0.0000000000000000000, 0.0000000000000000000 ) ) ;
#995 = MECHANICAL_DESIGN_GEOMETRIC_PRESENTATION_REPRESENTATION (  '', ( #1855 ), #4409 ) ;
#996 =( LENGTH_UNIT ( ) NAMED_UNIT ( * ) SI_UNIT ( .MILLI., .METRE. ) );
#997 = SURFACE_STYLE_USAGE ( .BOTH. , #1084 ) ;
#998 = EDGE_LOOP ( 'NONE', ( #933, #3674, #2913, #577 ) ) ;
#999 = DIRECTION ( 'NONE',  ( -0.0000000000000000000, -2.464095846557964399E-16, 1.000000000000000000 ) ) ;
#1000 = MECHANICAL_DESIGN_GEOMETRIC_PRESENTATION_REPRESENTATION (  '', ( #5137 ), #3783 ) ;
#1001 = CARTESIAN_POINT ( 'NONE',  ( 1.004000000000000226, 0.1399999999999999578, 0.4400000000000000577 ) ) ;
#1002 = PRESENTATION_LAYER_ASSIGNMENT (  '', '', ( #3127 ) ) ;
#1003 = MECHANICAL_DESIGN_GEOMETRIC_PRESENTATION_REPRESENTATION (  '', ( #3505 ), #5 ) ;
#1004 = ORIENTED_EDGE ( 'NONE', *, *, #737, .T. ) ;
#1005 = PRESENTATION_LAYER_ASSIGNMENT (  '', '', ( #476 ) ) ;
#1006 = FILL_AREA_STYLE ('',( #4630 ) ) ;
#1007 = EDGE_CURVE ( 'NONE', #518, #4284, #4810, .T. ) ;
#1008 = CARTESIAN_POINT ( 'NONE',  ( 1.004000000000000226, 0.1399999999999999578, 0.4400000000000000577 ) ) ;
#1009 = LINE ( 'NONE', #4051, #4778 ) ;
#1010 = VECTOR ( 'NONE', #387, 1000.000000000000000 ) ;
#1011 =( NAMED_UNIT ( * ) SI_UNIT ( $, .STERADIAN. ) SOLID_ANGLE_UNIT ( ) );
#1012 = CARTESIAN_POINT ( 'NONE',  ( -0.4999999999999997780, 0.2000000000000000111, 0.7500000000000002220 ) ) ;
#1013 = MECHANICAL_DESIGN_GEOMETRIC_PRESENTATION_REPRESENTATION (  '', ( #2792 ), #4787 ) ;
#1014 = PRODUCT_CONTEXT ( 'NONE', #946, 'mechanical' ) ;
#1015 = VERTEX_POINT ( 'NONE', #3040 ) ;
#1016 = EDGE_CURVE ( 'NONE', #705, #1175, #2691, .T. ) ;
#1017 = CARTESIAN_POINT ( 'NONE',  ( -0.5749999999999997335, 0.2000000000000000111, -0.5000000000000002220 ) ) ;
#1018 = SURFACE_STYLE_USAGE ( .BOTH. , #1376 ) ;
#1019 = PRESENTATION_STYLE_ASSIGNMENT (( #570 ) ) ;
#1020 = SURFACE_STYLE_USAGE ( .BOTH. , #1853 ) ;
#1021 = VECTOR ( 'NONE', #3599, 1000.000000000000000 ) ;
#1022 = CARTESIAN_POINT ( 'NONE',  ( -0.5749999999999997335, 0.2666666666666666630, -1.040000000000000036 ) ) ;
#1023 = FILL_AREA_STYLE_COLOUR ( '', #4577 ) ;
#1024 = VERTEX_POINT ( 'NONE', #2193 ) ;
#1025 = FILL_AREA_STYLE ('',( #4150 ) ) ;
#1026 = FILL_AREA_STYLE_COLOUR ( '', #2194 ) ;
#1027 = PLANE ( 'NONE',  #4356 ) ;
#1028 = PLANE ( 'NONE',  #5595 ) ;
#1029 = ORIENTED_EDGE ( 'NONE', *, *, #5012, .T. ) ;
#1030 = CARTESIAN_POINT ( 'NONE',  ( 0.5000000000000001110, 0.2000000000000000111, -1.040000000000000036 ) ) ;
#1031 = UNCERTAINTY_MEASURE_WITH_UNIT (LENGTH_MEASURE( 1.000000000000000082E-05 ), #2298, 'distance_accuracy_value', 'NONE');
#1032 = CARTESIAN_POINT ( 'NONE',  ( 0.5000000000000000000, 0.2000000000000000111, 1.040000000000000036 ) ) ;
#1033 = DIRECTION ( 'NONE',  ( 1.000000000000000000, 0.0000000000000000000, 0.0000000000000000000 ) ) ;
#1034 = ORIENTED_EDGE ( 'NONE', *, *, #2240, .T. ) ;
#1035 = SURFACE_STYLE_FILL_AREA ( #5405 ) ;
#1036 = UNCERTAINTY_MEASURE_WITH_UNIT (LENGTH_MEASURE( 1.000000000000000082E-05 ), #3663, 'distance_accuracy_value', 'NONE');
#1037 = LINE ( 'NONE', #4953, #4468 ) ;
#1038 = DIRECTION ( 'NONE',  ( 0.0000000000000000000, 0.0000000000000000000, -1.000000000000000000 ) ) ;
#1039 = DIRECTION ( 'NONE',  ( 1.000000000000000000, 0.0000000000000000000, -0.0000000000000000000 ) ) ;
#1040 = CARTESIAN_POINT ( 'NONE',  ( 0.0000000000000000000, 0.2000000000000000111, 0.0000000000000000000 ) ) ;
#1041 = PRESENTATION_STYLE_ASSIGNMENT (( #2388 ) ) ;
#1042 = COLOUR_RGB ( '',0.4313725490196078649, 0.4509803921568627527, 0.4313725490196078649 ) ;
#1043 = DIRECTION ( 'NONE',  ( 1.084202172485504434E-16, 0.0000000000000000000, 1.000000000000000000 ) ) ;
#1044 = FILL_AREA_STYLE_COLOUR ( '', #3877 ) ;
#1045 = DIRECTION ( 'NONE',  ( 0.0000000000000000000, 0.0000000000000000000, -1.000000000000000000 ) ) ;
#1046 = ADVANCED_FACE ( 'NONE', ( #3936 ), #5671, .T. ) ;
#1047 = EDGE_CURVE ( 'NONE', #2952, #5620, #4481, .T. ) ;
#1048 = VECTOR ( 'NONE', #247, 1000.000000000000000 ) ;
#1049 = STYLED_ITEM ( 'NONE', ( #4029 ), #2872 ) ;
#1050 = ORIENTED_EDGE ( 'NONE', *, *, #4264, .T. ) ;
#1051 =( NAMED_UNIT ( * ) SI_UNIT ( $, .STERADIAN. ) SOLID_ANGLE_UNIT ( ) );
#1052 = VERTEX_POINT ( 'NONE', #5379 ) ;
#1053 = PRESENTATION_STYLE_ASSIGNMENT (( #2313 ) ) ;
#1054 = DIRECTION ( 'NONE',  ( -1.000000000000000000, 0.0000000000000000000, -0.0000000000000000000 ) ) ;
#1055 = PRESENTATION_LAYER_ASSIGNMENT (  '', '', ( #3833 ) ) ;
#1056 = FILL_AREA_STYLE_COLOUR ( '', #1864 ) ;
#1057 = EDGE_CURVE ( 'NONE', #4580, #4691, #4054, .T. ) ;
#1058 = CARTESIAN_POINT ( 'NONE',  ( 0.1500000000000000500, 0.2000000000000000111, -1.040000000000000036 ) ) ;
#1059 = VECTOR ( 'NONE', #822, 1000.000000000000000 ) ;
#1060 = VERTEX_POINT ( 'NONE', #979 ) ;
#1061 = LINE ( 'NONE', #2843, #81 ) ;
#1062 = SURFACE_STYLE_USAGE ( .BOTH. , #2346 ) ;
#1063 =( NAMED_UNIT ( * ) SI_UNIT ( $, .STERADIAN. ) SOLID_ANGLE_UNIT ( ) );
#1064 = EDGE_LOOP ( 'NONE', ( #2375, #732, #1826, #686 ) ) ;
#1065 = CARTESIAN_POINT ( 'NONE',  ( -0.5749999999999997335, 0.1333333333333333592, -0.5000000000000002220 ) ) ;
#1066 = PRESENTATION_LAYER_ASSIGNMENT (  '', '', ( #3189 ) ) ;
#1067 = DIRECTION ( 'NONE',  ( -0.0000000000000000000, 1.000000000000000000, 1.807003620809174977E-15 ) ) ;
#1068 = DIRECTION ( 'NONE',  ( 0.0000000000000000000, 1.000000000000000000, -2.464095846557965385E-16 ) ) ;
#1069 = FACE_OUTER_BOUND ( 'NONE', #4183, .T. ) ;
#1070 = SURFACE_SIDE_STYLE ('',( #2478 ) ) ;
#1071 = FILL_AREA_STYLE_COLOUR ( '', #3410 ) ;
#1072 = FILL_AREA_STYLE_COLOUR ( '', #4381 ) ;
#1073 =( GEOMETRIC_REPRESENTATION_CONTEXT ( 3 ) GLOBAL_UNCERTAINTY_ASSIGNED_CONTEXT ( ( #3814 ) ) GLOBAL_UNIT_ASSIGNED_CONTEXT ( ( #4841, #837, #3061 ) ) REPRESENTATION_CONTEXT ( 'NONE', 'WORKASPACE' ) );
#1074 = ORIENTED_EDGE ( 'NONE', *, *, #1222, .T. ) ;
#1075 =( NAMED_UNIT ( * ) PLANE_ANGLE_UNIT ( ) SI_UNIT ( $, .RADIAN. ) );
#1076 = ORIENTED_EDGE ( 'NONE', *, *, #3780, .T. ) ;
#1077 = DIRECTION ( 'NONE',  ( 1.000000000000000000, 0.0000000000000000000, 0.0000000000000000000 ) ) ;
#1078 = LINE ( 'NONE', #660, #2986 ) ;
#1079 = DIRECTION ( 'NONE',  ( 0.0000000000000000000, -0.0000000000000000000, -1.000000000000000000 ) ) ;
#1080 = EDGE_CURVE ( 'NONE', #2472, #311, #3241, .T. ) ;
#1081 = LINE ( 'NONE', #1223, #1134 ) ;
#1082 = COLOUR_RGB ( '',0.4313725490196078649, 0.4509803921568627527, 0.4313725490196078649 ) ;
#1083 = MECHANICAL_DESIGN_GEOMETRIC_PRESENTATION_REPRESENTATION (  '', ( #2216 ), #5228 ) ;
#1084 = SURFACE_SIDE_STYLE ('',( #5367 ) ) ;
#1085 =( GEOMETRIC_REPRESENTATION_CONTEXT ( 3 ) GLOBAL_UNCERTAINTY_ASSIGNED_CONTEXT ( ( #2734 ) ) GLOBAL_UNIT_ASSIGNED_CONTEXT ( ( #4829, #4939, #2753 ) ) REPRESENTATION_CONTEXT ( 'NONE', 'WORKASPACE' ) );
#1086 = ORIENTED_EDGE ( 'NONE', *, *, #2450, .T. ) ;
#1087 = SURFACE_STYLE_USAGE ( .BOTH. , #5024 ) ;
#1088 = UNCERTAINTY_MEASURE_WITH_UNIT (LENGTH_MEASURE( 1.000000000000000082E-05 ), #5473, 'distance_accuracy_value', 'NONE');
#1089 = EDGE_CURVE ( 'NONE', #5620, #3328, #125, .T. ) ;
#1090 = DIRECTION ( 'NONE',  ( -7.477256361968999191E-16, 0.0000000000000000000, 1.000000000000000000 ) ) ;
#1091 = PRESENTATION_LAYER_ASSIGNMENT (  '', '', ( #5682 ) ) ;
#1092 = ORIENTED_EDGE ( 'NONE', *, *, #1591, .F. ) ;
#1093 = FILL_AREA_STYLE ('',( #2006 ) ) ;
#1094 = UNCERTAINTY_MEASURE_WITH_UNIT (LENGTH_MEASURE( 1.000000000000000082E-05 ), #3471, 'distance_accuracy_value', 'NONE');
#1095 = DIRECTION ( 'NONE',  ( -0.0000000000000000000, 1.000000000000000000, -0.0000000000000000000 ) ) ;
#1096 = FACE_OUTER_BOUND ( 'NONE', #3228, .T. ) ;
#1097 = PLANE ( 'NONE',  #1267 ) ;
#1098 = DIRECTION ( 'NONE',  ( -0.0000000000000000000, -1.000000000000000000, -0.0000000000000000000 ) ) ;
#1099 = PRESENTATION_LAYER_ASSIGNMENT (  '', '', ( #4867 ) ) ;
#1100 = PRESENTATION_LAYER_ASSIGNMENT (  '', '', ( #3505 ) ) ;
#1101 = LINE ( 'NONE', #2880, #4277 ) ;
#1102 = SURFACE_STYLE_FILL_AREA ( #1479 ) ;
#1103 = CARTESIAN_POINT ( 'NONE',  ( 0.5000000000000000000, 0.0000000000000000000, 0.7500000000000001110 ) ) ;
#1104 = AXIS2_PLACEMENT_3D ( 'NONE', #695, #3320, #1038 ) ;
#1105 = FILL_AREA_STYLE ('',( #704 ) ) ;
#1106 = ORIENTED_EDGE ( 'NONE', *, *, #5336, .F. ) ;
#1107 =( NAMED_UNIT ( * ) PLANE_ANGLE_UNIT ( ) SI_UNIT ( $, .RADIAN. ) );
#1108 = SURFACE_STYLE_FILL_AREA ( #5502 ) ;
#1109 = EDGE_LOOP ( 'NONE', ( #934, #2683, #3937, #4521 ) ) ;
#1110 = LINE ( 'NONE', #4069, #1328 ) ;
#1111 = DIRECTION ( 'NONE',  ( -0.0000000000000000000, -1.000000000000000000, -0.0000000000000000000 ) ) ;
#1112 =( LENGTH_UNIT ( ) NAMED_UNIT ( * ) SI_UNIT ( .MILLI., .METRE. ) );
#1113 = MECHANICAL_DESIGN_GEOMETRIC_PRESENTATION_REPRESENTATION (  '', ( #3611 ), #2620 ) ;
#1114 = LINE ( 'NONE', #2889, #3123 ) ;
#1115 = VERTEX_POINT ( 'NONE', #4870 ) ;
#1116 = SURFACE_STYLE_USAGE ( .BOTH. , #3256 ) ;
#1117 = CARTESIAN_POINT ( 'NONE',  ( 0.4999999999999998890, 0.2000000000000000111, -0.7500000000000000000 ) ) ;
#1118 = DIRECTION ( 'NONE',  ( -0.0000000000000000000, -1.000000000000000000, -0.0000000000000000000 ) ) ;
#1119 = LINE ( 'NONE', #667, #4760 ) ;
#1120 = ADVANCED_FACE ( 'NONE', ( #1447 ), #5411, .T. ) ;
#1121 = ADVANCED_FACE ( 'NONE', ( #3562 ), #69, .F. ) ;
#1122 = ORIENTED_EDGE ( 'NONE', *, *, #3879, .F. ) ;
#1123 = PRESENTATION_STYLE_ASSIGNMENT (( #4184 ) ) ;
#1124 = FACE_OUTER_BOUND ( 'NONE', #2367, .T. ) ;
#1125 = FILL_AREA_STYLE_COLOUR ( '', #5314 ) ;
#1126 = LINE ( 'NONE', #697, #2852 ) ;
#1127 =( NAMED_UNIT ( * ) PLANE_ANGLE_UNIT ( ) SI_UNIT ( $, .RADIAN. ) );
#1128 = PLANE ( 'NONE',  #534 ) ;
#1129 = PRESENTATION_STYLE_ASSIGNMENT (( #5038 ) ) ;
#1130 = VERTEX_POINT ( 'NONE', #5435 ) ;
#1131 = DIRECTION ( 'NONE',  ( 0.0000000000000000000, -0.0000000000000000000, -1.000000000000000000 ) ) ;
#1132 = COLOUR_RGB ( '',0.7921568627450980005, 0.8196078431372548767, 0.9333333333333333481 ) ;
#1133 = ORIENTED_EDGE ( 'NONE', *, *, #4505, .F. ) ;
#1134 = VECTOR ( 'NONE', #784, 1000.000000000000000 ) ;
#1135 = VECTOR ( 'NONE', #139, 1000.000000000000000 ) ;
#1136 = DIRECTION ( 'NONE',  ( 0.0000000000000000000, 9.035018104045870941E-16, -1.000000000000000000 ) ) ;
#1137 = DIRECTION ( 'NONE',  ( 1.000000000000000000, 0.0000000000000000000, 0.0000000000000000000 ) ) ;
#1138 = VERTEX_POINT ( 'NONE', #2515 ) ;
#1139 = CARTESIAN_POINT ( 'NONE',  ( 0.9800000000000004263, 0.6500000000000000222, -1.000000000000000222 ) ) ;
#1140 =( GEOMETRIC_REPRESENTATION_CONTEXT ( 3 ) GLOBAL_UNCERTAINTY_ASSIGNED_CONTEXT ( ( #1329 ) ) GLOBAL_UNIT_ASSIGNED_CONTEXT ( ( #4286, #1613, #688 ) ) REPRESENTATION_CONTEXT ( 'NONE', 'WORKASPACE' ) );
#1141 = COLOUR_RGB ( '',0.4313725490196078649, 0.4509803921568627527, 0.4313725490196078649 ) ;
#1142 = CARTESIAN_POINT ( 'NONE',  ( -0.7249999999999997558, 0.1333333333333333592, -1.040000000000000036 ) ) ;
#1143 = UNCERTAINTY_MEASURE_WITH_UNIT (LENGTH_MEASURE( 1.000000000000000082E-05 ), #4364, 'distance_accuracy_value', 'NONE');
#1144 = DIRECTION ( 'NONE',  ( -0.0000000000000000000, -1.000000000000000000, -0.0000000000000000000 ) ) ;
#1145 = SURFACE_SIDE_STYLE ('',( #3286 ) ) ;
#1146 = PRODUCT_DEFINITION_SHAPE ( 'NONE', 'NONE',  #1408 ) ;
#1147 =( GEOMETRIC_REPRESENTATION_CONTEXT ( 3 ) GLOBAL_UNCERTAINTY_ASSIGNED_CONTEXT ( ( #1621 ) ) GLOBAL_UNIT_ASSIGNED_CONTEXT ( ( #1769, #821, #2241 ) ) REPRESENTATION_CONTEXT ( 'NONE', 'WORKASPACE' ) );
#1148 = MECHANICAL_DESIGN_GEOMETRIC_PRESENTATION_REPRESENTATION (  '', ( #2464 ), #1239 ) ;
#1149 = VERTEX_POINT ( 'NONE', #1564 ) ;
#1150 =( GEOMETRIC_REPRESENTATION_CONTEXT ( 3 ) GLOBAL_UNCERTAINTY_ASSIGNED_CONTEXT ( ( #919 ) ) GLOBAL_UNIT_ASSIGNED_CONTEXT ( ( #4582, #1951, #3263 ) ) REPRESENTATION_CONTEXT ( 'NONE', 'WORKASPACE' ) );
#1151 = ADVANCED_FACE ( 'NONE', ( #1069 ), #187, .F. ) ;
#1152 = DIRECTION ( 'NONE',  ( -0.0000000000000000000, -1.000000000000000000, -0.0000000000000000000 ) ) ;
#1153 = EDGE_CURVE ( 'NONE', #4083, #303, #233, .T. ) ;
#1154 = SURFACE_SIDE_STYLE ('',( #2901 ) ) ;
#1155 = COLOUR_RGB ( '',0.1098039215686274495, 0.1098039215686274495, 0.1098039215686274495 ) ;
#1156 =( NAMED_UNIT ( * ) PLANE_ANGLE_UNIT ( ) SI_UNIT ( $, .RADIAN. ) );
#1157 = EDGE_CURVE ( 'NONE', #3125, #4563, #3720, .T. ) ;
#1158 = DIRECTION ( 'NONE',  ( 0.0000000000000000000, -1.000000000000000000, 0.0000000000000000000 ) ) ;
#1159 = AXIS2_PLACEMENT_3D ( 'NONE', #5011, #5383, #4115 ) ;
#1160 = SURFACE_STYLE_FILL_AREA ( #4171 ) ;
#1161 = ORIENTED_EDGE ( 'NONE', *, *, #4645, .T. ) ;
#1162 = SURFACE_STYLE_USAGE ( .BOTH. , #2489 ) ;
#1163 = ORIENTED_EDGE ( 'NONE', *, *, #1535, .T. ) ;
#1164 = CARTESIAN_POINT ( 'NONE',  ( 0.8000000000000001554, 0.0000000000000000000, -1.040000000000000036 ) ) ;
#1165 =( NAMED_UNIT ( * ) PLANE_ANGLE_UNIT ( ) SI_UNIT ( $, .RADIAN. ) );
#1166 = DIRECTION ( 'NONE',  ( 0.0000000000000000000, 0.0000000000000000000, 1.000000000000000000 ) ) ;
#1167 = VECTOR ( 'NONE', #3506, 1000.000000000000000 ) ;
#1168 = COLOUR_RGB ( '',0.7921568627450980005, 0.8196078431372548767, 0.9333333333333333481 ) ;
#1169 = PRESENTATION_STYLE_ASSIGNMENT (( #5074 ) ) ;
#1170 = ORIENTED_EDGE ( 'NONE', *, *, #4394, .F. ) ;
#1171 = FILL_AREA_STYLE ('',( #1700 ) ) ;
#1172 = CARTESIAN_POINT ( 'NONE',  ( 0.9800000000000002043, 0.6500000000000000222, 0.9999999999999997780 ) ) ;
#1173 = FILL_AREA_STYLE_COLOUR ( '', #5225 ) ;
#1174 = VECTOR ( 'NONE', #1556, 1000.000000000000000 ) ;
#1175 = VERTEX_POINT ( 'NONE', #1179 ) ;
#1177 = VECTOR ( 'NONE', #4656, 1000.000000000000000 ) ;
#1176 = SURFACE_STYLE_USAGE ( .BOTH. , #5543 ) ;
#1178 = CARTESIAN_POINT ( 'NONE',  ( -0.7249999999999997558, 0.1333333333333333592, 0.7500000000000002220 ) ) ;
#1179 = CARTESIAN_POINT ( 'NONE',  ( -0.1499999999999999389, 0.2000000000000000111, -0.7499999999999998890 ) ) ;
#1180 = COLOUR_RGB ( '',0.4313725490196078649, 0.4509803921568627527, 0.4313725490196078649 ) ;
#1181 = PRESENTATION_LAYER_ASSIGNMENT (  '', '', ( #353 ) ) ;
#1182 = EDGE_CURVE ( 'NONE', #5165, #3436, #2878, .T. ) ;
#1183 = VECTOR ( 'NONE', #1436, 1000.000000000000000 ) ;
#1184 = FACE_OUTER_BOUND ( 'NONE', #511, .T. ) ;
#1185 = PLANE ( 'NONE',  #148 ) ;
#1186 = CARTESIAN_POINT ( 'NONE',  ( -0.7499999999999997780, 0.6016666666666661278, 0.8499999999999999778 ) ) ;
#1187 =( NAMED_UNIT ( * ) PLANE_ANGLE_UNIT ( ) SI_UNIT ( $, .RADIAN. ) );
#1188 = PRESENTATION_LAYER_ASSIGNMENT (  '', '', ( #728 ) ) ;
#1189 = FACE_OUTER_BOUND ( 'NONE', #5676, .T. ) ;
#1190 = EDGE_CURVE ( 'NONE', #2540, #1052, #1126, .T. ) ;
#1191 = EDGE_CURVE ( 'NONE', #1314, #3537, #1594, .T. ) ;
#1192 = PRESENTATION_LAYER_ASSIGNMENT (  '', '', ( #2958 ) ) ;
#1193 = VERTEX_POINT ( 'NONE', #2927 ) ;
#1194 = ORIENTED_EDGE ( 'NONE', *, *, #4852, .F. ) ;
#1195 = PRESENTATION_STYLE_ASSIGNMENT (( #2525 ) ) ;
#1196 = CARTESIAN_POINT ( 'NONE',  ( -0.9799999999999997602, 0.6300000000000003375, 0.9999999999999997780 ) ) ;
#1197 = SURFACE_STYLE_FILL_AREA ( #1640 ) ;
#1198 = CARTESIAN_POINT ( 'NONE',  ( -1.000000000000000000, 0.6500000000000000222, -1.000000000000000222 ) ) ;
#1199 = ADVANCED_BREP_SHAPE_REPRESENTATION ( 'User Library-SOT1118 DFN2020-6', ( #2471, #4227, #2461, #2328, #4412, #2539, #558, #4339, #2526, #4399, #2494, #4347, #4239, #3134 ), #5505 ) ;
#1200 = PLANE ( 'NONE',  #4511 ) ;
#1201 = DIRECTION ( 'NONE',  ( 0.0000000000000000000, 0.0000000000000000000, -1.000000000000000000 ) ) ;
#1202 = ORIENTED_EDGE ( 'NONE', *, *, #5613, .T. ) ;
#1203 = AXIS2_PLACEMENT_3D ( 'NONE', #2716, #4471, #3197 ) ;
#1204 = DIRECTION ( 'NONE',  ( 0.0000000000000000000, -1.000000000000000000, 0.0000000000000000000 ) ) ;
#1205 = CLOSED_SHELL ( 'NONE', ( #500, #1472, #2902, #5686, #4670, #1658, #4228, #1120, #4892, #2960, #1121 ) ) ;
#1206 = DIRECTION ( 'NONE',  ( 0.0000000000000000000, -0.0000000000000000000, 1.000000000000000000 ) ) ;
#1207 = PRESENTATION_LAYER_ASSIGNMENT (  '', '', ( #2528 ) ) ;
#1208 = VERTEX_POINT ( 'NONE', #4666 ) ;
#1209 = LINE ( 'NONE', #4713, #451 ) ;
#1210 = UNCERTAINTY_MEASURE_WITH_UNIT (LENGTH_MEASURE( 1.000000000000000082E-05 ), #1671, 'distance_accuracy_value', 'NONE');
#1211 = DIRECTION ( 'NONE',  ( -1.000000000000000000, 0.0000000000000000000, -0.0000000000000000000 ) ) ;
#1212 = LINE ( 'NONE', #3751, #3299 ) ;
#1213 = DIRECTION ( 'NONE',  ( -1.355252715606880543E-16, 0.0000000000000000000, -1.000000000000000000 ) ) ;
#1214 = SURFACE_STYLE_FILL_AREA ( #2517 ) ;
#1215 = LINE ( 'NONE', #2982, #5240 ) ;
#1216 = PLANE ( 'NONE',  #4144 ) ;
#1217 = ORIENTED_EDGE ( 'NONE', *, *, #1157, .F. ) ;
#1218 = VERTEX_POINT ( 'NONE', #2070 ) ;
#1219 =( NAMED_UNIT ( * ) SI_UNIT ( $, .STERADIAN. ) SOLID_ANGLE_UNIT ( ) );
#1220 = LINE ( 'NONE', #3941, #3876 ) ;
#1221 = EDGE_CURVE ( 'NONE', #1390, #5101, #3817, .T. ) ;
#1222 = EDGE_CURVE ( 'NONE', #1208, #3777, #2386, .T. ) ;
#1223 = CARTESIAN_POINT ( 'NONE',  ( 0.07499999999999998335, 0.2000000000000000111, 0.7500000000000001110 ) ) ;
#1224 = ORIENTED_EDGE ( 'NONE', *, *, #5439, .F. ) ;
#1225 =( LENGTH_UNIT ( ) NAMED_UNIT ( * ) SI_UNIT ( .MILLI., .METRE. ) );
#1226 = DIRECTION ( 'NONE',  ( -3.738628180984499595E-16, 0.0000000000000000000, 1.000000000000000000 ) ) ;
#1227 = LINE ( 'NONE', #3290, #4020 ) ;
#1228 = AXIS2_PLACEMENT_3D ( 'NONE', #4091, #140, #3606 ) ;
#1229 = PRESENTATION_LAYER_ASSIGNMENT (  '', '', ( #762 ) ) ;
#1230 = ADVANCED_FACE ( 'NONE', ( #2567 ), #326, .F. ) ;
#1231 =( LENGTH_UNIT ( ) NAMED_UNIT ( * ) SI_UNIT ( .MILLI., .METRE. ) );
#1232 = PRESENTATION_LAYER_ASSIGNMENT (  '', '', ( #3719 ) ) ;
#1233 = MECHANICAL_DESIGN_GEOMETRIC_PRESENTATION_REPRESENTATION (  '', ( #2994 ), #1707 ) ;
#1234 = ORIENTED_EDGE ( 'NONE', *, *, #2530, .T. ) ;
#1235 = DIRECTION ( 'NONE',  ( -1.000000000000000000, 0.0000000000000000000, 1.084202172485504434E-16 ) ) ;
#1236 = CARTESIAN_POINT ( 'NONE',  ( 0.5000000000000001110, 0.2000000000000000111, -1.040000000000000036 ) ) ;
#1237 = PLANE ( 'NONE',  #5320 ) ;
#1238 = PRESENTATION_STYLE_ASSIGNMENT (( #4775 ) ) ;
#1239 =( GEOMETRIC_REPRESENTATION_CONTEXT ( 3 ) GLOBAL_UNCERTAINTY_ASSIGNED_CONTEXT ( ( #1740 ) ) GLOBAL_UNIT_ASSIGNED_CONTEXT ( ( #2602, #13, #2223 ) ) REPRESENTATION_CONTEXT ( 'NONE', 'WORKASPACE' ) );
#1240 = ORIENTED_EDGE ( 'NONE', *, *, #393, .F. ) ;
#1241 = COLOUR_RGB ( '',0.4313725490196078649, 0.4509803921568627527, 0.4313725490196078649 ) ;
#1242 =( NAMED_UNIT ( * ) SI_UNIT ( $, .STERADIAN. ) SOLID_ANGLE_UNIT ( ) );
#1243 =( NAMED_UNIT ( * ) PLANE_ANGLE_UNIT ( ) SI_UNIT ( $, .RADIAN. ) );
#1244 = DIRECTION ( 'NONE',  ( -0.0000000000000000000, -1.000000000000000000, -0.0000000000000000000 ) ) ;
#1245 =( GEOMETRIC_REPRESENTATION_CONTEXT ( 3 ) GLOBAL_UNCERTAINTY_ASSIGNED_CONTEXT ( ( #4998 ) ) GLOBAL_UNIT_ASSIGNED_CONTEXT ( ( #957, #4486, #432 ) ) REPRESENTATION_CONTEXT ( 'NONE', 'WORKASPACE' ) );
#1246 = DIRECTION ( 'NONE',  ( 0.0000000000000000000, 0.0000000000000000000, 1.000000000000000000 ) ) ;
#1247 = ORIENTED_EDGE ( 'NONE', *, *, #5237, .T. ) ;
#1248 = FACE_OUTER_BOUND ( 'NONE', #4230, .T. ) ;
#1249 = ORIENTED_EDGE ( 'NONE', *, *, #3532, .T. ) ;
#1250 = COLOUR_RGB ( '',0.1098039215686274495, 0.1098039215686274495, 0.1098039215686274495 ) ;
#1251 = CARTESIAN_POINT ( 'NONE',  ( 0.1500000000000001610, 0.0000000000000000000, 1.040000000000000036 ) ) ;
#1252 = SURFACE_STYLE_USAGE ( .BOTH. , #3425 ) ;
#1253 = SURFACE_SIDE_STYLE ('',( #4306 ) ) ;
#1254 = LINE ( 'NONE', #3023, #3223 ) ;
#1255 = CARTESIAN_POINT ( 'NONE',  ( 0.0000000000000000000, 0.2000000000000000111, 0.0000000000000000000 ) ) ;
#1256 = EDGE_LOOP ( 'NONE', ( #4040, #4796, #2541, #4000 ) ) ;
#1257 = ADVANCED_FACE ( 'NONE', ( #5208 ), #2979, .F. ) ;
#1258 = DIRECTION ( 'NONE',  ( 0.0000000000000000000, -0.0000000000000000000, -1.000000000000000000 ) ) ;
#1259 =( LENGTH_UNIT ( ) NAMED_UNIT ( * ) SI_UNIT ( .MILLI., .METRE. ) );
#1260 = UNCERTAINTY_MEASURE_WITH_UNIT (LENGTH_MEASURE( 1.000000000000000082E-05 ), #4194, 'distance_accuracy_value', 'NONE');
#1261 = MECHANICAL_DESIGN_GEOMETRIC_PRESENTATION_REPRESENTATION (  '', ( #4749 ), #2757 ) ;
#1262 = CARTESIAN_POINT ( 'NONE',  ( 0.07499999999999998335, 0.2666666666666667740, -1.040000000000000036 ) ) ;
#1263 = ORIENTED_EDGE ( 'NONE', *, *, #4185, .F. ) ;
#1264 = EDGE_CURVE ( 'NONE', #5289, #5597, #3931, .T. ) ;
#1265 = UNCERTAINTY_MEASURE_WITH_UNIT (LENGTH_MEASURE( 1.000000000000000082E-05 ), #4848, 'distance_accuracy_value', 'NONE');
#1266 = STYLED_ITEM ( 'NONE', ( #4974 ), #4675 ) ;
#1267 = AXIS2_PLACEMENT_3D ( 'NONE', #4801, #1711, #2247 ) ;
#1268 = FILL_AREA_STYLE_COLOUR ( '', #3322 ) ;
#1269 =( NAMED_UNIT ( * ) PLANE_ANGLE_UNIT ( ) SI_UNIT ( $, .RADIAN. ) );
#1270 =( GEOMETRIC_REPRESENTATION_CONTEXT ( 3 ) GLOBAL_UNCERTAINTY_ASSIGNED_CONTEXT ( ( #3873 ) ) GLOBAL_UNIT_ASSIGNED_CONTEXT ( ( #3752, #4616, #295 ) ) REPRESENTATION_CONTEXT ( 'NONE', 'WORKASPACE' ) );
#1271 = ORIENTED_EDGE ( 'NONE', *, *, #426, .F. ) ;
#1272 = AXIS2_PLACEMENT_3D ( 'NONE', #5051, #2439, #2891 ) ;
#1273 = PRESENTATION_LAYER_ASSIGNMENT (  '', '', ( #3485 ) ) ;
#1274 = PRESENTATION_LAYER_ASSIGNMENT (  '', '', ( #453 ) ) ;
#1275 = DIRECTION ( 'NONE',  ( 0.0000000000000000000, 1.000000000000000000, 0.0000000000000000000 ) ) ;
#1276 = FILL_AREA_STYLE_COLOUR ( '', #691 ) ;
#1277 = DIRECTION ( 'NONE',  ( -0.0000000000000000000, -1.000000000000000000, -0.0000000000000000000 ) ) ;
#1278 = VECTOR ( 'NONE', #1098, 1000.000000000000000 ) ;
#1279 = VECTOR ( 'NONE', #5164, 1000.000000000000000 ) ;
#1280 = CARTESIAN_POINT ( 'NONE',  ( -0.1499999999999998557, 0.2000000000000000111, 0.7500000000000001110 ) ) ;
#1281 = SURFACE_STYLE_FILL_AREA ( #2607 ) ;
#1282 = VECTOR ( 'NONE', #1488, 1000.000000000000000 ) ;
#1283 = VERTEX_POINT ( 'NONE', #3055 ) ;
#1284 = DIRECTION ( 'NONE',  ( 0.7071067811865552333, 0.0000000000000000000, 0.7071067811865399122 ) ) ;
#1285 = ORIENTED_EDGE ( 'NONE', *, *, #3694, .T. ) ;
#1286 = CARTESIAN_POINT ( 'NONE',  ( -1.004000000000000226, 0.1399999999999999856, -0.3300000000000000711 ) ) ;
#1287 = FACE_OUTER_BOUND ( 'NONE', #1676, .T. ) ;
#1288 = VECTOR ( 'NONE', #4308, 1000.000000000000000 ) ;
#1289 =( LENGTH_UNIT ( ) NAMED_UNIT ( * ) SI_UNIT ( .MILLI., .METRE. ) );
#1290 = PLANE ( 'NONE',  #5236 ) ;
#1291 = FILL_AREA_STYLE ('',( #2175 ) ) ;
#1292 = ORIENTED_EDGE ( 'NONE', *, *, #4703, .F. ) ;
#1293 = CARTESIAN_POINT ( 'NONE',  ( 0.5749999999999999556, 0.2000000000000000111, 0.0000000000000000000 ) ) ;
#1294 = FILL_AREA_STYLE_COLOUR ( '', #412 ) ;
#1295 = COLOUR_RGB ( '',0.4313725490196078649, 0.4509803921568627527, 0.4313725490196078649 ) ;
#1296 = LINE ( 'NONE', #2154, #2123 ) ;
#1297 = VERTEX_POINT ( 'NONE', #5631 ) ;
#1298 = LINE ( 'NONE', #4861, #4037 ) ;
#1299 = SURFACE_SIDE_STYLE ('',( #417 ) ) ;
#1300 = AXIS2_PLACEMENT_3D ( 'NONE', #1262, #5112, #823 ) ;
#1301 = CARTESIAN_POINT ( 'NONE',  ( -0.5749999999999997335, 0.2666666666666666630, -1.040000000000000036 ) ) ;
#1302 = CLOSED_SHELL ( 'NONE', ( #5020, #565, #2162, #3008, #4983, #1877, #5139, #4124, #1257, #357 ) ) ;
#1303 = EDGE_CURVE ( 'NONE', #4034, #2255, #443, .T. ) ;
#1304 = ADVANCED_FACE ( 'NONE', ( #1744 ), #2219, .F. ) ;
#1305 = ORIENTED_EDGE ( 'NONE', *, *, #2766, .F. ) ;
#1306 = LINE ( 'NONE', #3057, #1611 ) ;
#1307 = CARTESIAN_POINT ( 'NONE',  ( 1.004000000000000226, 0.07999999999999996003, 0.4400000000000000022 ) ) ;
#1308 = CARTESIAN_POINT ( 'NONE',  ( 1.000000000000000000, 0.04000000000000000083, -1.000000000000000222 ) ) ;
#1309 = SURFACE_STYLE_FILL_AREA ( #5250 ) ;
#1310 = EDGE_CURVE ( 'NONE', #4746, #5347, #3636, .T. ) ;
#1311 = ORIENTED_EDGE ( 'NONE', *, *, #867, .F. ) ;
#1312 = PRESENTATION_STYLE_ASSIGNMENT (( #4449 ) ) ;
#1313 = FILL_AREA_STYLE ('',( #3913 ) ) ;
#1314 = VERTEX_POINT ( 'NONE', #5374 ) ;
#1315 =( NAMED_UNIT ( * ) SI_UNIT ( $, .STERADIAN. ) SOLID_ANGLE_UNIT ( ) );
#1316 = FILL_AREA_STYLE_COLOUR ( '', #1984 ) ;
#1317 = CARTESIAN_POINT ( 'NONE',  ( -1.004000000000000226, 0.1399999999999999856, -0.7099999999999999645 ) ) ;
#1318 = FILL_AREA_STYLE ('',( #3802 ) ) ;
#1319 = FACE_OUTER_BOUND ( 'NONE', #3910, .T. ) ;
#1320 = SURFACE_SIDE_STYLE ('',( #463 ) ) ;
#1321 = EDGE_LOOP ( 'NONE', ( #4548, #4030, #3422, #5143 ) ) ;
#1322 = LINE ( 'NONE', #2177, #134 ) ;
#1323 = CARTESIAN_POINT ( 'NONE',  ( -0.7499999999999997780, 0.5849999999999999645, 0.7499999999999997780 ) ) ;
#1324 = LINE ( 'NONE', #4407, #4423 ) ;
#1325 = PLANE ( 'NONE',  #2866 ) ;
#1326 = ORIENTED_EDGE ( 'NONE', *, *, #2600, .F. ) ;
#1327 = FILL_AREA_STYLE_COLOUR ( '', #3754 ) ;
#1328 = VECTOR ( 'NONE', #1542, 1000.000000000000000 ) ;
#1329 = UNCERTAINTY_MEASURE_WITH_UNIT (LENGTH_MEASURE( 1.000000000000000082E-05 ), #4286, 'distance_accuracy_value', 'NONE');
#1330 = CARTESIAN_POINT ( 'NONE',  ( -0.1499999999999998557, 0.2000000000000000111, 0.7500000000000001110 ) ) ;
#1331 = PRESENTATION_STYLE_ASSIGNMENT (( #797 ) ) ;
#1332 = FILL_AREA_STYLE ('',( #4864 ) ) ;
#1333 = ORIENTED_EDGE ( 'NONE', *, *, #349, .F. ) ;
#1334 = ADVANCED_FACE ( 'NONE', ( #4894 ), #4918, .T. ) ;
#1335 = UNCERTAINTY_MEASURE_WITH_UNIT (LENGTH_MEASURE( 1.000000000000000082E-05 ), #3382, 'distance_accuracy_value', 'NONE');
#1336 = EDGE_CURVE ( 'NONE', #884, #906, #1395, .T. ) ;
#1337 = PLANE ( 'NONE',  #427 ) ;
#1338 = CIRCLE ( 'NONE', #3268, 0.08333333333333370341 ) ;
#1339 = COLOUR_RGB ( '',0.1098039215686274495, 0.1098039215686274495, 0.1098039215686274495 ) ;
#1340 = DIRECTION ( 'NONE',  ( -9.346570452461245291E-17, -0.0000000000000000000, -1.000000000000000000 ) ) ;
#1341 = LINE ( 'NONE', #37, #5105 ) ;
#1342 = FILL_AREA_STYLE_COLOUR ( '', #4035 ) ;
#1343 = MECHANICAL_DESIGN_GEOMETRIC_PRESENTATION_REPRESENTATION (  '', ( #4558 ), #2922 ) ;
#1344 = ORIENTED_EDGE ( 'NONE', *, *, #2660, .T. ) ;
#1345 = CARTESIAN_POINT ( 'NONE',  ( 0.8249999999999999556, 0.0000000000000000000, 0.4999999999999997780 ) ) ;
#1346 = VERTEX_POINT ( 'NONE', #4472 ) ;
#1347 = ADVANCED_FACE ( 'NONE', ( #31 ), #887, .F. ) ;
#1348 = CARTESIAN_POINT ( 'NONE',  ( -0.7249999999999997558, 0.2000000000000000111, 1.040000000000000036 ) ) ;
#1349 = CARTESIAN_POINT ( 'NONE',  ( -0.4999999999999998890, 0.2000000000000000111, 1.040000000000000036 ) ) ;
#1350 = VECTOR ( 'NONE', #1079, 1000.000000000000000 ) ;
#1351 = PRESENTATION_STYLE_ASSIGNMENT (( #3947 ) ) ;
#1352 = VERTEX_POINT ( 'NONE', #3781 ) ;
#1353 = DIRECTION ( 'NONE',  ( -0.0000000000000000000, -1.000000000000000000, -0.0000000000000000000 ) ) ;
#1354 =( NAMED_UNIT ( * ) SI_UNIT ( $, .STERADIAN. ) SOLID_ANGLE_UNIT ( ) );
#1355 = SURFACE_SIDE_STYLE ('',( #2294 ) ) ;
#1356 = PRESENTATION_LAYER_ASSIGNMENT (  '', '', ( #5563 ) ) ;
#1357 =( NAMED_UNIT ( * ) SI_UNIT ( $, .STERADIAN. ) SOLID_ANGLE_UNIT ( ) );
#1358 = VERTEX_POINT ( 'NONE', #1466 ) ;
#1359 = CARTESIAN_POINT ( 'NONE',  ( 0.8000000000000001554, 0.2000000000000000111, -1.040000000000000036 ) ) ;
#1360 = FACE_OUTER_BOUND ( 'NONE', #743, .T. ) ;
#1361 =( GEOMETRIC_REPRESENTATION_CONTEXT ( 3 ) GLOBAL_UNCERTAINTY_ASSIGNED_CONTEXT ( ( #415 ) ) GLOBAL_UNIT_ASSIGNED_CONTEXT ( ( #4170, #1187, #2455 ) ) REPRESENTATION_CONTEXT ( 'NONE', 'WORKASPACE' ) );
#1362 = ORIENTED_EDGE ( 'NONE', *, *, #4609, .F. ) ;
#1363 = PRESENTATION_LAYER_ASSIGNMENT (  '', '', ( #3852 ) ) ;
#1364 = CARTESIAN_POINT ( 'NONE',  ( 0.1549999999999998601, 0.0000000000000000000, -0.5000000000000002220 ) ) ;
#1365 =( LENGTH_UNIT ( ) NAMED_UNIT ( * ) SI_UNIT ( .MILLI., .METRE. ) );
#1366 = VECTOR ( 'NONE', #947, 1000.000000000000000 ) ;
#1367 =( NAMED_UNIT ( * ) PLANE_ANGLE_UNIT ( ) SI_UNIT ( $, .RADIAN. ) );
#1368 =( GEOMETRIC_REPRESENTATION_CONTEXT ( 3 ) GLOBAL_UNCERTAINTY_ASSIGNED_CONTEXT ( ( #5568 ) ) GLOBAL_UNIT_ASSIGNED_CONTEXT ( ( #3032, #292, #1709 ) ) REPRESENTATION_CONTEXT ( 'NONE', 'WORKASPACE' ) );
#1369 = EDGE_CURVE ( 'NONE', #5572, #5049, #3689, .T. ) ;
#1370 = SURFACE_SIDE_STYLE ('',( #3885 ) ) ;
#1371 =( NAMED_UNIT ( * ) SI_UNIT ( $, .STERADIAN. ) SOLID_ANGLE_UNIT ( ) );
#1372 = EDGE_LOOP ( 'NONE', ( #400, #1240, #2001, #3064 ) ) ;
#1373 = VECTOR ( 'NONE', #740, 1000.000000000000000 ) ;
#1374 = DIRECTION ( 'NONE',  ( 8.659560562354914369E-17, 0.7071067811865489050, -0.7071067811865461294 ) ) ;
#1375 = VECTOR ( 'NONE', #1137, 1000.000000000000000 ) ;
#1376 = SURFACE_SIDE_STYLE ('',( #46 ) ) ;
#1377 = CARTESIAN_POINT ( 'NONE',  ( 0.0000000000000000000, 0.6500000000000000222, 0.9799999999999997602 ) ) ;
#1378 = DIRECTION ( 'NONE',  ( 0.0000000000000000000, 0.0000000000000000000, -1.000000000000000000 ) ) ;
#1379 = DIRECTION ( 'NONE',  ( -0.0000000000000000000, 0.0000000000000000000, 1.000000000000000000 ) ) ;
#1380 = EDGE_CURVE ( 'NONE', #1425, #4301, #4578, .T. ) ;
#1381 = EDGE_CURVE ( 'NONE', #2066, #1352, #2003, .T. ) ;
#1382 = EDGE_LOOP ( 'NONE', ( #3420, #1584, #4497, #779 ) ) ;
#1383 = SURFACE_STYLE_USAGE ( .BOTH. , #2262 ) ;
#1384 =( LENGTH_UNIT ( ) NAMED_UNIT ( * ) SI_UNIT ( .MILLI., .METRE. ) );
#1385 = ORIENTED_EDGE ( 'NONE', *, *, #33, .F. ) ;
#1386 = CARTESIAN_POINT ( 'NONE',  ( 0.5749999999999999556, 0.2666666666666667740, -1.040000000000000036 ) ) ;
#1387 = LINE ( 'NONE', #3138, #4327 ) ;
#1388 = MECHANICAL_DESIGN_GEOMETRIC_PRESENTATION_REPRESENTATION (  '', ( #4867 ), #4415 ) ;
#1389 = PRESENTATION_STYLE_ASSIGNMENT (( #2850 ) ) ;
#1390 = VERTEX_POINT ( 'NONE', #613 ) ;
#1391 = PRESENTATION_LAYER_ASSIGNMENT (  '', '', ( #5046 ) ) ;
#1392 = SURFACE_STYLE_FILL_AREA ( #3632 ) ;
#1393 = UNCERTAINTY_MEASURE_WITH_UNIT (LENGTH_MEASURE( 1.000000000000000082E-05 ), #1259, 'distance_accuracy_value', 'NONE');
#1394 = DIRECTION ( 'NONE',  ( -1.000000000000000000, 0.0000000000000000000, 0.0000000000000000000 ) ) ;
#1395 = LINE ( 'NONE', #1001, #1366 ) ;
#1396 = CARTESIAN_POINT ( 'NONE',  ( -0.1499999999999998557, 0.2000000000000000111, 0.7500000000000001110 ) ) ;
#1397 =( GEOMETRIC_REPRESENTATION_CONTEXT ( 3 ) GLOBAL_UNCERTAINTY_ASSIGNED_CONTEXT ( ( #1036 ) ) GLOBAL_UNIT_ASSIGNED_CONTEXT ( ( #3663, #612, #205 ) ) REPRESENTATION_CONTEXT ( 'NONE', 'WORKASPACE' ) );
#1398 = DIRECTION ( 'NONE',  ( -1.000000000000000000, -0.0000000000000000000, -0.0000000000000000000 ) ) ;
#1399 = SURFACE_SIDE_STYLE ('',( #14 ) ) ;
#1400 = CARTESIAN_POINT ( 'NONE',  ( 0.0000000000000000000, 0.0000000000000000000, 0.0000000000000000000 ) ) ;
#1401 = PRESENTATION_LAYER_ASSIGNMENT (  '', '', ( #16 ) ) ;
#1402 =( NAMED_UNIT ( * ) PLANE_ANGLE_UNIT ( ) SI_UNIT ( $, .RADIAN. ) );
#1403 = VERTEX_POINT ( 'NONE', #2817 ) ;
#1404 = ORIENTED_EDGE ( 'NONE', *, *, #912, .T. ) ;
#1405 = EDGE_LOOP ( 'NONE', ( #4366, #721, #5273, #4240 ) ) ;
#1406 = CARTESIAN_POINT ( 'NONE',  ( -1.000000000000000000, 0.6300000000000003375, -1.000000000000000222 ) ) ;
#1407 = ORIENTED_EDGE ( 'NONE', *, *, #2538, .T. ) ;
#1408 = PRODUCT_DEFINITION ( 'UNKNOWN', '', #8, #2093 ) ;
#1409 = CARTESIAN_POINT ( 'NONE',  ( 0.7249999999999999778, 0.1333333333333334425, -1.040000000000000036 ) ) ;
#1410 = EDGE_CURVE ( 'NONE', #3552, #244, #5081, .T. ) ;
#1411 = ORIENTED_EDGE ( 'NONE', *, *, #2097, .F. ) ;
#1412 = DIRECTION ( 'NONE',  ( 1.000000000000000000, 0.0000000000000000000, 0.0000000000000000000 ) ) ;
#1413 = EDGE_CURVE ( 'NONE', #4233, #1937, #1119, .T. ) ;
#1414 =( GEOMETRIC_REPRESENTATION_CONTEXT ( 3 ) GLOBAL_UNCERTAINTY_ASSIGNED_CONTEXT ( ( #4268 ) ) GLOBAL_UNIT_ASSIGNED_CONTEXT ( ( #5560, #1165, #2966 ) ) REPRESENTATION_CONTEXT ( 'NONE', 'WORKASPACE' ) );
#1415 = SURFACE_STYLE_USAGE ( .BOTH. , #5351 ) ;
#1416 =( NAMED_UNIT ( * ) PLANE_ANGLE_UNIT ( ) SI_UNIT ( $, .RADIAN. ) );
#1417 = FILL_AREA_STYLE_COLOUR ( '', #1714 ) ;
#1418 =( LENGTH_UNIT ( ) NAMED_UNIT ( * ) SI_UNIT ( .MILLI., .METRE. ) );
#1419 =( LENGTH_UNIT ( ) NAMED_UNIT ( * ) SI_UNIT ( .MILLI., .METRE. ) );
#1421 = SURFACE_STYLE_USAGE ( .BOTH. , #1924 ) ;
#1420 = AXIS2_PLACEMENT_3D ( 'NONE', #4203, #3683, #167 ) ;
#1422 = DIRECTION ( 'NONE',  ( 0.0000000000000000000, -1.000000000000000000, 0.0000000000000000000 ) ) ;
#1423 = AXIS2_PLACEMENT_3D ( 'NONE', #1717, #422, #2632 ) ;
#1424 =( GEOMETRIC_REPRESENTATION_CONTEXT ( 3 ) GLOBAL_UNCERTAINTY_ASSIGNED_CONTEXT ( ( #3927 ) ) GLOBAL_UNIT_ASSIGNED_CONTEXT ( ( #1849, #3018, #1315 ) ) REPRESENTATION_CONTEXT ( 'NONE', 'WORKASPACE' ) );
#1425 = VERTEX_POINT ( 'NONE', #2442 ) ;
#1426 = LINE ( 'NONE', #128, #145 ) ;
#1427 = ORIENTED_EDGE ( 'NONE', *, *, #5300, .T. ) ;
#1428 = APPLICATION_CONTEXT ( 'automotive_design' ) ;
#1429 = ORIENTED_EDGE ( 'NONE', *, *, #4608, .F. ) ;
#1430 = ORIENTED_EDGE ( 'NONE', *, *, #289, .T. ) ;
#1431 = LINE ( 'NONE', #3191, #4358 ) ;
#1432 = MECHANICAL_DESIGN_GEOMETRIC_PRESENTATION_REPRESENTATION (  '', ( #520 ), #1622 ) ;
#1433 = CARTESIAN_POINT ( 'NONE',  ( -0.5000000000000000000, 0.2000000000000000111, -0.7499999999999997780 ) ) ;
#1434 = VECTOR ( 'NONE', #4525, 1000.000000000000000 ) ;
#1435 = EDGE_CURVE ( 'NONE', #4528, #4034, #4130, .T. ) ;
#1436 = DIRECTION ( 'NONE',  ( 1.000000000000000000, 0.0000000000000000000, 0.0000000000000000000 ) ) ;
#1437 = ORIENTED_EDGE ( 'NONE', *, *, #1691, .F. ) ;
#1438 = CARTESIAN_POINT ( 'NONE',  ( -0.9999999999999997780, 0.6500000000000000222, 0.9800000000000002043 ) ) ;
#1439 = UNCERTAINTY_MEASURE_WITH_UNIT (LENGTH_MEASURE( 1.000000000000000082E-05 ), #5434, 'distance_accuracy_value', 'NONE');
#1440 = STYLED_ITEM ( 'NONE', ( #3247 ), #3601 ) ;
#1441 = DIRECTION ( 'NONE',  ( 0.0000000000000000000, -0.0000000000000000000, -1.000000000000000000 ) ) ;
#1442 = ADVANCED_FACE ( 'NONE', ( #4180 ), #4661, .F. ) ;
#1443 = ORIENTED_EDGE ( 'NONE', *, *, #2660, .F. ) ;
#1444 = DIRECTION ( 'NONE',  ( 9.346570452461245291E-17, 0.0000000000000000000, 1.000000000000000000 ) ) ;
#1445 = DIRECTION ( 'NONE',  ( 1.000000000000000000, 0.0000000000000000000, 0.0000000000000000000 ) ) ;
#1446 = PLANE ( 'NONE',  #1567 ) ;
#1447 = FACE_OUTER_BOUND ( 'NONE', #3011, .T. ) ;
#1448 = COLOUR_RGB ( '',0.1098039215686274495, 0.1098039215686274495, 0.1098039215686274495 ) ;
#1449 = DIRECTION ( 'NONE',  ( 0.0000000000000000000, 0.0000000000000000000, -1.000000000000000000 ) ) ;
#1450 = SURFACE_SIDE_STYLE ('',( #157 ) ) ;
#1451 = ORIENTED_EDGE ( 'NONE', *, *, #642, .F. ) ;
#1452 =( LENGTH_UNIT ( ) NAMED_UNIT ( * ) SI_UNIT ( .MILLI., .METRE. ) );
#1453 = VECTOR ( 'NONE', #3901, 1000.000000000000000 ) ;
#1454 = CARTESIAN_POINT ( 'NONE',  ( -0.1499999999999998557, 0.2000000000000000111, 0.7500000000000001110 ) ) ;
#1455 = VECTOR ( 'NONE', #3519, 1000.000000000000000 ) ;
#1456 = VECTOR ( 'NONE', #406, 1000.000000000000000 ) ;
#1457 = FILL_AREA_STYLE_COLOUR ( '', #2035 ) ;
#1458 = ORIENTED_EDGE ( 'NONE', *, *, #2669, .F. ) ;
#1459 = SURFACE_STYLE_USAGE ( .BOTH. , #683 ) ;
#1460 = PRESENTATION_LAYER_ASSIGNMENT (  '', '', ( #3031 ) ) ;
#1461 = PRESENTATION_LAYER_ASSIGNMENT (  '', '', ( #4850 ) ) ;
#1462 = FILL_AREA_STYLE ('',( #1056 ) ) ;
#1463 = DIRECTION ( 'NONE',  ( -0.0000000000000000000, -1.000000000000000000, -0.0000000000000000000 ) ) ;
#1464 = ORIENTED_EDGE ( 'NONE', *, *, #4786, .F. ) ;
#1465 =( GEOMETRIC_REPRESENTATION_CONTEXT ( 3 ) GLOBAL_UNCERTAINTY_ASSIGNED_CONTEXT ( ( #4210 ) ) GLOBAL_UNIT_ASSIGNED_CONTEXT ( ( #849, #3140, #1357 ) ) REPRESENTATION_CONTEXT ( 'NONE', 'WORKASPACE' ) );
#1466 = CARTESIAN_POINT ( 'NONE',  ( -0.7249999999999997558, 0.2000000000000000111, -0.7499999999999997780 ) ) ;
#1467 = STYLED_ITEM ( 'NONE', ( #1169 ), #5403 ) ;
#1468 = VECTOR ( 'NONE', #3795, 1000.000000000000000 ) ;
#1469 = ORIENTED_EDGE ( 'NONE', *, *, #4475, .F. ) ;
#1470 = VECTOR ( 'NONE', #4334, 1000.000000000000000 ) ;
#1471 =( NAMED_UNIT ( * ) PLANE_ANGLE_UNIT ( ) SI_UNIT ( $, .RADIAN. ) );
#1472 = ADVANCED_FACE ( 'NONE', ( #2065 ), #5401, .F. ) ;
#1473 = ADVANCED_FACE ( 'NONE', ( #3810 ), #5624, .T. ) ;
#1474 = DIRECTION ( 'NONE',  ( 0.0000000000000000000, -1.000000000000000000, -0.0000000000000000000 ) ) ;
#1475 = MECHANICAL_DESIGN_GEOMETRIC_PRESENTATION_REPRESENTATION (  '', ( #1866 ), #5150 ) ;
#1476 = MECHANICAL_DESIGN_GEOMETRIC_PRESENTATION_REPRESENTATION (  '', ( #4060 ), #3039 ) ;
#1477 = FACE_OUTER_BOUND ( 'NONE', #4408, .T. ) ;
#1478 = LINE ( 'NONE', #4536, #4317 ) ;
#1479 = FILL_AREA_STYLE ('',( #4537 ) ) ;
#1480 = EDGE_CURVE ( 'NONE', #3214, #455, #1296, .T. ) ;
#1481 = CARTESIAN_POINT ( 'NONE',  ( 1.000000000000000000, 0.6300000000000003375, -0.9800000000000002043 ) ) ;
#1482 = VECTOR ( 'NONE', #78, 1000.000000000000114 ) ;
#1483 = EDGE_LOOP ( 'NONE', ( #3433, #153, #3625, #4530 ) ) ;
#1484 = SURFACE_STYLE_FILL_AREA ( #3680 ) ;
#1485 = ORIENTED_EDGE ( 'NONE', *, *, #4842, .T. ) ;
#1486 = LINE ( 'NONE', #605, #1983 ) ;
#1487 = CARTESIAN_POINT ( 'NONE',  ( 0.07499999999999998335, 0.2000000000000000111, 1.040000000000000036 ) ) ;
#1488 = DIRECTION ( 'NONE',  ( -0.0000000000000000000, -1.000000000000000000, -0.0000000000000000000 ) ) ;
#1489 = ORIENTED_EDGE ( 'NONE', *, *, #4702, .F. ) ;
#1490 =( LENGTH_UNIT ( ) NAMED_UNIT ( * ) SI_UNIT ( .MILLI., .METRE. ) );
#1491 = UNCERTAINTY_MEASURE_WITH_UNIT (LENGTH_MEASURE( 1.000000000000000082E-05 ), #4232, 'distance_accuracy_value', 'NONE');
#1492 = SURFACE_SIDE_STYLE ('',( #4159 ) ) ;
#1493 = FILL_AREA_STYLE_COLOUR ( '', #4047 ) ;
#1494 = ORIENTED_EDGE ( 'NONE', *, *, #3526, .T. ) ;
#1495 = DIRECTION ( 'NONE',  ( -0.7071067811865551223, 0.7071067811865398012, 0.0000000000000000000 ) ) ;
#1496 = PLANE ( 'NONE',  #4157 ) ;
#1497 = CARTESIAN_POINT ( 'NONE',  ( -0.7999999999999998224, 0.0000000000000000000, -1.039999999999999591 ) ) ;
#1498 = SURFACE_STYLE_USAGE ( .BOTH. , #1154 ) ;
#1499 = DIRECTION ( 'NONE',  ( 0.0000000000000000000, 0.0000000000000000000, 1.000000000000000000 ) ) ;
#1500 = EDGE_CURVE ( 'NONE', #955, #5165, #2094, .T. ) ;
#1501 =( LENGTH_UNIT ( ) NAMED_UNIT ( * ) SI_UNIT ( .MILLI., .METRE. ) );
#1502 = MECHANICAL_DESIGN_GEOMETRIC_PRESENTATION_REPRESENTATION (  '', ( #129 ), #316 ) ;
#1503 = SURFACE_STYLE_USAGE ( .BOTH. , #623 ) ;
#1504 = LINE ( 'NONE', #4932, #4482 ) ;
#1505 = SURFACE_STYLE_USAGE ( .BOTH. , #4646 ) ;
#1506 = VECTOR ( 'NONE', #1854, 1000.000000000000000 ) ;
#1507 = VECTOR ( 'NONE', #2748, 1000.000000000000000 ) ;
#1508 = ADVANCED_FACE ( 'NONE', ( #1736 ), #3870, .F. ) ;
#1509 = ORIENTED_EDGE ( 'NONE', *, *, #1661, .T. ) ;
#1510 =( LENGTH_UNIT ( ) NAMED_UNIT ( * ) SI_UNIT ( .MILLI., .METRE. ) );
#1511 = DIRECTION ( 'NONE',  ( -0.0000000000000000000, -0.0000000000000000000, 1.000000000000000000 ) ) ;
#1512 = VERTEX_POINT ( 'NONE', #2710 ) ;
#1513 = DIRECTION ( 'NONE',  ( 0.0000000000000000000, -1.000000000000000000, 0.0000000000000000000 ) ) ;
#1514 = CARTESIAN_POINT ( 'NONE',  ( 0.4999999999999998890, 0.2000000000000000111, -0.7500000000000000000 ) ) ;
#1515 = CARTESIAN_POINT ( 'NONE',  ( -0.5749999999999997335, 0.1333333333333333592, 1.040000000000000036 ) ) ;
#1516 = COLOUR_RGB ( '',0.4313725490196078649, 0.4509803921568627527, 0.4313725490196078649 ) ;
#1517 = SURFACE_SIDE_STYLE ('',( #2372 ) ) ;
#1518 = FILL_AREA_STYLE ('',( #1967 ) ) ;
#1519 = STYLED_ITEM ( 'NONE', ( #5233 ), #3244 ) ;
#1520 = EDGE_LOOP ( 'NONE', ( #458, #5359, #5503, #2545 ) ) ;
#1521 = FILL_AREA_STYLE_COLOUR ( '', #3210 ) ;
#1522 = DIRECTION ( 'NONE',  ( 1.355252715606880543E-16, 0.0000000000000000000, 1.000000000000000000 ) ) ;
#1523 = CARTESIAN_POINT ( 'NONE',  ( -0.5749999999999997335, 0.1333333333333333592, -1.040000000000000036 ) ) ;
#1524 =( GEOMETRIC_REPRESENTATION_CONTEXT ( 3 ) GLOBAL_UNCERTAINTY_ASSIGNED_CONTEXT ( ( #2321 ) ) GLOBAL_UNIT_ASSIGNED_CONTEXT ( ( #1112, #4625, #4992 ) ) REPRESENTATION_CONTEXT ( 'NONE', 'WORKASPACE' ) );
#1525 = VERTEX_POINT ( 'NONE', #3193 ) ;
#1526 = FACE_OUTER_BOUND ( 'NONE', #11, .T. ) ;
#1527 =( NAMED_UNIT ( * ) SI_UNIT ( $, .STERADIAN. ) SOLID_ANGLE_UNIT ( ) );
#1528 = DIRECTION ( 'NONE',  ( 0.0000000000000000000, -1.000000000000000000, -9.035018104045870941E-16 ) ) ;
#1529 = CARTESIAN_POINT ( 'NONE',  ( 0.7249999999999999778, 0.2000000000000000111, 0.0000000000000000000 ) ) ;
#1530 = SURFACE_SIDE_STYLE ('',( #3792 ) ) ;
#1531 =( NAMED_UNIT ( * ) SI_UNIT ( $, .STERADIAN. ) SOLID_ANGLE_UNIT ( ) );
#1532 = FACE_OUTER_BOUND ( 'NONE', #1779, .T. ) ;
#1533 = PRESENTATION_STYLE_ASSIGNMENT (( #3727 ) ) ;
#1534 = PRESENTATION_STYLE_ASSIGNMENT (( #1505 ) ) ;
#1535 = EDGE_CURVE ( 'NONE', #4573, #3564, #2675, .T. ) ;
#1536 = PRESENTATION_LAYER_ASSIGNMENT (  '', '', ( #160 ) ) ;
#1537 = CARTESIAN_POINT ( 'NONE',  ( -0.7249999999999997558, 0.1333333333333333592, -1.040000000000000036 ) ) ;
#1538 = VERTEX_POINT ( 'NONE', #2210 ) ;
#1539 = CARTESIAN_POINT ( 'NONE',  ( 0.1500000000000000500, 0.2000000000000000111, -1.040000000000000036 ) ) ;
#1540 = VERTEX_POINT ( 'NONE', #2295 ) ;
#1541 = STYLED_ITEM ( 'NONE', ( #4104 ), #4412 ) ;
#1542 = DIRECTION ( 'NONE',  ( 0.0000000000000000000, -1.000000000000000000, 0.0000000000000000000 ) ) ;
#1543 = CARTESIAN_POINT ( 'NONE',  ( 0.8000000000000001554, 0.0000000000000000000, -1.040000000000000036 ) ) ;
#1544 = DIRECTION ( 'NONE',  ( 1.000000000000000000, 0.0000000000000000000, 0.0000000000000000000 ) ) ;
#1545 = MECHANICAL_DESIGN_GEOMETRIC_PRESENTATION_REPRESENTATION (  '', ( #80 ), #2682 ) ;
#1546 = EDGE_CURVE ( 'NONE', #5422, #4156, #3609, .T. ) ;
#1547 = ADVANCED_FACE ( 'NONE', ( #965 ), #523, .F. ) ;
#1548 = FILL_AREA_STYLE ('',( #1999 ) ) ;
#1549 = AXIS2_PLACEMENT_3D ( 'NONE', #5166, #1204, #1258 ) ;
#1550 = ORIENTED_EDGE ( 'NONE', *, *, #4166, .F. ) ;
#1551 = UNCERTAINTY_MEASURE_WITH_UNIT (LENGTH_MEASURE( 1.000000000000000082E-05 ), #5530, 'distance_accuracy_value', 'NONE');
#1552 = AXIS2_PLACEMENT_3D ( 'NONE', #1926, #126, #3698 ) ;
#1553 =( GEOMETRIC_REPRESENTATION_CONTEXT ( 3 ) GLOBAL_UNCERTAINTY_ASSIGNED_CONTEXT ( ( #638 ) ) GLOBAL_UNIT_ASSIGNED_CONTEXT ( ( #1384, #4459, #3573 ) ) REPRESENTATION_CONTEXT ( 'NONE', 'WORKASPACE' ) );
#1554 =( NAMED_UNIT ( * ) PLANE_ANGLE_UNIT ( ) SI_UNIT ( $, .RADIAN. ) );
#1555 = EDGE_CURVE ( 'NONE', #5076, #5023, #913, .T. ) ;
#1556 = DIRECTION ( 'NONE',  ( 0.0000000000000000000, 1.000000000000000000, 0.0000000000000000000 ) ) ;
#1557 = ORIENTED_EDGE ( 'NONE', *, *, #3558, .F. ) ;
#1558 = FILL_AREA_STYLE ('',( #5490 ) ) ;
#1559 = UNCERTAINTY_MEASURE_WITH_UNIT (LENGTH_MEASURE( 1.000000000000000082E-05 ), #988, 'distance_accuracy_value', 'NONE');
#1560 = DIRECTION ( 'NONE',  ( -1.000000000000000000, 0.0000000000000000000, 0.0000000000000000000 ) ) ;
#1561 =( NAMED_UNIT ( * ) PLANE_ANGLE_UNIT ( ) SI_UNIT ( $, .RADIAN. ) );
#1562 = DIRECTION ( 'NONE',  ( 0.0000000000000000000, 0.0000000000000000000, -1.000000000000000000 ) ) ;
#1563 = VECTOR ( 'NONE', #3572, 1000.000000000000000 ) ;
#1564 = CARTESIAN_POINT ( 'NONE',  ( -0.7249999999999997558, 0.1333333333333333592, -0.5000000000000002220 ) ) ;
#1565 =( LENGTH_UNIT ( ) NAMED_UNIT ( * ) SI_UNIT ( .MILLI., .METRE. ) );
#1566 = COLOUR_RGB ( '',0.1098039215686274495, 0.1098039215686274495, 0.1098039215686274495 ) ;
#1567 = AXIS2_PLACEMENT_3D ( 'NONE', #3120, #978, #3208 ) ;
#1568 = DIRECTION ( 'NONE',  ( 0.7071067811865473507, -0.0000000000000000000, 0.7071067811865477948 ) ) ;
#1569 = LINE ( 'NONE', #3325, #4323 ) ;
#1570 = DIRECTION ( 'NONE',  ( 1.000000000000000000, 0.0000000000000000000, 0.0000000000000000000 ) ) ;
#1571 = DIRECTION ( 'NONE',  ( -0.0000000000000000000, -1.000000000000000000, -0.0000000000000000000 ) ) ;
#1572 = PRESENTATION_LAYER_ASSIGNMENT (  '', '', ( #736 ) ) ;
#1573 = DIRECTION ( 'NONE',  ( 0.0000000000000000000, -0.0000000000000000000, 1.000000000000000000 ) ) ;
#1574 = ORIENTED_EDGE ( 'NONE', *, *, #5540, .F. ) ;
#1575 = SURFACE_SIDE_STYLE ('',( #336 ) ) ;
#1576 = ORIENTED_EDGE ( 'NONE', *, *, #3696, .T. ) ;
#1577 = DIRECTION ( 'NONE',  ( -1.000000000000000000, 0.0000000000000000000, -0.0000000000000000000 ) ) ;
#1578 = CARTESIAN_POINT ( 'NONE',  ( -0.1499999999999998557, 0.2000000000000000111, 0.7500000000000001110 ) ) ;
#1579 = LINE ( 'NONE', #2527, #3279 ) ;
#1580 = MECHANICAL_DESIGN_GEOMETRIC_PRESENTATION_REPRESENTATION (  '', ( #830 ), #3790 ) ;
#1581 = LINE ( 'NONE', #581, #319 ) ;
#1582 = SURFACE_STYLE_FILL_AREA ( #5106 ) ;
#1583 = SURFACE_SIDE_STYLE ('',( #4744 ) ) ;
#1584 = ORIENTED_EDGE ( 'NONE', *, *, #5438, .T. ) ;
#1585 = ADVANCED_FACE ( 'NONE', ( #4493 ), #499, .F. ) ;
#1586 = DIRECTION ( 'NONE',  ( 1.000000000000000000, 0.0000000000000000000, 0.0000000000000000000 ) ) ;
#1587 = LINE ( 'NONE', #4708, #5181 ) ;
#1588 = FILL_AREA_STYLE ('',( #5517 ) ) ;
#1589 = DIRECTION ( 'NONE',  ( 0.0000000000000000000, 0.0000000000000000000, -1.000000000000000000 ) ) ;
#1590 = ORIENTED_EDGE ( 'NONE', *, *, #5300, .F. ) ;
#1591 = EDGE_CURVE ( 'NONE', #2897, #4528, #1324, .T. ) ;
#1592 = PRESENTATION_STYLE_ASSIGNMENT (( #3786 ) ) ;
#1593 = CARTESIAN_POINT ( 'NONE',  ( 0.0000000000000000000, 0.2000000000000000111, 0.0000000000000000000 ) ) ;
#1594 = LINE ( 'NONE', #3348, #5211 ) ;
#1595 = SURFACE_SIDE_STYLE ('',( #3461 ) ) ;
#1596 = DIRECTION ( 'NONE',  ( -0.0000000000000000000, -1.000000000000000000, -0.0000000000000000000 ) ) ;
#1597 = CARTESIAN_POINT ( 'NONE',  ( -1.004000000000000226, 0.07999999999999993228, 0.8200000000000000622 ) ) ;
#1598 = SURFACE_STYLE_FILL_AREA ( #333 ) ;
#1599 = CARTESIAN_POINT ( 'NONE',  ( -0.7499999999999997780, 0.5849999999999999645, 0.6666666666666660745 ) ) ;
#1600 = ORIENTED_EDGE ( 'NONE', *, *, #2779, .F. ) ;
#1601 = CARTESIAN_POINT ( 'NONE',  ( -0.07499999999999996947, 0.2000000000000000111, -0.7499999999999998890 ) ) ;
#1602 = EDGE_LOOP ( 'NONE', ( #714, #4028, #4516, #2291 ) ) ;
#1603 = CARTESIAN_POINT ( 'NONE',  ( -1.004000000000000226, 0.1399999999999999578, 0.3300000000000000711 ) ) ;
#1604 = SURFACE_STYLE_FILL_AREA ( #2435 ) ;
#1605 = FILL_AREA_STYLE ('',( #3019 ) ) ;
#1606 = SURFACE_STYLE_USAGE ( .BOTH. , #5161 ) ;
#1607 = COLOUR_RGB ( '',0.4313725490196078649, 0.4509803921568627527, 0.4313725490196078649 ) ;
#1608 = DIRECTION ( 'NONE',  ( -1.000000000000000000, -0.0000000000000000000, -0.0000000000000000000 ) ) ;
#1609 = ORIENTED_EDGE ( 'NONE', *, *, #3281, .T. ) ;
#1610 = DIRECTION ( 'NONE',  ( 1.000000000000000000, 0.0000000000000000000, 0.0000000000000000000 ) ) ;
#1611 = VECTOR ( 'NONE', #297, 1000.000000000000000 ) ;
#1612 = AXIS2_PLACEMENT_3D ( 'NONE', #1874, #5440, #1043 ) ;
#1613 =( NAMED_UNIT ( * ) PLANE_ANGLE_UNIT ( ) SI_UNIT ( $, .RADIAN. ) );
#1614 = UNCERTAINTY_MEASURE_WITH_UNIT (LENGTH_MEASURE( 1.000000000000000082E-05 ), #4683, 'distance_accuracy_value', 'NONE');
#1615 = DIRECTION ( 'NONE',  ( 0.7071067811865571207, 0.7071067811865379138, -1.151353257550952080E-14 ) ) ;
#1616 = DIRECTION ( 'NONE',  ( -0.0000000000000000000, 0.0000000000000000000, 1.000000000000000000 ) ) ;
#1617 = EDGE_CURVE ( 'NONE', #49, #3701, #1387, .T. ) ;
#1618 = VECTOR ( 'NONE', #3615, 1000.000000000000000 ) ;
#1619 = ORIENTED_EDGE ( 'NONE', *, *, #529, .T. ) ;
#1620 =( LENGTH_UNIT ( ) NAMED_UNIT ( * ) SI_UNIT ( .MILLI., .METRE. ) );
#1621 = UNCERTAINTY_MEASURE_WITH_UNIT (LENGTH_MEASURE( 1.000000000000000082E-05 ), #1769, 'distance_accuracy_value', 'NONE');
#1622 =( GEOMETRIC_REPRESENTATION_CONTEXT ( 3 ) GLOBAL_UNCERTAINTY_ASSIGNED_CONTEXT ( ( #852 ) ) GLOBAL_UNIT_ASSIGNED_CONTEXT ( ( #3457, #3071, #117 ) ) REPRESENTATION_CONTEXT ( 'NONE', 'WORKASPACE' ) );
#1623 = DIRECTION ( 'NONE',  ( -0.0000000000000000000, 1.000000000000000000, 9.035018104045870941E-16 ) ) ;
#1624 = CARTESIAN_POINT ( 'NONE',  ( 1.000000000000000000, 0.6300000000000003375, -1.000000000000000222 ) ) ;
#1625 = DIRECTION ( 'NONE',  ( 0.0000000000000000000, -0.0000000000000000000, 1.000000000000000000 ) ) ;
#1626 = ADVANCED_FACE ( 'NONE', ( #2436 ), #1027, .T. ) ;
#1627 = MECHANICAL_DESIGN_GEOMETRIC_PRESENTATION_REPRESENTATION (  '', ( #880 ), #4116 ) ;
#1628 =( NAMED_UNIT ( * ) PLANE_ANGLE_UNIT ( ) SI_UNIT ( $, .RADIAN. ) );
#1629 =( LENGTH_UNIT ( ) NAMED_UNIT ( * ) SI_UNIT ( .MILLI., .METRE. ) );
#1630 = PLANE ( 'NONE',  #4153 ) ;
#1631 = LINE ( 'NONE', #2014, #3469 ) ;
#1632 = SURFACE_STYLE_FILL_AREA ( #5097 ) ;
#1633 = VECTOR ( 'NONE', #484, 1000.000000000000000 ) ;
#1634 =( NAMED_UNIT ( * ) SI_UNIT ( $, .STERADIAN. ) SOLID_ANGLE_UNIT ( ) );
#1635 = ORIENTED_EDGE ( 'NONE', *, *, #5190, .F. ) ;
#1636 =( NAMED_UNIT ( * ) SI_UNIT ( $, .STERADIAN. ) SOLID_ANGLE_UNIT ( ) );
#1637 = ORIENTED_EDGE ( 'NONE', *, *, #2864, .T. ) ;
#1638 = DIRECTION ( 'NONE',  ( -0.0000000000000000000, 0.0000000000000000000, 1.000000000000000000 ) ) ;
#1639 = DIRECTION ( 'NONE',  ( 1.000000000000000000, 0.0000000000000000000, -9.346570452461245291E-17 ) ) ;
#1640 = FILL_AREA_STYLE ('',( #5561 ) ) ;
#1641 = FILL_AREA_STYLE ('',( #2552 ) ) ;
#1642 = AXIS2_PLACEMENT_3D ( 'NONE', #1400, #1474, #485 ) ;
#1643 = STYLED_ITEM ( 'NONE', ( #4650 ), #4290 ) ;
#1644 = DIRECTION ( 'NONE',  ( 0.0000000000000000000, 1.000000000000000000, 1.807003620809174977E-15 ) ) ;
#1645 = ORIENTED_EDGE ( 'NONE', *, *, #1182, .T. ) ;
#1646 = MECHANICAL_DESIGN_GEOMETRIC_PRESENTATION_REPRESENTATION (  '', ( #890 ), #2389 ) ;
#1647 = CARTESIAN_POINT ( 'NONE',  ( -0.7249999999999997558, 0.2000000000000000111, -0.7499999999999997780 ) ) ;
#1648 = VECTOR ( 'NONE', #4041, 1000.000000000000000 ) ;
#1649 = MECHANICAL_DESIGN_GEOMETRIC_PRESENTATION_REPRESENTATION (  '', ( #4135 ), #1931 ) ;
#1650 =( NAMED_UNIT ( * ) SI_UNIT ( $, .STERADIAN. ) SOLID_ANGLE_UNIT ( ) );
#1651 = PRESENTATION_LAYER_ASSIGNMENT (  '', '', ( #3950 ) ) ;
#1652 = EDGE_LOOP ( 'NONE', ( #4965, #2611, #5148, #2819 ) ) ;
#1653 = MECHANICAL_DESIGN_GEOMETRIC_PRESENTATION_REPRESENTATION (  '', ( #899 ), #1842 ) ;
#1654 = STYLED_ITEM ( 'NONE', ( #1351 ), #4227 ) ;
#1655 = LINE ( 'NONE', #3407, #1010 ) ;
#1656 = VECTOR ( 'NONE', #5436, 1000.000000000000000 ) ;
#1657 = STYLED_ITEM ( 'NONE', ( #603 ), #4289 ) ;
#1658 = ADVANCED_FACE ( 'NONE', ( #3738 ), #2465, .F. ) ;
#1659 = VECTOR ( 'NONE', #1463, 1000.000000000000000 ) ;
#1660 = FILL_AREA_STYLE_COLOUR ( '', #1516 ) ;
#1661 = EDGE_CURVE ( 'NONE', #5533, #1060, #2840, .T. ) ;
#1662 = CARTESIAN_POINT ( 'NONE',  ( -0.1549999999999999711, 0.2000000000000000111, -0.5000000000000002220 ) ) ;
#1663 =( NAMED_UNIT ( * ) SI_UNIT ( $, .STERADIAN. ) SOLID_ANGLE_UNIT ( ) );
#1664 = DIRECTION ( 'NONE',  ( 0.0000000000000000000, 0.0000000000000000000, 1.000000000000000000 ) ) ;
#1665 = LINE ( 'NONE', #1599, #5133 ) ;
#1666 = STYLED_ITEM ( 'NONE', ( #1894 ), #235 ) ;
#1667 = ORIENTED_EDGE ( 'NONE', *, *, #2706, .T. ) ;
#1668 = LINE ( 'NONE', #3362, #4862 ) ;
#1669 = EDGE_LOOP ( 'NONE', ( #3574, #4900, #4197, #4438 ) ) ;
#1670 = DIRECTION ( 'NONE',  ( -0.0000000000000000000, -0.0000000000000000000, 1.000000000000000000 ) ) ;
#1671 =( LENGTH_UNIT ( ) NAMED_UNIT ( * ) SI_UNIT ( .MILLI., .METRE. ) );
#1672 = DIRECTION ( 'NONE',  ( 0.0000000000000000000, 0.0000000000000000000, -1.000000000000000000 ) ) ;
#1673 = PRESENTATION_LAYER_ASSIGNMENT (  '', '', ( #2239 ) ) ;
#1674 = COLOUR_RGB ( '',0.4313725490196078649, 0.4509803921568627527, 0.4313725490196078649 ) ;
#1675 = PRESENTATION_STYLE_ASSIGNMENT (( #3894 ) ) ;
#1676 = EDGE_LOOP ( 'NONE', ( #794, #84, #3785, #1305 ) ) ;
#1677 = CARTESIAN_POINT ( 'NONE',  ( 1.004000000000000226, 0.1399999999999998745, 0.7100000000000000755 ) ) ;
#1678 = DIRECTION ( 'NONE',  ( 0.0000000000000000000, -0.0000000000000000000, 1.000000000000000000 ) ) ;
#1679 = UNCERTAINTY_MEASURE_WITH_UNIT (LENGTH_MEASURE( 1.000000000000000082E-05 ), #4603, 'distance_accuracy_value', 'NONE');
#1680 = CIRCLE ( 'NONE', #2430, 0.1000000000000001582 ) ;
#1681 = VERTEX_POINT ( 'NONE', #1941 ) ;
#1682 = DIRECTION ( 'NONE',  ( -1.000000000000000000, -0.0000000000000000000, -0.0000000000000000000 ) ) ;
#1683 = UNCERTAINTY_MEASURE_WITH_UNIT (LENGTH_MEASURE( 1.000000000000000082E-05 ), #4226, 'distance_accuracy_value', 'NONE');
#1684 = DIRECTION ( 'NONE',  ( -0.0000000000000000000, -1.000000000000000000, -0.0000000000000000000 ) ) ;
#1685 = FILL_AREA_STYLE ('',( #2159 ) ) ;
#1686 = VERTEX_POINT ( 'NONE', #632 ) ;
#1687 = DIRECTION ( 'NONE',  ( 0.0000000000000000000, -1.000000000000000000, 0.0000000000000000000 ) ) ;
#1688 =( LENGTH_UNIT ( ) NAMED_UNIT ( * ) SI_UNIT ( .MILLI., .METRE. ) );
#1689 = CARTESIAN_POINT ( 'NONE',  ( 0.4999999999999998890, 0.2000000000000000111, -0.7500000000000000000 ) ) ;
#1690 = CARTESIAN_POINT ( 'NONE',  ( 0.9800000000000002043, 0.6300000000000003375, 0.9999999999999997780 ) ) ;
#1691 = EDGE_CURVE ( 'NONE', #5196, #1994, #5508, .T. ) ;
#1692 = PRESENTATION_STYLE_ASSIGNMENT (( #4843 ) ) ;
#1693 = ORIENTED_EDGE ( 'NONE', *, *, #5301, .F. ) ;
#1694 = VERTEX_POINT ( 'NONE', #1487 ) ;
#1695 =( NAMED_UNIT ( * ) SI_UNIT ( $, .STERADIAN. ) SOLID_ANGLE_UNIT ( ) );
#1696 = LINE ( 'NONE', #3427, #856 ) ;
#1697 = EDGE_CURVE ( 'NONE', #586, #2782, #1581, .T. ) ;
#1698 = CARTESIAN_POINT ( 'NONE',  ( 0.1549999999999998601, 0.0000000000000000000, -0.5000000000000002220 ) ) ;
#1699 = EDGE_LOOP ( 'NONE', ( #692, #52, #2171, #5501 ) ) ;
#1700 = FILL_AREA_STYLE_COLOUR ( '', #5319 ) ;
#1701 = DIRECTION ( 'NONE',  ( 0.0000000000000000000, 1.000000000000000000, 0.0000000000000000000 ) ) ;
#1702 = CARTESIAN_POINT ( 'NONE',  ( -0.7499999999999997780, 0.5849999999999999645, 0.8499999999999999778 ) ) ;
#1703 =( GEOMETRIC_REPRESENTATION_CONTEXT ( 3 ) GLOBAL_UNCERTAINTY_ASSIGNED_CONTEXT ( ( #3406 ) ) GLOBAL_UNIT_ASSIGNED_CONTEXT ( ( #1792, #2260, #844 ) ) REPRESENTATION_CONTEXT ( 'NONE', 'WORKASPACE' ) );
#1704 = MECHANICAL_DESIGN_GEOMETRIC_PRESENTATION_REPRESENTATION (  '', ( #4634 ), #2988 ) ;
#1705 = PRESENTATION_STYLE_ASSIGNMENT (( #2064 ) ) ;
#1706 = FILL_AREA_STYLE ('',( #2975 ) ) ;
#1707 =( GEOMETRIC_REPRESENTATION_CONTEXT ( 3 ) GLOBAL_UNCERTAINTY_ASSIGNED_CONTEXT ( ( #1265 ) ) GLOBAL_UNIT_ASSIGNED_CONTEXT ( ( #4848, #5645, #5222 ) ) REPRESENTATION_CONTEXT ( 'NONE', 'WORKASPACE' ) );
#1708 = ORIENTED_EDGE ( 'NONE', *, *, #209, .T. ) ;
#1709 =( NAMED_UNIT ( * ) SI_UNIT ( $, .STERADIAN. ) SOLID_ANGLE_UNIT ( ) );
#1710 = SURFACE_STYLE_FILL_AREA ( #2566 ) ;
#1711 = DIRECTION ( 'NONE',  ( 1.000000000000000000, 0.0000000000000000000, 0.0000000000000000000 ) ) ;
#1713 = CARTESIAN_POINT ( 'NONE',  ( -0.1549999999999998601, 0.2000000000000000111, 0.4999999999999997780 ) ) ;
#1712 = MECHANICAL_DESIGN_GEOMETRIC_PRESENTATION_REPRESENTATION (  '', ( #5457 ), #2463 ) ;
#1714 = COLOUR_RGB ( '',0.4313725490196078649, 0.4509803921568627527, 0.4313725490196078649 ) ;
#1715 = ORIENTED_EDGE ( 'NONE', *, *, #2930, .T. ) ;
#1716 = COLOUR_RGB ( '',0.4313725490196078649, 0.4509803921568627527, 0.4313725490196078649 ) ;
#1717 = CARTESIAN_POINT ( 'NONE',  ( -0.4999999999999998890, 0.2000000000000000111, 1.040000000000000036 ) ) ;
#1718 = PRESENTATION_STYLE_ASSIGNMENT (( #4328 ) ) ;
#1719 = LINE ( 'NONE', #2634, #5658 ) ;
#1720 = PRESENTATION_STYLE_ASSIGNMENT (( #5153 ) ) ;
#1721 = MECHANICAL_DESIGN_GEOMETRIC_PRESENTATION_REPRESENTATION (  '', ( #4201 ), #3651 ) ;
#1722 = CARTESIAN_POINT ( 'NONE',  ( 1.000000000000000000, 0.6500000000000000222, -1.000000000000000222 ) ) ;
#1723 = ORIENTED_EDGE ( 'NONE', *, *, #4776, .T. ) ;
#1724 = DIRECTION ( 'NONE',  ( 1.000000000000000000, 0.0000000000000000000, 0.0000000000000000000 ) ) ;
#1725 = DIRECTION ( 'NONE',  ( 0.0000000000000000000, 0.0000000000000000000, 1.000000000000000000 ) ) ;
#1726 = VERTEX_POINT ( 'NONE', #3253 ) ;
#1727 = CARTESIAN_POINT ( 'NONE',  ( -0.07499999999999998335, 0.2666666666666667740, -1.040000000000000036 ) ) ;
#1728 = DIRECTION ( 'NONE',  ( 0.0000000000000000000, 0.0000000000000000000, 1.000000000000000000 ) ) ;
#1729 = ORIENTED_EDGE ( 'NONE', *, *, #5480, .T. ) ;
#1730 = CARTESIAN_POINT ( 'NONE',  ( 0.4999999999999998890, 0.0000000000000000000, -0.7500000000000000000 ) ) ;
#1731 = CARTESIAN_POINT ( 'NONE',  ( -0.7499999999999997780, 0.5849999999999999645, 0.7499999999999997780 ) ) ;
#1732 = EDGE_CURVE ( 'NONE', #2725, #1788, #4571, .T. ) ;
#1733 = DIRECTION ( 'NONE',  ( 0.0000000000000000000, 0.0000000000000000000, 1.000000000000000000 ) ) ;
#1734 = EDGE_CURVE ( 'NONE', #1760, #610, #1081, .T. ) ;
#1735 = CIRCLE ( 'NONE', #3104, 0.1000000000000001582 ) ;
#1736 = FACE_OUTER_BOUND ( 'NONE', #3462, .T. ) ;
#1737 = FACE_OUTER_BOUND ( 'NONE', #2923, .T. ) ;
#1738 = PRESENTATION_LAYER_ASSIGNMENT (  '', '', ( #4217 ) ) ;
#1739 = ORIENTED_EDGE ( 'NONE', *, *, #426, .T. ) ;
#1740 = UNCERTAINTY_MEASURE_WITH_UNIT (LENGTH_MEASURE( 1.000000000000000082E-05 ), #2602, 'distance_accuracy_value', 'NONE');
#1741 =( GEOMETRIC_REPRESENTATION_CONTEXT ( 3 ) GLOBAL_UNCERTAINTY_ASSIGNED_CONTEXT ( ( #2377 ) ) GLOBAL_UNIT_ASSIGNED_CONTEXT ( ( #587, #615, #4581 ) ) REPRESENTATION_CONTEXT ( 'NONE', 'WORKASPACE' ) );
#1742 = ADVANCED_FACE ( 'NONE', ( #5562 ), #755, .F. ) ;
#1743 = PRESENTATION_LAYER_ASSIGNMENT (  '', '', ( #2855 ) ) ;
#1744 = FACE_OUTER_BOUND ( 'NONE', #302, .T. ) ;
#1745 = PRESENTATION_LAYER_ASSIGNMENT (  '', '', ( #3668 ) ) ;
#1746 = ORIENTED_EDGE ( 'NONE', *, *, #5237, .F. ) ;
#1747 = STYLED_ITEM ( 'NONE', ( #313 ), #4853 ) ;
#1748 =( GEOMETRIC_REPRESENTATION_CONTEXT ( 3 ) GLOBAL_UNCERTAINTY_ASSIGNED_CONTEXT ( ( #287 ) ) GLOBAL_UNIT_ASSIGNED_CONTEXT ( ( #3487, #879, #4430 ) ) REPRESENTATION_CONTEXT ( 'NONE', 'WORKASPACE' ) );
#1749 = DIRECTION ( 'NONE',  ( 0.0000000000000000000, -1.000000000000000000, 0.0000000000000000000 ) ) ;
#1750 = SURFACE_STYLE_FILL_AREA ( #3014 ) ;
#1751 = PRESENTATION_STYLE_ASSIGNMENT (( #4723 ) ) ;
#1752 = LINE ( 'NONE', #2604, #61 ) ;
#1753 = MECHANICAL_DESIGN_GEOMETRIC_PRESENTATION_REPRESENTATION (  '', ( #3031 ), #2775 ) ;
#1754 = VECTOR ( 'NONE', #5593, 1000.000000000000000 ) ;
#1755 = FILL_AREA_STYLE_COLOUR ( '', #3578 ) ;
#1756 = CARTESIAN_POINT ( 'NONE',  ( 0.5000000000000001110, 0.0000000000000000000, -1.040000000000000036 ) ) ;
#1757 = STYLED_ITEM ( 'NONE', ( #3254 ), #5269 ) ;
#1758 = ORIENTED_EDGE ( 'NONE', *, *, #4842, .F. ) ;
#1759 = SURFACE_SIDE_STYLE ('',( #2721 ) ) ;
#1760 = VERTEX_POINT ( 'NONE', #2581 ) ;
#1761 = CARTESIAN_POINT ( 'NONE',  ( -0.1499999999999998279, 0.0000000000000000000, 1.040000000000000036 ) ) ;
#1762 = PRESENTATION_STYLE_ASSIGNMENT (( #1825 ) ) ;
#1763 = MECHANICAL_DESIGN_GEOMETRIC_PRESENTATION_REPRESENTATION (  '', ( #2958 ), #2235 ) ;
#1764 = LINE ( 'NONE', #5258, #2956 ) ;
#1765 = PLANE ( 'NONE',  #3117 ) ;
#1766 = ORIENTED_EDGE ( 'NONE', *, *, #3881, .T. ) ;
#1767 = STYLED_ITEM ( 'NONE', ( #3970 ), #5686 ) ;
#1768 =( NAMED_UNIT ( * ) PLANE_ANGLE_UNIT ( ) SI_UNIT ( $, .RADIAN. ) );
#1769 =( LENGTH_UNIT ( ) NAMED_UNIT ( * ) SI_UNIT ( .MILLI., .METRE. ) );
#1770 = VECTOR ( 'NONE', #3902, 1000.000000000000000 ) ;
#1771 = ADVANCED_FACE ( 'NONE', ( #2969 ), #307, .F. ) ;
#1772 = EDGE_CURVE ( 'NONE', #242, #480, #2144, .T. ) ;
#1773 = FACE_OUTER_BOUND ( 'NONE', #4061, .T. ) ;
#1774 = VERTEX_POINT ( 'NONE', #5617 ) ;
#1775 =( NAMED_UNIT ( * ) PLANE_ANGLE_UNIT ( ) SI_UNIT ( $, .RADIAN. ) );
#1776 = CARTESIAN_POINT ( 'NONE',  ( -0.7249999999999997558, 0.1333333333333333592, -1.040000000000000036 ) ) ;
#1777 = MECHANICAL_DESIGN_GEOMETRIC_PRESENTATION_REPRESENTATION (  '', ( #2528 ), #3981 ) ;
#1778 = SURFACE_STYLE_FILL_AREA ( #9 ) ;
#1779 = EDGE_LOOP ( 'NONE', ( #655, #3251, #4414, #3511, #2286, #41, #1194, #2053 ) ) ;
#1780 = EDGE_CURVE ( 'NONE', #242, #4300, #1696, .T. ) ;
#1781 = FILL_AREA_STYLE_COLOUR ( '', #3076 ) ;
#1782 =( NAMED_UNIT ( * ) PLANE_ANGLE_UNIT ( ) SI_UNIT ( $, .RADIAN. ) );
#1783 = SURFACE_STYLE_FILL_AREA ( #3965 ) ;
#1784 = CARTESIAN_POINT ( 'NONE',  ( -1.004000000000000226, 0.1399999999999999856, -0.7099999999999999645 ) ) ;
#1785 = PLANE ( 'NONE',  #5227 ) ;
#1786 = ORIENTED_EDGE ( 'NONE', *, *, #181, .F. ) ;
#1787 = DIRECTION ( 'NONE',  ( 0.0000000000000000000, 0.0000000000000000000, -1.000000000000000000 ) ) ;
#1788 = VERTEX_POINT ( 'NONE', #404 ) ;
#1789 = CARTESIAN_POINT ( 'NONE',  ( -0.5749999999999997335, 0.2666666666666666630, 1.040000000000000036 ) ) ;
#1790 = FILL_AREA_STYLE ('',( #1316 ) ) ;
#1791 = CARTESIAN_POINT ( 'NONE',  ( 0.1500000000000000500, 0.2000000000000000111, -0.7499999999999998890 ) ) ;
#1792 =( LENGTH_UNIT ( ) NAMED_UNIT ( * ) SI_UNIT ( .MILLI., .METRE. ) );
#1793 = CARTESIAN_POINT ( 'NONE',  ( 0.5000000000000000000, 0.2000000000000000111, 0.7500000000000001110 ) ) ;
#1794 = VERTEX_POINT ( 'NONE', #2173 ) ;
#1795 = SURFACE_STYLE_USAGE ( .BOTH. , #4402 ) ;
#1796 = CARTESIAN_POINT ( 'NONE',  ( 0.7249999999999999778, 0.1333333333333334425, -1.040000000000000036 ) ) ;
#1797 = DIRECTION ( 'NONE',  ( 1.000000000000000000, 0.0000000000000000000, -0.0000000000000000000 ) ) ;
#1798 = CARTESIAN_POINT ( 'NONE',  ( -1.004000000000000226, 0.07999999999999998779, -0.3300000000000000711 ) ) ;
#1799 = FACE_OUTER_BOUND ( 'NONE', #4657, .T. ) ;
#1800 = EDGE_LOOP ( 'NONE', ( #4764, #1550, #5664, #3312 ) ) ;
#1801 = DIRECTION ( 'NONE',  ( 0.7071067811865398012, 6.839255870354720655E-17, -0.7071067811865552333 ) ) ;
#1802 = VECTOR ( 'NONE', #1353, 1000.000000000000000 ) ;
#1803 = UNCERTAINTY_MEASURE_WITH_UNIT (LENGTH_MEASURE( 1.000000000000000082E-05 ), #5000, 'distance_accuracy_value', 'NONE');
#1804 = PRESENTATION_STYLE_ASSIGNMENT (( #30 ) ) ;
#1805 = EDGE_CURVE ( 'NONE', #4426, #311, #3916, .T. ) ;
#1806 = PRESENTATION_LAYER_ASSIGNMENT (  '', '', ( #1895 ) ) ;
#1807 = ORIENTED_EDGE ( 'NONE', *, *, #3170, .T. ) ;
#1808 = UNCERTAINTY_MEASURE_WITH_UNIT (LENGTH_MEASURE( 1.000000000000000082E-05 ), #853, 'distance_accuracy_value', 'NONE');
#1809 = SURFACE_STYLE_FILL_AREA ( #859 ) ;
#1810 = AXIS2_PLACEMENT_3D ( 'NONE', #5514, #4262, #345 ) ;
#1811 = STYLED_ITEM ( 'NONE', ( #2452 ), #3008 ) ;
#1812 = CARTESIAN_POINT ( 'NONE',  ( -0.9999999999999997780, 0.6300000000000003375, 0.9800000000000002043 ) ) ;
#1813 = ADVANCED_FACE ( 'NONE', ( #5226 ), #2498, .F. ) ;
#1814 = FACE_OUTER_BOUND ( 'NONE', #3887, .T. ) ;
#1815 = EDGE_CURVE ( 'NONE', #5597, #3195, #5681, .T. ) ;
#1816 = DIRECTION ( 'NONE',  ( 0.0000000000000000000, 1.000000000000000000, 0.0000000000000000000 ) ) ;
#1817 = COLOUR_RGB ( '',0.7529411764705882248, 0.7529411764705882248, 0.7529411764705882248 ) ;
#1818 = ORIENTED_EDGE ( 'NONE', *, *, #3722, .F. ) ;
#1819 = SURFACE_STYLE_FILL_AREA ( #4873 ) ;
#1820 = ORIENTED_EDGE ( 'NONE', *, *, #4293, .T. ) ;
#1821 = FACE_OUTER_BOUND ( 'NONE', #3387, .T. ) ;
#1822 = DIRECTION ( 'NONE',  ( 1.000000000000000000, 0.0000000000000000000, 0.0000000000000000000 ) ) ;
#1823 = CARTESIAN_POINT ( 'NONE',  ( 0.1549999999999998601, 0.2000000000000000111, -0.5000000000000002220 ) ) ;
#1824 = STYLED_ITEM ( 'NONE', ( #3891 ), #3459 ) ;
#1825 = SURFACE_STYLE_USAGE ( .BOTH. , #4395 ) ;
#1826 = ORIENTED_EDGE ( 'NONE', *, *, #4439, .T. ) ;
#1827 = MECHANICAL_DESIGN_GEOMETRIC_PRESENTATION_REPRESENTATION (  '', ( #3189 ), #1916 ) ;
#1828 = ORIENTED_EDGE ( 'NONE', *, *, #2896, .F. ) ;
#1829 = FILL_AREA_STYLE ('',( #53 ) ) ;
#1830 = SURFACE_SIDE_STYLE ('',( #3156 ) ) ;
#1831 = FACE_OUTER_BOUND ( 'NONE', #5239, .T. ) ;
#1832 =( NAMED_UNIT ( * ) PLANE_ANGLE_UNIT ( ) SI_UNIT ( $, .RADIAN. ) );
#1833 = SURFACE_STYLE_FILL_AREA ( #915 ) ;
#1834 = EDGE_LOOP ( 'NONE', ( #5322, #1758, #2433, #800 ) ) ;
#1835 = DIRECTION ( 'NONE',  ( 1.000000000000000000, 0.0000000000000000000, 0.0000000000000000000 ) ) ;
#1836 = VECTOR ( 'NONE', #2635, 1000.000000000000000 ) ;
#1837 = DIRECTION ( 'NONE',  ( 1.355252715606880543E-16, 0.0000000000000000000, 1.000000000000000000 ) ) ;
#1838 = LINE ( 'NONE', #2740, #5459 ) ;
#1839 = AXIS2_PLACEMENT_3D ( 'NONE', #4100, #4019, #1862 ) ;
#1840 = SURFACE_STYLE_USAGE ( .BOTH. , #4479 ) ;
#1841 = CARTESIAN_POINT ( 'NONE',  ( 0.5000000000000000000, 0.2000000000000000111, 1.040000000000000036 ) ) ;
#1842 =( GEOMETRIC_REPRESENTATION_CONTEXT ( 3 ) GLOBAL_UNCERTAINTY_ASSIGNED_CONTEXT ( ( #174 ) ) GLOBAL_UNIT_ASSIGNED_CONTEXT ( ( #334, #678, #1990 ) ) REPRESENTATION_CONTEXT ( 'NONE', 'WORKASPACE' ) );
#1843 = VECTOR ( 'NONE', #5409, 1000.000000000000000 ) ;
#1844 =( GEOMETRIC_REPRESENTATION_CONTEXT ( 3 ) GLOBAL_UNCERTAINTY_ASSIGNED_CONTEXT ( ( #2628 ) ) GLOBAL_UNIT_ASSIGNED_CONTEXT ( ( #5234, #2561, #382 ) ) REPRESENTATION_CONTEXT ( 'NONE', 'WORKASPACE' ) );
#1845 = DIRECTION ( 'NONE',  ( -1.000000000000000000, 0.0000000000000000000, -0.0000000000000000000 ) ) ;
#1846 = EDGE_CURVE ( 'NONE', #5362, #3328, #493, .T. ) ;
#1847 = EDGE_CURVE ( 'NONE', #1193, #377, #79, .T. ) ;
#1848 = VERTEX_POINT ( 'NONE', #5257 ) ;
#1849 =( LENGTH_UNIT ( ) NAMED_UNIT ( * ) SI_UNIT ( .MILLI., .METRE. ) );
#1850 =( GEOMETRIC_REPRESENTATION_CONTEXT ( 3 ) GLOBAL_UNCERTAINTY_ASSIGNED_CONTEXT ( ( #3809 ) ) GLOBAL_UNIT_ASSIGNED_CONTEXT ( ( #3450, #2554, #5510 ) ) REPRESENTATION_CONTEXT ( 'NONE', 'WORKASPACE' ) );
#1851 = VERTEX_POINT ( 'NONE', #3129 ) ;
#1852 = CARTESIAN_POINT ( 'NONE',  ( -1.004000000000000226, 0.07999999999999998779, -0.4400000000000000577 ) ) ;
#1853 = SURFACE_SIDE_STYLE ('',( #4084 ) ) ;
#1854 = DIRECTION ( 'NONE',  ( -0.0000000000000000000, -1.000000000000000000, -0.0000000000000000000 ) ) ;
#1855 = STYLED_ITEM ( 'NONE', ( #3302 ), #4920 ) ;
#1856 = EDGE_CURVE ( 'NONE', #4034, #216, #3600, .T. ) ;
#1857 = ORIENTED_EDGE ( 'NONE', *, *, #4538, .T. ) ;
#1858 = PRESENTATION_LAYER_ASSIGNMENT (  '', '', ( #378 ) ) ;
#1859 = ORIENTED_EDGE ( 'NONE', *, *, #2302, .T. ) ;
#1860 = UNCERTAINTY_MEASURE_WITH_UNIT (LENGTH_MEASURE( 1.000000000000000082E-05 ), #3644, 'distance_accuracy_value', 'NONE');
#1861 =( GEOMETRIC_REPRESENTATION_CONTEXT ( 3 ) GLOBAL_UNCERTAINTY_ASSIGNED_CONTEXT ( ( #3400 ) ) GLOBAL_UNIT_ASSIGNED_CONTEXT ( ( #2170, #2663, #1371 ) ) REPRESENTATION_CONTEXT ( 'NONE', 'WORKASPACE' ) );
#1862 = DIRECTION ( 'NONE',  ( 1.016439536705160160E-16, -1.000000000000000000, 0.0000000000000000000 ) ) ;
#1863 = VECTOR ( 'NONE', #4269, 1000.000000000000000 ) ;
#1864 = COLOUR_RGB ( '',0.4313725490196078649, 0.4509803921568627527, 0.4313725490196078649 ) ;
#1865 = CARTESIAN_POINT ( 'NONE',  ( -0.4999999999999998890, 0.0000000000000000000, 1.040000000000000036 ) ) ;
#1866 = STYLED_ITEM ( 'NONE', ( #4999 ), #558 ) ;
#1867 = CARTESIAN_POINT ( 'NONE',  ( -1.004000000000000226, 0.1399999999999999856, -0.3300000000000000711 ) ) ;
#1868 =( LENGTH_UNIT ( ) NAMED_UNIT ( * ) SI_UNIT ( .MILLI., .METRE. ) );
#1869 = FILL_AREA_STYLE ('',( #4979 ) ) ;
#1870 = DIRECTION ( 'NONE',  ( 1.000000000000000000, 0.0000000000000000000, 0.0000000000000000000 ) ) ;
#1871 = AXIS2_PLACEMENT_3D ( 'NONE', #2394, #5308, #1378 ) ;
#1872 = CARTESIAN_POINT ( 'NONE',  ( 0.5749999999999999556, 0.2000000000000000111, 0.0000000000000000000 ) ) ;
#1873 = EDGE_LOOP ( 'NONE', ( #2030, #2695, #4935, #1961 ) ) ;
#1874 = CARTESIAN_POINT ( 'NONE',  ( -0.1549999999999999711, 0.2000000000000000111, -0.5000000000000002220 ) ) ;
#1875 = ORIENTED_EDGE ( 'NONE', *, *, #975, .F. ) ;
#1876 = FILL_AREA_STYLE_COLOUR ( '', #5251 ) ;
#1877 = ADVANCED_FACE ( 'NONE', ( #5309 ), #3943, .T. ) ;
#1878 = ORIENTED_EDGE ( 'NONE', *, *, #208, .T. ) ;
#1879 = DIRECTION ( 'NONE',  ( -1.528755335674933049E-14, -0.7071067811865398012, -0.7071067811865552333 ) ) ;
#1880 = SURFACE_STYLE_USAGE ( .BOTH. , #3703 ) ;
#1881 = ORIENTED_EDGE ( 'NONE', *, *, #2202, .T. ) ;
#1882 = CARTESIAN_POINT ( 'NONE',  ( -1.004000000000000226, 0.1399999999999999023, 0.8200000000000000622 ) ) ;
#1883 = FILL_AREA_STYLE_COLOUR ( '', #1132 ) ;
#1884 = DIRECTION ( 'NONE',  ( 0.0000000000000000000, 0.0000000000000000000, 1.000000000000000000 ) ) ;
#1885 = ADVANCED_FACE ( 'NONE', ( #1184 ), #4272, .F. ) ;
#1886 = PRESENTATION_STYLE_ASSIGNMENT (( #4036 ) ) ;
#1887 = DIRECTION ( 'NONE',  ( -1.000000000000000000, 0.0000000000000000000, 0.0000000000000000000 ) ) ;
#1888 = EDGE_LOOP ( 'NONE', ( #2522, #4968, #34, #3255 ) ) ;
#1889 = DIRECTION ( 'NONE',  ( 0.0000000000000000000, -0.0000000000000000000, -1.000000000000000000 ) ) ;
#1890 =( LENGTH_UNIT ( ) NAMED_UNIT ( * ) SI_UNIT ( .MILLI., .METRE. ) );
#1891 = MECHANICAL_DESIGN_GEOMETRIC_PRESENTATION_REPRESENTATION (  '', ( #2650 ), #1147 ) ;
#1892 =( NAMED_UNIT ( * ) PLANE_ANGLE_UNIT ( ) SI_UNIT ( $, .RADIAN. ) );
#1893 = LINE ( 'NONE', #2687, #4553 ) ;
#1894 = PRESENTATION_STYLE_ASSIGNMENT (( #506 ) ) ;
#1895 = STYLED_ITEM ( 'NONE', ( #4682 ), #1742 ) ;
#1896 = VECTOR ( 'NONE', #1513, 1000.000000000000000 ) ;
#1897 = CARTESIAN_POINT ( 'NONE',  ( -0.5749999999999997335, 0.1333333333333333592, -0.7499999999999997780 ) ) ;
#1898 =( GEOMETRIC_REPRESENTATION_CONTEXT ( 3 ) GLOBAL_UNCERTAINTY_ASSIGNED_CONTEXT ( ( #293 ) ) GLOBAL_UNIT_ASSIGNED_CONTEXT ( ( #3880, #3470, #3437 ) ) REPRESENTATION_CONTEXT ( 'NONE', 'WORKASPACE' ) );
#1899 = PRESENTATION_LAYER_ASSIGNMENT (  '', '', ( #5276 ) ) ;
#1900 = ORIENTED_EDGE ( 'NONE', *, *, #5246, .F. ) ;
#1901 = DIRECTION ( 'NONE',  ( -1.000000000000000000, -0.0000000000000000000, -0.0000000000000000000 ) ) ;
#1902 = ORIENTED_EDGE ( 'NONE', *, *, #912, .F. ) ;
#1903 =( NAMED_UNIT ( * ) SI_UNIT ( $, .STERADIAN. ) SOLID_ANGLE_UNIT ( ) );
#1904 = PRESENTATION_STYLE_ASSIGNMENT (( #3248 ) ) ;
#1905 = COLOUR_RGB ( '',0.4313725490196078649, 0.4509803921568627527, 0.4313725490196078649 ) ;
#1906 = ORIENTED_EDGE ( 'NONE', *, *, #1955, .F. ) ;
#1907 = ORIENTED_EDGE ( 'NONE', *, *, #5506, .F. ) ;
#1908 =( NAMED_UNIT ( * ) PLANE_ANGLE_UNIT ( ) SI_UNIT ( $, .RADIAN. ) );
#1909 = CARTESIAN_POINT ( 'NONE',  ( 0.5749999999999999556, 0.2000000000000000111, -0.7500000000000000000 ) ) ;
#1910 = FACE_OUTER_BOUND ( 'NONE', #2005, .T. ) ;
#1911 = EDGE_CURVE ( 'NONE', #2244, #955, #2105, .T. ) ;
#1912 = ORIENTED_EDGE ( 'NONE', *, *, #65, .F. ) ;
#1913 = EDGE_CURVE ( 'NONE', #1208, #3034, #1338, .T. ) ;
#1914 =( NAMED_UNIT ( * ) SI_UNIT ( $, .STERADIAN. ) SOLID_ANGLE_UNIT ( ) );
#1915 = UNCERTAINTY_MEASURE_WITH_UNIT (LENGTH_MEASURE( 1.000000000000000082E-05 ), #2746, 'distance_accuracy_value', 'NONE');
#1916 =( GEOMETRIC_REPRESENTATION_CONTEXT ( 3 ) GLOBAL_UNCERTAINTY_ASSIGNED_CONTEXT ( ( #5398 ) ) GLOBAL_UNIT_ASSIGNED_CONTEXT ( ( #5329, #1367, #395 ) ) REPRESENTATION_CONTEXT ( 'NONE', 'WORKASPACE' ) );
#1917 =( NAMED_UNIT ( * ) PLANE_ANGLE_UNIT ( ) SI_UNIT ( $, .RADIAN. ) );
#1918 = ORIENTED_EDGE ( 'NONE', *, *, #5649, .F. ) ;
#1919 = ADVANCED_FACE ( 'NONE', ( #5583 ), #4747, .F. ) ;
#1920 = SURFACE_STYLE_FILL_AREA ( #1093 ) ;
#1921 = UNCERTAINTY_MEASURE_WITH_UNIT (LENGTH_MEASURE( 1.000000000000000082E-05 ), #717, 'distance_accuracy_value', 'NONE');
#1922 = SURFACE_SIDE_STYLE ('',( #2323 ) ) ;
#1923 =( NAMED_UNIT ( * ) SI_UNIT ( $, .STERADIAN. ) SOLID_ANGLE_UNIT ( ) );
#1924 = SURFACE_SIDE_STYLE ('',( #2327 ) ) ;
#1925 = VECTOR ( 'NONE', #2015, 1000.000000000000000 ) ;
#1926 = CARTESIAN_POINT ( 'NONE',  ( 0.0000000000000000000, 0.2000000000000000111, 0.0000000000000000000 ) ) ;
#1927 =( GEOMETRIC_REPRESENTATION_CONTEXT ( 3 ) GLOBAL_UNCERTAINTY_ASSIGNED_CONTEXT ( ( #4772 ) ) GLOBAL_UNIT_ASSIGNED_CONTEXT ( ( #418, #855, #3498 ) ) REPRESENTATION_CONTEXT ( 'NONE', 'WORKASPACE' ) );
#1928 = PLANE ( 'NONE',  #1612 ) ;
#1929 = CARTESIAN_POINT ( 'NONE',  ( 0.9799999999999999822, 0.6500000000000000222, 0.9799999999999997602 ) ) ;
#1930 =( GEOMETRIC_REPRESENTATION_CONTEXT ( 3 ) GLOBAL_UNCERTAINTY_ASSIGNED_CONTEXT ( ( #1970 ) ) GLOBAL_UNIT_ASSIGNED_CONTEXT ( ( #4213, #1974, #2444 ) ) REPRESENTATION_CONTEXT ( 'NONE', 'WORKASPACE' ) );
#1931 =( GEOMETRIC_REPRESENTATION_CONTEXT ( 3 ) GLOBAL_UNCERTAINTY_ASSIGNED_CONTEXT ( ( #2152 ) ) GLOBAL_UNIT_ASSIGNED_CONTEXT ( ( #696, #3844, #2128 ) ) REPRESENTATION_CONTEXT ( 'NONE', 'WORKASPACE' ) );
#1932 =( NAMED_UNIT ( * ) PLANE_ANGLE_UNIT ( ) SI_UNIT ( $, .RADIAN. ) );
#1933 =( GEOMETRIC_REPRESENTATION_CONTEXT ( 3 ) GLOBAL_UNCERTAINTY_ASSIGNED_CONTEXT ( ( #3585 ) ) GLOBAL_UNIT_ASSIGNED_CONTEXT ( ( #1231, #4315, #2625 ) ) REPRESENTATION_CONTEXT ( 'NONE', 'WORKASPACE' ) );
#1934 = VECTOR ( 'NONE', #3687, 1000.000000000000000 ) ;
#1935 = ORIENTED_EDGE ( 'NONE', *, *, #2063, .T. ) ;
#1936 = DIRECTION ( 'NONE',  ( 0.0000000000000000000, 0.0000000000000000000, -1.000000000000000000 ) ) ;
#1937 = VERTEX_POINT ( 'NONE', #3933 ) ;
#1938 =( NAMED_UNIT ( * ) SI_UNIT ( $, .STERADIAN. ) SOLID_ANGLE_UNIT ( ) );
#1939 = COLOUR_RGB ( '',0.4313725490196078649, 0.4509803921568627527, 0.4313725490196078649 ) ;
#1940 =( GEOMETRIC_REPRESENTATION_CONTEXT ( 3 ) GLOBAL_UNCERTAINTY_ASSIGNED_CONTEXT ( ( #4099 ) ) GLOBAL_UNIT_ASSIGNED_CONTEXT ( ( #4198, #2963, #1636 ) ) REPRESENTATION_CONTEXT ( 'NONE', 'WORKASPACE' ) );
#1941 = CARTESIAN_POINT ( 'NONE',  ( -0.4999999999999998890, 0.2000000000000000111, 1.040000000000000036 ) ) ;
#1942 = CARTESIAN_POINT ( 'NONE',  ( 0.9800000000000002043, 0.6300000000000003375, 0.9999999999999997780 ) ) ;
#1943 = ORIENTED_EDGE ( 'NONE', *, *, #3211, .T. ) ;
#1944 = STYLED_ITEM ( 'NONE', ( #2266 ), #5162 ) ;
#1945 = LINE ( 'NONE', #5428, #4584 ) ;
#1946 = AXIS2_PLACEMENT_3D ( 'NONE', #1022, #5014, #4989 ) ;
#1947 = EDGE_CURVE ( 'NONE', #3948, #2124, #5666, .T. ) ;
#1948 = MECHANICAL_DESIGN_GEOMETRIC_PRESENTATION_REPRESENTATION (  '', ( #1666 ), #4869 ) ;
#1949 = ORIENTED_EDGE ( 'NONE', *, *, #2272, .F. ) ;
#1950 = PRESENTATION_LAYER_ASSIGNMENT (  '', '', ( #735 ) ) ;
#1951 =( NAMED_UNIT ( * ) PLANE_ANGLE_UNIT ( ) SI_UNIT ( $, .RADIAN. ) );
#1952 = CARTESIAN_POINT ( 'NONE',  ( 0.7249999999999999778, 0.2000000000000000111, 0.4999999999999997780 ) ) ;
#1953 = CARTESIAN_POINT ( 'NONE',  ( -0.7249999999999997558, 0.1333333333333333592, -1.040000000000000036 ) ) ;
#1954 = CARTESIAN_POINT ( 'NONE',  ( -0.7499999999999997780, 0.5849999999999999645, 0.8333333333333334814 ) ) ;
#1955 = EDGE_CURVE ( 'NONE', #1015, #4628, #1306, .T. ) ;
#1956 = COLOUR_RGB ( '',0.7921568627450980005, 0.8196078431372548767, 0.9333333333333333481 ) ;
#1957 = SURFACE_SIDE_STYLE ('',( #4485 ) ) ;
#1958 =( LENGTH_UNIT ( ) NAMED_UNIT ( * ) SI_UNIT ( .MILLI., .METRE. ) );
#1959 = LINE ( 'NONE', #3218, #930 ) ;
#1960 = PRESENTATION_LAYER_ASSIGNMENT (  '', '', ( #3612 ) ) ;
#1961 = ORIENTED_EDGE ( 'NONE', *, *, #4638, .T. ) ;
#1962 = DIRECTION ( 'NONE',  ( -0.0000000000000000000, -0.0000000000000000000, 1.000000000000000000 ) ) ;
#1963 = ORIENTED_EDGE ( 'NONE', *, *, #3419, .F. ) ;
#1964 = SURFACE_SIDE_STYLE ('',( #3070 ) ) ;
#1965 = SURFACE_STYLE_USAGE ( .BOTH. , #606 ) ;
#1966 = STYLED_ITEM ( 'NONE', ( #3480 ), #2471 ) ;
#1967 = FILL_AREA_STYLE_COLOUR ( '', #2132 ) ;
#1968 = ORIENTED_EDGE ( 'NONE', *, *, #3162, .F. ) ;
#1969 = FACE_OUTER_BOUND ( 'NONE', #2718, .T. ) ;
#1970 = UNCERTAINTY_MEASURE_WITH_UNIT (LENGTH_MEASURE( 1.000000000000000082E-05 ), #4213, 'distance_accuracy_value', 'NONE');
#1971 = SURFACE_STYLE_FILL_AREA ( #4576 ) ;
#1972 =( NAMED_UNIT ( * ) PLANE_ANGLE_UNIT ( ) SI_UNIT ( $, .RADIAN. ) );
#1973 = ORIENTED_EDGE ( 'NONE', *, *, #5235, .T. ) ;
#1974 =( NAMED_UNIT ( * ) PLANE_ANGLE_UNIT ( ) SI_UNIT ( $, .RADIAN. ) );
#1975 = EDGE_CURVE ( 'NONE', #4284, #4380, #2072, .T. ) ;
#1976 = DIRECTION ( 'NONE',  ( -7.477256361968999191E-16, 0.0000000000000000000, 1.000000000000000000 ) ) ;
#1977 = DIRECTION ( 'NONE',  ( 0.0000000000000000000, 2.464095846557965385E-16, 1.000000000000000000 ) ) ;
#1978 = DIRECTION ( 'NONE',  ( 1.000000000000000000, 0.0000000000000000000, -0.0000000000000000000 ) ) ;
#1979 = FACE_OUTER_BOUND ( 'NONE', #2562, .T. ) ;
#1980 = EDGE_CURVE ( 'NONE', #3440, #881, #1893, .T. ) ;
#1981 = ADVANCED_FACE ( 'NONE', ( #924 ), #4445, .T. ) ;
#1982 = CARTESIAN_POINT ( 'NONE',  ( -1.000000000000000000, 0.6500000000000000222, -0.9800000000000002043 ) ) ;
#1983 = VECTOR ( 'NONE', #3627, 1000.000000000000000 ) ;
#1984 = COLOUR_RGB ( '',0.7921568627450980005, 0.8196078431372548767, 0.9333333333333333481 ) ;
#1985 = CARTESIAN_POINT ( 'NONE',  ( 0.9800000000000002043, 0.6400000000000001243, -0.9900000000000002132 ) ) ;
#1986 = DIRECTION ( 'NONE',  ( -0.0000000000000000000, -0.0000000000000000000, 1.000000000000000000 ) ) ;
#1987 = FACE_OUTER_BOUND ( 'NONE', #111, .T. ) ;
#1988 = MECHANICAL_DESIGN_GEOMETRIC_PRESENTATION_REPRESENTATION (  '', ( #3547 ), #4097 ) ;
#1989 = COLOUR_RGB ( '',0.4313725490196078649, 0.4509803921568627527, 0.4313725490196078649 ) ;
#1990 =( NAMED_UNIT ( * ) SI_UNIT ( $, .STERADIAN. ) SOLID_ANGLE_UNIT ( ) );
#1991 = ORIENTED_EDGE ( 'NONE', *, *, #4432, .F. ) ;
#1992 = DIRECTION ( 'NONE',  ( 0.0000000000000000000, 1.000000000000000000, 0.0000000000000000000 ) ) ;
#1993 = DIRECTION ( 'NONE',  ( 0.0000000000000000000, -0.0000000000000000000, -1.000000000000000000 ) ) ;
#1994 = VERTEX_POINT ( 'NONE', #2763 ) ;
#1995 = LINE ( 'NONE', #1514, #2268 ) ;
#1996 = CARTESIAN_POINT ( 'NONE',  ( -1.004000000000000226, 0.1400000000000000133, -0.4400000000000000577 ) ) ;
#1997 = COLOUR_RGB ( '',0.4313725490196078649, 0.4509803921568627527, 0.4313725490196078649 ) ;
#1998 = STYLED_ITEM ( 'NONE', ( #4895 ), #3137 ) ;
#1999 = FILL_AREA_STYLE_COLOUR ( '', #2354 ) ;
#2000 =( NAMED_UNIT ( * ) PLANE_ANGLE_UNIT ( ) SI_UNIT ( $, .RADIAN. ) );
#2001 = ORIENTED_EDGE ( 'NONE', *, *, #1546, .T. ) ;
#2002 = LINE ( 'NONE', #1032, #3610 ) ;
#2003 = LINE ( 'NONE', #2413, #2856 ) ;
#2004 = VECTOR ( 'NONE', #3481, 1000.000000000000000 ) ;
#2005 = EDGE_LOOP ( 'NONE', ( #5174, #437, #1122, #3375 ) ) ;
#2006 = FILL_AREA_STYLE_COLOUR ( '', #4854 ) ;
#2007 = PRESENTATION_LAYER_ASSIGNMENT (  '', '', ( #971 ) ) ;
#2008 = FACE_OUTER_BOUND ( 'NONE', #831, .T. ) ;
#2009 = CARTESIAN_POINT ( 'NONE',  ( 1.000000000000000000, 0.6500000000000000222, 0.9799999999999997602 ) ) ;
#2010 = DIRECTION ( 'NONE',  ( 1.000000000000000000, 0.0000000000000000000, 0.0000000000000000000 ) ) ;
#2011 =( LENGTH_UNIT ( ) NAMED_UNIT ( * ) SI_UNIT ( .MILLI., .METRE. ) );
#2012 = FILL_AREA_STYLE_COLOUR ( '', #1905 ) ;
#2013 = DIRECTION ( 'NONE',  ( 0.0000000000000000000, -0.0000000000000000000, 1.000000000000000000 ) ) ;
#2014 = CARTESIAN_POINT ( 'NONE',  ( 0.1549999999999998601, 0.2000000000000000111, -0.5000000000000002220 ) ) ;
#2015 = DIRECTION ( 'NONE',  ( -0.0000000000000000000, 1.000000000000000000, -0.0000000000000000000 ) ) ;
#2016 = EDGE_CURVE ( 'NONE', #4610, #960, #481, .T. ) ;
#2017 = EDGE_CURVE ( 'NONE', #1130, #2952, #3118, .T. ) ;
#2018 = VECTOR ( 'NONE', #2010, 1000.000000000000000 ) ;
#2019 = PLANE ( 'NONE',  #2684 ) ;
#2020 = EDGE_LOOP ( 'NONE', ( #4125, #1451, #1411, #2697 ) ) ;
#2021 = FILL_AREA_STYLE_COLOUR ( '', #1168 ) ;
#2022 = ORIENTED_EDGE ( 'NONE', *, *, #3525, .T. ) ;
#2023 = AXIS2_PLACEMENT_3D ( 'NONE', #531, #1068, #1977 ) ;
#2024 =( NAMED_UNIT ( * ) PLANE_ANGLE_UNIT ( ) SI_UNIT ( $, .RADIAN. ) );
#2025 = CARTESIAN_POINT ( 'NONE',  ( -1.004000000000000226, 0.07999999999999996003, 0.3300000000000000155 ) ) ;
#2026 = AXIS2_PLACEMENT_3D ( 'NONE', #1301, #4717, #2186 ) ;
#2027 = EDGE_CURVE ( 'NONE', #5101, #4015, #3085, .T. ) ;
#2028 =( GEOMETRIC_REPRESENTATION_CONTEXT ( 3 ) GLOBAL_UNCERTAINTY_ASSIGNED_CONTEXT ( ( #1803 ) ) GLOBAL_UNIT_ASSIGNED_CONTEXT ( ( #5000, #3373, #1650 ) ) REPRESENTATION_CONTEXT ( 'NONE', 'WORKASPACE' ) );
#2029 = SURFACE_STYLE_USAGE ( .BOTH. , #4705 ) ;
#2030 = ORIENTED_EDGE ( 'NONE', *, *, #948, .T. ) ;
#2031 = PRESENTATION_STYLE_ASSIGNMENT (( #1087 ) ) ;
#2032 = PRESENTATION_STYLE_ASSIGNMENT (( #4658 ) ) ;
#2033 = UNCERTAINTY_MEASURE_WITH_UNIT (LENGTH_MEASURE( 1.000000000000000082E-05 ), #2317, 'distance_accuracy_value', 'NONE');
#2034 = MECHANICAL_DESIGN_GEOMETRIC_PRESENTATION_REPRESENTATION (  '', ( #5682 ), #87 ) ;
#2035 = COLOUR_RGB ( '',0.7921568627450980005, 0.8196078431372548767, 0.9333333333333333481 ) ;
#2036 = PLANE ( 'NONE',  #5151 ) ;
#2037 = COLOUR_RGB ( '',0.4313725490196078649, 0.4509803921568627527, 0.4313725490196078649 ) ;
#2038 = ORIENTED_EDGE ( 'NONE', *, *, #4, .T. ) ;
#2039 = SURFACE_SIDE_STYLE ('',( #3236 ) ) ;
#2040 = FILL_AREA_STYLE ('',( #4186 ) ) ;
#2041 = PLANE ( 'NONE',  #2242 ) ;
#2042 = DIRECTION ( 'NONE',  ( 0.0000000000000000000, -1.000000000000000000, 0.0000000000000000000 ) ) ;
#2043 = CARTESIAN_POINT ( 'NONE',  ( -1.004000000000000226, 0.0000000000000000000, 0.0000000000000000000 ) ) ;
#2044 = STYLED_ITEM ( 'NONE', ( #324 ), #434 ) ;
#2045 = DIRECTION ( 'NONE',  ( 1.016439536705160160E-16, -1.000000000000000000, 0.0000000000000000000 ) ) ;
#2046 = DIRECTION ( 'NONE',  ( 0.0000000000000000000, 0.0000000000000000000, -1.000000000000000000 ) ) ;
#2047 = CARTESIAN_POINT ( 'NONE',  ( 0.7249999999999999778, 0.1333333333333334425, -0.5000000000000002220 ) ) ;
#2048 = CONICAL_SURFACE ( 'NONE', #1203, 0.1000000000000001582, 0.7853981633974463916 ) ;
#2049 = SURFACE_STYLE_USAGE ( .BOTH. , #5098 ) ;
#2050 = ORIENTED_EDGE ( 'NONE', *, *, #4818, .T. ) ;
#2051 = PLANE ( 'NONE',  #3507 ) ;
#2052 = FILL_AREA_STYLE ('',( #3330 ) ) ;
#2053 = ORIENTED_EDGE ( 'NONE', *, *, #792, .T. ) ;
#2054 = DIRECTION ( 'NONE',  ( -0.0000000000000000000, -1.000000000000000000, -0.0000000000000000000 ) ) ;
#2055 = PRESENTATION_STYLE_ASSIGNMENT (( #3831 ) ) ;
#2056 = EDGE_CURVE ( 'NONE', #4426, #610, #3172, .T. ) ;
#2057 = VECTOR ( 'NONE', #1615, 1000.000000000000000 ) ;
#2058 = DIRECTION ( 'NONE',  ( 1.000000000000000000, 0.0000000000000000000, 0.0000000000000000000 ) ) ;
#2059 = CARTESIAN_POINT ( 'NONE',  ( -0.8249999999999999556, 0.0000000000000000000, -0.5000000000000002220 ) ) ;
#2060 = LINE ( 'NONE', #4206, #1375 ) ;
#2061 = ORIENTED_EDGE ( 'NONE', *, *, #1182, .F. ) ;
#2062 = SURFACE_STYLE_FILL_AREA ( #344 ) ;
#2063 = EDGE_CURVE ( 'NONE', #1060, #906, #4838, .T. ) ;
#2064 = SURFACE_STYLE_USAGE ( .BOTH. , #3402 ) ;
#2065 = FACE_OUTER_BOUND ( 'NONE', #4149, .T. ) ;
#2066 = VERTEX_POINT ( 'NONE', #1865 ) ;
#2067 = CARTESIAN_POINT ( 'NONE',  ( 0.0000000000000000000, 0.2000000000000000111, 0.0000000000000000000 ) ) ;
#2068 = SURFACE_SIDE_STYLE ('',( #1710 ) ) ;
#2069 =( LENGTH_UNIT ( ) NAMED_UNIT ( * ) SI_UNIT ( .MILLI., .METRE. ) );
#2070 = CARTESIAN_POINT ( 'NONE',  ( 0.5749999999999999556, 0.2000000000000000111, -0.7500000000000000000 ) ) ;
#2071 = FILL_AREA_STYLE_COLOUR ( '', #3591 ) ;
#2072 = LINE ( 'NONE', #5352, #516 ) ;
#2073 = SURFACE_STYLE_USAGE ( .BOTH. , #330 ) ;
#2074 = LINE ( 'NONE', #701, #1468 ) ;
#2075 = CARTESIAN_POINT ( 'NONE',  ( -0.5000000000000000000, 0.2000000000000000111, -0.7499999999999997780 ) ) ;
#2076 = CARTESIAN_POINT ( 'NONE',  ( 1.004000000000000226, 0.1399999999999999578, 0.4400000000000000577 ) ) ;
#2077 = FILL_AREA_STYLE ('',( #4253 ) ) ;
#2078 = ORIENTED_EDGE ( 'NONE', *, *, #5371, .T. ) ;
#2079 = DIRECTION ( 'NONE',  ( 1.000000000000000000, 0.0000000000000000000, 0.0000000000000000000 ) ) ;
#2080 = VECTOR ( 'NONE', #2990, 1000.000000000000000 ) ;
#2081 = ORIENTED_EDGE ( 'NONE', *, *, #1697, .F. ) ;
#2082 = CARTESIAN_POINT ( 'NONE',  ( 0.5749999999999999556, 0.2666666666666667740, -1.040000000000000036 ) ) ;
#2083 = PRESENTATION_STYLE_ASSIGNMENT (( #2887 ) ) ;
#2084 = PLANE ( 'NONE',  #5292 ) ;
#2085 = CARTESIAN_POINT ( 'NONE',  ( 0.7249999999999999778, 0.2666666666666667740, -1.040000000000000036 ) ) ;
#2086 = AXIS2_PLACEMENT_3D ( 'NONE', #904, #4032, #1379 ) ;
#2087 = AXIS2_PLACEMENT_3D ( 'NONE', #3769, #2054, #3800 ) ;
#2088 = DIRECTION ( 'NONE',  ( 0.0000000000000000000, 1.000000000000000000, 9.035018104045870941E-16 ) ) ;
#2089 = ORIENTED_EDGE ( 'NONE', *, *, #1221, .T. ) ;
#2090 = SURFACE_SIDE_STYLE ('',( #2062 ) ) ;
#2091 = VECTOR ( 'NONE', #3614, 1000.000000000000000 ) ;
#2092 =( GEOMETRIC_REPRESENTATION_CONTEXT ( 3 ) GLOBAL_UNCERTAINTY_ASSIGNED_CONTEXT ( ( #5291 ) ) GLOBAL_UNIT_ASSIGNED_CONTEXT ( ( #5094, #1156, #1531 ) ) REPRESENTATION_CONTEXT ( 'NONE', 'WORKASPACE' ) );
#2093 = PRODUCT_DEFINITION_CONTEXT ( 'detailed design', #1428, 'design' ) ;
#2094 = LINE ( 'NONE', #3838, #4403 ) ;
#2095 = VECTOR ( 'NONE', #1976, 1000.000000000000000 ) ;
#2096 = EDGE_CURVE ( 'NONE', #311, #4284, #4504, .T. ) ;
#2097 = EDGE_CURVE ( 'NONE', #1138, #4359, #3589, .T. ) ;
#2098 = ORIENTED_EDGE ( 'NONE', *, *, #3002, .F. ) ;
#2099 = SURFACE_STYLE_FILL_AREA ( #5204 ) ;
#2100 = UNCERTAINTY_MEASURE_WITH_UNIT (LENGTH_MEASURE( 1.000000000000000082E-05 ), #3890, 'distance_accuracy_value', 'NONE');
#2101 = DIRECTION ( 'NONE',  ( -0.0000000000000000000, 0.0000000000000000000, 1.000000000000000000 ) ) ;
#2102 = LINE ( 'NONE', #1624, #4500 ) ;
#2103 = FILL_AREA_STYLE ('',( #5243 ) ) ;
#2104 = PRESENTATION_LAYER_ASSIGNMENT (  '', '', ( #880 ) ) ;
#2105 = LINE ( 'NONE', #3847, #3824 ) ;
#2106 = DIRECTION ( 'NONE',  ( 1.000000000000000000, -0.0000000000000000000, 7.477256361968999191E-16 ) ) ;
#2107 = SURFACE_STYLE_USAGE ( .BOTH. , #2543 ) ;
#2108 = LINE ( 'NONE', #5214, #3476 ) ;
#2109 = ORIENTED_EDGE ( 'NONE', *, *, #1535, .F. ) ;
#2110 = ORIENTED_EDGE ( 'NONE', *, *, #1080, .T. ) ;
#2111 = SURFACE_STYLE_USAGE ( .BOTH. , #1575 ) ;
#2112 = ORIENTED_EDGE ( 'NONE', *, *, #4405, .T. ) ;
#2113 =( NAMED_UNIT ( * ) PLANE_ANGLE_UNIT ( ) SI_UNIT ( $, .RADIAN. ) );
#2114 = AXIS2_PLACEMENT_3D ( 'NONE', #3270, #2429, #239 ) ;
#2115 =( GEOMETRIC_REPRESENTATION_CONTEXT ( 3 ) GLOBAL_UNCERTAINTY_ASSIGNED_CONTEXT ( ( #4944 ) ) GLOBAL_UNIT_ASSIGNED_CONTEXT ( ( #5361, #2859, #215 ) ) REPRESENTATION_CONTEXT ( 'NONE', 'WORKASPACE' ) );
#2116 =( LENGTH_UNIT ( ) NAMED_UNIT ( * ) SI_UNIT ( .MILLI., .METRE. ) );
#2117 = DIRECTION ( 'NONE',  ( -1.000000000000000000, 0.0000000000000000000, -0.0000000000000000000 ) ) ;
#2118 = ORIENTED_EDGE ( 'NONE', *, *, #4955, .F. ) ;
#2119 = CARTESIAN_POINT ( 'NONE',  ( 0.5000000000000000000, 0.2000000000000000111, 0.7500000000000001110 ) ) ;
#2120 = PRESENTATION_LAYER_ASSIGNMENT (  '', '', ( #4579 ) ) ;
#2121 = FACE_OUTER_BOUND ( 'NONE', #4826, .T. ) ;
#2122 = AXIS2_PLACEMENT_3D ( 'NONE', #3209, #950, #2822 ) ;
#2123 = VECTOR ( 'NONE', #764, 1000.000000000000000 ) ;
#2124 = VERTEX_POINT ( 'NONE', #560 ) ;
#2125 = VECTOR ( 'NONE', #715, 1000.000000000000000 ) ;
#2126 = PRESENTATION_LAYER_ASSIGNMENT (  '', '', ( #1654 ) ) ;
#2127 = FILL_AREA_STYLE_COLOUR ( '', #1295 ) ;
#2128 =( NAMED_UNIT ( * ) SI_UNIT ( $, .STERADIAN. ) SOLID_ANGLE_UNIT ( ) );
#2129 = ADVANCED_FACE ( 'NONE', ( #4077 ), #123, .F. ) ;
#2130 = FILL_AREA_STYLE_COLOUR ( '', #356 ) ;
#2131 = VECTOR ( 'NONE', #3618, 1000.000000000000000 ) ;
#2132 = COLOUR_RGB ( '',0.4313725490196078649, 0.4509803921568627527, 0.4313725490196078649 ) ;
#2133 = DIRECTION ( 'NONE',  ( 0.0000000000000000000, -0.0000000000000000000, 1.000000000000000000 ) ) ;
#2134 = CARTESIAN_POINT ( 'NONE',  ( 0.5000000000000000000, 0.2000000000000000111, 0.7500000000000001110 ) ) ;
#2135 = CARTESIAN_POINT ( 'NONE',  ( -0.8000000000000000444, 0.1333333333333333592, -0.7499999999999997780 ) ) ;
#2136 = EDGE_CURVE ( 'NONE', #5165, #4679, #2946, .T. ) ;
#2137 = FACE_OUTER_BOUND ( 'NONE', #1405, .T. ) ;
#2138 = ORIENTED_EDGE ( 'NONE', *, *, #642, .T. ) ;
#2139 = DIRECTION ( 'NONE',  ( 0.5773502691896257311, 0.5773502691896382766, -0.5773502691896132966 ) ) ;
#2140 = ORIENTED_EDGE ( 'NONE', *, *, #393, .T. ) ;
#2141 = LINE ( 'NONE', #781, #4102 ) ;
#2142 = LINE ( 'NONE', #2642, #3158 ) ;
#2143 = MECHANICAL_DESIGN_GEOMETRIC_PRESENTATION_REPRESENTATION (  '', ( #2518 ), #2422 ) ;
#2144 = LINE ( 'NONE', #1727, #3353 ) ;
#2145 = CARTESIAN_POINT ( 'NONE',  ( -1.004000000000000226, 0.1399999999999999856, -0.8199999999999999512 ) ) ;
#2146 = FILL_AREA_STYLE_COLOUR ( '', #2685 ) ;
#2147 = ORIENTED_EDGE ( 'NONE', *, *, #2479, .F. ) ;
#2148 = VECTOR ( 'NONE', #5485, 1000.000000000000000 ) ;
#2149 = LINE ( 'NONE', #5599, #2770 ) ;
#2150 = CLOSED_SHELL ( 'NONE', ( #3160, #5471, #3601, #791, #235, #1046, #32, #2336, #708, #1585 ) ) ;
#2151 = FILL_AREA_STYLE_COLOUR ( '', #1042 ) ;
#2152 = UNCERTAINTY_MEASURE_WITH_UNIT (LENGTH_MEASURE( 1.000000000000000082E-05 ), #696, 'distance_accuracy_value', 'NONE');
#2153 = LINE ( 'NONE', #1702, #5285 ) ;
#2154 = CARTESIAN_POINT ( 'NONE',  ( -0.5749999999999997335, 0.2000000000000000111, 0.7500000000000002220 ) ) ;
#2155 = VECTOR ( 'NONE', #3152, 1000.000000000000000 ) ;
#2156 = VERTEX_POINT ( 'NONE', #1117 ) ;
#2157 = CARTESIAN_POINT ( 'NONE',  ( 1.004000000000000226, 0.07999999999999993228, 0.8200000000000000622 ) ) ;
#2158 = UNCERTAINTY_MEASURE_WITH_UNIT (LENGTH_MEASURE( 1.000000000000000082E-05 ), #5424, 'distance_accuracy_value', 'NONE');
#2159 = FILL_AREA_STYLE_COLOUR ( '', #2939 ) ;
#2160 = DIRECTION ( 'NONE',  ( 1.000000000000000000, 0.0000000000000000000, 0.0000000000000000000 ) ) ;
#2161 = EDGE_LOOP ( 'NONE', ( #2112, #3115, #2694, #464 ) ) ;
#2162 = ADVANCED_FACE ( 'NONE', ( #2121 ), #2536, .F. ) ;
#2163 = FACE_OUTER_BOUND ( 'NONE', #2161, .T. ) ;
#2164 = FILL_AREA_STYLE_COLOUR ( '', #3563 ) ;
#2165 = DIRECTION ( 'NONE',  ( 0.0000000000000000000, -0.0000000000000000000, 1.000000000000000000 ) ) ;
#2166 = FILL_AREA_STYLE_COLOUR ( '', #1939 ) ;
#2167 = EDGE_CURVE ( 'NONE', #1149, #1848, #286, .T. ) ;
#2168 = EDGE_CURVE ( 'NONE', #4067, #5589, #1587, .T. ) ;
#2169 = EDGE_LOOP ( 'NONE', ( #1973, #4324, #19, #513 ) ) ;
#2170 =( LENGTH_UNIT ( ) NAMED_UNIT ( * ) SI_UNIT ( .MILLI., .METRE. ) );
#2171 = ORIENTED_EDGE ( 'NONE', *, *, #5402, .F. ) ;
#2172 = FILL_AREA_STYLE_COLOUR ( '', #4464 ) ;
#2173 = CARTESIAN_POINT ( 'NONE',  ( -0.8000000000000000444, 0.0000000000000000000, -0.7499999999999997780 ) ) ;
#2174 = EDGE_CURVE ( 'NONE', #5209, #49, #2558, .T. ) ;
#2175 = FILL_AREA_STYLE_COLOUR ( '', #176 ) ;
#2176 = ORIENTED_EDGE ( 'NONE', *, *, #3694, .F. ) ;
#2177 = CARTESIAN_POINT ( 'NONE',  ( 0.1500000000000000500, 0.2000000000000000111, -0.7499999999999998890 ) ) ;
#2178 = SURFACE_STYLE_FILL_AREA ( #5232 ) ;
#2179 = COLOUR_RGB ( '',0.1098039215686274495, 0.1098039215686274495, 0.1098039215686274495 ) ;
#2180 =( NAMED_UNIT ( * ) PLANE_ANGLE_UNIT ( ) SI_UNIT ( $, .RADIAN. ) );
#2181 = DIRECTION ( 'NONE',  ( 1.000000000000000000, 0.0000000000000000000, -0.0000000000000000000 ) ) ;
#2182 = STYLED_ITEM ( 'NONE', ( #2032 ), #2162 ) ;
#2183 = VECTOR ( 'NONE', #2641, 1000.000000000000000 ) ;
#2184 = ORIENTED_EDGE ( 'NONE', *, *, #1264, .F. ) ;
#2185 = FILL_AREA_STYLE ('',( #323 ) ) ;
#2186 = DIRECTION ( 'NONE',  ( 0.0000000000000000000, 0.0000000000000000000, -1.000000000000000000 ) ) ;
#2187 = ORIENTED_EDGE ( 'NONE', *, *, #5649, .T. ) ;
#2188 = PRESENTATION_LAYER_ASSIGNMENT (  '', '', ( #433 ) ) ;
#2189 =( NAMED_UNIT ( * ) PLANE_ANGLE_UNIT ( ) SI_UNIT ( $, .RADIAN. ) );
#2190 = SURFACE_STYLE_FILL_AREA ( #3037 ) ;
#2191 = PLANE ( 'NONE',  #2608 ) ;
#2192 = DIRECTION ( 'NONE',  ( 0.0000000000000000000, 0.0000000000000000000, -1.000000000000000000 ) ) ;
#2193 = CARTESIAN_POINT ( 'NONE',  ( -0.4999999999999997780, 0.2000000000000000111, 0.7500000000000002220 ) ) ;
#2194 = COLOUR_RGB ( '',0.4313725490196078649, 0.4509803921568627527, 0.4313725490196078649 ) ;
#2195 = SURFACE_SIDE_STYLE ('',( #1281 ) ) ;
#2196 = ORIENTED_EDGE ( 'NONE', *, *, #3090, .F. ) ;
#2197 = CARTESIAN_POINT ( 'NONE',  ( -0.9800000000000004263, 0.04000000000000000083, -1.000000000000000222 ) ) ;
#2198 = SURFACE_STYLE_FILL_AREA ( #1313 ) ;
#2199 = ORIENTED_EDGE ( 'NONE', *, *, #349, .T. ) ;
#2200 = DIRECTION ( 'NONE',  ( 1.000000000000000000, 0.0000000000000000000, 0.0000000000000000000 ) ) ;
#2201 = EDGE_CURVE ( 'NONE', #731, #3701, #3742, .T. ) ;
#2202 = EDGE_CURVE ( 'NONE', #518, #72, #3372, .T. ) ;
#2203 = CARTESIAN_POINT ( 'NONE',  ( 1.004000000000000226, 0.0000000000000000000, 0.0000000000000000000 ) ) ;
#2204 = VERTEX_POINT ( 'NONE', #2504 ) ;
#2205 = FACE_OUTER_BOUND ( 'NONE', #3078, .T. ) ;
#2206 = FACE_OUTER_BOUND ( 'NONE', #5283, .T. ) ;
#2207 = DIRECTION ( 'NONE',  ( 0.0000000000000000000, 0.0000000000000000000, 1.000000000000000000 ) ) ;
#2208 = VECTOR ( 'NONE', #4532, 1000.000000000000000 ) ;
#2209 = ADVANCED_FACE ( 'NONE', ( #3315 ), #5052, .T. ) ;
#2210 = CARTESIAN_POINT ( 'NONE',  ( -0.4999999999999997780, 0.2000000000000000111, -1.039999999999999591 ) ) ;
#2211 = DIRECTION ( 'NONE',  ( 0.0000000000000000000, 0.0000000000000000000, 1.000000000000000000 ) ) ;
#2212 = VERTEX_POINT ( 'NONE', #1796 ) ;
#2213 = LINE ( 'NONE', #3079, #5581 ) ;
#2214 = UNCERTAINTY_MEASURE_WITH_UNIT (LENGTH_MEASURE( 1.000000000000000082E-05 ), #2288, 'distance_accuracy_value', 'NONE');
#2215 = MECHANICAL_DESIGN_GEOMETRIC_PRESENTATION_REPRESENTATION (  '', ( #4218 ), #4396 ) ;
#2216 = STYLED_ITEM ( 'NONE', ( #1675 ), #4126 ) ;
#2217 = SURFACE_SIDE_STYLE ('',( #2758 ) ) ;
#2218 = PLANE ( 'NONE',  #359 ) ;
#2219 = PLANE ( 'NONE',  #1839 ) ;
#2220 = ORIENTED_EDGE ( 'NONE', *, *, #3919, .T. ) ;
#2221 = MECHANICAL_DESIGN_GEOMETRIC_PRESENTATION_REPRESENTATION (  '', ( #1747 ), #5399 ) ;
#2222 = MECHANICAL_DESIGN_GEOMETRIC_PRESENTATION_REPRESENTATION (  '', ( #3954 ), #5586 ) ;
#2223 =( NAMED_UNIT ( * ) SI_UNIT ( $, .STERADIAN. ) SOLID_ANGLE_UNIT ( ) );
#2224 = DIRECTION ( 'NONE',  ( 0.0000000000000000000, 0.0000000000000000000, -1.000000000000000000 ) ) ;
#2225 = LINE ( 'NONE', #507, #3842 ) ;
#2226 = CARTESIAN_POINT ( 'NONE',  ( 0.5749999999999999556, 0.1333333333333334425, 0.7500000000000002220 ) ) ;
#2227 = FILL_AREA_STYLE_COLOUR ( '', #640 ) ;
#2228 = ORIENTED_EDGE ( 'NONE', *, *, #4912, .F. ) ;
#2229 = PLANE ( 'NONE',  #3684 ) ;
#2230 = CARTESIAN_POINT ( 'NONE',  ( 0.9800000000000002043, 0.04000000000000000083, 0.9999999999999997780 ) ) ;
#2231 = ORIENTED_EDGE ( 'NONE', *, *, #1369, .F. ) ;
#2232 = DIRECTION ( 'NONE',  ( 0.0000000000000000000, -2.464095846557964399E-16, 1.000000000000000000 ) ) ;
#2233 = SURFACE_SIDE_STYLE ('',( #5646 ) ) ;
#2234 =( GEOMETRIC_REPRESENTATION_CONTEXT ( 3 ) GLOBAL_UNCERTAINTY_ASSIGNED_CONTEXT ( ( #1143 ) ) GLOBAL_UNIT_ASSIGNED_CONTEXT ( ( #4364, #961, #435 ) ) REPRESENTATION_CONTEXT ( 'NONE', 'WORKASPACE' ) );
#2235 =( GEOMETRIC_REPRESENTATION_CONTEXT ( 3 ) GLOBAL_UNCERTAINTY_ASSIGNED_CONTEXT ( ( #122 ) ) GLOBAL_UNIT_ASSIGNED_CONTEXT ( ( #1688, #1243, #3849 ) ) REPRESENTATION_CONTEXT ( 'NONE', 'WORKASPACE' ) );
#2236 = LINE ( 'NONE', #1793, #1563 ) ;
#2237 = SURFACE_STYLE_USAGE ( .BOTH. , #2671 ) ;
#2238 = ORIENTED_EDGE ( 'NONE', *, *, #1691, .T. ) ;
#2239 = STYLED_ITEM ( 'NONE', ( #2330 ), #1199 ) ;
#2240 = EDGE_CURVE ( 'NONE', #731, #1686, #3896, .T. ) ;
#2241 =( NAMED_UNIT ( * ) SI_UNIT ( $, .STERADIAN. ) SOLID_ANGLE_UNIT ( ) );
#2242 = AXIS2_PLACEMENT_3D ( 'NONE', #5118, #1211, #4743 ) ;
#2243 = SURFACE_SIDE_STYLE ('',( #2316 ) ) ;
#2244 = VERTEX_POINT ( 'NONE', #2621 ) ;
#2245 = ADVANCED_FACE ( 'NONE', ( #3431 ), #909, .F. ) ;
#2246 = LINE ( 'NONE', #59, #3110 ) ;
#2247 = DIRECTION ( 'NONE',  ( 0.0000000000000000000, 0.0000000000000000000, -1.000000000000000000 ) ) ;
#2248 = MECHANICAL_DESIGN_GEOMETRIC_PRESENTATION_REPRESENTATION (  '', ( #16 ), #5608 ) ;
#2249 = SURFACE_STYLE_USAGE ( .BOTH. , #3613 ) ;
#2250 = EDGE_LOOP ( 'NONE', ( #3331, #3520, #3811, #2284, #2609, #3107, #5678, #159 ) ) ;
#2251 = DIRECTION ( 'NONE',  ( -0.7071067811865436870, -0.0000000000000000000, 0.7071067811865513475 ) ) ;
#2252 = PRESENTATION_STYLE_ASSIGNMENT (( #5297 ) ) ;
#2253 = SURFACE_SIDE_STYLE ('',( #1783 ) ) ;
#2254 = DIRECTION ( 'NONE',  ( -1.000000000000000000, 0.0000000000000000000, 0.0000000000000000000 ) ) ;
#2255 = VERTEX_POINT ( 'NONE', #2588 ) ;
#2256 = ORIENTED_EDGE ( 'NONE', *, *, #5246, .T. ) ;
#2257 = CARTESIAN_POINT ( 'NONE',  ( -0.8249999999999999556, 0.2000000000000000111, 0.3325000000000005729 ) ) ;
#2258 = LINE ( 'NONE', #75, #5338 ) ;
#2259 =( NAMED_UNIT ( * ) SI_UNIT ( $, .STERADIAN. ) SOLID_ANGLE_UNIT ( ) );
#2260 =( NAMED_UNIT ( * ) PLANE_ANGLE_UNIT ( ) SI_UNIT ( $, .RADIAN. ) );
#2261 = ORIENTED_EDGE ( 'NONE', *, *, #3379, .F. ) ;
#2262 = SURFACE_SIDE_STYLE ('',( #3132 ) ) ;
#2263 = DIRECTION ( 'NONE',  ( 0.0000000000000000000, 1.000000000000000000, 0.0000000000000000000 ) ) ;
#2264 = ORIENTED_EDGE ( 'NONE', *, *, #727, .T. ) ;
#2265 = SURFACE_STYLE_USAGE ( .BOTH. , #2243 ) ;
#2266 = PRESENTATION_STYLE_ASSIGNMENT (( #4436 ) ) ;
#2267 = EDGE_LOOP ( 'NONE', ( #2601, #1991, #161, #4484 ) ) ;
#2268 = VECTOR ( 'NONE', #4680, 1000.000000000000000 ) ;
#2269 = UNCERTAINTY_MEASURE_WITH_UNIT (LENGTH_MEASURE( 1.000000000000000082E-05 ), #2965, 'distance_accuracy_value', 'NONE');
#2270 = CARTESIAN_POINT ( 'NONE',  ( -0.7499999999999997780, 0.6500000000000000222, 0.6333333333333325266 ) ) ;
#2271 = EDGE_CURVE ( 'NONE', #480, #4844, #5654, .T. ) ;
#2272 = EDGE_CURVE ( 'NONE', #3034, #1208, #3366, .T. ) ;
#2273 = VECTOR ( 'NONE', #936, 1000.000000000000000 ) ;
#2274 = UNCERTAINTY_MEASURE_WITH_UNIT (LENGTH_MEASURE( 1.000000000000000082E-05 ), #555, 'distance_accuracy_value', 'NONE');
#2275 = CARTESIAN_POINT ( 'NONE',  ( -0.9799999999999997602, 0.6500000000000000222, 0.9999999999999997780 ) ) ;
#2276 = FACE_OUTER_BOUND ( 'NONE', #5333, .T. ) ;
#2277 = VECTOR ( 'NONE', #2654, 1000.000000000000000 ) ;
#2278 =( GEOMETRIC_REPRESENTATION_CONTEXT ( 3 ) GLOBAL_UNCERTAINTY_ASSIGNED_CONTEXT ( ( #5242 ) ) GLOBAL_UNIT_ASSIGNED_CONTEXT ( ( #1365, #3119, #3086 ) ) REPRESENTATION_CONTEXT ( 'NONE', 'WORKASPACE' ) );
#2279 = FILL_AREA_STYLE ('',( #4896 ) ) ;
#2280 = DIRECTION ( 'NONE',  ( 0.0000000000000000000, 0.0000000000000000000, -1.000000000000000000 ) ) ;
#2281 = PRESENTATION_STYLE_ASSIGNMENT (( #5299 ) ) ;
#2282 = ADVANCED_FACE ( 'NONE', ( #2206 ), #4798, .F. ) ;
#2283 = FACE_OUTER_BOUND ( 'NONE', #869, .T. ) ;
#2284 = ORIENTED_EDGE ( 'NONE', *, *, #1805, .T. ) ;
#2285 = FILL_AREA_STYLE ('',( #512 ) ) ;
#2286 = ORIENTED_EDGE ( 'NONE', *, *, #3845, .F. ) ;
#2287 = DIRECTION ( 'NONE',  ( -0.0000000000000000000, -0.0000000000000000000, -1.000000000000000000 ) ) ;
#2288 =( LENGTH_UNIT ( ) NAMED_UNIT ( * ) SI_UNIT ( .MILLI., .METRE. ) );
#2289 = FILL_AREA_STYLE_COLOUR ( '', #4152 ) ;
#2290 = FACE_OUTER_BOUND ( 'NONE', #1382, .T. ) ;
#2291 = ORIENTED_EDGE ( 'NONE', *, *, #4702, .T. ) ;
#2292 =( LENGTH_UNIT ( ) NAMED_UNIT ( * ) SI_UNIT ( .MILLI., .METRE. ) );
#2293 = FACE_OUTER_BOUND ( 'NONE', #4086, .T. ) ;
#2294 = SURFACE_STYLE_FILL_AREA ( #3607 ) ;
#2295 = CARTESIAN_POINT ( 'NONE',  ( -0.5749999999999997335, 0.2000000000000000111, -1.040000000000000036 ) ) ;
#2296 = SURFACE_SIDE_STYLE ('',( #1833 ) ) ;
#2297 = ORIENTED_EDGE ( 'NONE', *, *, #1847, .T. ) ;
#2298 =( LENGTH_UNIT ( ) NAMED_UNIT ( * ) SI_UNIT ( .MILLI., .METRE. ) );
#2299 = FILL_AREA_STYLE_COLOUR ( '', #5027 ) ;
#2300 = PRESENTATION_LAYER_ASSIGNMENT (  '', '', ( #4749 ) ) ;
#2301 =( NAMED_UNIT ( * ) SI_UNIT ( $, .STERADIAN. ) SOLID_ANGLE_UNIT ( ) );
#2302 = EDGE_CURVE ( 'NONE', #3277, #850, #1486, .T. ) ;
#2303 = PRESENTATION_STYLE_ASSIGNMENT (( #2744 ) ) ;
#2304 = ORIENTED_EDGE ( 'NONE', *, *, #3879, .T. ) ;
#2305 = EDGE_CURVE ( 'NONE', #1283, #5422, #4970, .T. ) ;
#2306 = VERTEX_POINT ( 'NONE', #2811 ) ;
#2307 = LINE ( 'NONE', #3676, #1021 ) ;
#2308 = VECTOR ( 'NONE', #5394, 1000.000000000000000 ) ;
#2309 = VERTEX_POINT ( 'NONE', #2340 ) ;
#2310 = DIRECTION ( 'NONE',  ( -1.000000000000000000, 0.0000000000000000000, 0.0000000000000000000 ) ) ;
#2311 =( NAMED_UNIT ( * ) PLANE_ANGLE_UNIT ( ) SI_UNIT ( $, .RADIAN. ) );
#2312 = VERTEX_POINT ( 'NONE', #5364 ) ;
#2313 = SURFACE_STYLE_USAGE ( .BOTH. , #1964 ) ;
#2314 = SURFACE_STYLE_FILL_AREA ( #4070 ) ;
#2315 = AXIS2_PLACEMENT_3D ( 'NONE', #4168, #4193, #2013 ) ;
#2316 = SURFACE_STYLE_FILL_AREA ( #3074 ) ;
#2317 =( LENGTH_UNIT ( ) NAMED_UNIT ( * ) SI_UNIT ( .MILLI., .METRE. ) );
#2318 = ORIENTED_EDGE ( 'NONE', *, *, #241, .F. ) ;
#2319 = VECTOR ( 'NONE', #590, 1000.000000000000000 ) ;
#2320 =( NAMED_UNIT ( * ) SI_UNIT ( $, .STERADIAN. ) SOLID_ANGLE_UNIT ( ) );
#2321 = UNCERTAINTY_MEASURE_WITH_UNIT (LENGTH_MEASURE( 1.000000000000000082E-05 ), #1112, 'distance_accuracy_value', 'NONE');
#2322 = SURFACE_STYLE_FILL_AREA ( #3536 ) ;
#2323 = SURFACE_STYLE_FILL_AREA ( #3173 ) ;
#2324 = CLOSED_SHELL ( 'NONE', ( #4160, #5162, #3459, #4962, #1742, #3628, #1547, #4741, #109, #3244, #2448, #505, #3342, #2591, #939, #4853, #3660, #3496, #5269, #4393, #5578, #280, #1334, #3137, #5650 ) ) ;
#2325 = DIRECTION ( 'NONE',  ( 0.7071067811865552333, -2.775557561562891967E-17, 0.7071067811865398012 ) ) ;
#2326 = CARTESIAN_POINT ( 'NONE',  ( -0.7249999999999997558, 0.2000000000000000111, -1.039999999999999591 ) ) ;
#2327 = SURFACE_STYLE_FILL_AREA ( #4509 ) ;
#2328 = MANIFOLD_SOLID_BREP ( 'Cut-Extrude1[4]', #1302 ) ;
#2329 = SURFACE_STYLE_USAGE ( .BOTH. , #4927 ) ;
#2330 = PRESENTATION_STYLE_ASSIGNMENT (( #3213 ) ) ;
#2331 = VERTEX_POINT ( 'NONE', #1433 ) ;
#2332 = FACE_OUTER_BOUND ( 'NONE', #3404, .T. ) ;
#2333 = EDGE_LOOP ( 'NONE', ( #2755, #1912, #4859, #1828 ) ) ;
#2334 =( LENGTH_UNIT ( ) NAMED_UNIT ( * ) SI_UNIT ( .MILLI., .METRE. ) );
#2335 = CARTESIAN_POINT ( 'NONE',  ( -1.004000000000000226, 0.0000000000000000000, 0.0000000000000000000 ) ) ;
#2336 = ADVANCED_FACE ( 'NONE', ( #2293 ), #4491, .F. ) ;
#2337 = EDGE_CURVE ( 'NONE', #4156, #1218, #4569, .T. ) ;
#2338 = DIRECTION ( 'NONE',  ( -0.0000000000000000000, -1.000000000000000000, -0.0000000000000000000 ) ) ;
#2339 = ORIENTED_EDGE ( 'NONE', *, *, #5375, .T. ) ;
#2340 = CARTESIAN_POINT ( 'NONE',  ( -0.07499999999999996947, 0.2000000000000000111, 0.7500000000000001110 ) ) ;
#2341 = DIRECTION ( 'NONE',  ( 1.016439536705160160E-16, -1.000000000000000000, 0.0000000000000000000 ) ) ;
#2342 = ADVANCED_FACE ( 'NONE', ( #3576 ), #5318, .F. ) ;
#2343 = LINE ( 'NONE', #4972, #3871 ) ;
#2344 = ORIENTED_EDGE ( 'NONE', *, *, #1047, .T. ) ;
#2345 = FACE_BOUND ( 'NONE', #3153, .T. ) ;
#2346 = SURFACE_SIDE_STYLE ('',( #1971 ) ) ;
#2347 =( GEOMETRIC_REPRESENTATION_CONTEXT ( 3 ) GLOBAL_UNCERTAINTY_ASSIGNED_CONTEXT ( ( #2678 ) ) GLOBAL_UNIT_ASSIGNED_CONTEXT ( ( #371, #3441, #1219 ) ) REPRESENTATION_CONTEXT ( 'NONE', 'WORKASPACE' ) );
#2348 = VERTEX_POINT ( 'NONE', #3333 ) ;
#2349 = CARTESIAN_POINT ( 'NONE',  ( 0.1549999999999998601, 0.2000000000000000111, -0.5000000000000002220 ) ) ;
#2350 = DIRECTION ( 'NONE',  ( 0.0000000000000000000, -1.000000000000000000, 0.0000000000000000000 ) ) ;
#2351 = CARTESIAN_POINT ( 'NONE',  ( -0.9800000000000004263, 0.6300000000000003375, -1.000000000000000222 ) ) ;
#2352 = CARTESIAN_POINT ( 'NONE',  ( 1.004000000000000226, 0.1400000000000000133, -0.4400000000000000577 ) ) ;
#2353 = LINE ( 'NONE', #1529, #1843 ) ;
#2355 =( NAMED_UNIT ( * ) PLANE_ANGLE_UNIT ( ) SI_UNIT ( $, .RADIAN. ) );
#2354 = COLOUR_RGB ( '',0.4313725490196078649, 0.4509803921568627527, 0.4313725490196078649 ) ;
#2356 = PRESENTATION_LAYER_ASSIGNMENT (  '', '', ( #4634 ) ) ;
#2357 = CARTESIAN_POINT ( 'NONE',  ( -0.8000000000000000444, 0.2000000000000000111, -0.7499999999999997780 ) ) ;
#2358 = MECHANICAL_DESIGN_GEOMETRIC_PRESENTATION_REPRESENTATION (  '', ( #2826 ), #1898 ) ;
#2359 =( GEOMETRIC_REPRESENTATION_CONTEXT ( 3 ) GLOBAL_UNCERTAINTY_ASSIGNED_CONTEXT ( ( #526 ) ) GLOBAL_UNIT_ASSIGNED_CONTEXT ( ( #1501, #5009, #4587 ) ) REPRESENTATION_CONTEXT ( 'NONE', 'WORKASPACE' ) );
#2360 = CARTESIAN_POINT ( 'NONE',  ( -0.5749999999999997335, 0.2666666666666666630, -1.040000000000000036 ) ) ;
#2361 = DIRECTION ( 'NONE',  ( 1.000000000000000000, 0.0000000000000000000, 0.0000000000000000000 ) ) ;
#2362 = SURFACE_SIDE_STYLE ('',( #1102 ) ) ;
#2363 = FILL_AREA_STYLE_COLOUR ( '', #3517 ) ;
#2364 = AXIS2_PLACEMENT_3D ( 'NONE', #236, #2106, #5127 ) ;
#2365 = VERTEX_POINT ( 'NONE', #5478 ) ;
#2366 = DIRECTION ( 'NONE',  ( 0.0000000000000000000, 0.0000000000000000000, 1.000000000000000000 ) ) ;
#2367 = EDGE_LOOP ( 'NONE', ( #411, #1645, #1464, #3841, #3092, #3304, #2401, #130 ) ) ;
#2368 = AXIS2_PLACEMENT_3D ( 'NONE', #5343, #4071, #2707 ) ;
#2369 = EDGE_CURVE ( 'NONE', #1052, #2725, #5104, .T. ) ;
#2370 = LINE ( 'NONE', #580, #1434 ) ;
#2371 = EDGE_CURVE ( 'NONE', #2156, #1218, #1995, .T. ) ;
#2372 = SURFACE_STYLE_FILL_AREA ( #1462 ) ;
#2373 = MECHANICAL_DESIGN_GEOMETRIC_PRESENTATION_REPRESENTATION (  '', ( #4834 ), #5007 ) ;
#2374 = CARTESIAN_POINT ( 'NONE',  ( 0.07499999999999998335, 0.2666666666666667740, 1.040000000000000036 ) ) ;
#2375 = ORIENTED_EDGE ( 'NONE', *, *, #1980, .T. ) ;
#2376 = FILL_AREA_STYLE ('',( #1327 ) ) ;
#2377 = UNCERTAINTY_MEASURE_WITH_UNIT (LENGTH_MEASURE( 1.000000000000000082E-05 ), #587, 'distance_accuracy_value', 'NONE');
#2378 = EDGE_CURVE ( 'NONE', #5023, #4212, #1078, .T. ) ;
#2379 = VECTOR ( 'NONE', #4329, 1000.000000000000000 ) ;
#2380 = FACE_OUTER_BOUND ( 'NONE', #4882, .T. ) ;
#2381 = SURFACE_SIDE_STYLE ('',( #3233 ) ) ;
#2382 = VERTEX_POINT ( 'NONE', #1196 ) ;
#2383 = UNCERTAINTY_MEASURE_WITH_UNIT (LENGTH_MEASURE( 1.000000000000000082E-05 ), #3053, 'distance_accuracy_value', 'NONE');
#2384 =( LENGTH_UNIT ( ) NAMED_UNIT ( * ) SI_UNIT ( .MILLI., .METRE. ) );
#2385 = CARTESIAN_POINT ( 'NONE',  ( -0.7249999999999997558, 0.1333333333333333592, 1.040000000000000036 ) ) ;
#2386 = LINE ( 'NONE', #1954, #2760 ) ;
#2387 = VECTOR ( 'NONE', #4556, 1000.000000000000000 ) ;
#2388 = SURFACE_STYLE_USAGE ( .BOTH. , #4981 ) ;
#2389 =( GEOMETRIC_REPRESENTATION_CONTEXT ( 3 ) GLOBAL_UNCERTAINTY_ASSIGNED_CONTEXT ( ( #3463 ) ) GLOBAL_UNIT_ASSIGNED_CONTEXT ( ( #2717, #503, #62 ) ) REPRESENTATION_CONTEXT ( 'NONE', 'WORKASPACE' ) );
#2390 = FILL_AREA_STYLE_COLOUR ( '', #817 ) ;
#2391 = LINE ( 'NONE', #2830, #5470 ) ;
#2392 = VECTOR ( 'NONE', #4978, 1000.000000000000000 ) ;
#2393 = PRESENTATION_LAYER_ASSIGNMENT (  '', '', ( #5673 ) ) ;
#2394 = CARTESIAN_POINT ( 'NONE',  ( -0.1499999999999999389, 0.2000000000000000111, -1.040000000000000036 ) ) ;
#2395 = MECHANICAL_DESIGN_GEOMETRIC_PRESENTATION_REPRESENTATION (  '', ( #453 ), #2028 ) ;
#2396 = PRESENTATION_LAYER_ASSIGNMENT (  '', '', ( #1266 ) ) ;
#2397 = VERTEX_POINT ( 'NONE', #2551 ) ;
#2398 = AXIS2_PLACEMENT_3D ( 'NONE', #685, #2944, #4283 ) ;
#2399 = FILL_AREA_STYLE ('',( #5360 ) ) ;
#2400 =( NAMED_UNIT ( * ) SI_UNIT ( $, .STERADIAN. ) SOLID_ANGLE_UNIT ( ) );
#2401 = ORIENTED_EDGE ( 'NONE', *, *, #5199, .F. ) ;
#2402 = CARTESIAN_POINT ( 'NONE',  ( -0.7249999999999997558, 0.2000000000000000111, 0.0000000000000000000 ) ) ;
#2403 = DIRECTION ( 'NONE',  ( 0.0000000000000000000, 1.000000000000000000, 0.0000000000000000000 ) ) ;
#2404 = DIRECTION ( 'NONE',  ( 0.0000000000000000000, 0.0000000000000000000, -1.000000000000000000 ) ) ;
#2405 =( GEOMETRIC_REPRESENTATION_CONTEXT ( 3 ) GLOBAL_UNCERTAINTY_ASSIGNED_CONTEXT ( ( #4709 ) ) GLOBAL_UNIT_ASSIGNED_CONTEXT ( ( #931, #1402, #4026 ) ) REPRESENTATION_CONTEXT ( 'NONE', 'WORKASPACE' ) );
#2406 = MECHANICAL_DESIGN_GEOMETRIC_PRESENTATION_REPRESENTATION (  '', ( #3401 ), #4949 ) ;
#2407 = SURFACE_STYLE_USAGE ( .BOTH. , #1517 ) ;
#2408 = EDGE_CURVE ( 'NONE', #1346, #1425, #5446, .T. ) ;
#2409 = CARTESIAN_POINT ( 'NONE',  ( 1.004000000000000226, 0.07999999999999996003, 0.3300000000000000155 ) ) ;
#2410 = ORIENTED_EDGE ( 'NONE', *, *, #2136, .T. ) ;
#2411 = MECHANICAL_DESIGN_GEOMETRIC_PRESENTATION_REPRESENTATION (  '', ( #1757 ), #4053 ) ;
#2412 = SURFACE_STYLE_FILL_AREA ( #2376 ) ;
#2413 = CARTESIAN_POINT ( 'NONE',  ( -0.4999999999999997780, 0.0000000000000000000, 0.7500000000000002220 ) ) ;
#2414 = VECTOR ( 'NONE', #1962, 1000.000000000000000 ) ;
#2415 = EDGE_CURVE ( 'NONE', #4628, #5347, #3391, .T. ) ;
#2416 = EDGE_CURVE ( 'NONE', #1774, #5049, #4257, .T. ) ;
#2417 = COLOUR_RGB ( '',0.1098039215686274495, 0.1098039215686274495, 0.1098039215686274495 ) ;
#2418 = ORIENTED_EDGE ( 'NONE', *, *, #540, .F. ) ;
#2419 =( GEOMETRIC_REPRESENTATION_CONTEXT ( 3 ) GLOBAL_UNCERTAINTY_ASSIGNED_CONTEXT ( ( #4263 ) ) GLOBAL_UNIT_ASSIGNED_CONTEXT ( ( #5437, #4899, #210 ) ) REPRESENTATION_CONTEXT ( 'NONE', 'WORKASPACE' ) );
#2420 = CARTESIAN_POINT ( 'NONE',  ( -0.4999999999999997780, 0.2000000000000000111, 0.7500000000000002220 ) ) ;
#2421 =( LENGTH_UNIT ( ) NAMED_UNIT ( * ) SI_UNIT ( .MILLI., .METRE. ) );
#2422 =( GEOMETRIC_REPRESENTATION_CONTEXT ( 3 ) GLOBAL_UNCERTAINTY_ASSIGNED_CONTEXT ( ( #2445 ) ) GLOBAL_UNIT_ASSIGNED_CONTEXT ( ( #2421, #1561, #3750 ) ) REPRESENTATION_CONTEXT ( 'NONE', 'WORKASPACE' ) );
#2423 = CARTESIAN_POINT ( 'NONE',  ( 0.5749999999999999556, 0.2000000000000000111, 0.0000000000000000000 ) ) ;
#2424 = VECTOR ( 'NONE', #1394, 1000.000000000000000 ) ;
#2425 = CARTESIAN_POINT ( 'NONE',  ( 0.0000000000000000000, 0.0000000000000000000, 0.0000000000000000000 ) ) ;
#2426 = SURFACE_STYLE_FILL_AREA ( #3245 ) ;
#2427 = PLANE ( 'NONE',  #2315 ) ;
#2428 = FILL_AREA_STYLE ('',( #1072 ) ) ;
#2429 = DIRECTION ( 'NONE',  ( 1.000000000000000000, 0.0000000000000000000, 0.0000000000000000000 ) ) ;
#2430 = AXIS2_PLACEMENT_3D ( 'NONE', #318, #1144, #2590 ) ;
#2431 = ORIENTED_EDGE ( 'NONE', *, *, #1369, .T. ) ;
#2432 = CARTESIAN_POINT ( 'NONE',  ( -0.5749999999999997335, 0.2000000000000000111, -0.5000000000000002220 ) ) ;
#2433 = ORIENTED_EDGE ( 'NONE', *, *, #4405, .F. ) ;
#2434 = SURFACE_STYLE_USAGE ( .BOTH. , #4969 ) ;
#2435 = FILL_AREA_STYLE ('',( #4654 ) ) ;
#2436 = FACE_OUTER_BOUND ( 'NONE', #4068, .T. ) ;
#2437 = CARTESIAN_POINT ( 'NONE',  ( -0.4999999999999997780, 0.2000000000000000111, 0.7500000000000002220 ) ) ;
#2438 = ORIENTED_EDGE ( 'NONE', *, *, #529, .F. ) ;
#2439 = DIRECTION ( 'NONE',  ( 0.0000000000000000000, 1.000000000000000000, 0.0000000000000000000 ) ) ;
#2440 = UNCERTAINTY_MEASURE_WITH_UNIT (LENGTH_MEASURE( 1.000000000000000082E-05 ), #953, 'distance_accuracy_value', 'NONE');
#2441 = CARTESIAN_POINT ( 'NONE',  ( -0.07499999999999996947, 0.2000000000000000111, 1.040000000000000036 ) ) ;
#2442 = CARTESIAN_POINT ( 'NONE',  ( 0.5749999999999999556, 0.1333333333333334425, 0.4999999999999997780 ) ) ;
#2443 = ORIENTED_EDGE ( 'NONE', *, *, #2271, .F. ) ;
#2444 =( NAMED_UNIT ( * ) SI_UNIT ( $, .STERADIAN. ) SOLID_ANGLE_UNIT ( ) );
#2445 = UNCERTAINTY_MEASURE_WITH_UNIT (LENGTH_MEASURE( 1.000000000000000082E-05 ), #2421, 'distance_accuracy_value', 'NONE');
#2446 = PLANE ( 'NONE',  #4830 ) ;
#2447 = DIRECTION ( 'NONE',  ( -0.0000000000000000000, -1.000000000000000000, -0.0000000000000000000 ) ) ;
#2448 = ADVANCED_FACE ( 'NONE', ( #278 ), #734, .T. ) ;
#2449 = SURFACE_STYLE_USAGE ( .BOTH. , #4665 ) ;
#2450 = EDGE_CURVE ( 'NONE', #242, #705, #2667, .T. ) ;
#2451 = COLOUR_RGB ( '',0.7529411764705882248, 0.7529411764705882248, 0.7529411764705882248 ) ;
#2452 = PRESENTATION_STYLE_ASSIGNMENT (( #2073 ) ) ;
#2453 = DIRECTION ( 'NONE',  ( -0.0000000000000000000, -1.000000000000000000, -0.0000000000000000000 ) ) ;
#2454 = EDGE_CURVE ( 'NONE', #2124, #397, #2142, .T. ) ;
#2455 =( NAMED_UNIT ( * ) SI_UNIT ( $, .STERADIAN. ) SOLID_ANGLE_UNIT ( ) );
#2456 = SURFACE_SIDE_STYLE ('',( #5555 ) ) ;
#2457 = ORIENTED_EDGE ( 'NONE', *, *, #2538, .F. ) ;
#2458 = PLANE ( 'NONE',  #4411 ) ;
#2459 = ORIENTED_EDGE ( 'NONE', *, *, #5012, .F. ) ;
#2460 =( NAMED_UNIT ( * ) PLANE_ANGLE_UNIT ( ) SI_UNIT ( $, .RADIAN. ) );
#2461 = MANIFOLD_SOLID_BREP ( 'Cut-Extrude1[3]', #2150 ) ;
#2462 = DIRECTION ( 'NONE',  ( -1.000000000000000000, 0.0000000000000000000, 0.0000000000000000000 ) ) ;
#2463 =( GEOMETRIC_REPRESENTATION_CONTEXT ( 3 ) GLOBAL_UNCERTAINTY_ASSIGNED_CONTEXT ( ( #3522 ) ) GLOBAL_UNIT_ASSIGNED_CONTEXT ( ( #1629, #2189, #3820 ) ) REPRESENTATION_CONTEXT ( 'NONE', 'WORKASPACE' ) );
#2464 = STYLED_ITEM ( 'NONE', ( #36 ), #3054 ) ;
#2465 = PLANE ( 'NONE',  #1420 ) ;
#2466 = CARTESIAN_POINT ( 'NONE',  ( 0.5000000000000000000, 0.2000000000000000111, 0.7500000000000001110 ) ) ;
#2467 = LINE ( 'NONE', #2995, #1279 ) ;
#2468 = EDGE_LOOP ( 'NONE', ( #5482, #1469, #4929, #5591 ) ) ;
#2469 = SURFACE_STYLE_USAGE ( .BOTH. , #4243 ) ;
#2470 = CARTESIAN_POINT ( 'NONE',  ( 0.07499999999999998335, 0.2000000000000000111, 0.7500000000000001110 ) ) ;
#2471 = MANIFOLD_SOLID_BREP ( 'Cut-Extrude1[1]', #1205 ) ;
#2472 = VERTEX_POINT ( 'NONE', #1251 ) ;
#2473 = LINE ( 'NONE', #5461, #2392 ) ;
#2474 = VECTOR ( 'NONE', #5129, 1000.000000000000000 ) ;
#2475 = CARTESIAN_POINT ( 'NONE',  ( 0.07499999999999998335, 0.2000000000000000111, -0.7499999999999998890 ) ) ;
#2476 = PRESENTATION_STYLE_ASSIGNMENT (( #4138 ) ) ;
#2477 = DIRECTION ( 'NONE',  ( 0.0000000000000000000, 0.0000000000000000000, -1.000000000000000000 ) ) ;
#2478 = SURFACE_STYLE_FILL_AREA ( #4167 ) ;
#2479 = EDGE_CURVE ( 'NONE', #2306, #2472, #4820, .T. ) ;
#2480 = DIRECTION ( 'NONE',  ( 0.0000000000000000000, 0.0000000000000000000, -1.000000000000000000 ) ) ;
#2481 = VECTOR ( 'NONE', #893, 1000.000000000000000 ) ;
#2482 = DIRECTION ( 'NONE',  ( -0.0000000000000000000, 1.000000000000000000, 0.0000000000000000000 ) ) ;
#2483 = DIRECTION ( 'NONE',  ( -1.000000000000000000, 0.0000000000000000000, 0.0000000000000000000 ) ) ;
#2484 = CARTESIAN_POINT ( 'NONE',  ( -0.7999999999999998224, 0.0000000000000000000, -1.039999999999999591 ) ) ;
#2485 = VECTOR ( 'NONE', #5662, 1000.000000000000000 ) ;
#2486 = EDGE_CURVE ( 'NONE', #274, #2985, #1220, .T. ) ;
#2487 = EDGE_LOOP ( 'NONE', ( #1949, #4973, #4799, #4990 ) ) ;
#2488 =( LENGTH_UNIT ( ) NAMED_UNIT ( * ) SI_UNIT ( .MILLI., .METRE. ) );
#2489 = SURFACE_SIDE_STYLE ('',( #706 ) ) ;
#2490 = VERTEX_POINT ( 'NONE', #3424 ) ;
#2491 = STYLED_ITEM ( 'NONE', ( #1592 ), #4474 ) ;
#2492 = DIRECTION ( 'NONE',  ( -1.000000000000000000, 0.0000000000000000000, -0.0000000000000000000 ) ) ;
#2493 = COLOUR_RGB ( '',0.4313725490196078649, 0.4509803921568627527, 0.4313725490196078649 ) ;
#2494 = MANIFOLD_SOLID_BREP ( 'Boss-Extrude3[3]', #5055 ) ;
#2495 = DIRECTION ( 'NONE',  ( 7.477256361968993274E-16, -0.0000000000000000000, -1.000000000000000000 ) ) ;
#2496 = CARTESIAN_POINT ( 'NONE',  ( 0.7249999999999999778, 0.2000000000000000111, 0.7500000000000001110 ) ) ;
#2497 = VECTOR ( 'NONE', #4211, 1000.000000000000000 ) ;
#2498 = PLANE ( 'NONE',  #2086 ) ;
#2499 = MECHANICAL_DESIGN_GEOMETRIC_PRESENTATION_REPRESENTATION (  '', ( #1266 ), #5489 ) ;
#2500 = DIRECTION ( 'NONE',  ( -1.016439536705160160E-16, 1.000000000000000000, 0.0000000000000000000 ) ) ;
#2501 = SURFACE_STYLE_FILL_AREA ( #5075 ) ;
#2502 = VERTEX_POINT ( 'NONE', #4461 ) ;
#2503 = FILL_AREA_STYLE_COLOUR ( '', #4302 ) ;
#2504 = CARTESIAN_POINT ( 'NONE',  ( -0.7499999999999997780, 0.6333333333333327486, 0.6499999999999996891 ) ) ;
#2505 = UNCERTAINTY_MEASURE_WITH_UNIT (LENGTH_MEASURE( 1.000000000000000082E-05 ), #3250, 'distance_accuracy_value', 'NONE');
#2506 = COLOUR_RGB ( '',0.4313725490196078649, 0.4509803921568627527, 0.4313725490196078649 ) ;
#2507 = MECHANICAL_DESIGN_GEOMETRIC_PRESENTATION_REPRESENTATION (  '', ( #3852 ), #1741 ) ;
#2508 = SURFACE_SIDE_STYLE ('',( #3340 ) ) ;
#2509 = DIRECTION ( 'NONE',  ( 3.738628180984499595E-16, -0.0000000000000000000, -1.000000000000000000 ) ) ;
#2510 = VECTOR ( 'NONE', #410, 1000.000000000000000 ) ;
#2511 = ORIENTED_EDGE ( 'NONE', *, *, #1191, .F. ) ;
#2512 = SURFACE_STYLE_FILL_AREA ( #2185 ) ;
#2513 =( NAMED_UNIT ( * ) SI_UNIT ( $, .STERADIAN. ) SOLID_ANGLE_UNIT ( ) );
#2514 = CARTESIAN_POINT ( 'NONE',  ( 0.7249999999999999778, 0.2000000000000000111, 1.040000000000000036 ) ) ;
#2515 = CARTESIAN_POINT ( 'NONE',  ( 1.000000000000000000, 0.04000000000000000083, 0.9799999999999997602 ) ) ;
#2516 = CARTESIAN_POINT ( 'NONE',  ( 0.0000000000000000000, 0.0000000000000000000, 0.0000000000000000000 ) ) ;
#2517 = FILL_AREA_STYLE ('',( #1660 ) ) ;
#2518 = STYLED_ITEM ( 'NONE', ( #2476 ), #312 ) ;
#2519 = PRESENTATION_STYLE_ASSIGNMENT (( #3412 ) ) ;
#2520 = SURFACE_STYLE_FILL_AREA ( #5551 ) ;
#2521 =( NAMED_UNIT ( * ) PLANE_ANGLE_UNIT ( ) SI_UNIT ( $, .RADIAN. ) );
#2522 = ORIENTED_EDGE ( 'NONE', *, *, #3772, .T. ) ;
#2523 = CARTESIAN_POINT ( 'NONE',  ( -0.5749999999999997335, 0.1333333333333333592, -1.040000000000000036 ) ) ;
#2524 = ORIENTED_EDGE ( 'NONE', *, *, #4982, .F. ) ;
#2525 = SURFACE_STYLE_USAGE ( .BOTH. , #4624 ) ;
#2526 = MANIFOLD_SOLID_BREP ( 'Boss-Extrude3[1]', #4527 ) ;
#2527 = CARTESIAN_POINT ( 'NONE',  ( -0.1499999999999999389, 0.2000000000000000111, -0.7499999999999998890 ) ) ;
#2528 = STYLED_ITEM ( 'NONE', ( #1904 ), #791 ) ;
#2529 = EDGE_CURVE ( 'NONE', #3552, #850, #1322, .T. ) ;
#2530 = EDGE_CURVE ( 'NONE', #1760, #3534, #519, .T. ) ;
#2531 =( NAMED_UNIT ( * ) SI_UNIT ( $, .STERADIAN. ) SOLID_ANGLE_UNIT ( ) );
#2532 = SURFACE_STYLE_FILL_AREA ( #2584 ) ;
#2533 =( NAMED_UNIT ( * ) SI_UNIT ( $, .STERADIAN. ) SOLID_ANGLE_UNIT ( ) );
#2534 = ORIENTED_EDGE ( 'NONE', *, *, #5612, .T. ) ;
#2535 =( NAMED_UNIT ( * ) PLANE_ANGLE_UNIT ( ) SI_UNIT ( $, .RADIAN. ) );
#2536 = PLANE ( 'NONE',  #1810 ) ;
#2537 = LINE ( 'NONE', #5600, #4883 ) ;
#2538 = EDGE_CURVE ( 'NONE', #216, #4746, #3545, .T. ) ;
#2539 = MANIFOLD_SOLID_BREP ( 'Cut-Extrude1[6]', #4427 ) ;
#2540 = VERTEX_POINT ( 'NONE', #1730 ) ;
#2541 = ORIENTED_EDGE ( 'NONE', *, *, #1016, .F. ) ;
#2542 = DIRECTION ( 'NONE',  ( 1.000000000000000000, 0.0000000000000000000, 0.0000000000000000000 ) ) ;
#2543 = SURFACE_SIDE_STYLE ('',( #726 ) ) ;
#2544 = FACE_OUTER_BOUND ( 'NONE', #4706, .T. ) ;
#2545 = ORIENTED_EDGE ( 'NONE', *, *, #1157, .T. ) ;
#2546 = SURFACE_SIDE_STYLE ('',( #4697 ) ) ;
#2547 = COLOUR_RGB ( '',0.4313725490196078649, 0.4509803921568627527, 0.4313725490196078649 ) ;
#2548 = LINE ( 'NONE', #3305, #2849 ) ;
#2549 = COLOUR_RGB ( '',0.7921568627450980005, 0.8196078431372548767, 0.9333333333333333481 ) ;
#2550 = ORIENTED_EDGE ( 'NONE', *, *, #5205, .F. ) ;
#2551 = CARTESIAN_POINT ( 'NONE',  ( -0.5000000000000000000, 0.0000000000000000000, -0.7499999999999997780 ) ) ;
#2552 = FILL_AREA_STYLE_COLOUR ( '', #5541 ) ;
#2553 =( GEOMETRIC_REPRESENTATION_CONTEXT ( 3 ) GLOBAL_UNCERTAINTY_ASSIGNED_CONTEXT ( ( #2269 ) ) GLOBAL_UNIT_ASSIGNED_CONTEXT ( ( #2965, #2460, #5559 ) ) REPRESENTATION_CONTEXT ( 'NONE', 'WORKASPACE' ) );
#2554 =( NAMED_UNIT ( * ) PLANE_ANGLE_UNIT ( ) SI_UNIT ( $, .RADIAN. ) );
#2555 = ORIENTED_EDGE ( 'NONE', *, *, #4133, .F. ) ;
#2556 = EDGE_CURVE ( 'NONE', #1283, #1218, #5231, .T. ) ;
#2557 = STYLED_ITEM ( 'NONE', ( #949 ), #1981 ) ;
#2558 = LINE ( 'NONE', #5535, #3453 ) ;
#2559 = UNCERTAINTY_MEASURE_WITH_UNIT (LENGTH_MEASURE( 1.000000000000000082E-05 ), #5643, 'distance_accuracy_value', 'NONE');
#2560 =( NAMED_UNIT ( * ) SI_UNIT ( $, .STERADIAN. ) SOLID_ANGLE_UNIT ( ) );
#2561 =( NAMED_UNIT ( * ) PLANE_ANGLE_UNIT ( ) SI_UNIT ( $, .RADIAN. ) );
#2562 = EDGE_LOOP ( 'NONE', ( #3972, #4933, #3397, #524 ) ) ;
#2563 = ADVANCED_FACE ( 'NONE', ( #2205 ), #3518, .F. ) ;
#2564 = UNCERTAINTY_MEASURE_WITH_UNIT (LENGTH_MEASURE( 1.000000000000000082E-05 ), #5296, 'distance_accuracy_value', 'NONE');
#2565 = STYLED_ITEM ( 'NONE', ( #166 ), #3418 ) ;
#2566 = FILL_AREA_STYLE ('',( #2127 ) ) ;
#2567 = FACE_OUTER_BOUND ( 'NONE', #5370, .T. ) ;
#2568 = PRESENTATION_LAYER_ASSIGNMENT (  '', '', ( #1440 ) ) ;
#2569 = SURFACE_SIDE_STYLE ('',( #1214 ) ) ;
#2570 = DIRECTION ( 'NONE',  ( -7.477256361968999191E-16, 0.0000000000000000000, 1.000000000000000000 ) ) ;
#2571 = CARTESIAN_POINT ( 'NONE',  ( 0.9800000000000002043, 0.6300000000000003375, 0.9999999999999997780 ) ) ;
#2572 = CARTESIAN_POINT ( 'NONE',  ( 1.000000000000000000, 0.6500000000000000222, 0.9799999999999997602 ) ) ;
#2573 = CARTESIAN_POINT ( 'NONE',  ( -1.004000000000000226, 0.08000000000000001554, -0.7099999999999999645 ) ) ;
#2574 = CARTESIAN_POINT ( 'NONE',  ( 0.0000000000000000000, 0.2000000000000000111, 0.0000000000000000000 ) ) ;
#2575 = ORIENTED_EDGE ( 'NONE', *, *, #2640, .F. ) ;
#2576 = LINE ( 'NONE', #2936, #4145 ) ;
#2577 = ORIENTED_EDGE ( 'NONE', *, *, #4363, .T. ) ;
#2578 = DIRECTION ( 'NONE',  ( -1.000000000000000000, 0.0000000000000000000, 0.0000000000000000000 ) ) ;
#2579 = FILL_AREA_STYLE ('',( #461 ) ) ;
#2580 = DIRECTION ( 'NONE',  ( -0.0000000000000000000, 1.000000000000000000, -0.0000000000000000000 ) ) ;
#2581 = CARTESIAN_POINT ( 'NONE',  ( 0.07499999999999998335, 0.1333333333333334147, 0.7500000000000002220 ) ) ;
#2582 = PRESENTATION_LAYER_ASSIGNMENT (  '', '', ( #2931 ) ) ;
#2583 = AXIS2_PLACEMENT_3D ( 'NONE', #4470, #3958, #3051 ) ;
#2584 = FILL_AREA_STYLE ('',( #5163 ) ) ;
#2585 = FACE_OUTER_BOUND ( 'NONE', #4879, .T. ) ;
#2586 = EDGE_LOOP ( 'NONE', ( #195, #2220, #3836 ) ) ;
#2587 = PRESENTATION_STYLE_ASSIGNMENT (( #5566 ) ) ;
#2588 = CARTESIAN_POINT ( 'NONE',  ( -0.1549999999999998601, 0.0000000000000000000, 0.4999999999999997780 ) ) ;
#2589 = DIRECTION ( 'NONE',  ( 7.477256361968999191E-16, -0.0000000000000000000, -1.000000000000000000 ) ) ;
#2590 = DIRECTION ( 'NONE',  ( 0.0000000000000000000, 0.0000000000000000000, 1.000000000000000000 ) ) ;
#2591 = ADVANCED_FACE ( 'NONE', ( #4090 ), #5363, .F. ) ;
#2592 = MECHANICAL_DESIGN_GEOMETRIC_PRESENTATION_REPRESENTATION (  '', ( #3668 ), #1933 ) ;
#2593 = ORIENTED_EDGE ( 'NONE', *, *, #4330, .T. ) ;
#2594 = COLOUR_RGB ( '',0.4313725490196078649, 0.4509803921568627527, 0.4313725490196078649 ) ;
#2596 = PRESENTATION_LAYER_ASSIGNMENT (  '', '', ( #4048 ) ) ;
#2595 = PLANE ( 'NONE',  #539 ) ;
#2597 = DIRECTION ( 'NONE',  ( -1.000000000000000000, -0.0000000000000000000, -0.0000000000000000000 ) ) ;
#2598 = EDGE_CURVE ( 'NONE', #5076, #274, #4568, .T. ) ;
#2599 = VECTOR ( 'NONE', #4143, 1000.000000000000000 ) ;
#2600 = EDGE_CURVE ( 'NONE', #3948, #3765, #5477, .T. ) ;
#2601 = ORIENTED_EDGE ( 'NONE', *, *, #3602, .T. ) ;
#2602 =( LENGTH_UNIT ( ) NAMED_UNIT ( * ) SI_UNIT ( .MILLI., .METRE. ) );
#2603 = SURFACE_STYLE_FILL_AREA ( #3964 ) ;
#2604 = CARTESIAN_POINT ( 'NONE',  ( -0.4999999999999997780, 0.1333333333333333592, 0.7500000000000002220 ) ) ;
#2605 = VECTOR ( 'NONE', #2482, 1000.000000000000000 ) ;
#2606 = MECHANICAL_DESIGN_GEOMETRIC_PRESENTATION_REPRESENTATION (  '', ( #378 ), #2703 ) ;
#2607 = FILL_AREA_STYLE ('',( #2166 ) ) ;
#2608 = AXIS2_PLACEMENT_3D ( 'NONE', #3934, #3059, #4750 ) ;
#2609 = ORIENTED_EDGE ( 'NONE', *, *, #2096, .T. ) ;
#2610 = LINE ( 'NONE', #42, #559 ) ;
#2611 = ORIENTED_EDGE ( 'NONE', *, *, #2938, .T. ) ;
#2612 = CARTESIAN_POINT ( 'NONE',  ( -0.7499999999999997780, 0.6333333333333327486, 0.6499999999999996891 ) ) ;
#2613 = PRODUCT ( 'User Library-SOT1118 DFN2020-6', 'User Library-SOT1118 DFN2020-6', '', ( #1014 ) ) ;
#2614 = SURFACE_SIDE_STYLE ('',( #1197 ) ) ;
#2615 = VECTOR ( 'NONE', #2597, 1000.000000000000000 ) ;
#2616 = CARTESIAN_POINT ( 'NONE',  ( -0.7499999999999997780, 0.6016666666666661278, 0.6499999999999996891 ) ) ;
#2617 = DIRECTION ( 'NONE',  ( 0.0000000000000000000, 1.000000000000000000, 0.0000000000000000000 ) ) ;
#2618 = ORIENTED_EDGE ( 'NONE', *, *, #668, .F. ) ;
#2619 = VECTOR ( 'NONE', #690, 1000.000000000000000 ) ;
#2620 =( GEOMETRIC_REPRESENTATION_CONTEXT ( 3 ) GLOBAL_UNCERTAINTY_ASSIGNED_CONTEXT ( ( #3289 ) ) GLOBAL_UNIT_ASSIGNED_CONTEXT ( ( #492, #4903, #537 ) ) REPRESENTATION_CONTEXT ( 'NONE', 'WORKASPACE' ) );
#2621 = CARTESIAN_POINT ( 'NONE',  ( 0.5749999999999999556, 0.2000000000000000111, 0.7500000000000001110 ) ) ;
#2622 = UNCERTAINTY_MEASURE_WITH_UNIT (LENGTH_MEASURE( 1.000000000000000082E-05 ), #3486, 'distance_accuracy_value', 'NONE');
#2623 = SURFACE_STYLE_FILL_AREA ( #2899 ) ;
#2624 = LINE ( 'NONE', #4342, #3143 ) ;
#2625 =( NAMED_UNIT ( * ) SI_UNIT ( $, .STERADIAN. ) SOLID_ANGLE_UNIT ( ) );
#2626 = ORIENTED_EDGE ( 'NONE', *, *, #2929, .F. ) ;
#2627 = LINE ( 'NONE', #2157, #1453 ) ;
#2628 = UNCERTAINTY_MEASURE_WITH_UNIT (LENGTH_MEASURE( 1.000000000000000082E-05 ), #5234, 'distance_accuracy_value', 'NONE');
#2629 = CARTESIAN_POINT ( 'NONE',  ( -1.004000000000000226, 0.1399999999999999578, 0.3300000000000000711 ) ) ;
#2630 = FILL_AREA_STYLE_COLOUR ( '', #3945 ) ;
#2631 = ORIENTED_EDGE ( 'NONE', *, *, #2529, .F. ) ;
#2632 = DIRECTION ( 'NONE',  ( -1.000000000000000000, 0.0000000000000000000, -0.0000000000000000000 ) ) ;
#2633 = EDGE_CURVE ( 'NONE', #2814, #1193, #3657, .T. ) ;
#2634 = CARTESIAN_POINT ( 'NONE',  ( -0.5749999999999997335, 0.1333333333333333592, -1.040000000000000036 ) ) ;
#2635 = DIRECTION ( 'NONE',  ( 1.000000000000000000, -0.0000000000000000000, -0.0000000000000000000 ) ) ;
#2636 = DIRECTION ( 'NONE',  ( 0.0000000000000000000, 1.000000000000000000, 0.0000000000000000000 ) ) ;
#2637 = ORIENTED_EDGE ( 'NONE', *, *, #1381, .F. ) ;
#2638 = DIRECTION ( 'NONE',  ( 0.0000000000000000000, -1.000000000000000000, 0.0000000000000000000 ) ) ;
#2639 = EDGE_LOOP ( 'NONE', ( #1430, #5304, #665, #3904 ) ) ;
#2640 = EDGE_CURVE ( 'NONE', #1681, #1024, #1431, .T. ) ;
#2641 = DIRECTION ( 'NONE',  ( -0.0000000000000000000, -0.0000000000000000000, 1.000000000000000000 ) ) ;
#2642 = CARTESIAN_POINT ( 'NONE',  ( -0.7249999999999997558, 0.1333333333333333592, -1.040000000000000036 ) ) ;
#2643 = MECHANICAL_DESIGN_GEOMETRIC_PRESENTATION_REPRESENTATION (  '', ( #3714 ), #1414 ) ;
#2644 = SURFACE_STYLE_USAGE ( .BOTH. , #50 ) ;
#2645 = ORIENTED_EDGE ( 'NONE', *, *, #4776, .F. ) ;
#2646 = CARTESIAN_POINT ( 'NONE',  ( 1.000000000000000000, 0.6300000000000003375, -0.9800000000000002043 ) ) ;
#2647 =( GEOMETRIC_REPRESENTATION_CONTEXT ( 3 ) GLOBAL_UNCERTAINTY_ASSIGNED_CONTEXT ( ( #5574 ) ) GLOBAL_UNIT_ASSIGNED_CONTEXT ( ( #2888, #2812, #4094 ) ) REPRESENTATION_CONTEXT ( 'NONE', 'WORKASPACE' ) );
#2648 = COLOUR_RGB ( '',0.7921568627450980005, 0.8196078431372548767, 0.9333333333333333481 ) ;
#2649 = ORIENTED_EDGE ( 'NONE', *, *, #1089, .T. ) ;
#2651 = FILL_AREA_STYLE_COLOUR ( '', #3944 ) ;
#2650 = STYLED_ITEM ( 'NONE', ( #5688 ), #2245 ) ;
#2652 = ORIENTED_EDGE ( 'NONE', *, *, #4322, .F. ) ;
#2653 =( GEOMETRIC_REPRESENTATION_CONTEXT ( 3 ) GLOBAL_UNCERTAINTY_ASSIGNED_CONTEXT ( ( #4441 ) ) GLOBAL_UNIT_ASSIGNED_CONTEXT ( ( #4009, #55, #4492 ) ) REPRESENTATION_CONTEXT ( 'NONE', 'WORKASPACE' ) );
#2654 = DIRECTION ( 'NONE',  ( 1.000000000000000000, 0.0000000000000000000, 0.0000000000000000000 ) ) ;
#2655 = PLANE ( 'NONE',  #3825 ) ;
#2656 = FILL_AREA_STYLE ('',( #863 ) ) ;
#2657 = FILL_AREA_STYLE_COLOUR ( '', #4739 ) ;
#2658 = CARTESIAN_POINT ( 'NONE',  ( -0.4999999999999998890, 0.0000000000000000000, 1.040000000000000036 ) ) ;
#2659 = PRESENTATION_LAYER_ASSIGNMENT (  '', '', ( #4834 ) ) ;
#2660 = EDGE_CURVE ( 'NONE', #1686, #1314, #217, .T. ) ;
#2661 = FILL_AREA_STYLE ('',( #2227 ) ) ;
#2662 = EDGE_LOOP ( 'NONE', ( #5002, #2138, #3083, #1667 ) ) ;
#2663 =( NAMED_UNIT ( * ) PLANE_ANGLE_UNIT ( ) SI_UNIT ( $, .RADIAN. ) );
#2664 = ORIENTED_EDGE ( 'NONE', *, *, #4432, .T. ) ;
#2665 = LINE ( 'NONE', #3095, #3638 ) ;
#2666 =( GEOMETRIC_REPRESENTATION_CONTEXT ( 3 ) GLOBAL_UNCERTAINTY_ASSIGNED_CONTEXT ( ( #3867 ) ) GLOBAL_UNIT_ASSIGNED_CONTEXT ( ( #4588, #3269, #191 ) ) REPRESENTATION_CONTEXT ( 'NONE', 'WORKASPACE' ) );
#2667 = LINE ( 'NONE', #4793, #5356 ) ;
#2668 = DIRECTION ( 'NONE',  ( -1.084202172485504434E-16, -0.0000000000000000000, -1.000000000000000000 ) ) ;
#2669 = EDGE_CURVE ( 'NONE', #4528, #4610, #1110, .T. ) ;
#2670 =( NAMED_UNIT ( * ) PLANE_ANGLE_UNIT ( ) SI_UNIT ( $, .RADIAN. ) );
#2671 = SURFACE_SIDE_STYLE ('',( #496 ) ) ;
#2672 = ORIENTED_EDGE ( 'NONE', *, *, #5656, .F. ) ;
#2673 =( NAMED_UNIT ( * ) PLANE_ANGLE_UNIT ( ) SI_UNIT ( $, .RADIAN. ) );
#2674 = FACE_OUTER_BOUND ( 'NONE', #2250, .T. ) ;
#2675 = LINE ( 'NONE', #1798, #549 ) ;
#2676 = ORIENTED_EDGE ( 'NONE', *, *, #1381, .T. ) ;
#2677 = CARTESIAN_POINT ( 'NONE',  ( 0.07499999999999998335, 0.2000000000000000111, 0.0000000000000000000 ) ) ;
#2678 = UNCERTAINTY_MEASURE_WITH_UNIT (LENGTH_MEASURE( 1.000000000000000082E-05 ), #371, 'distance_accuracy_value', 'NONE');
#2679 = AXIS2_PLACEMENT_3D ( 'NONE', #5290, #851, #1889 ) ;
#2680 = VECTOR ( 'NONE', #2042, 1000.000000000000000 ) ;
#2681 = FACE_OUTER_BOUND ( 'NONE', #1834, .T. ) ;
#2682 =( GEOMETRIC_REPRESENTATION_CONTEXT ( 3 ) GLOBAL_UNCERTAINTY_ASSIGNED_CONTEXT ( ( #5349 ) ) GLOBAL_UNIT_ASSIGNED_CONTEXT ( ( #1890, #1917, #3341 ) ) REPRESENTATION_CONTEXT ( 'NONE', 'WORKASPACE' ) );
#2683 = ORIENTED_EDGE ( 'NONE', *, *, #33, .T. ) ;
#2684 = AXIS2_PLACEMENT_3D ( 'NONE', #301, #5132, #1573 ) ;
#2685 = COLOUR_RGB ( '',0.4313725490196078649, 0.4509803921568627527, 0.4313725490196078649 ) ;
#2686 = UNCERTAINTY_MEASURE_WITH_UNIT (LENGTH_MEASURE( 1.000000000000000082E-05 ), #1418, 'distance_accuracy_value', 'NONE');
#2687 = CARTESIAN_POINT ( 'NONE',  ( 1.004000000000000226, 0.1399999999999999856, -0.8199999999999999512 ) ) ;
#2688 = FACE_OUTER_BOUND ( 'NONE', #5069, .T. ) ;
#2689 = MECHANICAL_DESIGN_GEOMETRIC_PRESENTATION_REPRESENTATION (  '', ( #4502 ), #180 ) ;
#2690 = COLOUR_RGB ( '',0.7921568627450980005, 0.8196078431372548767, 0.9333333333333333481 ) ;
#2691 = LINE ( 'NONE', #4420, #5663 ) ;
#2692 =( LENGTH_UNIT ( ) NAMED_UNIT ( * ) SI_UNIT ( .MILLI., .METRE. ) );
#2693 = PRESENTATION_LAYER_ASSIGNMENT (  '', '', ( #554 ) ) ;
#2694 = ORIENTED_EDGE ( 'NONE', *, *, #3772, .F. ) ;
#2695 = ORIENTED_EDGE ( 'NONE', *, *, #4439, .F. ) ;
#2696 = LINE ( 'NONE', #2612, #320 ) ;
#2697 = ORIENTED_EDGE ( 'NONE', *, *, #4058, .F. ) ;
#2698 =( GEOMETRIC_REPRESENTATION_CONTEXT ( 3 ) GLOBAL_UNCERTAINTY_ASSIGNED_CONTEXT ( ( #3456 ) ) GLOBAL_UNIT_ASSIGNED_CONTEXT ( ( #2116, #3864, #283 ) ) REPRESENTATION_CONTEXT ( 'NONE', 'WORKASPACE' ) );
#2699 = PRESENTATION_STYLE_ASSIGNMENT (( #21 ) ) ;
#2700 = AXIS2_PLACEMENT_3D ( 'NONE', #3642, #3590, #4022 ) ;
#2701 = CARTESIAN_POINT ( 'NONE',  ( 1.004000000000000226, 0.1399999999999999023, 0.8200000000000000622 ) ) ;
#2702 = ORIENTED_EDGE ( 'NONE', *, *, #2408, .T. ) ;
#2703 =( GEOMETRIC_REPRESENTATION_CONTEXT ( 3 ) GLOBAL_UNCERTAINTY_ASSIGNED_CONTEXT ( ( #584 ) ) GLOBAL_UNIT_ASSIGNED_CONTEXT ( ( #1510, #5041, #545 ) ) REPRESENTATION_CONTEXT ( 'NONE', 'WORKASPACE' ) );
#2704 = FILL_AREA_STYLE_COLOUR ( '', #2648 ) ;
#2705 = CARTESIAN_POINT ( 'NONE',  ( -0.07499999999999996947, 0.1333333333333334147, -1.040000000000000036 ) ) ;
#2706 = EDGE_CURVE ( 'NONE', #2382, #2502, #4522, .T. ) ;
#2707 = DIRECTION ( 'NONE',  ( 1.000000000000000000, 0.0000000000000000000, -0.0000000000000000000 ) ) ;
#2708 = ADVANCED_FACE ( 'NONE', ( #3278 ), #578, .F. ) ;
#2709 = AXIS2_PLACEMENT_3D ( 'NONE', #4911, #1, #3579 ) ;
#2710 = CARTESIAN_POINT ( 'NONE',  ( 0.5000000000000000000, 0.2000000000000000111, 0.7500000000000001110 ) ) ;
#2711 = PRESENTATION_LAYER_ASSIGNMENT (  '', '', ( #2792 ) ) ;
#2712 = CLOSED_SHELL ( 'NONE', ( #4805, #1347, #1919, #2245, #1151, #2282, #1626, #151, #5472, #434 ) ) ;
#2713 = ORIENTED_EDGE ( 'NONE', *, *, #4058, .T. ) ;
#2714 = SURFACE_STYLE_USAGE ( .BOTH. , #918 ) ;
#2715 = EDGE_CURVE ( 'NONE', #881, #4512, #3830, .T. ) ;
#2716 = CARTESIAN_POINT ( 'NONE',  ( -0.7499999999999997780, 0.6333333333333327486, 0.7499999999999997780 ) ) ;
#2717 =( LENGTH_UNIT ( ) NAMED_UNIT ( * ) SI_UNIT ( .MILLI., .METRE. ) );
#2718 = EDGE_LOOP ( 'NONE', ( #2089, #4915, #4082, #2996 ) ) ;
#2719 = CARTESIAN_POINT ( 'NONE',  ( -0.8249999999999999556, 0.2000000000000000111, 0.3325000000000005729 ) ) ;
#2720 = DIRECTION ( 'NONE',  ( -1.084202172485504434E-16, -0.0000000000000000000, -1.000000000000000000 ) ) ;
#2721 = SURFACE_STYLE_FILL_AREA ( #4387 ) ;
#2722 = ORIENTED_EDGE ( 'NONE', *, *, #3098, .F. ) ;
#2723 = ORIENTED_EDGE ( 'NONE', *, *, #699, .F. ) ;
#2724 = CARTESIAN_POINT ( 'NONE',  ( -0.1499999999999999389, 0.0000000000000000000, -1.040000000000000036 ) ) ;
#2725 = VERTEX_POINT ( 'NONE', #1164 ) ;
#2726 = DIRECTION ( 'NONE',  ( 0.0000000000000000000, -0.0000000000000000000, 1.000000000000000000 ) ) ;
#2727 = ORIENTED_EDGE ( 'NONE', *, *, #1846, .F. ) ;
#2728 = SURFACE_SIDE_STYLE ('',( #2314 ) ) ;
#2729 = CARTESIAN_POINT ( 'NONE',  ( 0.8249999999999998446, 0.0000000000000000000, -0.5000000000000002220 ) ) ;
#2730 = EDGE_CURVE ( 'NONE', #2793, #5533, #4234, .T. ) ;
#2731 =( NAMED_UNIT ( * ) SI_UNIT ( $, .STERADIAN. ) SOLID_ANGLE_UNIT ( ) );
#2732 = VERTEX_POINT ( 'NONE', #3423 ) ;
#2733 = FACE_OUTER_BOUND ( 'NONE', #2267, .T. ) ;
#2734 = UNCERTAINTY_MEASURE_WITH_UNIT (LENGTH_MEASURE( 1.000000000000000082E-05 ), #4829, 'distance_accuracy_value', 'NONE');
#2735 =( NAMED_UNIT ( * ) SI_UNIT ( $, .STERADIAN. ) SOLID_ANGLE_UNIT ( ) );
#2736 = SURFACE_STYLE_FILL_AREA ( #1332 ) ;
#2737 = AXIS2_PLACEMENT_3D ( 'NONE', #5416, #4535, #105 ) ;
#2738 = ADVANCED_FACE ( 'NONE', ( #3389 ), #5592, .F. ) ;
#2739 = SURFACE_SIDE_STYLE ('',( #1809 ) ) ;
#2740 = CARTESIAN_POINT ( 'NONE',  ( 0.1549999999999998601, 0.2000000000000000111, -0.5000000000000002220 ) ) ;
#2741 =( GEOMETRIC_REPRESENTATION_CONTEXT ( 3 ) GLOBAL_UNCERTAINTY_ASSIGNED_CONTEXT ( ( #2564 ) ) GLOBAL_UNIT_ASSIGNED_CONTEXT ( ( #5296, #1416, #2301 ) ) REPRESENTATION_CONTEXT ( 'NONE', 'WORKASPACE' ) );
#2742 = MECHANICAL_DESIGN_GEOMETRIC_PRESENTATION_REPRESENTATION (  '', ( #4725 ), #4014 ) ;
#2743 = CARTESIAN_POINT ( 'NONE',  ( -1.004000000000000226, 0.1399999999999999023, 0.8200000000000000622 ) ) ;
#2744 = SURFACE_STYLE_USAGE ( .BOTH. , #5465 ) ;
#2745 = COLOUR_RGB ( '',0.7529411764705882248, 0.7529411764705882248, 0.7529411764705882248 ) ;
#2746 =( LENGTH_UNIT ( ) NAMED_UNIT ( * ) SI_UNIT ( .MILLI., .METRE. ) );
#2747 = ORIENTED_EDGE ( 'NONE', *, *, #4024, .T. ) ;
#2748 = DIRECTION ( 'NONE',  ( 0.0000000000000000000, -1.000000000000000000, 0.0000000000000000000 ) ) ;
#2749 = ORIENTED_EDGE ( 'NONE', *, *, #3444, .F. ) ;
#2750 = AXIS2_PLACEMENT_3D ( 'NONE', #1317, #5306, #4821 ) ;
#2751 = CARTESIAN_POINT ( 'NONE',  ( -0.7499999999999997780, 0.5849999999999999645, 0.6499999999999996891 ) ) ;
#2752 = ORIENTED_EDGE ( 'NONE', *, *, #3350, .T. ) ;
#2753 =( NAMED_UNIT ( * ) SI_UNIT ( $, .STERADIAN. ) SOLID_ANGLE_UNIT ( ) );
#2754 = LINE ( 'NONE', #440, #1659 ) ;
#2755 = ORIENTED_EDGE ( 'NONE', *, *, #4640, .T. ) ;
#2756 = LINE ( 'NONE', #472, #168 ) ;
#2757 =( GEOMETRIC_REPRESENTATION_CONTEXT ( 3 ) GLOBAL_UNCERTAINTY_ASSIGNED_CONTEXT ( ( #4714 ) ) GLOBAL_UNIT_ASSIGNED_CONTEXT ( ( #5466, #4140, #3293 ) ) REPRESENTATION_CONTEXT ( 'NONE', 'WORKASPACE' ) );
#2758 = SURFACE_STYLE_FILL_AREA ( #4863 ) ;
#2759 = PRESENTATION_STYLE_ASSIGNMENT (( #477 ) ) ;
#2760 = VECTOR ( 'NONE', #798, 1000.000000000000000 ) ;
#2761 = MECHANICAL_DESIGN_GEOMETRIC_PRESENTATION_REPRESENTATION (  '', ( #1541 ), #1930 ) ;
#2762 = CIRCLE ( 'NONE', #3761, 0.1000000000000001582 ) ;
#2763 = CARTESIAN_POINT ( 'NONE',  ( 1.004000000000000226, 0.1399999999999999578, 0.3300000000000000711 ) ) ;
#2764 = STYLED_ITEM ( 'NONE', ( #5366 ), #1585 ) ;
#2765 = LINE ( 'NONE', #562, #2319 ) ;
#2766 = EDGE_CURVE ( 'NONE', #5209, #2382, #2141, .T. ) ;
#2767 =( NAMED_UNIT ( * ) PLANE_ANGLE_UNIT ( ) SI_UNIT ( $, .RADIAN. ) );
#2768 = EDGE_CURVE ( 'NONE', #4679, #4083, #3889, .T. ) ;
#2769 = CARTESIAN_POINT ( 'NONE',  ( 0.1500000000000001332, 0.0000000000000000000, 0.7500000000000001110 ) ) ;
#2770 = VECTOR ( 'NONE', #1586, 1000.000000000000000 ) ;
#2771 =( GEOMETRIC_REPRESENTATION_CONTEXT ( 3 ) GLOBAL_UNCERTAINTY_ASSIGNED_CONTEXT ( ( #3000 ) ) GLOBAL_UNIT_ASSIGNED_CONTEXT ( ( #3188, #2781, #2400 ) ) REPRESENTATION_CONTEXT ( 'NONE', 'WORKASPACE' ) );
#2772 = PLANE ( 'NONE',  #4948 ) ;
#2773 = SHAPE_DEFINITION_REPRESENTATION ( #1146, #1199 ) ;
#2774 = EDGE_LOOP ( 'NONE', ( #3855, #3094, #2187, #3249 ) ) ;
#2775 =( GEOMETRIC_REPRESENTATION_CONTEXT ( 3 ) GLOBAL_UNCERTAINTY_ASSIGNED_CONTEXT ( ( #5455 ) ) GLOBAL_UNIT_ASSIGNED_CONTEXT ( ( #40, #5252, #3533 ) ) REPRESENTATION_CONTEXT ( 'NONE', 'WORKASPACE' ) );
#2776 = MECHANICAL_DESIGN_GEOMETRIC_PRESENTATION_REPRESENTATION (  '', ( #353 ), #265 ) ;
#2777 = ORIENTED_EDGE ( 'NONE', *, *, #3805, .T. ) ;
#2778 = FACE_OUTER_BOUND ( 'NONE', #1602, .T. ) ;
#2779 = EDGE_CURVE ( 'NONE', #1937, #501, #3265, .T. ) ;
#2780 = VECTOR ( 'NONE', #1887, 1000.000000000000000 ) ;
#2781 =( NAMED_UNIT ( * ) PLANE_ANGLE_UNIT ( ) SI_UNIT ( $, .RADIAN. ) );
#2782 = VERTEX_POINT ( 'NONE', #5529 ) ;
#2783 = FILL_AREA_STYLE_COLOUR ( '', #2179 ) ;
#2784 = PRESENTATION_STYLE_ASSIGNMENT (( #5342 ) ) ;
#2785 = FILL_AREA_STYLE ('',( #1026 ) ) ;
#2786 = CARTESIAN_POINT ( 'NONE',  ( -0.1499999999999999389, 0.2000000000000000111, -1.040000000000000036 ) ) ;
#2787 = ORIENTED_EDGE ( 'NONE', *, *, #2056, .T. ) ;
#2788 = STYLED_ITEM ( 'NONE', ( #1804 ), #505 ) ;
#2789 = UNCERTAINTY_MEASURE_WITH_UNIT (LENGTH_MEASURE( 1.000000000000000082E-05 ), #557, 'distance_accuracy_value', 'NONE');
#2790 =( LENGTH_UNIT ( ) NAMED_UNIT ( * ) SI_UNIT ( .MILLI., .METRE. ) );
#2791 = FILL_AREA_STYLE ('',( #2299 ) ) ;
#2792 = STYLED_ITEM ( 'NONE', ( #4017 ), #532 ) ;
#2793 = VERTEX_POINT ( 'NONE', #1603 ) ;
#2794 =( NAMED_UNIT ( * ) SI_UNIT ( $, .STERADIAN. ) SOLID_ANGLE_UNIT ( ) );
#2795 = UNCERTAINTY_MEASURE_WITH_UNIT (LENGTH_MEASURE( 1.000000000000000082E-05 ), #2790, 'distance_accuracy_value', 'NONE');
#2796 = CARTESIAN_POINT ( 'NONE',  ( -0.1499999999999999389, 0.2000000000000000111, -1.040000000000000036 ) ) ;
#2797 = DIRECTION ( 'NONE',  ( -0.0000000000000000000, -1.000000000000000000, -0.0000000000000000000 ) ) ;
#2798 = CARTESIAN_POINT ( 'NONE',  ( -0.9799999999999997602, 0.6400000000000001243, 0.9899999999999997691 ) ) ;
#2799 = CARTESIAN_POINT ( 'NONE',  ( -0.7999999999999997113, 0.2000000000000000111, 0.7500000000000002220 ) ) ;
#2800 = EDGE_CURVE ( 'NONE', #3370, #3024, #5102, .T. ) ;
#2801 = EDGE_CURVE ( 'NONE', #4628, #3799, #3538, .T. ) ;
#2802 = DIRECTION ( 'NONE',  ( 1.000000000000000000, 0.0000000000000000000, 0.0000000000000000000 ) ) ;
#2803 = ORIENTED_EDGE ( 'NONE', *, *, #3840, .F. ) ;
#2804 = CARTESIAN_POINT ( 'NONE',  ( -0.7249999999999997558, 0.2000000000000000111, 0.4325000000000009392 ) ) ;
#2805 = DIRECTION ( 'NONE',  ( 0.0000000000000000000, 1.000000000000000000, 0.0000000000000000000 ) ) ;
#2806 =( LENGTH_UNIT ( ) NAMED_UNIT ( * ) SI_UNIT ( .MILLI., .METRE. ) );
#2807 = EDGE_CURVE ( 'NONE', #4380, #2472, #4819, .T. ) ;
#2808 = SURFACE_STYLE_USAGE ( .BOTH. , #5015 ) ;
#2809 = ORIENTED_EDGE ( 'NONE', *, *, #1772, .T. ) ;
#2810 =( NAMED_UNIT ( * ) PLANE_ANGLE_UNIT ( ) SI_UNIT ( $, .RADIAN. ) );
#2811 = CARTESIAN_POINT ( 'NONE',  ( 0.1500000000000001610, 0.2000000000000000111, 1.040000000000000036 ) ) ;
#2812 =( NAMED_UNIT ( * ) PLANE_ANGLE_UNIT ( ) SI_UNIT ( $, .RADIAN. ) );
#2813 = FACE_OUTER_BOUND ( 'NONE', #127, .T. ) ;
#2814 = VERTEX_POINT ( 'NONE', #1348 ) ;
#2815 = CARTESIAN_POINT ( 'NONE',  ( -0.4999999999999997780, 0.0000000000000000000, -1.039999999999999591 ) ) ;
#2816 = LINE ( 'NONE', #2894, #2619 ) ;
#2817 = CARTESIAN_POINT ( 'NONE',  ( -0.07499999999999996947, 0.1333333333333334147, 0.7500000000000002220 ) ) ;
#2818 = STYLED_ITEM ( 'NONE', ( #5110 ), #2209 ) ;
#2819 = ORIENTED_EDGE ( 'NONE', *, *, #2371, .T. ) ;
#2820 = SURFACE_STYLE_USAGE ( .BOTH. , #5004 ) ;
#2821 = SURFACE_SIDE_STYLE ('',( #5493 ) ) ;
#2822 = DIRECTION ( 'NONE',  ( 0.0000000000000000000, 0.0000000000000000000, 1.000000000000000000 ) ) ;
#2824 = SURFACE_STYLE_FILL_AREA ( #4980 ) ;
#2823 = MECHANICAL_DESIGN_GEOMETRIC_PRESENTATION_REPRESENTATION (  '', ( #5147 ), #2647 ) ;
#2825 = VECTOR ( 'NONE', #873, 1000.000000000000000 ) ;
#2826 = STYLED_ITEM ( 'NONE', ( #4720 ), #1919 ) ;
#2827 = VECTOR ( 'NONE', #3639, 1000.000000000000000 ) ;
#2828 = PRESENTATION_STYLE_ASSIGNMENT (( #4901 ) ) ;
#2829 = FILL_AREA_STYLE ('',( #1044 ) ) ;
#2830 = CARTESIAN_POINT ( 'NONE',  ( 0.5000000000000001110, 0.2000000000000000111, -1.040000000000000036 ) ) ;
#2831 = EDGE_CURVE ( 'NONE', #4802, #2255, #2665, .T. ) ;
#2832 = ORIENTED_EDGE ( 'NONE', *, *, #1380, .F. ) ;
#2833 = LINE ( 'NONE', #2432, #649 ) ;
#2834 = ORIENTED_EDGE ( 'NONE', *, *, #1500, .F. ) ;
#2835 =( LENGTH_UNIT ( ) NAMED_UNIT ( * ) SI_UNIT ( .MILLI., .METRE. ) );
#2836 = COLOUR_RGB ( '',0.4313725490196078649, 0.4509803921568627527, 0.4313725490196078649 ) ;
#2837 = DIRECTION ( 'NONE',  ( 0.0000000000000000000, -0.0000000000000000000, -1.000000000000000000 ) ) ;
#2838 = EDGE_CURVE ( 'NONE', #2204, #501, #2696, .T. ) ;
#2839 = ADVANCED_FACE ( 'NONE', ( #4425 ), #3479, .T. ) ;
#2840 = LINE ( 'NONE', #3225, #1048 ) ;
#2841 = CARTESIAN_POINT ( 'NONE',  ( -1.004000000000000226, 0.1399999999999999856, -0.3300000000000000711 ) ) ;
#2842 = ORIENTED_EDGE ( 'NONE', *, *, #2930, .F. ) ;
#2843 = CARTESIAN_POINT ( 'NONE',  ( -0.7249999999999997558, 0.1333333333333333592, 1.040000000000000036 ) ) ;
#2844 = UNCERTAINTY_MEASURE_WITH_UNIT (LENGTH_MEASURE( 1.000000000000000082E-05 ), #4348, 'distance_accuracy_value', 'NONE');
#2845 = PRESENTATION_STYLE_ASSIGNMENT (( #4976 ) ) ;
#2846 = ORIENTED_EDGE ( 'NONE', *, *, #4645, .F. ) ;
#2847 = DIRECTION ( 'NONE',  ( -0.0000000000000000000, -1.000000000000000000, -0.0000000000000000000 ) ) ;
#2848 = MECHANICAL_DESIGN_GEOMETRIC_PRESENTATION_REPRESENTATION (  '', ( #980 ), #4388 ) ;
#2849 = VECTOR ( 'NONE', #5475, 1000.000000000000000 ) ;
#2850 = SURFACE_STYLE_USAGE ( .BOTH. , #1070 ) ;
#2851 = APPLICATION_PROTOCOL_DEFINITION ( 'draft international standard', 'automotive_design', 1998, #1428 ) ;
#2852 = VECTOR ( 'NONE', #3791, 1000.000000000000000 ) ;
#2853 = PRESENTATION_STYLE_ASSIGNMENT (( #190 ) ) ;
#2854 = VECTOR ( 'NONE', #3521, 1000.000000000000000 ) ;
#2855 = STYLED_ITEM ( 'NONE', ( #5207 ), #4124 ) ;
#2856 = VECTOR ( 'NONE', #2509, 1000.000000000000000 ) ;
#2857 = EDGE_LOOP ( 'NONE', ( #2723, #4756, #3733, #4450, #1362, #370, #3438, #3344 ) ) ;
#2858 = FILL_AREA_STYLE_COLOUR ( '', #4321 ) ;
#2859 =( NAMED_UNIT ( * ) PLANE_ANGLE_UNIT ( ) SI_UNIT ( $, .RADIAN. ) );
#2860 = ORIENTED_EDGE ( 'NONE', *, *, #4600, .T. ) ;
#2861 = FILL_AREA_STYLE_COLOUR ( '', #2451 ) ;
#2862 = PRESENTATION_LAYER_ASSIGNMENT (  '', '', ( #1855 ) ) ;
#2863 = DIRECTION ( 'NONE',  ( 0.0000000000000000000, -1.000000000000000000, 0.0000000000000000000 ) ) ;
#2864 = EDGE_CURVE ( 'NONE', #3704, #4679, #491, .T. ) ;
#2865 = ORIENTED_EDGE ( 'NONE', *, *, #4133, .T. ) ;
#2866 = AXIS2_PLACEMENT_3D ( 'NONE', #3549, #27, #4831 ) ;
#2867 = EDGE_CURVE ( 'NONE', #1525, #1052, #45, .T. ) ;
#2868 = DIRECTION ( 'NONE',  ( 0.0000000000000000000, 1.000000000000000000, 0.0000000000000000000 ) ) ;
#2869 = CARTESIAN_POINT ( 'NONE',  ( 0.1500000000000000500, 0.2000000000000000111, -1.040000000000000036 ) ) ;
#2870 = VECTOR ( 'NONE', #4519, 1000.000000000000000 ) ;
#2871 = EDGE_LOOP ( 'NONE', ( #350, #58, #197, #5230 ) ) ;
#2872 = ADVANCED_FACE ( 'NONE', ( #1821 ), #3973, .F. ) ;
#2873 = LINE ( 'NONE', #3288, #2387 ) ;
#2874 = VECTOR ( 'NONE', #3535, 1000.000000000000000 ) ;
#2875 = PRESENTATION_STYLE_ASSIGNMENT (( #5031 ) ) ;
#2876 = CARTESIAN_POINT ( 'NONE',  ( 0.1549999999999999989, 0.2000000000000000111, 0.4999999999999997780 ) ) ;
#2877 = MECHANICAL_DESIGN_GEOMETRIC_PRESENTATION_REPRESENTATION (  '', ( #478 ), #4690 ) ;
#2878 = LINE ( 'NONE', #3380, #3756 ) ;
#2879 = COLOUR_RGB ( '',0.4313725490196078649, 0.4509803921568627527, 0.4313725490196078649 ) ;
#2880 = CARTESIAN_POINT ( 'NONE',  ( -0.7999999999999998224, 0.2000000000000000111, -1.039999999999999591 ) ) ;
#2881 = SURFACE_STYLE_FILL_AREA ( #3297 ) ;
#2882 = LINE ( 'NONE', #2484, #3426 ) ;
#2883 = VECTOR ( 'NONE', #1158, 1000.000000000000000 ) ;
#2884 = ORIENTED_EDGE ( 'NONE', *, *, #2633, .F. ) ;
#2885 = EDGE_LOOP ( 'NONE', ( #5511, #114, #2118, #3662 ) ) ;
#2886 = CARTESIAN_POINT ( 'NONE',  ( -1.004000000000000226, 0.0000000000000000000, 0.0000000000000000000 ) ) ;
#2887 = SURFACE_STYLE_USAGE ( .BOTH. , #5072 ) ;
#2888 =( LENGTH_UNIT ( ) NAMED_UNIT ( * ) SI_UNIT ( .MILLI., .METRE. ) );
#2889 = CARTESIAN_POINT ( 'NONE',  ( 0.7999999999999999334, 0.2000000000000000111, 0.7500000000000001110 ) ) ;
#2890 = EDGE_LOOP ( 'NONE', ( #4602, #4316, #3069, #2672 ) ) ;
#2891 = DIRECTION ( 'NONE',  ( 0.0000000000000000000, -0.0000000000000000000, 1.000000000000000000 ) ) ;
#2892 = CARTESIAN_POINT ( 'NONE',  ( -0.1499999999999998557, 0.2000000000000000111, 0.7500000000000001110 ) ) ;
#2893 = UNCERTAINTY_MEASURE_WITH_UNIT (LENGTH_MEASURE( 1.000000000000000082E-05 ), #2692, 'distance_accuracy_value', 'NONE');
#2894 = CARTESIAN_POINT ( 'NONE',  ( -1.004000000000000226, 0.1399999999999999856, -0.7099999999999999645 ) ) ;
#2895 = DIRECTION ( 'NONE',  ( 0.0000000000000000000, 0.7071067811865489050, 0.7071067811865461294 ) ) ;
#2896 = EDGE_CURVE ( 'NONE', #1115, #4067, #3699, .T. ) ;
#2897 = VERTEX_POINT ( 'NONE', #1017 ) ;
#2898 = LINE ( 'NONE', #643, #986 ) ;
#2899 = FILL_AREA_STYLE ('',( #694 ) ) ;
#2900 = PRESENTATION_STYLE_ASSIGNMENT (( #2449 ) ) ;
#2901 = SURFACE_STYLE_FILL_AREA ( #4165 ) ;
#2902 = ADVANCED_FACE ( 'NONE', ( #2332 ), #1928, .F. ) ;
#2903 = AXIS2_PLACEMENT_3D ( 'NONE', #54, #3982, #1226 ) ;
#2904 = DIRECTION ( 'NONE',  ( 1.000000000000000000, 0.0000000000000000000, 0.0000000000000000000 ) ) ;
#2905 = FILL_AREA_STYLE_COLOUR ( '', #3551 ) ;
#2906 =( GEOMETRIC_REPRESENTATION_CONTEXT ( 3 ) GLOBAL_UNCERTAINTY_ASSIGNED_CONTEXT ( ( #5628 ) ) GLOBAL_UNIT_ASSIGNED_CONTEXT ( ( #5687, #3605, #3155 ) ) REPRESENTATION_CONTEXT ( 'NONE', 'WORKASPACE' ) );
#2907 = FACE_OUTER_BOUND ( 'NONE', #4539, .T. ) ;
#2908 = DIRECTION ( 'NONE',  ( -1.084202172485504434E-16, 0.0000000000000000000, -1.000000000000000000 ) ) ;
#2909 = LINE ( 'NONE', #677, #2883 ) ;
#2910 = VECTOR ( 'NONE', #595, 1000.000000000000000 ) ;
#2911 = VERTEX_POINT ( 'NONE', #4959 ) ;
#2912 = CARTESIAN_POINT ( 'NONE',  ( -1.004000000000000226, 0.07999999999999998779, -0.3300000000000000711 ) ) ;
#2913 = ORIENTED_EDGE ( 'NONE', *, *, #2929, .T. ) ;
#2914 = PRESENTATION_STYLE_ASSIGNMENT (( #403 ) ) ;
#2915 = MECHANICAL_DESIGN_GEOMETRIC_PRESENTATION_REPRESENTATION (  '', ( #1811 ), #2092 ) ;
#2916 =( NAMED_UNIT ( * ) PLANE_ANGLE_UNIT ( ) SI_UNIT ( $, .RADIAN. ) );
#2917 = VECTOR ( 'NONE', #670, 1000.000000000000000 ) ;
#2918 = VERTEX_POINT ( 'NONE', #2804 ) ;
#2919 =( NAMED_UNIT ( * ) PLANE_ANGLE_UNIT ( ) SI_UNIT ( $, .RADIAN. ) );
#2920 = CARTESIAN_POINT ( 'NONE',  ( 1.000000000000000000, 0.6300000000000003375, 0.9999999999999997780 ) ) ;
#2921 = CARTESIAN_POINT ( 'NONE',  ( -0.4999999999999998890, 0.2000000000000000111, 1.040000000000000036 ) ) ;
#2922 =( GEOMETRIC_REPRESENTATION_CONTEXT ( 3 ) GLOBAL_UNCERTAINTY_ASSIGNED_CONTEXT ( ( #970 ) ) GLOBAL_UNIT_ASSIGNED_CONTEXT ( ( #4596, #3737, #4092 ) ) REPRESENTATION_CONTEXT ( 'NONE', 'WORKASPACE' ) );
#2923 = EDGE_LOOP ( 'NONE', ( #1292, #568, #1968, #149 ) ) ;
#2924 = PRESENTATION_STYLE_ASSIGNMENT (( #1176 ) ) ;
#2925 =( NAMED_UNIT ( * ) PLANE_ANGLE_UNIT ( ) SI_UNIT ( $, .RADIAN. ) );
#2926 = SURFACE_STYLE_FILL_AREA ( #3408 ) ;
#2927 = CARTESIAN_POINT ( 'NONE',  ( -0.7249999999999997558, 0.2000000000000000111, 0.7500000000000002220 ) ) ;
#2928 =( NAMED_UNIT ( * ) PLANE_ANGLE_UNIT ( ) SI_UNIT ( $, .RADIAN. ) );
#2929 = EDGE_CURVE ( 'NONE', #2204, #4233, #4824, .T. ) ;
#2930 = EDGE_CURVE ( 'NONE', #5488, #5620, #4515, .T. ) ;
#2931 = STYLED_ITEM ( 'NONE', ( #1720 ), #974 ) ;
#2932 = DIRECTION ( 'NONE',  ( 1.000000000000000000, 0.0000000000000000000, 0.0000000000000000000 ) ) ;
#2933 = STYLED_ITEM ( 'NONE', ( #3171 ), #4393 ) ;
#2934 = ORIENTED_EDGE ( 'NONE', *, *, #3594, .F. ) ;
#2935 = CARTESIAN_POINT ( 'NONE',  ( 0.5749999999999999556, 0.1333333333333334425, -1.040000000000000036 ) ) ;
#2936 = CARTESIAN_POINT ( 'NONE',  ( 0.1549999999999999989, 0.2000000000000000111, 0.4999999999999997780 ) ) ;
#2937 = VERTEX_POINT ( 'NONE', #4930 ) ;
#2938 = EDGE_CURVE ( 'NONE', #1283, #908, #1426, .T. ) ;
#2939 = COLOUR_RGB ( '',0.4313725490196078649, 0.4509803921568627527, 0.4313725490196078649 ) ;
#2940 = FILL_AREA_STYLE_COLOUR ( '', #3447 ) ;
#2941 = STYLED_ITEM ( 'NONE', ( #1129 ), #4885 ) ;
#2942 = PRESENTATION_LAYER_ASSIGNMENT (  '', '', ( #5400 ) ) ;
#2943 = CARTESIAN_POINT ( 'NONE',  ( -0.07499999999999996947, 0.2000000000000000111, -0.7499999999999998890 ) ) ;
#2944 = DIRECTION ( 'NONE',  ( 0.0000000000000000000, 1.000000000000000000, 0.0000000000000000000 ) ) ;
#2945 = ORIENTED_EDGE ( 'NONE', *, *, #868, .F. ) ;
#2946 = LINE ( 'NONE', #4209, #3168 ) ;
#2947 = UNCERTAINTY_MEASURE_WITH_UNIT (LENGTH_MEASURE( 1.000000000000000082E-05 ), #2488, 'distance_accuracy_value', 'NONE');
#2948 = COLOUR_RGB ( '',0.4313725490196078649, 0.4509803921568627527, 0.4313725490196078649 ) ;
#2949 = MECHANICAL_DESIGN_GEOMETRIC_PRESENTATION_REPRESENTATION (  '', ( #1657 ), #2115 ) ;
#2950 =( LENGTH_UNIT ( ) NAMED_UNIT ( * ) SI_UNIT ( .MILLI., .METRE. ) );
#2951 = VECTOR ( 'NONE', #3661, 1000.000000000000000 ) ;
#2952 = VERTEX_POINT ( 'NONE', #5381 ) ;
#2953 = UNCERTAINTY_MEASURE_WITH_UNIT (LENGTH_MEASURE( 1.000000000000000082E-05 ), #1289, 'distance_accuracy_value', 'NONE');
#2954 = CARTESIAN_POINT ( 'NONE',  ( -0.7249999999999997558, 0.2666666666666666630, -1.040000000000000036 ) ) ;
#2955 = SURFACE_STYLE_USAGE ( .BOTH. , #4139 ) ;
#2956 = VECTOR ( 'NONE', #3543, 1000.000000000000000 ) ;
#2957 = SURFACE_STYLE_FILL_AREA ( #3875 ) ;
#2958 = STYLED_ITEM ( 'NONE', ( #1751 ), #151 ) ;
#2959 = DIRECTION ( 'NONE',  ( 0.0000000000000000000, 0.0000000000000000000, 1.000000000000000000 ) ) ;
#2960 = ADVANCED_FACE ( 'NONE', ( #1477 ), #3725, .F. ) ;
#2961 = ORIENTED_EDGE ( 'NONE', *, *, #759, .F. ) ;
#2962 = FILL_AREA_STYLE ('',( #5557 ) ) ;
#2963 =( NAMED_UNIT ( * ) PLANE_ANGLE_UNIT ( ) SI_UNIT ( $, .RADIAN. ) );
#2964 = ORIENTED_EDGE ( 'NONE', *, *, #1555, .F. ) ;
#2965 =( LENGTH_UNIT ( ) NAMED_UNIT ( * ) SI_UNIT ( .MILLI., .METRE. ) );
#2966 =( NAMED_UNIT ( * ) SI_UNIT ( $, .STERADIAN. ) SOLID_ANGLE_UNIT ( ) );
#2967 = FILL_AREA_STYLE ('',( #340 ) ) ;
#2968 = STYLED_ITEM ( 'NONE', ( #4517 ), #754 ) ;
#2969 = FACE_OUTER_BOUND ( 'NONE', #3100, .T. ) ;
#2970 = EDGE_CURVE ( 'NONE', #501, #1937, #3077, .T. ) ;
#2971 = PRESENTATION_STYLE_ASSIGNMENT (( #4704 ) ) ;
#2972 = LINE ( 'NONE', #1698, #1177 ) ;
#2973 = ORIENTED_EDGE ( 'NONE', *, *, #2669, .T. ) ;
#2974 = SURFACE_SIDE_STYLE ('',( #3452 ) ) ;
#2975 = FILL_AREA_STYLE_COLOUR ( '', #5582 ) ;
#2976 = ORIENTED_EDGE ( 'NONE', *, *, #4987, .T. ) ;
#2977 = LINE ( 'NONE', #3405, #3203 ) ;
#2978 = LINE ( 'NONE', #354, #1863 ) ;
#2979 = PLANE ( 'NONE',  #2026 ) ;
#2980 = SURFACE_STYLE_USAGE ( .BOTH. , #2569 ) ;
#2981 = CARTESIAN_POINT ( 'NONE',  ( 0.0000000000000000000, 0.0000000000000000000, 0.0000000000000000000 ) ) ;
#2982 = CARTESIAN_POINT ( 'NONE',  ( -1.004000000000000226, 0.1399999999999999856, -0.3300000000000000711 ) ) ;
#2983 =( NAMED_UNIT ( * ) SI_UNIT ( $, .STERADIAN. ) SOLID_ANGLE_UNIT ( ) );
#2984 = FILL_AREA_STYLE_COLOUR ( '', #1180 ) ;
#2985 = VERTEX_POINT ( 'NONE', #4221 ) ;
#2986 = VECTOR ( 'NONE', #4235, 1000.000000000000000 ) ;
#2987 = DIRECTION ( 'NONE',  ( 0.0000000000000000000, -1.000000000000000000, 0.0000000000000000000 ) ) ;
#2988 =( GEOMETRIC_REPRESENTATION_CONTEXT ( 3 ) GLOBAL_UNCERTAINTY_ASSIGNED_CONTEXT ( ( #4833 ) ) GLOBAL_UNIT_ASSIGNED_CONTEXT ( ( #3734, #2810, #115 ) ) REPRESENTATION_CONTEXT ( 'NONE', 'WORKASPACE' ) );
#2989 = EDGE_LOOP ( 'NONE', ( #2022, #4005, #4207, #601 ) ) ;
#2990 = DIRECTION ( 'NONE',  ( -0.0000000000000000000, -0.0000000000000000000, 1.000000000000000000 ) ) ;
#2991 = EDGE_CURVE ( 'NONE', #2309, #1403, #5523, .T. ) ;
#2992 =( NAMED_UNIT ( * ) PLANE_ANGLE_UNIT ( ) SI_UNIT ( $, .RADIAN. ) );
#2993 = VECTOR ( 'NONE', #2668, 1000.000000000000000 ) ;
#2994 = STYLED_ITEM ( 'NONE', ( #4391 ), #2839 ) ;
#2995 = CARTESIAN_POINT ( 'NONE',  ( -0.7249999999999997558, 0.2000000000000000111, 0.4325000000000008837 ) ) ;
#2996 = ORIENTED_EDGE ( 'NONE', *, *, #5656, .T. ) ;
#2997 = VECTOR ( 'NONE', #2251, 1000.000000000000000 ) ;
#2998 = SURFACE_STYLE_FILL_AREA ( #846 ) ;
#2999 = EDGE_CURVE ( 'NONE', #3799, #2918, #3352, .T. ) ;
#3000 = UNCERTAINTY_MEASURE_WITH_UNIT (LENGTH_MEASURE( 1.000000000000000082E-05 ), #3188, 'distance_accuracy_value', 'NONE');
#3001 =( LENGTH_UNIT ( ) NAMED_UNIT ( * ) SI_UNIT ( .MILLI., .METRE. ) );
#3002 = EDGE_CURVE ( 'NONE', #3765, #2348, #1101, .T. ) ;
#3003 = DIRECTION ( 'NONE',  ( 0.0000000000000000000, 0.0000000000000000000, -1.000000000000000000 ) ) ;
#3004 =( GEOMETRIC_REPRESENTATION_CONTEXT ( 3 ) GLOBAL_UNCERTAINTY_ASSIGNED_CONTEXT ( ( #4042 ) ) GLOBAL_UNIT_ASSIGNED_CONTEXT ( ( #3001, #4164, #1527 ) ) REPRESENTATION_CONTEXT ( 'NONE', 'WORKASPACE' ) );
#3005 = ORIENTED_EDGE ( 'NONE', *, *, #1303, .T. ) ;
#3006 = SURFACE_SIDE_STYLE ('',( #2099 ) ) ;
#3007 = UNCERTAINTY_MEASURE_WITH_UNIT (LENGTH_MEASURE( 1.000000000000000082E-05 ), #4633, 'distance_accuracy_value', 'NONE');
#3008 = ADVANCED_FACE ( 'NONE', ( #700 ), #298, .F. ) ;
#3009 = AXIS2_PLACEMENT_3D ( 'NONE', #994, #1544, #2404 ) ;
#3010 = DIRECTION ( 'NONE',  ( -1.000000000000000000, 0.0000000000000000000, -0.0000000000000000000 ) ) ;
#3011 = EDGE_LOOP ( 'NONE', ( #172, #2524, #5071, #543, #4254 ) ) ;
#3012 = VECTOR ( 'NONE', #2453, 1000.000000000000000 ) ;
#3013 = SURFACE_STYLE_FILL_AREA ( #5247 ) ;
#3014 = FILL_AREA_STYLE ('',( #860 ) ) ;
#3015 = LINE ( 'NONE', #1307, #4598 ) ;
#3016 = VERTEX_POINT ( 'NONE', #4671 ) ;
#3017 = EDGE_LOOP ( 'NONE', ( #5427, #1494, #1943, #1739 ) ) ;
#3018 =( NAMED_UNIT ( * ) PLANE_ANGLE_UNIT ( ) SI_UNIT ( $, .RADIAN. ) );
#3019 = FILL_AREA_STYLE_COLOUR ( '', #3735 ) ;
#3020 = SURFACE_STYLE_FILL_AREA ( #1641 ) ;
#3021 = VECTOR ( 'NONE', #4252, 1000.000000000000000 ) ;
#3022 =( GEOMETRIC_REPRESENTATION_CONTEXT ( 3 ) GLOBAL_UNCERTAINTY_ASSIGNED_CONTEXT ( ( #346 ) ) GLOBAL_UNIT_ASSIGNED_CONTEXT ( ( #1620, #5573, #5660 ) ) REPRESENTATION_CONTEXT ( 'NONE', 'WORKASPACE' ) );
#3023 = CARTESIAN_POINT ( 'NONE',  ( -0.5749999999999997335, 0.2000000000000000111, 0.0000000000000000000 ) ) ;
#3024 = VERTEX_POINT ( 'NONE', #4721 ) ;
#3025 = CARTESIAN_POINT ( 'NONE',  ( -0.7999999999999998224, 0.0000000000000000000, -1.039999999999999591 ) ) ;
#3026 = MECHANICAL_DESIGN_GEOMETRIC_PRESENTATION_REPRESENTATION (  '', ( #2855 ), #5491 ) ;
#3027 = SURFACE_STYLE_USAGE ( .BOTH. , #5570 ) ;
#3028 = AXIS2_PLACEMENT_3D ( 'NONE', #4371, #438, #1616 ) ;
#3029 = ADVANCED_FACE ( 'NONE', ( #725 ), #1185, .F. ) ;
#3030 = ORIENTED_EDGE ( 'NONE', *, *, #1911, .F. ) ;
#3031 = STYLED_ITEM ( 'NONE', ( #5611 ), #4962 ) ;
#3032 =( LENGTH_UNIT ( ) NAMED_UNIT ( * ) SI_UNIT ( .MILLI., .METRE. ) );
#3033 = CARTESIAN_POINT ( 'NONE',  ( 0.4999999999999998890, 0.2000000000000000111, -0.7500000000000000000 ) ) ;
#3034 = VERTEX_POINT ( 'NONE', #3296 ) ;
#3035 = ADVANCED_FACE ( 'NONE', ( #5177 ), #5667, .T. ) ;
#3036 = STYLED_ITEM ( 'NONE', ( #2971 ), #5369 ) ;
#3037 = FILL_AREA_STYLE ('',( #1276 ) ) ;
#3038 = PLANE ( 'NONE',  #4566 ) ;
#3039 =( GEOMETRIC_REPRESENTATION_CONTEXT ( 3 ) GLOBAL_UNCERTAINTY_ASSIGNED_CONTEXT ( ( #4444 ) ) GLOBAL_UNIT_ASSIGNED_CONTEXT ( ( #1958, #5095, #4222 ) ) REPRESENTATION_CONTEXT ( 'NONE', 'WORKASPACE' ) );
#3040 = CARTESIAN_POINT ( 'NONE',  ( -0.7249999999999997558, 0.2000000000000000111, -0.5000000000000002220 ) ) ;
#3041 = DIRECTION ( 'NONE',  ( 0.0000000000000000000, -0.0000000000000000000, 1.000000000000000000 ) ) ;
#3042 = ORIENTED_EDGE ( 'NONE', *, *, #1815, .F. ) ;
#3043 = ORIENTED_EDGE ( 'NONE', *, *, #3525, .F. ) ;
#3044 = SURFACE_STYLE_FILL_AREA ( #2285 ) ;
#3045 = AXIS2_PLACEMENT_3D ( 'NONE', #2954, #3010, #2101 ) ;
#3046 = SURFACE_STYLE_FILL_AREA ( #1318 ) ;
#3047 = ORIENTED_EDGE ( 'NONE', *, *, #5432, .F. ) ;
#3048 = CARTESIAN_POINT ( 'NONE',  ( -0.7499999999999997780, 0.5849999999999999645, 0.7499999999999997780 ) ) ;
#3049 =( NAMED_UNIT ( * ) SI_UNIT ( $, .STERADIAN. ) SOLID_ANGLE_UNIT ( ) );
#3050 = ORIENTED_EDGE ( 'NONE', *, *, #4638, .F. ) ;
#3051 = DIRECTION ( 'NONE',  ( 0.0000000000000000000, 0.0000000000000000000, -1.000000000000000000 ) ) ;
#3052 = UNCERTAINTY_MEASURE_WITH_UNIT (LENGTH_MEASURE( 1.000000000000000082E-05 ), #3692, 'distance_accuracy_value', 'NONE');
#3053 =( LENGTH_UNIT ( ) NAMED_UNIT ( * ) SI_UNIT ( .MILLI., .METRE. ) );
#3054 = ADVANCED_FACE ( 'NONE', ( #926 ), #1337, .T. ) ;
#3055 = CARTESIAN_POINT ( 'NONE',  ( 0.5749999999999999556, 0.2000000000000000111, -1.040000000000000036 ) ) ;
#3056 = ORIENTED_EDGE ( 'NONE', *, *, #4703, .T. ) ;
#3057 = CARTESIAN_POINT ( 'NONE',  ( -0.8249999999999999556, 0.2000000000000000111, -0.5000000000000002220 ) ) ;
#3058 = SURFACE_SIDE_STYLE ('',( #2190 ) ) ;
#3059 = DIRECTION ( 'NONE',  ( 0.0000000000000000000, -1.000000000000000000, 0.0000000000000000000 ) ) ;
#3060 = ADVANCED_FACE ( 'NONE', ( #423 ), #2655, .T. ) ;
#3061 =( NAMED_UNIT ( * ) SI_UNIT ( $, .STERADIAN. ) SOLID_ANGLE_UNIT ( ) );
#3062 = ORIENTED_EDGE ( 'NONE', *, *, #208, .F. ) ;
#3063 = SURFACE_SIDE_STYLE ('',( #2198 ) ) ;
#3064 = ORIENTED_EDGE ( 'NONE', *, *, #143, .F. ) ;
#3065 = SURFACE_STYLE_USAGE ( .BOTH. , #5305 ) ;
#3066 =( NAMED_UNIT ( * ) SI_UNIT ( $, .STERADIAN. ) SOLID_ANGLE_UNIT ( ) );
#3067 = CARTESIAN_POINT ( 'NONE',  ( 0.07499999999999998335, 0.1333333333333334147, 1.040000000000000036 ) ) ;
#3068 = VECTOR ( 'NONE', #1670, 1000.000000000000000 ) ;
#3069 = ORIENTED_EDGE ( 'NONE', *, *, #4237, .F. ) ;
#3070 = SURFACE_STYLE_FILL_AREA ( #3101 ) ;
#3071 =( NAMED_UNIT ( * ) PLANE_ANGLE_UNIT ( ) SI_UNIT ( $, .RADIAN. ) );
#3072 = AXIS2_PLACEMENT_3D ( 'NONE', #1198, #1166, #5596 ) ;
#3073 = VECTOR ( 'NONE', #5278, 1000.000000000000000 ) ;
#3074 = FILL_AREA_STYLE ('',( #89 ) ) ;
#3076 = COLOUR_RGB ( '',0.4313725490196078649, 0.4509803921568627527, 0.4313725490196078649 ) ;
#3075 = SURFACE_SIDE_STYLE ('',( #119 ) ) ;
#3077 = CIRCLE ( 'NONE', #600, 0.1166666666666672653 ) ;
#3078 = EDGE_LOOP ( 'NONE', ( #1311, #2109, #203, #1786 ) ) ;
#3079 = CARTESIAN_POINT ( 'NONE',  ( -1.004000000000000226, 0.1399999999999999856, -0.7099999999999999645 ) ) ;
#3080 = SURFACE_STYLE_FILL_AREA ( #528 ) ;
#3081 = FACE_OUTER_BOUND ( 'NONE', #3475, .T. ) ;
#3082 = VECTOR ( 'NONE', #1067, 1000.000000000000000 ) ;
#3083 = ORIENTED_EDGE ( 'NONE', *, *, #2766, .T. ) ;
#3084 =( GEOMETRIC_REPRESENTATION_CONTEXT ( 3 ) GLOBAL_UNCERTAINTY_ASSIGNED_CONTEXT ( ( #4376 ) ) GLOBAL_UNIT_ASSIGNED_CONTEXT ( ( #86, #910, #4435 ) ) REPRESENTATION_CONTEXT ( 'NONE', 'WORKASPACE' ) );
#3085 = LINE ( 'NONE', #2275, #3723 ) ;
#3086 =( NAMED_UNIT ( * ) SI_UNIT ( $, .STERADIAN. ) SOLID_ANGLE_UNIT ( ) );
#3087 = DIRECTION ( 'NONE',  ( 1.000000000000000000, 0.0000000000000000000, 0.0000000000000000000 ) ) ;
#3088 = VECTOR ( 'NONE', #5256, 1000.000000000000000 ) ;
#3089 =( NAMED_UNIT ( * ) PLANE_ANGLE_UNIT ( ) SI_UNIT ( $, .RADIAN. ) );
#3090 = EDGE_CURVE ( 'NONE', #705, #4401, #66, .T. ) ;
#3091 = EDGE_CURVE ( 'NONE', #2312, #681, #1838, .T. ) ;
#3092 = ORIENTED_EDGE ( 'NONE', *, *, #4505, .T. ) ;
#3093 = DIRECTION ( 'NONE',  ( -0.0000000000000000000, -0.0000000000000000000, -1.000000000000000000 ) ) ;
#3094 = ORIENTED_EDGE ( 'NONE', *, *, #1153, .T. ) ;
#3095 = CARTESIAN_POINT ( 'NONE',  ( -0.1549999999999998601, 0.0000000000000000000, 0.4999999999999997780 ) ) ;
#3096 = DIRECTION ( 'NONE',  ( 0.0000000000000000000, 1.000000000000000000, 0.0000000000000000000 ) ) ;
#3097 = CARTESIAN_POINT ( 'NONE',  ( 0.7999999999999999334, 0.0000000000000000000, 0.7500000000000001110 ) ) ;
#3098 = EDGE_CURVE ( 'NONE', #4985, #4059, #1037, .T. ) ;
#3099 = FILL_AREA_STYLE_COLOUR ( '', #460 ) ;
#3100 = EDGE_LOOP ( 'NONE', ( #2410, #5302, #2777, #2061 ) ) ;
#3101 = FILL_AREA_STYLE ('',( #5261 ) ) ;
#3102 = DIRECTION ( 'NONE',  ( 0.0000000000000000000, -0.0000000000000000000, 1.000000000000000000 ) ) ;
#3103 = FILL_AREA_STYLE ('',( #5286 ) ) ;
#3104 = AXIS2_PLACEMENT_3D ( 'NONE', #396, #3473, #1664 ) ;
#3105 = PRESENTATION_LAYER_ASSIGNMENT (  '', '', ( #2933 ) ) ;
#3106 = MECHANICAL_DESIGN_GEOMETRIC_PRESENTATION_REPRESENTATION (  '', ( #4217 ), #1927 ) ;
#3107 = ORIENTED_EDGE ( 'NONE', *, *, #1007, .F. ) ;
#3108 = CARTESIAN_POINT ( 'NONE',  ( -0.8249999999999999556, 0.2000000000000000111, -0.5000000000000002220 ) ) ;
#3109 = UNCERTAINTY_MEASURE_WITH_UNIT (LENGTH_MEASURE( 1.000000000000000082E-05 ), #5550, 'distance_accuracy_value', 'NONE');
#3110 = VECTOR ( 'NONE', #1801, 1000.000000000000114 ) ;
#3111 = VECTOR ( 'NONE', #1039, 1000.000000000000000 ) ;
#3112 = CARTESIAN_POINT ( 'NONE',  ( -1.004000000000000226, 0.08000000000000001554, -0.7099999999999999645 ) ) ;
#3113 =( NAMED_UNIT ( * ) PLANE_ANGLE_UNIT ( ) SI_UNIT ( $, .RADIAN. ) );
#3114 = AXIS2_PLACEMENT_3D ( 'NONE', #5601, #5113, #348 ) ;
#3115 = ORIENTED_EDGE ( 'NONE', *, *, #4538, .F. ) ;
#3116 = PRESENTATION_LAYER_ASSIGNMENT (  '', '', ( #3298 ) ) ;
#3117 = AXIS2_PLACEMENT_3D ( 'NONE', #962, #137, #1936 ) ;
#3118 = LINE ( 'NONE', #1364, #5089 ) ;
#3119 =( NAMED_UNIT ( * ) PLANE_ANGLE_UNIT ( ) SI_UNIT ( $, .RADIAN. ) );
#3120 = CARTESIAN_POINT ( 'NONE',  ( 0.0000000000000000000, 0.6500000000000000222, -0.9800000000000002043 ) ) ;
#3121 = VECTOR ( 'NONE', #1422, 1000.000000000000000 ) ;
#3122 =( NAMED_UNIT ( * ) SI_UNIT ( $, .STERADIAN. ) SOLID_ANGLE_UNIT ( ) );
#3123 = VECTOR ( 'NONE', #3630, 1000.000000000000000 ) ;
#3124 = ORIENTED_EDGE ( 'NONE', *, *, #2779, .T. ) ;
#3125 = VERTEX_POINT ( 'NONE', #3206 ) ;
#3126 = LINE ( 'NONE', #4877, #1482 ) ;
#3127 = STYLED_ITEM ( 'NONE', ( #4338 ), #5471 ) ;
#3128 = EDGE_CURVE ( 'NONE', #1994, #884, #4923, .T. ) ;
#3129 = CARTESIAN_POINT ( 'NONE',  ( 1.004000000000000226, 0.1399999999999999856, -0.3300000000000000711 ) ) ;
#3130 = MECHANICAL_DESIGN_GEOMETRIC_PRESENTATION_REPRESENTATION (  '', ( #5046 ), #4065 ) ;
#3131 = ORIENTED_EDGE ( 'NONE', *, *, #1947, .F. ) ;
#3132 = SURFACE_STYLE_FILL_AREA ( #5281 ) ;
#3133 = VERTEX_POINT ( 'NONE', #3145 ) ;
#3134 = AXIS2_PLACEMENT_3D ( 'NONE', #2425, #3267, #2802 ) ;
#3135 = LINE ( 'NONE', #3577, #5463 ) ;
#3136 = COLOUR_RGB ( '',0.7529411764705882248, 0.7529411764705882248, 0.7529411764705882248 ) ;
#3137 = ADVANCED_FACE ( 'NONE', ( #2276 ), #4107, .T. ) ;
#3138 = CARTESIAN_POINT ( 'NONE',  ( 0.9899999999999997691, 0.6400000000000002354, 0.9799999999999997602 ) ) ;
#3139 = PRESENTATION_LAYER_ASSIGNMENT (  '', '', ( #1866 ) ) ;
#3140 =( NAMED_UNIT ( * ) PLANE_ANGLE_UNIT ( ) SI_UNIT ( $, .RADIAN. ) );
#3141 = ORIENTED_EDGE ( 'NONE', *, *, #4955, .T. ) ;
#3142 = DIRECTION ( 'NONE',  ( 1.000000000000000000, 0.0000000000000000000, 0.0000000000000000000 ) ) ;
#3143 = VECTOR ( 'NONE', #409, 1000.000000000000000 ) ;
#3144 = DIRECTION ( 'NONE',  ( -0.0000000000000000000, 1.000000000000000000, 1.807003620809174977E-15 ) ) ;
#3145 = CARTESIAN_POINT ( 'NONE',  ( -1.004000000000000226, 0.1399999999999999856, -0.8199999999999999512 ) ) ;
#3146 = CARTESIAN_POINT ( 'NONE',  ( 0.1500000000000000500, 0.2000000000000000111, -1.040000000000000036 ) ) ;
#3147 = LINE ( 'NONE', #4559, #3121 ) ;
#3148 = ORIENTED_EDGE ( 'NONE', *, *, #699, .T. ) ;
#3149 =( NAMED_UNIT ( * ) SI_UNIT ( $, .STERADIAN. ) SOLID_ANGLE_UNIT ( ) );
#3150 = PRESENTATION_STYLE_ASSIGNMENT (( #1018 ) ) ;
#3151 = SURFACE_STYLE_USAGE ( .BOTH. , #3569 ) ;
#3152 = DIRECTION ( 'NONE',  ( -1.000000000000000000, -0.0000000000000000000, -0.0000000000000000000 ) ) ;
#3153 = EDGE_LOOP ( 'NONE', ( #3124, #5614 ) ) ;
#3154 = EDGE_CURVE ( 'NONE', #626, #3133, #561, .T. ) ;
#3155 =( NAMED_UNIT ( * ) SI_UNIT ( $, .STERADIAN. ) SOLID_ANGLE_UNIT ( ) );
#3156 = SURFACE_STYLE_FILL_AREA ( #1025 ) ;
#3157 = FILL_AREA_STYLE_COLOUR ( '', #1241 ) ;
#3158 = VECTOR ( 'NONE', #5680, 1000.000000000000000 ) ;
#3159 = CARTESIAN_POINT ( 'NONE',  ( -0.7499999999999997780, 0.6333333333333327486, 0.7499999999999997780 ) ) ;
#3160 = ADVANCED_FACE ( 'NONE', ( #154 ), #617, .T. ) ;
#3161 = EDGE_LOOP ( 'NONE', ( #3451, #3318, #751, #1224 ) ) ;
#3162 = EDGE_CURVE ( 'NONE', #3914, #1794, #207, .T. ) ;
#3163 = LINE ( 'NONE', #92, #894 ) ;
#3164 = AXIS2_PLACEMENT_3D ( 'NONE', #2085, #2058, #3834 ) ;
#3165 = PRESENTATION_LAYER_ASSIGNMENT (  '', '', ( #5634 ) ) ;
#3166 = UNCERTAINTY_MEASURE_WITH_UNIT (LENGTH_MEASURE( 1.000000000000000082E-05 ), #4765, 'distance_accuracy_value', 'NONE');
#3167 = DIRECTION ( 'NONE',  ( 0.0000000000000000000, -1.000000000000000000, -0.0000000000000000000 ) ) ;
#3168 = VECTOR ( 'NONE', #253, 1000.000000000000000 ) ;
#3169 = VECTOR ( 'NONE', #2045, 1000.000000000000000 ) ;
#3170 = EDGE_CURVE ( 'NONE', #2212, #2732, #644, .T. ) ;
#3171 = PRESENTATION_STYLE_ASSIGNMENT (( #1415 ) ) ;
#3172 = LINE ( 'NONE', #1396, #5635 ) ;
#3173 = FILL_AREA_STYLE ('',( #1417 ) ) ;
#3174 = MECHANICAL_DESIGN_GEOMETRIC_PRESENTATION_REPRESENTATION (  '', ( #5079 ), #414 ) ;
#3175 =( NAMED_UNIT ( * ) SI_UNIT ( $, .STERADIAN. ) SOLID_ANGLE_UNIT ( ) );
#3176 = DIRECTION ( 'NONE',  ( -0.0000000000000000000, -1.000000000000000000, -0.0000000000000000000 ) ) ;
#3177 = PRESENTATION_STYLE_ASSIGNMENT (( #1421 ) ) ;
#3178 = VECTOR ( 'NONE', #1733, 1000.000000000000000 ) ;
#3179 = LINE ( 'NONE', #1872, #4313 ) ;
#3180 =( NAMED_UNIT ( * ) SI_UNIT ( $, .STERADIAN. ) SOLID_ANGLE_UNIT ( ) );
#3181 = EDGE_LOOP ( 'NONE', ( #845, #2264, #2702, #5138, #1263, #284, #2344, #2842 ) ) ;
#3182 = CARTESIAN_POINT ( 'NONE',  ( 0.5749999999999999556, 0.1333333333333334425, -1.040000000000000036 ) ) ;
#3183 = ORIENTED_EDGE ( 'NONE', *, *, #2807, .T. ) ;
#3184 = SURFACE_SIDE_STYLE ('',( #4961 ) ) ;
#3185 = DIRECTION ( 'NONE',  ( 1.000000000000000000, 0.0000000000000000000, 0.0000000000000000000 ) ) ;
#3186 = AXIS2_PLACEMENT_3D ( 'NONE', #783, #2580, #3443 ) ;
#3187 = CARTESIAN_POINT ( 'NONE',  ( 0.1549999999999998601, 0.1333333333333334425, -0.5000000000000002220 ) ) ;
#3189 = STYLED_ITEM ( 'NONE', ( #5213 ), #3813 ) ;
#3188 =( LENGTH_UNIT ( ) NAMED_UNIT ( * ) SI_UNIT ( .MILLI., .METRE. ) );
#3190 = ORIENTED_EDGE ( 'NONE', *, *, #3845, .T. ) ;
#3191 = CARTESIAN_POINT ( 'NONE',  ( -0.4999999999999997780, 0.2000000000000000111, 0.7500000000000002220 ) ) ;
#3192 = PRESENTATION_STYLE_ASSIGNMENT (( #4909 ) ) ;
#3193 = CARTESIAN_POINT ( 'NONE',  ( 0.7999999999999999334, 0.2000000000000000111, -0.7500000000000000000 ) ) ;
#3194 = FILL_AREA_STYLE_COLOUR ( '', #4865 ) ;
#3195 = VERTEX_POINT ( 'NONE', #3749 ) ;
#3196 = VECTOR ( 'NONE', #3357, 1000.000000000000000 ) ;
#3197 = DIRECTION ( 'NONE',  ( 0.0000000000000000000, 0.0000000000000000000, 1.000000000000000000 ) ) ;
#3198 = MECHANICAL_DESIGN_GEOMETRIC_PRESENTATION_REPRESENTATION (  '', ( #4850 ), #1940 ) ;
#3199 = EDGE_CURVE ( 'NONE', #3777, #4233, #2153, .T. ) ;
#3200 = EDGE_CURVE ( 'NONE', #2309, #586, #5492, .T. ) ;
#3201 = VECTOR ( 'NONE', #2160, 1000.000000000000000 ) ;
#3202 = ORIENTED_EDGE ( 'NONE', *, *, #2302, .F. ) ;
#3203 = VECTOR ( 'NONE', #5149, 1000.000000000000000 ) ;
#3204 =( GEOMETRIC_REPRESENTATION_CONTEXT ( 3 ) GLOBAL_UNCERTAINTY_ASSIGNED_CONTEXT ( ( #223 ) ) GLOBAL_UNIT_ASSIGNED_CONTEXT ( ( #388, #3466, #4773 ) ) REPRESENTATION_CONTEXT ( 'NONE', 'WORKASPACE' ) );
#3205 = SURFACE_SIDE_STYLE ('',( #5377 ) ) ;
#3206 = CARTESIAN_POINT ( 'NONE',  ( 1.004000000000000226, 0.07999999999999998779, -0.3300000000000000711 ) ) ;
#3207 = VECTOR ( 'NONE', #4606, 1000.000000000000000 ) ;
#3208 = DIRECTION ( 'NONE',  ( 1.000000000000000000, 0.0000000000000000000, 0.0000000000000000000 ) ) ;
#3209 = CARTESIAN_POINT ( 'NONE',  ( 0.0000000000000000000, 0.0000000000000000000, 0.0000000000000000000 ) ) ;
#3210 = COLOUR_RGB ( '',0.1098039215686274495, 0.1098039215686274495, 0.1098039215686274495 ) ;
#3211 = EDGE_CURVE ( 'NONE', #2331, #1538, #1227, .T. ) ;
#3212 = MECHANICAL_DESIGN_GEOMETRIC_PRESENTATION_REPRESENTATION (  '', ( #3863 ), #1553 ) ;
#3213 = SURFACE_STYLE_USAGE ( .BOTH. , #1450 ) ;
#3214 = VERTEX_POINT ( 'NONE', #3717 ) ;
#3215 = DIRECTION ( 'NONE',  ( 0.0000000000000000000, -1.000000000000000000, 0.0000000000000000000 ) ) ;
#3216 = PRESENTATION_LAYER_ASSIGNMENT (  '', '', ( #1643 ) ) ;
#3217 = DIRECTION ( 'NONE',  ( -1.000000000000000000, -0.0000000000000000000, -0.0000000000000000000 ) ) ;
#3218 = CARTESIAN_POINT ( 'NONE',  ( -1.000000000000000000, 0.04000000000000000083, -1.000000000000000222 ) ) ;
#3219 =( GEOMETRIC_REPRESENTATION_CONTEXT ( 3 ) GLOBAL_UNCERTAINTY_ASSIGNED_CONTEXT ( ( #2033 ) ) GLOBAL_UNIT_ASSIGNED_CONTEXT ( ( #2317, #4038, #3049 ) ) REPRESENTATION_CONTEXT ( 'NONE', 'WORKASPACE' ) );
#3220 = LINE ( 'NONE', #196, #5598 ) ;
#3221 = DIRECTION ( 'NONE',  ( 0.7071067811865552333, -0.7071067811865398012, 9.185433182841715972E-17 ) ) ;
#3222 = ORIENTED_EDGE ( 'NONE', *, *, #4023, .F. ) ;
#3223 = VECTOR ( 'NONE', #818, 1000.000000000000000 ) ;
#3224 = COLOUR_RGB ( '',0.4313725490196078649, 0.4509803921568627527, 0.4313725490196078649 ) ;
#3225 = CARTESIAN_POINT ( 'NONE',  ( -1.004000000000000226, 0.1399999999999999578, 0.4400000000000000577 ) ) ;
#3226 =( GEOMETRIC_REPRESENTATION_CONTEXT ( 3 ) GLOBAL_UNCERTAINTY_ASSIGNED_CONTEXT ( ( #2947 ) ) GLOBAL_UNIT_ASSIGNED_CONTEXT ( ( #2488, #1107, #5157 ) ) REPRESENTATION_CONTEXT ( 'NONE', 'WORKASPACE' ) );
#3227 = LINE ( 'NONE', #2841, #1183 ) ;
#3228 = EDGE_LOOP ( 'NONE', ( #897, #3131, #5386, #2618 ) ) ;
#3229 = MECHANICAL_DESIGN_GEOMETRIC_PRESENTATION_REPRESENTATION (  '', ( #2788 ), #3234 ) ;
#3230 =( NAMED_UNIT ( * ) SI_UNIT ( $, .STERADIAN. ) SOLID_ANGLE_UNIT ( ) );
#3231 = UNCERTAINTY_MEASURE_WITH_UNIT (LENGTH_MEASURE( 1.000000000000000082E-05 ), #1419, 'distance_accuracy_value', 'NONE');
#3232 = PLANE ( 'NONE',  #4607 ) ;
#3233 = SURFACE_STYLE_FILL_AREA ( #3258 ) ;
#3234 =( GEOMETRIC_REPRESENTATION_CONTEXT ( 3 ) GLOBAL_UNCERTAINTY_ASSIGNED_CONTEXT ( ( #2274 ) ) GLOBAL_UNIT_ASSIGNED_CONTEXT ( ( #555, #1775, #2735 ) ) REPRESENTATION_CONTEXT ( 'NONE', 'WORKASPACE' ) );
#3235 = EDGE_LOOP ( 'NONE', ( #3961, #4469, #3829, #3853, #90, #420, #17, #1106 ) ) ;
#3236 = SURFACE_STYLE_FILL_AREA ( #1558 ) ;
#3237 = EDGE_CURVE ( 'NONE', #1193, #4985, #408, .T. ) ;
#3238 = MECHANICAL_DESIGN_GEOMETRIC_PRESENTATION_REPRESENTATION (  '', ( #2968 ), #4163 ) ;
#3239 = SURFACE_SIDE_STYLE ('',( #4187 ) ) ;
#3240 = PLANE ( 'NONE',  #4495 ) ;
#3241 = LINE ( 'NONE', #2769, #2208 ) ;
#3242 = CARTESIAN_POINT ( 'NONE',  ( -0.6574999999999999734, 0.0000000000000000000, 0.5000000000000006661 ) ) ;
#3243 = APPLICATION_PROTOCOL_DEFINITION ( 'draft international standard', 'automotive_design', 1998, #946 ) ;
#3244 = ADVANCED_FACE ( 'NONE', ( #5462 ), #790, .F. ) ;
#3245 = FILL_AREA_STYLE ('',( #4113 ) ) ;
#3246 = CARTESIAN_POINT ( 'NONE',  ( -0.9800000000000004263, 0.6500000000000000222, -1.000000000000000222 ) ) ;
#3247 = PRESENTATION_STYLE_ASSIGNMENT (( #4062 ) ) ;
#3248 = SURFACE_STYLE_USAGE ( .BOTH. , #5357 ) ;
#3249 = ORIENTED_EDGE ( 'NONE', *, *, #4786, .T. ) ;
#3250 =( LENGTH_UNIT ( ) NAMED_UNIT ( * ) SI_UNIT ( .MILLI., .METRE. ) );
#3251 = ORIENTED_EDGE ( 'NONE', *, *, #2168, .T. ) ;
#3252 =( NAMED_UNIT ( * ) PLANE_ANGLE_UNIT ( ) SI_UNIT ( $, .RADIAN. ) );
#3253 = CARTESIAN_POINT ( 'NONE',  ( 1.004000000000000226, 0.07999999999999993228, 0.7100000000000000755 ) ) ;
#3254 = PRESENTATION_STYLE_ASSIGNMENT (( #4095 ) ) ;
#3255 = ORIENTED_EDGE ( 'NONE', *, *, #2486, .T. ) ;
#3256 = SURFACE_SIDE_STYLE ('',( #2412 ) ) ;
#3257 = SURFACE_STYLE_USAGE ( .BOTH. , #1492 ) ;
#3258 = FILL_AREA_STYLE ('',( #1493 ) ) ;
#3259 = VECTOR ( 'NONE', #4434, 1000.000000000000000 ) ;
#3260 = PRESENTATION_LAYER_ASSIGNMENT (  '', '', ( #4993 ) ) ;
#3261 = ORIENTED_EDGE ( 'NONE', *, *, #3953, .T. ) ;
#3262 = LINE ( 'NONE', #227, #5392 ) ;
#3263 =( NAMED_UNIT ( * ) SI_UNIT ( $, .STERADIAN. ) SOLID_ANGLE_UNIT ( ) );
#3264 = SURFACE_STYLE_FILL_AREA ( #4480 ) ;
#3265 = CIRCLE ( 'NONE', #2087, 0.1166666666666672653 ) ;
#3266 = LINE ( 'NONE', #5522, #1278 ) ;
#3267 = DIRECTION ( 'NONE',  ( 0.0000000000000000000, 0.0000000000000000000, 1.000000000000000000 ) ) ;
#3268 = AXIS2_PLACEMENT_3D ( 'NONE', #832, #1275, #5176 ) ;
#3269 =( NAMED_UNIT ( * ) PLANE_ANGLE_UNIT ( ) SI_UNIT ( $, .RADIAN. ) );
#3270 = CARTESIAN_POINT ( 'NONE',  ( 1.004000000000000226, 0.0000000000000000000, 0.0000000000000000000 ) ) ;
#3271 = PRESENTATION_LAYER_ASSIGNMENT (  '', '', ( #1519 ) ) ;
#3272 = EDGE_CURVE ( 'NONE', #4726, #2911, #4614, .T. ) ;
#3273 = ADVANCED_FACE ( 'NONE', ( #1124 ), #2446, .F. ) ;
#3274 = EDGE_LOOP ( 'NONE', ( #985, #811, #5313, #5404 ) ) ;
#3275 = LINE ( 'NONE', #575, #2414 ) ;
#3276 = CARTESIAN_POINT ( 'NONE',  ( -0.1499999999999998557, 0.0000000000000000000, 0.7500000000000001110 ) ) ;
#3277 = VERTEX_POINT ( 'NONE', #4858 ) ;
#3278 = FACE_OUTER_BOUND ( 'NONE', #4333, .T. ) ;
#3279 = VECTOR ( 'NONE', #3859, 1000.000000000000000 ) ;
#3280 = DIRECTION ( 'NONE',  ( 0.0000000000000000000, -1.000000000000000000, 0.0000000000000000000 ) ) ;
#3281 = EDGE_CURVE ( 'NONE', #72, #4380, #3135, .T. ) ;
#3282 = MECHANICAL_DESIGN_GEOMETRIC_PRESENTATION_REPRESENTATION (  '', ( #5563 ), #3857 ) ;
#3283 = ORIENTED_EDGE ( 'NONE', *, *, #599, .F. ) ;
#3284 = FILL_AREA_STYLE ('',( #1521 ) ) ;
#3285 = UNCERTAINTY_MEASURE_WITH_UNIT (LENGTH_MEASURE( 1.000000000000000082E-05 ), #711, 'distance_accuracy_value', 'NONE');
#3286 = SURFACE_STYLE_FILL_AREA ( #5430 ) ;
#3287 = ORIENTED_EDGE ( 'NONE', *, *, #2136, .F. ) ;
#3288 = CARTESIAN_POINT ( 'NONE',  ( 0.5749999999999999556, 0.1333333333333334425, -1.040000000000000036 ) ) ;
#3289 = UNCERTAINTY_MEASURE_WITH_UNIT (LENGTH_MEASURE( 1.000000000000000082E-05 ), #492, 'distance_accuracy_value', 'NONE');
#3290 = CARTESIAN_POINT ( 'NONE',  ( -0.4999999999999997780, 0.2000000000000000111, -1.039999999999999591 ) ) ;
#3291 = SURFACE_SIDE_STYLE ('',( #5408 ) ) ;
#3292 = DIRECTION ( 'NONE',  ( -1.000000000000000000, 0.0000000000000000000, -0.0000000000000000000 ) ) ;
#3293 =( NAMED_UNIT ( * ) SI_UNIT ( $, .STERADIAN. ) SOLID_ANGLE_UNIT ( ) );
#3294 = VECTOR ( 'NONE', #4081, 1000.000000000000000 ) ;
#3295 =( NAMED_UNIT ( * ) SI_UNIT ( $, .STERADIAN. ) SOLID_ANGLE_UNIT ( ) );
#3296 = CARTESIAN_POINT ( 'NONE',  ( -0.7499999999999997780, 0.5849999999999999645, 0.6666666666666660745 ) ) ;
#3297 = FILL_AREA_STYLE ('',( #1071 ) ) ;
#3298 = STYLED_ITEM ( 'NONE', ( #2587 ), #4805 ) ;
#3299 = VECTOR ( 'NONE', #232, 1000.000000000000000 ) ;
#3300 = LINE ( 'NONE', #300, #1925 ) ;
#3301 = MECHANICAL_DESIGN_GEOMETRIC_PRESENTATION_REPRESENTATION (  '', ( #3950 ), #1844 ) ;
#3302 = PRESENTATION_STYLE_ASSIGNMENT (( #3729 ) ) ;
#3303 = STYLED_ITEM ( 'NONE', ( #5413 ), #5020 ) ;
#3304 = ORIENTED_EDGE ( 'NONE', *, *, #169, .F. ) ;
#3305 = CARTESIAN_POINT ( 'NONE',  ( 0.5749999999999999556, 0.2666666666666667740, 1.040000000000000036 ) ) ;
#3306 = EDGE_LOOP ( 'NONE', ( #707, #1086, #494, #5625 ) ) ;
#3307 = CARTESIAN_POINT ( 'NONE',  ( -0.8249999999999999556, 0.2000000000000000111, -0.5000000000000002220 ) ) ;
#3308 = EDGE_CURVE ( 'NONE', #3711, #1346, #551, .T. ) ;
#3309 = COLOUR_RGB ( '',0.4313725490196078649, 0.4509803921568627527, 0.4313725490196078649 ) ;
#3310 =( NAMED_UNIT ( * ) PLANE_ANGLE_UNIT ( ) SI_UNIT ( $, .RADIAN. ) );
#3311 = SURFACE_STYLE_FILL_AREA ( #684 ) ;
#3312 = ORIENTED_EDGE ( 'NONE', *, *, #5371, .F. ) ;
#3313 = STYLED_ITEM ( 'NONE', ( #3755 ), #5124 ) ;
#3314 = PLANE ( 'NONE',  #1272 ) ;
#3315 = FACE_OUTER_BOUND ( 'NONE', #120, .T. ) ;
#3316 = ADVANCED_FACE ( 'NONE', ( #2674 ), #940, .F. ) ;
#3317 = MECHANICAL_DESIGN_GEOMETRIC_PRESENTATION_REPRESENTATION (  '', ( #1467 ), #5144 ) ;
#3318 = ORIENTED_EDGE ( 'NONE', *, *, #2027, .F. ) ;
#3319 = CARTESIAN_POINT ( 'NONE',  ( -0.07499999999999996947, 0.2000000000000000111, 0.0000000000000000000 ) ) ;
#3320 = DIRECTION ( 'NONE',  ( 1.000000000000000000, 0.0000000000000000000, 0.0000000000000000000 ) ) ;
#3321 = CARTESIAN_POINT ( 'NONE',  ( -0.1549999999999998601, 0.2000000000000000111, 0.4999999999999997780 ) ) ;
#3322 = COLOUR_RGB ( '',0.4313725490196078649, 0.4509803921568627527, 0.4313725490196078649 ) ;
#3323 = VECTOR ( 'NONE', #2868, 1000.000000000000000 ) ;
#3324 = SURFACE_STYLE_FILL_AREA ( #774 ) ;
#3325 = CARTESIAN_POINT ( 'NONE',  ( -0.1499999999999998557, 0.1333333333333334147, 0.7500000000000001110 ) ) ;
#3326 = DIRECTION ( 'NONE',  ( 0.0000000000000000000, -0.0000000000000000000, 1.000000000000000000 ) ) ;
#3327 = CARTESIAN_POINT ( 'NONE',  ( 1.004000000000000226, 0.07999999999999996003, 0.4400000000000000022 ) ) ;
#3328 = VERTEX_POINT ( 'NONE', #2729 ) ;
#3329 = DIRECTION ( 'NONE',  ( 0.0000000000000000000, -1.000000000000000000, 0.0000000000000000000 ) ) ;
#3330 = FILL_AREA_STYLE_COLOUR ( '', #5117 ) ;
#3331 = ORIENTED_EDGE ( 'NONE', *, *, #141, .T. ) ;
#3332 = FILL_AREA_STYLE ('',( #5504 ) ) ;
#3333 = CARTESIAN_POINT ( 'NONE',  ( -0.8000000000000000444, 0.2000000000000000111, -0.7499999999999997780 ) ) ;
#3334 = PRESENTATION_STYLE_ASSIGNMENT (( #3365 ) ) ;
#3335 = SURFACE_SIDE_STYLE ('',( #1582 ) ) ;
#3336 = ORIENTED_EDGE ( 'NONE', *, *, #358, .T. ) ;
#3337 = PLANE ( 'NONE',  #5221 ) ;
#3338 =( NAMED_UNIT ( * ) PLANE_ANGLE_UNIT ( ) SI_UNIT ( $, .RADIAN. ) );
#3339 = UNCERTAINTY_MEASURE_WITH_UNIT (LENGTH_MEASURE( 1.000000000000000082E-05 ), #4526, 'distance_accuracy_value', 'NONE');
#3340 = SURFACE_STYLE_FILL_AREA ( #1588 ) ;
#3341 =( NAMED_UNIT ( * ) SI_UNIT ( $, .STERADIAN. ) SOLID_ANGLE_UNIT ( ) );
#3342 = ADVANCED_FACE ( 'NONE', ( #1831 ), #3460, .F. ) ;
#3343 = EDGE_CURVE ( 'NONE', #337, #3440, #4202, .T. ) ;
#3344 = ORIENTED_EDGE ( 'NONE', *, *, #3532, .F. ) ;
#3345 = SURFACE_SIDE_STYLE ('',( #1920 ) ) ;
#3346 = SURFACE_SIDE_STYLE ('',( #3787 ) ) ;
#3347 = CARTESIAN_POINT ( 'NONE',  ( 0.07499999999999998335, 0.1333333333333334147, -1.040000000000000036 ) ) ;
#3348 = CARTESIAN_POINT ( 'NONE',  ( 0.9800000000000004263, 0.03999999999999999389, -1.000000000000000222 ) ) ;
#3349 = PRESENTATION_LAYER_ASSIGNMENT (  '', '', ( #129 ) ) ;
#3350 = EDGE_CURVE ( 'NONE', #4120, #2490, #5425, .T. ) ;
#3351 = FILL_AREA_STYLE ('',( #4643 ) ) ;
#3352 = LINE ( 'NONE', #3794, #327 ) ;
#3353 = VECTOR ( 'NONE', #3393, 1000.000000000000000 ) ;
#3354 = STYLED_ITEM ( 'NONE', ( #5317 ), #2539 ) ;
#3355 = SURFACE_SIDE_STYLE ('',( #2881 ) ) ;
#3356 = LINE ( 'NONE', #2075, #3012 ) ;
#3357 = DIRECTION ( 'NONE',  ( 1.000000000000000000, 0.0000000000000000000, 0.0000000000000000000 ) ) ;
#3358 = MECHANICAL_DESIGN_GEOMETRIC_PRESENTATION_REPRESENTATION (  '', ( #2182 ), #1140 ) ;
#3359 = AXIS2_PLACEMENT_3D ( 'NONE', #4700, #4729, #2492 ) ;
#3360 = PRESENTATION_STYLE_ASSIGNMENT (( #2049 ) ) ;
#3361 = ORIENTED_EDGE ( 'NONE', *, *, #2970, .F. ) ;
#3362 = CARTESIAN_POINT ( 'NONE',  ( -0.7999999999999997113, 0.0000000000000000000, 0.7500000000000002220 ) ) ;
#3363 = EDGE_LOOP ( 'NONE', ( #2511, #1443, #4256, #4728 ) ) ;
#3364 = SURFACE_SIDE_STYLE ('',( #733 ) ) ;
#3365 = SURFACE_STYLE_USAGE ( .BOTH. , #2614 ) ;
#3366 = CIRCLE ( 'NONE', #5638, 0.08333333333333370341 ) ;
#3367 =( GEOMETRIC_REPRESENTATION_CONTEXT ( 3 ) GLOBAL_UNCERTAINTY_ASSIGNED_CONTEXT ( ( #3109 ) ) GLOBAL_UNIT_ASSIGNED_CONTEXT ( ( #5550, #4695, #5584 ) ) REPRESENTATION_CONTEXT ( 'NONE', 'WORKASPACE' ) );
#3368 =( NAMED_UNIT ( * ) SI_UNIT ( $, .STERADIAN. ) SOLID_ANGLE_UNIT ( ) );
#3369 = CARTESIAN_POINT ( 'NONE',  ( -0.7249999999999997558, 0.2000000000000000111, -0.5000000000000002220 ) ) ;
#3370 = VERTEX_POINT ( 'NONE', #1515 ) ;
#3371 = DIRECTION ( 'NONE',  ( -0.7071067811865552333, 0.0000000000000000000, 0.7071067811865399122 ) ) ;
#3372 = LINE ( 'NONE', #2892, #4809 ) ;
#3373 =( NAMED_UNIT ( * ) PLANE_ANGLE_UNIT ( ) SI_UNIT ( $, .RADIAN. ) );
#3374 = EDGE_LOOP ( 'NONE', ( #3812, #3261, #3, #3900 ) ) ;
#3375 = ORIENTED_EDGE ( 'NONE', *, *, #867, .T. ) ;
#3376 = MECHANICAL_DESIGN_GEOMETRIC_PRESENTATION_REPRESENTATION (  '', ( #1440 ), #2666 ) ;
#3377 = SURFACE_STYLE_FILL_AREA ( #828 ) ;
#3378 = EDGE_CURVE ( 'NONE', #4593, #5196, #246, .T. ) ;
#3379 = EDGE_CURVE ( 'NONE', #960, #1848, #3707, .T. ) ;
#3380 = CARTESIAN_POINT ( 'NONE',  ( 0.7249999999999999778, 0.2000000000000000111, 0.7500000000000001110 ) ) ;
#3381 = MECHANICAL_DESIGN_GEOMETRIC_PRESENTATION_REPRESENTATION (  '', ( #160 ), #3745 ) ;
#3382 =( LENGTH_UNIT ( ) NAMED_UNIT ( * ) SI_UNIT ( .MILLI., .METRE. ) );
#3383 = CARTESIAN_POINT ( 'NONE',  ( -0.1549999999999999711, 0.0000000000000000000, -0.5000000000000002220 ) ) ;
#3384 = ADVANCED_FACE ( 'NONE', ( #1910 ), #5479, .T. ) ;
#3385 = AXIS2_PLACEMENT_3D ( 'NONE', #369, #2139, #1495 ) ;
#3386 = AXIS2_PLACEMENT_3D ( 'NONE', #3435, #3467, #1213 ) ;
#3387 = EDGE_LOOP ( 'NONE', ( #4132, #937, #5277, #4350 ) ) ;
#3388 = ORIENTED_EDGE ( 'NONE', *, *, #5336, .T. ) ;
#3389 = FACE_OUTER_BOUND ( 'NONE', #553, .T. ) ;
#3390 = MECHANICAL_DESIGN_GEOMETRIC_PRESENTATION_REPRESENTATION (  '', ( #3485 ), #5123 ) ;
#3391 = LINE ( 'NONE', #3307, #508 ) ;
#3392 =( NAMED_UNIT ( * ) SI_UNIT ( $, .STERADIAN. ) SOLID_ANGLE_UNIT ( ) );
#3393 = DIRECTION ( 'NONE',  ( 1.016439536705160160E-16, -1.000000000000000000, 0.0000000000000000000 ) ) ;
#3394 = COLOUR_RGB ( '',0.4313725490196078649, 0.4509803921568627527, 0.4313725490196078649 ) ;
#3395 = CONICAL_SURFACE ( 'NONE', #2398, 0.08333333333333370341, 0.7853981633974568277 ) ;
#3396 = LINE ( 'NONE', #2943, #188 ) ;
#3397 = ORIENTED_EDGE ( 'NONE', *, *, #1975, .F. ) ;
#3398 = DIRECTION ( 'NONE',  ( 0.0000000000000000000, 0.0000000000000000000, -1.000000000000000000 ) ) ;
#3399 = DIRECTION ( 'NONE',  ( 0.0000000000000000000, -0.0000000000000000000, -1.000000000000000000 ) ) ;
#3400 = UNCERTAINTY_MEASURE_WITH_UNIT (LENGTH_MEASURE( 1.000000000000000082E-05 ), #2170, 'distance_accuracy_value', 'NONE');
#3401 = STYLED_ITEM ( 'NONE', ( #4357 ), #4353 ) ;
#3402 = SURFACE_SIDE_STYLE ('',( #4660 ) ) ;
#3403 = PRESENTATION_LAYER_ASSIGNMENT (  '', '', ( #1944 ) ) ;
#3404 = EDGE_LOOP ( 'NONE', ( #4623, #2457, #5134, #3005 ) ) ;
#3405 = CARTESIAN_POINT ( 'NONE',  ( -1.004000000000000226, 0.07999999999999993228, 0.8200000000000000622 ) ) ;
#3406 = UNCERTAINTY_MEASURE_WITH_UNIT (LENGTH_MEASURE( 1.000000000000000082E-05 ), #1792, 'distance_accuracy_value', 'NONE');
#3407 = CARTESIAN_POINT ( 'NONE',  ( 0.5749999999999999556, 0.2000000000000000111, -0.5000000000000002220 ) ) ;
#3408 = FILL_AREA_STYLE ('',( #1125 ) ) ;
#3409 = SURFACE_SIDE_STYLE ('',( #4349 ) ) ;
#3410 = COLOUR_RGB ( '',0.1098039215686274495, 0.1098039215686274495, 0.1098039215686274495 ) ;
#3411 = EDGE_CURVE ( 'NONE', #2365, #291, #2370, .T. ) ;
#3412 = SURFACE_STYLE_USAGE ( .BOTH. , #3821 ) ;
#3413 = DIRECTION ( 'NONE',  ( 0.0000000000000000000, -1.000000000000000000, 0.0000000000000000000 ) ) ;
#3414 =( NAMED_UNIT ( * ) PLANE_ANGLE_UNIT ( ) SI_UNIT ( $, .RADIAN. ) );
#3415 = CARTESIAN_POINT ( 'NONE',  ( -0.6574999999999999734, 0.1333333333333333592, 0.5000000000000006661 ) ) ;
#3416 = CLOSED_SHELL ( 'NONE', ( #5312, #1981, #322, #1473, #5082, #5412 ) ) ;
#3417 = DIRECTION ( 'NONE',  ( 8.659560562355008046E-17, 0.7071067811865414665, -0.7071067811865536790 ) ) ;
#3418 = ADVANCED_FACE ( 'NONE', ( #4121 ), #630, .T. ) ;
#3419 = EDGE_CURVE ( 'NONE', #2782, #3534, #4151, .T. ) ;
#3420 = ORIENTED_EDGE ( 'NONE', *, *, #2999, .T. ) ;
#3421 = DIRECTION ( 'NONE',  ( 0.0000000000000000000, 0.0000000000000000000, 1.000000000000000000 ) ) ;
#3422 = ORIENTED_EDGE ( 'NONE', *, *, #1410, .F. ) ;
#3423 = CARTESIAN_POINT ( 'NONE',  ( 0.7249999999999999778, 0.1333333333333334425, -0.7500000000000000000 ) ) ;
#3424 = CARTESIAN_POINT ( 'NONE',  ( 0.7249999999999999778, 0.2000000000000000111, -1.040000000000000036 ) ) ;
#3425 = SURFACE_SIDE_STYLE ('',( #4701 ) ) ;
#3426 = VECTOR ( 'NONE', #4195, 1000.000000000000000 ) ;
#3427 = CARTESIAN_POINT ( 'NONE',  ( -0.07499999999999996947, 0.2000000000000000111, 0.0000000000000000000 ) ) ;
#3428 = LINE ( 'NONE', #5509, #1288 ) ;
#3429 =( LENGTH_UNIT ( ) NAMED_UNIT ( * ) SI_UNIT ( .MILLI., .METRE. ) );
#3430 = ORIENTED_EDGE ( 'NONE', *, *, #1734, .F. ) ;
#3431 = FACE_OUTER_BOUND ( 'NONE', #5156, .T. ) ;
#3432 = PRESENTATION_LAYER_ASSIGNMENT (  '', '', ( #1966 ) ) ;
#3433 = ORIENTED_EDGE ( 'NONE', *, *, #401, .F. ) ;
#3434 = PLANE ( 'NONE',  #3045 ) ;
#3435 = CARTESIAN_POINT ( 'NONE',  ( 0.1549999999999998601, 0.2000000000000000111, -0.5000000000000002220 ) ) ;
#3436 = VERTEX_POINT ( 'NONE', #2496 ) ;
#3437 =( NAMED_UNIT ( * ) SI_UNIT ( $, .STERADIAN. ) SOLID_ANGLE_UNIT ( ) );
#3438 = ORIENTED_EDGE ( 'NONE', *, *, #944, .T. ) ;
#3439 =( NAMED_UNIT ( * ) SI_UNIT ( $, .STERADIAN. ) SOLID_ANGLE_UNIT ( ) );
#3440 = VERTEX_POINT ( 'NONE', #3832 ) ;
#3441 =( NAMED_UNIT ( * ) PLANE_ANGLE_UNIT ( ) SI_UNIT ( $, .RADIAN. ) );
#3442 = SURFACE_STYLE_FILL_AREA ( #1790 ) ;
#3443 = DIRECTION ( 'NONE',  ( 0.0000000000000000000, 0.0000000000000000000, 1.000000000000000000 ) ) ;
#3444 = EDGE_CURVE ( 'NONE', #1175, #4300, #1579, .T. ) ;
#3445 = ADVANCED_FACE ( 'NONE', ( #373 ), #2084, .F. ) ;
#3446 = PRESENTATION_STYLE_ASSIGNMENT (( #341 ) ) ;
#3447 = COLOUR_RGB ( '',0.4313725490196078649, 0.4509803921568627527, 0.4313725490196078649 ) ;
#3448 = PRESENTATION_LAYER_ASSIGNMENT (  '', '', ( #4910 ) ) ;
#3449 = LINE ( 'NONE', #5531, #4597 ) ;
#3450 =( LENGTH_UNIT ( ) NAMED_UNIT ( * ) SI_UNIT ( .MILLI., .METRE. ) );
#3451 = ORIENTED_EDGE ( 'NONE', *, *, #698, .T. ) ;
#3452 = SURFACE_STYLE_FILL_AREA ( #1171 ) ;
#3453 = VECTOR ( 'NONE', #314, 1000.000000000000114 ) ;
#3454 = PRESENTATION_LAYER_ASSIGNMENT (  '', '', ( #1998 ) ) ;
#3455 = DIRECTION ( 'NONE',  ( 0.0000000000000000000, 0.0000000000000000000, 1.000000000000000000 ) ) ;
#3456 = UNCERTAINTY_MEASURE_WITH_UNIT (LENGTH_MEASURE( 1.000000000000000082E-05 ), #2116, 'distance_accuracy_value', 'NONE');
#3457 =( LENGTH_UNIT ( ) NAMED_UNIT ( * ) SI_UNIT ( .MILLI., .METRE. ) );
#3458 = DIRECTION ( 'NONE',  ( 0.0000000000000000000, 1.000000000000000000, 0.0000000000000000000 ) ) ;
#3459 = ADVANCED_FACE ( 'NONE', ( #753 ), #5140, .F. ) ;
#3460 = CONICAL_SURFACE ( 'NONE', #3835, 0.08333333333333370341, 0.7853981633974568277 ) ;
#3461 = SURFACE_STYLE_FILL_AREA ( #3351 ) ;
#3462 = EDGE_LOOP ( 'NONE', ( #898, #2832, #1907, #5183 ) ) ;
#3463 = UNCERTAINTY_MEASURE_WITH_UNIT (LENGTH_MEASURE( 1.000000000000000082E-05 ), #2717, 'distance_accuracy_value', 'NONE');
#3464 = PRESENTATION_LAYER_ASSIGNMENT (  '', '', ( #2565 ) ) ;
#3465 = CARTESIAN_POINT ( 'NONE',  ( 0.1500000000000000500, 0.0000000000000000000, -1.040000000000000036 ) ) ;
#3466 =( NAMED_UNIT ( * ) PLANE_ANGLE_UNIT ( ) SI_UNIT ( $, .RADIAN. ) );
#3467 = DIRECTION ( 'NONE',  ( 1.000000000000000000, 0.0000000000000000000, -1.355252715606880543E-16 ) ) ;
#3468 = ORIENTED_EDGE ( 'NONE', *, *, #5200, .F. ) ;
#3469 = VECTOR ( 'NONE', #4297, 1000.000000000000000 ) ;
#3470 =( NAMED_UNIT ( * ) PLANE_ANGLE_UNIT ( ) SI_UNIT ( $, .RADIAN. ) );
#3471 =( LENGTH_UNIT ( ) NAMED_UNIT ( * ) SI_UNIT ( .MILLI., .METRE. ) );
#3472 = DIRECTION ( 'NONE',  ( -0.0000000000000000000, -0.0000000000000000000, -1.000000000000000000 ) ) ;
#3473 = DIRECTION ( 'NONE',  ( 0.0000000000000000000, 1.000000000000000000, 0.0000000000000000000 ) ) ;
#3474 = LINE ( 'NONE', #3242, #1656 ) ;
#3475 = EDGE_LOOP ( 'NONE', ( #2231, #3516, #5099, #5262 ) ) ;
#3476 = VECTOR ( 'NONE', #5270, 1000.000000000000000 ) ;
#3477 = FACE_OUTER_BOUND ( 'NONE', #4460, .T. ) ;
#3478 = EDGE_LOOP ( 'NONE', ( #4033, #4518, #2722, #5085 ) ) ;
#3479 = PLANE ( 'NONE',  #5091 ) ;
#3480 = PRESENTATION_STYLE_ASSIGNMENT (( #4730 ) ) ;
#3481 = DIRECTION ( 'NONE',  ( -0.0000000000000000000, -1.000000000000000000, -0.0000000000000000000 ) ) ;
#3482 = DIRECTION ( 'NONE',  ( -0.0000000000000000000, -1.000000000000000000, -0.0000000000000000000 ) ) ;
#3483 = MECHANICAL_DESIGN_GEOMETRIC_PRESENTATION_REPRESENTATION (  '', ( #4579 ), #4496 ) ;
#3484 = STYLED_ITEM ( 'NONE', ( #4742 ), #4513 ) ;
#3485 = STYLED_ITEM ( 'NONE', ( #3816 ), #4018 ) ;
#3486 =( LENGTH_UNIT ( ) NAMED_UNIT ( * ) SI_UNIT ( .MILLI., .METRE. ) );
#3487 =( LENGTH_UNIT ( ) NAMED_UNIT ( * ) SI_UNIT ( .MILLI., .METRE. ) );
#3488 = ORIENTED_EDGE ( 'NONE', *, *, #4293, .F. ) ;
#3489 = ADVANCED_FACE ( 'NONE', ( #4304 ), #5189, .T. ) ;
#3490 =( NAMED_UNIT ( * ) PLANE_ANGLE_UNIT ( ) SI_UNIT ( $, .RADIAN. ) );
#3491 = MECHANICAL_DESIGN_GEOMETRIC_PRESENTATION_REPRESENTATION (  '', ( #2764 ), #479 ) ;
#3492 = COLOUR_RGB ( '',0.4313725490196078649, 0.4509803921568627527, 0.4313725490196078649 ) ;
#3493 = PRESENTATION_LAYER_ASSIGNMENT (  '', '', ( #3863 ) ) ;
#3494 = ORIENTED_EDGE ( 'NONE', *, *, #4570, .T. ) ;
#3495 = STYLED_ITEM ( 'NONE', ( #1041 ), #4983 ) ;
#3496 = ADVANCED_FACE ( 'NONE', ( #1287 ), #4453, .T. ) ;
#3497 = CARTESIAN_POINT ( 'NONE',  ( -0.07499999999999996947, 0.1333333333333334147, -1.040000000000000036 ) ) ;
#3498 =( NAMED_UNIT ( * ) SI_UNIT ( $, .STERADIAN. ) SOLID_ANGLE_UNIT ( ) );
#3499 = ORIENTED_EDGE ( 'NONE', *, *, #566, .T. ) ;
#3500 = AXIS2_PLACEMENT_3D ( 'NONE', #1539, #2310, #2366 ) ;
#3501 = SURFACE_SIDE_STYLE ('',( #3013 ) ) ;
#3502 = FILL_AREA_STYLE_COLOUR ( '', #4109 ) ;
#3503 = DIRECTION ( 'NONE',  ( 0.0000000000000000000, -0.0000000000000000000, -1.000000000000000000 ) ) ;
#3504 = LINE ( 'NONE', #4447, #4837 ) ;
#3505 = STYLED_ITEM ( 'NONE', ( #1718 ), #212 ) ;
#3506 = DIRECTION ( 'NONE',  ( 1.000000000000000000, 0.0000000000000000000, 0.0000000000000000000 ) ) ;
#3507 = AXIS2_PLACEMENT_3D ( 'NONE', #368, #243, #839 ) ;
#3508 = ORIENTED_EDGE ( 'NONE', *, *, #3091, .F. ) ;
#3509 = CARTESIAN_POINT ( 'NONE',  ( -1.004000000000000226, 0.1399999999999998745, 0.7100000000000000755 ) ) ;
#3510 = DIRECTION ( 'NONE',  ( 1.000000000000000000, 0.0000000000000000000, 0.0000000000000000000 ) ) ;
#3511 = ORIENTED_EDGE ( 'NONE', *, *, #1191, .T. ) ;
#3512 =( LENGTH_UNIT ( ) NAMED_UNIT ( * ) SI_UNIT ( .MILLI., .METRE. ) );
#3513 = LINE ( 'NONE', #514, #5103 ) ;
#3514 = FILL_AREA_STYLE_COLOUR ( '', #510 ) ;
#3515 =( NAMED_UNIT ( * ) PLANE_ANGLE_UNIT ( ) SI_UNIT ( $, .RADIAN. ) );
#3516 = ORIENTED_EDGE ( 'NONE', *, *, #4600, .F. ) ;
#3517 = COLOUR_RGB ( '',0.4313725490196078649, 0.4509803921568627527, 0.4313725490196078649 ) ;
#3518 = PLANE ( 'NONE',  #219 ) ;
#3519 = DIRECTION ( 'NONE',  ( -0.0000000000000000000, -0.0000000000000000000, 1.000000000000000000 ) ) ;
#3520 = ORIENTED_EDGE ( 'NONE', *, *, #1734, .T. ) ;
#3521 = DIRECTION ( 'NONE',  ( 0.0000000000000000000, 0.0000000000000000000, -1.000000000000000000 ) ) ;
#3522 = UNCERTAINTY_MEASURE_WITH_UNIT (LENGTH_MEASURE( 1.000000000000000082E-05 ), #1629, 'distance_accuracy_value', 'NONE');
#3523 = DIRECTION ( 'NONE',  ( 0.0000000000000000000, -1.000000000000000000, 0.0000000000000000000 ) ) ;
#3524 = SURFACE_SIDE_STYLE ('',( #1778 ) ) ;
#3525 = EDGE_CURVE ( 'NONE', #5533, #884, #4392, .T. ) ;
#3526 = EDGE_CURVE ( 'NONE', #1774, #2331, #3513, .T. ) ;
#3527 = ORIENTED_EDGE ( 'NONE', *, *, #5050, .F. ) ;
#3528 = DIRECTION ( 'NONE',  ( 0.0000000000000000000, -1.000000000000000000, 0.0000000000000000000 ) ) ;
#3529 = LINE ( 'NONE', #4839, #5512 ) ;
#3530 = LINE ( 'NONE', #5636, #4119 ) ;
#3531 = DIRECTION ( 'NONE',  ( -0.0000000000000000000, 1.000000000000000000, 0.0000000000000000000 ) ) ;
#3532 = EDGE_CURVE ( 'NONE', #1681, #2066, #462, .T. ) ;
#3533 =( NAMED_UNIT ( * ) SI_UNIT ( $, .STERADIAN. ) SOLID_ANGLE_UNIT ( ) );
#3534 = VERTEX_POINT ( 'NONE', #3067 ) ;
#3535 = DIRECTION ( 'NONE',  ( -0.0000000000000000000, 1.000000000000000000, -0.0000000000000000000 ) ) ;
#3536 = FILL_AREA_STYLE ('',( #5219 ) ) ;
#3537 = VERTEX_POINT ( 'NONE', #20 ) ;
#3538 = LINE ( 'NONE', #2257, #2183 ) ;
#3539 = SURFACE_SIDE_STYLE ('',( #3442 ) ) ;
#3540 =( NAMED_UNIT ( * ) PLANE_ANGLE_UNIT ( ) SI_UNIT ( $, .RADIAN. ) );
#3541 = AXIS2_PLACEMENT_3D ( 'NONE', #4008, #4736, #3102 ) ;
#3542 = COLOUR_RGB ( '',0.4313725490196078649, 0.4509803921568627527, 0.4313725490196078649 ) ;
#3543 = DIRECTION ( 'NONE',  ( 0.0000000000000000000, 0.0000000000000000000, -1.000000000000000000 ) ) ;
#3544 = ORIENTED_EDGE ( 'NONE', *, *, #2999, .F. ) ;
#3545 = LINE ( 'NONE', #5284, #1802 ) ;
#3546 = PRESENTATION_STYLE_ASSIGNMENT (( #498 ) ) ;
#3547 = STYLED_ITEM ( 'NONE', ( #3446 ), #1771 ) ;
#3548 = MECHANICAL_DESIGN_GEOMETRIC_PRESENTATION_REPRESENTATION (  '', ( #5276 ), #2553 ) ;
#3550 =( GEOMETRIC_REPRESENTATION_CONTEXT ( 3 ) GLOBAL_UNCERTAINTY_ASSIGNED_CONTEXT ( ( #4498 ) ) GLOBAL_UNIT_ASSIGNED_CONTEXT ( ( #12, #3338, #588 ) ) REPRESENTATION_CONTEXT ( 'NONE', 'WORKASPACE' ) );
#3549 = CARTESIAN_POINT ( 'NONE',  ( 0.8000000000000001554, 0.2000000000000000111, -1.040000000000000036 ) ) ;
#3551 = COLOUR_RGB ( '',0.4313725490196078649, 0.4509803921568627527, 0.4313725490196078649 ) ;
#3552 = VERTEX_POINT ( 'NONE', #1791 ) ;
#3553 = LINE ( 'NONE', #1359, #633 ) ;
#3554 =( NAMED_UNIT ( * ) SI_UNIT ( $, .STERADIAN. ) SOLID_ANGLE_UNIT ( ) );
#3555 = MECHANICAL_DESIGN_GEOMETRIC_PRESENTATION_REPRESENTATION (  '', ( #1519 ), #3004 ) ;
#3556 = ORIENTED_EDGE ( 'NONE', *, *, #110, .T. ) ;
#3557 = MECHANICAL_DESIGN_GEOMETRIC_PRESENTATION_REPRESENTATION (  '', ( #1824 ), #4921 ) ;
#3558 = EDGE_CURVE ( 'NONE', #850, #445, #4849, .T. ) ;
#3559 = SURFACE_STYLE_USAGE ( .BOTH. , #3058 ) ;
#3560 =( NAMED_UNIT ( * ) PLANE_ANGLE_UNIT ( ) SI_UNIT ( $, .RADIAN. ) );
#3561 = SURFACE_STYLE_USAGE ( .BOTH. , #2253 ) ;
#3562 = FACE_OUTER_BOUND ( 'NONE', #1800, .T. ) ;
#3563 = COLOUR_RGB ( '',0.4313725490196078649, 0.4509803921568627527, 0.4313725490196078649 ) ;
#3564 = VERTEX_POINT ( 'NONE', #1852 ) ;
#3565 = CARTESIAN_POINT ( 'NONE',  ( -1.004000000000000226, 0.1399999999999999856, -0.8199999999999999512 ) ) ;
#3566 = ORIENTED_EDGE ( 'NONE', *, *, #4352, .T. ) ;
#3567 = ADVANCED_FACE ( 'NONE', ( #3598 ), #538, .F. ) ;
#3568 = FILL_AREA_STYLE ('',( #2172 ) ) ;
#3569 = SURFACE_SIDE_STYLE ('',( #5647 ) ) ;
#3570 = CARTESIAN_POINT ( 'NONE',  ( 1.004000000000000226, 0.0000000000000000000, 0.0000000000000000000 ) ) ;
#3571 = ORIENTED_EDGE ( 'NONE', *, *, #1413, .F. ) ;
#3572 = DIRECTION ( 'NONE',  ( 0.0000000000000000000, 0.0000000000000000000, 1.000000000000000000 ) ) ;
#3573 =( NAMED_UNIT ( * ) SI_UNIT ( $, .STERADIAN. ) SOLID_ANGLE_UNIT ( ) );
#3574 = ORIENTED_EDGE ( 'NONE', *, *, #1975, .T. ) ;
#3575 = SURFACE_STYLE_USAGE ( .BOTH. , #4856 ) ;
#3576 = FACE_OUTER_BOUND ( 'NONE', #1669, .T. ) ;
#3577 = CARTESIAN_POINT ( 'NONE',  ( -0.1499999999999998279, 0.2000000000000000111, 1.040000000000000036 ) ) ;
#3578 = COLOUR_RGB ( '',0.4313725490196078649, 0.4509803921568627527, 0.4313725490196078649 ) ;
#3579 = DIRECTION ( 'NONE',  ( 1.016439536705160160E-16, -1.000000000000000000, 0.0000000000000000000 ) ) ;
#3580 = PRESENTATION_LAYER_ASSIGNMENT (  '', '', ( #3586 ) ) ;
#3581 =( NAMED_UNIT ( * ) PLANE_ANGLE_UNIT ( ) SI_UNIT ( $, .RADIAN. ) );
#3582 = MECHANICAL_DESIGN_GEOMETRIC_PRESENTATION_REPRESENTATION (  '', ( #4938 ), #1270 ) ;
#3583 = EDGE_LOOP ( 'NONE', ( #757, #82 ) ) ;
#3584 = CARTESIAN_POINT ( 'NONE',  ( -1.004000000000000226, 0.07999999999999996003, 0.3300000000000000155 ) ) ;
#3585 = UNCERTAINTY_MEASURE_WITH_UNIT (LENGTH_MEASURE( 1.000000000000000082E-05 ), #1231, 'distance_accuracy_value', 'NONE');
#3586 = STYLED_ITEM ( 'NONE', ( #525 ), #4670 ) ;
#3587 =( NAMED_UNIT ( * ) PLANE_ANGLE_UNIT ( ) SI_UNIT ( $, .RADIAN. ) );
#3588 = VECTOR ( 'NONE', #251, 1000.000000000000000 ) ;
#3589 = LINE ( 'NONE', #976, #2997 ) ;
#3590 = DIRECTION ( 'NONE',  ( 0.0000000000000000000, 0.0000000000000000000, -1.000000000000000000 ) ) ;
#3591 = COLOUR_RGB ( '',0.4313725490196078649, 0.4509803921568627527, 0.4313725490196078649 ) ;
#3592 = CARTESIAN_POINT ( 'NONE',  ( 0.8249999999999998446, 0.0000000000000000000, -0.5000000000000002220 ) ) ;
#3593 = PRESENTATION_LAYER_ASSIGNMENT (  '', '', ( #5137 ) ) ;
#3594 = EDGE_CURVE ( 'NONE', #3016, #2490, #2391, .T. ) ;
#3595 = MECHANICAL_DESIGN_GEOMETRIC_PRESENTATION_REPRESENTATION (  '', ( #374 ), #2698 ) ;
#3596 = ORIENTED_EDGE ( 'NONE', *, *, #802, .T. ) ;
#3597 = VERTEX_POINT ( 'NONE', #598 ) ;
#3598 = FACE_OUTER_BOUND ( 'NONE', #471, .T. ) ;
#3599 = DIRECTION ( 'NONE',  ( -0.0000000000000000000, -1.000000000000000000, -0.0000000000000000000 ) ) ;
#3600 = LINE ( 'NONE', #877, #2993 ) ;
#3601 = ADVANCED_FACE ( 'NONE', ( #4561 ), #676, .F. ) ;
#3602 = EDGE_CURVE ( 'NONE', #5347, #780, #1504, .T. ) ;
#3603 = ORIENTED_EDGE ( 'NONE', *, *, #3730, .T. ) ;
#3604 = ORIENTED_EDGE ( 'NONE', *, *, #179, .T. ) ;
#3605 =( NAMED_UNIT ( * ) PLANE_ANGLE_UNIT ( ) SI_UNIT ( $, .RADIAN. ) );
#3606 = DIRECTION ( 'NONE',  ( 0.0000000000000000000, -0.0000000000000000000, -1.000000000000000000 ) ) ;
#3607 = FILL_AREA_STYLE ('',( #3157 ) ) ;
#3608 = VECTOR ( 'NONE', #2447, 1000.000000000000000 ) ;
#3609 = LINE ( 'NONE', #3955, #1455 ) ;
#3610 = VECTOR ( 'NONE', #1118, 1000.000000000000000 ) ;
#3611 = STYLED_ITEM ( 'NONE', ( #3150 ), #32 ) ;
#3612 = STYLED_ITEM ( 'NONE', ( #4276 ), #836 ) ;
#3613 = SURFACE_SIDE_STYLE ('',( #2736 ) ) ;
#3614 = DIRECTION ( 'NONE',  ( -1.000000000000000000, -0.0000000000000000000, -0.0000000000000000000 ) ) ;
#3615 = DIRECTION ( 'NONE',  ( -0.0000000000000000000, -0.0000000000000000000, 1.000000000000000000 ) ) ;
#3616 = SURFACE_STYLE_FILL_AREA ( #1869 ) ;
#3617 = FILL_AREA_STYLE_COLOUR ( '', #3753 ) ;
#3618 = DIRECTION ( 'NONE',  ( -1.000000000000000000, 0.0000000000000000000, 0.0000000000000000000 ) ) ;
#3619 = ORIENTED_EDGE ( 'NONE', *, *, #4710, .T. ) ;
#3620 = FILL_AREA_STYLE_COLOUR ( '', #1141 ) ;
#3621 = PLANE ( 'NONE',  #5295 ) ;
#3622 = SURFACE_STYLE_FILL_AREA ( #4454 ) ;
#3623 = ORIENTED_EDGE ( 'NONE', *, *, #760, .T. ) ;
#3624 = FACE_OUTER_BOUND ( 'NONE', #1699, .T. ) ;
#3625 = ORIENTED_EDGE ( 'NONE', *, *, #1661, .F. ) ;
#3626 = CARTESIAN_POINT ( 'NONE',  ( -0.7999999999999998224, 0.2000000000000000111, -1.039999999999999591 ) ) ;
#3627 = DIRECTION ( 'NONE',  ( 1.000000000000000000, 0.0000000000000000000, 0.0000000000000000000 ) ) ;
#3628 = ADVANCED_FACE ( 'NONE', ( #2778 ), #3621, .F. ) ;
#3629 = DIRECTION ( 'NONE',  ( -1.000000000000000000, 0.0000000000000000000, -0.0000000000000000000 ) ) ;
#3630 = DIRECTION ( 'NONE',  ( -0.0000000000000000000, -1.000000000000000000, -0.0000000000000000000 ) ) ;
#3631 = ORIENTED_EDGE ( 'NONE', *, *, #5585, .T. ) ;
#3632 = FILL_AREA_STYLE ('',( #5323 ) ) ;
#3633 = UNCERTAINTY_MEASURE_WITH_UNIT (LENGTH_MEASURE( 1.000000000000000082E-05 ), #5293, 'distance_accuracy_value', 'NONE');
#3634 = EDGE_CURVE ( 'NONE', #2331, #2397, #3356, .T. ) ;
#3635 = PLANE ( 'NONE',  #3793 ) ;
#3636 = LINE ( 'NONE', #5350, #4667 ) ;
#3637 = PRESENTATION_LAYER_ASSIGNMENT (  '', '', ( #2182 ) ) ;
#3638 = VECTOR ( 'NONE', #3915, 1000.000000000000000 ) ;
#3639 = DIRECTION ( 'NONE',  ( -0.0000000000000000000, -1.000000000000000000, -0.0000000000000000000 ) ) ;
#3640 = PRESENTATION_LAYER_ASSIGNMENT (  '', '', ( #2650 ) ) ;
#3641 =( GEOMETRIC_REPRESENTATION_CONTEXT ( 3 ) GLOBAL_UNCERTAINTY_ASSIGNED_CONTEXT ( ( #3052 ) ) GLOBAL_UNIT_ASSIGNED_CONTEXT ( ( #3692, #4506, #589 ) ) REPRESENTATION_CONTEXT ( 'NONE', 'WORKASPACE' ) );
#3642 = CARTESIAN_POINT ( 'NONE',  ( -0.1499999999999999389, 0.2000000000000000111, -0.7499999999999998890 ) ) ;
#3643 = CARTESIAN_POINT ( 'NONE',  ( -0.8249999999999999556, 0.1333333333333333592, -0.5000000000000002220 ) ) ;
#3644 =( LENGTH_UNIT ( ) NAMED_UNIT ( * ) SI_UNIT ( .MILLI., .METRE. ) );
#3645 = AXIS2_PLACEMENT_3D ( 'NONE', #3048, #229, #5060 ) ;
#3646 = FILL_AREA_STYLE_COLOUR ( '', #2506 ) ;
#3647 =( NAMED_UNIT ( * ) SI_UNIT ( $, .STERADIAN. ) SOLID_ANGLE_UNIT ( ) );
#3648 = ORIENTED_EDGE ( 'NONE', *, *, #1336, .T. ) ;
#3649 =( NAMED_UNIT ( * ) PLANE_ANGLE_UNIT ( ) SI_UNIT ( $, .RADIAN. ) );
#3650 = DIRECTION ( 'NONE',  ( 0.0000000000000000000, -0.0000000000000000000, 1.000000000000000000 ) ) ;
#3651 =( GEOMETRIC_REPRESENTATION_CONTEXT ( 3 ) GLOBAL_UNCERTAINTY_ASSIGNED_CONTEXT ( ( #121 ) ) GLOBAL_UNIT_ASSIGNED_CONTEXT ( ( #4655, #2113, #3392 ) ) REPRESENTATION_CONTEXT ( 'NONE', 'WORKASPACE' ) );
#3652 = ORIENTED_EDGE ( 'NONE', *, *, #3985, .F. ) ;
#3653 = PLANE ( 'NONE',  #279 ) ;
#3655 = AXIS2_PLACEMENT_3D ( 'NONE', #5468, #4618, #5418 ) ;
#3654 =( LENGTH_UNIT ( ) NAMED_UNIT ( * ) SI_UNIT ( .MILLI., .METRE. ) );
#3656 = EDGE_LOOP ( 'NONE', ( #4452, #5340, #4567, #1202 ) ) ;
#3657 = LINE ( 'NONE', #2402, #5084 ) ;
#3658 = SURFACE_STYLE_FILL_AREA ( #2785 ) ;
#3659 = CARTESIAN_POINT ( 'NONE',  ( 0.0000000000000000000, 0.0000000000000000000, 0.0000000000000000000 ) ) ;
#3660 = ADVANCED_FACE ( 'NONE', ( #4672 ), #776, .T. ) ;
#3661 = DIRECTION ( 'NONE',  ( -1.000000000000000000, -0.0000000000000000000, -0.0000000000000000000 ) ) ;
#3662 = ORIENTED_EDGE ( 'NONE', *, *, #1732, .F. ) ;
#3663 =( LENGTH_UNIT ( ) NAMED_UNIT ( * ) SI_UNIT ( .MILLI., .METRE. ) );
#3664 = EDGE_CURVE ( 'NONE', #4015, #49, #4644, .T. ) ;
#3665 = ORIENTED_EDGE ( 'NONE', *, *, #903, .T. ) ;
#3666 = COLOUR_RGB ( '',0.4313725490196078649, 0.4509803921568627527, 0.4313725490196078649 ) ;
#3667 = DIRECTION ( 'NONE',  ( -0.5773502691896257311, 0.5773502691896382766, -0.5773502691896132966 ) ) ;
#3668 = STYLED_ITEM ( 'NONE', ( #4711 ), #1508 ) ;
#3669 = MECHANICAL_DESIGN_GEOMETRIC_PRESENTATION_REPRESENTATION (  '', ( #2941 ), #5130 ) ;
#3670 = CARTESIAN_POINT ( 'NONE',  ( 1.004000000000000226, 0.1399999999999998745, 0.7100000000000000755 ) ) ;
#3671 = AXIS2_PLACEMENT_3D ( 'NONE', #1722, #2254, #1246 ) ;
#3672 = SURFACE_STYLE_USAGE ( .BOTH. , #1957 ) ;
#3673 = MECHANICAL_DESIGN_GEOMETRIC_PRESENTATION_REPRESENTATION (  '', ( #1643 ), #5307 ) ;
#3674 = ORIENTED_EDGE ( 'NONE', *, *, #4259, .T. ) ;
#3675 = FILL_AREA_STYLE ('',( #5335 ) ) ;
#3676 = CARTESIAN_POINT ( 'NONE',  ( -0.4999999999999997780, 0.2000000000000000111, -1.039999999999999591 ) ) ;
#3677 = VECTOR ( 'NONE', #3685, 1000.000000000000000 ) ;
#3678 = ORIENTED_EDGE ( 'NONE', *, *, #948, .F. ) ;
#3679 = PLANE ( 'NONE',  #1946 ) ;
#3680 = FILL_AREA_STYLE ('',( #1023 ) ) ;
#3681 = ORIENTED_EDGE ( 'NONE', *, *, #5205, .T. ) ;
#3682 = VECTOR ( 'NONE', #3758, 1000.000000000000114 ) ;
#3683 = DIRECTION ( 'NONE',  ( 0.7071067811865477948, 0.0000000000000000000, -0.7071067811865473507 ) ) ;
#3684 = AXIS2_PLACEMENT_3D ( 'NONE', #932, #1284, #2638 ) ;
#3685 = DIRECTION ( 'NONE',  ( -1.000000000000000000, -0.0000000000000000000, -0.0000000000000000000 ) ) ;
#3686 = ORIENTED_EDGE ( 'NONE', *, *, #1847, .F. ) ;
#3687 = DIRECTION ( 'NONE',  ( 0.0000000000000000000, 1.000000000000000000, 0.0000000000000000000 ) ) ;
#3688 = UNCERTAINTY_MEASURE_WITH_UNIT (LENGTH_MEASURE( 1.000000000000000082E-05 ), #3429, 'distance_accuracy_value', 'NONE');
#3689 = LINE ( 'NONE', #1523, #3207 ) ;
#3690 = CLOSED_SHELL ( 'NONE', ( #5369, #532, #3489, #974, #754, #836 ) ) ;
#3691 = VERTEX_POINT ( 'NONE', #702 ) ;
#3692 =( LENGTH_UNIT ( ) NAMED_UNIT ( * ) SI_UNIT ( .MILLI., .METRE. ) );
#3693 = FILL_AREA_STYLE ('',( #185 ) ) ;
#3694 = EDGE_CURVE ( 'NONE', #5362, #4487, #1631, .T. ) ;
#3695 = FILL_AREA_STYLE_COLOUR ( '', #2493 ) ;
#3696 = EDGE_CURVE ( 'NONE', #5049, #397, #4251, .T. ) ;
#3697 = FILL_AREA_STYLE_COLOUR ( '', #625 ) ;
#3698 = DIRECTION ( 'NONE',  ( 0.0000000000000000000, 0.0000000000000000000, 1.000000000000000000 ) ) ;
#3699 = LINE ( 'NONE', #1982, #1507 ) ;
#3700 = LINE ( 'NONE', #3762, #444 ) ;
#3701 = VERTEX_POINT ( 'NONE', #270 ) ;
#3702 = CARTESIAN_POINT ( 'NONE',  ( -0.9800000000000004263, 0.6300000000000003375, -1.000000000000000222 ) ) ;
#3703 = SURFACE_SIDE_STYLE ('',( #4488 ) ) ;
#3704 = VERTEX_POINT ( 'NONE', #3883 ) ;
#3705 = FILL_AREA_STYLE ('',( #2783 ) ) ;
#3706 = CARTESIAN_POINT ( 'NONE',  ( -0.7499999999999997780, 0.5849999999999999645, 0.7499999999999997780 ) ) ;
#3707 = LINE ( 'NONE', #142, #4196 ) ;
#3708 = MECHANICAL_DESIGN_GEOMETRIC_PRESENTATION_REPRESENTATION (  '', ( #1966 ), #4231 ) ;
#3709 = CARTESIAN_POINT ( 'NONE',  ( 0.5000000000000001110, 0.0000000000000000000, -1.040000000000000036 ) ) ;
#3710 = DIRECTION ( 'NONE',  ( -0.0000000000000000000, -1.000000000000000000, -0.0000000000000000000 ) ) ;
#3711 = VERTEX_POINT ( 'NONE', #2047 ) ;
#3712 = FILL_AREA_STYLE_COLOUR ( '', #1956 ) ;
#3713 = DIRECTION ( 'NONE',  ( 1.000000000000000000, -0.0000000000000000000, -1.726093010922195615E-15 ) ) ;
#3714 = STYLED_ITEM ( 'NONE', ( #2055 ), #2448 ) ;
#3715 = MECHANICAL_DESIGN_GEOMETRIC_PRESENTATION_REPRESENTATION (  '', ( #762 ), #4719 ) ;
#3716 = ORIENTED_EDGE ( 'NONE', *, *, #2479, .T. ) ;
#3717 = CARTESIAN_POINT ( 'NONE',  ( -0.5749999999999997335, 0.1333333333333333592, 0.7500000000000002220 ) ) ;
#3718 = CARTESIAN_POINT ( 'NONE',  ( -0.9999999999999997780, 0.6300000000000003375, 0.9800000000000002043 ) ) ;
#3720 = LINE ( 'NONE', #4216, #5310 ) ;
#3719 = STYLED_ITEM ( 'NONE', ( #2699 ), #1877 ) ;
#3721 = CARTESIAN_POINT ( 'NONE',  ( -1.004000000000000226, 0.1399999999999998745, 0.7100000000000000755 ) ) ;
#3722 = EDGE_CURVE ( 'NONE', #4120, #1525, #5610, .T. ) ;
#3723 = VECTOR ( 'NONE', #4021, 1000.000000000000000 ) ;
#3724 = COLOUR_RGB ( '',0.4313725490196078649, 0.4509803921568627527, 0.4313725490196078649 ) ;
#3725 = PLANE ( 'NONE',  #5548 ) ;
#3726 = CARTESIAN_POINT ( 'NONE',  ( -0.1499999999999998279, 0.2000000000000000111, 1.040000000000000036 ) ) ;
#3727 = SURFACE_STYLE_USAGE ( .BOTH. , #4169 ) ;
#3728 = CARTESIAN_POINT ( 'NONE',  ( 0.5000000000000001110, 0.2000000000000000111, -1.040000000000000036 ) ) ;
#3729 = SURFACE_STYLE_USAGE ( .BOTH. , #213 ) ;
#3730 = EDGE_CURVE ( 'NONE', #2348, #1794, #5180, .T. ) ;
#3731 = ORIENTED_EDGE ( 'NONE', *, *, #3959, .T. ) ;
#3732 = SURFACE_STYLE_USAGE ( .BOTH. , #136 ) ;
#3733 = ORIENTED_EDGE ( 'NONE', *, *, #4710, .F. ) ;
#3734 =( LENGTH_UNIT ( ) NAMED_UNIT ( * ) SI_UNIT ( .MILLI., .METRE. ) );
#3735 = COLOUR_RGB ( '',0.4313725490196078649, 0.4509803921568627527, 0.4313725490196078649 ) ;
#3736 = SURFACE_SIDE_STYLE ('',( #305 ) ) ;
#3737 =( NAMED_UNIT ( * ) PLANE_ANGLE_UNIT ( ) SI_UNIT ( $, .RADIAN. ) );
#3738 = FACE_OUTER_BOUND ( 'NONE', #4958, .T. ) ;
#3739 = VECTOR ( 'NONE', #3823, 1000.000000000000000 ) ;
#3740 = ORIENTED_EDGE ( 'NONE', *, *, #5540, .T. ) ;
#3741 = SURFACE_STYLE_FILL_AREA ( #3284 ) ;
#3742 = LINE ( 'NONE', #2920, #959 ) ;
#3743 = UNCERTAINTY_MEASURE_WITH_UNIT (LENGTH_MEASURE( 1.000000000000000082E-05 ), #2011, 'distance_accuracy_value', 'NONE');
#3744 = CARTESIAN_POINT ( 'NONE',  ( -0.1549999999999998601, 0.2000000000000000111, 0.4999999999999997780 ) ) ;
#3745 =( GEOMETRIC_REPRESENTATION_CONTEXT ( 3 ) GLOBAL_UNCERTAINTY_ASSIGNED_CONTEXT ( ( #4664 ) ) GLOBAL_UNIT_ASSIGNED_CONTEXT ( ( #929, #592, #1011 ) ) REPRESENTATION_CONTEXT ( 'NONE', 'WORKASPACE' ) );
#3746 = VERTEX_POINT ( 'NONE', #299 ) ;
#3747 = PLANE ( 'NONE',  #4494 ) ;
#3748 = UNCERTAINTY_MEASURE_WITH_UNIT (LENGTH_MEASURE( 1.000000000000000082E-05 ), #231, 'distance_accuracy_value', 'NONE');
#3749 = CARTESIAN_POINT ( 'NONE',  ( 0.7999999999999999334, 0.0000000000000000000, 0.7500000000000001110 ) ) ;
#3750 =( NAMED_UNIT ( * ) SI_UNIT ( $, .STERADIAN. ) SOLID_ANGLE_UNIT ( ) );
#3751 = CARTESIAN_POINT ( 'NONE',  ( -0.5749999999999997335, 0.2666666666666666630, -1.040000000000000036 ) ) ;
#3752 =( LENGTH_UNIT ( ) NAMED_UNIT ( * ) SI_UNIT ( .MILLI., .METRE. ) );
#3753 = COLOUR_RGB ( '',0.4313725490196078649, 0.4509803921568627527, 0.4313725490196078649 ) ;
#3754 = COLOUR_RGB ( '',0.4313725490196078649, 0.4509803921568627527, 0.4313725490196078649 ) ;
#3755 = PRESENTATION_STYLE_ASSIGNMENT (( #5467 ) ) ;
#3756 = VECTOR ( 'NONE', #5494, 1000.000000000000000 ) ;
#3757 = DIRECTION ( 'NONE',  ( 0.0000000000000000000, 0.0000000000000000000, 1.000000000000000000 ) ) ;
#3758 = DIRECTION ( 'NONE',  ( 1.528755335674933049E-14, -0.7071067811865398012, -0.7071067811865552333 ) ) ;
#3759 = DIRECTION ( 'NONE',  ( 1.000000000000000000, 0.0000000000000000000, -1.084202172485504434E-16 ) ) ;
#3760 = VECTOR ( 'NONE', #3398, 1000.000000000000000 ) ;
#3761 = AXIS2_PLACEMENT_3D ( 'NONE', #645, #3176, #124 ) ;
#3762 = CARTESIAN_POINT ( 'NONE',  ( -0.1499999999999999389, 0.2000000000000000111, -0.7499999999999998890 ) ) ;
#3763 = STYLED_ITEM ( 'NONE', ( #1886 ), #1547 ) ;
#3764 = DIRECTION ( 'NONE',  ( -0.0000000000000000000, -1.000000000000000000, -0.0000000000000000000 ) ) ;
#3765 = VERTEX_POINT ( 'NONE', #4751 ) ;
#3766 = PRESENTATION_STYLE_ASSIGNMENT (( #4649 ) ) ;
#3767 = DIRECTION ( 'NONE',  ( -0.0000000000000000000, 0.0000000000000000000, 1.000000000000000000 ) ) ;
#3768 = EDGE_LOOP ( 'NONE', ( #3878, #3925, #4114, #1344 ) ) ;
#3769 = CARTESIAN_POINT ( 'NONE',  ( -0.7499999999999997780, 0.6500000000000000222, 0.7499999999999997780 ) ) ;
#3770 =( LENGTH_UNIT ( ) NAMED_UNIT ( * ) SI_UNIT ( .MILLI., .METRE. ) );
#3771 = DIRECTION ( 'NONE',  ( 1.000000000000000000, 0.0000000000000000000, 0.0000000000000000000 ) ) ;
#3772 = EDGE_CURVE ( 'NONE', #2985, #938, #5498, .T. ) ;
#3773 = EDGE_CURVE ( 'NONE', #2255, #4746, #5552, .T. ) ;
#3774 = PRESENTATION_STYLE_ASSIGNMENT (( #609 ) ) ;
#3775 = PLANE ( 'NONE',  #5499 ) ;
#3776 = FILL_AREA_STYLE_COLOUR ( '', #4406 ) ;
#3777 = VERTEX_POINT ( 'NONE', #1186 ) ;
#3778 = VECTOR ( 'NONE', #878, 1000.000000000000000 ) ;
#3779 = LINE ( 'NONE', #4975, #3323 ) ;
#3780 = EDGE_CURVE ( 'NONE', #4428, #4610, #1719, .T. ) ;
#3781 = CARTESIAN_POINT ( 'NONE',  ( -0.4999999999999997780, 0.0000000000000000000, 0.7500000000000002220 ) ) ;
#3782 = PRESENTATION_LAYER_ASSIGNMENT (  '', '', ( #1767 ) ) ;
#3783 =( GEOMETRIC_REPRESENTATION_CONTEXT ( 3 ) GLOBAL_UNCERTAINTY_ASSIGNED_CONTEXT ( ( #2100 ) ) GLOBAL_UNIT_ASSIGNED_CONTEXT ( ( #3890, #5188, #3066 ) ) REPRESENTATION_CONTEXT ( 'NONE', 'WORKASPACE' ) );
#3784 = AXIS2_PLACEMENT_3D ( 'NONE', #885, #3167, #4045 ) ;
#3785 = ORIENTED_EDGE ( 'NONE', *, *, #3919, .F. ) ;
#3786 = SURFACE_STYLE_USAGE ( .BOTH. , #2039 ) ;
#3787 = SURFACE_STYLE_FILL_AREA ( #2040 ) ;
#3788 = FILL_AREA_STYLE_COLOUR ( '', #1674 ) ;
#3789 = DIRECTION ( 'NONE',  ( -0.0000000000000000000, -0.0000000000000000000, 1.000000000000000000 ) ) ;
#3790 =( GEOMETRIC_REPRESENTATION_CONTEXT ( 3 ) GLOBAL_UNCERTAINTY_ASSIGNED_CONTEXT ( ( #4105 ) ) GLOBAL_UNIT_ASSIGNED_CONTEXT ( ( #2950, #2180, #4244 ) ) REPRESENTATION_CONTEXT ( 'NONE', 'WORKASPACE' ) );
#3791 = DIRECTION ( 'NONE',  ( 1.000000000000000000, 0.0000000000000000000, 0.0000000000000000000 ) ) ;
#3792 = SURFACE_STYLE_FILL_AREA ( #673 ) ;
#3793 = AXIS2_PLACEMENT_3D ( 'NONE', #3112, #5373, #1441 ) ;
#3794 = CARTESIAN_POINT ( 'NONE',  ( -0.6574999999999999734, 0.2000000000000000111, 0.5000000000000006661 ) ) ;
#3795 = DIRECTION ( 'NONE',  ( -1.000000000000000000, 0.0000000000000000000, 0.0000000000000000000 ) ) ;
#3796 = DIRECTION ( 'NONE',  ( 1.000000000000000000, 0.0000000000000000000, 0.0000000000000000000 ) ) ;
#3797 = CARTESIAN_POINT ( 'NONE',  ( 1.004000000000000226, 0.1399999999999999856, -0.8199999999999999512 ) ) ;
#3798 = EDGE_LOOP ( 'NONE', ( #857, #4147, #1161, #3969 ) ) ;
#3799 = VERTEX_POINT ( 'NONE', #2719 ) ;
#3800 = DIRECTION ( 'NONE',  ( 0.0000000000000000000, 0.0000000000000000000, 1.000000000000000000 ) ) ;
#3801 =( NAMED_UNIT ( * ) PLANE_ANGLE_UNIT ( ) SI_UNIT ( $, .RADIAN. ) );
#3802 = FILL_AREA_STYLE_COLOUR ( '', #1607 ) ;
#3803 = FILL_AREA_STYLE_COLOUR ( '', #4685 ) ;
#3804 = DIRECTION ( 'NONE',  ( -0.0000000000000000000, -0.0000000000000000000, 1.000000000000000000 ) ) ;
#3805 = EDGE_CURVE ( 'NONE', #4083, #3436, #3530, .T. ) ;
#3806 = ORIENTED_EDGE ( 'NONE', *, *, #1336, .F. ) ;
#3807 = EDGE_CURVE ( 'NONE', #3691, #626, #1341, .T. ) ;
#3808 =( LENGTH_UNIT ( ) NAMED_UNIT ( * ) SI_UNIT ( .MILLI., .METRE. ) );
#3809 = UNCERTAINTY_MEASURE_WITH_UNIT (LENGTH_MEASURE( 1.000000000000000082E-05 ), #3450, 'distance_accuracy_value', 'NONE');
#3810 = FACE_OUTER_BOUND ( 'NONE', #2989, .T. ) ;
#3811 = ORIENTED_EDGE ( 'NONE', *, *, #2056, .F. ) ;
#3812 = ORIENTED_EDGE ( 'NONE', *, *, #4259, .F. ) ;
#3813 = ADVANCED_FACE ( 'NONE', ( #1814 ), #3038, .F. ) ;
#3814 = UNCERTAINTY_MEASURE_WITH_UNIT (LENGTH_MEASURE( 1.000000000000000082E-05 ), #4841, 'distance_accuracy_value', 'NONE');
#3815 = CARTESIAN_POINT ( 'NONE',  ( -0.5749999999999997335, 0.2000000000000000111, 0.7500000000000002220 ) ) ;
#3816 = PRESENTATION_STYLE_ASSIGNMENT (( #2955 ) ) ;
#3817 = LINE ( 'NONE', #5120, #5668 ) ;
#3818 = STYLED_ITEM ( 'NONE', ( #2784 ), #2328 ) ;
#3819 = PLANE ( 'NONE',  #552 ) ;
#3820 =( NAMED_UNIT ( * ) SI_UNIT ( $, .STERADIAN. ) SOLID_ANGLE_UNIT ( ) );
#3821 = SURFACE_SIDE_STYLE ('',( #3324 ) ) ;
#3822 = VECTOR ( 'NONE', #245, 1000.000000000000000 ) ;
#3823 = DIRECTION ( 'NONE',  ( 1.000000000000000000, 0.0000000000000000000, 0.0000000000000000000 ) ) ;
#3824 = VECTOR ( 'NONE', #1687, 1000.000000000000000 ) ;
#3825 = AXIS2_PLACEMENT_3D ( 'NONE', #1867, #977, #1445 ) ;
#3826 =( NAMED_UNIT ( * ) PLANE_ANGLE_UNIT ( ) SI_UNIT ( $, .RADIAN. ) );
#3827 = EDGE_LOOP ( 'NONE', ( #916, #3623, #1881, #4875 ) ) ;
#3828 = FACE_OUTER_BOUND ( 'NONE', #2586, .T. ) ;
#3829 = ORIENTED_EDGE ( 'NONE', *, *, #2864, .F. ) ;
#3830 = LINE ( 'NONE', #4303, #3068 ) ;
#3831 = SURFACE_STYLE_USAGE ( .BOTH. , #3736 ) ;
#3832 = CARTESIAN_POINT ( 'NONE',  ( 1.004000000000000226, 0.08000000000000001554, -0.8200000000000000622 ) ) ;
#3833 = STYLED_ITEM ( 'NONE', ( #2519 ), #3029 ) ;
#3834 = DIRECTION ( 'NONE',  ( 0.0000000000000000000, 0.0000000000000000000, -1.000000000000000000 ) ) ;
#3835 = AXIS2_PLACEMENT_3D ( 'NONE', #1323, #4370, #2207 ) ;
#3836 = ORIENTED_EDGE ( 'NONE', *, *, #698, .F. ) ;
#3837 = LINE ( 'NONE', #4285, #1373 ) ;
#3838 = CARTESIAN_POINT ( 'NONE',  ( 0.5000000000000000000, 0.1333333333333334425, 0.7500000000000001110 ) ) ;
#3839 = VECTOR ( 'NONE', #2287, 1000.000000000000000 ) ;
#3840 = EDGE_CURVE ( 'NONE', #3214, #3370, #3504, .T. ) ;
#3841 = ORIENTED_EDGE ( 'NONE', *, *, #5301, .T. ) ;
#3842 = VECTOR ( 'NONE', #5670, 1000.000000000000000 ) ;
#3843 = LINE ( 'NONE', #3033, #103 ) ;
#3844 =( NAMED_UNIT ( * ) PLANE_ANGLE_UNIT ( ) SI_UNIT ( $, .RADIAN. ) );
#3845 = EDGE_CURVE ( 'NONE', #1138, #3537, #835, .T. ) ;
#3846 = EDGE_CURVE ( 'NONE', #3948, #1358, #2225, .T. ) ;
#3847 = CARTESIAN_POINT ( 'NONE',  ( 0.5749999999999999556, 0.2000000000000000111, 0.7500000000000001110 ) ) ;
#3848 =( GEOMETRIC_REPRESENTATION_CONTEXT ( 3 ) GLOBAL_UNCERTAINTY_ASSIGNED_CONTEXT ( ( #1683 ) ) GLOBAL_UNIT_ASSIGNED_CONTEXT ( ( #4226, #2521, #2983 ) ) REPRESENTATION_CONTEXT ( 'NONE', 'WORKASPACE' ) );
#3849 =( NAMED_UNIT ( * ) SI_UNIT ( $, .STERADIAN. ) SOLID_ANGLE_UNIT ( ) );
#3850 = PRESENTATION_STYLE_ASSIGNMENT (( #2107 ) ) ;
#3851 = SURFACE_SIDE_STYLE ('',( #1309 ) ) ;
#3852 = STYLED_ITEM ( 'NONE', ( #1123 ), #4399 ) ;
#3853 = ORIENTED_EDGE ( 'NONE', *, *, #4330, .F. ) ;
#3854 = CARTESIAN_POINT ( 'NONE',  ( -1.004000000000000226, 0.1399999999999999023, 0.8200000000000000622 ) ) ;
#3855 = ORIENTED_EDGE ( 'NONE', *, *, #3805, .F. ) ;
#3856 = MECHANICAL_DESIGN_GEOMETRIC_PRESENTATION_REPRESENTATION (  '', ( #3586 ), #4299 ) ;
#3857 =( GEOMETRIC_REPRESENTATION_CONTEXT ( 3 ) GLOBAL_UNCERTAINTY_ASSIGNED_CONTEXT ( ( #3231 ) ) GLOBAL_UNIT_ASSIGNED_CONTEXT ( ( #1419, #2767, #1923 ) ) REPRESENTATION_CONTEXT ( 'NONE', 'WORKASPACE' ) );
#3858 = DIRECTION ( 'NONE',  ( 0.0000000000000000000, -0.0000000000000000000, 1.000000000000000000 ) ) ;
#3859 = DIRECTION ( 'NONE',  ( 1.000000000000000000, 0.0000000000000000000, 0.0000000000000000000 ) ) ;
#3860 = MECHANICAL_DESIGN_GEOMETRIC_PRESENTATION_REPRESENTATION (  '', ( #3763 ), #1085 ) ;
#3861 =( NAMED_UNIT ( * ) PLANE_ANGLE_UNIT ( ) SI_UNIT ( $, .RADIAN. ) );
#3862 =( GEOMETRIC_REPRESENTATION_CONTEXT ( 3 ) GLOBAL_UNCERTAINTY_ASSIGNED_CONTEXT ( ( #4604 ) ) GLOBAL_UNIT_ASSIGNED_CONTEXT ( ( #3808, #2919, #5513 ) ) REPRESENTATION_CONTEXT ( 'NONE', 'WORKASPACE' ) );
#3863 = STYLED_ITEM ( 'NONE', ( #4627 ), #4192 ) ;
#3864 =( NAMED_UNIT ( * ) PLANE_ANGLE_UNIT ( ) SI_UNIT ( $, .RADIAN. ) );
#3865 = ORIENTED_EDGE ( 'NONE', *, *, #1805, .F. ) ;
#3866 = FILL_AREA_STYLE_COLOUR ( '', #1997 ) ;
#3867 = UNCERTAINTY_MEASURE_WITH_UNIT (LENGTH_MEASURE( 1.000000000000000082E-05 ), #4588, 'distance_accuracy_value', 'NONE');
#3868 = PRESENTATION_LAYER_ASSIGNMENT (  '', '', ( #3303 ) ) ;
#3869 = DIRECTION ( 'NONE',  ( 1.000000000000000000, -0.0000000000000000000, -0.0000000000000000000 ) ) ;
#3870 = PLANE ( 'NONE',  #3028 ) ;
#3871 = VECTOR ( 'NONE', #202, 1000.000000000000000 ) ;
#3872 = ORIENTED_EDGE ( 'NONE', *, *, #2017, .T. ) ;
#3873 = UNCERTAINTY_MEASURE_WITH_UNIT (LENGTH_MEASURE( 1.000000000000000082E-05 ), #3752, 'distance_accuracy_value', 'NONE');
#3874 = VECTOR ( 'NONE', #1879, 1000.000000000000114 ) ;
#3875 = FILL_AREA_STYLE ('',( #2130 ) ) ;
#3876 = VECTOR ( 'NONE', #5279, 1000.000000000000000 ) ;
#3877 = COLOUR_RGB ( '',0.4313725490196078649, 0.4509803921568627527, 0.4313725490196078649 ) ;
#3878 = ORIENTED_EDGE ( 'NONE', *, *, #573, .T. ) ;
#3879 = EDGE_CURVE ( 'NONE', #3564, #4563, #3995, .T. ) ;
#3880 =( LENGTH_UNIT ( ) NAMED_UNIT ( * ) SI_UNIT ( .MILLI., .METRE. ) );
#3881 = EDGE_CURVE ( 'NONE', #377, #3214, #1752, .T. ) ;
#3882 =( LENGTH_UNIT ( ) NAMED_UNIT ( * ) SI_UNIT ( .MILLI., .METRE. ) );
#3883 = CARTESIAN_POINT ( 'NONE',  ( 0.5749999999999999556, 0.1333333333333334425, 1.040000000000000036 ) ) ;
#3884 = SURFACE_SIDE_STYLE ('',( #5637 ) ) ;
#3885 = SURFACE_STYLE_FILL_AREA ( #2661 ) ;
#3886 = ORIENTED_EDGE ( 'NONE', *, *, #5516, .T. ) ;
#3887 = EDGE_LOOP ( 'NONE', ( #1729, #4977, #2176, #4424, #2865, #5218, #3508, #3336 ) ) ;
#3888 = EDGE_CURVE ( 'NONE', #2793, #1994, #4418, .T. ) ;
#3889 = LINE ( 'NONE', #277, #3822 ) ;
#3890 =( LENGTH_UNIT ( ) NAMED_UNIT ( * ) SI_UNIT ( .MILLI., .METRE. ) );
#3891 = PRESENTATION_STYLE_ASSIGNMENT (( #1252 ) ) ;
#3892 = COLOUR_RGB ( '',0.4313725490196078649, 0.4509803921568627527, 0.4313725490196078649 ) ;
#3893 = DIRECTION ( 'NONE',  ( 0.0000000000000000000, -1.000000000000000000, 0.0000000000000000000 ) ) ;
#3894 = SURFACE_STYLE_USAGE ( .BOTH. , #1583 ) ;
#3895 = EDGE_LOOP ( 'NONE', ( #3190, #3499, #4310, #2713 ) ) ;
#3896 = LINE ( 'NONE', #2646, #147 ) ;
#3897 = PRESENTATION_STYLE_ASSIGNMENT (( #380 ) ) ;
#3898 = CARTESIAN_POINT ( 'NONE',  ( -0.1499999999999999389, 0.2000000000000000111, -1.040000000000000036 ) ) ;
#3899 = CARTESIAN_POINT ( 'NONE',  ( -1.004000000000000226, 0.1399999999999999578, 0.4400000000000000577 ) ) ;
#3900 = ORIENTED_EDGE ( 'NONE', *, *, #975, .T. ) ;
#3901 = DIRECTION ( 'NONE',  ( 0.0000000000000000000, 0.0000000000000000000, -1.000000000000000000 ) ) ;
#3902 = DIRECTION ( 'NONE',  ( -7.477256361968993274E-16, 0.0000000000000000000, 1.000000000000000000 ) ) ;
#3903 = CARTESIAN_POINT ( 'NONE',  ( 0.7249999999999999778, 0.2000000000000000111, -0.7500000000000000000 ) ) ;
#3904 = ORIENTED_EDGE ( 'NONE', *, *, #829, .T. ) ;
#3905 = CARTESIAN_POINT ( 'NONE',  ( 0.0000000000000000000, 0.2000000000000000111, 0.0000000000000000000 ) ) ;
#3906 = PRESENTATION_STYLE_ASSIGNMENT (( #3561 ) ) ;
#3908 = FILL_AREA_STYLE ('',( #1342 ) ) ;
#3907 = VECTOR ( 'NONE', #165, 1000.000000000000000 ) ;
#3909 = ADVANCED_FACE ( 'NONE', ( #5268 ), #4785, .T. ) ;
#3910 = EDGE_LOOP ( 'NONE', ( #2238, #5013, #3648, #1878 ) ) ;
#3911 = LINE ( 'NONE', #3565, #1470 ) ;
#3912 = PRESENTATION_LAYER_ASSIGNMENT (  '', '', ( #5632 ) ) ;
#3913 = FILL_AREA_STYLE_COLOUR ( '', #182 ) ;
#3914 = VERTEX_POINT ( 'NONE', #1497 ) ;
#3915 = DIRECTION ( 'NONE',  ( 1.000000000000000000, -0.0000000000000000000, -1.726093010922195615E-15 ) ) ;
#3916 = LINE ( 'NONE', #5651, #4010 ) ;
#3917 = AXIS2_PLACEMENT_3D ( 'NONE', #5567, #2350, #3399 ) ;
#3918 = PRESENTATION_LAYER_ASSIGNMENT (  '', '', ( #1049 ) ) ;
#3919 = EDGE_CURVE ( 'NONE', #2382, #4015, #4897, .T. ) ;
#3920 =( NAMED_UNIT ( * ) PLANE_ANGLE_UNIT ( ) SI_UNIT ( $, .RADIAN. ) );
#3921 = ORIENTED_EDGE ( 'NONE', *, *, #3154, .T. ) ;
#3922 = FILL_AREA_STYLE ('',( #2704 ) ) ;
#3923 = SURFACE_STYLE_FILL_AREA ( #1706 ) ;
#3924 = STYLED_ITEM ( 'NONE', ( #3546 ), #3342 ) ;
#3925 = ORIENTED_EDGE ( 'NONE', *, *, #65, .T. ) ;
#3926 = CARTESIAN_POINT ( 'NONE',  ( 0.8249999999999998446, 0.2000000000000000111, -0.5000000000000002220 ) ) ;
#3927 = UNCERTAINTY_MEASURE_WITH_UNIT (LENGTH_MEASURE( 1.000000000000000082E-05 ), #1849, 'distance_accuracy_value', 'NONE');
#3928 = MECHANICAL_DESIGN_GEOMETRIC_PRESENTATION_REPRESENTATION (  '', ( #2565 ), #1524 ) ;
#3929 = SURFACE_STYLE_USAGE ( .BOTH. , #416 ) ;
#3930 =( NAMED_UNIT ( * ) PLANE_ANGLE_UNIT ( ) SI_UNIT ( $, .RADIAN. ) );
#3931 = LINE ( 'NONE', #771, #3201 ) ;
#3932 = ORIENTED_EDGE ( 'NONE', *, *, #3807, .F. ) ;
#3933 = CARTESIAN_POINT ( 'NONE',  ( -0.7499999999999997780, 0.6500000000000000222, 0.8666666666666670293 ) ) ;
#3934 = CARTESIAN_POINT ( 'NONE',  ( -1.004000000000000226, 0.07999999999999993228, 0.8200000000000000622 ) ) ;
#3935 = DIRECTION ( 'NONE',  ( 1.000000000000000000, 0.0000000000000000000, -0.0000000000000000000 ) ) ;
#3936 = FACE_OUTER_BOUND ( 'NONE', #3306, .T. ) ;
#3937 = ORIENTED_EDGE ( 'NONE', *, *, #1410, .T. ) ;
#3938 = CARTESIAN_POINT ( 'NONE',  ( 0.07499999999999998335, 0.1333333333333334147, -1.040000000000000036 ) ) ;
#3939 = PRESENTATION_LAYER_ASSIGNMENT (  '', '', ( #980 ) ) ;
#3940 = EDGE_LOOP ( 'NONE', ( #104, #3062, #4261, #5253 ) ) ;
#3941 = CARTESIAN_POINT ( 'NONE',  ( -1.004000000000000226, 0.1399999999999999023, 0.8200000000000000622 ) ) ;
#3942 =( GEOMETRIC_REPRESENTATION_CONTEXT ( 3 ) GLOBAL_UNCERTAINTY_ASSIGNED_CONTEXT ( ( #2789 ) ) GLOBAL_UNIT_ASSIGNED_CONTEXT ( ( #557, #1892, #2794 ) ) REPRESENTATION_CONTEXT ( 'NONE', 'WORKASPACE' ) );
#3943 = PLANE ( 'NONE',  #4905 ) ;
#3944 = COLOUR_RGB ( '',0.4313725490196078649, 0.4509803921568627527, 0.4313725490196078649 ) ;
#3945 = COLOUR_RGB ( '',0.4313725490196078649, 0.4509803921568627527, 0.4313725490196078649 ) ;
#3946 = DIRECTION ( 'NONE',  ( 1.000000000000000000, 0.0000000000000000000, 0.0000000000000000000 ) ) ;
#3947 = SURFACE_STYLE_USAGE ( .BOTH. , #5194 ) ;
#3948 = VERTEX_POINT ( 'NONE', #2326 ) ;
#3949 =( NAMED_UNIT ( * ) SI_UNIT ( $, .STERADIAN. ) SOLID_ANGLE_UNIT ( ) );
#3950 = STYLED_ITEM ( 'NONE', ( #4688 ), #1473 ) ;
#3951 = EDGE_CURVE ( 'NONE', #377, #3998, #619, .T. ) ;
#3952 = SURFACE_STYLE_FILL_AREA ( #3103 ) ;
#3953 = EDGE_CURVE ( 'NONE', #5334, #3777, #2762, .T. ) ;
#3954 = STYLED_ITEM ( 'NONE', ( #5282 ), #4228 ) ;
#3955 = CARTESIAN_POINT ( 'NONE',  ( 0.5749999999999999556, 0.1333333333333334425, -1.040000000000000036 ) ) ;
#3956 = PRESENTATION_STYLE_ASSIGNMENT (( #57 ) ) ;
#3957 = ORIENTED_EDGE ( 'NONE', *, *, #2450, .F. ) ;
#3958 = DIRECTION ( 'NONE',  ( 1.000000000000000000, -0.0000000000000000000, 0.0000000000000000000 ) ) ;
#3959 = EDGE_CURVE ( 'NONE', #335, #4487, #2353, .T. ) ;
#3960 = AXIS2_PLACEMENT_3D ( 'NONE', #2516, #296, #4249 ) ;
#3961 = ORIENTED_EDGE ( 'NONE', *, *, #1153, .F. ) ;
#3962 = PRESENTATION_LAYER_ASSIGNMENT (  '', '', ( #1467 ) ) ;
#3963 = DIRECTION ( 'NONE',  ( 0.0000000000000000000, 0.0000000000000000000, 1.000000000000000000 ) ) ;
#3964 = FILL_AREA_STYLE ('',( #806 ) ) ;
#3965 = FILL_AREA_STYLE ('',( #2657 ) ) ;
#3966 = VECTOR ( 'NONE', #1277, 1000.000000000000000 ) ;
#3967 =( GEOMETRIC_REPRESENTATION_CONTEXT ( 3 ) GLOBAL_UNCERTAINTY_ASSIGNED_CONTEXT ( ( #741 ) ) GLOBAL_UNIT_ASSIGNED_CONTEXT ( ( #5184, #4027, #3180 ) ) REPRESENTATION_CONTEXT ( 'NONE', 'WORKASPACE' ) );
#3968 = DIRECTION ( 'NONE',  ( -1.000000000000000000, 0.0000000000000000000, -0.0000000000000000000 ) ) ;
#3969 = ORIENTED_EDGE ( 'NONE', *, *, #3594, .T. ) ;
#3970 = PRESENTATION_STYLE_ASSIGNMENT (( #456 ) ) ;
#3971 = PLANE ( 'NONE',  #3385 ) ;
#3972 = ORIENTED_EDGE ( 'NONE', *, *, #1080, .F. ) ;
#3973 = PLANE ( 'NONE',  #4997 ) ;
#3974 = DIRECTION ( 'NONE',  ( 1.000000000000000000, 0.0000000000000000000, 0.0000000000000000000 ) ) ;
#3975 = VECTOR ( 'NONE', #1522, 1000.000000000000000 ) ;
#3976 = SURFACE_SIDE_STYLE ('',( #5337 ) ) ;
#3977 = PRESENTATION_LAYER_ASSIGNMENT (  '', '', ( #4060 ) ) ;
#3978 = FACE_OUTER_BOUND ( 'NONE', #1321, .T. ) ;
#3979 = DIRECTION ( 'NONE',  ( 0.0000000000000000000, -0.0000000000000000000, 1.000000000000000000 ) ) ;
#3980 = ORIENTED_EDGE ( 'NONE', *, *, #3634, .T. ) ;
#3981 =( GEOMETRIC_REPRESENTATION_CONTEXT ( 3 ) GLOBAL_UNCERTAINTY_ASSIGNED_CONTEXT ( ( #1559 ) ) GLOBAL_UNIT_ASSIGNED_CONTEXT ( ( #988, #4031, #4986 ) ) REPRESENTATION_CONTEXT ( 'NONE', 'WORKASPACE' ) );
#3982 = DIRECTION ( 'NONE',  ( -1.000000000000000000, 0.0000000000000000000, -3.738628180984499595E-16 ) ) ;
#3983 = SURFACE_STYLE_USAGE ( .BOTH. , #1355 ) ;
#3984 = SURFACE_STYLE_FILL_AREA ( #941 ) ;
#3985 = EDGE_CURVE ( 'NONE', #1149, #4428, #4507, .T. ) ;
#3986 = CARTESIAN_POINT ( 'NONE',  ( 0.0000000000000000000, 0.0000000000000000000, 0.0000000000000000000 ) ) ;
#3987 = ORIENTED_EDGE ( 'NONE', *, *, #5199, .T. ) ;
#3988 =( NAMED_UNIT ( * ) SI_UNIT ( $, .STERADIAN. ) SOLID_ANGLE_UNIT ( ) );
#3989 = UNCERTAINTY_MEASURE_WITH_UNIT (LENGTH_MEASURE( 1.000000000000000082E-05 ), #996, 'distance_accuracy_value', 'NONE');
#3990 = LINE ( 'NONE', #4917, #389 ) ;
#3991 = VERTEX_POINT ( 'NONE', #3718 ) ;
#3992 = ADVANCED_FACE ( 'NONE', ( #4925 ), #4557, .F. ) ;
#3993 = FILL_AREA_STYLE ('',( #1781 ) ) ;
#3994 =( NAMED_UNIT ( * ) PLANE_ANGLE_UNIT ( ) SI_UNIT ( $, .RADIAN. ) );
#3995 = LINE ( 'NONE', #4808, #1633 ) ;
#3996 = SURFACE_SIDE_STYLE ('',( #2824 ) ) ;
#3997 = SURFACE_STYLE_USAGE ( .BOTH. , #1370 ) ;
#3998 = VERTEX_POINT ( 'NONE', #2385 ) ;
#3999 = DIRECTION ( 'NONE',  ( 0.7071067811865570096, 0.7071067811865380248, -4.024415390487293647E-15 ) ) ;
#4000 = ORIENTED_EDGE ( 'NONE', *, *, #3090, .T. ) ;
#4001 = CARTESIAN_POINT ( 'NONE',  ( 0.5749999999999999556, 0.1333333333333334425, 1.040000000000000036 ) ) ;
#4002 = FILL_AREA_STYLE ('',( #5382 ) ) ;
#4003 = COLOUR_RGB ( '',0.4313725490196078649, 0.4509803921568627527, 0.4313725490196078649 ) ;
#4004 = PRESENTATION_LAYER_ASSIGNMENT (  '', '', ( #5175 ) ) ;
#4005 = ORIENTED_EDGE ( 'NONE', *, *, #3128, .F. ) ;
#4006 = ORIENTED_EDGE ( 'NONE', *, *, #1913, .F. ) ;
#4007 = DIRECTION ( 'NONE',  ( -0.0000000000000000000, -1.000000000000000000, -0.0000000000000000000 ) ) ;
#4008 = CARTESIAN_POINT ( 'NONE',  ( 0.0000000000000000000, 0.2000000000000000111, 0.0000000000000000000 ) ) ;
#4009 =( LENGTH_UNIT ( ) NAMED_UNIT ( * ) SI_UNIT ( .MILLI., .METRE. ) );
#4010 = VECTOR ( 'NONE', #3482, 1000.000000000000000 ) ;
#4011 = VECTOR ( 'NONE', #2200, 1000.000000000000000 ) ;
#4012 = CARTESIAN_POINT ( 'NONE',  ( -1.004000000000000226, 0.1399999999999998745, 0.7100000000000000755 ) ) ;
#4013 = PRESENTATION_LAYER_ASSIGNMENT (  '', '', ( #2557 ) ) ;
#4014 =( GEOMETRIC_REPRESENTATION_CONTEXT ( 3 ) GLOBAL_UNCERTAINTY_ASSIGNED_CONTEXT ( ( #60 ) ) GLOBAL_UNIT_ASSIGNED_CONTEXT ( ( #3882, #4326, #1242 ) ) REPRESENTATION_CONTEXT ( 'NONE', 'WORKASPACE' ) );
#4015 = VERTEX_POINT ( 'NONE', #4052 ) ;
#4016 =( NAMED_UNIT ( * ) PLANE_ANGLE_UNIT ( ) SI_UNIT ( $, .RADIAN. ) );
#4017 = PRESENTATION_STYLE_ASSIGNMENT (( #4893 ) ) ;
#4018 = ADVANCED_FACE ( 'NONE', ( #100 ), #3240, .F. ) ;
#4019 = DIRECTION ( 'NONE',  ( -1.000000000000000000, -1.016439536705160160E-16, 0.0000000000000000000 ) ) ;
#4020 = VECTOR ( 'NONE', #2589, 1000.000000000000000 ) ;
#4021 = DIRECTION ( 'NONE',  ( 1.084202172485504434E-16, 0.0000000000000000000, 1.000000000000000000 ) ) ;
#4022 = DIRECTION ( 'NONE',  ( -1.000000000000000000, 0.0000000000000000000, -0.0000000000000000000 ) ) ;
#4023 = EDGE_CURVE ( 'NONE', #5633, #2911, #5577, .T. ) ;
#4024 = EDGE_CURVE ( 'NONE', #5572, #1540, #1212, .T. ) ;
#4025 =( GEOMETRIC_REPRESENTATION_CONTEXT ( 3 ) GLOBAL_UNCERTAINTY_ASSIGNED_CONTEXT ( ( #1260 ) ) GLOBAL_UNIT_ASSIGNED_CONTEXT ( ( #4194, #1127, #1663 ) ) REPRESENTATION_CONTEXT ( 'NONE', 'WORKASPACE' ) );
#4026 =( NAMED_UNIT ( * ) SI_UNIT ( $, .STERADIAN. ) SOLID_ANGLE_UNIT ( ) );
#4027 =( NAMED_UNIT ( * ) PLANE_ANGLE_UNIT ( ) SI_UNIT ( $, .RADIAN. ) );
#4028 = ORIENTED_EDGE ( 'NONE', *, *, #2896, .T. ) ;
#4029 = PRESENTATION_STYLE_ASSIGNMENT (( #842 ) ) ;
#4030 = ORIENTED_EDGE ( 'NONE', *, *, #5265, .F. ) ;
#4031 =( NAMED_UNIT ( * ) PLANE_ANGLE_UNIT ( ) SI_UNIT ( $, .RADIAN. ) );
#4032 = DIRECTION ( 'NONE',  ( -1.000000000000000000, 0.0000000000000000000, -0.0000000000000000000 ) ) ;
#4033 = ORIENTED_EDGE ( 'NONE', *, *, #4322, .T. ) ;
#4034 = VERTEX_POINT ( 'NONE', #3321 ) ;
#4035 = COLOUR_RGB ( '',0.4313725490196078649, 0.4509803921568627527, 0.4313725490196078649 ) ;
#4036 = SURFACE_STYLE_USAGE ( .BOTH. , #56 ) ;
#4037 = VECTOR ( 'NONE', #1412, 1000.000000000000000 ) ;
#4038 =( NAMED_UNIT ( * ) PLANE_ANGLE_UNIT ( ) SI_UNIT ( $, .RADIAN. ) );
#4039 = STYLED_ITEM ( 'NONE', ( #747 ), #1304 ) ;
#4040 = ORIENTED_EDGE ( 'NONE', *, *, #868, .T. ) ;
#4041 = DIRECTION ( 'NONE',  ( 1.000000000000000000, -0.0000000000000000000, -0.0000000000000000000 ) ) ;
#4042 = UNCERTAINTY_MEASURE_WITH_UNIT (LENGTH_MEASURE( 1.000000000000000082E-05 ), #3001, 'distance_accuracy_value', 'NONE');
#4043 = MECHANICAL_DESIGN_GEOMETRIC_PRESENTATION_REPRESENTATION (  '', ( #3298 ), #3862 ) ;
#4044 = AXIS2_PLACEMENT_3D ( 'NONE', #5604, #2477, #3292 ) ;
#4045 = DIRECTION ( 'NONE',  ( 0.0000000000000000000, 0.0000000000000000000, -1.000000000000000000 ) ) ;
#4046 = SURFACE_STYLE_FILL_AREA ( #2791 ) ;
#4047 = COLOUR_RGB ( '',0.4313725490196078649, 0.4509803921568627527, 0.4313725490196078649 ) ;
#4048 = STYLED_ITEM ( 'NONE', ( #4967 ), #4239 ) ;
#4049 = DIRECTION ( 'NONE',  ( -1.000000000000000000, 0.0000000000000000000, 1.726093010922195813E-15 ) ) ;
#4050 = CARTESIAN_POINT ( 'NONE',  ( -1.004000000000000226, 0.1399999999999999856, -0.8199999999999999512 ) ) ;
#4051 = CARTESIAN_POINT ( 'NONE',  ( 0.5000000000000001110, 0.2000000000000000111, -1.040000000000000036 ) ) ;
#4052 = CARTESIAN_POINT ( 'NONE',  ( -0.9799999999999997602, 0.6500000000000000222, 0.9799999999999997602 ) ) ;
#4053 =( GEOMETRIC_REPRESENTATION_CONTEXT ( 3 ) GLOBAL_UNCERTAINTY_ASSIGNED_CONTEXT ( ( #3339 ) ) GLOBAL_UNIT_ASSIGNED_CONTEXT ( ( #4526, #2000, #5022 ) ) REPRESENTATION_CONTEXT ( 'NONE', 'WORKASPACE' ) );
#4054 = LINE ( 'NONE', #1841, #3294 ) ;
#4055 = PLANE ( 'NONE',  #1552 ) ;
#4056 = EDGE_CURVE ( 'NONE', #1297, #1686, #2102, .T. ) ;
#4057 = COLOUR_RGB ( '',0.4313725490196078649, 0.4509803921568627527, 0.4313725490196078649 ) ;
#4058 = EDGE_CURVE ( 'NONE', #3701, #1138, #4615, .T. ) ;
#4059 = VERTEX_POINT ( 'NONE', #5521 ) ;
#4060 = STYLED_ITEM ( 'NONE', ( #675 ), #73 ) ;
#4061 = EDGE_LOOP ( 'NONE', ( #5528, #1635, #2846, #614 ) ) ;
#4062 = SURFACE_STYLE_USAGE ( .BOTH. , #2362 ) ;
#4063 = CARTESIAN_POINT ( 'NONE',  ( -0.8249999999999999556, 0.0000000000000000000, 0.3325000000000005729 ) ) ;
#4064 =( GEOMETRIC_REPRESENTATION_CONTEXT ( 3 ) GLOBAL_UNCERTAINTY_ASSIGNED_CONTEXT ( ( #4659 ) ) GLOBAL_UNIT_ASSIGNED_CONTEXT ( ( #83, #3920, #992 ) ) REPRESENTATION_CONTEXT ( 'NONE', 'WORKASPACE' ) );
#4065 =( GEOMETRIC_REPRESENTATION_CONTEXT ( 3 ) GLOBAL_UNCERTAINTY_ASSIGNED_CONTEXT ( ( #2686 ) ) GLOBAL_UNIT_ASSIGNED_CONTEXT ( ( #1418, #3560, #4924 ) ) REPRESENTATION_CONTEXT ( 'NONE', 'WORKASPACE' ) );
#4066 = EDGE_CURVE ( 'NONE', #2937, #2952, #4716, .T. ) ;
#4067 = VERTEX_POINT ( 'NONE', #5119 ) ;
#4068 = EDGE_LOOP ( 'NONE', ( #2652, #2438, #2637, #4648 ) ) ;
#4069 = CARTESIAN_POINT ( 'NONE',  ( -0.5749999999999997335, 0.2000000000000000111, 0.5000000000000005551 ) ) ;
#4070 = FILL_AREA_STYLE ('',( #1883 ) ) ;
#4071 = DIRECTION ( 'NONE',  ( 0.0000000000000000000, 0.0000000000000000000, 1.000000000000000000 ) ) ;
#4072 =( GEOMETRIC_REPRESENTATION_CONTEXT ( 3 ) GLOBAL_UNCERTAINTY_ASSIGNED_CONTEXT ( ( #1808 ) ) GLOBAL_UNIT_ASSIGNED_CONTEXT ( ( #853, #4292, #5172 ) ) REPRESENTATION_CONTEXT ( 'NONE', 'WORKASPACE' ) );
#4073 = FILL_AREA_STYLE_COLOUR ( '', #4942 ) ;
#4074 = PRESENTATION_LAYER_ASSIGNMENT (  '', '', ( #830 ) ) ;
#4075 = ORIENTED_EDGE ( 'NONE', *, *, #5092, .T. ) ;
#4076 = FACE_OUTER_BOUND ( 'NONE', #749, .T. ) ;
#4077 = FACE_OUTER_BOUND ( 'NONE', #1372, .T. ) ;
#4078 = SURFACE_STYLE_USAGE ( .BOTH. , #1922 ) ;
#4079 = FACE_OUTER_BOUND ( 'NONE', #4247, .T. ) ;
#4080 =( NAMED_UNIT ( * ) PLANE_ANGLE_UNIT ( ) SI_UNIT ( $, .RADIAN. ) );
#4081 = DIRECTION ( 'NONE',  ( 1.000000000000000000, 0.0000000000000000000, 0.0000000000000000000 ) ) ;
#4082 = ORIENTED_EDGE ( 'NONE', *, *, #3664, .T. ) ;
#4083 = VERTEX_POINT ( 'NONE', #2514 ) ;
#4084 = SURFACE_STYLE_FILL_AREA ( #958 ) ;
#4085 = ADVANCED_FACE ( 'NONE', ( #5062 ), #671, .F. ) ;
#4086 = EDGE_LOOP ( 'NONE', ( #3222, #1902, #4866, #1590 ) ) ;
#4087 = SURFACE_STYLE_FILL_AREA ( #2399 ) ;
#4088 = PLANE ( 'NONE',  #5135 ) ;
#4089 = ORIENTED_EDGE ( 'NONE', *, *, #1480, .T. ) ;
#4090 = FACE_OUTER_BOUND ( 'NONE', #2020, .T. ) ;
#4091 = CARTESIAN_POINT ( 'NONE',  ( 0.0000000000000000000, 0.2000000000000000111, 0.0000000000000000000 ) ) ;
#4092 =( NAMED_UNIT ( * ) SI_UNIT ( $, .STERADIAN. ) SOLID_ANGLE_UNIT ( ) );
#4093 = ADVANCED_FACE ( 'NONE', ( #5032 ), #1097, .F. ) ;
#4094 =( NAMED_UNIT ( * ) SI_UNIT ( $, .STERADIAN. ) SOLID_ANGLE_UNIT ( ) );
#4095 = SURFACE_STYLE_USAGE ( .BOTH. , #4941 ) ;
#4096 = ORIENTED_EDGE ( 'NONE', *, *, #3881, .F. ) ;
#4097 =( GEOMETRIC_REPRESENTATION_CONTEXT ( 3 ) GLOBAL_UNCERTAINTY_ASSIGNED_CONTEXT ( ( #5116 ) ) GLOBAL_UNIT_ASSIGNED_CONTEXT ( ( #5142, #3861, #2531 ) ) REPRESENTATION_CONTEXT ( 'NONE', 'WORKASPACE' ) );
#4098 = COLOUR_RGB ( '',0.4313725490196078649, 0.4509803921568627527, 0.4313725490196078649 ) ;
#4099 = UNCERTAINTY_MEASURE_WITH_UNIT (LENGTH_MEASURE( 1.000000000000000082E-05 ), #4198, 'distance_accuracy_value', 'NONE');
#4100 = CARTESIAN_POINT ( 'NONE',  ( -0.07499999999999998335, 0.2666666666666667740, -1.040000000000000036 ) ) ;
#4101 = PRESENTATION_LAYER_ASSIGNMENT (  '', '', ( #2826 ) ) ;
#4102 = VECTOR ( 'NONE', #2578, 1000.000000000000000 ) ;
#4103 = ORIENTED_EDGE ( 'NONE', *, *, #4056, .F. ) ;
#4104 = PRESENTATION_STYLE_ASSIGNMENT (( #260 ) ) ;
#4105 = UNCERTAINTY_MEASURE_WITH_UNIT (LENGTH_MEASURE( 1.000000000000000082E-05 ), #2950, 'distance_accuracy_value', 'NONE');
#4106 = DIRECTION ( 'NONE',  ( 0.7071067811865398012, -0.0000000000000000000, -0.7071067811865552333 ) ) ;
#4107 = PLANE ( 'NONE',  #4190 ) ;
#4108 = PRESENTATION_LAYER_ASSIGNMENT (  '', '', ( #5079 ) ) ;
#4109 = COLOUR_RGB ( '',0.4313725490196078649, 0.4509803921568627527, 0.4313725490196078649 ) ;
#4110 = CARTESIAN_POINT ( 'NONE',  ( 0.7999999999999999334, 0.2000000000000000111, 1.040000000000000036 ) ) ;
#4111 = MECHANICAL_DESIGN_GEOMETRIC_PRESENTATION_REPRESENTATION (  '', ( #5368 ), #1150 ) ;
#4112 = FILL_AREA_STYLE_COLOUR ( '', #5047 ) ;
#4113 = FILL_AREA_STYLE_COLOUR ( '', #222 ) ;
#4114 = ORIENTED_EDGE ( 'NONE', *, *, #4056, .T. ) ;
#4115 = DIRECTION ( 'NONE',  ( 0.0000000000000000000, 0.0000000000000000000, 1.000000000000000000 ) ) ;
#4116 =( GEOMETRIC_REPRESENTATION_CONTEXT ( 3 ) GLOBAL_UNCERTAINTY_ASSIGNED_CONTEXT ( ( #3285 ) ) GLOBAL_UNIT_ASSIGNED_CONTEXT ( ( #711, #3540, #2259 ) ) REPRESENTATION_CONTEXT ( 'NONE', 'WORKASPACE' ) );
#4117 = FILL_AREA_STYLE ('',( #2858 ) ) ;
#4119 = VECTOR ( 'NONE', #2280, 1000.000000000000000 ) ;
#4118 = LINE ( 'NONE', #2751, #261 ) ;
#4120 = VERTEX_POINT ( 'NONE', #3903 ) ;
#4121 = FACE_OUTER_BOUND ( 'NONE', #5458, .T. ) ;
#4122 = SURFACE_STYLE_FILL_AREA ( #1548 ) ;
#4123 = CARTESIAN_POINT ( 'NONE',  ( 0.5000000000000000000, 0.0000000000000000000, 1.040000000000000036 ) ) ;
#4124 = ADVANCED_FACE ( 'NONE', ( #3081 ), #2218, .F. ) ;
#4125 = ORIENTED_EDGE ( 'NONE', *, *, #209, .F. ) ;
#4126 = ADVANCED_FACE ( 'NONE', ( #2681 ), #1237, .T. ) ;
#4127 = LINE ( 'NONE', #2815, #3588 ) ;
#4128 = FILL_AREA_STYLE ('',( #585 ) ) ;
#4129 = PRESENTATION_LAYER_ASSIGNMENT (  '', '', ( #3401 ) ) ;
#4130 = LINE ( 'NONE', #3744, #171 ) ;
#4131 = PRESENTATION_LAYER_ASSIGNMENT (  '', '', ( #890 ) ) ;
#4132 = ORIENTED_EDGE ( 'NONE', *, *, #5506, .T. ) ;
#4133 = EDGE_CURVE ( 'NONE', #3328, #1130, #2972, .T. ) ;
#4135 = STYLED_ITEM ( 'NONE', ( #2900 ), #4085 ) ;
#4134 = DIRECTION ( 'NONE',  ( 1.000000000000000000, 0.0000000000000000000, 0.0000000000000000000 ) ) ;
#4136 = DIRECTION ( 'NONE',  ( 0.0000000000000000000, 0.0000000000000000000, 1.000000000000000000 ) ) ;
#4137 = COLOUR_RGB ( '',0.4313725490196078649, 0.4509803921568627527, 0.4313725490196078649 ) ;
#4138 = SURFACE_STYLE_USAGE ( .BOTH. , #3239 ) ;
#4139 = SURFACE_SIDE_STYLE ('',( #3616 ) ) ;
#4140 =( NAMED_UNIT ( * ) PLANE_ANGLE_UNIT ( ) SI_UNIT ( $, .RADIAN. ) );
#4141 = PRESENTATION_LAYER_ASSIGNMENT (  '', '', ( #899 ) ) ;
#4142 = PRESENTATION_LAYER_ASSIGNMENT (  '', '', ( #900 ) ) ;
#4143 = DIRECTION ( 'NONE',  ( 0.0000000000000000000, -1.000000000000000000, 0.0000000000000000000 ) ) ;
#4144 = AXIS2_PLACEMENT_3D ( 'NONE', #5272, #4812, #3968 ) ;
#4145 = VECTOR ( 'NONE', #3510, 1000.000000000000000 ) ;
#4146 = VECTOR ( 'NONE', #3710, 1000.000000000000000 ) ;
#4147 = ORIENTED_EDGE ( 'NONE', *, *, #3722, .T. ) ;
#4148 = CARTESIAN_POINT ( 'NONE',  ( 1.000000000000000000, 0.6300000000000003375, -0.9800000000000002043 ) ) ;
#4149 = EDGE_LOOP ( 'NONE', ( #4341, #2973, #594, #3886, #5451, #5158 ) ) ;
#4150 = FILL_AREA_STYLE_COLOUR ( '', #4003 ) ;
#4151 = LINE ( 'NONE', #4258, #966 ) ;
#4152 = COLOUR_RGB ( '',0.4313725490196078649, 0.4509803921568627527, 0.4313725490196078649 ) ;
#4153 = AXIS2_PLACEMENT_3D ( 'NONE', #331, #3413, #3503 ) ;
#4154 = COLOUR_RGB ( '',0.4313725490196078649, 0.4509803921568627527, 0.4313725490196078649 ) ;
#4155 = LINE ( 'NONE', #2466, #2951 ) ;
#4156 = VERTEX_POINT ( 'NONE', #5564 ) ;
#4157 = AXIS2_PLACEMENT_3D ( 'NONE', #5464, #618, #1528 ) ;
#4158 = UNCERTAINTY_MEASURE_WITH_UNIT (LENGTH_MEASURE( 1.000000000000000082E-05 ), #4332, 'distance_accuracy_value', 'NONE');
#4159 = SURFACE_STYLE_FILL_AREA ( #4128 ) ;
#4160 = ADVANCED_FACE ( 'NONE', ( #4260 ), #3395, .F. ) ;
#4161 = ORIENTED_EDGE ( 'NONE', *, *, #4166, .T. ) ;
#4162 = SURFACE_SIDE_STYLE ('',( #1035 ) ) ;
#4163 =( GEOMETRIC_REPRESENTATION_CONTEXT ( 3 ) GLOBAL_UNCERTAINTY_ASSIGNED_CONTEXT ( ( #5406 ) ) GLOBAL_UNIT_ASSIGNED_CONTEXT ( ( #2806, #1932, #571 ) ) REPRESENTATION_CONTEXT ( 'NONE', 'WORKASPACE' ) );
#4164 =( NAMED_UNIT ( * ) PLANE_ANGLE_UNIT ( ) SI_UNIT ( $, .RADIAN. ) );
#4165 = FILL_AREA_STYLE ('',( #3697 ) ) ;
#4166 = EDGE_CURVE ( 'NONE', #1848, #2918, #2467, .T. ) ;
#4167 = FILL_AREA_STYLE ('',( #5008 ) ) ;
#4168 = CARTESIAN_POINT ( 'NONE',  ( 0.0000000000000000000, 0.04000000000000000083, 0.0000000000000000000 ) ) ;
#4169 = SURFACE_SIDE_STYLE ('',( #653 ) ) ;
#4170 =( LENGTH_UNIT ( ) NAMED_UNIT ( * ) SI_UNIT ( .MILLI., .METRE. ) );
#4171 = FILL_AREA_STYLE ('',( #2984 ) ) ;
#4172 = ORIENTED_EDGE ( 'NONE', *, *, #1780, .T. ) ;
#4173 = SURFACE_STYLE_FILL_AREA ( #4117 ) ;
#4174 = ORIENTED_EDGE ( 'NONE', *, *, #2378, .F. ) ;
#4175 = DIRECTION ( 'NONE',  ( 0.0000000000000000000, 0.0000000000000000000, -1.000000000000000000 ) ) ;
#4176 = FILL_AREA_STYLE ('',( #2861 ) ) ;
#4177 =( LENGTH_UNIT ( ) NAMED_UNIT ( * ) SI_UNIT ( .MILLI., .METRE. ) );
#4178 = ORIENTED_EDGE ( 'NONE', *, *, #169, .T. ) ;
#4179 = AXIS2_PLACEMENT_3D ( 'NONE', #3706, #3096, #3858 ) ;
#4180 = FACE_OUTER_BOUND ( 'NONE', #135, .T. ) ;
#4181 = VECTOR ( 'NONE', #5021, 1000.000000000000000 ) ;
#4182 =( GEOMETRIC_REPRESENTATION_CONTEXT ( 3 ) GLOBAL_UNCERTAINTY_ASSIGNED_CONTEXT ( ( #1210 ) ) GLOBAL_UNIT_ASSIGNED_CONTEXT ( ( #1671, #1768, #3949 ) ) REPRESENTATION_CONTEXT ( 'NONE', 'WORKASPACE' ) );
#4183 = EDGE_LOOP ( 'NONE', ( #1766, #4089, #923, #1247, #1619, #4950, #4489, #2297 ) ) ;
#4184 = SURFACE_STYLE_USAGE ( .BOTH. , #4162 ) ;
#4185 = EDGE_CURVE ( 'NONE', #2937, #4301, #2060, .T. ) ;
#4186 = FILL_AREA_STYLE_COLOUR ( '', #328 ) ;
#4187 = SURFACE_STYLE_FILL_AREA ( #483 ) ;
#4188 = LINE ( 'NONE', #2423, #264 ) ;
#4189 = COLOUR_RGB ( '',0.4313725490196078649, 0.4509803921568627527, 0.4313725490196078649 ) ;
#4190 = AXIS2_PLACEMENT_3D ( 'NONE', #2351, #3667, #98 ) ;
#4191 = EDGE_CURVE ( 'NONE', #3133, #5108, #342, .T. ) ;
#4192 = ADVANCED_FACE ( 'NONE', ( #2585 ), #5619, .T. ) ;
#4193 = DIRECTION ( 'NONE',  ( 0.0000000000000000000, 1.000000000000000000, 0.0000000000000000000 ) ) ;
#4194 =( LENGTH_UNIT ( ) NAMED_UNIT ( * ) SI_UNIT ( .MILLI., .METRE. ) );
#4195 = DIRECTION ( 'NONE',  ( -1.000000000000000000, -0.0000000000000000000, -0.0000000000000000000 ) ) ;
#4196 = VECTOR ( 'NONE', #5018, 1000.000000000000000 ) ;
#4197 = ORIENTED_EDGE ( 'NONE', *, *, #2202, .F. ) ;
#4198 =( LENGTH_UNIT ( ) NAMED_UNIT ( * ) SI_UNIT ( .MILLI., .METRE. ) );
#4199 = EDGE_LOOP ( 'NONE', ( #2884, #2976, #574, #3686 ) ) ;
#4200 = ADVANCED_FACE ( 'NONE', ( #4881 ), #4795, .T. ) ;
#4201 = STYLED_ITEM ( 'NONE', ( #3334 ), #3445 ) ;
#4202 = LINE ( 'NONE', #4971, #964 ) ;
#4203 = CARTESIAN_POINT ( 'NONE',  ( -0.6574999999999999734, 0.2000000000000000111, 0.5000000000000006661 ) ) ;
#4204 = MECHANICAL_DESIGN_GEOMETRIC_PRESENTATION_REPRESENTATION (  '', ( #971 ), #883 ) ;
#4205 = CARTESIAN_POINT ( 'NONE',  ( -1.004000000000000226, 0.07999999999999993228, 0.7100000000000000755 ) ) ;
#4206 = CARTESIAN_POINT ( 'NONE',  ( 0.1549999999999999989, 0.2000000000000000111, 0.4999999999999997780 ) ) ;
#4207 = ORIENTED_EDGE ( 'NONE', *, *, #3888, .F. ) ;
#4208 =( NAMED_UNIT ( * ) PLANE_ANGLE_UNIT ( ) SI_UNIT ( $, .RADIAN. ) );
#4209 = CARTESIAN_POINT ( 'NONE',  ( 0.7249999999999999778, 0.1333333333333334425, -1.040000000000000036 ) ) ;
#4210 = UNCERTAINTY_MEASURE_WITH_UNIT (LENGTH_MEASURE( 1.000000000000000082E-05 ), #849, 'distance_accuracy_value', 'NONE');
#4211 = DIRECTION ( 'NONE',  ( -0.0000000000000000000, -0.0000000000000000000, -1.000000000000000000 ) ) ;
#4212 = VERTEX_POINT ( 'NONE', #2701 ) ;
#4213 =( LENGTH_UNIT ( ) NAMED_UNIT ( * ) SI_UNIT ( .MILLI., .METRE. ) );
#4214 = CARTESIAN_POINT ( 'NONE',  ( 0.7249999999999999778, 0.1333333333333334425, -1.040000000000000036 ) ) ;
#4215 = CARTESIAN_POINT ( 'NONE',  ( 1.004000000000000226, 0.08000000000000001554, -0.7099999999999999645 ) ) ;
#4216 = CARTESIAN_POINT ( 'NONE',  ( 1.004000000000000226, 0.07999999999999998779, -0.3300000000000000711 ) ) ;
#4217 = STYLED_ITEM ( 'NONE', ( #5579 ), #1257 ) ;
#4218 = STYLED_ITEM ( 'NONE', ( #2924 ), #4546 ) ;
#4219 = MECHANICAL_DESIGN_GEOMETRIC_PRESENTATION_REPRESENTATION (  '', ( #256 ), #5030 ) ;
#4220 = PRESENTATION_STYLE_ASSIGNMENT (( #724 ) ) ;
#4221 = CARTESIAN_POINT ( 'NONE',  ( -1.004000000000000226, 0.07999999999999993228, 0.8200000000000000622 ) ) ;
#4222 =( NAMED_UNIT ( * ) SI_UNIT ( $, .STERADIAN. ) SOLID_ANGLE_UNIT ( ) );
#4223 = DIRECTION ( 'NONE',  ( 0.7071067811865399122, 0.7071067811865552333, 0.0000000000000000000 ) ) ;
#4224 = VECTOR ( 'NONE', #1610, 1000.000000000000000 ) ;
#4225 = AXIS2_PLACEMENT_3D ( 'NONE', #51, #2617, #2726 ) ;
#4226 =( LENGTH_UNIT ( ) NAMED_UNIT ( * ) SI_UNIT ( .MILLI., .METRE. ) );
#4227 = MANIFOLD_SOLID_BREP ( 'Cut-Extrude1[2]', #4878 ) ;
#4228 = ADVANCED_FACE ( 'NONE', ( #2290 ), #1765, .F. ) ;
#4229 = CARTESIAN_POINT ( 'NONE',  ( -0.4999999999999997780, 0.0000000000000000000, -1.039999999999999591 ) ) ;
#4230 = EDGE_LOOP ( 'NONE', ( #4421, #582, #4336, #1407, #5538, #888, #1906, #2078 ) ) ;
#4231 =( GEOMETRIC_REPRESENTATION_CONTEXT ( 3 ) GLOBAL_UNCERTAINTY_ASSIGNED_CONTEXT ( ( #795 ) ) GLOBAL_UNIT_ASSIGNED_CONTEXT ( ( #3512, #5223, #1695 ) ) REPRESENTATION_CONTEXT ( 'NONE', 'WORKASPACE' ) );
#4232 =( LENGTH_UNIT ( ) NAMED_UNIT ( * ) SI_UNIT ( .MILLI., .METRE. ) );
#4233 = VERTEX_POINT ( 'NONE', #113 ) ;
#4234 = LINE ( 'NONE', #4652, #2080 ) ;
#4235 = DIRECTION ( 'NONE',  ( -0.0000000000000000000, 2.464095846557965385E-16, 1.000000000000000000 ) ) ;
#4236 = STYLED_ITEM ( 'NONE', ( #3956 ), #5154 ) ;
#4237 = EDGE_CURVE ( 'NONE', #1390, #731, #657, .T. ) ;
#4238 =( NAMED_UNIT ( * ) SI_UNIT ( $, .STERADIAN. ) SOLID_ANGLE_UNIT ( ) );
#4239 = MANIFOLD_SOLID_BREP ( 'Chamfer2', #2324 ) ;
#4240 = ORIENTED_EDGE ( 'NONE', *, *, #4191, .T. ) ;
#4241 = COLOUR_RGB ( '',0.4313725490196078649, 0.4509803921568627527, 0.4313725490196078649 ) ;
#4242 = CARTESIAN_POINT ( 'NONE',  ( -0.07499999999999996947, 0.1333333333333334147, -0.7499999999999998890 ) ) ;
#4243 = SURFACE_SIDE_STYLE ('',( #716 ) ) ;
#4244 =( NAMED_UNIT ( * ) SI_UNIT ( $, .STERADIAN. ) SOLID_ANGLE_UNIT ( ) );
#4245 = CARTESIAN_POINT ( 'NONE',  ( 0.1500000000000001332, 0.2000000000000000111, 0.7500000000000001110 ) ) ;
#4246 = VECTOR ( 'NONE', #5254, 1000.000000000000000 ) ;
#4247 = EDGE_LOOP ( 'NONE', ( #3556, #4103, #1574, #4789 ) ) ;
#4248 = CARTESIAN_POINT ( 'NONE',  ( -0.4999999999999997780, 0.2000000000000000111, 0.7500000000000002220 ) ) ;
#4249 = DIRECTION ( 'NONE',  ( 0.0000000000000000000, -0.0000000000000000000, 1.000000000000000000 ) ) ;
#4250 = DIRECTION ( 'NONE',  ( 0.0000000000000000000, 0.0000000000000000000, -1.000000000000000000 ) ) ;
#4251 = LINE ( 'NONE', #2135, #703 ) ;
#4252 = DIRECTION ( 'NONE',  ( 0.0000000000000000000, 0.0000000000000000000, 1.000000000000000000 ) ) ;
#4253 = FILL_AREA_STYLE_COLOUR ( '', #3492 ) ;
#4254 = ORIENTED_EDGE ( 'NONE', *, *, #3773, .F. ) ;
#4255 = SURFACE_STYLE_USAGE ( .BOTH. , #4678 ) ;
#4256 = ORIENTED_EDGE ( 'NONE', *, *, #2240, .F. ) ;
#4257 = LINE ( 'NONE', #752, #4902 ) ;
#4258 = CARTESIAN_POINT ( 'NONE',  ( -0.07499999999999996947, 0.1333333333333334147, 1.040000000000000036 ) ) ;
#4259 = EDGE_CURVE ( 'NONE', #5334, #2204, #4118, .T. ) ;
#4260 = FACE_OUTER_BOUND ( 'NONE', #2487, .T. ) ;
#4261 = ORIENTED_EDGE ( 'NONE', *, *, #2063, .F. ) ;
#4262 = DIRECTION ( 'NONE',  ( 0.0000000000000000000, 0.0000000000000000000, 1.000000000000000000 ) ) ;
#4263 = UNCERTAINTY_MEASURE_WITH_UNIT (LENGTH_MEASURE( 1.000000000000000082E-05 ), #5437, 'distance_accuracy_value', 'NONE');
#4264 = EDGE_CURVE ( 'NONE', #1403, #2782, #4520, .T. ) ;
#4265 = FILL_AREA_STYLE_COLOUR ( '', #3892 ) ;
#4266 = SURFACE_STYLE_FILL_AREA ( #5657 ) ;
#4267 = ORIENTED_EDGE ( 'NONE', *, *, #2598, .T. ) ;
#4268 = UNCERTAINTY_MEASURE_WITH_UNIT (LENGTH_MEASURE( 1.000000000000000082E-05 ), #5560, 'distance_accuracy_value', 'NONE');
#4269 = DIRECTION ( 'NONE',  ( 1.000000000000000000, 0.0000000000000000000, 0.0000000000000000000 ) ) ;
#4270 = AXIS2_PLACEMENT_3D ( 'NONE', #4524, #579, #2837 ) ;
#4271 = STYLED_ITEM ( 'NONE', ( #1053 ), #2563 ) ;
#4272 = PLANE ( 'NONE',  #144 ) ;
#4273 = STYLED_ITEM ( 'NONE', ( #1762 ), #1813 ) ;
#4274 = MECHANICAL_DESIGN_GEOMETRIC_PRESENTATION_REPRESENTATION (  '', ( #1049 ), #1424 ) ;
#4275 = LINE ( 'NONE', #2571, #4686 ) ;
#4276 = PRESENTATION_STYLE_ASSIGNMENT (( #271 ) ) ;
#4277 = VECTOR ( 'NONE', #2570, 1000.000000000000000 ) ;
#4278 = LINE ( 'NONE', #4647, #175 ) ;
#4279 = ORIENTED_EDGE ( 'NONE', *, *, #2305, .T. ) ;
#4280 = ORIENTED_EDGE ( 'NONE', *, *, #5265, .T. ) ;
#4281 =( NAMED_UNIT ( * ) SI_UNIT ( $, .STERADIAN. ) SOLID_ANGLE_UNIT ( ) );
#4282 = FILL_AREA_STYLE ('',( #2940 ) ) ;
#4283 = DIRECTION ( 'NONE',  ( 0.0000000000000000000, 0.0000000000000000000, 1.000000000000000000 ) ) ;
#4284 = VERTEX_POINT ( 'NONE', #3276 ) ;
#4285 = CARTESIAN_POINT ( 'NONE',  ( -1.004000000000000226, 0.1399999999999999023, 0.8200000000000000622 ) ) ;
#4286 =( LENGTH_UNIT ( ) NAMED_UNIT ( * ) SI_UNIT ( .MILLI., .METRE. ) );
#4287 = LINE ( 'NONE', #2921, #663 ) ;
#4288 = MECHANICAL_DESIGN_GEOMETRIC_PRESENTATION_REPRESENTATION (  '', ( #156 ), #4025 ) ;
#4289 = ADVANCED_FACE ( 'NONE', ( #4565 ), #4088, .T. ) ;
#4290 = ADVANCED_FACE ( 'NONE', ( #5042 ), #2458, .T. ) ;
#4291 = ORIENTED_EDGE ( 'NONE', *, *, #1190, .T. ) ;
#4292 =( NAMED_UNIT ( * ) PLANE_ANGLE_UNIT ( ) SI_UNIT ( $, .RADIAN. ) );
#4293 = EDGE_CURVE ( 'NONE', #5488, #5362, #5590, .T. ) ;
#4294 = DIRECTION ( 'NONE',  ( 0.0000000000000000000, 1.000000000000000000, 0.0000000000000000000 ) ) ;
#4295 = STYLED_ITEM ( 'NONE', ( #1534 ), #939 ) ;
#4296 = LINE ( 'NONE', #2134, #3966 ) ;
#4297 = DIRECTION ( 'NONE',  ( -1.000000000000000000, -0.0000000000000000000, -0.0000000000000000000 ) ) ;
#4298 = CARTESIAN_POINT ( 'NONE',  ( 1.004000000000000226, 0.1400000000000000133, -0.4400000000000000577 ) ) ;
#4299 =( GEOMETRIC_REPRESENTATION_CONTEXT ( 3 ) GLOBAL_UNCERTAINTY_ASSIGNED_CONTEXT ( ( #1031 ) ) GLOBAL_UNIT_ASSIGNED_CONTEXT ( ( #2298, #4016, #2320 ) ) REPRESENTATION_CONTEXT ( 'NONE', 'WORKASPACE' ) );
#4300 = VERTEX_POINT ( 'NONE', #1601 ) ;
#4301 = VERTEX_POINT ( 'NONE', #4698 ) ;
#4302 = COLOUR_RGB ( '',0.4313725490196078649, 0.4509803921568627527, 0.4313725490196078649 ) ;
#4303 = CARTESIAN_POINT ( 'NONE',  ( 1.004000000000000226, 0.1399999999999999856, -0.7099999999999999645 ) ) ;
#4304 = FACE_OUTER_BOUND ( 'NONE', #1873, .T. ) ;
#4305 = VECTOR ( 'NONE', #26, 1000.000000000000000 ) ;
#4306 = SURFACE_STYLE_FILL_AREA ( #4282 ) ;
#4307 = VECTOR ( 'NONE', #3221, 1000.000000000000114 ) ;
#4308 = DIRECTION ( 'NONE',  ( -0.0000000000000000000, -1.000000000000000000, -0.0000000000000000000 ) ) ;
#4309 = SURFACE_STYLE_FILL_AREA ( #5532 ) ;
#4310 = ORIENTED_EDGE ( 'NONE', *, *, #2201, .T. ) ;
#4311 = SURFACE_STYLE_USAGE ( .BOTH. , #5198 ) ;
#4312 = UNCERTAINTY_MEASURE_WITH_UNIT (LENGTH_MEASURE( 1.000000000000000082E-05 ), #106, 'distance_accuracy_value', 'NONE');
#4313 = VECTOR ( 'NONE', #1499, 1000.000000000000000 ) ;
#4314 = FACE_OUTER_BOUND ( 'NONE', #488, .T. ) ;
#4315 =( NAMED_UNIT ( * ) PLANE_ANGLE_UNIT ( ) SI_UNIT ( $, .RADIAN. ) );
#4316 = ORIENTED_EDGE ( 'NONE', *, *, #2201, .F. ) ;
#4317 = VECTOR ( 'NONE', #2361, 1000.000000000000000 ) ;
#4318 = DIRECTION ( 'NONE',  ( 0.0000000000000000000, 1.000000000000000000, 0.0000000000000000000 ) ) ;
#4319 = UNCERTAINTY_MEASURE_WITH_UNIT (LENGTH_MEASURE( 1.000000000000000082E-05 ), #4745, 'distance_accuracy_value', 'NONE');
#4320 = SURFACE_SIDE_STYLE ('',( #854 ) ) ;
#4321 = COLOUR_RGB ( '',0.4313725490196078649, 0.4509803921568627527, 0.4313725490196078649 ) ;
#4322 = EDGE_CURVE ( 'NONE', #4354, #164, #1668, .T. ) ;
#4323 = VECTOR ( 'NONE', #5065, 1000.000000000000000 ) ;
#4324 = ORIENTED_EDGE ( 'NONE', *, *, #4734, .F. ) ;
#4325 = COLOUR_RGB ( '',0.4313725490196078649, 0.4509803921568627527, 0.4313725490196078649 ) ;
#4326 =( NAMED_UNIT ( * ) PLANE_ANGLE_UNIT ( ) SI_UNIT ( $, .RADIAN. ) );
#4327 = VECTOR ( 'NONE', #5391, 1000.000000000000000 ) ;
#4328 = SURFACE_STYLE_USAGE ( .BOTH. , #5128 ) ;
#4329 = DIRECTION ( 'NONE',  ( 1.000000000000000000, 0.0000000000000000000, 0.0000000000000000000 ) ) ;
#4330 = EDGE_CURVE ( 'NONE', #4691, #3704, #2548, .T. ) ;
#4331 = PLANE ( 'NONE',  #248 ) ;
#4332 =( LENGTH_UNIT ( ) NAMED_UNIT ( * ) SI_UNIT ( .MILLI., .METRE. ) );
#4333 = EDGE_LOOP ( 'NONE', ( #4075, #2593, #1170, #3030 ) ) ;
#4334 = DIRECTION ( 'NONE',  ( 1.000000000000000000, 0.0000000000000000000, 0.0000000000000000000 ) ) ;
#4335 = DIRECTION ( 'NONE',  ( 0.0000000000000000000, 1.000000000000000000, -0.0000000000000000000 ) ) ;
#4336 = ORIENTED_EDGE ( 'NONE', *, *, #5344, .F. ) ;
#4337 = FILL_AREA_STYLE ('',( #874 ) ) ;
#4338 = PRESENTATION_STYLE_ASSIGNMENT (( #1383 ) ) ;
#4339 = MANIFOLD_SOLID_BREP ( 'Cut-Extrude1[8]', #2712 ) ;
#4340 =( LENGTH_UNIT ( ) NAMED_UNIT ( * ) SI_UNIT ( .MILLI., .METRE. ) );
#4341 = ORIENTED_EDGE ( 'NONE', *, *, #1435, .F. ) ;
#4342 = CARTESIAN_POINT ( 'NONE',  ( 0.7249999999999999778, 0.2000000000000000111, 0.4999999999999997780 ) ) ;
#4343 = SURFACE_STYLE_USAGE ( .BOTH. , #848 ) ;
#4344 = CARTESIAN_POINT ( 'NONE',  ( 1.004000000000000226, 0.1399999999999999856, -0.3300000000000000711 ) ) ;
#4345 = ORIENTED_EDGE ( 'NONE', *, *, #3272, .F. ) ;
#4346 = CARTESIAN_POINT ( 'NONE',  ( 0.7249999999999999778, 0.2000000000000000111, -0.5000000000000002220 ) ) ;
#4347 = MANIFOLD_SOLID_BREP ( 'Boss-Extrude3[4]', #3690 ) ;
#4348 =( LENGTH_UNIT ( ) NAMED_UNIT ( * ) SI_UNIT ( .MILLI., .METRE. ) );
#4349 = SURFACE_STYLE_FILL_AREA ( #2103 ) ;
#4350 = ORIENTED_EDGE ( 'NONE', *, *, #5480, .F. ) ;
#4351 = DIRECTION ( 'NONE',  ( 0.0000000000000000000, 1.000000000000000000, -0.0000000000000000000 ) ) ;
#4352 = EDGE_CURVE ( 'NONE', #335, #5488, #2576, .T. ) ;
#4353 = ADVANCED_FACE ( 'NONE', ( #4790 ), #4755, .T. ) ;
#4354 = VERTEX_POINT ( 'NONE', #813 ) ;
#4355 = CARTESIAN_POINT ( 'NONE',  ( 0.9799999999999999822, 0.6500000000000000222, -1.000000000000000222 ) ) ;
#4356 = AXIS2_PLACEMENT_3D ( 'NONE', #3659, #4599, #4543 ) ;
#4357 = PRESENTATION_STYLE_ASSIGNMENT (( #5615 ) ) ;
#4358 = VECTOR ( 'NONE', #4541, 1000.000000000000000 ) ;
#4359 = VERTEX_POINT ( 'NONE', #2230 ) ;
#4360 = SURFACE_STYLE_FILL_AREA ( #3568 ) ;
#4361 = FILL_AREA_STYLE_COLOUR ( '', #1155 ) ;
#4362 = PRESENTATION_LAYER_ASSIGNMENT (  '', '', ( #4722 ) ) ;
#4363 = EDGE_CURVE ( 'NONE', #4726, #5653, #399, .T. ) ;
#4364 =( LENGTH_UNIT ( ) NAMED_UNIT ( * ) SI_UNIT ( .MILLI., .METRE. ) );
#4365 = FILL_AREA_STYLE ('',( #3099 ) ) ;
#4366 = ORIENTED_EDGE ( 'NONE', *, *, #608, .T. ) ;
#4367 = DIRECTION ( 'NONE',  ( 0.0000000000000000000, 0.0000000000000000000, 1.000000000000000000 ) ) ;
#4368 = PRESENTATION_LAYER_ASSIGNMENT (  '', '', ( #1811 ) ) ;
#4369 = PRESENTATION_STYLE_ASSIGNMENT (( #4311 ) ) ;
#4370 = DIRECTION ( 'NONE',  ( 0.0000000000000000000, 1.000000000000000000, 0.0000000000000000000 ) ) ;
#4371 = CARTESIAN_POINT ( 'NONE',  ( 0.5749999999999999556, 0.2666666666666667740, -1.040000000000000036 ) ) ;
#4372 = VECTOR ( 'NONE', #1560, 1000.000000000000000 ) ;
#4373 = FILL_AREA_STYLE_COLOUR ( '', #3309 ) ;
#4374 = EDGE_LOOP ( 'NONE', ( #1050, #441, #5431, #993 ) ) ;
#4375 = PLANE ( 'NONE',  #363 ) ;
#4376 = UNCERTAINTY_MEASURE_WITH_UNIT (LENGTH_MEASURE( 1.000000000000000082E-05 ), #86, 'distance_accuracy_value', 'NONE');
#4377 = PRESENTATION_LAYER_ASSIGNMENT (  '', '', ( #5287 ) ) ;
#4378 =( NAMED_UNIT ( * ) SI_UNIT ( $, .STERADIAN. ) SOLID_ANGLE_UNIT ( ) );
#4379 =( NAMED_UNIT ( * ) SI_UNIT ( $, .STERADIAN. ) SOLID_ANGLE_UNIT ( ) );
#4380 = VERTEX_POINT ( 'NONE', #4951 ) ;
#4381 = COLOUR_RGB ( '',0.1098039215686274495, 0.1098039215686274495, 0.1098039215686274495 ) ;
#4382 = SURFACE_STYLE_USAGE ( .BOTH. , #3205 ) ;
#4383 = DIRECTION ( 'NONE',  ( 0.0000000000000000000, 1.000000000000000000, 0.0000000000000000000 ) ) ;
#4384 = PLANE ( 'NONE',  #2700 ) ;
#4385 = DIRECTION ( 'NONE',  ( -0.7071067811865551223, 0.7071067811865399122, 0.0000000000000000000 ) ) ;
#4386 = ORIENTED_EDGE ( 'NONE', *, *, #3730, .F. ) ;
#4387 = FILL_AREA_STYLE ('',( #5677 ) ) ;
#4388 =( GEOMETRIC_REPRESENTATION_CONTEXT ( 3 ) GLOBAL_UNCERTAINTY_ASSIGNED_CONTEXT ( ( #1860 ) ) GLOBAL_UNIT_ASSIGNED_CONTEXT ( ( #3644, #2355, #3122 ) ) REPRESENTATION_CONTEXT ( 'NONE', 'WORKASPACE' ) );
#4389 = CARTESIAN_POINT ( 'NONE',  ( 0.0000000000000000000, 0.2000000000000000111, 0.0000000000000000000 ) ) ;
#4390 = ORIENTED_EDGE ( 'NONE', *, *, #637, .F. ) ;
#4391 = PRESENTATION_STYLE_ASSIGNMENT (( #3065 ) ) ;
#4392 = LINE ( 'NONE', #4876, #3088 ) ;
#4393 = ADVANCED_FACE ( 'NONE', ( #3477 ), #3971, .T. ) ;
#4394 = EDGE_CURVE ( 'NONE', #955, #3704, #2873, .T. ) ;
#4395 = SURFACE_SIDE_STYLE ('',( #3046 ) ) ;
#4396 =( GEOMETRIC_REPRESENTATION_CONTEXT ( 3 ) GLOBAL_UNCERTAINTY_ASSIGNED_CONTEXT ( ( #789 ) ) GLOBAL_UNIT_ASSIGNED_CONTEXT ( ( #722, #5603, #3988 ) ) REPRESENTATION_CONTEXT ( 'NONE', 'WORKASPACE' ) );
#4397 = VECTOR ( 'NONE', #3789, 1000.000000000000000 ) ;
#4398 = FILL_AREA_STYLE_COLOUR ( '', #4057 ) ;
#4399 = MANIFOLD_SOLID_BREP ( 'Boss-Extrude3[2]', #3416 ) ;
#4400 = SURFACE_STYLE_USAGE ( .BOTH. , #1320 ) ;
#4401 = VERTEX_POINT ( 'NONE', #4611 ) ;
#4402 = SURFACE_SIDE_STYLE ('',( #4433 ) ) ;
#4403 = VECTOR ( 'NONE', #2181, 1000.000000000000000 ) ;
#4404 =( NAMED_UNIT ( * ) PLANE_ANGLE_UNIT ( ) SI_UNIT ( $, .RADIAN. ) );
#4405 = EDGE_CURVE ( 'NONE', #5203, #1726, #3262, .T. ) ;
#4406 = COLOUR_RGB ( '',0.7529411764705882248, 0.7529411764705882248, 0.7529411764705882248 ) ;
#4407 = CARTESIAN_POINT ( 'NONE',  ( -0.5749999999999997335, 0.2000000000000000111, 0.0000000000000000000 ) ) ;
#4408 = EDGE_LOOP ( 'NONE', ( #1092, #5056, #1076, #1458 ) ) ;
#4409 =( GEOMETRIC_REPRESENTATION_CONTEXT ( 3 ) GLOBAL_UNCERTAINTY_ASSIGNED_CONTEXT ( ( #4158 ) ) GLOBAL_UNIT_ASSIGNED_CONTEXT ( ( #4332, #428, #5182 ) ) REPRESENTATION_CONTEXT ( 'NONE', 'WORKASPACE' ) );
#4411 = AXIS2_PLACEMENT_3D ( 'NONE', #3854, #3767, #2079 ) ;
#4410 = CARTESIAN_POINT ( 'NONE',  ( -0.5749999999999997335, 0.1333333333333333592, 0.5000000000000006661 ) ) ;
#4412 = MANIFOLD_SOLID_BREP ( 'Cut-Extrude1[5]', #572 ) ;
#4413 = FILL_AREA_STYLE_COLOUR ( '', #4669 ) ;
#4414 = ORIENTED_EDGE ( 'NONE', *, *, #573, .F. ) ;
#4415 =( GEOMETRIC_REPRESENTATION_CONTEXT ( 3 ) GLOBAL_UNCERTAINTY_ASSIGNED_CONTEXT ( ( #2505 ) ) GLOBAL_UNIT_ASSIGNED_CONTEXT ( ( #3250, #1075, #1051 ) ) REPRESENTATION_CONTEXT ( 'NONE', 'WORKASPACE' ) );
#4416 = DIRECTION ( 'NONE',  ( 0.0000000000000000000, -0.0000000000000000000, -1.000000000000000000 ) ) ;
#4417 = FILL_AREA_STYLE_COLOUR ( '', #194 ) ;
#4418 = LINE ( 'NONE', #68, #2379 ) ;
#4419 = COLOUR_RGB ( '',0.4313725490196078649, 0.4509803921568627527, 0.4313725490196078649 ) ;
#4420 = CARTESIAN_POINT ( 'NONE',  ( -0.1499999999999999389, 0.2000000000000000111, -1.040000000000000036 ) ) ;
#4421 = ORIENTED_EDGE ( 'NONE', *, *, #3985, .T. ) ;
#4422 = CARTESIAN_POINT ( 'NONE',  ( 0.07499999999999998335, 0.2000000000000000111, -1.040000000000000036 ) ) ;
#4423 = VECTOR ( 'NONE', #5321, 1000.000000000000000 ) ;
#4424 = ORIENTED_EDGE ( 'NONE', *, *, #1846, .T. ) ;
#4425 = FACE_OUTER_BOUND ( 'NONE', #2169, .T. ) ;
#4426 = VERTEX_POINT ( 'NONE', #5003 ) ;
#4427 = CLOSED_SHELL ( 'NONE', ( #4200, #1442, #3316, #2342, #1885, #4513, #5124, #4546, #3445, #1304 ) ) ;
#4428 = VERTEX_POINT ( 'NONE', #1065 ) ;
#4429 = FILL_AREA_STYLE ('',( #4398 ) ) ;
#4430 =( NAMED_UNIT ( * ) SI_UNIT ( $, .STERADIAN. ) SOLID_ANGLE_UNIT ( ) );
#4431 = ORIENTED_EDGE ( 'NONE', *, *, #3200, .T. ) ;
#4432 = EDGE_CURVE ( 'NONE', #3799, #780, #2898, .T. ) ;
#4433 = SURFACE_STYLE_FILL_AREA ( #3922 ) ;
#4434 = DIRECTION ( 'NONE',  ( -0.0000000000000000000, -0.0000000000000000000, 1.000000000000000000 ) ) ;
#4435 =( NAMED_UNIT ( * ) SI_UNIT ( $, .STERADIAN. ) SOLID_ANGLE_UNIT ( ) );
#4436 = SURFACE_STYLE_USAGE ( .BOTH. , #3075 ) ;
#4437 = EDGE_CURVE ( 'NONE', #681, #1130, #5086, .T. ) ;
#4438 = ORIENTED_EDGE ( 'NONE', *, *, #1007, .T. ) ;
#4439 = EDGE_CURVE ( 'NONE', #4512, #337, #2473, .T. ) ;
#4440 = LINE ( 'NONE', #969, #1648 ) ;
#4441 = UNCERTAINTY_MEASURE_WITH_UNIT (LENGTH_MEASURE( 1.000000000000000082E-05 ), #4009, 'distance_accuracy_value', 'NONE');
#4442 = CARTESIAN_POINT ( 'NONE',  ( -0.4999999999999997780, 0.0000000000000000000, 0.7500000000000002220 ) ) ;
#4443 = ORIENTED_EDGE ( 'NONE', *, *, #2938, .F. ) ;
#4444 = UNCERTAINTY_MEASURE_WITH_UNIT (LENGTH_MEASURE( 1.000000000000000082E-05 ), #1958, 'distance_accuracy_value', 'NONE');
#4445 = PLANE ( 'NONE',  #4823 ) ;
#4446 = CARTESIAN_POINT ( 'NONE',  ( 0.0000000000000000000, 0.2000000000000000111, 0.0000000000000000000 ) ) ;
#4447 = CARTESIAN_POINT ( 'NONE',  ( -0.5749999999999997335, 0.1333333333333333592, -1.040000000000000036 ) ) ;
#4448 =( NAMED_UNIT ( * ) SI_UNIT ( $, .STERADIAN. ) SOLID_ANGLE_UNIT ( ) );
#4449 = SURFACE_STYLE_USAGE ( .BOTH. , #398 ) ;
#4450 = ORIENTED_EDGE ( 'NONE', *, *, #4987, .F. ) ;
#4451 = DIRECTION ( 'NONE',  ( -0.0000000000000000000, 1.000000000000000000, 2.464095846557964399E-16 ) ) ;
#4452 = ORIENTED_EDGE ( 'NONE', *, *, #3846, .F. ) ;
#4453 = PLANE ( 'NONE',  #4476 ) ;
#4454 = FILL_AREA_STYLE ('',( #1876 ) ) ;
#4455 =( NAMED_UNIT ( * ) PLANE_ANGLE_UNIT ( ) SI_UNIT ( $, .RADIAN. ) );
#4456 =( GEOMETRIC_REPRESENTATION_CONTEXT ( 3 ) GLOBAL_UNCERTAINTY_ASSIGNED_CONTEXT ( ( #744 ) ) GLOBAL_UNIT_ASSIGNED_CONTEXT ( ( #116, #521, #1938 ) ) REPRESENTATION_CONTEXT ( 'NONE', 'WORKASPACE' ) );
#4457 = AXIS2_PLACEMENT_3D ( 'NONE', #4594, #659, #4991 ) ;
#4458 = DIRECTION ( 'NONE',  ( 1.000000000000000000, 0.0000000000000000000, -0.0000000000000000000 ) ) ;
#4459 =( NAMED_UNIT ( * ) PLANE_ANGLE_UNIT ( ) SI_UNIT ( $, .RADIAN. ) );
#4460 = EDGE_LOOP ( 'NONE', ( #5616, #1034, #4832 ) ) ;
#4461 = CARTESIAN_POINT ( 'NONE',  ( -0.9799999999999997602, 0.04000000000000000083, 0.9999999999999997780 ) ) ;
#4462 = PRESENTATION_STYLE_ASSIGNMENT (( #3983 ) ) ;
#4463 = MECHANICAL_DESIGN_GEOMETRIC_PRESENTATION_REPRESENTATION (  '', ( #3719 ), #1703 ) ;
#4464 = COLOUR_RGB ( '',0.4313725490196078649, 0.4509803921568627527, 0.4313725490196078649 ) ;
#4465 = DIRECTION ( 'NONE',  ( 0.0000000000000000000, 0.0000000000000000000, -1.000000000000000000 ) ) ;
#4467 = VECTOR ( 'NONE', #1749, 1000.000000000000000 ) ;
#4466 = FILL_AREA_STYLE ('',( #4888 ) ) ;
#4468 = VECTOR ( 'NONE', #4136, 1000.000000000000000 ) ;
#4469 = ORIENTED_EDGE ( 'NONE', *, *, #2768, .F. ) ;
#4470 = CARTESIAN_POINT ( 'NONE',  ( -0.8249999999999999556, 0.2000000000000000111, 0.3325000000000005729 ) ) ;
#4471 = DIRECTION ( 'NONE',  ( 0.0000000000000000000, 1.000000000000000000, 0.0000000000000000000 ) ) ;
#4472 = CARTESIAN_POINT ( 'NONE',  ( 0.7249999999999999778, 0.1333333333333334425, 0.4999999999999997780 ) ) ;
#4473 = MECHANICAL_DESIGN_GEOMETRIC_PRESENTATION_REPRESENTATION (  '', ( #433 ), #3084 ) ;
#4474 = ADVANCED_FACE ( 'NONE', ( #1526 ), #3747, .F. ) ;
#4475 = EDGE_CURVE ( 'NONE', #2985, #5203, #2977, .T. ) ;
#4476 = AXIS2_PLACEMENT_3D ( 'NONE', #1377, #5224, #76 ) ;
#4477 = CARTESIAN_POINT ( 'NONE',  ( -0.1549999999999998601, 0.1333333333333333592, 0.4999999999999997780 ) ) ;
#4478 = SURFACE_STYLE_FILL_AREA ( #184 ) ;
#4479 = SURFACE_SIDE_STYLE ('',( #67 ) ) ;
#4480 = FILL_AREA_STYLE ('',( #3695 ) ) ;
#4481 = LINE ( 'NONE', #101, #5385 ) ;
#4482 = VECTOR ( 'NONE', #1986, 1000.000000000000000 ) ;
#4483 =( NAMED_UNIT ( * ) PLANE_ANGLE_UNIT ( ) SI_UNIT ( $, .RADIAN. ) );
#4484 = ORIENTED_EDGE ( 'NONE', *, *, #2415, .T. ) ;
#4485 = SURFACE_STYLE_FILL_AREA ( #984 ) ;
#4486 =( NAMED_UNIT ( * ) PLANE_ANGLE_UNIT ( ) SI_UNIT ( $, .RADIAN. ) );
#4487 = VERTEX_POINT ( 'NONE', #4346 ) ;
#4488 = SURFACE_STYLE_FILL_AREA ( #163 ) ;
#4489 = ORIENTED_EDGE ( 'NONE', *, *, #3237, .F. ) ;
#4490 =( NAMED_UNIT ( * ) SI_UNIT ( $, .STERADIAN. ) SOLID_ANGLE_UNIT ( ) );
#4491 = PLANE ( 'NONE',  #4270 ) ;
#4492 =( NAMED_UNIT ( * ) SI_UNIT ( $, .STERADIAN. ) SOLID_ANGLE_UNIT ( ) );
#4493 = FACE_OUTER_BOUND ( 'NONE', #814, .T. ) ;
#4494 = AXIS2_PLACEMENT_3D ( 'NONE', #3926, #1235, #351 ) ;
#4495 = AXIS2_PLACEMENT_3D ( 'NONE', #746, #4639, #1562 ) ;
#4496 =( GEOMETRIC_REPRESENTATION_CONTEXT ( 3 ) GLOBAL_UNCERTAINTY_ASSIGNED_CONTEXT ( ( #4319 ) ) GLOBAL_UNIT_ASSIGNED_CONTEXT ( ( #4745, #1269, #4379 ) ) REPRESENTATION_CONTEXT ( 'NONE', 'WORKASPACE' ) );
#4497 = ORIENTED_EDGE ( 'NONE', *, *, #1955, .T. ) ;
#4498 = UNCERTAINTY_MEASURE_WITH_UNIT (LENGTH_MEASURE( 1.000000000000000082E-05 ), #12, 'distance_accuracy_value', 'NONE');
#4499 = STYLED_ITEM ( 'NONE', ( #2031 ), #4741 ) ;
#4500 = VECTOR ( 'NONE', #2542, 1000.000000000000000 ) ;
#4501 = AXIS2_PLACEMENT_3D ( 'NONE', #4245, #5487, #719 ) ;
#4502 = STYLED_ITEM ( 'NONE', ( #1692 ), #4954 ) ;
#4503 = MECHANICAL_DESIGN_GEOMETRIC_PRESENTATION_REPRESENTATION (  '', ( #900 ), #4585 ) ;
#4504 = LINE ( 'NONE', #5326, #2091 ) ;
#4505 = EDGE_CURVE ( 'NONE', #3195, #838, #1209, .T. ) ;
#4506 =( NAMED_UNIT ( * ) PLANE_ANGLE_UNIT ( ) SI_UNIT ( $, .RADIAN. ) );
#4507 = LINE ( 'NONE', #3643, #3111 ) ;
#4508 = PRESENTATION_LAYER_ASSIGNMENT (  '', '', ( #1757 ) ) ;
#4509 = FILL_AREA_STYLE ('',( #3617 ) ) ;
#4510 = SURFACE_STYLE_FILL_AREA ( #70 ) ;
#4511 = AXIS2_PLACEMENT_3D ( 'NONE', #2145, #5193, #1644 ) ;
#4512 = VERTEX_POINT ( 'NONE', #4771 ) ;
#4513 = ADVANCED_FACE ( 'NONE', ( #5241 ), #2595, .T. ) ;
#4514 =( GEOMETRIC_REPRESENTATION_CONTEXT ( 3 ) GLOBAL_UNCERTAINTY_ASSIGNED_CONTEXT ( ( #1335 ) ) GLOBAL_UNIT_ASSIGNED_CONTEXT ( ( #3382, #652, #5497 ) ) REPRESENTATION_CONTEXT ( 'NONE', 'WORKASPACE' ) );
#4515 = LINE ( 'NONE', #158, #2910 ) ;
#4516 = ORIENTED_EDGE ( 'NONE', *, *, #729, .T. ) ;
#4517 = PRESENTATION_STYLE_ASSIGNMENT (( #1020 ) ) ;
#4518 = ORIENTED_EDGE ( 'NONE', *, *, #5057, .F. ) ;
#4519 = DIRECTION ( 'NONE',  ( 1.000000000000000000, 0.0000000000000000000, -0.0000000000000000000 ) ) ;
#4520 = LINE ( 'NONE', #4592, #5387 ) ;
#4521 = ORIENTED_EDGE ( 'NONE', *, *, #5200, .T. ) ;
#4522 = LINE ( 'NONE', #4936, #1896 ) ;
#4523 = COLOUR_RGB ( '',0.7921568627450980005, 0.8196078431372548767, 0.9333333333333333481 ) ;
#4524 = CARTESIAN_POINT ( 'NONE',  ( -0.07499999999999996947, 0.1333333333333334147, -1.040000000000000036 ) ) ;
#4525 = DIRECTION ( 'NONE',  ( 1.000000000000000000, 0.0000000000000000000, 0.0000000000000000000 ) ) ;
#4526 =( LENGTH_UNIT ( ) NAMED_UNIT ( * ) SI_UNIT ( .MILLI., .METRE. ) );
#4527 = CLOSED_SHELL ( 'NONE', ( #4126, #212, #4290, #3909, #4093, #3418 ) ) ;
#4528 = VERTEX_POINT ( 'NONE', #827 ) ;
#4529 = LINE ( 'NONE', #224, #3975 ) ;
#4530 = ORIENTED_EDGE ( 'NONE', *, *, #2730, .F. ) ;
#4531 = SURFACE_STYLE_FILL_AREA ( #758 ) ;
#4532 = DIRECTION ( 'NONE',  ( -9.346570452461245291E-17, -0.0000000000000000000, -1.000000000000000000 ) ) ;
#4533 = FILL_AREA_STYLE ('',( #5331 ) ) ;
#4534 = EDGE_LOOP ( 'NONE', ( #4699, #5339, #2431, #4712 ) ) ;
#4535 = DIRECTION ( 'NONE',  ( 0.0000000000000000000, 1.000000000000000000, 0.0000000000000000000 ) ) ;
#4536 = CARTESIAN_POINT ( 'NONE',  ( -0.1499999999999999389, 0.2000000000000000111, -0.7499999999999998890 ) ) ;
#4537 = FILL_AREA_STYLE_COLOUR ( '', #5202 ) ;
#4538 = EDGE_CURVE ( 'NONE', #938, #1726, #2627, .T. ) ;
#4539 = EDGE_LOOP ( 'NONE', ( #1723, #3283, #3047, #4178 ) ) ;
#4540 = ORIENTED_EDGE ( 'NONE', *, *, #281, .T. ) ;
#4541 = DIRECTION ( 'NONE',  ( 3.738628180984499595E-16, -0.0000000000000000000, -1.000000000000000000 ) ) ;
#4542 = CARTESIAN_POINT ( 'NONE',  ( 0.7249999999999999778, 0.2000000000000000111, 0.0000000000000000000 ) ) ;
#4543 = DIRECTION ( 'NONE',  ( 0.0000000000000000000, -0.0000000000000000000, -1.000000000000000000 ) ) ;
#4544 = PRESENTATION_LAYER_ASSIGNMENT (  '', '', ( #3818 ) ) ;
#4545 =( GEOMETRIC_REPRESENTATION_CONTEXT ( 3 ) GLOBAL_UNCERTAINTY_ASSIGNED_CONTEXT ( ( #352 ) ) GLOBAL_UNIT_ASSIGNED_CONTEXT ( ( #2835, #1908, #5017 ) ) REPRESENTATION_CONTEXT ( 'NONE', 'WORKASPACE' ) );
#4546 = ADVANCED_FACE ( 'NONE', ( #5626 ), #768, .F. ) ;
#4547 = LINE ( 'NONE', #1058, #4146 ) ;
#4548 = ORIENTED_EDGE ( 'NONE', *, *, #3558, .T. ) ;
#4549 = LINE ( 'NONE', #1438, #1934 ) ;
#4550 =( GEOMETRIC_REPRESENTATION_CONTEXT ( 3 ) GLOBAL_UNCERTAINTY_ASSIGNED_CONTEXT ( ( #2953 ) ) GLOBAL_UNIT_ASSIGNED_CONTEXT ( ( #1289, #2992, #3368 ) ) REPRESENTATION_CONTEXT ( 'NONE', 'WORKASPACE' ) );
#4551 = COLOUR_RGB ( '',0.4313725490196078649, 0.4509803921568627527, 0.4313725490196078649 ) ;
#4552 = UNCERTAINTY_MEASURE_WITH_UNIT (LENGTH_MEASURE( 1.000000000000000082E-05 ), #1490, 'distance_accuracy_value', 'NONE');
#4553 = VECTOR ( 'NONE', #3144, 1000.000000000000000 ) ;
#4554 = PRESENTATION_LAYER_ASSIGNMENT (  '', '', ( #5368 ) ) ;
#4555 = ORIENTED_EDGE ( 'NONE', *, *, #401, .T. ) ;
#4556 = DIRECTION ( 'NONE',  ( -0.0000000000000000000, -0.0000000000000000000, 1.000000000000000000 ) ) ;
#4557 = PLANE ( 'NONE',  #2122 ) ;
#4558 = STYLED_ITEM ( 'NONE', ( #5389 ), #3384 ) ;
#4559 = CARTESIAN_POINT ( 'NONE',  ( 0.7249999999999999778, 0.2000000000000000111, -0.7500000000000000000 ) ) ;
#4560 = SURFACE_STYLE_FILL_AREA ( #2829 ) ;
#4561 = FACE_OUTER_BOUND ( 'NONE', #5355, .T. ) ;
#4562 = MECHANICAL_DESIGN_GEOMETRIC_PRESENTATION_REPRESENTATION (  '', ( #5287 ), #1245 ) ;
#4563 = VERTEX_POINT ( 'NONE', #5348 ) ;
#4564 = PRESENTATION_STYLE_ASSIGNMENT (( #5421 ) ) ;
#4566 = AXIS2_PLACEMENT_3D ( 'NONE', #864, #5249, #3935 ) ;
#4565 = FACE_OUTER_BOUND ( 'NONE', #5476, .T. ) ;
#4567 = ORIENTED_EDGE ( 'NONE', *, *, #3002, .T. ) ;
#4568 = LINE ( 'NONE', #1882, #1135 ) ;
#4569 = LINE ( 'NONE', #1909, #5173 ) ;
#4570 = EDGE_CURVE ( 'NONE', #1794, #2397, #1298, .T. ) ;
#4571 = LINE ( 'NONE', #3709, #4181 ) ;
#4572 = CARTESIAN_POINT ( 'NONE',  ( -0.9799999999999997602, 0.6500000000000000222, 0.9999999999999997780 ) ) ;
#4573 = VERTEX_POINT ( 'NONE', #29 ) ;
#4574 = DIRECTION ( 'NONE',  ( 1.000000000000000000, 0.0000000000000000000, 0.0000000000000000000 ) ) ;
#4575 = EDGE_CURVE ( 'NONE', #72, #586, #2756, .T. ) ;
#4576 = FILL_AREA_STYLE ('',( #3712 ) ) ;
#4577 = COLOUR_RGB ( '',0.4313725490196078649, 0.4509803921568627527, 0.4313725490196078649 ) ;
#4578 = LINE ( 'NONE', #639, #1174 ) ;
#4579 = STYLED_ITEM ( 'NONE', ( #1238 ), #1230 ) ;
#4580 = VERTEX_POINT ( 'NONE', #6 ) ;
#4581 =( NAMED_UNIT ( * ) SI_UNIT ( $, .STERADIAN. ) SOLID_ANGLE_UNIT ( ) );
#4582 =( LENGTH_UNIT ( ) NAMED_UNIT ( * ) SI_UNIT ( .MILLI., .METRE. ) );
#4583 = FILL_AREA_STYLE ('',( #3788 ) ) ;
#4584 = VECTOR ( 'NONE', #999, 1000.000000000000000 ) ;
#4585 =( GEOMETRIC_REPRESENTATION_CONTEXT ( 3 ) GLOBAL_UNCERTAINTY_ASSIGNED_CONTEXT ( ( #4766 ) ) GLOBAL_UNIT_ASSIGNED_CONTEXT ( ( #4340, #3515, #819 ) ) REPRESENTATION_CONTEXT ( 'NONE', 'WORKASPACE' ) );
#4586 = DIRECTION ( 'NONE',  ( 1.000000000000000000, 0.0000000000000000000, -0.0000000000000000000 ) ) ;
#4587 =( NAMED_UNIT ( * ) SI_UNIT ( $, .STERADIAN. ) SOLID_ANGLE_UNIT ( ) );
#4588 =( LENGTH_UNIT ( ) NAMED_UNIT ( * ) SI_UNIT ( .MILLI., .METRE. ) );
#4589 = FACE_OUTER_BOUND ( 'NONE', #1064, .T. ) ;
#4590 =( GEOMETRIC_REPRESENTATION_CONTEXT ( 3 ) GLOBAL_UNCERTAINTY_ASSIGNED_CONTEXT ( ( #689 ) ) GLOBAL_UNIT_ASSIGNED_CONTEXT ( ( #1565, #2928, #3295 ) ) REPRESENTATION_CONTEXT ( 'NONE', 'WORKASPACE' ) );
#4591 = ORIENTED_EDGE ( 'NONE', *, *, #4818, .F. ) ;
#4592 = CARTESIAN_POINT ( 'NONE',  ( -0.07499999999999996947, 0.1333333333333334147, -1.040000000000000036 ) ) ;
#4593 = VERTEX_POINT ( 'NONE', #3584 ) ;
#4594 = CARTESIAN_POINT ( 'NONE',  ( 1.000000000000000000, 0.6500000000000000222, 0.9799999999999997602 ) ) ;
#4595 = CARTESIAN_POINT ( 'NONE',  ( 0.1549999999999999989, 0.1333333333333334425, 0.4999999999999997780 ) ) ;
#4596 =( LENGTH_UNIT ( ) NAMED_UNIT ( * ) SI_UNIT ( .MILLI., .METRE. ) );
#4597 = VECTOR ( 'NONE', #1608, 1000.000000000000000 ) ;
#4598 = VECTOR ( 'NONE', #2224, 1000.000000000000000 ) ;
#4599 = DIRECTION ( 'NONE',  ( 0.0000000000000000000, -1.000000000000000000, 0.0000000000000000000 ) ) ;
#4600 = EDGE_CURVE ( 'NONE', #2124, #5572, #3163, .T. ) ;
#4601 = PRESENTATION_STYLE_ASSIGNMENT (( #997 ) ) ;
#4602 = ORIENTED_EDGE ( 'NONE', *, *, #1617, .T. ) ;
#4603 =( LENGTH_UNIT ( ) NAMED_UNIT ( * ) SI_UNIT ( .MILLI., .METRE. ) );
#4604 = UNCERTAINTY_MEASURE_WITH_UNIT (LENGTH_MEASURE( 1.000000000000000082E-05 ), #3808, 'distance_accuracy_value', 'NONE');
#4605 = LINE ( 'NONE', #666, #2148 ) ;
#4606 = DIRECTION ( 'NONE',  ( -0.0000000000000000000, -0.0000000000000000000, 1.000000000000000000 ) ) ;
#4607 = AXIS2_PLACEMENT_3D ( 'NONE', #5429, #5025, #1090 ) ;
#4608 = EDGE_CURVE ( 'NONE', #1694, #610, #945, .T. ) ;
#4609 = EDGE_CURVE ( 'NONE', #4059, #2814, #4440, .T. ) ;
#4610 = VERTEX_POINT ( 'NONE', #4410 ) ;
#4611 = CARTESIAN_POINT ( 'NONE',  ( -0.1499999999999999389, 0.0000000000000000000, -1.040000000000000036 ) ) ;
#4612 = UNCERTAINTY_MEASURE_WITH_UNIT (LENGTH_MEASURE( 1.000000000000000082E-05 ), #1868, 'distance_accuracy_value', 'NONE');
#4613 = VECTOR ( 'NONE', #935, 1000.000000000000000 ) ;
#4614 = LINE ( 'NONE', #2475, #2917 ) ;
#4615 = LINE ( 'NONE', #2009, #2680 ) ;
#4616 =( NAMED_UNIT ( * ) PLANE_ANGLE_UNIT ( ) SI_UNIT ( $, .RADIAN. ) );
#4617 = SURFACE_STYLE_FILL_AREA ( #5064 ) ;
#4618 = DIRECTION ( 'NONE',  ( 0.0000000000000000000, 0.0000000000000000000, 1.000000000000000000 ) ) ;
#4619 = FILL_AREA_STYLE_COLOUR ( '', #391 ) ;
#4620 = DIRECTION ( 'NONE',  ( 0.0000000000000000000, -1.000000000000000000, 0.0000000000000000000 ) ) ;
#4621 = ORIENTED_EDGE ( 'NONE', *, *, #737, .F. ) ;
#4622 = PRESENTATION_STYLE_ASSIGNMENT (( #4255 ) ) ;
#4623 = ORIENTED_EDGE ( 'NONE', *, *, #3773, .T. ) ;
#4624 = SURFACE_SIDE_STYLE ('',( #709 ) ) ;
#4625 =( NAMED_UNIT ( * ) PLANE_ANGLE_UNIT ( ) SI_UNIT ( $, .RADIAN. ) );
#4626 = LINE ( 'NONE', #2437, #1282 ) ;
#4627 = PRESENTATION_STYLE_ASSIGNMENT (( #309 ) ) ;
#4628 = VERTEX_POINT ( 'NONE', #3108 ) ;
#4629 = LINE ( 'NONE', #687, #459 ) ;
#4630 = FILL_AREA_STYLE_COLOUR ( '', #5536 ) ;
#4631 =( GEOMETRIC_REPRESENTATION_CONTEXT ( 3 ) GLOBAL_UNCERTAINTY_ASSIGNED_CONTEXT ( ( #3166 ) ) GLOBAL_UNIT_ASSIGNED_CONTEXT ( ( #4765, #4404, #1354 ) ) REPRESENTATION_CONTEXT ( 'NONE', 'WORKASPACE' ) );
#4632 =( NAMED_UNIT ( * ) SI_UNIT ( $, .STERADIAN. ) SOLID_ANGLE_UNIT ( ) );
#4633 =( LENGTH_UNIT ( ) NAMED_UNIT ( * ) SI_UNIT ( .MILLI., .METRE. ) );
#4634 = STYLED_ITEM ( 'NONE', ( #5445 ), #2591 ) ;
#4635 = ORIENTED_EDGE ( 'NONE', *, *, #1697, .T. ) ;
#4636 = DIRECTION ( 'NONE',  ( 0.0000000000000000000, -0.0000000000000000000, 1.000000000000000000 ) ) ;
#4637 = LINE ( 'NONE', #262, #3608 ) ;
#4638 = EDGE_CURVE ( 'NONE', #5108, #3691, #2213, .T. ) ;
#4639 = DIRECTION ( 'NONE',  ( 1.000000000000000000, 0.0000000000000000000, 0.0000000000000000000 ) ) ;
#4640 = EDGE_CURVE ( 'NONE', #1115, #1297, #2246, .T. ) ;
#4642 = DIRECTION ( 'NONE',  ( -0.0000000000000000000, 0.0000000000000000000, 1.000000000000000000 ) ) ;
#4641 = VECTOR ( 'NONE', #4049, 1000.000000000000000 ) ;
#4643 = FILL_AREA_STYLE_COLOUR ( '', #2948 ) ;
#4644 = LINE ( 'NONE', #2572, #240 ) ;
#4645 = EDGE_CURVE ( 'NONE', #1525, #3016, #3553, .T. ) ;
#4646 = SURFACE_SIDE_STYLE ('',( #1632 ) ) ;
#4647 = CARTESIAN_POINT ( 'NONE',  ( -0.7999999999999997113, 0.2000000000000000111, 0.7500000000000002220 ) ) ;
#4648 = ORIENTED_EDGE ( 'NONE', *, *, #944, .F. ) ;
#4649 = SURFACE_STYLE_USAGE ( .BOTH. , #2546 ) ;
#4650 = PRESENTATION_STYLE_ASSIGNMENT (( #1162 ) ) ;
#4651 = ORIENTED_EDGE ( 'NONE', *, *, #3272, .T. ) ;
#4652 = CARTESIAN_POINT ( 'NONE',  ( -1.004000000000000226, 0.1399999999999999578, 0.4400000000000000577 ) ) ;
#4653 = COLOUR_RGB ( '',0.4313725490196078649, 0.4509803921568627527, 0.4313725490196078649 ) ;
#4654 = FILL_AREA_STYLE_COLOUR ( '', #2547 ) ;
#4655 =( LENGTH_UNIT ( ) NAMED_UNIT ( * ) SI_UNIT ( .MILLI., .METRE. ) );
#4656 = DIRECTION ( 'NONE',  ( -1.000000000000000000, -0.0000000000000000000, -0.0000000000000000000 ) ) ;
#4657 = EDGE_LOOP ( 'NONE', ( #2626, #5444, #1600, #3571 ) ) ;
#4658 = SURFACE_STYLE_USAGE ( .BOTH. , #5484 ) ;
#4659 = UNCERTAINTY_MEASURE_WITH_UNIT (LENGTH_MEASURE( 1.000000000000000082E-05 ), #83, 'distance_accuracy_value', 'NONE');
#4660 = SURFACE_STYLE_FILL_AREA ( #381 ) ;
#4661 = PLANE ( 'NONE',  #4501 ) ;
#4662 = ORIENTED_EDGE ( 'NONE', *, *, #1047, .F. ) ;
#4663 = SURFACE_STYLE_USAGE ( .BOTH. , #3006 ) ;
#4664 = UNCERTAINTY_MEASURE_WITH_UNIT (LENGTH_MEASURE( 1.000000000000000082E-05 ), #929, 'distance_accuracy_value', 'NONE');
#4665 = SURFACE_SIDE_STYLE ('',( #2926 ) ) ;
#4666 = CARTESIAN_POINT ( 'NONE',  ( -0.7499999999999997780, 0.5849999999999999645, 0.8333333333333334814 ) ) ;
#4667 = VECTOR ( 'NONE', #921, 1000.000000000000000 ) ;
#4668 = PRESENTATION_LAYER_ASSIGNMENT (  '', '', ( #4218 ) ) ;
#4669 = COLOUR_RGB ( '',0.4313725490196078649, 0.4509803921568627527, 0.4313725490196078649 ) ;
#4670 = ADVANCED_FACE ( 'NONE', ( #2733 ), #5263, .F. ) ;
#4671 = CARTESIAN_POINT ( 'NONE',  ( 0.8000000000000001554, 0.2000000000000000111, -1.040000000000000036 ) ) ;
#4672 = FACE_OUTER_BOUND ( 'NONE', #2890, .T. ) ;
#4673 = MECHANICAL_DESIGN_GEOMETRIC_PRESENTATION_REPRESENTATION (  '', ( #1654 ), #1748 ) ;
#4674 = MECHANICAL_DESIGN_GEOMETRIC_PRESENTATION_REPRESENTATION (  '', ( #3495 ), #2405 ) ;
#4675 = ADVANCED_FACE ( 'NONE', ( #4800 ), #4375, .F. ) ;
#4676 = ORIENTED_EDGE ( 'NONE', *, *, #3379, .T. ) ;
#4677 = VECTOR ( 'NONE', #1787, 1000.000000000000000 ) ;
#4678 = SURFACE_SIDE_STYLE ('',( #1108 ) ) ;
#4679 = VERTEX_POINT ( 'NONE', #204 ) ;
#4680 = DIRECTION ( 'NONE',  ( 1.000000000000000000, 0.0000000000000000000, 0.0000000000000000000 ) ) ;
#4681 = MECHANICAL_DESIGN_GEOMETRIC_PRESENTATION_REPRESENTATION (  '', ( #1944 ), #810 ) ;
#4682 = PRESENTATION_STYLE_ASSIGNMENT (( #1606 ) ) ;
#4683 =( LENGTH_UNIT ( ) NAMED_UNIT ( * ) SI_UNIT ( .MILLI., .METRE. ) );
#4684 = EDGE_LOOP ( 'NONE', ( #1557, #3202, #2945, #2961 ) ) ;
#4685 = COLOUR_RGB ( '',0.4313725490196078649, 0.4509803921568627527, 0.4313725490196078649 ) ;
#4686 = VECTOR ( 'NONE', #834, 1000.000000000000000 ) ;
#4687 =( NAMED_UNIT ( * ) PLANE_ANGLE_UNIT ( ) SI_UNIT ( $, .RADIAN. ) );
#4688 = PRESENTATION_STYLE_ASSIGNMENT (( #4343 ) ) ;
#4689 = VECTOR ( 'NONE', #3999, 1000.000000000000000 ) ;
#4690 =( GEOMETRIC_REPRESENTATION_CONTEXT ( 3 ) GLOBAL_UNCERTAINTY_ASSIGNED_CONTEXT ( ( #3748 ) ) GLOBAL_UNIT_ASSIGNED_CONTEXT ( ( #231, #2925, #2513 ) ) REPRESENTATION_CONTEXT ( 'NONE', 'WORKASPACE' ) );
#4691 = VERTEX_POINT ( 'NONE', #5372 ) ;
#4692 = SURFACE_STYLE_USAGE ( .BOTH. , #3524 ) ;
#4693 = VECTOR ( 'NONE', #5569, 1000.000000000000000 ) ;
#4694 = SURFACE_STYLE_USAGE ( .BOTH. , #3501 ) ;
#4695 =( NAMED_UNIT ( * ) PLANE_ANGLE_UNIT ( ) SI_UNIT ( $, .RADIAN. ) );
#4696 = ORIENTED_EDGE ( 'NONE', *, *, #3154, .F. ) ;
#4697 = SURFACE_STYLE_FILL_AREA ( #2962 ) ;
#4698 = CARTESIAN_POINT ( 'NONE',  ( 0.5749999999999999556, 0.2000000000000000111, 0.4999999999999997780 ) ) ;
#4699 = ORIENTED_EDGE ( 'NONE', *, *, #981, .T. ) ;
#4700 = CARTESIAN_POINT ( 'NONE',  ( 0.4999999999999998890, 0.2000000000000000111, -0.7500000000000000000 ) ) ;
#4701 = SURFACE_STYLE_FILL_AREA ( #2967 ) ;
#4702 = EDGE_CURVE ( 'NONE', #3597, #3991, #4549, .T. ) ;
#4703 = EDGE_CURVE ( 'NONE', #2397, #4889, #4127, .T. ) ;
#4704 = SURFACE_STYLE_USAGE ( .BOTH. , #785 ) ;
#4705 = SURFACE_SIDE_STYLE ('',( #2501 ) ) ;
#4706 = EDGE_LOOP ( 'NONE', ( #826, #4662, #641, #2555 ) ) ;
#4707 = SURFACE_STYLE_USAGE ( .BOTH. , #2974 ) ;
#4708 = CARTESIAN_POINT ( 'NONE',  ( -1.000000000000000000, 0.03999999999999999389, -0.9800000000000002043 ) ) ;
#4709 = UNCERTAINTY_MEASURE_WITH_UNIT (LENGTH_MEASURE( 1.000000000000000082E-05 ), #931, 'distance_accuracy_value', 'NONE');
#4710 = EDGE_CURVE ( 'NONE', #3998, #3370, #1061, .T. ) ;
#4711 = PRESENTATION_STYLE_ASSIGNMENT (( #3027 ) ) ;
#4712 = ORIENTED_EDGE ( 'NONE', *, *, #2416, .F. ) ;
#4713 = CARTESIAN_POINT ( 'NONE',  ( 0.5000000000000000000, 0.0000000000000000000, 0.7500000000000001110 ) ) ;
#4714 = UNCERTAINTY_MEASURE_WITH_UNIT (LENGTH_MEASURE( 1.000000000000000082E-05 ), #5466, 'distance_accuracy_value', 'NONE');
#4715 = CARTESIAN_POINT ( 'NONE',  ( -0.7249999999999997558, 0.1333333333333333592, -0.7499999999999997780 ) ) ;
#4716 = LINE ( 'NONE', #2876, #895 ) ;
#4717 = DIRECTION ( 'NONE',  ( 1.000000000000000000, 0.0000000000000000000, 0.0000000000000000000 ) ) ;
#4718 = MECHANICAL_DESIGN_GEOMETRIC_PRESENTATION_REPRESENTATION (  '', ( #3818 ), #4456 ) ;
#4719 =( GEOMETRIC_REPRESENTATION_CONTEXT ( 3 ) GLOBAL_UNCERTAINTY_ASSIGNED_CONTEXT ( ( #5171 ) ) GLOBAL_UNIT_ASSIGNED_CONTEXT ( ( #2292, #3490, #4490 ) ) REPRESENTATION_CONTEXT ( 'NONE', 'WORKASPACE' ) );
#4720 = PRESENTATION_STYLE_ASSIGNMENT (( #2980 ) ) ;
#4721 = CARTESIAN_POINT ( 'NONE',  ( -0.5749999999999997335, 0.2000000000000000111, 1.040000000000000036 ) ) ;
#4722 = STYLED_ITEM ( 'NONE', ( #536 ), #2902 ) ;
#4723 = SURFACE_STYLE_USAGE ( .BOTH. , #5669 ) ;
#4724 = LINE ( 'NONE', #4298, #5303 ) ;
#4725 = STYLED_ITEM ( 'NONE', ( #2252 ), #3035 ) ;
#4726 = VERTEX_POINT ( 'NONE', #173 ) ;
#4727 = FILL_AREA_STYLE_COLOUR ( '', #2690 ) ;
#4728 = ORIENTED_EDGE ( 'NONE', *, *, #566, .F. ) ;
#4729 = DIRECTION ( 'NONE',  ( 0.0000000000000000000, 0.0000000000000000000, -1.000000000000000000 ) ) ;
#4730 = SURFACE_STYLE_USAGE ( .BOTH. , #2233 ) ;
#4731 = FACE_OUTER_BOUND ( 'NONE', #5396, .T. ) ;
#4732 = CARTESIAN_POINT ( 'NONE',  ( -1.004000000000000226, 0.1399999999999999856, -0.7099999999999999645 ) ) ;
#4733 = ORIENTED_EDGE ( 'NONE', *, *, #2867, .F. ) ;
#4734 = EDGE_CURVE ( 'NONE', #291, #1851, #1945, .T. ) ;
#4735 = FACE_OUTER_BOUND ( 'NONE', #3363, .T. ) ;
#4736 = DIRECTION ( 'NONE',  ( 0.0000000000000000000, 1.000000000000000000, 0.0000000000000000000 ) ) ;
#4737 = SURFACE_SIDE_STYLE ('',( #2623 ) ) ;
#4738 = LINE ( 'NONE', #1647, #4693 ) ;
#4739 = COLOUR_RGB ( '',0.4313725490196078649, 0.4509803921568627527, 0.4313725490196078649 ) ;
#4740 = EDGE_LOOP ( 'NONE', ( #1429, #2050, #5685, #2787 ) ) ;
#4741 = ADVANCED_FACE ( 'NONE', ( #1969, #2345 ), #3314, .T. ) ;
#4742 = PRESENTATION_STYLE_ASSIGNMENT (( #4663 ) ) ;
#4743 = DIRECTION ( 'NONE',  ( -0.0000000000000000000, 0.0000000000000000000, 1.000000000000000000 ) ) ;
#4744 = SURFACE_STYLE_FILL_AREA ( #475 ) ;
#4745 =( LENGTH_UNIT ( ) NAMED_UNIT ( * ) SI_UNIT ( .MILLI., .METRE. ) );
#4746 = VERTEX_POINT ( 'NONE', #5452 ) ;
#4747 = PLANE ( 'NONE',  #1423 ) ;
#4748 = DIRECTION ( 'NONE',  ( 0.0000000000000000000, -0.0000000000000000000, 1.000000000000000000 ) ) ;
#4749 = STYLED_ITEM ( 'NONE', ( #2281 ), #1121 ) ;
#4750 = DIRECTION ( 'NONE',  ( 0.0000000000000000000, -0.0000000000000000000, -1.000000000000000000 ) ) ;
#4751 = CARTESIAN_POINT ( 'NONE',  ( -0.7999999999999998224, 0.2000000000000000111, -1.039999999999999591 ) ) ;
#4752 = MECHANICAL_DESIGN_GEOMETRIC_PRESENTATION_REPRESENTATION (  '', ( #4039 ), #5121 ) ;
#4753 = ORIENTED_EDGE ( 'NONE', *, *, #1772, .F. ) ;
#4754 = LINE ( 'NONE', #3509, #2874 ) ;
#4755 = PLANE ( 'NONE',  #889 ) ;
#4756 = ORIENTED_EDGE ( 'NONE', *, *, #2800, .F. ) ;
#4757 = PRESENTATION_LAYER_ASSIGNMENT (  '', '', ( #1747 ) ) ;
#4758 = SURFACE_STYLE_USAGE ( .BOTH. , #815 ) ;
#4759 = SURFACE_STYLE_FILL_AREA ( #1605 ) ;
#4760 = VECTOR ( 'NONE', #2895, 1000.000000000000114 ) ;
#4761 = MECHANICAL_DESIGN_GEOMETRIC_PRESENTATION_REPRESENTATION (  '', ( #5400 ), #1850 ) ;
#4762 = LINE ( 'NONE', #3369, #96 ) ;
#4763 = PRESENTATION_STYLE_ASSIGNMENT (( #4400 ) ) ;
#4764 = ORIENTED_EDGE ( 'NONE', *, *, #5438, .F. ) ;
#4765 =( LENGTH_UNIT ( ) NAMED_UNIT ( * ) SI_UNIT ( .MILLI., .METRE. ) );
#4766 = UNCERTAINTY_MEASURE_WITH_UNIT (LENGTH_MEASURE( 1.000000000000000082E-05 ), #4340, 'distance_accuracy_value', 'NONE');
#4767 = DIRECTION ( 'NONE',  ( 1.000000000000000000, 0.0000000000000000000, 0.0000000000000000000 ) ) ;
#4768 = PLANE ( 'NONE',  #3960 ) ;
#4769 = ORIENTED_EDGE ( 'NONE', *, *, #2633, .T. ) ;
#4770 = STYLED_ITEM ( 'NONE', ( #2853 ), #109 ) ;
#4771 = CARTESIAN_POINT ( 'NONE',  ( 1.004000000000000226, 0.1399999999999999856, -0.7099999999999999645 ) ) ;
#4772 = UNCERTAINTY_MEASURE_WITH_UNIT (LENGTH_MEASURE( 1.000000000000000082E-05 ), #418, 'distance_accuracy_value', 'NONE');
#4773 =( NAMED_UNIT ( * ) SI_UNIT ( $, .STERADIAN. ) SOLID_ANGLE_UNIT ( ) );
#4774 = AXIS2_PLACEMENT_3D ( 'NONE', #4928, #650, #4586 ) ;
#4775 = SURFACE_STYLE_USAGE ( .BOTH. , #5605 ) ;
#4776 = EDGE_CURVE ( 'NONE', #838, #5289, #4629, .T. ) ;
#4777 = EDGE_CURVE ( 'NONE', #1060, #4593, #611, .T. ) ;
#4778 = VECTOR ( 'NONE', #2797, 1000.000000000000000 ) ;
#4779 = EDGE_LOOP ( 'NONE', ( #3141, #5170, #5420, #4540 ) ) ;
#4780 = VECTOR ( 'NONE', #3093, 1000.000000000000000 ) ;
#4781 = PRESENTATION_STYLE_ASSIGNMENT (( #4694 ) ) ;
#4782 =( GEOMETRIC_REPRESENTATION_CONTEXT ( 3 ) GLOBAL_UNCERTAINTY_ASSIGNED_CONTEXT ( ( #228 ) ) GLOBAL_UNIT_ASSIGNED_CONTEXT ( ( #2384, #1471, #5433 ) ) REPRESENTATION_CONTEXT ( 'NONE', 'WORKASPACE' ) );
#4783 = FILL_AREA_STYLE ('',( #3502 ) ) ;
#4784 = DIRECTION ( 'NONE',  ( -0.0000000000000000000, -2.464095846557964399E-16, 1.000000000000000000 ) ) ;
#4785 = PLANE ( 'NONE',  #2023 ) ;
#4786 = EDGE_CURVE ( 'NONE', #3746, #3436, #285, .T. ) ;
#4787 =( GEOMETRIC_REPRESENTATION_CONTEXT ( 3 ) GLOBAL_UNCERTAINTY_ASSIGNED_CONTEXT ( ( #63 ) ) GLOBAL_UNIT_ASSIGNED_CONTEXT ( ( #4946, #3587, #5324 ) ) REPRESENTATION_CONTEXT ( 'NONE', 'WORKASPACE' ) );
#4788 = FACE_OUTER_BOUND ( 'NONE', #2774, .T. ) ;
#4789 = ORIENTED_EDGE ( 'NONE', *, *, #1221, .F. ) ;
#4790 = FACE_OUTER_BOUND ( 'NONE', #1652, .T. ) ;
#4791 = ORIENTED_EDGE ( 'NONE', *, *, #4982, .T. ) ;
#4792 = SURFACE_SIDE_STYLE ('',( #3044 ) ) ;
#4793 = CARTESIAN_POINT ( 'NONE',  ( -0.1499999999999999389, 0.2000000000000000111, -1.040000000000000036 ) ) ;
#4794 = DIRECTION ( 'NONE',  ( -0.0000000000000000000, -0.0000000000000000000, -1.000000000000000000 ) ) ;
#4795 = PLANE ( 'NONE',  #4225 ) ;
#4796 = ORIENTED_EDGE ( 'NONE', *, *, #903, .F. ) ;
#4797 = CARTESIAN_POINT ( 'NONE',  ( 0.07499999999999998335, 0.1333333333333334147, -1.040000000000000036 ) ) ;
#4798 = PLANE ( 'NONE',  #1228 ) ;
#4799 = ORIENTED_EDGE ( 'NONE', *, *, #672, .F. ) ;
#4800 = FACE_OUTER_BOUND ( 'NONE', #4779, .T. ) ;
#4801 = CARTESIAN_POINT ( 'NONE',  ( -1.004000000000000226, 0.0000000000000000000, 0.0000000000000000000 ) ) ;
#4802 = VERTEX_POINT ( 'NONE', #5109 ) ;
#4803 = EDGE_CURVE ( 'NONE', #274, #4212, #3837, .T. ) ;
#4804 = CARTESIAN_POINT ( 'NONE',  ( -0.7249999999999997558, 0.2666666666666666630, -1.040000000000000036 ) ) ;
#4805 = ADVANCED_FACE ( 'NONE', ( #379 ), #5077, .F. ) ;
#4806 = PRESENTATION_STYLE_ASSIGNMENT (( #3559 ) ) ;
#4807 = FACE_OUTER_BOUND ( 'NONE', #214, .T. ) ;
#4808 = CARTESIAN_POINT ( 'NONE',  ( -1.004000000000000226, 0.07999999999999998779, -0.4400000000000000577 ) ) ;
#4809 = VECTOR ( 'NONE', #4952, 1000.000000000000000 ) ;
#4810 = LINE ( 'NONE', #1280, #2481 ) ;
#4811 = MECHANICAL_DESIGN_GEOMETRIC_PRESENTATION_REPRESENTATION (  '', ( #5634 ), #2347 ) ;
#4812 = DIRECTION ( 'NONE',  ( 0.0000000000000000000, 0.0000000000000000000, -1.000000000000000000 ) ) ;
#4813 = ORIENTED_EDGE ( 'NONE', *, *, #3162, .T. ) ;
#4814 = CARTESIAN_POINT ( 'NONE',  ( 0.7999999999999999334, 0.0000000000000000000, 1.040000000000000036 ) ) ;
#4815 = PRESENTATION_LAYER_ASSIGNMENT (  '', '', ( #5147 ) ) ;
#4816 =( NAMED_UNIT ( * ) PLANE_ANGLE_UNIT ( ) SI_UNIT ( $, .RADIAN. ) );
#4817 = ORIENTED_EDGE ( 'NONE', *, *, #5613, .F. ) ;
#4818 = EDGE_CURVE ( 'NONE', #1694, #2306, #2149, .T. ) ;
#4819 = LINE ( 'NONE', #1761, #3073 ) ;
#4820 = LINE ( 'NONE', #843, #1754 ) ;
#4821 = DIRECTION ( 'NONE',  ( 1.000000000000000000, 0.0000000000000000000, 0.0000000000000000000 ) ) ;
#4822 = CARTESIAN_POINT ( 'NONE',  ( 0.8249999999999998446, 0.2000000000000000111, -0.5000000000000002220 ) ) ;
#4823 = AXIS2_PLACEMENT_3D ( 'NONE', #4922, #3528, #4416 ) ;
#4824 = CIRCLE ( 'NONE', #2737, 0.1000000000000001582 ) ;
#4825 = LINE ( 'NONE', #1406, #3778 ) ;
#4826 = EDGE_LOOP ( 'NONE', ( #2860, #2747, #1271, #1004, #3596, #1333, #1326, #321 ) ) ;
#4827 = MECHANICAL_DESIGN_GEOMETRIC_PRESENTATION_REPRESENTATION (  '', ( #1998 ), #3641 ) ;
#4828 = DIRECTION ( 'NONE',  ( -0.0000000000000000000, -1.000000000000000000, -0.0000000000000000000 ) ) ;
#4829 =( LENGTH_UNIT ( ) NAMED_UNIT ( * ) SI_UNIT ( .MILLI., .METRE. ) );
#4830 = AXIS2_PLACEMENT_3D ( 'NONE', #522, #1884, #1797 ) ;
#4831 = DIRECTION ( 'NONE',  ( -7.477256361968994260E-16, 0.0000000000000000000, 1.000000000000000000 ) ) ;
#4832 = ORIENTED_EDGE ( 'NONE', *, *, #110, .F. ) ;
#4833 = UNCERTAINTY_MEASURE_WITH_UNIT (LENGTH_MEASURE( 1.000000000000000082E-05 ), #3734, 'distance_accuracy_value', 'NONE');
#4834 = STYLED_ITEM ( 'NONE', ( #1019 ), #3567 ) ;
#4835 = FILL_AREA_STYLE ('',( #2630 ) ) ;
#4836 = ORIENTED_EDGE ( 'NONE', *, *, #4023, .T. ) ;
#4837 = VECTOR ( 'NONE', #807, 1000.000000000000000 ) ;
#4838 = LINE ( 'NONE', #64, #2277 ) ;
#4839 = CARTESIAN_POINT ( 'NONE',  ( 0.1500000000000001332, 0.2000000000000000111, 0.7500000000000001110 ) ) ;
#4840 = SURFACE_STYLE_FILL_AREA ( #449 ) ;
#4841 =( LENGTH_UNIT ( ) NAMED_UNIT ( * ) SI_UNIT ( .MILLI., .METRE. ) );
#4842 = EDGE_CURVE ( 'NONE', #1726, #5023, #5145, .T. ) ;
#4843 = SURFACE_STYLE_USAGE ( .BOTH. , #2195 ) ;
#4844 = VERTEX_POINT ( 'NONE', #4242 ) ;
#4845 = CARTESIAN_POINT ( 'NONE',  ( -0.9899999999999997691, 0.6400000000000001243, -0.9800000000000002043 ) ) ;
#4846 = PRESENTATION_LAYER_ASSIGNMENT (  '', '', ( #4295 ) ) ;
#4847 = ORIENTED_EDGE ( 'NONE', *, *, #1413, .T. ) ;
#4848 =( LENGTH_UNIT ( ) NAMED_UNIT ( * ) SI_UNIT ( .MILLI., .METRE. ) );
#4849 = LINE ( 'NONE', #902, #3839 ) ;
#4850 = STYLED_ITEM ( 'NONE', ( #4622 ), #4339 ) ;
#4851 = CARTESIAN_POINT ( 'NONE',  ( -0.7249999999999997558, 0.2000000000000000111, 0.7500000000000002220 ) ) ;
#4852 = EDGE_CURVE ( 'NONE', #2502, #4359, #5534, .T. ) ;
#4853 = ADVANCED_FACE ( 'NONE', ( #4735 ), #3337, .F. ) ;
#4854 = COLOUR_RGB ( '',0.7921568627450980005, 0.8196078431372548767, 0.9333333333333333481 ) ;
#4855 = ORIENTED_EDGE ( 'NONE', *, *, #2991, .F. ) ;
#4856 = SURFACE_SIDE_STYLE ('',( #85 ) ) ;
#4857 = AXIS2_PLACEMENT_3D ( 'NONE', #3899, #5201, #1206 ) ;
#4858 = CARTESIAN_POINT ( 'NONE',  ( -0.1499999999999999389, 0.0000000000000000000, -0.7499999999999998890 ) ) ;
#4859 = ORIENTED_EDGE ( 'NONE', *, *, #2168, .F. ) ;
#4860 = PRESENTATION_LAYER_ASSIGNMENT (  '', '', ( #3495 ) ) ;
#4862 = VECTOR ( 'NONE', #3421, 1000.000000000000000 ) ;
#4861 = CARTESIAN_POINT ( 'NONE',  ( -0.8000000000000000444, 0.0000000000000000000, -0.7499999999999997780 ) ) ;
#4863 = FILL_AREA_STYLE ('',( #502 ) ) ;
#4864 = FILL_AREA_STYLE_COLOUR ( '', #447 ) ;
#4865 = COLOUR_RGB ( '',0.1098039215686274495, 0.1098039215686274495, 0.1098039215686274495 ) ;
#4866 = ORIENTED_EDGE ( 'NONE', *, *, #2271, .T. ) ;
#4867 = STYLED_ITEM ( 'NONE', ( #4934 ), #5472 ) ;
#4868 = SURFACE_STYLE_USAGE ( .BOTH. , #2739 ) ;
#4869 =( GEOMETRIC_REPRESENTATION_CONTEXT ( 3 ) GLOBAL_UNCERTAINTY_ASSIGNED_CONTEXT ( ( #4612 ) ) GLOBAL_UNIT_ASSIGNED_CONTEXT ( ( #1868, #3994, #3175 ) ) REPRESENTATION_CONTEXT ( 'NONE', 'WORKASPACE' ) );
#4870 = CARTESIAN_POINT ( 'NONE',  ( -1.000000000000000000, 0.6300000000000003375, -0.9800000000000002043 ) ) ;
#4871 = MECHANICAL_DESIGN_GEOMETRIC_PRESENTATION_REPRESENTATION (  '', ( #2239 ), #2419 ) ;
#4872 = PRESENTATION_LAYER_ASSIGNMENT (  '', '', ( #478 ) ) ;
#4873 = FILL_AREA_STYLE ('',( #5274 ) ) ;
#4874 = ORIENTED_EDGE ( 'NONE', *, *, #4437, .T. ) ;
#4875 = ORIENTED_EDGE ( 'NONE', *, *, #4575, .T. ) ;
#4876 = CARTESIAN_POINT ( 'NONE',  ( -1.004000000000000226, 0.1399999999999999578, 0.4400000000000000577 ) ) ;
#4877 = CARTESIAN_POINT ( 'NONE',  ( -0.9799999999999997602, 0.03999999999999999389, 0.9999999999999997780 ) ) ;
#4878 = CLOSED_SHELL ( 'NONE', ( #3035, #4474, #3813, #1230, #4085, #2209, #4885, #2872, #4018, #1508 ) ) ;
#4879 = EDGE_LOOP ( 'NONE', ( #23, #3987, #5266, #5474 ) ) ;
#4880 = CARTESIAN_POINT ( 'NONE',  ( 0.5000000000000001110, 0.2000000000000000111, -1.040000000000000036 ) ) ;
#4881 = FACE_OUTER_BOUND ( 'NONE', #4740, .T. ) ;
#4882 = EDGE_LOOP ( 'NONE', ( #3056, #4621, #5641, #3980 ) ) ;
#4883 = VECTOR ( 'NONE', #347, 1000.000000000000000 ) ;
#4884 =( NAMED_UNIT ( * ) SI_UNIT ( $, .STERADIAN. ) SOLID_ANGLE_UNIT ( ) );
#4885 = ADVANCED_FACE ( 'NONE', ( #2544 ), #2019, .F. ) ;
#4886 = EDGE_CURVE ( 'NONE', #4985, #4354, #4278, .T. ) ;
#4887 = DIRECTION ( 'NONE',  ( 0.0000000000000000000, 0.0000000000000000000, -1.000000000000000000 ) ) ;
#4888 = FILL_AREA_STYLE_COLOUR ( '', #467 ) ;
#4889 = VERTEX_POINT ( 'NONE', #4229 ) ;
#4890 = DIRECTION ( 'NONE',  ( 0.0000000000000000000, -1.000000000000000000, 0.0000000000000000000 ) ) ;
#4891 = UNCERTAINTY_MEASURE_WITH_UNIT (LENGTH_MEASURE( 1.000000000000000082E-05 ), #3770, 'distance_accuracy_value', 'NONE');
#4892 = ADVANCED_FACE ( 'NONE', ( #1189 ), #5068, .F. ) ;
#4893 = SURFACE_STYLE_USAGE ( .BOTH. , #2217 ) ;
#4894 = FACE_OUTER_BOUND ( 'NONE', #3161, .T. ) ;
#4895 = PRESENTATION_STYLE_ASSIGNMENT (( #2820 ) ) ;
#4896 = FILL_AREA_STYLE_COLOUR ( '', #2417 ) ;
#4897 = LINE ( 'NONE', #2798, #987 ) ;
#4898 = SURFACE_STYLE_FILL_AREA ( #4533 ) ;
#4899 =( NAMED_UNIT ( * ) PLANE_ANGLE_UNIT ( ) SI_UNIT ( $, .RADIAN. ) );
#4900 = ORIENTED_EDGE ( 'NONE', *, *, #3281, .F. ) ;
#4901 = SURFACE_STYLE_USAGE ( .BOTH. , #4984 ) ;
#4902 = VECTOR ( 'NONE', #3280, 1000.000000000000000 ) ;
#4903 =( NAMED_UNIT ( * ) PLANE_ANGLE_UNIT ( ) SI_UNIT ( $, .RADIAN. ) );
#4904 = FILL_AREA_STYLE ('',( #3514 ) ) ;
#4905 = AXIS2_PLACEMENT_3D ( 'NONE', #3905, #329, #2959 ) ;
#4906 = VECTOR ( 'NONE', #198, 1000.000000000000000 ) ;
#4907 = ORIENTED_EDGE ( 'NONE', *, *, #281, .F. ) ;
#4908 = ORIENTED_EDGE ( 'NONE', *, *, #3959, .F. ) ;
#4909 = SURFACE_STYLE_USAGE ( .BOTH. , #1830 ) ;
#4910 = STYLED_ITEM ( 'NONE', ( #2828 ), #2960 ) ;
#4911 = CARTESIAN_POINT ( 'NONE',  ( -0.07499999999999998335, 0.2666666666666667740, -1.040000000000000036 ) ) ;
#4912 = EDGE_CURVE ( 'NONE', #3034, #5334, #1665, .T. ) ;
#4913 = MECHANICAL_DESIGN_GEOMETRIC_PRESENTATION_REPRESENTATION (  '', ( #5546 ), #3550 ) ;
#4914 = PRESENTATION_LAYER_ASSIGNMENT (  '', '', ( #4725 ) ) ;
#4915 = ORIENTED_EDGE ( 'NONE', *, *, #2027, .T. ) ;
#4916 = DIRECTION ( 'NONE',  ( 7.477256361968993274E-16, -0.0000000000000000000, -1.000000000000000000 ) ) ;
#4917 = CARTESIAN_POINT ( 'NONE',  ( 0.7249999999999999778, 0.2000000000000000111, -0.5000000000000002220 ) ) ;
#4918 = PLANE ( 'NONE',  #5580 ) ;
#4919 = PRESENTATION_LAYER_ASSIGNMENT (  '', '', ( #4558 ) ) ;
#4920 = ADVANCED_FACE ( 'NONE', ( #5155 ), #1216, .F. ) ;
#4921 =( GEOMETRIC_REPRESENTATION_CONTEXT ( 3 ) GLOBAL_UNCERTAINTY_ASSIGNED_CONTEXT ( ( #1551 ) ) GLOBAL_UNIT_ASSIGNED_CONTEXT ( ( #5530, #3801, #4281 ) ) REPRESENTATION_CONTEXT ( 'NONE', 'WORKASPACE' ) );
#4922 = CARTESIAN_POINT ( 'NONE',  ( -1.004000000000000226, 0.07999999999999996003, 0.4400000000000000022 ) ) ;
#4923 = LINE ( 'NONE', #1008, #1618 ) ;
#4924 =( NAMED_UNIT ( * ) SI_UNIT ( $, .STERADIAN. ) SOLID_ANGLE_UNIT ( ) );
#4925 = FACE_OUTER_BOUND ( 'NONE', #2885, .T. ) ;
#4926 = VECTOR ( 'NONE', #3796, 1000.000000000000000 ) ;
#4927 = SURFACE_SIDE_STYLE ('',( #4898 ) ) ;
#4928 = CARTESIAN_POINT ( 'NONE',  ( -0.8249999999999999556, 0.2000000000000000111, -0.5000000000000002220 ) ) ;
#4929 = ORIENTED_EDGE ( 'NONE', *, *, #2486, .F. ) ;
#4930 = CARTESIAN_POINT ( 'NONE',  ( 0.1549999999999999989, 0.2000000000000000111, 0.4999999999999997780 ) ) ;
#4931 = ORIENTED_EDGE ( 'NONE', *, *, #1815, .T. ) ;
#4932 = CARTESIAN_POINT ( 'NONE',  ( -0.8249999999999999556, 0.0000000000000000000, 0.3325000000000005729 ) ) ;
#4933 = ORIENTED_EDGE ( 'NONE', *, *, #2807, .F. ) ;
#4934 = PRESENTATION_STYLE_ASSIGNMENT (( #3732 ) ) ;
#4935 = ORIENTED_EDGE ( 'NONE', *, *, #608, .F. ) ;
#4936 = CARTESIAN_POINT ( 'NONE',  ( -0.9799999999999997602, 0.6500000000000000222, 0.9999999999999997780 ) ) ;
#4937 = FILL_AREA_STYLE_COLOUR ( '', #1716 ) ;
#4938 = STYLED_ITEM ( 'NONE', ( #263 ), #1151 ) ;
#4939 =( NAMED_UNIT ( * ) PLANE_ANGLE_UNIT ( ) SI_UNIT ( $, .RADIAN. ) );
#4940 = MECHANICAL_DESIGN_GEOMETRIC_PRESENTATION_REPRESENTATION (  '', ( #5673 ), #3204 ) ;
#4941 = SURFACE_SIDE_STYLE ('',( #3311 ) ) ;
#4942 = COLOUR_RGB ( '',0.1098039215686274495, 0.1098039215686274495, 0.1098039215686274495 ) ;
#4943 = ORIENTED_EDGE ( 'NONE', *, *, #3378, .F. ) ;
#4944 = UNCERTAINTY_MEASURE_WITH_UNIT (LENGTH_MEASURE( 1.000000000000000082E-05 ), #5361, 'distance_accuracy_value', 'NONE');
#4945 = COLOUR_RGB ( '',0.4313725490196078649, 0.4509803921568627527, 0.4313725490196078649 ) ;
#4946 =( LENGTH_UNIT ( ) NAMED_UNIT ( * ) SI_UNIT ( .MILLI., .METRE. ) );
#4947 = PRESENTATION_STYLE_ASSIGNMENT (( #2249 ) ) ;
#4948 = AXIS2_PLACEMENT_3D ( 'NONE', #2357, #1449, #1845 ) ;
#4949 =( GEOMETRIC_REPRESENTATION_CONTEXT ( 3 ) GLOBAL_UNCERTAINTY_ASSIGNED_CONTEXT ( ( #2559 ) ) GLOBAL_UNIT_ASSIGNED_CONTEXT ( ( #5643, #4816, #3439 ) ) REPRESENTATION_CONTEXT ( 'NONE', 'WORKASPACE' ) );
#4950 = ORIENTED_EDGE ( 'NONE', *, *, #4886, .F. ) ;
#4951 = CARTESIAN_POINT ( 'NONE',  ( -0.1499999999999998279, 0.0000000000000000000, 1.040000000000000036 ) ) ;
#4952 = DIRECTION ( 'NONE',  ( 9.346570452461245291E-17, 0.0000000000000000000, 1.000000000000000000 ) ) ;
#4953 = CARTESIAN_POINT ( 'NONE',  ( -0.7999999999999997113, 0.2000000000000000111, 0.7500000000000002220 ) ) ;
#4954 = ADVANCED_FACE ( 'NONE', ( #4788 ), #1785, .T. ) ;
#4955 = EDGE_CURVE ( 'NONE', #1788, #2540, #5217, .T. ) ;
#4956 = CARTESIAN_POINT ( 'NONE',  ( -0.7249999999999997558, 0.2666666666666666630, 1.040000000000000036 ) ) ;
#4957 = MECHANICAL_DESIGN_GEOMETRIC_PRESENTATION_REPRESENTATION (  '', ( #3036 ), #2 ) ;
#4958 = EDGE_LOOP ( 'NONE', ( #5016, #4676, #4161, #3544, #2664, #4791 ) ) ;
#4959 = CARTESIAN_POINT ( 'NONE',  ( 0.07499999999999998335, 0.1333333333333334147, -0.7499999999999998890 ) ) ;
#4960 = CARTESIAN_POINT ( 'NONE',  ( 0.0000000000000000000, 0.0000000000000000000, 0.0000000000000000000 ) ) ;
#4961 = SURFACE_STYLE_FILL_AREA ( #3675 ) ;
#4962 = ADVANCED_FACE ( 'NONE', ( #5675 ), #5640, .F. ) ;
#4963 = MECHANICAL_DESIGN_GEOMETRIC_PRESENTATION_REPRESENTATION (  '', ( #1767 ), #3967 ) ;
#4964 = STYLED_ITEM ( 'NONE', ( #5661 ), #500 ) ;
#4965 = ORIENTED_EDGE ( 'NONE', *, *, #2556, .F. ) ;
#4966 = LINE ( 'NONE', #3702, #3874 ) ;
#4967 = PRESENTATION_STYLE_ASSIGNMENT (( #1880 ) ) ;
#4968 = ORIENTED_EDGE ( 'NONE', *, *, #179, .F. ) ;
#4969 = SURFACE_SIDE_STYLE ('',( #5423 ) ) ;
#4970 = LINE ( 'NONE', #1386, #3907 ) ;
#4971 = CARTESIAN_POINT ( 'NONE',  ( 1.004000000000000226, 0.08000000000000001554, -0.7099999999999999645 ) ) ;
#4972 = CARTESIAN_POINT ( 'NONE',  ( 0.7249999999999999778, 0.2666666666666667740, -1.040000000000000036 ) ) ;
#4973 = ORIENTED_EDGE ( 'NONE', *, *, #4912, .T. ) ;
#4974 = PRESENTATION_STYLE_ASSIGNMENT (( #1116 ) ) ;
#4975 = CARTESIAN_POINT ( 'NONE',  ( 1.000000000000000000, 0.6500000000000000222, -0.9800000000000002043 ) ) ;
#4976 = SURFACE_STYLE_USAGE ( .BOTH. , #2381 ) ;
#4977 = ORIENTED_EDGE ( 'NONE', *, *, #530, .T. ) ;
#4978 = DIRECTION ( 'NONE',  ( 0.0000000000000000000, -1.000000000000000000, 0.0000000000000000000 ) ) ;
#4979 = FILL_AREA_STYLE_COLOUR ( '', #544 ) ;
#4980 = FILL_AREA_STYLE ('',( #5330 ) ) ;
#4981 = SURFACE_SIDE_STYLE ('',( #4510 ) ) ;
#4982 = EDGE_CURVE ( 'NONE', #780, #4802, #3474, .T. ) ;
#4983 = ADVANCED_FACE ( 'NONE', ( #2283 ), #2772, .F. ) ;
#4984 = SURFACE_SIDE_STYLE ('',( #2426 ) ) ;
#4985 = VERTEX_POINT ( 'NONE', #2799 ) ;
#4986 =( NAMED_UNIT ( * ) SI_UNIT ( $, .STERADIAN. ) SOLID_ANGLE_UNIT ( ) );
#4987 = EDGE_CURVE ( 'NONE', #2814, #3998, #593, .T. ) ;
#4988 = ORIENTED_EDGE ( 'NONE', *, *, #3343, .F. ) ;
#4989 = DIRECTION ( 'NONE',  ( 0.0000000000000000000, 0.0000000000000000000, -1.000000000000000000 ) ) ;
#4990 = ORIENTED_EDGE ( 'NONE', *, *, #1222, .F. ) ;
#4991 = DIRECTION ( 'NONE',  ( 0.0000000000000000000, -1.000000000000000000, 0.0000000000000000000 ) ) ;
#4992 =( NAMED_UNIT ( * ) SI_UNIT ( $, .STERADIAN. ) SOLID_ANGLE_UNIT ( ) );
#4993 = STYLED_ITEM ( 'NONE', ( #2083 ), #2342 ) ;
#4994 = CARTESIAN_POINT ( 'NONE',  ( -1.004000000000000226, 0.1399999999999999856, -0.3300000000000000711 ) ) ;
#4995 = ORIENTED_EDGE ( 'NONE', *, *, #5190, .T. ) ;
#4996 = DIRECTION ( 'NONE',  ( 1.000000000000000000, -0.0000000000000000000, 7.477256361968994260E-16 ) ) ;
#4997 = AXIS2_PLACEMENT_3D ( 'NONE', #3182, #3215, #956 ) ;
#4998 = UNCERTAINTY_MEASURE_WITH_UNIT (LENGTH_MEASURE( 1.000000000000000082E-05 ), #957, 'distance_accuracy_value', 'NONE');
#4999 = PRESENTATION_STYLE_ASSIGNMENT (( #1062 ) ) ;
#5000 =( LENGTH_UNIT ( ) NAMED_UNIT ( * ) SI_UNIT ( .MILLI., .METRE. ) );
#5001 = MECHANICAL_DESIGN_GEOMETRIC_PRESENTATION_REPRESENTATION (  '', ( #3833 ), #3367 ) ;
#5002 = ORIENTED_EDGE ( 'NONE', *, *, #4852, .T. ) ;
#5003 = CARTESIAN_POINT ( 'NONE',  ( 0.1500000000000001332, 0.2000000000000000111, 0.7500000000000001110 ) ) ;
#5004 = SURFACE_SIDE_STYLE ('',( #4478 ) ) ;
#5005 = PRESENTATION_STYLE_ASSIGNMENT (( #5061 ) ) ;
#5006 = DIRECTION ( 'NONE',  ( 0.0000000000000000000, 0.7071067811865398012, -0.7071067811865552333 ) ) ;
#5007 =( GEOMETRIC_REPRESENTATION_CONTEXT ( 3 ) GLOBAL_UNCERTAINTY_ASSIGNED_CONTEXT ( ( #407 ) ) GLOBAL_UNIT_ASSIGNED_CONTEXT ( ( #2334, #131, #1903 ) ) REPRESENTATION_CONTEXT ( 'NONE', 'WORKASPACE' ) );
#5008 = FILL_AREA_STYLE_COLOUR ( '', #2037 ) ;
#5009 =( NAMED_UNIT ( * ) PLANE_ANGLE_UNIT ( ) SI_UNIT ( $, .RADIAN. ) );
#5010 = PLANE ( 'NONE',  #651 ) ;
#5011 = CARTESIAN_POINT ( 'NONE',  ( 0.7999999999999999334, 0.2000000000000000111, 0.7500000000000001110 ) ) ;
#5012 = EDGE_CURVE ( 'NONE', #4120, #2732, #3147, .T. ) ;
#5013 = ORIENTED_EDGE ( 'NONE', *, *, #3128, .T. ) ;
#5014 = DIRECTION ( 'NONE',  ( 1.000000000000000000, 0.0000000000000000000, 0.0000000000000000000 ) ) ;
#5015 = SURFACE_SIDE_STYLE ('',( #1484 ) ) ;
#5016 = ORIENTED_EDGE ( 'NONE', *, *, #5516, .F. ) ;
#5017 =( NAMED_UNIT ( * ) SI_UNIT ( $, .STERADIAN. ) SOLID_ANGLE_UNIT ( ) );
#5018 = DIRECTION ( 'NONE',  ( -0.7071067811865473507, 0.0000000000000000000, -0.7071067811865477948 ) ) ;
#5019 = EDGE_CURVE ( 'NONE', #1024, #455, #564, .T. ) ;
#5020 = ADVANCED_FACE ( 'NONE', ( #622 ), #4055, .T. ) ;
#5021 = DIRECTION ( 'NONE',  ( -1.000000000000000000, -0.0000000000000000000, -0.0000000000000000000 ) ) ;
#5022 =( NAMED_UNIT ( * ) SI_UNIT ( $, .STERADIAN. ) SOLID_ANGLE_UNIT ( ) );
#5023 = VERTEX_POINT ( 'NONE', #3670 ) ;
#5024 = SURFACE_SIDE_STYLE ('',( #3741 ) ) ;
#5025 = DIRECTION ( 'NONE',  ( -1.000000000000000000, 0.0000000000000000000, -7.477256361968999191E-16 ) ) ;
#5026 = VECTOR ( 'NONE', #693, 1000.000000000000000 ) ;
#5027 = COLOUR_RGB ( '',0.4313725490196078649, 0.4509803921568627527, 0.4313725490196078649 ) ;
#5028 = EDGE_LOOP ( 'NONE', ( #5186, #1637, #3287, #2834 ) ) ;
#5029 = AXIS2_PLACEMENT_3D ( 'NONE', #1537, #5588, #272 ) ;
#5030 =( GEOMETRIC_REPRESENTATION_CONTEXT ( 3 ) GLOBAL_UNCERTAINTY_ASSIGNED_CONTEXT ( ( #1439 ) ) GLOBAL_UNIT_ASSIGNED_CONTEXT ( ( #5434, #4080, #591 ) ) REPRESENTATION_CONTEXT ( 'NONE', 'WORKASPACE' ) );
#5031 = SURFACE_STYLE_USAGE ( .BOTH. , #3291 ) ;
#5032 = FACE_OUTER_BOUND ( 'NONE', #2468, .T. ) ;
#5033 = DIRECTION ( 'NONE',  ( 0.0000000000000000000, 0.0000000000000000000, -1.000000000000000000 ) ) ;
#5034 = PRESENTATION_LAYER_ASSIGNMENT (  '', '', ( #4502 ) ) ;
#5035 = VECTOR ( 'NONE', #3804, 1000.000000000000000 ) ;
#5036 = LINE ( 'NONE', #4344, #2510 ) ;
#5037 = PLANE ( 'NONE',  #2114 ) ;
#5038 = SURFACE_STYLE_USAGE ( .BOTH. , #2456 ) ;
#5039 = CLOSED_SHELL ( 'NONE', ( #4954, #3567, #3273, #73, #4920, #4192, #3029, #5549, #1771, #2708 ) ) ;
#5040 = ORIENTED_EDGE ( 'NONE', *, *, #2174, .F. ) ;
#5041 =( NAMED_UNIT ( * ) PLANE_ANGLE_UNIT ( ) SI_UNIT ( $, .RADIAN. ) );
#5042 = FACE_OUTER_BOUND ( 'NONE', #1888, .T. ) ;
#5043 = ORIENTED_EDGE ( 'NONE', *, *, #2337, .T. ) ;
#5044 = DIRECTION ( 'NONE',  ( -9.346570452461245291E-17, 0.0000000000000000000, -1.000000000000000000 ) ) ;
#5045 = MECHANICAL_DESIGN_GEOMETRIC_PRESENTATION_REPRESENTATION (  '', ( #728 ), #2234 ) ;
#5046 = STYLED_ITEM ( 'NONE', ( #5378 ), #280 ) ;
#5047 = COLOUR_RGB ( '',0.7921568627450980005, 0.8196078431372548767, 0.9333333333333333481 ) ;
#5048 = CARTESIAN_POINT ( 'NONE',  ( -0.1499999999999999389, 0.1333333333333334147, -0.7499999999999998890 ) ) ;
#5049 = VERTEX_POINT ( 'NONE', #1897 ) ;
#5050 = EDGE_CURVE ( 'NONE', #2312, #4301, #3179, .T. ) ;
#5051 = CARTESIAN_POINT ( 'NONE',  ( 0.0000000000000000000, 0.6500000000000000222, 0.0000000000000000000 ) ) ;
#5052 = PLANE ( 'NONE',  #3541 ) ;
#5053 = UNCERTAINTY_MEASURE_WITH_UNIT (LENGTH_MEASURE( 1.000000000000000082E-05 ), #3654, 'distance_accuracy_value', 'NONE');
#5054 = PRESENTATION_LAYER_ASSIGNMENT (  '', '', ( #200 ) ) ;
#5055 = CLOSED_SHELL ( 'NONE', ( #3384, #4289, #3060, #2839, #2563, #635 ) ) ;
#5056 = ORIENTED_EDGE ( 'NONE', *, *, #5539, .F. ) ;
#5057 = EDGE_CURVE ( 'NONE', #4059, #164, #3266, .T. ) ;
#5058 = FILL_AREA_STYLE_COLOUR ( '', #5575 ) ;
#5059 = MECHANICAL_DESIGN_GEOMETRIC_PRESENTATION_REPRESENTATION (  '', ( #3612 ), #1361 ) ;
#5060 = DIRECTION ( 'NONE',  ( 0.0000000000000000000, 0.0000000000000000000, 1.000000000000000000 ) ) ;
#5061 = SURFACE_STYLE_USAGE ( .BOTH. , #2821 ) ;
#5062 = FACE_OUTER_BOUND ( 'NONE', #3181, .T. ) ;
#5063 = PLANE ( 'NONE',  #5689 ) ;
#5064 = FILL_AREA_STYLE ('',( #2012 ) ) ;
#5065 = DIRECTION ( 'NONE',  ( 1.000000000000000000, 0.0000000000000000000, -0.0000000000000000000 ) ) ;
#5066 = CARTESIAN_POINT ( 'NONE',  ( 0.9799999999999999822, 0.6500000000000000222, 0.0000000000000000000 ) ) ;
#5067 = CARTESIAN_POINT ( 'NONE',  ( 1.004000000000000226, 0.07999999999999993228, 0.8200000000000000622 ) ) ;
#5068 = PLANE ( 'NONE',  #5029 ) ;
#5069 = EDGE_LOOP ( 'NONE', ( #2752, #1900, #1807, #2459 ) ) ;
#5070 = PRESENTATION_STYLE_ASSIGNMENT (( #2111 ) ) ;
#5071 = ORIENTED_EDGE ( 'NONE', *, *, #3602, .F. ) ;
#5072 = SURFACE_SIDE_STYLE ('',( #1604 ) ) ;
#5073 =( NAMED_UNIT ( * ) SI_UNIT ( $, .STERADIAN. ) SOLID_ANGLE_UNIT ( ) );
#5074 = SURFACE_STYLE_USAGE ( .BOTH. , #3335 ) ;
#5075 = FILL_AREA_STYLE ('',( #3776 ) ) ;
#5076 = VERTEX_POINT ( 'NONE', #3721 ) ;
#5077 = PLANE ( 'NONE',  #1549 ) ;
#5078 = DIRECTION ( 'NONE',  ( -0.0000000000000000000, -0.0000000000000000000, 1.000000000000000000 ) ) ;
#5079 = STYLED_ITEM ( 'NONE', ( #4369 ), #2282 ) ;
#5080 = VECTOR ( 'NONE', #2495, 1000.000000000000000 ) ;
#5081 = LINE ( 'NONE', #2869, #2497 ) ;
#5082 = ADVANCED_FACE ( 'NONE', ( #5496 ), #3819, .F. ) ;
#5083 = MECHANICAL_DESIGN_GEOMETRIC_PRESENTATION_REPRESENTATION (  '', ( #1895 ), #4550 ) ;
#5084 = VECTOR ( 'NONE', #4175, 1000.000000000000000 ) ;
#5085 = ORIENTED_EDGE ( 'NONE', *, *, #4886, .T. ) ;
#5086 = LINE ( 'NONE', #2349, #5026 ) ;
#5087 = SURFACE_STYLE_USAGE ( .BOTH. , #4737 ) ;
#5088 =( NAMED_UNIT ( * ) PLANE_ANGLE_UNIT ( ) SI_UNIT ( $, .RADIAN. ) );
#5090 = DIRECTION ( 'NONE',  ( 0.7071067811865398012, -0.0000000000000000000, 0.7071067811865552333 ) ) ;
#5089 = VECTOR ( 'NONE', #1837, 1000.000000000000000 ) ;
#5091 = AXIS2_PLACEMENT_3D ( 'NONE', #1286, #4451, #2232 ) ;
#5092 = EDGE_CURVE ( 'NONE', #2244, #4691, #4188, .T. ) ;
#5093 = CARTESIAN_POINT ( 'NONE',  ( -1.004000000000000226, 0.1399999999999999856, -0.7099999999999999645 ) ) ;
#5094 =( LENGTH_UNIT ( ) NAMED_UNIT ( * ) SI_UNIT ( .MILLI., .METRE. ) );
#5095 =( NAMED_UNIT ( * ) PLANE_ANGLE_UNIT ( ) SI_UNIT ( $, .RADIAN. ) );
#5096 = FILL_AREA_STYLE_COLOUR ( '', #1250 ) ;
#5097 = FILL_AREA_STYLE ('',( #5469 ) ) ;
#5098 = SURFACE_SIDE_STYLE ('',( #5500 ) ) ;
#5099 = ORIENTED_EDGE ( 'NONE', *, *, #2454, .T. ) ;
#5100 = CARTESIAN_POINT ( 'NONE',  ( 0.8249999999999998446, 0.2000000000000000111, -0.5000000000000002220 ) ) ;
#5101 = VERTEX_POINT ( 'NONE', #234 ) ;
#5102 = LINE ( 'NONE', #1789, #2825 ) ;
#5103 = VECTOR ( 'NONE', #3974, 1000.000000000000000 ) ;
#5104 = LINE ( 'NONE', #1543, #5080 ) ;
#5105 = VECTOR ( 'NONE', #2192, 1000.000000000000000 ) ;
#5106 = FILL_AREA_STYLE ('',( #3803 ) ) ;
#5107 = CARTESIAN_POINT ( 'NONE',  ( -1.004000000000000226, 0.1399999999999998745, 0.7100000000000000755 ) ) ;
#5108 = VERTEX_POINT ( 'NONE', #5093 ) ;
#5109 = CARTESIAN_POINT ( 'NONE',  ( -0.6574999999999999734, 0.0000000000000000000, 0.5000000000000006661 ) ) ;
#5110 = PRESENTATION_STYLE_ASSIGNMENT (( #2469 ) ) ;
#5111 = UNCERTAINTY_MEASURE_WITH_UNIT (LENGTH_MEASURE( 1.000000000000000082E-05 ), #2069, 'distance_accuracy_value', 'NONE');
#5112 = DIRECTION ( 'NONE',  ( 1.000000000000000000, 0.0000000000000000000, 0.0000000000000000000 ) ) ;
#5113 = DIRECTION ( 'NONE',  ( -1.726093010922195813E-15, 0.0000000000000000000, -1.000000000000000000 ) ) ;
#5114 = MECHANICAL_DESIGN_GEOMETRIC_PRESENTATION_REPRESENTATION (  '', ( #4295 ), #3848 ) ;
#5115 = ORIENTED_EDGE ( 'NONE', *, *, #3807, .T. ) ;
#5116 = UNCERTAINTY_MEASURE_WITH_UNIT (LENGTH_MEASURE( 1.000000000000000082E-05 ), #5142, 'distance_accuracy_value', 'NONE');
#5117 = COLOUR_RGB ( '',0.4313725490196078649, 0.4509803921568627527, 0.4313725490196078649 ) ;
#5118 = CARTESIAN_POINT ( 'NONE',  ( -0.7249999999999997558, 0.2666666666666666630, -1.040000000000000036 ) ) ;
#5119 = CARTESIAN_POINT ( 'NONE',  ( -1.000000000000000000, 0.04000000000000000083, -0.9800000000000002043 ) ) ;
#5120 = CARTESIAN_POINT ( 'NONE',  ( -1.000000000000000000, 0.6500000000000000222, -0.9800000000000002043 ) ) ;
#5121 =( GEOMETRIC_REPRESENTATION_CONTEXT ( 3 ) GLOBAL_UNCERTAINTY_ASSIGNED_CONTEXT ( ( #3633 ) ) GLOBAL_UNIT_ASSIGNED_CONTEXT ( ( #5293, #3113, #3554 ) ) REPRESENTATION_CONTEXT ( 'NONE', 'WORKASPACE' ) );
#5122 = COLOUR_RGB ( '',0.4313725490196078649, 0.4509803921568627527, 0.4313725490196078649 ) ;
#5123 =( GEOMETRIC_REPRESENTATION_CONTEXT ( 3 ) GLOBAL_UNCERTAINTY_ASSIGNED_CONTEXT ( ( #5111 ) ) GLOBAL_UNIT_ASSIGNED_CONTEXT ( ( #2069, #5088, #5545 ) ) REPRESENTATION_CONTEXT ( 'NONE', 'WORKASPACE' ) );
#5124 = ADVANCED_FACE ( 'NONE', ( #1979 ), #4768, .F. ) ;
#5125 = CARTESIAN_POINT ( 'NONE',  ( -0.1499999999999998279, 0.2000000000000000111, 1.040000000000000036 ) ) ;
#5126 = EDGE_CURVE ( 'NONE', #1851, #3125, #5036, .T. ) ;
#5127 = DIRECTION ( 'NONE',  ( 7.477256361968999191E-16, 0.0000000000000000000, -1.000000000000000000 ) ) ;
#5128 = SURFACE_SIDE_STYLE ('',( #2603 ) ) ;
#5129 = DIRECTION ( 'NONE',  ( -1.084202172485504434E-16, -0.0000000000000000000, -1.000000000000000000 ) ) ;
#5130 =( GEOMETRIC_REPRESENTATION_CONTEXT ( 3 ) GLOBAL_UNCERTAINTY_ASSIGNED_CONTEXT ( ( #1088 ) ) GLOBAL_UNIT_ASSIGNED_CONTEXT ( ( #5473, #3826, #1634 ) ) REPRESENTATION_CONTEXT ( 'NONE', 'WORKASPACE' ) );
#5131 = SURFACE_SIDE_STYLE ('',( #1598 ) ) ;
#5132 = DIRECTION ( 'NONE',  ( 0.0000000000000000000, 1.000000000000000000, 0.0000000000000000000 ) ) ;
#5133 = VECTOR ( 'NONE', #3417, 1000.000000000000000 ) ;
#5134 = ORIENTED_EDGE ( 'NONE', *, *, #1856, .F. ) ;
#5135 = AXIS2_PLACEMENT_3D ( 'NONE', #2912, #2987, #1993 ) ;
#5136 = FILL_AREA_STYLE ('',( #2021 ) ) ;
#5137 = STYLED_ITEM ( 'NONE', ( #5159 ), #2461 ) ;
#5138 = ORIENTED_EDGE ( 'NONE', *, *, #1380, .T. ) ;
#5139 = ADVANCED_FACE ( 'NONE', ( #1737 ), #5063, .F. ) ;
#5140 = CYLINDRICAL_SURFACE ( 'NONE', #3186, 0.1000000000000001582 ) ;
#5141 = MECHANICAL_DESIGN_GEOMETRIC_PRESENTATION_REPRESENTATION (  '', ( #3313 ), #4590 ) ;
#5142 =( LENGTH_UNIT ( ) NAMED_UNIT ( * ) SI_UNIT ( .MILLI., .METRE. ) );
#5143 = ORIENTED_EDGE ( 'NONE', *, *, #2529, .T. ) ;
#5144 =( GEOMETRIC_REPRESENTATION_CONTEXT ( 3 ) GLOBAL_UNCERTAINTY_ASSIGNED_CONTEXT ( ( #2622 ) ) GLOBAL_UNIT_ASSIGNED_CONTEXT ( ( #3486, #2670, #5652 ) ) REPRESENTATION_CONTEXT ( 'NONE', 'WORKASPACE' ) );
#5145 = LINE ( 'NONE', #1677, #2125 ) ;
#5146 = PRESENTATION_LAYER_ASSIGNMENT (  '', '', ( #2044 ) ) ;
#5147 = STYLED_ITEM ( 'NONE', ( #5448 ), #1626 ) ;
#5148 = ORIENTED_EDGE ( 'NONE', *, *, #468, .T. ) ;
#5149 = DIRECTION ( 'NONE',  ( 0.0000000000000000000, 0.0000000000000000000, -1.000000000000000000 ) ) ;
#5150 =( GEOMETRIC_REPRESENTATION_CONTEXT ( 3 ) GLOBAL_UNCERTAINTY_ASSIGNED_CONTEXT ( ( #2795 ) ) GLOBAL_UNIT_ASSIGNED_CONTEXT ( ( #2790, #1554, #4632 ) ) REPRESENTATION_CONTEXT ( 'NONE', 'WORKASPACE' ) );
#5151 = AXIS2_PLACEMENT_3D ( 'NONE', #3570, #4767, #3003 ) ;
#5152 = FILL_AREA_STYLE_COLOUR ( '', #4189 ) ;
#5153 = SURFACE_STYLE_USAGE ( .BOTH. , #3884 ) ;
#5154 = ADVANCED_FACE ( 'NONE', ( #1773 ), #1325, .F. ) ;
#5155 = FACE_OUTER_BOUND ( 'NONE', #3235, .T. ) ;
#5156 = EDGE_LOOP ( 'NONE', ( #2676, #1746, #2575, #1249 ) ) ;
#5157 =( NAMED_UNIT ( * ) SI_UNIT ( $, .STERADIAN. ) SOLID_ANGLE_UNIT ( ) );
#5158 = ORIENTED_EDGE ( 'NONE', *, *, #1303, .F. ) ;
#5159 = PRESENTATION_STYLE_ASSIGNMENT (( #4758 ) ) ;
#5160 = CARTESIAN_POINT ( 'NONE',  ( 0.07499999999999998335, 0.2666666666666667740, -1.040000000000000036 ) ) ;
#5161 = SURFACE_SIDE_STYLE ('',( #3020 ) ) ;
#5162 = ADVANCED_FACE ( 'NONE', ( #1799 ), #186, .F. ) ;
#5163 = FILL_AREA_STYLE_COLOUR ( '', #556 ) ;
#5164 = DIRECTION ( 'NONE',  ( 0.0000000000000000000, 1.000000000000000000, 0.0000000000000000000 ) ) ;
#5165 = VERTEX_POINT ( 'NONE', #967 ) ;
#5166 = CARTESIAN_POINT ( 'NONE',  ( 0.0000000000000000000, 0.2000000000000000111, 0.0000000000000000000 ) ) ;
#5167 = SURFACE_STYLE_USAGE ( .BOTH. , #882 ) ;
#5168 = UNCERTAINTY_MEASURE_WITH_UNIT (LENGTH_MEASURE( 1.000000000000000082E-05 ), #1225, 'distance_accuracy_value', 'NONE');
#5169 = PRESENTATION_STYLE_ASSIGNMENT (( #763 ) ) ;
#5170 = ORIENTED_EDGE ( 'NONE', *, *, #466, .F. ) ;
#5171 = UNCERTAINTY_MEASURE_WITH_UNIT (LENGTH_MEASURE( 1.000000000000000082E-05 ), #2292, 'distance_accuracy_value', 'NONE');
#5172 =( NAMED_UNIT ( * ) SI_UNIT ( $, .STERADIAN. ) SOLID_ANGLE_UNIT ( ) );
#5173 = VECTOR ( 'NONE', #2403, 1000.000000000000000 ) ;
#5174 = ORIENTED_EDGE ( 'NONE', *, *, #3411, .T. ) ;
#5175 = STYLED_ITEM ( 'NONE', ( #901 ), #2494 ) ;
#5176 = DIRECTION ( 'NONE',  ( 0.0000000000000000000, 0.0000000000000000000, 1.000000000000000000 ) ) ;
#5177 = FACE_OUTER_BOUND ( 'NONE', #367, .T. ) ;
#5178 =( GEOMETRIC_REPRESENTATION_CONTEXT ( 3 ) GLOBAL_UNCERTAINTY_ASSIGNED_CONTEXT ( ( #473 ) ) GLOBAL_UNIT_ASSIGNED_CONTEXT ( ( #1452, #3649, #3149 ) ) REPRESENTATION_CONTEXT ( 'NONE', 'WORKASPACE' ) );
#5179 = CARTESIAN_POINT ( 'NONE',  ( 1.004000000000000226, 0.1399999999999999023, 0.8200000000000000622 ) ) ;
#5180 = LINE ( 'NONE', #5524, #339 ) ;
#5181 = VECTOR ( 'NONE', #4106, 1000.000000000000114 ) ;
#5182 =( NAMED_UNIT ( * ) SI_UNIT ( $, .STERADIAN. ) SOLID_ANGLE_UNIT ( ) );
#5183 = ORIENTED_EDGE ( 'NONE', *, *, #358, .F. ) ;
#5184 =( LENGTH_UNIT ( ) NAMED_UNIT ( * ) SI_UNIT ( .MILLI., .METRE. ) );
#5185 =( NAMED_UNIT ( * ) PLANE_ANGLE_UNIT ( ) SI_UNIT ( $, .RADIAN. ) );
#5186 = ORIENTED_EDGE ( 'NONE', *, *, #4394, .T. ) ;
#5187 = FILL_AREA_STYLE ('',( #304 ) ) ;
#5188 =( NAMED_UNIT ( * ) PLANE_ANGLE_UNIT ( ) SI_UNIT ( $, .RADIAN. ) );
#5189 = PLANE ( 'NONE',  #2750 ) ;
#5190 = EDGE_CURVE ( 'NONE', #3016, #2725, #2754, .T. ) ;
#5191 = VECTOR ( 'NONE', #3771, 1000.000000000000000 ) ;
#5192 = DIRECTION ( 'NONE',  ( 0.0000000000000000000, 0.0000000000000000000, 1.000000000000000000 ) ) ;
#5193 = DIRECTION ( 'NONE',  ( 0.0000000000000000000, 1.807003620809174977E-15, -1.000000000000000000 ) ) ;
#5195 = AXIS2_PLACEMENT_3D ( 'NONE', #1996, #199, #1054 ) ;
#5194 = SURFACE_SIDE_STYLE ('',( #436 ) ) ;
#5196 = VERTEX_POINT ( 'NONE', #2409 ) ;
#5197 = CARTESIAN_POINT ( 'NONE',  ( -1.004000000000000226, 0.07999999999999996003, 0.4400000000000000022 ) ) ;
#5198 = SURFACE_SIDE_STYLE ('',( #2998 ) ) ;
#5199 = EDGE_CURVE ( 'NONE', #2244, #1512, #4155, .T. ) ;
#5200 = EDGE_CURVE ( 'NONE', #244, #5653, #664, .T. ) ;
#5201 = DIRECTION ( 'NONE',  ( -0.0000000000000000000, 1.000000000000000000, 0.0000000000000000000 ) ) ;
#5202 = COLOUR_RGB ( '',0.4313725490196078649, 0.4509803921568627527, 0.4313725490196078649 ) ;
#5203 = VERTEX_POINT ( 'NONE', #4205 ) ;
#5204 = FILL_AREA_STYLE ('',( #413 ) ) ;
#5205 = EDGE_CURVE ( 'NONE', #3534, #1694, #220, .T. ) ;
#5206 = PLANE ( 'NONE',  #3784 ) ;
#5207 = PRESENTATION_STYLE_ASSIGNMENT (( #5630 ) ) ;
#5208 = FACE_OUTER_BOUND ( 'NONE', #4534, .T. ) ;
#5209 = VERTEX_POINT ( 'NONE', #1942 ) ;
#5210 = DIRECTION ( 'NONE',  ( -1.000000000000000000, 0.0000000000000000000, -0.0000000000000000000 ) ) ;
#5211 = VECTOR ( 'NONE', #5090, 1000.000000000000114 ) ;
#5212 =( NAMED_UNIT ( * ) SI_UNIT ( $, .STERADIAN. ) SOLID_ANGLE_UNIT ( ) );
#5213 = PRESENTATION_STYLE_ASSIGNMENT (( #892 ) ) ;
#5214 = CARTESIAN_POINT ( 'NONE',  ( -0.5749999999999997335, 0.2000000000000000111, 0.0000000000000000000 ) ) ;
#5215 = VECTOR ( 'NONE', #5354, 1000.000000000000000 ) ;
#5216 = COLOUR_RGB ( '',0.4313725490196078649, 0.4509803921568627527, 0.4313725490196078649 ) ;
#5217 = LINE ( 'NONE', #1756, #905 ) ;
#5218 = ORIENTED_EDGE ( 'NONE', *, *, #4437, .F. ) ;
#5219 = FILL_AREA_STYLE_COLOUR ( '', #5665 ) ;
#5220 = ORIENTED_EDGE ( 'NONE', *, *, #310, .F. ) ;
#5221 = AXIS2_PLACEMENT_3D ( 'NONE', #1139, #3371, #4620 ) ;
#5222 =( NAMED_UNIT ( * ) SI_UNIT ( $, .STERADIAN. ) SOLID_ANGLE_UNIT ( ) );
#5223 =( NAMED_UNIT ( * ) PLANE_ANGLE_UNIT ( ) SI_UNIT ( $, .RADIAN. ) );
#5224 = DIRECTION ( 'NONE',  ( 0.0000000000000000000, 0.7071067811865552333, 0.7071067811865399122 ) ) ;
#5225 = COLOUR_RGB ( '',0.4313725490196078649, 0.4509803921568627527, 0.4313725490196078649 ) ;
#5226 = FACE_OUTER_BOUND ( 'NONE', #2871, .T. ) ;
#5227 = AXIS2_PLACEMENT_3D ( 'NONE', #2574, #2636, #3041 ) ;
#5228 =( GEOMETRIC_REPRESENTATION_CONTEXT ( 3 ) GLOBAL_UNCERTAINTY_ASSIGNED_CONTEXT ( ( #3688 ) ) GLOBAL_UNIT_ASSIGNED_CONTEXT ( ( #3429, #738, #2533 ) ) REPRESENTATION_CONTEXT ( 'NONE', 'WORKASPACE' ) );
#5229 = PRESENTATION_STYLE_ASSIGNMENT (( #2644 ) ) ;
#5230 = ORIENTED_EDGE ( 'NONE', *, *, #2337, .F. ) ;
#5231 = LINE ( 'NONE', #1293, #317 ) ;
#5232 = FILL_AREA_STYLE ('',( #2151 ) ) ;
#5233 = PRESENTATION_STYLE_ASSIGNMENT (( #5087 ) ) ;
#5234 =( LENGTH_UNIT ( ) NAMED_UNIT ( * ) SI_UNIT ( .MILLI., .METRE. ) );
#5235 = EDGE_CURVE ( 'NONE', #5294, #1851, #3227, .T. ) ;
#5236 = AXIS2_PLACEMENT_3D ( 'NONE', #2203, #3946, #5684 ) ;
#5237 = EDGE_CURVE ( 'NONE', #1024, #1352, #4626, .T. ) ;
#5238 = DIRECTION ( 'NONE',  ( 0.0000000000000000000, 0.0000000000000000000, 1.000000000000000000 ) ) ;
#5239 = EDGE_LOOP ( 'NONE', ( #2228, #4006, #1074, #258 ) ) ;
#5240 = VECTOR ( 'NONE', #4784, 1000.000000000000000 ) ;
#5241 = FACE_OUTER_BOUND ( 'NONE', #3827, .T. ) ;
#5242 = UNCERTAINTY_MEASURE_WITH_UNIT (LENGTH_MEASURE( 1.000000000000000082E-05 ), #1365, 'distance_accuracy_value', 'NONE');
#5243 = FILL_AREA_STYLE_COLOUR ( '', #982 ) ;
#5244 =( GEOMETRIC_REPRESENTATION_CONTEXT ( 3 ) GLOBAL_UNCERTAINTY_ASSIGNED_CONTEXT ( ( #2383 ) ) GLOBAL_UNIT_ASSIGNED_CONTEXT ( ( #3053, #920, #4378 ) ) REPRESENTATION_CONTEXT ( 'NONE', 'WORKASPACE' ) );
#5245 = ORIENTED_EDGE ( 'NONE', *, *, #2706, .F. ) ;
#5246 = EDGE_CURVE ( 'NONE', #2212, #2490, #2343, .T. ) ;
#5247 = FILL_AREA_STYLE ('',( #5152 ) ) ;
#5248 = COLOUR_RGB ( '',0.4313725490196078649, 0.4509803921568627527, 0.4313725490196078649 ) ;
#5249 = DIRECTION ( 'NONE',  ( 0.0000000000000000000, 0.0000000000000000000, 1.000000000000000000 ) ) ;
#5250 = FILL_AREA_STYLE ('',( #1755 ) ) ;
#5251 = COLOUR_RGB ( '',0.4313725490196078649, 0.4509803921568627527, 0.4313725490196078649 ) ;
#5252 =( NAMED_UNIT ( * ) PLANE_ANGLE_UNIT ( ) SI_UNIT ( $, .RADIAN. ) );
#5253 = ORIENTED_EDGE ( 'NONE', *, *, #4777, .T. ) ;
#5254 = DIRECTION ( 'NONE',  ( 0.0000000000000000000, 0.0000000000000000000, -1.000000000000000000 ) ) ;
#5255 = EDGE_LOOP ( 'NONE', ( #405, #5245, #2318, #1489 ) ) ;
#5256 = DIRECTION ( 'NONE',  ( 1.000000000000000000, 0.0000000000000000000, 0.0000000000000000000 ) ) ;
#5257 = CARTESIAN_POINT ( 'NONE',  ( -0.7249999999999997558, 0.1333333333333333592, 0.4325000000000008282 ) ) ;
#5258 = CARTESIAN_POINT ( 'NONE',  ( -0.7249999999999997558, 0.2000000000000000111, 0.0000000000000000000 ) ) ;
#5259 = FILL_AREA_STYLE ('',( #907 ) ) ;
#5260 = ORIENTED_EDGE ( 'NONE', *, *, #4191, .F. ) ;
#5261 = FILL_AREA_STYLE_COLOUR ( '', #4098 ) ;
#5262 = ORIENTED_EDGE ( 'NONE', *, *, #3696, .F. ) ;
#5263 = PLANE ( 'NONE',  #2583 ) ;
#5264 = DIRECTION ( 'NONE',  ( 0.0000000000000000000, -0.0000000000000000000, -1.000000000000000000 ) ) ;
#5265 = EDGE_CURVE ( 'NONE', #244, #445, #4547, .T. ) ;
#5266 = ORIENTED_EDGE ( 'NONE', *, *, #5432, .T. ) ;
#5267 = CARTESIAN_POINT ( 'NONE',  ( 0.0000000000000000000, 0.2000000000000000111, 0.0000000000000000000 ) ) ;
#5268 = FACE_OUTER_BOUND ( 'NONE', #963, .T. ) ;
#5269 = ADVANCED_FACE ( 'NONE', ( #5450 ), #1028, .F. ) ;
#5270 = DIRECTION ( 'NONE',  ( 0.0000000000000000000, -0.0000000000000000000, -1.000000000000000000 ) ) ;
#5271 = VECTOR ( 'NONE', #629, 1000.000000000000000 ) ;
#5272 = CARTESIAN_POINT ( 'NONE',  ( 0.5000000000000000000, 0.2000000000000000111, 1.040000000000000036 ) ) ;
#5273 = ORIENTED_EDGE ( 'NONE', *, *, #5585, .F. ) ;
#5274 = FILL_AREA_STYLE_COLOUR ( '', #193 ) ;
#5275 = PRESENTATION_LAYER_ASSIGNMENT (  '', '', ( #3547 ) ) ;
#5276 = STYLED_ITEM ( 'NONE', ( #1195 ), #2738 ) ;
#5277 = ORIENTED_EDGE ( 'NONE', *, *, #3308, .F. ) ;
#5278 = DIRECTION ( 'NONE',  ( 1.000000000000000000, 0.0000000000000000000, 0.0000000000000000000 ) ) ;
#5279 = DIRECTION ( 'NONE',  ( 0.0000000000000000000, -1.000000000000000000, 0.0000000000000000000 ) ) ;
#5280 = PRESENTATION_LAYER_ASSIGNMENT (  '', '', ( #5457 ) ) ;
#5281 = FILL_AREA_STYLE ('',( #2289 ) ) ;
#5282 = PRESENTATION_STYLE_ASSIGNMENT (( #2237 ) ) ;
#5283 = EDGE_LOOP ( 'NONE', ( #206, #4769, #5316, #5460 ) ) ;
#5284 = CARTESIAN_POINT ( 'NONE',  ( -0.1549999999999999711, 0.2000000000000000111, -0.5000000000000002220 ) ) ;
#5285 = VECTOR ( 'NONE', #1095, 1000.000000000000000 ) ;
#5286 = FILL_AREA_STYLE_COLOUR ( '', #1817 ) ;
#5287 = STYLED_ITEM ( 'NONE', ( #47 ), #3496 ) ;
#5288 = DIRECTION ( 'NONE',  ( 0.0000000000000000000, 1.000000000000000000, 0.0000000000000000000 ) ) ;
#5289 = VERTEX_POINT ( 'NONE', #4123 ) ;
#5290 = CARTESIAN_POINT ( 'NONE',  ( -0.07499999999999996947, 0.1333333333333334147, -1.040000000000000036 ) ) ;
#5291 = UNCERTAINTY_MEASURE_WITH_UNIT (LENGTH_MEASURE( 1.000000000000000082E-05 ), #5094, 'distance_accuracy_value', 'NONE');
#5292 = AXIS2_PLACEMENT_3D ( 'NONE', #5160, #5594, #1672 ) ;
#5293 =( LENGTH_UNIT ( ) NAMED_UNIT ( * ) SI_UNIT ( .MILLI., .METRE. ) );
#5294 = VERTEX_POINT ( 'NONE', #4994 ) ;
#5295 = AXIS2_PLACEMENT_3D ( 'NONE', #238, #3759, #2908 ) ;
#5296 =( LENGTH_UNIT ( ) NAMED_UNIT ( * ) SI_UNIT ( .MILLI., .METRE. ) );
#5297 = SURFACE_STYLE_USAGE ( .BOTH. , #482 ) ;
#5298 = SURFACE_SIDE_STYLE ('',( #4840 ) ) ;
#5299 = SURFACE_STYLE_USAGE ( .BOTH. , #3996 ) ;
#5300 = EDGE_CURVE ( 'NONE', #2911, #4844, #634, .T. ) ;
#5301 = EDGE_CURVE ( 'NONE', #3746, #3195, #1114, .T. ) ;
#5302 = ORIENTED_EDGE ( 'NONE', *, *, #2768, .T. ) ;
#5303 = VECTOR ( 'NONE', #450, 1000.000000000000000 ) ;
#5304 = ORIENTED_EDGE ( 'NONE', *, *, #5126, .F. ) ;
#5305 = SURFACE_SIDE_STYLE ('',( #4360 ) ) ;
#5306 = DIRECTION ( 'NONE',  ( -0.0000000000000000000, 0.0000000000000000000, 1.000000000000000000 ) ) ;
#5307 =( GEOMETRIC_REPRESENTATION_CONTEXT ( 3 ) GLOBAL_UNCERTAINTY_ASSIGNED_CONTEXT ( ( #1491 ) ) GLOBAL_UNIT_ASSIGNED_CONTEXT ( ( #4232, #275, #5527 ) ) REPRESENTATION_CONTEXT ( 'NONE', 'WORKASPACE' ) );
#5308 = DIRECTION ( 'NONE',  ( 1.000000000000000000, 0.0000000000000000000, 0.0000000000000000000 ) ) ;
#5309 = FACE_OUTER_BOUND ( 'NONE', #3656, .T. ) ;
#5310 = VECTOR ( 'NONE', #5033, 1000.000000000000000 ) ;
#5311 = MECHANICAL_DESIGN_GEOMETRIC_PRESENTATION_REPRESENTATION (  '', ( #3484 ), #1368 ) ;
#5312 = ADVANCED_FACE ( 'NONE', ( #2813 ), #170, .T. ) ;
#5313 = ORIENTED_EDGE ( 'NONE', *, *, #1435, .T. ) ;
#5314 = COLOUR_RGB ( '',0.4313725490196078649, 0.4509803921568627527, 0.4313725490196078649 ) ;
#5315 = CARTESIAN_POINT ( 'NONE',  ( 0.5749999999999999556, 0.1333333333333334425, -1.040000000000000036 ) ) ;
#5316 = ORIENTED_EDGE ( 'NONE', *, *, #3237, .T. ) ;
#5317 = PRESENTATION_STYLE_ASSIGNMENT (( #3575 ) ) ;
#5318 = PLANE ( 'NONE',  #5627 ) ;
#5319 = COLOUR_RGB ( '',0.1098039215686274495, 0.1098039215686274495, 0.1098039215686274495 ) ;
#5320 = AXIS2_PLACEMENT_3D ( 'NONE', #5107, #1201, #2117 ) ;
#5321 = DIRECTION ( 'NONE',  ( 0.0000000000000000000, 0.0000000000000000000, 1.000000000000000000 ) ) ;
#5322 = ORIENTED_EDGE ( 'NONE', *, *, #1555, .T. ) ;
#5323 = FILL_AREA_STYLE_COLOUR ( '', #1082 ) ;
#5324 =( NAMED_UNIT ( * ) SI_UNIT ( $, .STERADIAN. ) SOLID_ANGLE_UNIT ( ) );
#5325 = DIRECTION ( 'NONE',  ( -0.7071067811865379138, 0.7071067811865571207, 7.666467083416765920E-17 ) ) ;
#5326 = CARTESIAN_POINT ( 'NONE',  ( -0.1499999999999998557, 0.0000000000000000000, 0.7500000000000001110 ) ) ;
#5327 = FILL_AREA_STYLE_COLOUR ( '', #1339 ) ;
#5328 = CARTESIAN_POINT ( 'NONE',  ( -0.07499999999999998335, 0.2000000000000000111, -1.040000000000000036 ) ) ;
#5329 =( LENGTH_UNIT ( ) NAMED_UNIT ( * ) SI_UNIT ( .MILLI., .METRE. ) );
#5330 = FILL_AREA_STYLE_COLOUR ( '', #793 ) ;
#5331 = FILL_AREA_STYLE_COLOUR ( '', #2594 ) ;
#5332 = FILL_AREA_STYLE ('',( #4112 ) ) ;
#5333 = EDGE_LOOP ( 'NONE', ( #2534, #3740, #221 ) ) ;
#5334 = VERTEX_POINT ( 'NONE', #2616 ) ;
#5335 = FILL_AREA_STYLE_COLOUR ( '', #2836 ) ;
#5336 = EDGE_CURVE ( 'NONE', #303, #5597, #3428, .T. ) ;
#5337 = SURFACE_STYLE_FILL_AREA ( #4904 ) ;
#5338 = VECTOR ( 'NONE', #1822, 1000.000000000000000 ) ;
#5339 = ORIENTED_EDGE ( 'NONE', *, *, #4024, .F. ) ;
#5340 = ORIENTED_EDGE ( 'NONE', *, *, #2600, .T. ) ;
#5341 = PRESENTATION_LAYER_ASSIGNMENT (  '', '', ( #2968 ) ) ;
#5342 = SURFACE_STYLE_USAGE ( .BOTH. , #2728 ) ;
#5343 = CARTESIAN_POINT ( 'NONE',  ( -0.1499999999999998557, 0.2000000000000000111, 0.7500000000000001110 ) ) ;
#5344 = EDGE_CURVE ( 'NONE', #216, #2897, #3449, .T. ) ;
#5345 =( NAMED_UNIT ( * ) SI_UNIT ( $, .STERADIAN. ) SOLID_ANGLE_UNIT ( ) );
#5346 =( LENGTH_UNIT ( ) NAMED_UNIT ( * ) SI_UNIT ( .MILLI., .METRE. ) );
#5347 = VERTEX_POINT ( 'NONE', #2059 ) ;
#5348 = CARTESIAN_POINT ( 'NONE',  ( 1.004000000000000226, 0.07999999999999998779, -0.4400000000000000577 ) ) ;
#5349 = UNCERTAINTY_MEASURE_WITH_UNIT (LENGTH_MEASURE( 1.000000000000000082E-05 ), #1890, 'distance_accuracy_value', 'NONE');
#5350 = CARTESIAN_POINT ( 'NONE',  ( -0.8249999999999999556, 0.0000000000000000000, -0.5000000000000002220 ) ) ;
#5351 = SURFACE_SIDE_STYLE ('',( #2322 ) ) ;
#5352 = CARTESIAN_POINT ( 'NONE',  ( -0.1499999999999998557, 0.0000000000000000000, 0.7500000000000001110 ) ) ;
#5353 = CARTESIAN_POINT ( 'NONE',  ( 0.5749999999999999556, 0.1333333333333334425, -0.5000000000000002220 ) ) ;
#5354 = DIRECTION ( 'NONE',  ( -0.0000000000000000000, -0.0000000000000000000, 1.000000000000000000 ) ) ;
#5355 = EDGE_LOOP ( 'NONE', ( #1404, #820, #3468, #4280, #5556, #2196, #3957, #2809 ) ) ;
#5356 = VECTOR ( 'NONE', #372, 1000.000000000000000 ) ;
#5357 = SURFACE_SIDE_STYLE ('',( #3622 ) ) ;
#5358 = PRESENTATION_LAYER_ASSIGNMENT (  '', '', ( #4273 ) ) ;
#5359 = ORIENTED_EDGE ( 'NONE', *, *, #4734, .T. ) ;
#5360 = FILL_AREA_STYLE_COLOUR ( '', #4241 ) ;
#5361 =( LENGTH_UNIT ( ) NAMED_UNIT ( * ) SI_UNIT ( .MILLI., .METRE. ) );
#5362 = VERTEX_POINT ( 'NONE', #308 ) ;
#5363 = PLANE ( 'NONE',  #4457 ) ;
#5364 = CARTESIAN_POINT ( 'NONE',  ( 0.5749999999999999556, 0.2000000000000000111, -0.5000000000000002220 ) ) ;
#5365 = MECHANICAL_DESIGN_GEOMETRIC_PRESENTATION_REPRESENTATION (  '', ( #4722 ), #5178 ) ;
#5366 = PRESENTATION_STYLE_ASSIGNMENT (( #2265 ) ) ;
#5367 = SURFACE_STYLE_FILL_AREA ( #1518 ) ;
#5368 = STYLED_ITEM ( 'NONE', ( #5407 ), #3160 ) ;
#5369 = ADVANCED_FACE ( 'NONE', ( #4731 ), #1200, .T. ) ;
#5370 = EDGE_LOOP ( 'NONE', ( #3872, #138, #2418, #4874 ) ) ;
#5371 = EDGE_CURVE ( 'NONE', #1015, #1149, #4762, .T. ) ;
#5372 = CARTESIAN_POINT ( 'NONE',  ( 0.5749999999999999556, 0.2000000000000000111, 1.040000000000000036 ) ) ;
#5373 = DIRECTION ( 'NONE',  ( 0.0000000000000000000, -1.000000000000000000, 0.0000000000000000000 ) ) ;
#5374 = CARTESIAN_POINT ( 'NONE',  ( 0.9800000000000004263, 0.04000000000000000083, -1.000000000000000222 ) ) ;
#5375 = EDGE_CURVE ( 'NONE', #4844, #4300, #3396, .T. ) ;
#5376 = PRESENTATION_LAYER_ASSIGNMENT (  '', '', ( #4201 ) ) ;
#5377 = SURFACE_STYLE_FILL_AREA ( #3993 ) ;
#5378 = PRESENTATION_STYLE_ASSIGNMENT (( #1840 ) ) ;
#5379 = CARTESIAN_POINT ( 'NONE',  ( 0.7999999999999999334, 0.0000000000000000000, -0.7500000000000000000 ) ) ;
#5380 = ORIENTED_EDGE ( 'NONE', *, *, #2371, .F. ) ;
#5381 = CARTESIAN_POINT ( 'NONE',  ( 0.1549999999999999989, 0.0000000000000000000, 0.4999999999999997780 ) ) ;
#5382 = FILL_AREA_STYLE_COLOUR ( '', #2879 ) ;
#5383 = DIRECTION ( 'NONE',  ( -1.000000000000000000, 0.0000000000000000000, 0.0000000000000000000 ) ) ;
#5384 = LINE ( 'NONE', #1454, #2155 ) ;
#5385 = VECTOR ( 'NONE', #1870, 1000.000000000000000 ) ;
#5386 = ORIENTED_EDGE ( 'NONE', *, *, #3846, .T. ) ;
#5387 = VECTOR ( 'NONE', #1511, 1000.000000000000000 ) ;
#5388 = CARTESIAN_POINT ( 'NONE',  ( 0.9800000000000004263, 0.6500000000000000222, -1.000000000000000222 ) ) ;
#5389 = PRESENTATION_STYLE_ASSIGNMENT (( #1965 ) ) ;
#5390 = PRESENTATION_LAYER_ASSIGNMENT (  '', '', ( #4938 ) ) ;
#5391 = DIRECTION ( 'NONE',  ( 0.7071067811865552333, -0.7071067811865398012, -1.196099074440451611E-16 ) ) ;
#5392 = VECTOR ( 'NONE', #4134, 1000.000000000000000 ) ;
#5393 = PRESENTATION_LAYER_ASSIGNMENT (  '', '', ( #2216 ) ) ;
#5394 = DIRECTION ( 'NONE',  ( -0.0000000000000000000, 1.000000000000000000, -0.0000000000000000000 ) ) ;
#5395 = PRESENTATION_LAYER_ASSIGNMENT (  '', '', ( #720 ) ) ;
#5396 = EDGE_LOOP ( 'NONE', ( #3631, #431, #5542, #3921 ) ) ;
#5397 = DIRECTION ( 'NONE',  ( 0.0000000000000000000, 0.0000000000000000000, 1.000000000000000000 ) ) ;
#5398 = UNCERTAINTY_MEASURE_WITH_UNIT (LENGTH_MEASURE( 1.000000000000000082E-05 ), #5329, 'distance_accuracy_value', 'NONE');
#5399 =( GEOMETRIC_REPRESENTATION_CONTEXT ( 3 ) GLOBAL_UNCERTAINTY_ASSIGNED_CONTEXT ( ( #5168 ) ) GLOBAL_UNIT_ASSIGNED_CONTEXT ( ( #1225, #2535, #787 ) ) REPRESENTATION_CONTEXT ( 'NONE', 'WORKASPACE' ) );
#5400 = STYLED_ITEM ( 'NONE', ( #756 ), #4160 ) ;
#5401 = PLANE ( 'NONE',  #3114 ) ;
#5402 = EDGE_CURVE ( 'NONE', #455, #3024, #1254, .T. ) ;
#5403 = ADVANCED_FACE ( 'NONE', ( #249 ), #3775, .F. ) ;
#5404 = ORIENTED_EDGE ( 'NONE', *, *, #1856, .T. ) ;
#5405 = FILL_AREA_STYLE ('',( #5058 ) ) ;
#5406 = UNCERTAINTY_MEASURE_WITH_UNIT (LENGTH_MEASURE( 1.000000000000000082E-05 ), #2806, 'distance_accuracy_value', 'NONE');
#5407 = PRESENTATION_STYLE_ASSIGNMENT (( #4078 ) ) ;
#5408 = SURFACE_STYLE_FILL_AREA ( #4583 ) ;
#5409 = DIRECTION ( 'NONE',  ( 0.0000000000000000000, 0.0000000000000000000, -1.000000000000000000 ) ) ;
#5410 = AXIS2_PLACEMENT_3D ( 'NONE', #3159, #5288, #5238 ) ;
#5411 = PLANE ( 'NONE',  #1642 ) ;
#5412 = ADVANCED_FACE ( 'NONE', ( #1319 ), #1290, .T. ) ;
#5413 = PRESENTATION_STYLE_ASSIGNMENT (( #2329 ) ) ;
#5414 = PRESENTATION_LAYER_ASSIGNMENT (  '', '', ( #3036 ) ) ;
#5415 = PRESENTATION_LAYER_ASSIGNMENT (  '', '', ( #1666 ) ) ;
#5416 = CARTESIAN_POINT ( 'NONE',  ( -0.7499999999999997780, 0.6333333333333327486, 0.7499999999999997780 ) ) ;
#5417 = LINE ( 'NONE', #3246, #2605 ) ;
#5418 = DIRECTION ( 'NONE',  ( 1.000000000000000000, 0.0000000000000000000, -0.0000000000000000000 ) ) ;
#5419 = PLANE ( 'NONE',  #201 ) ;
#5420 = ORIENTED_EDGE ( 'NONE', *, *, #468, .F. ) ;
#5421 = SURFACE_STYLE_USAGE ( .BOTH. , #162 ) ;
#5422 = VERTEX_POINT ( 'NONE', #5315 ) ;
#5423 = SURFACE_STYLE_FILL_AREA ( #3705 ) ;
#5424 =( LENGTH_UNIT ( ) NAMED_UNIT ( * ) SI_UNIT ( .MILLI., .METRE. ) );
#5425 = LINE ( 'NONE', #4542, #1350 ) ;
#5426 = DIRECTION ( 'NONE',  ( -0.0000000000000000000, 1.000000000000000000, 9.035018104045870941E-16 ) ) ;
#5427 = ORIENTED_EDGE ( 'NONE', *, *, #981, .F. ) ;
#5428 = CARTESIAN_POINT ( 'NONE',  ( 1.004000000000000226, 0.1399999999999999856, -0.3300000000000000711 ) ) ;
#5429 = CARTESIAN_POINT ( 'NONE',  ( -0.4999999999999997780, 0.2000000000000000111, -1.039999999999999591 ) ) ;
#5430 = FILL_AREA_STYLE ('',( #5518 ) ) ;
#5431 = ORIENTED_EDGE ( 'NONE', *, *, #2530, .F. ) ;
#5432 = EDGE_CURVE ( 'NONE', #1512, #4580, #2236, .T. ) ;
#5433 =( NAMED_UNIT ( * ) SI_UNIT ( $, .STERADIAN. ) SOLID_ANGLE_UNIT ( ) );
#5434 =( LENGTH_UNIT ( ) NAMED_UNIT ( * ) SI_UNIT ( .MILLI., .METRE. ) );
#5435 = CARTESIAN_POINT ( 'NONE',  ( 0.1549999999999998601, 0.0000000000000000000, -0.5000000000000002220 ) ) ;
#5436 = DIRECTION ( 'NONE',  ( 0.7071067811865473507, -0.0000000000000000000, 0.7071067811865477948 ) ) ;
#5437 =( LENGTH_UNIT ( ) NAMED_UNIT ( * ) SI_UNIT ( .MILLI., .METRE. ) );
#5438 = EDGE_CURVE ( 'NONE', #2918, #1015, #1764, .T. ) ;
#5439 = EDGE_CURVE ( 'NONE', #3991, #1115, #4825, .T. ) ;
#5440 = DIRECTION ( 'NONE',  ( -1.000000000000000000, 0.0000000000000000000, 1.084202172485504434E-16 ) ) ;
#5441 = LINE ( 'NONE', #5525, #3196 ) ;
#5442 = EDGE_LOOP ( 'NONE', ( #1234, #3681, #183, #3430 ) ) ;
#5443 = FACE_OUTER_BOUND ( 'NONE', #5028, .T. ) ;
#5444 = ORIENTED_EDGE ( 'NONE', *, *, #2838, .T. ) ;
#5445 = PRESENTATION_STYLE_ASSIGNMENT (( #2434 ) ) ;
#5446 = LINE ( 'NONE', #4595, #5449 ) ;
#5447 = DIRECTION ( 'NONE',  ( 0.0000000000000000000, 0.0000000000000000000, -1.000000000000000000 ) ) ;
#5448 = PRESENTATION_STYLE_ASSIGNMENT (( #2407 ) ) ;
#5449 = VECTOR ( 'NONE', #2462, 1000.000000000000000 ) ;
#5450 = FACE_OUTER_BOUND ( 'NONE', #5255, .T. ) ;
#5451 = ORIENTED_EDGE ( 'NONE', *, *, #2831, .T. ) ;
#5452 = CARTESIAN_POINT ( 'NONE',  ( -0.1549999999999999711, 0.0000000000000000000, -0.5000000000000002220 ) ) ;
#5453 =( GEOMETRIC_REPRESENTATION_CONTEXT ( 3 ) GLOBAL_UNCERTAINTY_ASSIGNED_CONTEXT ( ( #2214 ) ) GLOBAL_UNIT_ASSIGNED_CONTEXT ( ( #2288, #4455, #515 ) ) REPRESENTATION_CONTEXT ( 'NONE', 'WORKASPACE' ) );
#5454 = PRESENTATION_LAYER_ASSIGNMENT (  '', '', ( #2994 ) ) ;
#5455 = UNCERTAINTY_MEASURE_WITH_UNIT (LENGTH_MEASURE( 1.000000000000000082E-05 ), #40, 'distance_accuracy_value', 'NONE');
#5456 = PRESENTATION_STYLE_ASSIGNMENT (( #3257 ) ) ;
#5457 = STYLED_ITEM ( 'NONE', ( #4781 ), #1885 ) ;
#5458 = EDGE_LOOP ( 'NONE', ( #1485, #5644, #3604, #1857 ) ) ;
#5459 = VECTOR ( 'NONE', #1398, 1000.000000000000000 ) ;
#5460 = ORIENTED_EDGE ( 'NONE', *, *, #3098, .T. ) ;
#5461 = CARTESIAN_POINT ( 'NONE',  ( 1.004000000000000226, 0.1399999999999999856, -0.7099999999999999645 ) ) ;
#5462 = FACE_OUTER_BOUND ( 'NONE', #3374, .T. ) ;
#5463 = VECTOR ( 'NONE', #4828, 1000.000000000000000 ) ;
#5464 = CARTESIAN_POINT ( 'NONE',  ( -1.004000000000000226, 0.1399999999999999578, 0.4400000000000000577 ) ) ;
#5465 = SURFACE_SIDE_STYLE ('',( #3264 ) ) ;
#5466 =( LENGTH_UNIT ( ) NAMED_UNIT ( * ) SI_UNIT ( .MILLI., .METRE. ) );
#5467 = SURFACE_STYLE_USAGE ( .BOTH. , #1595 ) ;
#5468 = CARTESIAN_POINT ( 'NONE',  ( -0.1499999999999999389, 0.2000000000000000111, -1.040000000000000036 ) ) ;
#5469 = FILL_AREA_STYLE_COLOUR ( '', #1448 ) ;
#5470 = VECTOR ( 'NONE', #3217, 1000.000000000000000 ) ;
#5471 = ADVANCED_FACE ( 'NONE', ( #3978 ), #22, .F. ) ;
#5472 = ADVANCED_FACE ( 'NONE', ( #3624 ), #3679, .F. ) ;
#5473 =( LENGTH_UNIT ( ) NAMED_UNIT ( * ) SI_UNIT ( .MILLI., .METRE. ) );
#5474 = ORIENTED_EDGE ( 'NONE', *, *, #1057, .T. ) ;
#5475 = DIRECTION ( 'NONE',  ( 0.0000000000000000000, -1.000000000000000000, 0.0000000000000000000 ) ) ;
#5476 = EDGE_LOOP ( 'NONE', ( #2304, #1217, #490, #1163 ) ) ;
#5477 = LINE ( 'NONE', #3626, #5271 ) ;
#5478 = CARTESIAN_POINT ( 'NONE',  ( -1.004000000000000226, 0.1400000000000000133, -0.4400000000000000577 ) ) ;
#5479 = PLANE ( 'NONE',  #5195 ) ;
#5480 = EDGE_CURVE ( 'NONE', #250, #3711, #656, .T. ) ;
#5481 = DIRECTION ( 'NONE',  ( 0.7071067811865399122, 0.0000000000000000000, -0.7071067811865552333 ) ) ;
#5482 = ORIENTED_EDGE ( 'NONE', *, *, #5607, .F. ) ;
#5483 = VECTOR ( 'NONE', #2720, 1000.000000000000000 ) ;
#5484 = SURFACE_SIDE_STYLE ('',( #4531 ) ) ;
#5485 = DIRECTION ( 'NONE',  ( -1.000000000000000000, -0.0000000000000000000, -0.0000000000000000000 ) ) ;
#5486 = MECHANICAL_DESIGN_GEOMETRIC_PRESENTATION_REPRESENTATION (  '', ( #2491 ), #3022 ) ;
#5487 = DIRECTION ( 'NONE',  ( -1.000000000000000000, 0.0000000000000000000, 9.346570452461245291E-17 ) ) ;
#5488 = VERTEX_POINT ( 'NONE', #602 ) ;
#5489 =( GEOMETRIC_REPRESENTATION_CONTEXT ( 3 ) GLOBAL_UNCERTAINTY_ASSIGNED_CONTEXT ( ( #4552 ) ) GLOBAL_UNIT_ASSIGNED_CONTEXT ( ( #1490, #4208, #3230 ) ) REPRESENTATION_CONTEXT ( 'NONE', 'WORKASPACE' ) );
#5491 =( GEOMETRIC_REPRESENTATION_CONTEXT ( 3 ) GLOBAL_UNCERTAINTY_ASSIGNED_CONTEXT ( ( #2844 ) ) GLOBAL_UNIT_ASSIGNED_CONTEXT ( ( #4348, #3930, #886 ) ) REPRESENTATION_CONTEXT ( 'NONE', 'WORKASPACE' ) );
#5490 = FILL_AREA_STYLE_COLOUR ( '', #5122 ) ;
#5492 = LINE ( 'NONE', #3319, #3178 ) ;
#5493 = SURFACE_STYLE_FILL_AREA ( #3693 ) ;
#5494 = DIRECTION ( 'NONE',  ( 0.0000000000000000000, 1.000000000000000000, 0.0000000000000000000 ) ) ;
#5495 = AXIS2_PLACEMENT_3D ( 'NONE', #1255, #2263, #3979 ) ;
#5496 = FACE_OUTER_BOUND ( 'NONE', #1483, .T. ) ;
#5497 =( NAMED_UNIT ( * ) SI_UNIT ( $, .STERADIAN. ) SOLID_ANGLE_UNIT ( ) );
#5498 = LINE ( 'NONE', #1597, #3739 ) ;
#5499 = AXIS2_PLACEMENT_3D ( 'NONE', #4880, #1728, #4458 ) ;
#5500 = SURFACE_STYLE_FILL_AREA ( #1105 ) ;
#5501 = ORIENTED_EDGE ( 'NONE', *, *, #1480, .F. ) ;
#5502 = FILL_AREA_STYLE ('',( #4727 ) ) ;
#5503 = ORIENTED_EDGE ( 'NONE', *, *, #5126, .T. ) ;
#5504 = FILL_AREA_STYLE_COLOUR ( '', #3542 ) ;
#5505 =( GEOMETRIC_REPRESENTATION_CONTEXT ( 3 ) GLOBAL_UNCERTAINTY_ASSIGNED_CONTEXT ( ( #1915 ) ) GLOBAL_UNIT_ASSIGNED_CONTEXT ( ( #2746, #533, #3647 ) ) REPRESENTATION_CONTEXT ( 'NONE', 'WORKASPACE' ) );
#5506 = EDGE_CURVE ( 'NONE', #250, #1425, #3275, .T. ) ;
#5507 = MECHANICAL_DESIGN_GEOMETRIC_PRESENTATION_REPRESENTATION (  '', ( #4964 ), #5244 ) ;
#5508 = LINE ( 'NONE', #662, #954 ) ;
#5509 = CARTESIAN_POINT ( 'NONE',  ( 0.7999999999999999334, 0.2000000000000000111, 1.040000000000000036 ) ) ;
#5510 =( NAMED_UNIT ( * ) SI_UNIT ( $, .STERADIAN. ) SOLID_ANGLE_UNIT ( ) );
#5511 = ORIENTED_EDGE ( 'NONE', *, *, #2369, .F. ) ;
#5512 = VECTOR ( 'NONE', #1340, 1000.000000000000000 ) ;
#5513 =( NAMED_UNIT ( * ) SI_UNIT ( $, .STERADIAN. ) SOLID_ANGLE_UNIT ( ) );
#5514 = CARTESIAN_POINT ( 'NONE',  ( -0.7999999999999998224, 0.2000000000000000111, -1.039999999999999591 ) ) ;
#5515 = UNCERTAINTY_MEASURE_WITH_UNIT (LENGTH_MEASURE( 1.000000000000000082E-05 ), #5346, 'distance_accuracy_value', 'NONE');
#5516 = EDGE_CURVE ( 'NONE', #960, #4802, #3220, .T. ) ;
#5517 = FILL_AREA_STYLE_COLOUR ( '', #108 ) ;
#5518 = FILL_AREA_STYLE_COLOUR ( '', #4137 ) ;
#5519 = ORIENTED_EDGE ( 'NONE', *, *, #4264, .F. ) ;
#5520 = DIRECTION ( 'NONE',  ( 0.0000000000000000000, 1.000000000000000000, 0.0000000000000000000 ) ) ;
#5521 = CARTESIAN_POINT ( 'NONE',  ( -0.7999999999999997113, 0.2000000000000000111, 1.040000000000000036 ) ) ;
#5522 = CARTESIAN_POINT ( 'NONE',  ( -0.7999999999999997113, 0.2000000000000000111, 1.040000000000000036 ) ) ;
#5523 = LINE ( 'NONE', #268, #3169 ) ;
#5524 = CARTESIAN_POINT ( 'NONE',  ( -0.8000000000000000444, 0.2000000000000000111, -0.7499999999999997780 ) ) ;
#5525 = CARTESIAN_POINT ( 'NONE',  ( -0.07499999999999996947, 0.1333333333333334147, -1.040000000000000036 ) ) ;
#5526 = ORIENTED_EDGE ( 'NONE', *, *, #5019, .T. ) ;
#5527 =( NAMED_UNIT ( * ) SI_UNIT ( $, .STERADIAN. ) SOLID_ANGLE_UNIT ( ) );
#5528 = ORIENTED_EDGE ( 'NONE', *, *, #2369, .T. ) ;
#5529 = CARTESIAN_POINT ( 'NONE',  ( -0.07499999999999996947, 0.1333333333333334147, 1.040000000000000036 ) ) ;
#5530 =( LENGTH_UNIT ( ) NAMED_UNIT ( * ) SI_UNIT ( .MILLI., .METRE. ) );
#5531 = CARTESIAN_POINT ( 'NONE',  ( -0.8249999999999999556, 0.2000000000000000111, -0.5000000000000002220 ) ) ;
#5532 = FILL_AREA_STYLE ('',( #2146 ) ) ;
#5533 = VERTEX_POINT ( 'NONE', #112 ) ;
#5534 = LINE ( 'NONE', #5621, #4224 ) ;
#5535 = CARTESIAN_POINT ( 'NONE',  ( 0.9800000000000002043, 0.6300000000000003375, 0.9999999999999997780 ) ) ;
#5536 = COLOUR_RGB ( '',0.4313725490196078649, 0.4509803921568627527, 0.4313725490196078649 ) ;
#5537 = AXIS2_PLACEMENT_3D ( 'NONE', #2082, #1577, #1638 ) ;
#5538 = ORIENTED_EDGE ( 'NONE', *, *, #1310, .T. ) ;
#5539 = EDGE_CURVE ( 'NONE', #4428, #2897, #2833, .T. ) ;
#5540 = EDGE_CURVE ( 'NONE', #5101, #1297, #4966, .T. ) ;
#5541 = COLOUR_RGB ( '',0.1098039215686274495, 0.1098039215686274495, 0.1098039215686274495 ) ;
#5542 = ORIENTED_EDGE ( 'NONE', *, *, #4, .F. ) ;
#5543 = SURFACE_SIDE_STYLE ('',( #2512 ) ) ;
#5544 = LINE ( 'NONE', #2629, #563 ) ;
#5545 =( NAMED_UNIT ( * ) SI_UNIT ( $, .STERADIAN. ) SOLID_ANGLE_UNIT ( ) );
#5547 = CARTESIAN_POINT ( 'NONE',  ( 0.5000000000000000000, 0.2000000000000000111, 1.040000000000000036 ) ) ;
#5546 = STYLED_ITEM ( 'NONE', ( #446 ), #2129 ) ;
#5548 = AXIS2_PLACEMENT_3D ( 'NONE', #2360, #361, #2480 ) ;
#5549 = ADVANCED_FACE ( 'NONE', ( #5443 ), #3653, .F. ) ;
#5550 =( LENGTH_UNIT ( ) NAMED_UNIT ( * ) SI_UNIT ( .MILLI., .METRE. ) );
#5551 = FILL_AREA_STYLE ('',( #2390 ) ) ;
#5552 = LINE ( 'NONE', #3383, #2474 ) ;
#5553 = CARTESIAN_POINT ( 'NONE',  ( -0.1499999999999999389, 0.0000000000000000000, -1.040000000000000036 ) ) ;
#5554 = MECHANICAL_DESIGN_GEOMETRIC_PRESENTATION_REPRESENTATION (  '', ( #3924 ), #2653 ) ;
#5555 = SURFACE_STYLE_FILL_AREA ( #2077 ) ;
#5556 = ORIENTED_EDGE ( 'NONE', *, *, #759, .T. ) ;
#5557 = FILL_AREA_STYLE_COLOUR ( '', #1566 ) ;
#5558 = ORIENTED_EDGE ( 'NONE', *, *, #540, .T. ) ;
#5559 =( NAMED_UNIT ( * ) SI_UNIT ( $, .STERADIAN. ) SOLID_ANGLE_UNIT ( ) );
#5560 =( LENGTH_UNIT ( ) NAMED_UNIT ( * ) SI_UNIT ( .MILLI., .METRE. ) );
#5561 = FILL_AREA_STYLE_COLOUR ( '', #4653 ) ;
#5562 = FACE_OUTER_BOUND ( 'NONE', #3768, .T. ) ;
#5563 = STYLED_ITEM ( 'NONE', ( #3906 ), #3909 ) ;
#5564 = CARTESIAN_POINT ( 'NONE',  ( 0.5749999999999999556, 0.1333333333333334425, -0.7500000000000000000 ) ) ;
#5565 = EDGE_LOOP ( 'NONE', ( #4813, #4386, #2098, #2199 ) ) ;
#5566 = SURFACE_STYLE_USAGE ( .BOTH. , #2090 ) ;
#5567 = CARTESIAN_POINT ( 'NONE',  ( 0.5749999999999999556, 0.1333333333333334425, -1.040000000000000036 ) ) ;
#5568 = UNCERTAINTY_MEASURE_WITH_UNIT (LENGTH_MEASURE( 1.000000000000000082E-05 ), #3032, 'distance_accuracy_value', 'NONE');
#5569 = DIRECTION ( 'NONE',  ( 0.0000000000000000000, 1.000000000000000000, 0.0000000000000000000 ) ) ;
#5570 = SURFACE_SIDE_STYLE ('',( #3923 ) ) ;
#5571 = AXIS2_PLACEMENT_3D ( 'NONE', #723, #647, #4642 ) ;
#5572 = VERTEX_POINT ( 'NONE', #2523 ) ;
#5573 =( NAMED_UNIT ( * ) PLANE_ANGLE_UNIT ( ) SI_UNIT ( $, .RADIAN. ) );
#5574 = UNCERTAINTY_MEASURE_WITH_UNIT (LENGTH_MEASURE( 1.000000000000000082E-05 ), #2888, 'distance_accuracy_value', 'NONE');
#5575 = COLOUR_RGB ( '',0.7921568627450980005, 0.8196078431372548767, 0.9333333333333333481 ) ;
#5576 = CARTESIAN_POINT ( 'NONE',  ( -0.7999999999999998224, 0.2000000000000000111, -1.039999999999999591 ) ) ;
#5577 = LINE ( 'NONE', #3347, #4397 ) ;
#5578 = ADVANCED_FACE ( 'NONE', ( #3828 ), #2051, .T. ) ;
#5579 = PRESENTATION_STYLE_ASSIGNMENT (( #355 ) ) ;
#5580 = AXIS2_PLACEMENT_3D ( 'NONE', #973, #5325, #152 ) ;
#5581 = VECTOR ( 'NONE', #4890, 1000.000000000000000 ) ;
#5582 = COLOUR_RGB ( '',0.4313725490196078649, 0.4509803921568627527, 0.4313725490196078649 ) ;
#5583 = FACE_OUTER_BOUND ( 'NONE', #2857, .T. ) ;
#5584 =( NAMED_UNIT ( * ) SI_UNIT ( $, .STERADIAN. ) SOLID_ANGLE_UNIT ( ) );
#5585 = EDGE_CURVE ( 'NONE', #3133, #881, #3911, .T. ) ;
#5586 =( GEOMETRIC_REPRESENTATION_CONTEXT ( 3 ) GLOBAL_UNCERTAINTY_ASSIGNED_CONTEXT ( ( #5053 ) ) GLOBAL_UNIT_ASSIGNED_CONTEXT ( ( #3654, #2311, #576 ) ) REPRESENTATION_CONTEXT ( 'NONE', 'WORKASPACE' ) );
#5587 = PRESENTATION_STYLE_ASSIGNMENT (( #865 ) ) ;
#5588 = DIRECTION ( 'NONE',  ( 0.0000000000000000000, -1.000000000000000000, 0.0000000000000000000 ) ) ;
#5589 = VERTEX_POINT ( 'NONE', #2197 ) ;
#5590 = LINE ( 'NONE', #5100, #5683 ) ;
#5591 = ORIENTED_EDGE ( 'NONE', *, *, #2598, .F. ) ;
#5592 = PLANE ( 'NONE',  #3359 ) ;
#5593 = DIRECTION ( 'NONE',  ( -0.0000000000000000000, -1.000000000000000000, -0.0000000000000000000 ) ) ;
#5594 = DIRECTION ( 'NONE',  ( 1.000000000000000000, 0.0000000000000000000, 0.0000000000000000000 ) ) ;
#5595 = AXIS2_PLACEMENT_3D ( 'NONE', #4572, #5481, #2863 ) ;
#5596 = DIRECTION ( 'NONE',  ( 1.000000000000000000, 0.0000000000000000000, -0.0000000000000000000 ) ) ;
#5597 = VERTEX_POINT ( 'NONE', #4814 ) ;
#5598 = VECTOR ( 'NONE', #2338, 1000.000000000000000 ) ;
#5599 = CARTESIAN_POINT ( 'NONE',  ( -0.1499999999999998279, 0.2000000000000000111, 1.040000000000000036 ) ) ;
#5600 = CARTESIAN_POINT ( 'NONE',  ( 0.07499999999999998335, 0.2666666666666667740, -1.040000000000000036 ) ) ;
#5601 = CARTESIAN_POINT ( 'NONE',  ( -0.1549999999999998601, 0.2000000000000000111, 0.4999999999999997780 ) ) ;
#5602 = ORIENTED_EDGE ( 'NONE', *, *, #2016, .F. ) ;
#5603 =( NAMED_UNIT ( * ) PLANE_ANGLE_UNIT ( ) SI_UNIT ( $, .RADIAN. ) );
#5604 = CARTESIAN_POINT ( 'NONE',  ( 0.1549999999999999989, 0.2000000000000000111, 0.4999999999999997780 ) ) ;
#5605 = SURFACE_SIDE_STYLE ('',( #2957 ) ) ;
#5606 = ORIENTED_EDGE ( 'NONE', *, *, #3780, .F. ) ;
#5607 = EDGE_CURVE ( 'NONE', #5203, #5076, #4754, .T. ) ;
#5608 =( GEOMETRIC_REPRESENTATION_CONTEXT ( 3 ) GLOBAL_UNCERTAINTY_ASSIGNED_CONTEXT ( ( #1921 ) ) GLOBAL_UNIT_ASSIGNED_CONTEXT ( ( #717, #4687, #2560 ) ) REPRESENTATION_CONTEXT ( 'NONE', 'WORKASPACE' ) );
#5609 = CARTESIAN_POINT ( 'NONE',  ( -0.7999999999999997113, 0.0000000000000000000, 1.040000000000000036 ) ) ;
#5610 = LINE ( 'NONE', #1689, #4926 ) ;
#5611 = PRESENTATION_STYLE_ASSIGNMENT (( #3997 ) ) ;
#5612 = EDGE_CURVE ( 'NONE', #1115, #5101, #870, .T. ) ;
#5613 = EDGE_CURVE ( 'NONE', #2348, #1358, #2610, .T. ) ;
#5614 = ORIENTED_EDGE ( 'NONE', *, *, #2970, .T. ) ;
#5615 = SURFACE_STYLE_USAGE ( .BOTH. , #3063 ) ;
#5616 = ORIENTED_EDGE ( 'NONE', *, *, #4237, .T. ) ;
#5617 = CARTESIAN_POINT ( 'NONE',  ( -0.5749999999999997335, 0.2000000000000000111, -0.7499999999999997780 ) ) ;
#5618 = CARTESIAN_POINT ( 'NONE',  ( -1.004000000000000226, 0.1399999999999999578, 0.3300000000000000711 ) ) ;
#5619 = PLANE ( 'NONE',  #5495 ) ;
#5620 = VERTEX_POINT ( 'NONE', #1345 ) ;
#5621 = CARTESIAN_POINT ( 'NONE',  ( -0.9999999999999997780, 0.04000000000000000083, 0.9999999999999997780 ) ) ;
#5622 = UNCERTAINTY_MEASURE_WITH_UNIT (LENGTH_MEASURE( 1.000000000000000082E-05 ), #871, 'distance_accuracy_value', 'NONE');
#5623 = PLANE ( 'NONE',  #1300 ) ;
#5624 = PLANE ( 'NONE',  #4857 ) ;
#5625 = ORIENTED_EDGE ( 'NONE', *, *, #3444, .T. ) ;
#5626 = FACE_OUTER_BOUND ( 'NONE', #4374, .T. ) ;
#5627 = AXIS2_PLACEMENT_3D ( 'NONE', #1578, #1639, #5044 ) ;
#5628 = UNCERTAINTY_MEASURE_WITH_UNIT (LENGTH_MEASURE( 1.000000000000000082E-05 ), #5687, 'distance_accuracy_value', 'NONE');
#5629 = FACE_OUTER_BOUND ( 'NONE', #3274, .T. ) ;
#5630 = SURFACE_STYLE_USAGE ( .BOTH. , #4320 ) ;
#5631 = CARTESIAN_POINT ( 'NONE',  ( -0.9800000000000004263, 0.6300000000000003375, -1.000000000000000222 ) ) ;
#5632 = STYLED_ITEM ( 'NONE', ( #3774 ), #1658 ) ;
#5633 = VERTEX_POINT ( 'NONE', #3938 ) ;
#5634 = STYLED_ITEM ( 'NONE', ( #682 ), #2708 ) ;
#5635 = VECTOR ( 'NONE', #97, 1000.000000000000000 ) ;
#5636 = CARTESIAN_POINT ( 'NONE',  ( 0.7249999999999999778, 0.2000000000000000111, 0.0000000000000000000 ) ) ;
#5637 = SURFACE_STYLE_FILL_AREA ( #3908 ) ;
#5638 = AXIS2_PLACEMENT_3D ( 'NONE', #1731, #1701, #3455 ) ;
#5639 = MECHANICAL_DESIGN_GEOMETRIC_PRESENTATION_REPRESENTATION (  '', ( #772 ), #2278 ) ;
#5640 = PLANE ( 'NONE',  #3671 ) ;
#5641 = ORIENTED_EDGE ( 'NONE', *, *, #3211, .F. ) ;
#5642 = CARTESIAN_POINT ( 'NONE',  ( 0.7999999999999999334, 0.2000000000000000111, 0.7500000000000001110 ) ) ;
#5643 =( LENGTH_UNIT ( ) NAMED_UNIT ( * ) SI_UNIT ( .MILLI., .METRE. ) );
#5644 = ORIENTED_EDGE ( 'NONE', *, *, #2378, .T. ) ;
#5645 =( NAMED_UNIT ( * ) PLANE_ANGLE_UNIT ( ) SI_UNIT ( $, .RADIAN. ) );
#5646 = SURFACE_STYLE_FILL_AREA ( #2579 ) ;
#5647 = SURFACE_STYLE_FILL_AREA ( #875 ) ;
#5648 = VECTOR ( 'NONE', #847, 1000.000000000000000 ) ;
#5649 = EDGE_CURVE ( 'NONE', #303, #3746, #18, .T. ) ;
#5650 = ADVANCED_FACE ( 'NONE', ( #812 ), #2229, .F. ) ;
#5651 = CARTESIAN_POINT ( 'NONE',  ( 0.1500000000000001332, 0.2000000000000000111, 0.7500000000000001110 ) ) ;
#5652 =( NAMED_UNIT ( * ) SI_UNIT ( $, .STERADIAN. ) SOLID_ANGLE_UNIT ( ) );
#5653 = VERTEX_POINT ( 'NONE', #4422 ) ;
#5654 = LINE ( 'NONE', #2705, #3259 ) ;
#5655 = CARTESIAN_POINT ( 'NONE',  ( -0.9999999999999997780, 0.6300000000000003375, 0.9800000000000002043 ) ) ;
#5656 = EDGE_CURVE ( 'NONE', #49, #1390, #489, .T. ) ;
#5657 = FILL_AREA_STYLE ('',( #1173 ) ) ;
#5658 = VECTOR ( 'NONE', #15, 1000.000000000000000 ) ;
#5659 = ORIENTED_EDGE ( 'NONE', *, *, #727, .F. ) ;
#5660 =( NAMED_UNIT ( * ) SI_UNIT ( $, .STERADIAN. ) SOLID_ANGLE_UNIT ( ) );
#5661 = PRESENTATION_STYLE_ASSIGNMENT (( #3929 ) ) ;
#5662 = DIRECTION ( 'NONE',  ( -0.0000000000000000000, -1.000000000000000000, -0.0000000000000000000 ) ) ;
#5663 = VECTOR ( 'NONE', #425, 1000.000000000000000 ) ;
#5664 = ORIENTED_EDGE ( 'NONE', *, *, #2167, .F. ) ;
#5665 = COLOUR_RGB ( '',0.1098039215686274495, 0.1098039215686274495, 0.1098039215686274495 ) ;
#5666 = LINE ( 'NONE', #4804, #4467 ) ;
#5667 = PLANE ( 'NONE',  #517 ) ;
#5668 = VECTOR ( 'NONE', #620, 1000.000000000000000 ) ;
#5669 = SURFACE_SIDE_STYLE ('',( #4560 ) ) ;
#5670 = DIRECTION ( 'NONE',  ( 0.0000000000000000000, 0.0000000000000000000, 1.000000000000000000 ) ) ;
#5671 = PLANE ( 'NONE',  #71 ) ;
#5672 = PRESENTATION_LAYER_ASSIGNMENT (  '', '', ( #1541 ) ) ;
#5673 = STYLED_ITEM ( 'NONE', ( #1331 ), #4093 ) ;
#5674 = PRESENTATION_LAYER_ASSIGNMENT (  '', '', ( #3763 ) ) ;
#5675 = FACE_OUTER_BOUND ( 'NONE', #3895, .T. ) ;
#5676 = EDGE_LOOP ( 'NONE', ( #385, #2261, #5602, #5606, #3652 ) ) ;
#5677 = FILL_AREA_STYLE_COLOUR ( '', #4154 ) ;
#5678 = ORIENTED_EDGE ( 'NONE', *, *, #760, .F. ) ;
#5679 = DIRECTION ( 'NONE',  ( -0.0000000000000000000, -1.000000000000000000, -0.0000000000000000000 ) ) ;
#5680 = DIRECTION ( 'NONE',  ( -0.0000000000000000000, -0.0000000000000000000, 1.000000000000000000 ) ) ;
#5681 = LINE ( 'NONE', #3097, #765 ) ;
#5682 = STYLED_ITEM ( 'NONE', ( #4220 ), #5082 ) ;
#5683 = VECTOR ( 'NONE', #750, 1000.000000000000000 ) ;
#5684 = DIRECTION ( 'NONE',  ( 0.0000000000000000000, 0.0000000000000000000, -1.000000000000000000 ) ) ;
#5685 = ORIENTED_EDGE ( 'NONE', *, *, #310, .T. ) ;
#5686 = ADVANCED_FACE ( 'NONE', ( #1248 ), #430, .F. ) ;
#5687 =( LENGTH_UNIT ( ) NAMED_UNIT ( * ) SI_UNIT ( .MILLI., .METRE. ) );
#5688 = PRESENTATION_STYLE_ASSIGNMENT (( #5167 ) ) ;
#5689 = AXIS2_PLACEMENT_3D ( 'NONE', #3986, #470, #2211 ) ;
ENDSEC;
END-ISO-10303-21;
