ISO-10303-21;
HEADER;
/* Generated by software containing ST-Developer
 * from STEP Tools, Inc. (www.steptools.com) 
 */

FILE_DESCRIPTION(
/* description */ (''),
/* implementation_level */ '2;1');

FILE_NAME(
/* name */ 
'X:/TA/AnalogFrontendPrototype/AnalogFrontend/lib/AnalogFrontend.prett
y/3D models/UDFN2020-6_Type_E.step',
/* time_stamp */ '2021-07-31T17:59:37+02:00',
/* author */ (''),
/* organization */ (''),
/* preprocessor_version */ 'ST-DEVELOPER v18.1',
/* originating_system */ 'Autodesk Translation Framework v10.9.0.1377',

/* authorisation */ '');

FILE_SCHEMA (('AUTOMOTIVE_DESIGN { 1 0 10303 214 3 1 1 }'));
ENDSEC;

DATA;
#10=MECHANICAL_DESIGN_GEOMETRIC_PRESENTATION_REPRESENTATION('',(#1733,#1734,
#1735,#1736,#1737,#1738,#1739,#1740,#1741,#1742,#1743,#1744,#1745,#1746,
#1747,#1748,#1749,#1750,#1751,#1752,#1753,#1754,#1755,#1756,#1757,#1758,
#1759,#1760,#1761,#1762,#1763,#1764,#1765,#1766,#1767,#1768,#1769,#1770,
#1771,#1772,#1773,#1774,#1775,#1776,#1777,#1778,#1779,#1780,#1781,#1782,
#1783,#1784,#1785,#1786,#1787,#1788,#1789,#1790,#1791,#1792,#1793,#1794,
#1795,#1796,#1797,#1798,#1799,#1800,#1801,#1802,#1803,#1804,#1805,#1806,
#1807,#1808,#1809,#1810,#1811,#1812,#1813,#1814,#1815,#1816,#1817,#1818,
#1819,#1820,#1821,#1822,#1823,#1824,#1825,#1826,#1827,#1828,#1829,#1830,
#1831,#1832,#1833,#1834,#1835,#1836,#1837,#1838,#1839,#1840,#1841,#1842,
#1843,#1844,#1845,#1846,#1847),#3068);
#11=SHAPE_REPRESENTATION_RELATIONSHIP('SRR','None',#3075,#12);
#12=ADVANCED_BREP_SHAPE_REPRESENTATION('',(#21,#22,#23,#24,#25,#26,#27,
#28,#29),#3067);
#13=FACE_BOUND('',#228,.T.);
#14=CYLINDRICAL_SURFACE('',#2066,0.1);
#15=CIRCLE('',#2061,0.0833333333333337);
#16=CIRCLE('',#2062,0.1);
#17=CIRCLE('',#2064,0.1);
#18=CIRCLE('',#2065,0.116666666666667);
#19=CONICAL_SURFACE('',#2060,0.0833333333333337,0.785398163397457);
#20=CONICAL_SURFACE('',#2063,0.1,0.785398163397446);
#21=MANIFOLD_SOLID_BREP('K\X\F6rper1',#1954);
#22=MANIFOLD_SOLID_BREP('K\X\F6rper2',#1955);
#23=MANIFOLD_SOLID_BREP('K\X\F6rper5',#1956);
#24=MANIFOLD_SOLID_BREP('K\X\F6rper7',#1957);
#25=MANIFOLD_SOLID_BREP('K\X\F6rper9',#1958);
#26=MANIFOLD_SOLID_BREP('K\X\F6rper10',#1959);
#27=MANIFOLD_SOLID_BREP('K\X\F6rper11',#1960);
#28=MANIFOLD_SOLID_BREP('K\X\F6rper12',#1961);
#29=MANIFOLD_SOLID_BREP('K\X\F6rper13',#1962);
#30=FACE_OUTER_BOUND('',#136,.T.);
#31=FACE_OUTER_BOUND('',#137,.T.);
#32=FACE_OUTER_BOUND('',#138,.T.);
#33=FACE_OUTER_BOUND('',#139,.T.);
#34=FACE_OUTER_BOUND('',#140,.T.);
#35=FACE_OUTER_BOUND('',#141,.T.);
#36=FACE_OUTER_BOUND('',#142,.T.);
#37=FACE_OUTER_BOUND('',#143,.T.);
#38=FACE_OUTER_BOUND('',#144,.T.);
#39=FACE_OUTER_BOUND('',#145,.T.);
#40=FACE_OUTER_BOUND('',#146,.T.);
#41=FACE_OUTER_BOUND('',#147,.T.);
#42=FACE_OUTER_BOUND('',#148,.T.);
#43=FACE_OUTER_BOUND('',#149,.T.);
#44=FACE_OUTER_BOUND('',#150,.T.);
#45=FACE_OUTER_BOUND('',#151,.T.);
#46=FACE_OUTER_BOUND('',#152,.T.);
#47=FACE_OUTER_BOUND('',#153,.T.);
#48=FACE_OUTER_BOUND('',#154,.T.);
#49=FACE_OUTER_BOUND('',#155,.T.);
#50=FACE_OUTER_BOUND('',#156,.T.);
#51=FACE_OUTER_BOUND('',#157,.T.);
#52=FACE_OUTER_BOUND('',#158,.T.);
#53=FACE_OUTER_BOUND('',#159,.T.);
#54=FACE_OUTER_BOUND('',#160,.T.);
#55=FACE_OUTER_BOUND('',#161,.T.);
#56=FACE_OUTER_BOUND('',#162,.T.);
#57=FACE_OUTER_BOUND('',#163,.T.);
#58=FACE_OUTER_BOUND('',#164,.T.);
#59=FACE_OUTER_BOUND('',#165,.T.);
#60=FACE_OUTER_BOUND('',#166,.T.);
#61=FACE_OUTER_BOUND('',#167,.T.);
#62=FACE_OUTER_BOUND('',#168,.T.);
#63=FACE_OUTER_BOUND('',#169,.T.);
#64=FACE_OUTER_BOUND('',#170,.T.);
#65=FACE_OUTER_BOUND('',#171,.T.);
#66=FACE_OUTER_BOUND('',#172,.T.);
#67=FACE_OUTER_BOUND('',#173,.T.);
#68=FACE_OUTER_BOUND('',#174,.T.);
#69=FACE_OUTER_BOUND('',#175,.T.);
#70=FACE_OUTER_BOUND('',#176,.T.);
#71=FACE_OUTER_BOUND('',#177,.T.);
#72=FACE_OUTER_BOUND('',#178,.T.);
#73=FACE_OUTER_BOUND('',#179,.T.);
#74=FACE_OUTER_BOUND('',#180,.T.);
#75=FACE_OUTER_BOUND('',#181,.T.);
#76=FACE_OUTER_BOUND('',#182,.T.);
#77=FACE_OUTER_BOUND('',#183,.T.);
#78=FACE_OUTER_BOUND('',#184,.T.);
#79=FACE_OUTER_BOUND('',#185,.T.);
#80=FACE_OUTER_BOUND('',#186,.T.);
#81=FACE_OUTER_BOUND('',#187,.T.);
#82=FACE_OUTER_BOUND('',#188,.T.);
#83=FACE_OUTER_BOUND('',#189,.T.);
#84=FACE_OUTER_BOUND('',#190,.T.);
#85=FACE_OUTER_BOUND('',#191,.T.);
#86=FACE_OUTER_BOUND('',#192,.T.);
#87=FACE_OUTER_BOUND('',#193,.T.);
#88=FACE_OUTER_BOUND('',#194,.T.);
#89=FACE_OUTER_BOUND('',#195,.T.);
#90=FACE_OUTER_BOUND('',#196,.T.);
#91=FACE_OUTER_BOUND('',#197,.T.);
#92=FACE_OUTER_BOUND('',#198,.T.);
#93=FACE_OUTER_BOUND('',#199,.T.);
#94=FACE_OUTER_BOUND('',#200,.T.);
#95=FACE_OUTER_BOUND('',#201,.T.);
#96=FACE_OUTER_BOUND('',#202,.T.);
#97=FACE_OUTER_BOUND('',#203,.T.);
#98=FACE_OUTER_BOUND('',#204,.T.);
#99=FACE_OUTER_BOUND('',#205,.T.);
#100=FACE_OUTER_BOUND('',#206,.T.);
#101=FACE_OUTER_BOUND('',#207,.T.);
#102=FACE_OUTER_BOUND('',#208,.T.);
#103=FACE_OUTER_BOUND('',#209,.T.);
#104=FACE_OUTER_BOUND('',#210,.T.);
#105=FACE_OUTER_BOUND('',#211,.T.);
#106=FACE_OUTER_BOUND('',#212,.T.);
#107=FACE_OUTER_BOUND('',#213,.T.);
#108=FACE_OUTER_BOUND('',#214,.T.);
#109=FACE_OUTER_BOUND('',#215,.T.);
#110=FACE_OUTER_BOUND('',#216,.T.);
#111=FACE_OUTER_BOUND('',#217,.T.);
#112=FACE_OUTER_BOUND('',#218,.T.);
#113=FACE_OUTER_BOUND('',#219,.T.);
#114=FACE_OUTER_BOUND('',#220,.T.);
#115=FACE_OUTER_BOUND('',#221,.T.);
#116=FACE_OUTER_BOUND('',#222,.T.);
#117=FACE_OUTER_BOUND('',#223,.T.);
#118=FACE_OUTER_BOUND('',#224,.T.);
#119=FACE_OUTER_BOUND('',#225,.T.);
#120=FACE_OUTER_BOUND('',#226,.T.);
#121=FACE_OUTER_BOUND('',#227,.T.);
#122=FACE_OUTER_BOUND('',#229,.T.);
#123=FACE_OUTER_BOUND('',#230,.T.);
#124=FACE_OUTER_BOUND('',#231,.T.);
#125=FACE_OUTER_BOUND('',#232,.T.);
#126=FACE_OUTER_BOUND('',#233,.T.);
#127=FACE_OUTER_BOUND('',#234,.T.);
#128=FACE_OUTER_BOUND('',#235,.T.);
#129=FACE_OUTER_BOUND('',#236,.T.);
#130=FACE_OUTER_BOUND('',#237,.T.);
#131=FACE_OUTER_BOUND('',#238,.T.);
#132=FACE_OUTER_BOUND('',#239,.T.);
#133=FACE_OUTER_BOUND('',#240,.T.);
#134=FACE_OUTER_BOUND('',#241,.T.);
#135=FACE_OUTER_BOUND('',#242,.T.);
#136=EDGE_LOOP('',(#1136,#1137,#1138,#1139));
#137=EDGE_LOOP('',(#1140,#1141,#1142,#1143,#1144,#1145,#1146,#1147));
#138=EDGE_LOOP('',(#1148,#1149,#1150,#1151));
#139=EDGE_LOOP('',(#1152,#1153,#1154,#1155));
#140=EDGE_LOOP('',(#1156,#1157,#1158,#1159));
#141=EDGE_LOOP('',(#1160,#1161,#1162,#1163));
#142=EDGE_LOOP('',(#1164,#1165,#1166,#1167));
#143=EDGE_LOOP('',(#1168,#1169,#1170,#1171,#1172,#1173,#1174,#1175));
#144=EDGE_LOOP('',(#1176,#1177,#1178,#1179));
#145=EDGE_LOOP('',(#1180,#1181,#1182,#1183));
#146=EDGE_LOOP('',(#1184,#1185,#1186,#1187));
#147=EDGE_LOOP('',(#1188,#1189,#1190,#1191));
#148=EDGE_LOOP('',(#1192,#1193,#1194,#1195));
#149=EDGE_LOOP('',(#1196,#1197,#1198,#1199,#1200,#1201,#1202,#1203));
#150=EDGE_LOOP('',(#1204,#1205,#1206,#1207));
#151=EDGE_LOOP('',(#1208,#1209,#1210,#1211,#1212,#1213,#1214,#1215));
#152=EDGE_LOOP('',(#1216,#1217,#1218,#1219));
#153=EDGE_LOOP('',(#1220,#1221,#1222,#1223));
#154=EDGE_LOOP('',(#1224,#1225,#1226,#1227));
#155=EDGE_LOOP('',(#1228,#1229,#1230,#1231));
#156=EDGE_LOOP('',(#1232,#1233,#1234,#1235));
#157=EDGE_LOOP('',(#1236,#1237,#1238,#1239,#1240,#1241,#1242,#1243));
#158=EDGE_LOOP('',(#1244,#1245,#1246,#1247,#1248,#1249,#1250,#1251,#1252,
#1253,#1254,#1255,#1256,#1257,#1258,#1259,#1260,#1261,#1262,#1263));
#159=EDGE_LOOP('',(#1264,#1265,#1266,#1267));
#160=EDGE_LOOP('',(#1268,#1269,#1270,#1271));
#161=EDGE_LOOP('',(#1272,#1273,#1274,#1275));
#162=EDGE_LOOP('',(#1276,#1277,#1278,#1279,#1280,#1281,#1282,#1283,#1284,
#1285,#1286,#1287));
#163=EDGE_LOOP('',(#1288,#1289,#1290,#1291,#1292,#1293,#1294,#1295));
#164=EDGE_LOOP('',(#1296,#1297,#1298,#1299));
#165=EDGE_LOOP('',(#1300,#1301,#1302,#1303));
#166=EDGE_LOOP('',(#1304,#1305,#1306,#1307));
#167=EDGE_LOOP('',(#1308,#1309,#1310,#1311));
#168=EDGE_LOOP('',(#1312,#1313,#1314,#1315,#1316,#1317,#1318,#1319));
#169=EDGE_LOOP('',(#1320,#1321,#1322,#1323));
#170=EDGE_LOOP('',(#1324,#1325,#1326,#1327,#1328,#1329,#1330,#1331));
#171=EDGE_LOOP('',(#1332,#1333,#1334,#1335));
#172=EDGE_LOOP('',(#1336,#1337,#1338,#1339));
#173=EDGE_LOOP('',(#1340,#1341,#1342,#1343));
#174=EDGE_LOOP('',(#1344,#1345,#1346,#1347));
#175=EDGE_LOOP('',(#1348,#1349,#1350,#1351));
#176=EDGE_LOOP('',(#1352,#1353,#1354,#1355));
#177=EDGE_LOOP('',(#1356,#1357,#1358,#1359));
#178=EDGE_LOOP('',(#1360,#1361,#1362,#1363,#1364,#1365,#1366,#1367));
#179=EDGE_LOOP('',(#1368,#1369,#1370,#1371));
#180=EDGE_LOOP('',(#1372,#1373,#1374,#1375,#1376,#1377,#1378,#1379));
#181=EDGE_LOOP('',(#1380,#1381,#1382,#1383));
#182=EDGE_LOOP('',(#1384,#1385,#1386,#1387));
#183=EDGE_LOOP('',(#1388,#1389,#1390,#1391));
#184=EDGE_LOOP('',(#1392,#1393,#1394,#1395));
#185=EDGE_LOOP('',(#1396,#1397,#1398,#1399));
#186=EDGE_LOOP('',(#1400,#1401,#1402,#1403));
#187=EDGE_LOOP('',(#1404,#1405,#1406,#1407));
#188=EDGE_LOOP('',(#1408,#1409,#1410,#1411,#1412,#1413,#1414,#1415));
#189=EDGE_LOOP('',(#1416,#1417,#1418,#1419));
#190=EDGE_LOOP('',(#1420,#1421,#1422,#1423,#1424,#1425,#1426,#1427));
#191=EDGE_LOOP('',(#1428,#1429,#1430,#1431));
#192=EDGE_LOOP('',(#1432,#1433,#1434,#1435));
#193=EDGE_LOOP('',(#1436,#1437,#1438,#1439));
#194=EDGE_LOOP('',(#1440,#1441,#1442,#1443));
#195=EDGE_LOOP('',(#1444,#1445,#1446,#1447));
#196=EDGE_LOOP('',(#1448,#1449,#1450,#1451));
#197=EDGE_LOOP('',(#1452,#1453,#1454,#1455));
#198=EDGE_LOOP('',(#1456,#1457,#1458,#1459));
#199=EDGE_LOOP('',(#1460,#1461,#1462,#1463));
#200=EDGE_LOOP('',(#1464,#1465,#1466,#1467));
#201=EDGE_LOOP('',(#1468,#1469,#1470,#1471));
#202=EDGE_LOOP('',(#1472,#1473,#1474,#1475));
#203=EDGE_LOOP('',(#1476,#1477,#1478,#1479));
#204=EDGE_LOOP('',(#1480,#1481,#1482,#1483));
#205=EDGE_LOOP('',(#1484,#1485,#1486,#1487));
#206=EDGE_LOOP('',(#1488,#1489,#1490,#1491));
#207=EDGE_LOOP('',(#1492,#1493,#1494,#1495));
#208=EDGE_LOOP('',(#1496,#1497,#1498,#1499));
#209=EDGE_LOOP('',(#1500,#1501,#1502,#1503));
#210=EDGE_LOOP('',(#1504,#1505,#1506,#1507));
#211=EDGE_LOOP('',(#1508,#1509,#1510,#1511));
#212=EDGE_LOOP('',(#1512,#1513,#1514,#1515));
#213=EDGE_LOOP('',(#1516,#1517,#1518,#1519));
#214=EDGE_LOOP('',(#1520,#1521,#1522,#1523));
#215=EDGE_LOOP('',(#1524,#1525,#1526,#1527));
#216=EDGE_LOOP('',(#1528,#1529,#1530,#1531));
#217=EDGE_LOOP('',(#1532,#1533,#1534,#1535));
#218=EDGE_LOOP('',(#1536,#1537,#1538,#1539));
#219=EDGE_LOOP('',(#1540,#1541,#1542,#1543));
#220=EDGE_LOOP('',(#1544,#1545,#1546,#1547));
#221=EDGE_LOOP('',(#1548,#1549,#1550,#1551));
#222=EDGE_LOOP('',(#1552,#1553,#1554,#1555));
#223=EDGE_LOOP('',(#1556,#1557,#1558,#1559));
#224=EDGE_LOOP('',(#1560,#1561,#1562,#1563));
#225=EDGE_LOOP('',(#1564,#1565,#1566,#1567));
#226=EDGE_LOOP('',(#1568,#1569,#1570,#1571));
#227=EDGE_LOOP('',(#1572,#1573,#1574,#1575));
#228=EDGE_LOOP('',(#1576));
#229=EDGE_LOOP('',(#1577,#1578,#1579,#1580,#1581,#1582,#1583,#1584));
#230=EDGE_LOOP('',(#1585));
#231=EDGE_LOOP('',(#1586,#1587,#1588,#1589));
#232=EDGE_LOOP('',(#1590,#1591,#1592));
#233=EDGE_LOOP('',(#1593,#1594,#1595,#1596));
#234=EDGE_LOOP('',(#1597,#1598,#1599,#1600));
#235=EDGE_LOOP('',(#1601,#1602,#1603,#1604));
#236=EDGE_LOOP('',(#1605,#1606,#1607,#1608));
#237=EDGE_LOOP('',(#1609,#1610,#1611));
#238=EDGE_LOOP('',(#1612,#1613,#1614));
#239=EDGE_LOOP('',(#1615,#1616,#1617,#1618));
#240=EDGE_LOOP('',(#1619,#1620,#1621,#1622));
#241=EDGE_LOOP('',(#1623,#1624,#1625));
#242=EDGE_LOOP('',(#1626,#1627,#1628,#1629));
#243=LINE('',#2555,#486);
#244=LINE('',#2557,#487);
#245=LINE('',#2559,#488);
#246=LINE('',#2560,#489);
#247=LINE('',#2564,#490);
#248=LINE('',#2566,#491);
#249=LINE('',#2568,#492);
#250=LINE('',#2570,#493);
#251=LINE('',#2572,#494);
#252=LINE('',#2574,#495);
#253=LINE('',#2576,#496);
#254=LINE('',#2577,#497);
#255=LINE('',#2580,#498);
#256=LINE('',#2582,#499);
#257=LINE('',#2583,#500);
#258=LINE('',#2585,#501);
#259=LINE('',#2586,#502);
#260=LINE('',#2588,#503);
#261=LINE('',#2591,#504);
#262=LINE('',#2593,#505);
#263=LINE('',#2594,#506);
#264=LINE('',#2597,#507);
#265=LINE('',#2599,#508);
#266=LINE('',#2600,#509);
#267=LINE('',#2604,#510);
#268=LINE('',#2606,#511);
#269=LINE('',#2608,#512);
#270=LINE('',#2610,#513);
#271=LINE('',#2611,#514);
#272=LINE('',#2613,#515);
#273=LINE('',#2614,#516);
#274=LINE('',#2617,#517);
#275=LINE('',#2619,#518);
#276=LINE('',#2620,#519);
#277=LINE('',#2623,#520);
#278=LINE('',#2624,#521);
#279=LINE('',#2627,#522);
#280=LINE('',#2628,#523);
#281=LINE('',#2630,#524);
#282=LINE('',#2634,#525);
#283=LINE('',#2636,#526);
#284=LINE('',#2638,#527);
#285=LINE('',#2639,#528);
#286=LINE('',#2643,#529);
#287=LINE('',#2645,#530);
#288=LINE('',#2646,#531);
#289=LINE('',#2648,#532);
#290=LINE('',#2650,#533);
#291=LINE('',#2652,#534);
#292=LINE('',#2653,#535);
#293=LINE('',#2656,#536);
#294=LINE('',#2658,#537);
#295=LINE('',#2659,#538);
#296=LINE('',#2663,#539);
#297=LINE('',#2665,#540);
#298=LINE('',#2667,#541);
#299=LINE('',#2669,#542);
#300=LINE('',#2671,#543);
#301=LINE('',#2673,#544);
#302=LINE('',#2675,#545);
#303=LINE('',#2676,#546);
#304=LINE('',#2678,#547);
#305=LINE('',#2679,#548);
#306=LINE('',#2682,#549);
#307=LINE('',#2684,#550);
#308=LINE('',#2685,#551);
#309=LINE('',#2688,#552);
#310=LINE('',#2689,#553);
#311=LINE('',#2692,#554);
#312=LINE('',#2693,#555);
#313=LINE('',#2695,#556);
#314=LINE('',#2698,#557);
#315=LINE('',#2700,#558);
#316=LINE('',#2701,#559);
#317=LINE('',#2702,#560);
#318=LINE('',#2704,#561);
#319=LINE('',#2705,#562);
#320=LINE('',#2707,#563);
#321=LINE('',#2710,#564);
#322=LINE('',#2712,#565);
#323=LINE('',#2713,#566);
#324=LINE('',#2715,#567);
#325=LINE('',#2718,#568);
#326=LINE('',#2719,#569);
#327=LINE('',#2725,#570);
#328=LINE('',#2727,#571);
#329=LINE('',#2729,#572);
#330=LINE('',#2730,#573);
#331=LINE('',#2734,#574);
#332=LINE('',#2735,#575);
#333=LINE('',#2736,#576);
#334=LINE('',#2740,#577);
#335=LINE('',#2741,#578);
#336=LINE('',#2743,#579);
#337=LINE('',#2745,#580);
#338=LINE('',#2747,#581);
#339=LINE('',#2748,#582);
#340=LINE('',#2751,#583);
#341=LINE('',#2753,#584);
#342=LINE('',#2754,#585);
#343=LINE('',#2757,#586);
#344=LINE('',#2759,#587);
#345=LINE('',#2761,#588);
#346=LINE('',#2762,#589);
#347=LINE('',#2763,#590);
#348=LINE('',#2765,#591);
#349=LINE('',#2768,#592);
#350=LINE('',#2769,#593);
#351=LINE('',#2775,#594);
#352=LINE('',#2777,#595);
#353=LINE('',#2779,#596);
#354=LINE('',#2780,#597);
#355=LINE('',#2784,#598);
#356=LINE('',#2785,#599);
#357=LINE('',#2786,#600);
#358=LINE('',#2790,#601);
#359=LINE('',#2791,#602);
#360=LINE('',#2793,#603);
#361=LINE('',#2795,#604);
#362=LINE('',#2797,#605);
#363=LINE('',#2798,#606);
#364=LINE('',#2801,#607);
#365=LINE('',#2803,#608);
#366=LINE('',#2804,#609);
#367=LINE('',#2807,#610);
#368=LINE('',#2809,#611);
#369=LINE('',#2811,#612);
#370=LINE('',#2812,#613);
#371=LINE('',#2813,#614);
#372=LINE('',#2815,#615);
#373=LINE('',#2818,#616);
#374=LINE('',#2819,#617);
#375=LINE('',#2825,#618);
#376=LINE('',#2827,#619);
#377=LINE('',#2829,#620);
#378=LINE('',#2830,#621);
#379=LINE('',#2834,#622);
#380=LINE('',#2835,#623);
#381=LINE('',#2836,#624);
#382=LINE('',#2840,#625);
#383=LINE('',#2841,#626);
#384=LINE('',#2843,#627);
#385=LINE('',#2845,#628);
#386=LINE('',#2847,#629);
#387=LINE('',#2848,#630);
#388=LINE('',#2851,#631);
#389=LINE('',#2853,#632);
#390=LINE('',#2854,#633);
#391=LINE('',#2857,#634);
#392=LINE('',#2859,#635);
#393=LINE('',#2861,#636);
#394=LINE('',#2862,#637);
#395=LINE('',#2863,#638);
#396=LINE('',#2865,#639);
#397=LINE('',#2868,#640);
#398=LINE('',#2869,#641);
#399=LINE('',#2875,#642);
#400=LINE('',#2877,#643);
#401=LINE('',#2879,#644);
#402=LINE('',#2880,#645);
#403=LINE('',#2883,#646);
#404=LINE('',#2885,#647);
#405=LINE('',#2886,#648);
#406=LINE('',#2889,#649);
#407=LINE('',#2891,#650);
#408=LINE('',#2892,#651);
#409=LINE('',#2894,#652);
#410=LINE('',#2895,#653);
#411=LINE('',#2901,#654);
#412=LINE('',#2903,#655);
#413=LINE('',#2905,#656);
#414=LINE('',#2906,#657);
#415=LINE('',#2909,#658);
#416=LINE('',#2911,#659);
#417=LINE('',#2912,#660);
#418=LINE('',#2915,#661);
#419=LINE('',#2917,#662);
#420=LINE('',#2918,#663);
#421=LINE('',#2920,#664);
#422=LINE('',#2921,#665);
#423=LINE('',#2927,#666);
#424=LINE('',#2929,#667);
#425=LINE('',#2931,#668);
#426=LINE('',#2932,#669);
#427=LINE('',#2935,#670);
#428=LINE('',#2937,#671);
#429=LINE('',#2938,#672);
#430=LINE('',#2941,#673);
#431=LINE('',#2943,#674);
#432=LINE('',#2944,#675);
#433=LINE('',#2946,#676);
#434=LINE('',#2947,#677);
#435=LINE('',#2953,#678);
#436=LINE('',#2955,#679);
#437=LINE('',#2957,#680);
#438=LINE('',#2958,#681);
#439=LINE('',#2961,#682);
#440=LINE('',#2963,#683);
#441=LINE('',#2964,#684);
#442=LINE('',#2967,#685);
#443=LINE('',#2969,#686);
#444=LINE('',#2970,#687);
#445=LINE('',#2972,#688);
#446=LINE('',#2973,#689);
#447=LINE('',#2980,#690);
#448=LINE('',#2986,#691);
#449=LINE('',#2989,#692);
#450=LINE('',#2993,#693);
#451=LINE('',#2995,#694);
#452=LINE('',#2997,#695);
#453=LINE('',#2998,#696);
#454=LINE('',#3002,#697);
#455=LINE('',#3004,#698);
#456=LINE('',#3006,#699);
#457=LINE('',#3007,#700);
#458=LINE('',#3011,#701);
#459=LINE('',#3013,#702);
#460=LINE('',#3015,#703);
#461=LINE('',#3016,#704);
#462=LINE('',#3020,#705);
#463=LINE('',#3022,#706);
#464=LINE('',#3024,#707);
#465=LINE('',#3025,#708);
#466=LINE('',#3029,#709);
#467=LINE('',#3031,#710);
#468=LINE('',#3033,#711);
#469=LINE('',#3034,#712);
#470=LINE('',#3036,#713);
#471=LINE('',#3037,#714);
#472=LINE('',#3038,#715);
#473=LINE('',#3039,#716);
#474=LINE('',#3042,#717);
#475=LINE('',#3044,#718);
#476=LINE('',#3045,#719);
#477=LINE('',#3047,#720);
#478=LINE('',#3049,#721);
#479=LINE('',#3051,#722);
#480=LINE('',#3053,#723);
#481=LINE('',#3055,#724);
#482=LINE('',#3057,#725);
#483=LINE('',#3059,#726);
#484=LINE('',#3061,#727);
#485=LINE('',#3063,#728);
#486=VECTOR('',#2090,10.);
#487=VECTOR('',#2091,1000.);
#488=VECTOR('',#2092,1000.);
#489=VECTOR('',#2093,1000.);
#490=VECTOR('',#2096,1000.);
#491=VECTOR('',#2097,1000.);
#492=VECTOR('',#2098,1000.);
#493=VECTOR('',#2099,1000.);
#494=VECTOR('',#2100,1000.);
#495=VECTOR('',#2101,1000.);
#496=VECTOR('',#2102,1000.);
#497=VECTOR('',#2103,1000.);
#498=VECTOR('',#2106,1000.);
#499=VECTOR('',#2107,10.);
#500=VECTOR('',#2108,1000.);
#501=VECTOR('',#2111,1000.);
#502=VECTOR('',#2112,1000.);
#503=VECTOR('',#2115,1000.);
#504=VECTOR('',#2118,10.);
#505=VECTOR('',#2119,10.);
#506=VECTOR('',#2120,10.);
#507=VECTOR('',#2123,1000.);
#508=VECTOR('',#2124,1000.);
#509=VECTOR('',#2125,1000.);
#510=VECTOR('',#2128,1000.);
#511=VECTOR('',#2129,1000.);
#512=VECTOR('',#2130,1000.);
#513=VECTOR('',#2131,1000.);
#514=VECTOR('',#2132,1000.);
#515=VECTOR('',#2133,1000.);
#516=VECTOR('',#2134,1000.);
#517=VECTOR('',#2137,1000.);
#518=VECTOR('',#2138,1000.);
#519=VECTOR('',#2139,10.);
#520=VECTOR('',#2142,1000.);
#521=VECTOR('',#2143,10.);
#522=VECTOR('',#2146,1000.);
#523=VECTOR('',#2147,10.);
#524=VECTOR('',#2150,10.);
#525=VECTOR('',#2153,1000.);
#526=VECTOR('',#2154,1000.);
#527=VECTOR('',#2155,1000.);
#528=VECTOR('',#2156,10.);
#529=VECTOR('',#2159,1000.);
#530=VECTOR('',#2160,1000.);
#531=VECTOR('',#2161,1000.);
#532=VECTOR('',#2162,1000.);
#533=VECTOR('',#2163,1000.);
#534=VECTOR('',#2164,1000.);
#535=VECTOR('',#2165,1000.);
#536=VECTOR('',#2168,10.);
#537=VECTOR('',#2169,10.);
#538=VECTOR('',#2170,10.);
#539=VECTOR('',#2173,1000.);
#540=VECTOR('',#2174,1000.);
#541=VECTOR('',#2175,1000.);
#542=VECTOR('',#2176,1000.);
#543=VECTOR('',#2177,1000.);
#544=VECTOR('',#2178,1000.);
#545=VECTOR('',#2179,1000.);
#546=VECTOR('',#2180,1000.);
#547=VECTOR('',#2183,1000.);
#548=VECTOR('',#2184,1000.);
#549=VECTOR('',#2187,1000.);
#550=VECTOR('',#2188,1000.);
#551=VECTOR('',#2189,10.);
#552=VECTOR('',#2192,1000.);
#553=VECTOR('',#2193,10.);
#554=VECTOR('',#2196,1000.);
#555=VECTOR('',#2197,10.);
#556=VECTOR('',#2200,10.);
#557=VECTOR('',#2203,10.);
#558=VECTOR('',#2204,10.);
#559=VECTOR('',#2205,1000.);
#560=VECTOR('',#2206,1000.);
#561=VECTOR('',#2209,1000.);
#562=VECTOR('',#2210,1000.);
#563=VECTOR('',#2213,1000.);
#564=VECTOR('',#2216,1000.);
#565=VECTOR('',#2217,1000.);
#566=VECTOR('',#2218,1000.);
#567=VECTOR('',#2221,1000.);
#568=VECTOR('',#2226,1000.);
#569=VECTOR('',#2227,1000.);
#570=VECTOR('',#2234,1000.);
#571=VECTOR('',#2235,1000.);
#572=VECTOR('',#2236,10.);
#573=VECTOR('',#2237,1000.);
#574=VECTOR('',#2240,10.);
#575=VECTOR('',#2241,10.);
#576=VECTOR('',#2242,10.);
#577=VECTOR('',#2245,1000.);
#578=VECTOR('',#2246,1000.);
#579=VECTOR('',#2247,1000.);
#580=VECTOR('',#2248,10.);
#581=VECTOR('',#2249,1000.);
#582=VECTOR('',#2250,1000.);
#583=VECTOR('',#2253,10.);
#584=VECTOR('',#2254,10.);
#585=VECTOR('',#2255,10.);
#586=VECTOR('',#2258,1000.);
#587=VECTOR('',#2259,1000.);
#588=VECTOR('',#2260,1000.);
#589=VECTOR('',#2261,1000.);
#590=VECTOR('',#2262,1000.);
#591=VECTOR('',#2265,1000.);
#592=VECTOR('',#2270,1000.);
#593=VECTOR('',#2271,1000.);
#594=VECTOR('',#2278,1000.);
#595=VECTOR('',#2279,1000.);
#596=VECTOR('',#2280,1000.);
#597=VECTOR('',#2281,1000.);
#598=VECTOR('',#2284,1000.);
#599=VECTOR('',#2285,1000.);
#600=VECTOR('',#2286,1000.);
#601=VECTOR('',#2289,1000.);
#602=VECTOR('',#2290,1000.);
#603=VECTOR('',#2291,1000.);
#604=VECTOR('',#2292,1000.);
#605=VECTOR('',#2293,1000.);
#606=VECTOR('',#2294,1000.);
#607=VECTOR('',#2297,1000.);
#608=VECTOR('',#2298,1000.);
#609=VECTOR('',#2299,1000.);
#610=VECTOR('',#2302,1000.);
#611=VECTOR('',#2303,1000.);
#612=VECTOR('',#2304,1000.);
#613=VECTOR('',#2305,1000.);
#614=VECTOR('',#2306,1000.);
#615=VECTOR('',#2309,1000.);
#616=VECTOR('',#2314,1000.);
#617=VECTOR('',#2315,1000.);
#618=VECTOR('',#2322,1000.);
#619=VECTOR('',#2323,1000.);
#620=VECTOR('',#2324,1000.);
#621=VECTOR('',#2325,1000.);
#622=VECTOR('',#2328,1000.);
#623=VECTOR('',#2329,1000.);
#624=VECTOR('',#2330,1000.);
#625=VECTOR('',#2333,1000.);
#626=VECTOR('',#2334,1000.);
#627=VECTOR('',#2335,1000.);
#628=VECTOR('',#2336,1000.);
#629=VECTOR('',#2337,1000.);
#630=VECTOR('',#2338,1000.);
#631=VECTOR('',#2341,1000.);
#632=VECTOR('',#2342,1000.);
#633=VECTOR('',#2343,1000.);
#634=VECTOR('',#2346,1000.);
#635=VECTOR('',#2347,1000.);
#636=VECTOR('',#2348,1000.);
#637=VECTOR('',#2349,1000.);
#638=VECTOR('',#2350,1000.);
#639=VECTOR('',#2353,1000.);
#640=VECTOR('',#2358,1000.);
#641=VECTOR('',#2359,1000.);
#642=VECTOR('',#2366,1000.);
#643=VECTOR('',#2367,1000.);
#644=VECTOR('',#2368,1000.);
#645=VECTOR('',#2369,1000.);
#646=VECTOR('',#2372,1000.);
#647=VECTOR('',#2373,1000.);
#648=VECTOR('',#2374,1000.);
#649=VECTOR('',#2377,1000.);
#650=VECTOR('',#2378,1000.);
#651=VECTOR('',#2379,1000.);
#652=VECTOR('',#2382,1000.);
#653=VECTOR('',#2383,1000.);
#654=VECTOR('',#2390,1000.);
#655=VECTOR('',#2391,1000.);
#656=VECTOR('',#2392,1000.);
#657=VECTOR('',#2393,1000.);
#658=VECTOR('',#2396,1000.);
#659=VECTOR('',#2397,1000.);
#660=VECTOR('',#2398,1000.);
#661=VECTOR('',#2401,1000.);
#662=VECTOR('',#2402,1000.);
#663=VECTOR('',#2403,1000.);
#664=VECTOR('',#2406,1000.);
#665=VECTOR('',#2407,1000.);
#666=VECTOR('',#2414,1000.);
#667=VECTOR('',#2415,1000.);
#668=VECTOR('',#2416,1000.);
#669=VECTOR('',#2417,1000.);
#670=VECTOR('',#2420,1000.);
#671=VECTOR('',#2421,1000.);
#672=VECTOR('',#2422,1000.);
#673=VECTOR('',#2425,1000.);
#674=VECTOR('',#2426,1000.);
#675=VECTOR('',#2427,1000.);
#676=VECTOR('',#2430,1000.);
#677=VECTOR('',#2431,1000.);
#678=VECTOR('',#2438,1000.);
#679=VECTOR('',#2439,1000.);
#680=VECTOR('',#2440,1000.);
#681=VECTOR('',#2441,1000.);
#682=VECTOR('',#2444,1000.);
#683=VECTOR('',#2445,1000.);
#684=VECTOR('',#2446,1000.);
#685=VECTOR('',#2449,1000.);
#686=VECTOR('',#2450,1000.);
#687=VECTOR('',#2451,1000.);
#688=VECTOR('',#2454,1000.);
#689=VECTOR('',#2455,1000.);
#690=VECTOR('',#2464,0.0833333333333337);
#691=VECTOR('',#2471,0.1);
#692=VECTOR('',#2476,0.1);
#693=VECTOR('',#2479,1000.);
#694=VECTOR('',#2480,1000.);
#695=VECTOR('',#2481,1000.);
#696=VECTOR('',#2482,1000.);
#697=VECTOR('',#2485,1000.);
#698=VECTOR('',#2486,1000.);
#699=VECTOR('',#2487,1000.);
#700=VECTOR('',#2488,1000.);
#701=VECTOR('',#2491,1000.);
#702=VECTOR('',#2492,1000.);
#703=VECTOR('',#2493,1000.);
#704=VECTOR('',#2494,1000.);
#705=VECTOR('',#2497,1000.);
#706=VECTOR('',#2498,1000.);
#707=VECTOR('',#2499,1000.);
#708=VECTOR('',#2500,1000.);
#709=VECTOR('',#2503,1000.);
#710=VECTOR('',#2504,1000.);
#711=VECTOR('',#2505,1000.);
#712=VECTOR('',#2506,1000.);
#713=VECTOR('',#2509,1000.);
#714=VECTOR('',#2510,1000.);
#715=VECTOR('',#2511,1000.);
#716=VECTOR('',#2512,1000.);
#717=VECTOR('',#2517,1000.);
#718=VECTOR('',#2520,1000.);
#719=VECTOR('',#2521,1000.);
#720=VECTOR('',#2524,1000.);
#721=VECTOR('',#2527,1000.);
#722=VECTOR('',#2530,1000.);
#723=VECTOR('',#2533,1000.);
#724=VECTOR('',#2536,1000.);
#725=VECTOR('',#2539,1000.);
#726=VECTOR('',#2542,1000.);
#727=VECTOR('',#2545,1000.);
#728=VECTOR('',#2548,1000.);
#729=VERTEX_POINT('',#2553);
#730=VERTEX_POINT('',#2554);
#731=VERTEX_POINT('',#2556);
#732=VERTEX_POINT('',#2558);
#733=VERTEX_POINT('',#2562);
#734=VERTEX_POINT('',#2563);
#735=VERTEX_POINT('',#2565);
#736=VERTEX_POINT('',#2567);
#737=VERTEX_POINT('',#2569);
#738=VERTEX_POINT('',#2571);
#739=VERTEX_POINT('',#2573);
#740=VERTEX_POINT('',#2575);
#741=VERTEX_POINT('',#2579);
#742=VERTEX_POINT('',#2581);
#743=VERTEX_POINT('',#2590);
#744=VERTEX_POINT('',#2592);
#745=VERTEX_POINT('',#2596);
#746=VERTEX_POINT('',#2598);
#747=VERTEX_POINT('',#2602);
#748=VERTEX_POINT('',#2603);
#749=VERTEX_POINT('',#2605);
#750=VERTEX_POINT('',#2607);
#751=VERTEX_POINT('',#2609);
#752=VERTEX_POINT('',#2612);
#753=VERTEX_POINT('',#2616);
#754=VERTEX_POINT('',#2618);
#755=VERTEX_POINT('',#2622);
#756=VERTEX_POINT('',#2626);
#757=VERTEX_POINT('',#2632);
#758=VERTEX_POINT('',#2633);
#759=VERTEX_POINT('',#2635);
#760=VERTEX_POINT('',#2637);
#761=VERTEX_POINT('',#2641);
#762=VERTEX_POINT('',#2642);
#763=VERTEX_POINT('',#2644);
#764=VERTEX_POINT('',#2647);
#765=VERTEX_POINT('',#2649);
#766=VERTEX_POINT('',#2651);
#767=VERTEX_POINT('',#2655);
#768=VERTEX_POINT('',#2657);
#769=VERTEX_POINT('',#2661);
#770=VERTEX_POINT('',#2662);
#771=VERTEX_POINT('',#2664);
#772=VERTEX_POINT('',#2666);
#773=VERTEX_POINT('',#2668);
#774=VERTEX_POINT('',#2670);
#775=VERTEX_POINT('',#2672);
#776=VERTEX_POINT('',#2674);
#777=VERTEX_POINT('',#2681);
#778=VERTEX_POINT('',#2683);
#779=VERTEX_POINT('',#2687);
#780=VERTEX_POINT('',#2691);
#781=VERTEX_POINT('',#2697);
#782=VERTEX_POINT('',#2699);
#783=VERTEX_POINT('',#2709);
#784=VERTEX_POINT('',#2711);
#785=VERTEX_POINT('',#2723);
#786=VERTEX_POINT('',#2724);
#787=VERTEX_POINT('',#2726);
#788=VERTEX_POINT('',#2728);
#789=VERTEX_POINT('',#2732);
#790=VERTEX_POINT('',#2733);
#791=VERTEX_POINT('',#2738);
#792=VERTEX_POINT('',#2739);
#793=VERTEX_POINT('',#2742);
#794=VERTEX_POINT('',#2744);
#795=VERTEX_POINT('',#2746);
#796=VERTEX_POINT('',#2750);
#797=VERTEX_POINT('',#2752);
#798=VERTEX_POINT('',#2756);
#799=VERTEX_POINT('',#2758);
#800=VERTEX_POINT('',#2760);
#801=VERTEX_POINT('',#2773);
#802=VERTEX_POINT('',#2774);
#803=VERTEX_POINT('',#2776);
#804=VERTEX_POINT('',#2778);
#805=VERTEX_POINT('',#2782);
#806=VERTEX_POINT('',#2783);
#807=VERTEX_POINT('',#2788);
#808=VERTEX_POINT('',#2789);
#809=VERTEX_POINT('',#2792);
#810=VERTEX_POINT('',#2794);
#811=VERTEX_POINT('',#2796);
#812=VERTEX_POINT('',#2800);
#813=VERTEX_POINT('',#2802);
#814=VERTEX_POINT('',#2806);
#815=VERTEX_POINT('',#2808);
#816=VERTEX_POINT('',#2810);
#817=VERTEX_POINT('',#2823);
#818=VERTEX_POINT('',#2824);
#819=VERTEX_POINT('',#2826);
#820=VERTEX_POINT('',#2828);
#821=VERTEX_POINT('',#2832);
#822=VERTEX_POINT('',#2833);
#823=VERTEX_POINT('',#2838);
#824=VERTEX_POINT('',#2839);
#825=VERTEX_POINT('',#2842);
#826=VERTEX_POINT('',#2844);
#827=VERTEX_POINT('',#2846);
#828=VERTEX_POINT('',#2850);
#829=VERTEX_POINT('',#2852);
#830=VERTEX_POINT('',#2856);
#831=VERTEX_POINT('',#2858);
#832=VERTEX_POINT('',#2860);
#833=VERTEX_POINT('',#2873);
#834=VERTEX_POINT('',#2874);
#835=VERTEX_POINT('',#2876);
#836=VERTEX_POINT('',#2878);
#837=VERTEX_POINT('',#2882);
#838=VERTEX_POINT('',#2884);
#839=VERTEX_POINT('',#2888);
#840=VERTEX_POINT('',#2890);
#841=VERTEX_POINT('',#2899);
#842=VERTEX_POINT('',#2900);
#843=VERTEX_POINT('',#2902);
#844=VERTEX_POINT('',#2904);
#845=VERTEX_POINT('',#2908);
#846=VERTEX_POINT('',#2910);
#847=VERTEX_POINT('',#2914);
#848=VERTEX_POINT('',#2916);
#849=VERTEX_POINT('',#2925);
#850=VERTEX_POINT('',#2926);
#851=VERTEX_POINT('',#2928);
#852=VERTEX_POINT('',#2930);
#853=VERTEX_POINT('',#2934);
#854=VERTEX_POINT('',#2936);
#855=VERTEX_POINT('',#2940);
#856=VERTEX_POINT('',#2942);
#857=VERTEX_POINT('',#2951);
#858=VERTEX_POINT('',#2952);
#859=VERTEX_POINT('',#2954);
#860=VERTEX_POINT('',#2956);
#861=VERTEX_POINT('',#2960);
#862=VERTEX_POINT('',#2962);
#863=VERTEX_POINT('',#2966);
#864=VERTEX_POINT('',#2968);
#865=VERTEX_POINT('',#2977);
#866=VERTEX_POINT('',#2979);
#867=VERTEX_POINT('',#2983);
#868=VERTEX_POINT('',#2985);
#869=VERTEX_POINT('',#2991);
#870=VERTEX_POINT('',#2992);
#871=VERTEX_POINT('',#2994);
#872=VERTEX_POINT('',#2996);
#873=VERTEX_POINT('',#3000);
#874=VERTEX_POINT('',#3001);
#875=VERTEX_POINT('',#3003);
#876=VERTEX_POINT('',#3005);
#877=VERTEX_POINT('',#3009);
#878=VERTEX_POINT('',#3010);
#879=VERTEX_POINT('',#3012);
#880=VERTEX_POINT('',#3014);
#881=VERTEX_POINT('',#3018);
#882=VERTEX_POINT('',#3019);
#883=VERTEX_POINT('',#3021);
#884=VERTEX_POINT('',#3023);
#885=VERTEX_POINT('',#3027);
#886=VERTEX_POINT('',#3028);
#887=VERTEX_POINT('',#3030);
#888=VERTEX_POINT('',#3032);
#889=EDGE_CURVE('',#729,#730,#243,.T.);
#890=EDGE_CURVE('',#731,#730,#244,.T.);
#891=EDGE_CURVE('',#732,#731,#245,.T.);
#892=EDGE_CURVE('',#732,#729,#246,.T.);
#893=EDGE_CURVE('',#733,#734,#247,.T.);
#894=EDGE_CURVE('',#735,#733,#248,.T.);
#895=EDGE_CURVE('',#736,#735,#249,.T.);
#896=EDGE_CURVE('',#737,#736,#250,.T.);
#897=EDGE_CURVE('',#738,#737,#251,.T.);
#898=EDGE_CURVE('',#738,#739,#252,.T.);
#899=EDGE_CURVE('',#739,#740,#253,.T.);
#900=EDGE_CURVE('',#734,#740,#254,.T.);
#901=EDGE_CURVE('',#740,#741,#255,.T.);
#902=EDGE_CURVE('',#742,#741,#256,.T.);
#903=EDGE_CURVE('',#734,#742,#257,.T.);
#904=EDGE_CURVE('',#737,#732,#258,.T.);
#905=EDGE_CURVE('',#731,#738,#259,.T.);
#906=EDGE_CURVE('',#729,#736,#260,.T.);
#907=EDGE_CURVE('',#741,#743,#261,.F.);
#908=EDGE_CURVE('',#743,#744,#262,.T.);
#909=EDGE_CURVE('',#742,#744,#263,.F.);
#910=EDGE_CURVE('',#743,#745,#264,.T.);
#911=EDGE_CURVE('',#746,#745,#265,.T.);
#912=EDGE_CURVE('',#744,#746,#266,.T.);
#913=EDGE_CURVE('',#747,#748,#267,.T.);
#914=EDGE_CURVE('',#749,#747,#268,.T.);
#915=EDGE_CURVE('',#750,#749,#269,.T.);
#916=EDGE_CURVE('',#751,#750,#270,.T.);
#917=EDGE_CURVE('',#746,#751,#271,.T.);
#918=EDGE_CURVE('',#745,#752,#272,.T.);
#919=EDGE_CURVE('',#748,#752,#273,.T.);
#920=EDGE_CURVE('',#753,#750,#274,.T.);
#921=EDGE_CURVE('',#754,#749,#275,.T.);
#922=EDGE_CURVE('',#753,#754,#276,.T.);
#923=EDGE_CURVE('',#747,#755,#277,.T.);
#924=EDGE_CURVE('',#754,#755,#278,.T.);
#925=EDGE_CURVE('',#756,#751,#279,.T.);
#926=EDGE_CURVE('',#756,#753,#280,.T.);
#927=EDGE_CURVE('',#756,#755,#281,.F.);
#928=EDGE_CURVE('',#757,#758,#282,.T.);
#929=EDGE_CURVE('',#759,#758,#283,.T.);
#930=EDGE_CURVE('',#760,#759,#284,.T.);
#931=EDGE_CURVE('',#757,#760,#285,.T.);
#932=EDGE_CURVE('',#761,#762,#286,.T.);
#933=EDGE_CURVE('',#762,#763,#287,.T.);
#934=EDGE_CURVE('',#759,#763,#288,.T.);
#935=EDGE_CURVE('',#758,#764,#289,.T.);
#936=EDGE_CURVE('',#765,#764,#290,.T.);
#937=EDGE_CURVE('',#766,#765,#291,.T.);
#938=EDGE_CURVE('',#766,#761,#292,.T.);
#939=EDGE_CURVE('',#767,#760,#293,.F.);
#940=EDGE_CURVE('',#767,#768,#294,.T.);
#941=EDGE_CURVE('',#768,#757,#295,.F.);
#942=EDGE_CURVE('',#769,#770,#296,.T.);
#943=EDGE_CURVE('',#770,#771,#297,.T.);
#944=EDGE_CURVE('',#772,#771,#298,.T.);
#945=EDGE_CURVE('',#772,#773,#299,.T.);
#946=EDGE_CURVE('',#773,#774,#300,.T.);
#947=EDGE_CURVE('',#775,#774,#301,.T.);
#948=EDGE_CURVE('',#776,#775,#302,.T.);
#949=EDGE_CURVE('',#776,#769,#303,.T.);
#950=EDGE_CURVE('',#774,#768,#304,.T.);
#951=EDGE_CURVE('',#775,#767,#305,.T.);
#952=EDGE_CURVE('',#770,#777,#306,.T.);
#953=EDGE_CURVE('',#769,#778,#307,.T.);
#954=EDGE_CURVE('',#777,#778,#308,.T.);
#955=EDGE_CURVE('',#779,#771,#309,.T.);
#956=EDGE_CURVE('',#779,#777,#310,.T.);
#957=EDGE_CURVE('',#776,#780,#311,.T.);
#958=EDGE_CURVE('',#778,#780,#312,.T.);
#959=EDGE_CURVE('',#779,#780,#313,.F.);
#960=EDGE_CURVE('',#781,#730,#314,.F.);
#961=EDGE_CURVE('',#782,#781,#315,.F.);
#962=EDGE_CURVE('',#765,#782,#316,.T.);
#963=EDGE_CURVE('',#764,#739,#317,.T.);
#964=EDGE_CURVE('',#763,#733,#318,.T.);
#965=EDGE_CURVE('',#748,#772,#319,.T.);
#966=EDGE_CURVE('',#752,#773,#320,.T.);
#967=EDGE_CURVE('',#781,#783,#321,.F.);
#968=EDGE_CURVE('',#783,#784,#322,.T.);
#969=EDGE_CURVE('',#782,#784,#323,.T.);
#970=EDGE_CURVE('',#766,#784,#324,.T.);
#971=EDGE_CURVE('',#761,#783,#325,.T.);
#972=EDGE_CURVE('',#762,#735,#326,.T.);
#973=EDGE_CURVE('',#785,#786,#327,.T.);
#974=EDGE_CURVE('',#785,#787,#328,.T.);
#975=EDGE_CURVE('',#787,#788,#329,.T.);
#976=EDGE_CURVE('',#788,#786,#330,.T.);
#977=EDGE_CURVE('',#789,#790,#331,.T.);
#978=EDGE_CURVE('',#788,#790,#332,.F.);
#979=EDGE_CURVE('',#787,#789,#333,.T.);
#980=EDGE_CURVE('',#791,#792,#334,.T.);
#981=EDGE_CURVE('',#792,#786,#335,.T.);
#982=EDGE_CURVE('',#790,#793,#336,.T.);
#983=EDGE_CURVE('',#794,#793,#337,.T.);
#984=EDGE_CURVE('',#795,#794,#338,.T.);
#985=EDGE_CURVE('',#795,#791,#339,.T.);
#986=EDGE_CURVE('',#793,#796,#340,.T.);
#987=EDGE_CURVE('',#797,#796,#341,.F.);
#988=EDGE_CURVE('',#794,#797,#342,.T.);
#989=EDGE_CURVE('',#785,#798,#343,.T.);
#990=EDGE_CURVE('',#798,#799,#344,.T.);
#991=EDGE_CURVE('',#799,#800,#345,.T.);
#992=EDGE_CURVE('',#797,#800,#346,.T.);
#993=EDGE_CURVE('',#796,#789,#347,.T.);
#994=EDGE_CURVE('',#795,#800,#348,.T.);
#995=EDGE_CURVE('',#791,#799,#349,.T.);
#996=EDGE_CURVE('',#792,#798,#350,.T.);
#997=EDGE_CURVE('',#801,#802,#351,.T.);
#998=EDGE_CURVE('',#801,#803,#352,.T.);
#999=EDGE_CURVE('',#803,#804,#353,.T.);
#1000=EDGE_CURVE('',#804,#802,#354,.T.);
#1001=EDGE_CURVE('',#805,#806,#355,.T.);
#1002=EDGE_CURVE('',#804,#806,#356,.T.);
#1003=EDGE_CURVE('',#803,#805,#357,.T.);
#1004=EDGE_CURVE('',#807,#808,#358,.T.);
#1005=EDGE_CURVE('',#808,#802,#359,.T.);
#1006=EDGE_CURVE('',#806,#809,#360,.T.);
#1007=EDGE_CURVE('',#810,#809,#361,.T.);
#1008=EDGE_CURVE('',#811,#810,#362,.T.);
#1009=EDGE_CURVE('',#811,#807,#363,.T.);
#1010=EDGE_CURVE('',#809,#812,#364,.T.);
#1011=EDGE_CURVE('',#813,#812,#365,.T.);
#1012=EDGE_CURVE('',#810,#813,#366,.T.);
#1013=EDGE_CURVE('',#801,#814,#367,.T.);
#1014=EDGE_CURVE('',#814,#815,#368,.T.);
#1015=EDGE_CURVE('',#815,#816,#369,.T.);
#1016=EDGE_CURVE('',#813,#816,#370,.T.);
#1017=EDGE_CURVE('',#812,#805,#371,.T.);
#1018=EDGE_CURVE('',#811,#816,#372,.T.);
#1019=EDGE_CURVE('',#808,#814,#373,.T.);
#1020=EDGE_CURVE('',#807,#815,#374,.T.);
#1021=EDGE_CURVE('',#817,#818,#375,.T.);
#1022=EDGE_CURVE('',#817,#819,#376,.T.);
#1023=EDGE_CURVE('',#819,#820,#377,.T.);
#1024=EDGE_CURVE('',#820,#818,#378,.T.);
#1025=EDGE_CURVE('',#821,#822,#379,.T.);
#1026=EDGE_CURVE('',#820,#822,#380,.T.);
#1027=EDGE_CURVE('',#819,#821,#381,.T.);
#1028=EDGE_CURVE('',#823,#824,#382,.T.);
#1029=EDGE_CURVE('',#824,#818,#383,.T.);
#1030=EDGE_CURVE('',#822,#825,#384,.T.);
#1031=EDGE_CURVE('',#826,#825,#385,.T.);
#1032=EDGE_CURVE('',#827,#826,#386,.T.);
#1033=EDGE_CURVE('',#827,#823,#387,.T.);
#1034=EDGE_CURVE('',#825,#828,#388,.T.);
#1035=EDGE_CURVE('',#829,#828,#389,.T.);
#1036=EDGE_CURVE('',#826,#829,#390,.T.);
#1037=EDGE_CURVE('',#830,#817,#391,.T.);
#1038=EDGE_CURVE('',#831,#830,#392,.T.);
#1039=EDGE_CURVE('',#832,#831,#393,.T.);
#1040=EDGE_CURVE('',#829,#832,#394,.T.);
#1041=EDGE_CURVE('',#828,#821,#395,.T.);
#1042=EDGE_CURVE('',#827,#832,#396,.T.);
#1043=EDGE_CURVE('',#823,#831,#397,.T.);
#1044=EDGE_CURVE('',#824,#830,#398,.T.);
#1045=EDGE_CURVE('',#833,#834,#399,.T.);
#1046=EDGE_CURVE('',#835,#834,#400,.T.);
#1047=EDGE_CURVE('',#836,#835,#401,.T.);
#1048=EDGE_CURVE('',#836,#833,#402,.T.);
#1049=EDGE_CURVE('',#837,#835,#403,.T.);
#1050=EDGE_CURVE('',#838,#837,#404,.T.);
#1051=EDGE_CURVE('',#838,#836,#405,.T.);
#1052=EDGE_CURVE('',#839,#837,#406,.T.);
#1053=EDGE_CURVE('',#840,#839,#407,.T.);
#1054=EDGE_CURVE('',#840,#838,#408,.T.);
#1055=EDGE_CURVE('',#834,#839,#409,.T.);
#1056=EDGE_CURVE('',#833,#840,#410,.T.);
#1057=EDGE_CURVE('',#841,#842,#411,.T.);
#1058=EDGE_CURVE('',#843,#842,#412,.T.);
#1059=EDGE_CURVE('',#844,#843,#413,.T.);
#1060=EDGE_CURVE('',#844,#841,#414,.T.);
#1061=EDGE_CURVE('',#845,#843,#415,.T.);
#1062=EDGE_CURVE('',#846,#845,#416,.T.);
#1063=EDGE_CURVE('',#846,#844,#417,.T.);
#1064=EDGE_CURVE('',#847,#845,#418,.T.);
#1065=EDGE_CURVE('',#848,#847,#419,.T.);
#1066=EDGE_CURVE('',#848,#846,#420,.T.);
#1067=EDGE_CURVE('',#842,#847,#421,.T.);
#1068=EDGE_CURVE('',#841,#848,#422,.T.);
#1069=EDGE_CURVE('',#849,#850,#423,.T.);
#1070=EDGE_CURVE('',#851,#850,#424,.T.);
#1071=EDGE_CURVE('',#852,#851,#425,.T.);
#1072=EDGE_CURVE('',#852,#849,#426,.T.);
#1073=EDGE_CURVE('',#853,#851,#427,.T.);
#1074=EDGE_CURVE('',#854,#853,#428,.T.);
#1075=EDGE_CURVE('',#854,#852,#429,.T.);
#1076=EDGE_CURVE('',#855,#853,#430,.T.);
#1077=EDGE_CURVE('',#856,#855,#431,.T.);
#1078=EDGE_CURVE('',#856,#854,#432,.T.);
#1079=EDGE_CURVE('',#850,#855,#433,.T.);
#1080=EDGE_CURVE('',#849,#856,#434,.T.);
#1081=EDGE_CURVE('',#857,#858,#435,.T.);
#1082=EDGE_CURVE('',#859,#858,#436,.T.);
#1083=EDGE_CURVE('',#860,#859,#437,.T.);
#1084=EDGE_CURVE('',#860,#857,#438,.T.);
#1085=EDGE_CURVE('',#861,#859,#439,.T.);
#1086=EDGE_CURVE('',#862,#861,#440,.T.);
#1087=EDGE_CURVE('',#862,#860,#441,.T.);
#1088=EDGE_CURVE('',#863,#861,#442,.T.);
#1089=EDGE_CURVE('',#864,#863,#443,.T.);
#1090=EDGE_CURVE('',#864,#862,#444,.T.);
#1091=EDGE_CURVE('',#858,#863,#445,.T.);
#1092=EDGE_CURVE('',#857,#864,#446,.T.);
#1093=EDGE_CURVE('',#865,#865,#15,.T.);
#1094=EDGE_CURVE('',#865,#866,#447,.T.);
#1095=EDGE_CURVE('',#866,#866,#16,.T.);
#1096=EDGE_CURVE('',#867,#867,#17,.T.);
#1097=EDGE_CURVE('',#867,#868,#448,.T.);
#1098=EDGE_CURVE('',#868,#868,#18,.T.);
#1099=EDGE_CURVE('',#866,#867,#449,.T.);
#1100=EDGE_CURVE('',#869,#870,#450,.T.);
#1101=EDGE_CURVE('',#870,#871,#451,.T.);
#1102=EDGE_CURVE('',#871,#872,#452,.T.);
#1103=EDGE_CURVE('',#872,#869,#453,.T.);
#1104=EDGE_CURVE('',#873,#874,#454,.T.);
#1105=EDGE_CURVE('',#874,#875,#455,.T.);
#1106=EDGE_CURVE('',#875,#876,#456,.T.);
#1107=EDGE_CURVE('',#876,#873,#457,.T.);
#1108=EDGE_CURVE('',#877,#878,#458,.T.);
#1109=EDGE_CURVE('',#878,#879,#459,.T.);
#1110=EDGE_CURVE('',#879,#880,#460,.T.);
#1111=EDGE_CURVE('',#880,#877,#461,.T.);
#1112=EDGE_CURVE('',#881,#882,#462,.T.);
#1113=EDGE_CURVE('',#882,#883,#463,.T.);
#1114=EDGE_CURVE('',#883,#884,#464,.T.);
#1115=EDGE_CURVE('',#884,#881,#465,.T.);
#1116=EDGE_CURVE('',#885,#886,#466,.T.);
#1117=EDGE_CURVE('',#886,#887,#467,.T.);
#1118=EDGE_CURVE('',#887,#888,#468,.T.);
#1119=EDGE_CURVE('',#888,#885,#469,.T.);
#1120=EDGE_CURVE('',#879,#874,#470,.T.);
#1121=EDGE_CURVE('',#873,#870,#471,.T.);
#1122=EDGE_CURVE('',#869,#882,#472,.T.);
#1123=EDGE_CURVE('',#881,#880,#473,.T.);
#1124=EDGE_CURVE('',#883,#872,#474,.T.);
#1125=EDGE_CURVE('',#883,#888,#475,.T.);
#1126=EDGE_CURVE('',#888,#872,#476,.T.);
#1127=EDGE_CURVE('',#871,#876,#477,.T.);
#1128=EDGE_CURVE('',#885,#871,#478,.T.);
#1129=EDGE_CURVE('',#884,#887,#479,.T.);
#1130=EDGE_CURVE('',#877,#884,#480,.T.);
#1131=EDGE_CURVE('',#885,#876,#481,.T.);
#1132=EDGE_CURVE('',#877,#887,#482,.T.);
#1133=EDGE_CURVE('',#886,#875,#483,.T.);
#1134=EDGE_CURVE('',#878,#886,#484,.T.);
#1135=EDGE_CURVE('',#878,#875,#485,.T.);
#1136=ORIENTED_EDGE('',*,*,#889,.T.);
#1137=ORIENTED_EDGE('',*,*,#890,.F.);
#1138=ORIENTED_EDGE('',*,*,#891,.F.);
#1139=ORIENTED_EDGE('',*,*,#892,.T.);
#1140=ORIENTED_EDGE('',*,*,#893,.F.);
#1141=ORIENTED_EDGE('',*,*,#894,.F.);
#1142=ORIENTED_EDGE('',*,*,#895,.F.);
#1143=ORIENTED_EDGE('',*,*,#896,.F.);
#1144=ORIENTED_EDGE('',*,*,#897,.F.);
#1145=ORIENTED_EDGE('',*,*,#898,.T.);
#1146=ORIENTED_EDGE('',*,*,#899,.T.);
#1147=ORIENTED_EDGE('',*,*,#900,.F.);
#1148=ORIENTED_EDGE('',*,*,#901,.T.);
#1149=ORIENTED_EDGE('',*,*,#902,.F.);
#1150=ORIENTED_EDGE('',*,*,#903,.F.);
#1151=ORIENTED_EDGE('',*,*,#900,.T.);
#1152=ORIENTED_EDGE('',*,*,#897,.T.);
#1153=ORIENTED_EDGE('',*,*,#904,.T.);
#1154=ORIENTED_EDGE('',*,*,#891,.T.);
#1155=ORIENTED_EDGE('',*,*,#905,.T.);
#1156=ORIENTED_EDGE('',*,*,#904,.F.);
#1157=ORIENTED_EDGE('',*,*,#896,.T.);
#1158=ORIENTED_EDGE('',*,*,#906,.F.);
#1159=ORIENTED_EDGE('',*,*,#892,.F.);
#1160=ORIENTED_EDGE('',*,*,#902,.T.);
#1161=ORIENTED_EDGE('',*,*,#907,.T.);
#1162=ORIENTED_EDGE('',*,*,#908,.T.);
#1163=ORIENTED_EDGE('',*,*,#909,.F.);
#1164=ORIENTED_EDGE('',*,*,#910,.T.);
#1165=ORIENTED_EDGE('',*,*,#911,.F.);
#1166=ORIENTED_EDGE('',*,*,#912,.F.);
#1167=ORIENTED_EDGE('',*,*,#908,.F.);
#1168=ORIENTED_EDGE('',*,*,#913,.F.);
#1169=ORIENTED_EDGE('',*,*,#914,.F.);
#1170=ORIENTED_EDGE('',*,*,#915,.F.);
#1171=ORIENTED_EDGE('',*,*,#916,.F.);
#1172=ORIENTED_EDGE('',*,*,#917,.F.);
#1173=ORIENTED_EDGE('',*,*,#911,.T.);
#1174=ORIENTED_EDGE('',*,*,#918,.T.);
#1175=ORIENTED_EDGE('',*,*,#919,.F.);
#1176=ORIENTED_EDGE('',*,*,#920,.T.);
#1177=ORIENTED_EDGE('',*,*,#915,.T.);
#1178=ORIENTED_EDGE('',*,*,#921,.F.);
#1179=ORIENTED_EDGE('',*,*,#922,.F.);
#1180=ORIENTED_EDGE('',*,*,#921,.T.);
#1181=ORIENTED_EDGE('',*,*,#914,.T.);
#1182=ORIENTED_EDGE('',*,*,#923,.T.);
#1183=ORIENTED_EDGE('',*,*,#924,.F.);
#1184=ORIENTED_EDGE('',*,*,#925,.T.);
#1185=ORIENTED_EDGE('',*,*,#916,.T.);
#1186=ORIENTED_EDGE('',*,*,#920,.F.);
#1187=ORIENTED_EDGE('',*,*,#926,.F.);
#1188=ORIENTED_EDGE('',*,*,#924,.T.);
#1189=ORIENTED_EDGE('',*,*,#927,.F.);
#1190=ORIENTED_EDGE('',*,*,#926,.T.);
#1191=ORIENTED_EDGE('',*,*,#922,.T.);
#1192=ORIENTED_EDGE('',*,*,#928,.T.);
#1193=ORIENTED_EDGE('',*,*,#929,.F.);
#1194=ORIENTED_EDGE('',*,*,#930,.F.);
#1195=ORIENTED_EDGE('',*,*,#931,.F.);
#1196=ORIENTED_EDGE('',*,*,#932,.T.);
#1197=ORIENTED_EDGE('',*,*,#933,.T.);
#1198=ORIENTED_EDGE('',*,*,#934,.F.);
#1199=ORIENTED_EDGE('',*,*,#929,.T.);
#1200=ORIENTED_EDGE('',*,*,#935,.T.);
#1201=ORIENTED_EDGE('',*,*,#936,.F.);
#1202=ORIENTED_EDGE('',*,*,#937,.F.);
#1203=ORIENTED_EDGE('',*,*,#938,.T.);
#1204=ORIENTED_EDGE('',*,*,#931,.T.);
#1205=ORIENTED_EDGE('',*,*,#939,.F.);
#1206=ORIENTED_EDGE('',*,*,#940,.T.);
#1207=ORIENTED_EDGE('',*,*,#941,.T.);
#1208=ORIENTED_EDGE('',*,*,#942,.T.);
#1209=ORIENTED_EDGE('',*,*,#943,.T.);
#1210=ORIENTED_EDGE('',*,*,#944,.F.);
#1211=ORIENTED_EDGE('',*,*,#945,.T.);
#1212=ORIENTED_EDGE('',*,*,#946,.T.);
#1213=ORIENTED_EDGE('',*,*,#947,.F.);
#1214=ORIENTED_EDGE('',*,*,#948,.F.);
#1215=ORIENTED_EDGE('',*,*,#949,.T.);
#1216=ORIENTED_EDGE('',*,*,#950,.T.);
#1217=ORIENTED_EDGE('',*,*,#940,.F.);
#1218=ORIENTED_EDGE('',*,*,#951,.F.);
#1219=ORIENTED_EDGE('',*,*,#947,.T.);
#1220=ORIENTED_EDGE('',*,*,#952,.F.);
#1221=ORIENTED_EDGE('',*,*,#942,.F.);
#1222=ORIENTED_EDGE('',*,*,#953,.T.);
#1223=ORIENTED_EDGE('',*,*,#954,.F.);
#1224=ORIENTED_EDGE('',*,*,#955,.T.);
#1225=ORIENTED_EDGE('',*,*,#943,.F.);
#1226=ORIENTED_EDGE('',*,*,#952,.T.);
#1227=ORIENTED_EDGE('',*,*,#956,.F.);
#1228=ORIENTED_EDGE('',*,*,#953,.F.);
#1229=ORIENTED_EDGE('',*,*,#949,.F.);
#1230=ORIENTED_EDGE('',*,*,#957,.T.);
#1231=ORIENTED_EDGE('',*,*,#958,.F.);
#1232=ORIENTED_EDGE('',*,*,#958,.T.);
#1233=ORIENTED_EDGE('',*,*,#959,.F.);
#1234=ORIENTED_EDGE('',*,*,#956,.T.);
#1235=ORIENTED_EDGE('',*,*,#954,.T.);
#1236=ORIENTED_EDGE('',*,*,#960,.F.);
#1237=ORIENTED_EDGE('',*,*,#961,.F.);
#1238=ORIENTED_EDGE('',*,*,#962,.F.);
#1239=ORIENTED_EDGE('',*,*,#936,.T.);
#1240=ORIENTED_EDGE('',*,*,#963,.T.);
#1241=ORIENTED_EDGE('',*,*,#898,.F.);
#1242=ORIENTED_EDGE('',*,*,#905,.F.);
#1243=ORIENTED_EDGE('',*,*,#890,.T.);
#1244=ORIENTED_EDGE('',*,*,#959,.T.);
#1245=ORIENTED_EDGE('',*,*,#957,.F.);
#1246=ORIENTED_EDGE('',*,*,#948,.T.);
#1247=ORIENTED_EDGE('',*,*,#951,.T.);
#1248=ORIENTED_EDGE('',*,*,#939,.T.);
#1249=ORIENTED_EDGE('',*,*,#930,.T.);
#1250=ORIENTED_EDGE('',*,*,#934,.T.);
#1251=ORIENTED_EDGE('',*,*,#964,.T.);
#1252=ORIENTED_EDGE('',*,*,#893,.T.);
#1253=ORIENTED_EDGE('',*,*,#903,.T.);
#1254=ORIENTED_EDGE('',*,*,#909,.T.);
#1255=ORIENTED_EDGE('',*,*,#912,.T.);
#1256=ORIENTED_EDGE('',*,*,#917,.T.);
#1257=ORIENTED_EDGE('',*,*,#925,.F.);
#1258=ORIENTED_EDGE('',*,*,#927,.T.);
#1259=ORIENTED_EDGE('',*,*,#923,.F.);
#1260=ORIENTED_EDGE('',*,*,#913,.T.);
#1261=ORIENTED_EDGE('',*,*,#965,.T.);
#1262=ORIENTED_EDGE('',*,*,#944,.T.);
#1263=ORIENTED_EDGE('',*,*,#955,.F.);
#1264=ORIENTED_EDGE('',*,*,#966,.T.);
#1265=ORIENTED_EDGE('',*,*,#945,.F.);
#1266=ORIENTED_EDGE('',*,*,#965,.F.);
#1267=ORIENTED_EDGE('',*,*,#919,.T.);
#1268=ORIENTED_EDGE('',*,*,#961,.T.);
#1269=ORIENTED_EDGE('',*,*,#967,.T.);
#1270=ORIENTED_EDGE('',*,*,#968,.T.);
#1271=ORIENTED_EDGE('',*,*,#969,.F.);
#1272=ORIENTED_EDGE('',*,*,#969,.T.);
#1273=ORIENTED_EDGE('',*,*,#970,.F.);
#1274=ORIENTED_EDGE('',*,*,#937,.T.);
#1275=ORIENTED_EDGE('',*,*,#962,.T.);
#1276=ORIENTED_EDGE('',*,*,#963,.F.);
#1277=ORIENTED_EDGE('',*,*,#935,.F.);
#1278=ORIENTED_EDGE('',*,*,#928,.F.);
#1279=ORIENTED_EDGE('',*,*,#941,.F.);
#1280=ORIENTED_EDGE('',*,*,#950,.F.);
#1281=ORIENTED_EDGE('',*,*,#946,.F.);
#1282=ORIENTED_EDGE('',*,*,#966,.F.);
#1283=ORIENTED_EDGE('',*,*,#918,.F.);
#1284=ORIENTED_EDGE('',*,*,#910,.F.);
#1285=ORIENTED_EDGE('',*,*,#907,.F.);
#1286=ORIENTED_EDGE('',*,*,#901,.F.);
#1287=ORIENTED_EDGE('',*,*,#899,.F.);
#1288=ORIENTED_EDGE('',*,*,#971,.T.);
#1289=ORIENTED_EDGE('',*,*,#967,.F.);
#1290=ORIENTED_EDGE('',*,*,#960,.T.);
#1291=ORIENTED_EDGE('',*,*,#889,.F.);
#1292=ORIENTED_EDGE('',*,*,#906,.T.);
#1293=ORIENTED_EDGE('',*,*,#895,.T.);
#1294=ORIENTED_EDGE('',*,*,#972,.F.);
#1295=ORIENTED_EDGE('',*,*,#932,.F.);
#1296=ORIENTED_EDGE('',*,*,#964,.F.);
#1297=ORIENTED_EDGE('',*,*,#933,.F.);
#1298=ORIENTED_EDGE('',*,*,#972,.T.);
#1299=ORIENTED_EDGE('',*,*,#894,.T.);
#1300=ORIENTED_EDGE('',*,*,#968,.F.);
#1301=ORIENTED_EDGE('',*,*,#971,.F.);
#1302=ORIENTED_EDGE('',*,*,#938,.F.);
#1303=ORIENTED_EDGE('',*,*,#970,.T.);
#1304=ORIENTED_EDGE('',*,*,#973,.F.);
#1305=ORIENTED_EDGE('',*,*,#974,.T.);
#1306=ORIENTED_EDGE('',*,*,#975,.T.);
#1307=ORIENTED_EDGE('',*,*,#976,.T.);
#1308=ORIENTED_EDGE('',*,*,#977,.T.);
#1309=ORIENTED_EDGE('',*,*,#978,.F.);
#1310=ORIENTED_EDGE('',*,*,#975,.F.);
#1311=ORIENTED_EDGE('',*,*,#979,.T.);
#1312=ORIENTED_EDGE('',*,*,#980,.T.);
#1313=ORIENTED_EDGE('',*,*,#981,.T.);
#1314=ORIENTED_EDGE('',*,*,#976,.F.);
#1315=ORIENTED_EDGE('',*,*,#978,.T.);
#1316=ORIENTED_EDGE('',*,*,#982,.T.);
#1317=ORIENTED_EDGE('',*,*,#983,.F.);
#1318=ORIENTED_EDGE('',*,*,#984,.F.);
#1319=ORIENTED_EDGE('',*,*,#985,.T.);
#1320=ORIENTED_EDGE('',*,*,#986,.T.);
#1321=ORIENTED_EDGE('',*,*,#987,.F.);
#1322=ORIENTED_EDGE('',*,*,#988,.F.);
#1323=ORIENTED_EDGE('',*,*,#983,.T.);
#1324=ORIENTED_EDGE('',*,*,#974,.F.);
#1325=ORIENTED_EDGE('',*,*,#989,.T.);
#1326=ORIENTED_EDGE('',*,*,#990,.T.);
#1327=ORIENTED_EDGE('',*,*,#991,.T.);
#1328=ORIENTED_EDGE('',*,*,#992,.F.);
#1329=ORIENTED_EDGE('',*,*,#987,.T.);
#1330=ORIENTED_EDGE('',*,*,#993,.T.);
#1331=ORIENTED_EDGE('',*,*,#979,.F.);
#1332=ORIENTED_EDGE('',*,*,#994,.F.);
#1333=ORIENTED_EDGE('',*,*,#984,.T.);
#1334=ORIENTED_EDGE('',*,*,#988,.T.);
#1335=ORIENTED_EDGE('',*,*,#992,.T.);
#1336=ORIENTED_EDGE('',*,*,#977,.F.);
#1337=ORIENTED_EDGE('',*,*,#993,.F.);
#1338=ORIENTED_EDGE('',*,*,#986,.F.);
#1339=ORIENTED_EDGE('',*,*,#982,.F.);
#1340=ORIENTED_EDGE('',*,*,#995,.T.);
#1341=ORIENTED_EDGE('',*,*,#990,.F.);
#1342=ORIENTED_EDGE('',*,*,#996,.F.);
#1343=ORIENTED_EDGE('',*,*,#980,.F.);
#1344=ORIENTED_EDGE('',*,*,#996,.T.);
#1345=ORIENTED_EDGE('',*,*,#989,.F.);
#1346=ORIENTED_EDGE('',*,*,#973,.T.);
#1347=ORIENTED_EDGE('',*,*,#981,.F.);
#1348=ORIENTED_EDGE('',*,*,#994,.T.);
#1349=ORIENTED_EDGE('',*,*,#991,.F.);
#1350=ORIENTED_EDGE('',*,*,#995,.F.);
#1351=ORIENTED_EDGE('',*,*,#985,.F.);
#1352=ORIENTED_EDGE('',*,*,#997,.F.);
#1353=ORIENTED_EDGE('',*,*,#998,.T.);
#1354=ORIENTED_EDGE('',*,*,#999,.T.);
#1355=ORIENTED_EDGE('',*,*,#1000,.T.);
#1356=ORIENTED_EDGE('',*,*,#1001,.T.);
#1357=ORIENTED_EDGE('',*,*,#1002,.F.);
#1358=ORIENTED_EDGE('',*,*,#999,.F.);
#1359=ORIENTED_EDGE('',*,*,#1003,.T.);
#1360=ORIENTED_EDGE('',*,*,#1004,.T.);
#1361=ORIENTED_EDGE('',*,*,#1005,.T.);
#1362=ORIENTED_EDGE('',*,*,#1000,.F.);
#1363=ORIENTED_EDGE('',*,*,#1002,.T.);
#1364=ORIENTED_EDGE('',*,*,#1006,.T.);
#1365=ORIENTED_EDGE('',*,*,#1007,.F.);
#1366=ORIENTED_EDGE('',*,*,#1008,.F.);
#1367=ORIENTED_EDGE('',*,*,#1009,.T.);
#1368=ORIENTED_EDGE('',*,*,#1010,.T.);
#1369=ORIENTED_EDGE('',*,*,#1011,.F.);
#1370=ORIENTED_EDGE('',*,*,#1012,.F.);
#1371=ORIENTED_EDGE('',*,*,#1007,.T.);
#1372=ORIENTED_EDGE('',*,*,#998,.F.);
#1373=ORIENTED_EDGE('',*,*,#1013,.T.);
#1374=ORIENTED_EDGE('',*,*,#1014,.T.);
#1375=ORIENTED_EDGE('',*,*,#1015,.T.);
#1376=ORIENTED_EDGE('',*,*,#1016,.F.);
#1377=ORIENTED_EDGE('',*,*,#1011,.T.);
#1378=ORIENTED_EDGE('',*,*,#1017,.T.);
#1379=ORIENTED_EDGE('',*,*,#1003,.F.);
#1380=ORIENTED_EDGE('',*,*,#1018,.F.);
#1381=ORIENTED_EDGE('',*,*,#1008,.T.);
#1382=ORIENTED_EDGE('',*,*,#1012,.T.);
#1383=ORIENTED_EDGE('',*,*,#1016,.T.);
#1384=ORIENTED_EDGE('',*,*,#1001,.F.);
#1385=ORIENTED_EDGE('',*,*,#1017,.F.);
#1386=ORIENTED_EDGE('',*,*,#1010,.F.);
#1387=ORIENTED_EDGE('',*,*,#1006,.F.);
#1388=ORIENTED_EDGE('',*,*,#1019,.F.);
#1389=ORIENTED_EDGE('',*,*,#1004,.F.);
#1390=ORIENTED_EDGE('',*,*,#1020,.T.);
#1391=ORIENTED_EDGE('',*,*,#1014,.F.);
#1392=ORIENTED_EDGE('',*,*,#997,.T.);
#1393=ORIENTED_EDGE('',*,*,#1005,.F.);
#1394=ORIENTED_EDGE('',*,*,#1019,.T.);
#1395=ORIENTED_EDGE('',*,*,#1013,.F.);
#1396=ORIENTED_EDGE('',*,*,#1020,.F.);
#1397=ORIENTED_EDGE('',*,*,#1009,.F.);
#1398=ORIENTED_EDGE('',*,*,#1018,.T.);
#1399=ORIENTED_EDGE('',*,*,#1015,.F.);
#1400=ORIENTED_EDGE('',*,*,#1021,.F.);
#1401=ORIENTED_EDGE('',*,*,#1022,.T.);
#1402=ORIENTED_EDGE('',*,*,#1023,.T.);
#1403=ORIENTED_EDGE('',*,*,#1024,.T.);
#1404=ORIENTED_EDGE('',*,*,#1025,.T.);
#1405=ORIENTED_EDGE('',*,*,#1026,.F.);
#1406=ORIENTED_EDGE('',*,*,#1023,.F.);
#1407=ORIENTED_EDGE('',*,*,#1027,.T.);
#1408=ORIENTED_EDGE('',*,*,#1028,.T.);
#1409=ORIENTED_EDGE('',*,*,#1029,.T.);
#1410=ORIENTED_EDGE('',*,*,#1024,.F.);
#1411=ORIENTED_EDGE('',*,*,#1026,.T.);
#1412=ORIENTED_EDGE('',*,*,#1030,.T.);
#1413=ORIENTED_EDGE('',*,*,#1031,.F.);
#1414=ORIENTED_EDGE('',*,*,#1032,.F.);
#1415=ORIENTED_EDGE('',*,*,#1033,.T.);
#1416=ORIENTED_EDGE('',*,*,#1034,.T.);
#1417=ORIENTED_EDGE('',*,*,#1035,.F.);
#1418=ORIENTED_EDGE('',*,*,#1036,.F.);
#1419=ORIENTED_EDGE('',*,*,#1031,.T.);
#1420=ORIENTED_EDGE('',*,*,#1022,.F.);
#1421=ORIENTED_EDGE('',*,*,#1037,.F.);
#1422=ORIENTED_EDGE('',*,*,#1038,.F.);
#1423=ORIENTED_EDGE('',*,*,#1039,.F.);
#1424=ORIENTED_EDGE('',*,*,#1040,.F.);
#1425=ORIENTED_EDGE('',*,*,#1035,.T.);
#1426=ORIENTED_EDGE('',*,*,#1041,.T.);
#1427=ORIENTED_EDGE('',*,*,#1027,.F.);
#1428=ORIENTED_EDGE('',*,*,#1042,.F.);
#1429=ORIENTED_EDGE('',*,*,#1032,.T.);
#1430=ORIENTED_EDGE('',*,*,#1036,.T.);
#1431=ORIENTED_EDGE('',*,*,#1040,.T.);
#1432=ORIENTED_EDGE('',*,*,#1025,.F.);
#1433=ORIENTED_EDGE('',*,*,#1041,.F.);
#1434=ORIENTED_EDGE('',*,*,#1034,.F.);
#1435=ORIENTED_EDGE('',*,*,#1030,.F.);
#1436=ORIENTED_EDGE('',*,*,#1043,.T.);
#1437=ORIENTED_EDGE('',*,*,#1038,.T.);
#1438=ORIENTED_EDGE('',*,*,#1044,.F.);
#1439=ORIENTED_EDGE('',*,*,#1028,.F.);
#1440=ORIENTED_EDGE('',*,*,#1044,.T.);
#1441=ORIENTED_EDGE('',*,*,#1037,.T.);
#1442=ORIENTED_EDGE('',*,*,#1021,.T.);
#1443=ORIENTED_EDGE('',*,*,#1029,.F.);
#1444=ORIENTED_EDGE('',*,*,#1042,.T.);
#1445=ORIENTED_EDGE('',*,*,#1039,.T.);
#1446=ORIENTED_EDGE('',*,*,#1043,.F.);
#1447=ORIENTED_EDGE('',*,*,#1033,.F.);
#1448=ORIENTED_EDGE('',*,*,#1045,.T.);
#1449=ORIENTED_EDGE('',*,*,#1046,.F.);
#1450=ORIENTED_EDGE('',*,*,#1047,.F.);
#1451=ORIENTED_EDGE('',*,*,#1048,.T.);
#1452=ORIENTED_EDGE('',*,*,#1047,.T.);
#1453=ORIENTED_EDGE('',*,*,#1049,.F.);
#1454=ORIENTED_EDGE('',*,*,#1050,.F.);
#1455=ORIENTED_EDGE('',*,*,#1051,.T.);
#1456=ORIENTED_EDGE('',*,*,#1050,.T.);
#1457=ORIENTED_EDGE('',*,*,#1052,.F.);
#1458=ORIENTED_EDGE('',*,*,#1053,.F.);
#1459=ORIENTED_EDGE('',*,*,#1054,.T.);
#1460=ORIENTED_EDGE('',*,*,#1053,.T.);
#1461=ORIENTED_EDGE('',*,*,#1055,.F.);
#1462=ORIENTED_EDGE('',*,*,#1045,.F.);
#1463=ORIENTED_EDGE('',*,*,#1056,.T.);
#1464=ORIENTED_EDGE('',*,*,#1048,.F.);
#1465=ORIENTED_EDGE('',*,*,#1051,.F.);
#1466=ORIENTED_EDGE('',*,*,#1054,.F.);
#1467=ORIENTED_EDGE('',*,*,#1056,.F.);
#1468=ORIENTED_EDGE('',*,*,#1046,.T.);
#1469=ORIENTED_EDGE('',*,*,#1055,.T.);
#1470=ORIENTED_EDGE('',*,*,#1052,.T.);
#1471=ORIENTED_EDGE('',*,*,#1049,.T.);
#1472=ORIENTED_EDGE('',*,*,#1057,.T.);
#1473=ORIENTED_EDGE('',*,*,#1058,.F.);
#1474=ORIENTED_EDGE('',*,*,#1059,.F.);
#1475=ORIENTED_EDGE('',*,*,#1060,.T.);
#1476=ORIENTED_EDGE('',*,*,#1059,.T.);
#1477=ORIENTED_EDGE('',*,*,#1061,.F.);
#1478=ORIENTED_EDGE('',*,*,#1062,.F.);
#1479=ORIENTED_EDGE('',*,*,#1063,.T.);
#1480=ORIENTED_EDGE('',*,*,#1062,.T.);
#1481=ORIENTED_EDGE('',*,*,#1064,.F.);
#1482=ORIENTED_EDGE('',*,*,#1065,.F.);
#1483=ORIENTED_EDGE('',*,*,#1066,.T.);
#1484=ORIENTED_EDGE('',*,*,#1065,.T.);
#1485=ORIENTED_EDGE('',*,*,#1067,.F.);
#1486=ORIENTED_EDGE('',*,*,#1057,.F.);
#1487=ORIENTED_EDGE('',*,*,#1068,.T.);
#1488=ORIENTED_EDGE('',*,*,#1060,.F.);
#1489=ORIENTED_EDGE('',*,*,#1063,.F.);
#1490=ORIENTED_EDGE('',*,*,#1066,.F.);
#1491=ORIENTED_EDGE('',*,*,#1068,.F.);
#1492=ORIENTED_EDGE('',*,*,#1058,.T.);
#1493=ORIENTED_EDGE('',*,*,#1067,.T.);
#1494=ORIENTED_EDGE('',*,*,#1064,.T.);
#1495=ORIENTED_EDGE('',*,*,#1061,.T.);
#1496=ORIENTED_EDGE('',*,*,#1069,.T.);
#1497=ORIENTED_EDGE('',*,*,#1070,.F.);
#1498=ORIENTED_EDGE('',*,*,#1071,.F.);
#1499=ORIENTED_EDGE('',*,*,#1072,.T.);
#1500=ORIENTED_EDGE('',*,*,#1071,.T.);
#1501=ORIENTED_EDGE('',*,*,#1073,.F.);
#1502=ORIENTED_EDGE('',*,*,#1074,.F.);
#1503=ORIENTED_EDGE('',*,*,#1075,.T.);
#1504=ORIENTED_EDGE('',*,*,#1074,.T.);
#1505=ORIENTED_EDGE('',*,*,#1076,.F.);
#1506=ORIENTED_EDGE('',*,*,#1077,.F.);
#1507=ORIENTED_EDGE('',*,*,#1078,.T.);
#1508=ORIENTED_EDGE('',*,*,#1077,.T.);
#1509=ORIENTED_EDGE('',*,*,#1079,.F.);
#1510=ORIENTED_EDGE('',*,*,#1069,.F.);
#1511=ORIENTED_EDGE('',*,*,#1080,.T.);
#1512=ORIENTED_EDGE('',*,*,#1072,.F.);
#1513=ORIENTED_EDGE('',*,*,#1075,.F.);
#1514=ORIENTED_EDGE('',*,*,#1078,.F.);
#1515=ORIENTED_EDGE('',*,*,#1080,.F.);
#1516=ORIENTED_EDGE('',*,*,#1070,.T.);
#1517=ORIENTED_EDGE('',*,*,#1079,.T.);
#1518=ORIENTED_EDGE('',*,*,#1076,.T.);
#1519=ORIENTED_EDGE('',*,*,#1073,.T.);
#1520=ORIENTED_EDGE('',*,*,#1081,.T.);
#1521=ORIENTED_EDGE('',*,*,#1082,.F.);
#1522=ORIENTED_EDGE('',*,*,#1083,.F.);
#1523=ORIENTED_EDGE('',*,*,#1084,.T.);
#1524=ORIENTED_EDGE('',*,*,#1083,.T.);
#1525=ORIENTED_EDGE('',*,*,#1085,.F.);
#1526=ORIENTED_EDGE('',*,*,#1086,.F.);
#1527=ORIENTED_EDGE('',*,*,#1087,.T.);
#1528=ORIENTED_EDGE('',*,*,#1086,.T.);
#1529=ORIENTED_EDGE('',*,*,#1088,.F.);
#1530=ORIENTED_EDGE('',*,*,#1089,.F.);
#1531=ORIENTED_EDGE('',*,*,#1090,.T.);
#1532=ORIENTED_EDGE('',*,*,#1089,.T.);
#1533=ORIENTED_EDGE('',*,*,#1091,.F.);
#1534=ORIENTED_EDGE('',*,*,#1081,.F.);
#1535=ORIENTED_EDGE('',*,*,#1092,.T.);
#1536=ORIENTED_EDGE('',*,*,#1084,.F.);
#1537=ORIENTED_EDGE('',*,*,#1087,.F.);
#1538=ORIENTED_EDGE('',*,*,#1090,.F.);
#1539=ORIENTED_EDGE('',*,*,#1092,.F.);
#1540=ORIENTED_EDGE('',*,*,#1082,.T.);
#1541=ORIENTED_EDGE('',*,*,#1091,.T.);
#1542=ORIENTED_EDGE('',*,*,#1088,.T.);
#1543=ORIENTED_EDGE('',*,*,#1085,.T.);
#1544=ORIENTED_EDGE('',*,*,#1093,.F.);
#1545=ORIENTED_EDGE('',*,*,#1094,.T.);
#1546=ORIENTED_EDGE('',*,*,#1095,.F.);
#1547=ORIENTED_EDGE('',*,*,#1094,.F.);
#1548=ORIENTED_EDGE('',*,*,#1096,.F.);
#1549=ORIENTED_EDGE('',*,*,#1097,.T.);
#1550=ORIENTED_EDGE('',*,*,#1098,.F.);
#1551=ORIENTED_EDGE('',*,*,#1097,.F.);
#1552=ORIENTED_EDGE('',*,*,#1095,.T.);
#1553=ORIENTED_EDGE('',*,*,#1099,.T.);
#1554=ORIENTED_EDGE('',*,*,#1096,.T.);
#1555=ORIENTED_EDGE('',*,*,#1099,.F.);
#1556=ORIENTED_EDGE('',*,*,#1100,.T.);
#1557=ORIENTED_EDGE('',*,*,#1101,.T.);
#1558=ORIENTED_EDGE('',*,*,#1102,.T.);
#1559=ORIENTED_EDGE('',*,*,#1103,.T.);
#1560=ORIENTED_EDGE('',*,*,#1104,.T.);
#1561=ORIENTED_EDGE('',*,*,#1105,.T.);
#1562=ORIENTED_EDGE('',*,*,#1106,.T.);
#1563=ORIENTED_EDGE('',*,*,#1107,.T.);
#1564=ORIENTED_EDGE('',*,*,#1108,.T.);
#1565=ORIENTED_EDGE('',*,*,#1109,.T.);
#1566=ORIENTED_EDGE('',*,*,#1110,.T.);
#1567=ORIENTED_EDGE('',*,*,#1111,.T.);
#1568=ORIENTED_EDGE('',*,*,#1112,.T.);
#1569=ORIENTED_EDGE('',*,*,#1113,.T.);
#1570=ORIENTED_EDGE('',*,*,#1114,.T.);
#1571=ORIENTED_EDGE('',*,*,#1115,.T.);
#1572=ORIENTED_EDGE('',*,*,#1116,.T.);
#1573=ORIENTED_EDGE('',*,*,#1117,.T.);
#1574=ORIENTED_EDGE('',*,*,#1118,.T.);
#1575=ORIENTED_EDGE('',*,*,#1119,.T.);
#1576=ORIENTED_EDGE('',*,*,#1098,.T.);
#1577=ORIENTED_EDGE('',*,*,#1110,.F.);
#1578=ORIENTED_EDGE('',*,*,#1120,.T.);
#1579=ORIENTED_EDGE('',*,*,#1104,.F.);
#1580=ORIENTED_EDGE('',*,*,#1121,.T.);
#1581=ORIENTED_EDGE('',*,*,#1100,.F.);
#1582=ORIENTED_EDGE('',*,*,#1122,.T.);
#1583=ORIENTED_EDGE('',*,*,#1112,.F.);
#1584=ORIENTED_EDGE('',*,*,#1123,.T.);
#1585=ORIENTED_EDGE('',*,*,#1093,.T.);
#1586=ORIENTED_EDGE('',*,*,#1124,.F.);
#1587=ORIENTED_EDGE('',*,*,#1113,.F.);
#1588=ORIENTED_EDGE('',*,*,#1122,.F.);
#1589=ORIENTED_EDGE('',*,*,#1103,.F.);
#1590=ORIENTED_EDGE('',*,*,#1125,.F.);
#1591=ORIENTED_EDGE('',*,*,#1124,.T.);
#1592=ORIENTED_EDGE('',*,*,#1126,.F.);
#1593=ORIENTED_EDGE('',*,*,#1121,.F.);
#1594=ORIENTED_EDGE('',*,*,#1107,.F.);
#1595=ORIENTED_EDGE('',*,*,#1127,.F.);
#1596=ORIENTED_EDGE('',*,*,#1101,.F.);
#1597=ORIENTED_EDGE('',*,*,#1126,.T.);
#1598=ORIENTED_EDGE('',*,*,#1102,.F.);
#1599=ORIENTED_EDGE('',*,*,#1128,.F.);
#1600=ORIENTED_EDGE('',*,*,#1119,.F.);
#1601=ORIENTED_EDGE('',*,*,#1125,.T.);
#1602=ORIENTED_EDGE('',*,*,#1118,.F.);
#1603=ORIENTED_EDGE('',*,*,#1129,.F.);
#1604=ORIENTED_EDGE('',*,*,#1114,.F.);
#1605=ORIENTED_EDGE('',*,*,#1123,.F.);
#1606=ORIENTED_EDGE('',*,*,#1115,.F.);
#1607=ORIENTED_EDGE('',*,*,#1130,.F.);
#1608=ORIENTED_EDGE('',*,*,#1111,.F.);
#1609=ORIENTED_EDGE('',*,*,#1128,.T.);
#1610=ORIENTED_EDGE('',*,*,#1127,.T.);
#1611=ORIENTED_EDGE('',*,*,#1131,.F.);
#1612=ORIENTED_EDGE('',*,*,#1130,.T.);
#1613=ORIENTED_EDGE('',*,*,#1129,.T.);
#1614=ORIENTED_EDGE('',*,*,#1132,.F.);
#1615=ORIENTED_EDGE('',*,*,#1131,.T.);
#1616=ORIENTED_EDGE('',*,*,#1106,.F.);
#1617=ORIENTED_EDGE('',*,*,#1133,.F.);
#1618=ORIENTED_EDGE('',*,*,#1116,.F.);
#1619=ORIENTED_EDGE('',*,*,#1132,.T.);
#1620=ORIENTED_EDGE('',*,*,#1117,.F.);
#1621=ORIENTED_EDGE('',*,*,#1134,.F.);
#1622=ORIENTED_EDGE('',*,*,#1108,.F.);
#1623=ORIENTED_EDGE('',*,*,#1134,.T.);
#1624=ORIENTED_EDGE('',*,*,#1133,.T.);
#1625=ORIENTED_EDGE('',*,*,#1135,.F.);
#1626=ORIENTED_EDGE('',*,*,#1135,.T.);
#1627=ORIENTED_EDGE('',*,*,#1105,.F.);
#1628=ORIENTED_EDGE('',*,*,#1120,.F.);
#1629=ORIENTED_EDGE('',*,*,#1109,.F.);
#1630=PLANE('',#1976);
#1631=PLANE('',#1977);
#1632=PLANE('',#1978);
#1633=PLANE('',#1979);
#1634=PLANE('',#1980);
#1635=PLANE('',#1981);
#1636=PLANE('',#1982);
#1637=PLANE('',#1983);
#1638=PLANE('',#1984);
#1639=PLANE('',#1985);
#1640=PLANE('',#1986);
#1641=PLANE('',#1987);
#1642=PLANE('',#1988);
#1643=PLANE('',#1989);
#1644=PLANE('',#1990);
#1645=PLANE('',#1991);
#1646=PLANE('',#1992);
#1647=PLANE('',#1993);
#1648=PLANE('',#1994);
#1649=PLANE('',#1995);
#1650=PLANE('',#1996);
#1651=PLANE('',#1997);
#1652=PLANE('',#1998);
#1653=PLANE('',#1999);
#1654=PLANE('',#2000);
#1655=PLANE('',#2001);
#1656=PLANE('',#2002);
#1657=PLANE('',#2003);
#1658=PLANE('',#2004);
#1659=PLANE('',#2005);
#1660=PLANE('',#2006);
#1661=PLANE('',#2007);
#1662=PLANE('',#2008);
#1663=PLANE('',#2009);
#1664=PLANE('',#2010);
#1665=PLANE('',#2011);
#1666=PLANE('',#2012);
#1667=PLANE('',#2013);
#1668=PLANE('',#2014);
#1669=PLANE('',#2015);
#1670=PLANE('',#2016);
#1671=PLANE('',#2017);
#1672=PLANE('',#2018);
#1673=PLANE('',#2019);
#1674=PLANE('',#2020);
#1675=PLANE('',#2021);
#1676=PLANE('',#2022);
#1677=PLANE('',#2023);
#1678=PLANE('',#2024);
#1679=PLANE('',#2025);
#1680=PLANE('',#2026);
#1681=PLANE('',#2027);
#1682=PLANE('',#2028);
#1683=PLANE('',#2029);
#1684=PLANE('',#2030);
#1685=PLANE('',#2031);
#1686=PLANE('',#2032);
#1687=PLANE('',#2033);
#1688=PLANE('',#2034);
#1689=PLANE('',#2035);
#1690=PLANE('',#2036);
#1691=PLANE('',#2037);
#1692=PLANE('',#2038);
#1693=PLANE('',#2039);
#1694=PLANE('',#2040);
#1695=PLANE('',#2041);
#1696=PLANE('',#2042);
#1697=PLANE('',#2043);
#1698=PLANE('',#2044);
#1699=PLANE('',#2045);
#1700=PLANE('',#2046);
#1701=PLANE('',#2047);
#1702=PLANE('',#2048);
#1703=PLANE('',#2049);
#1704=PLANE('',#2050);
#1705=PLANE('',#2051);
#1706=PLANE('',#2052);
#1707=PLANE('',#2053);
#1708=PLANE('',#2054);
#1709=PLANE('',#2055);
#1710=PLANE('',#2056);
#1711=PLANE('',#2057);
#1712=PLANE('',#2058);
#1713=PLANE('',#2059);
#1714=PLANE('',#2067);
#1715=PLANE('',#2068);
#1716=PLANE('',#2069);
#1717=PLANE('',#2070);
#1718=PLANE('',#2071);
#1719=PLANE('',#2072);
#1720=PLANE('',#2073);
#1721=PLANE('',#2074);
#1722=PLANE('',#2075);
#1723=PLANE('',#2076);
#1724=PLANE('',#2077);
#1725=PLANE('',#2078);
#1726=PLANE('',#2079);
#1727=PLANE('',#2080);
#1728=PLANE('',#2081);
#1729=PLANE('',#2082);
#1730=PLANE('',#2083);
#1731=PLANE('',#2084);
#1732=PLANE('',#2085);
#1733=STYLED_ITEM('',(#3086),#1848);
#1734=STYLED_ITEM('',(#3086),#1849);
#1735=STYLED_ITEM('',(#3086),#1850);
#1736=STYLED_ITEM('',(#3086),#1851);
#1737=STYLED_ITEM('',(#3086),#1852);
#1738=STYLED_ITEM('',(#3086),#1853);
#1739=STYLED_ITEM('',(#3086),#1854);
#1740=STYLED_ITEM('',(#3086),#1855);
#1741=STYLED_ITEM('',(#3086),#1856);
#1742=STYLED_ITEM('',(#3086),#1857);
#1743=STYLED_ITEM('',(#3086),#1858);
#1744=STYLED_ITEM('',(#3086),#1859);
#1745=STYLED_ITEM('',(#3086),#1860);
#1746=STYLED_ITEM('',(#3086),#1861);
#1747=STYLED_ITEM('',(#3086),#1862);
#1748=STYLED_ITEM('',(#3086),#1863);
#1749=STYLED_ITEM('',(#3086),#1864);
#1750=STYLED_ITEM('',(#3086),#1865);
#1751=STYLED_ITEM('',(#3086),#1866);
#1752=STYLED_ITEM('',(#3086),#1867);
#1753=STYLED_ITEM('',(#3086),#1868);
#1754=STYLED_ITEM('',(#3086),#1869);
#1755=STYLED_ITEM('',(#3086),#1870);
#1756=STYLED_ITEM('',(#3086),#1871);
#1757=STYLED_ITEM('',(#3086),#1872);
#1758=STYLED_ITEM('',(#3086),#1873);
#1759=STYLED_ITEM('',(#3086),#1874);
#1760=STYLED_ITEM('',(#3086),#1875);
#1761=STYLED_ITEM('',(#3086),#1876);
#1762=STYLED_ITEM('',(#3086),#1877);
#1763=STYLED_ITEM('',(#3085),#21);
#1764=STYLED_ITEM('',(#3086),#1878);
#1765=STYLED_ITEM('',(#3086),#1879);
#1766=STYLED_ITEM('',(#3086),#1880);
#1767=STYLED_ITEM('',(#3086),#1881);
#1768=STYLED_ITEM('',(#3086),#1882);
#1769=STYLED_ITEM('',(#3086),#1883);
#1770=STYLED_ITEM('',(#3086),#1884);
#1771=STYLED_ITEM('',(#3086),#1885);
#1772=STYLED_ITEM('',(#3086),#1886);
#1773=STYLED_ITEM('',(#3086),#1887);
#1774=STYLED_ITEM('',(#3085),#22);
#1775=STYLED_ITEM('',(#3086),#1888);
#1776=STYLED_ITEM('',(#3086),#1889);
#1777=STYLED_ITEM('',(#3086),#1890);
#1778=STYLED_ITEM('',(#3086),#1891);
#1779=STYLED_ITEM('',(#3086),#1892);
#1780=STYLED_ITEM('',(#3086),#1893);
#1781=STYLED_ITEM('',(#3086),#1894);
#1782=STYLED_ITEM('',(#3086),#1895);
#1783=STYLED_ITEM('',(#3086),#1896);
#1784=STYLED_ITEM('',(#3086),#1897);
#1785=STYLED_ITEM('',(#3085),#23);
#1786=STYLED_ITEM('',(#3086),#1898);
#1787=STYLED_ITEM('',(#3086),#1899);
#1788=STYLED_ITEM('',(#3086),#1900);
#1789=STYLED_ITEM('',(#3086),#1901);
#1790=STYLED_ITEM('',(#3086),#1902);
#1791=STYLED_ITEM('',(#3086),#1903);
#1792=STYLED_ITEM('',(#3086),#1904);
#1793=STYLED_ITEM('',(#3086),#1905);
#1794=STYLED_ITEM('',(#3086),#1906);
#1795=STYLED_ITEM('',(#3086),#1907);
#1796=STYLED_ITEM('',(#3085),#24);
#1797=STYLED_ITEM('',(#3086),#1908);
#1798=STYLED_ITEM('',(#3086),#1909);
#1799=STYLED_ITEM('',(#3086),#1910);
#1800=STYLED_ITEM('',(#3086),#1911);
#1801=STYLED_ITEM('',(#3086),#1912);
#1802=STYLED_ITEM('',(#3086),#1913);
#1803=STYLED_ITEM('',(#3085),#25);
#1804=STYLED_ITEM('',(#3086),#1914);
#1805=STYLED_ITEM('',(#3086),#1915);
#1806=STYLED_ITEM('',(#3086),#1916);
#1807=STYLED_ITEM('',(#3086),#1917);
#1808=STYLED_ITEM('',(#3086),#1918);
#1809=STYLED_ITEM('',(#3086),#1919);
#1810=STYLED_ITEM('',(#3085),#26);
#1811=STYLED_ITEM('',(#3086),#1920);
#1812=STYLED_ITEM('',(#3086),#1921);
#1813=STYLED_ITEM('',(#3086),#1922);
#1814=STYLED_ITEM('',(#3086),#1923);
#1815=STYLED_ITEM('',(#3086),#1924);
#1816=STYLED_ITEM('',(#3086),#1925);
#1817=STYLED_ITEM('',(#3085),#27);
#1818=STYLED_ITEM('',(#3086),#1926);
#1819=STYLED_ITEM('',(#3086),#1927);
#1820=STYLED_ITEM('',(#3086),#1928);
#1821=STYLED_ITEM('',(#3086),#1929);
#1822=STYLED_ITEM('',(#3086),#1930);
#1823=STYLED_ITEM('',(#3086),#1931);
#1824=STYLED_ITEM('',(#3085),#28);
#1825=STYLED_ITEM('',(#3087),#1932);
#1826=STYLED_ITEM('',(#3087),#1933);
#1827=STYLED_ITEM('',(#3087),#1934);
#1828=STYLED_ITEM('',(#3088),#1935);
#1829=STYLED_ITEM('',(#3088),#1936);
#1830=STYLED_ITEM('',(#3088),#1937);
#1831=STYLED_ITEM('',(#3088),#1938);
#1832=STYLED_ITEM('',(#3088),#1939);
#1833=STYLED_ITEM('',(#3088),#1940);
#1834=STYLED_ITEM('',(#3087),#1941);
#1835=STYLED_ITEM('',(#3088),#1942);
#1836=STYLED_ITEM('',(#3088),#1943);
#1837=STYLED_ITEM('',(#3088),#1944);
#1838=STYLED_ITEM('',(#3088),#1945);
#1839=STYLED_ITEM('',(#3088),#1946);
#1840=STYLED_ITEM('',(#3088),#1947);
#1841=STYLED_ITEM('',(#3088),#1948);
#1842=STYLED_ITEM('',(#3088),#1949);
#1843=STYLED_ITEM('',(#3088),#1950);
#1844=STYLED_ITEM('',(#3088),#1951);
#1845=STYLED_ITEM('',(#3088),#1952);
#1846=STYLED_ITEM('',(#3088),#1953);
#1847=STYLED_ITEM('',(#3085),#29);
#1848=ADVANCED_FACE('',(#30),#1630,.F.);
#1849=ADVANCED_FACE('',(#31),#1631,.F.);
#1850=ADVANCED_FACE('',(#32),#1632,.F.);
#1851=ADVANCED_FACE('',(#33),#1633,.F.);
#1852=ADVANCED_FACE('',(#34),#1634,.F.);
#1853=ADVANCED_FACE('',(#35),#1635,.F.);
#1854=ADVANCED_FACE('',(#36),#1636,.F.);
#1855=ADVANCED_FACE('',(#37),#1637,.F.);
#1856=ADVANCED_FACE('',(#38),#1638,.F.);
#1857=ADVANCED_FACE('',(#39),#1639,.F.);
#1858=ADVANCED_FACE('',(#40),#1640,.F.);
#1859=ADVANCED_FACE('',(#41),#1641,.F.);
#1860=ADVANCED_FACE('',(#42),#1642,.F.);
#1861=ADVANCED_FACE('',(#43),#1643,.F.);
#1862=ADVANCED_FACE('',(#44),#1644,.F.);
#1863=ADVANCED_FACE('',(#45),#1645,.F.);
#1864=ADVANCED_FACE('',(#46),#1646,.F.);
#1865=ADVANCED_FACE('',(#47),#1647,.F.);
#1866=ADVANCED_FACE('',(#48),#1648,.F.);
#1867=ADVANCED_FACE('',(#49),#1649,.F.);
#1868=ADVANCED_FACE('',(#50),#1650,.F.);
#1869=ADVANCED_FACE('',(#51),#1651,.F.);
#1870=ADVANCED_FACE('',(#52),#1652,.F.);
#1871=ADVANCED_FACE('',(#53),#1653,.F.);
#1872=ADVANCED_FACE('',(#54),#1654,.F.);
#1873=ADVANCED_FACE('',(#55),#1655,.F.);
#1874=ADVANCED_FACE('',(#56),#1656,.T.);
#1875=ADVANCED_FACE('',(#57),#1657,.F.);
#1876=ADVANCED_FACE('',(#58),#1658,.F.);
#1877=ADVANCED_FACE('',(#59),#1659,.F.);
#1878=ADVANCED_FACE('',(#60),#1660,.T.);
#1879=ADVANCED_FACE('',(#61),#1661,.F.);
#1880=ADVANCED_FACE('',(#62),#1662,.F.);
#1881=ADVANCED_FACE('',(#63),#1663,.F.);
#1882=ADVANCED_FACE('',(#64),#1664,.F.);
#1883=ADVANCED_FACE('',(#65),#1665,.T.);
#1884=ADVANCED_FACE('',(#66),#1666,.F.);
#1885=ADVANCED_FACE('',(#67),#1667,.F.);
#1886=ADVANCED_FACE('',(#68),#1668,.F.);
#1887=ADVANCED_FACE('',(#69),#1669,.F.);
#1888=ADVANCED_FACE('',(#70),#1670,.T.);
#1889=ADVANCED_FACE('',(#71),#1671,.F.);
#1890=ADVANCED_FACE('',(#72),#1672,.F.);
#1891=ADVANCED_FACE('',(#73),#1673,.F.);
#1892=ADVANCED_FACE('',(#74),#1674,.F.);
#1893=ADVANCED_FACE('',(#75),#1675,.T.);
#1894=ADVANCED_FACE('',(#76),#1676,.F.);
#1895=ADVANCED_FACE('',(#77),#1677,.F.);
#1896=ADVANCED_FACE('',(#78),#1678,.F.);
#1897=ADVANCED_FACE('',(#79),#1679,.F.);
#1898=ADVANCED_FACE('',(#80),#1680,.T.);
#1899=ADVANCED_FACE('',(#81),#1681,.F.);
#1900=ADVANCED_FACE('',(#82),#1682,.F.);
#1901=ADVANCED_FACE('',(#83),#1683,.F.);
#1902=ADVANCED_FACE('',(#84),#1684,.F.);
#1903=ADVANCED_FACE('',(#85),#1685,.T.);
#1904=ADVANCED_FACE('',(#86),#1686,.F.);
#1905=ADVANCED_FACE('',(#87),#1687,.F.);
#1906=ADVANCED_FACE('',(#88),#1688,.F.);
#1907=ADVANCED_FACE('',(#89),#1689,.F.);
#1908=ADVANCED_FACE('',(#90),#1690,.T.);
#1909=ADVANCED_FACE('',(#91),#1691,.T.);
#1910=ADVANCED_FACE('',(#92),#1692,.T.);
#1911=ADVANCED_FACE('',(#93),#1693,.T.);
#1912=ADVANCED_FACE('',(#94),#1694,.F.);
#1913=ADVANCED_FACE('',(#95),#1695,.T.);
#1914=ADVANCED_FACE('',(#96),#1696,.T.);
#1915=ADVANCED_FACE('',(#97),#1697,.T.);
#1916=ADVANCED_FACE('',(#98),#1698,.T.);
#1917=ADVANCED_FACE('',(#99),#1699,.T.);
#1918=ADVANCED_FACE('',(#100),#1700,.F.);
#1919=ADVANCED_FACE('',(#101),#1701,.T.);
#1920=ADVANCED_FACE('',(#102),#1702,.T.);
#1921=ADVANCED_FACE('',(#103),#1703,.T.);
#1922=ADVANCED_FACE('',(#104),#1704,.T.);
#1923=ADVANCED_FACE('',(#105),#1705,.T.);
#1924=ADVANCED_FACE('',(#106),#1706,.F.);
#1925=ADVANCED_FACE('',(#107),#1707,.T.);
#1926=ADVANCED_FACE('',(#108),#1708,.T.);
#1927=ADVANCED_FACE('',(#109),#1709,.T.);
#1928=ADVANCED_FACE('',(#110),#1710,.T.);
#1929=ADVANCED_FACE('',(#111),#1711,.T.);
#1930=ADVANCED_FACE('',(#112),#1712,.F.);
#1931=ADVANCED_FACE('',(#113),#1713,.T.);
#1932=ADVANCED_FACE('',(#114),#19,.F.);
#1933=ADVANCED_FACE('',(#115),#20,.F.);
#1934=ADVANCED_FACE('',(#116),#14,.F.);
#1935=ADVANCED_FACE('',(#117),#1714,.F.);
#1936=ADVANCED_FACE('',(#118),#1715,.F.);
#1937=ADVANCED_FACE('',(#119),#1716,.F.);
#1938=ADVANCED_FACE('',(#120),#1717,.F.);
#1939=ADVANCED_FACE('',(#121,#13),#1718,.T.);
#1940=ADVANCED_FACE('',(#122),#1719,.F.);
#1941=ADVANCED_FACE('',(#123),#1720,.T.);
#1942=ADVANCED_FACE('',(#124),#1721,.F.);
#1943=ADVANCED_FACE('',(#125),#1722,.T.);
#1944=ADVANCED_FACE('',(#126),#1723,.F.);
#1945=ADVANCED_FACE('',(#127),#1724,.T.);
#1946=ADVANCED_FACE('',(#128),#1725,.T.);
#1947=ADVANCED_FACE('',(#129),#1726,.F.);
#1948=ADVANCED_FACE('',(#130),#1727,.T.);
#1949=ADVANCED_FACE('',(#131),#1728,.T.);
#1950=ADVANCED_FACE('',(#132),#1729,.T.);
#1951=ADVANCED_FACE('',(#133),#1730,.T.);
#1952=ADVANCED_FACE('',(#134),#1731,.T.);
#1953=ADVANCED_FACE('',(#135),#1732,.F.);
#1954=CLOSED_SHELL('',(#1848,#1849,#1850,#1851,#1852,#1853,#1854,#1855,
#1856,#1857,#1858,#1859,#1860,#1861,#1862,#1863,#1864,#1865,#1866,#1867,
#1868,#1869,#1870,#1871,#1872,#1873,#1874,#1875,#1876,#1877));
#1955=CLOSED_SHELL('',(#1878,#1879,#1880,#1881,#1882,#1883,#1884,#1885,
#1886,#1887));
#1956=CLOSED_SHELL('',(#1888,#1889,#1890,#1891,#1892,#1893,#1894,#1895,
#1896,#1897));
#1957=CLOSED_SHELL('',(#1898,#1899,#1900,#1901,#1902,#1903,#1904,#1905,
#1906,#1907));
#1958=CLOSED_SHELL('',(#1908,#1909,#1910,#1911,#1912,#1913));
#1959=CLOSED_SHELL('',(#1914,#1915,#1916,#1917,#1918,#1919));
#1960=CLOSED_SHELL('',(#1920,#1921,#1922,#1923,#1924,#1925));
#1961=CLOSED_SHELL('',(#1926,#1927,#1928,#1929,#1930,#1931));
#1962=CLOSED_SHELL('',(#1932,#1933,#1934,#1935,#1936,#1937,#1938,#1939,
#1940,#1941,#1942,#1943,#1944,#1945,#1946,#1947,#1948,#1949,#1950,#1951,
#1952,#1953));
#1963=DERIVED_UNIT_ELEMENT(#1965,1.);
#1964=DERIVED_UNIT_ELEMENT(#3070,-3.);
#1965=(
MASS_UNIT()
NAMED_UNIT(*)
SI_UNIT(.KILO.,.GRAM.)
);
#1966=DERIVED_UNIT((#1963,#1964));
#1967=MEASURE_REPRESENTATION_ITEM('density measure',
POSITIVE_RATIO_MEASURE(7850.),#1966);
#1968=PROPERTY_DEFINITION_REPRESENTATION(#1973,#1970);
#1969=PROPERTY_DEFINITION_REPRESENTATION(#1974,#1971);
#1970=REPRESENTATION('material name',(#1972),#3067);
#1971=REPRESENTATION('density',(#1967),#3067);
#1972=DESCRIPTIVE_REPRESENTATION_ITEM('Stahl','Stahl');
#1973=PROPERTY_DEFINITION('material property','material name',#3077);
#1974=PROPERTY_DEFINITION('material property','density of part',#3077);
#1975=AXIS2_PLACEMENT_3D('placement',#2551,#2086,#2087);
#1976=AXIS2_PLACEMENT_3D('',#2552,#2088,#2089);
#1977=AXIS2_PLACEMENT_3D('',#2561,#2094,#2095);
#1978=AXIS2_PLACEMENT_3D('',#2578,#2104,#2105);
#1979=AXIS2_PLACEMENT_3D('',#2584,#2109,#2110);
#1980=AXIS2_PLACEMENT_3D('',#2587,#2113,#2114);
#1981=AXIS2_PLACEMENT_3D('',#2589,#2116,#2117);
#1982=AXIS2_PLACEMENT_3D('',#2595,#2121,#2122);
#1983=AXIS2_PLACEMENT_3D('',#2601,#2126,#2127);
#1984=AXIS2_PLACEMENT_3D('',#2615,#2135,#2136);
#1985=AXIS2_PLACEMENT_3D('',#2621,#2140,#2141);
#1986=AXIS2_PLACEMENT_3D('',#2625,#2144,#2145);
#1987=AXIS2_PLACEMENT_3D('',#2629,#2148,#2149);
#1988=AXIS2_PLACEMENT_3D('',#2631,#2151,#2152);
#1989=AXIS2_PLACEMENT_3D('',#2640,#2157,#2158);
#1990=AXIS2_PLACEMENT_3D('',#2654,#2166,#2167);
#1991=AXIS2_PLACEMENT_3D('',#2660,#2171,#2172);
#1992=AXIS2_PLACEMENT_3D('',#2677,#2181,#2182);
#1993=AXIS2_PLACEMENT_3D('',#2680,#2185,#2186);
#1994=AXIS2_PLACEMENT_3D('',#2686,#2190,#2191);
#1995=AXIS2_PLACEMENT_3D('',#2690,#2194,#2195);
#1996=AXIS2_PLACEMENT_3D('',#2694,#2198,#2199);
#1997=AXIS2_PLACEMENT_3D('',#2696,#2201,#2202);
#1998=AXIS2_PLACEMENT_3D('',#2703,#2207,#2208);
#1999=AXIS2_PLACEMENT_3D('',#2706,#2211,#2212);
#2000=AXIS2_PLACEMENT_3D('',#2708,#2214,#2215);
#2001=AXIS2_PLACEMENT_3D('',#2714,#2219,#2220);
#2002=AXIS2_PLACEMENT_3D('',#2716,#2222,#2223);
#2003=AXIS2_PLACEMENT_3D('',#2717,#2224,#2225);
#2004=AXIS2_PLACEMENT_3D('',#2720,#2228,#2229);
#2005=AXIS2_PLACEMENT_3D('',#2721,#2230,#2231);
#2006=AXIS2_PLACEMENT_3D('',#2722,#2232,#2233);
#2007=AXIS2_PLACEMENT_3D('',#2731,#2238,#2239);
#2008=AXIS2_PLACEMENT_3D('',#2737,#2243,#2244);
#2009=AXIS2_PLACEMENT_3D('',#2749,#2251,#2252);
#2010=AXIS2_PLACEMENT_3D('',#2755,#2256,#2257);
#2011=AXIS2_PLACEMENT_3D('',#2764,#2263,#2264);
#2012=AXIS2_PLACEMENT_3D('',#2766,#2266,#2267);
#2013=AXIS2_PLACEMENT_3D('',#2767,#2268,#2269);
#2014=AXIS2_PLACEMENT_3D('',#2770,#2272,#2273);
#2015=AXIS2_PLACEMENT_3D('',#2771,#2274,#2275);
#2016=AXIS2_PLACEMENT_3D('',#2772,#2276,#2277);
#2017=AXIS2_PLACEMENT_3D('',#2781,#2282,#2283);
#2018=AXIS2_PLACEMENT_3D('',#2787,#2287,#2288);
#2019=AXIS2_PLACEMENT_3D('',#2799,#2295,#2296);
#2020=AXIS2_PLACEMENT_3D('',#2805,#2300,#2301);
#2021=AXIS2_PLACEMENT_3D('',#2814,#2307,#2308);
#2022=AXIS2_PLACEMENT_3D('',#2816,#2310,#2311);
#2023=AXIS2_PLACEMENT_3D('',#2817,#2312,#2313);
#2024=AXIS2_PLACEMENT_3D('',#2820,#2316,#2317);
#2025=AXIS2_PLACEMENT_3D('',#2821,#2318,#2319);
#2026=AXIS2_PLACEMENT_3D('',#2822,#2320,#2321);
#2027=AXIS2_PLACEMENT_3D('',#2831,#2326,#2327);
#2028=AXIS2_PLACEMENT_3D('',#2837,#2331,#2332);
#2029=AXIS2_PLACEMENT_3D('',#2849,#2339,#2340);
#2030=AXIS2_PLACEMENT_3D('',#2855,#2344,#2345);
#2031=AXIS2_PLACEMENT_3D('',#2864,#2351,#2352);
#2032=AXIS2_PLACEMENT_3D('',#2866,#2354,#2355);
#2033=AXIS2_PLACEMENT_3D('',#2867,#2356,#2357);
#2034=AXIS2_PLACEMENT_3D('',#2870,#2360,#2361);
#2035=AXIS2_PLACEMENT_3D('',#2871,#2362,#2363);
#2036=AXIS2_PLACEMENT_3D('',#2872,#2364,#2365);
#2037=AXIS2_PLACEMENT_3D('',#2881,#2370,#2371);
#2038=AXIS2_PLACEMENT_3D('',#2887,#2375,#2376);
#2039=AXIS2_PLACEMENT_3D('',#2893,#2380,#2381);
#2040=AXIS2_PLACEMENT_3D('',#2896,#2384,#2385);
#2041=AXIS2_PLACEMENT_3D('',#2897,#2386,#2387);
#2042=AXIS2_PLACEMENT_3D('',#2898,#2388,#2389);
#2043=AXIS2_PLACEMENT_3D('',#2907,#2394,#2395);
#2044=AXIS2_PLACEMENT_3D('',#2913,#2399,#2400);
#2045=AXIS2_PLACEMENT_3D('',#2919,#2404,#2405);
#2046=AXIS2_PLACEMENT_3D('',#2922,#2408,#2409);
#2047=AXIS2_PLACEMENT_3D('',#2923,#2410,#2411);
#2048=AXIS2_PLACEMENT_3D('',#2924,#2412,#2413);
#2049=AXIS2_PLACEMENT_3D('',#2933,#2418,#2419);
#2050=AXIS2_PLACEMENT_3D('',#2939,#2423,#2424);
#2051=AXIS2_PLACEMENT_3D('',#2945,#2428,#2429);
#2052=AXIS2_PLACEMENT_3D('',#2948,#2432,#2433);
#2053=AXIS2_PLACEMENT_3D('',#2949,#2434,#2435);
#2054=AXIS2_PLACEMENT_3D('',#2950,#2436,#2437);
#2055=AXIS2_PLACEMENT_3D('',#2959,#2442,#2443);
#2056=AXIS2_PLACEMENT_3D('',#2965,#2447,#2448);
#2057=AXIS2_PLACEMENT_3D('',#2971,#2452,#2453);
#2058=AXIS2_PLACEMENT_3D('',#2974,#2456,#2457);
#2059=AXIS2_PLACEMENT_3D('',#2975,#2458,#2459);
#2060=AXIS2_PLACEMENT_3D('',#2976,#2460,#2461);
#2061=AXIS2_PLACEMENT_3D('',#2978,#2462,#2463);
#2062=AXIS2_PLACEMENT_3D('',#2981,#2465,#2466);
#2063=AXIS2_PLACEMENT_3D('',#2982,#2467,#2468);
#2064=AXIS2_PLACEMENT_3D('',#2984,#2469,#2470);
#2065=AXIS2_PLACEMENT_3D('',#2987,#2472,#2473);
#2066=AXIS2_PLACEMENT_3D('',#2988,#2474,#2475);
#2067=AXIS2_PLACEMENT_3D('',#2990,#2477,#2478);
#2068=AXIS2_PLACEMENT_3D('',#2999,#2483,#2484);
#2069=AXIS2_PLACEMENT_3D('',#3008,#2489,#2490);
#2070=AXIS2_PLACEMENT_3D('',#3017,#2495,#2496);
#2071=AXIS2_PLACEMENT_3D('',#3026,#2501,#2502);
#2072=AXIS2_PLACEMENT_3D('',#3035,#2507,#2508);
#2073=AXIS2_PLACEMENT_3D('',#3040,#2513,#2514);
#2074=AXIS2_PLACEMENT_3D('',#3041,#2515,#2516);
#2075=AXIS2_PLACEMENT_3D('',#3043,#2518,#2519);
#2076=AXIS2_PLACEMENT_3D('',#3046,#2522,#2523);
#2077=AXIS2_PLACEMENT_3D('',#3048,#2525,#2526);
#2078=AXIS2_PLACEMENT_3D('',#3050,#2528,#2529);
#2079=AXIS2_PLACEMENT_3D('',#3052,#2531,#2532);
#2080=AXIS2_PLACEMENT_3D('',#3054,#2534,#2535);
#2081=AXIS2_PLACEMENT_3D('',#3056,#2537,#2538);
#2082=AXIS2_PLACEMENT_3D('',#3058,#2540,#2541);
#2083=AXIS2_PLACEMENT_3D('',#3060,#2543,#2544);
#2084=AXIS2_PLACEMENT_3D('',#3062,#2546,#2547);
#2085=AXIS2_PLACEMENT_3D('',#3064,#2549,#2550);
#2086=DIRECTION('axis',(0.,0.,1.));
#2087=DIRECTION('refdir',(1.,0.,0.));
#2088=DIRECTION('center_axis',(0.,0.,1.));
#2089=DIRECTION('ref_axis',(1.,0.,0.));
#2090=DIRECTION('',(-1.,0.,1.7260930109222E-15));
#2091=DIRECTION('',(0.,-1.,0.));
#2092=DIRECTION('',(-1.,0.,0.));
#2093=DIRECTION('',(0.,-1.,0.));
#2094=DIRECTION('center_axis',(0.,0.,-1.));
#2095=DIRECTION('ref_axis',(-1.,0.,0.));
#2096=DIRECTION('',(1.,0.,0.));
#2097=DIRECTION('',(0.,1.,0.));
#2098=DIRECTION('',(1.,0.,0.));
#2099=DIRECTION('',(0.,-1.,0.));
#2100=DIRECTION('',(1.,0.,0.));
#2101=DIRECTION('',(0.,-1.,0.));
#2102=DIRECTION('',(1.,0.,0.));
#2103=DIRECTION('',(0.,-1.,0.));
#2104=DIRECTION('center_axis',(-1.,0.,-3.7386281809845E-16));
#2105=DIRECTION('ref_axis',(-3.7386281809845E-16,0.,1.));
#2106=DIRECTION('',(3.7386281809845E-16,0.,-1.));
#2107=DIRECTION('',(0.,-1.,0.));
#2108=DIRECTION('',(3.7386281809845E-16,0.,-1.));
#2109=DIRECTION('center_axis',(0.,-1.,0.));
#2110=DIRECTION('ref_axis',(0.,0.,-1.));
#2111=DIRECTION('',(0.,0.,-1.));
#2112=DIRECTION('',(0.,0.,1.));
#2113=DIRECTION('center_axis',(-1.,0.,0.));
#2114=DIRECTION('ref_axis',(0.,0.,1.));
#2115=DIRECTION('',(0.,0.,1.));
#2116=DIRECTION('center_axis',(-1.7260930109222E-15,0.,-1.));
#2117=DIRECTION('ref_axis',(-1.,0.,1.7260930109222E-15));
#2118=DIRECTION('',(-1.,0.,1.7260930109222E-15));
#2119=DIRECTION('',(0.,1.,0.));
#2120=DIRECTION('',(-1.,0.,1.7260930109222E-15));
#2121=DIRECTION('center_axis',(1.,0.,-9.34657045246125E-17));
#2122=DIRECTION('ref_axis',(-9.34657045246125E-17,0.,-1.));
#2123=DIRECTION('',(9.34657045246125E-17,0.,1.));
#2124=DIRECTION('',(0.,-1.,0.));
#2125=DIRECTION('',(9.34657045246125E-17,0.,1.));
#2126=DIRECTION('center_axis',(0.,0.,-1.));
#2127=DIRECTION('ref_axis',(-1.,0.,0.));
#2128=DIRECTION('',(1.,0.,0.));
#2129=DIRECTION('',(0.,1.,0.));
#2130=DIRECTION('',(1.,0.,0.));
#2131=DIRECTION('',(1.01643953670516E-16,-1.,0.));
#2132=DIRECTION('',(1.,0.,0.));
#2133=DIRECTION('',(1.,0.,0.));
#2134=DIRECTION('',(0.,-1.,0.));
#2135=DIRECTION('center_axis',(0.,-1.,0.));
#2136=DIRECTION('ref_axis',(0.,0.,-1.));
#2137=DIRECTION('',(0.,0.,1.));
#2138=DIRECTION('',(0.,0.,1.));
#2139=DIRECTION('',(1.,0.,-1.7260930109222E-15));
#2140=DIRECTION('center_axis',(1.,0.,0.));
#2141=DIRECTION('ref_axis',(0.,0.,-1.));
#2142=DIRECTION('',(0.,0.,-1.));
#2143=DIRECTION('',(0.,1.,0.));
#2144=DIRECTION('center_axis',(-1.,-1.01643953670516E-16,0.));
#2145=DIRECTION('ref_axis',(1.01643953670516E-16,-1.,0.));
#2146=DIRECTION('',(0.,0.,1.));
#2147=DIRECTION('',(1.01643953670516E-16,-1.,-1.75446918033177E-31));
#2148=DIRECTION('center_axis',(-1.7260930109222E-15,0.,-1.));
#2149=DIRECTION('ref_axis',(-1.,0.,1.7260930109222E-15));
#2150=DIRECTION('',(-1.,0.,1.7260930109222E-15));
#2151=DIRECTION('center_axis',(-1.,0.,-7.477256361969E-16));
#2152=DIRECTION('ref_axis',(-7.477256361969E-16,0.,1.));
#2153=DIRECTION('',(7.477256361969E-16,0.,-1.));
#2154=DIRECTION('',(0.,-1.,0.));
#2155=DIRECTION('',(7.477256361969E-16,0.,-1.));
#2156=DIRECTION('',(0.,1.,0.));
#2157=DIRECTION('center_axis',(0.,0.,1.));
#2158=DIRECTION('ref_axis',(1.,0.,0.));
#2159=DIRECTION('',(1.,0.,0.));
#2160=DIRECTION('',(0.,1.,0.));
#2161=DIRECTION('',(-1.,0.,0.));
#2162=DIRECTION('',(-1.,0.,0.));
#2163=DIRECTION('',(0.,-1.,0.));
#2164=DIRECTION('',(-1.,0.,0.));
#2165=DIRECTION('',(0.,-1.,0.));
#2166=DIRECTION('center_axis',(0.,0.,1.));
#2167=DIRECTION('ref_axis',(1.,0.,0.));
#2168=DIRECTION('',(1.,0.,0.));
#2169=DIRECTION('',(0.,-1.,0.));
#2170=DIRECTION('',(1.,0.,0.));
#2171=DIRECTION('center_axis',(0.,0.,1.));
#2172=DIRECTION('ref_axis',(1.,0.,0.));
#2173=DIRECTION('',(1.,0.,0.));
#2174=DIRECTION('',(0.,1.,0.));
#2175=DIRECTION('',(-1.,0.,0.));
#2176=DIRECTION('',(0.,-1.,0.));
#2177=DIRECTION('',(-1.,0.,0.));
#2178=DIRECTION('',(0.,-1.,0.));
#2179=DIRECTION('',(-1.,0.,0.));
#2180=DIRECTION('',(1.01643953670516E-16,-1.,0.));
#2181=DIRECTION('center_axis',(1.,0.,0.));
#2182=DIRECTION('ref_axis',(0.,0.,-1.));
#2183=DIRECTION('',(0.,0.,1.));
#2184=DIRECTION('',(0.,0.,1.));
#2185=DIRECTION('center_axis',(0.,-1.,0.));
#2186=DIRECTION('ref_axis',(0.,0.,-1.));
#2187=DIRECTION('',(0.,0.,1.));
#2188=DIRECTION('',(0.,0.,1.));
#2189=DIRECTION('',(-1.,0.,0.));
#2190=DIRECTION('center_axis',(1.,0.,0.));
#2191=DIRECTION('ref_axis',(0.,0.,-1.));
#2192=DIRECTION('',(0.,0.,-1.));
#2193=DIRECTION('',(0.,-1.,0.));
#2194=DIRECTION('center_axis',(-1.,-1.01643953670516E-16,0.));
#2195=DIRECTION('ref_axis',(1.01643953670516E-16,-1.,0.));
#2196=DIRECTION('',(0.,0.,1.));
#2197=DIRECTION('',(-1.01643953670516E-16,1.,0.));
#2198=DIRECTION('center_axis',(0.,0.,1.));
#2199=DIRECTION('ref_axis',(1.,0.,0.));
#2200=DIRECTION('',(1.,0.,0.));
#2201=DIRECTION('center_axis',(1.,0.,0.));
#2202=DIRECTION('ref_axis',(0.,0.,-1.));
#2203=DIRECTION('',(0.,0.,-1.));
#2204=DIRECTION('',(0.,1.,0.));
#2205=DIRECTION('',(-7.477256361969E-16,0.,1.));
#2206=DIRECTION('',(-7.477256361969E-16,0.,1.));
#2207=DIRECTION('center_axis',(0.,-1.,0.));
#2208=DIRECTION('ref_axis',(0.,0.,-1.));
#2209=DIRECTION('',(0.,0.,1.));
#2210=DIRECTION('',(0.,0.,-1.));
#2211=DIRECTION('center_axis',(-1.,0.,1.0842021724855E-16));
#2212=DIRECTION('ref_axis',(1.0842021724855E-16,0.,1.));
#2213=DIRECTION('',(-9.34657045246125E-17,0.,-1.));
#2214=DIRECTION('center_axis',(0.707106781186548,0.,-0.707106781186547));
#2215=DIRECTION('ref_axis',(-0.707106781186547,0.,-0.707106781186548));
#2216=DIRECTION('',(-0.707106781186547,0.,-0.707106781186548));
#2217=DIRECTION('',(0.,1.,0.));
#2218=DIRECTION('',(0.707106781186547,0.,0.707106781186548));
#2219=DIRECTION('center_axis',(0.,-1.,0.));
#2220=DIRECTION('ref_axis',(0.,0.,-1.));
#2221=DIRECTION('',(0.,0.,1.));
#2222=DIRECTION('center_axis',(0.,-1.,0.));
#2223=DIRECTION('ref_axis',(0.,0.,-1.));
#2224=DIRECTION('center_axis',(0.,-1.,0.));
#2225=DIRECTION('ref_axis',(0.,0.,-1.));
#2226=DIRECTION('',(0.,0.,1.));
#2227=DIRECTION('',(0.,0.,1.));
#2228=DIRECTION('center_axis',(1.,0.,0.));
#2229=DIRECTION('ref_axis',(0.,0.,-1.));
#2230=DIRECTION('center_axis',(-1.,0.,0.));
#2231=DIRECTION('ref_axis',(0.,0.,1.));
#2232=DIRECTION('center_axis',(0.,1.,0.));
#2233=DIRECTION('ref_axis',(0.,0.,1.));
#2234=DIRECTION('',(0.,0.,-1.));
#2235=DIRECTION('',(1.,0.,0.));
#2236=DIRECTION('',(-1.0842021724855E-16,0.,-1.));
#2237=DIRECTION('',(-1.,0.,0.));
#2238=DIRECTION('center_axis',(-1.,0.,1.0842021724855E-16));
#2239=DIRECTION('ref_axis',(1.0842021724855E-16,0.,1.));
#2240=DIRECTION('',(-1.0842021724855E-16,0.,-1.));
#2241=DIRECTION('',(0.,1.,0.));
#2242=DIRECTION('',(0.,-1.,0.));
#2243=DIRECTION('center_axis',(0.,0.,1.));
#2244=DIRECTION('ref_axis',(1.,0.,0.));
#2245=DIRECTION('',(1.,0.,0.));
#2246=DIRECTION('',(0.,1.,0.));
#2247=DIRECTION('',(-1.,0.,0.));
#2248=DIRECTION('',(0.,-1.,0.));
#2249=DIRECTION('',(-1.,0.,0.));
#2250=DIRECTION('',(0.,-1.,0.));
#2251=DIRECTION('center_axis',(1.,0.,-1.35525271560688E-16));
#2252=DIRECTION('ref_axis',(-1.35525271560688E-16,0.,-1.));
#2253=DIRECTION('',(1.35525271560688E-16,0.,1.));
#2254=DIRECTION('',(0.,1.,0.));
#2255=DIRECTION('',(1.35525271560688E-16,0.,1.));
#2256=DIRECTION('center_axis',(0.,0.,-1.));
#2257=DIRECTION('ref_axis',(-1.,0.,0.));
#2258=DIRECTION('',(0.,-1.,0.));
#2259=DIRECTION('',(-1.,0.,0.));
#2260=DIRECTION('',(0.,1.,0.));
#2261=DIRECTION('',(1.,0.,0.));
#2262=DIRECTION('',(1.,0.,0.));
#2263=DIRECTION('center_axis',(0.,1.,0.));
#2264=DIRECTION('ref_axis',(0.,0.,1.));
#2265=DIRECTION('',(0.,0.,1.));
#2266=DIRECTION('center_axis',(0.,1.,0.));
#2267=DIRECTION('ref_axis',(0.,0.,1.));
#2268=DIRECTION('center_axis',(0.,-1.,0.));
#2269=DIRECTION('ref_axis',(0.,0.,-1.));
#2270=DIRECTION('',(0.,0.,1.));
#2271=DIRECTION('',(0.,0.,1.));
#2272=DIRECTION('center_axis',(1.,0.,0.));
#2273=DIRECTION('ref_axis',(0.,0.,-1.));
#2274=DIRECTION('center_axis',(-1.,0.,0.));
#2275=DIRECTION('ref_axis',(0.,0.,1.));
#2276=DIRECTION('center_axis',(0.,1.,0.));
#2277=DIRECTION('ref_axis',(0.,0.,1.));
#2278=DIRECTION('',(0.,0.,-1.));
#2279=DIRECTION('',(1.,0.,0.));
#2280=DIRECTION('',(7.47725636196899E-16,0.,-1.));
#2281=DIRECTION('',(-1.,0.,0.));
#2282=DIRECTION('center_axis',(-1.,0.,-7.47725636196899E-16));
#2283=DIRECTION('ref_axis',(-7.477256361969E-16,0.,1.));
#2284=DIRECTION('',(7.47725636196899E-16,0.,-1.));
#2285=DIRECTION('',(0.,-1.,0.));
#2286=DIRECTION('',(0.,-1.,0.));
#2287=DIRECTION('center_axis',(0.,0.,1.));
#2288=DIRECTION('ref_axis',(1.,0.,0.));
#2289=DIRECTION('',(1.,0.,0.));
#2290=DIRECTION('',(0.,1.,0.));
#2291=DIRECTION('',(-1.,0.,0.));
#2292=DIRECTION('',(0.,-1.,0.));
#2293=DIRECTION('',(-1.,0.,0.));
#2294=DIRECTION('',(0.,-1.,0.));
#2295=DIRECTION('center_axis',(1.,0.,7.47725636196899E-16));
#2296=DIRECTION('ref_axis',(7.477256361969E-16,0.,-1.));
#2297=DIRECTION('',(-7.47725636196899E-16,0.,1.));
#2298=DIRECTION('',(0.,-1.,0.));
#2299=DIRECTION('',(-7.47725636196899E-16,0.,1.));
#2300=DIRECTION('center_axis',(0.,0.,-1.));
#2301=DIRECTION('ref_axis',(-1.,0.,0.));
#2302=DIRECTION('',(0.,-1.,0.));
#2303=DIRECTION('',(-1.,0.,0.));
#2304=DIRECTION('',(0.,1.,0.));
#2305=DIRECTION('',(1.,0.,0.));
#2306=DIRECTION('',(1.,0.,0.));
#2307=DIRECTION('center_axis',(0.,1.,0.));
#2308=DIRECTION('ref_axis',(0.,0.,1.));
#2309=DIRECTION('',(0.,0.,1.));
#2310=DIRECTION('center_axis',(0.,1.,0.));
#2311=DIRECTION('ref_axis',(0.,0.,1.));
#2312=DIRECTION('center_axis',(0.,-1.,0.));
#2313=DIRECTION('ref_axis',(0.,0.,-1.));
#2314=DIRECTION('',(0.,0.,1.));
#2315=DIRECTION('',(0.,0.,1.));
#2316=DIRECTION('center_axis',(1.,0.,0.));
#2317=DIRECTION('ref_axis',(0.,0.,-1.));
#2318=DIRECTION('center_axis',(-1.,0.,0.));
#2319=DIRECTION('ref_axis',(0.,0.,1.));
#2320=DIRECTION('center_axis',(0.,1.,0.));
#2321=DIRECTION('ref_axis',(0.,0.,1.));
#2322=DIRECTION('',(0.,0.,-1.));
#2323=DIRECTION('',(1.,0.,0.));
#2324=DIRECTION('',(0.,0.,-1.));
#2325=DIRECTION('',(-1.,0.,0.));
#2326=DIRECTION('center_axis',(-1.,0.,0.));
#2327=DIRECTION('ref_axis',(0.,0.,1.));
#2328=DIRECTION('',(0.,0.,-1.));
#2329=DIRECTION('',(0.,-1.,0.));
#2330=DIRECTION('',(0.,-1.,0.));
#2331=DIRECTION('center_axis',(0.,0.,1.));
#2332=DIRECTION('ref_axis',(1.,0.,0.));
#2333=DIRECTION('',(1.,0.,0.));
#2334=DIRECTION('',(0.,1.,0.));
#2335=DIRECTION('',(-1.,0.,0.));
#2336=DIRECTION('',(0.,-1.,0.));
#2337=DIRECTION('',(-1.,0.,0.));
#2338=DIRECTION('',(0.,-1.,0.));
#2339=DIRECTION('center_axis',(1.,0.,0.));
#2340=DIRECTION('ref_axis',(0.,0.,-1.));
#2341=DIRECTION('',(0.,0.,1.));
#2342=DIRECTION('',(0.,-1.,0.));
#2343=DIRECTION('',(0.,0.,1.));
#2344=DIRECTION('center_axis',(0.,0.,-1.));
#2345=DIRECTION('ref_axis',(-1.,0.,0.));
#2346=DIRECTION('',(0.,1.,0.));
#2347=DIRECTION('',(1.,0.,0.));
#2348=DIRECTION('',(0.,-1.,0.));
#2349=DIRECTION('',(1.,0.,0.));
#2350=DIRECTION('',(1.,0.,0.));
#2351=DIRECTION('center_axis',(0.,1.,0.));
#2352=DIRECTION('ref_axis',(0.,0.,1.));
#2353=DIRECTION('',(0.,0.,1.));
#2354=DIRECTION('center_axis',(0.,1.,0.));
#2355=DIRECTION('ref_axis',(0.,0.,1.));
#2356=DIRECTION('center_axis',(0.,-1.,0.));
#2357=DIRECTION('ref_axis',(0.,0.,-1.));
#2358=DIRECTION('',(0.,0.,1.));
#2359=DIRECTION('',(0.,0.,1.));
#2360=DIRECTION('center_axis',(1.,0.,0.));
#2361=DIRECTION('ref_axis',(0.,0.,-1.));
#2362=DIRECTION('center_axis',(-1.,0.,0.));
#2363=DIRECTION('ref_axis',(0.,0.,1.));
#2364=DIRECTION('center_axis',(0.,0.,-1.));
#2365=DIRECTION('ref_axis',(-1.,0.,0.));
#2366=DIRECTION('',(1.,0.,0.));
#2367=DIRECTION('',(0.,1.,0.));
#2368=DIRECTION('',(1.,0.,0.));
#2369=DIRECTION('',(0.,1.,0.));
#2370=DIRECTION('center_axis',(0.,-1.,0.));
#2371=DIRECTION('ref_axis',(0.,0.,-1.));
#2372=DIRECTION('',(0.,0.,-1.));
#2373=DIRECTION('',(1.,0.,0.));
#2374=DIRECTION('',(0.,0.,-1.));
#2375=DIRECTION('center_axis',(0.,0.,1.));
#2376=DIRECTION('ref_axis',(1.,0.,0.));
#2377=DIRECTION('',(0.,-1.,0.));
#2378=DIRECTION('',(1.,0.,0.));
#2379=DIRECTION('',(0.,-1.,0.));
#2380=DIRECTION('center_axis',(0.,1.,-2.46409584655797E-16));
#2381=DIRECTION('ref_axis',(0.,2.46409584655797E-16,1.));
#2382=DIRECTION('',(0.,2.46409584655797E-16,1.));
#2383=DIRECTION('',(0.,2.46409584655797E-16,1.));
#2384=DIRECTION('center_axis',(1.,0.,0.));
#2385=DIRECTION('ref_axis',(0.,0.,-1.));
#2386=DIRECTION('center_axis',(1.,0.,0.));
#2387=DIRECTION('ref_axis',(0.,0.,-1.));
#2388=DIRECTION('center_axis',(0.,9.03501810404587E-16,-1.));
#2389=DIRECTION('ref_axis',(0.,1.,9.03501810404587E-16));
#2390=DIRECTION('',(1.,0.,0.));
#2391=DIRECTION('',(0.,1.,9.03501810404587E-16));
#2392=DIRECTION('',(1.,0.,0.));
#2393=DIRECTION('',(0.,1.,9.03501810404587E-16));
#2394=DIRECTION('center_axis',(0.,-1.,0.));
#2395=DIRECTION('ref_axis',(0.,0.,-1.));
#2396=DIRECTION('',(0.,0.,-1.));
#2397=DIRECTION('',(1.,0.,0.));
#2398=DIRECTION('',(0.,0.,-1.));
#2399=DIRECTION('center_axis',(0.,-9.03501810404587E-16,1.));
#2400=DIRECTION('ref_axis',(0.,-1.,-9.03501810404587E-16));
#2401=DIRECTION('',(0.,-1.,-9.03501810404587E-16));
#2402=DIRECTION('',(1.,0.,0.));
#2403=DIRECTION('',(0.,-1.,-9.03501810404587E-16));
#2404=DIRECTION('center_axis',(0.,1.,0.));
#2405=DIRECTION('ref_axis',(0.,0.,1.));
#2406=DIRECTION('',(0.,0.,1.));
#2407=DIRECTION('',(0.,0.,1.));
#2408=DIRECTION('center_axis',(1.,0.,0.));
#2409=DIRECTION('ref_axis',(0.,0.,-1.));
#2410=DIRECTION('center_axis',(1.,0.,0.));
#2411=DIRECTION('ref_axis',(0.,0.,-1.));
#2412=DIRECTION('center_axis',(0.,0.,-1.));
#2413=DIRECTION('ref_axis',(-1.,0.,0.));
#2414=DIRECTION('',(1.,0.,0.));
#2415=DIRECTION('',(0.,1.,0.));
#2416=DIRECTION('',(1.,0.,0.));
#2417=DIRECTION('',(0.,1.,0.));
#2418=DIRECTION('center_axis',(0.,-1.,0.));
#2419=DIRECTION('ref_axis',(0.,0.,-1.));
#2420=DIRECTION('',(0.,0.,-1.));
#2421=DIRECTION('',(1.,0.,0.));
#2422=DIRECTION('',(0.,0.,-1.));
#2423=DIRECTION('center_axis',(0.,0.,1.));
#2424=DIRECTION('ref_axis',(1.,0.,0.));
#2425=DIRECTION('',(0.,-1.,0.));
#2426=DIRECTION('',(1.,0.,0.));
#2427=DIRECTION('',(0.,-1.,0.));
#2428=DIRECTION('center_axis',(0.,1.,2.46409584655796E-16));
#2429=DIRECTION('ref_axis',(0.,-2.46409584655796E-16,1.));
#2430=DIRECTION('',(0.,-2.46409584655796E-16,1.));
#2431=DIRECTION('',(0.,-2.46409584655796E-16,1.));
#2432=DIRECTION('center_axis',(1.,0.,0.));
#2433=DIRECTION('ref_axis',(0.,0.,-1.));
#2434=DIRECTION('center_axis',(1.,0.,0.));
#2435=DIRECTION('ref_axis',(0.,0.,-1.));
#2436=DIRECTION('center_axis',(0.,1.80700362080917E-15,-1.));
#2437=DIRECTION('ref_axis',(0.,1.,1.80700362080917E-15));
#2438=DIRECTION('',(1.,0.,0.));
#2439=DIRECTION('',(0.,1.,1.80700362080917E-15));
#2440=DIRECTION('',(1.,0.,0.));
#2441=DIRECTION('',(0.,1.,1.80700362080917E-15));
#2442=DIRECTION('center_axis',(0.,-1.,0.));
#2443=DIRECTION('ref_axis',(0.,0.,-1.));
#2444=DIRECTION('',(0.,0.,-1.));
#2445=DIRECTION('',(1.,0.,0.));
#2446=DIRECTION('',(0.,0.,-1.));
#2447=DIRECTION('center_axis',(0.,0.,1.));
#2448=DIRECTION('ref_axis',(1.,0.,0.));
#2449=DIRECTION('',(0.,-1.,0.));
#2450=DIRECTION('',(1.,0.,0.));
#2451=DIRECTION('',(0.,-1.,0.));
#2452=DIRECTION('center_axis',(0.,1.,0.));
#2453=DIRECTION('ref_axis',(0.,0.,1.));
#2454=DIRECTION('',(0.,0.,1.));
#2455=DIRECTION('',(0.,0.,1.));
#2456=DIRECTION('center_axis',(1.,0.,0.));
#2457=DIRECTION('ref_axis',(0.,0.,-1.));
#2458=DIRECTION('center_axis',(1.,0.,0.));
#2459=DIRECTION('ref_axis',(0.,0.,-1.));
#2460=DIRECTION('center_axis',(0.,1.,0.));
#2461=DIRECTION('ref_axis',(0.,0.,1.));
#2462=DIRECTION('center_axis',(0.,1.,0.));
#2463=DIRECTION('ref_axis',(0.,0.,1.));
#2464=DIRECTION('',(-8.65956056235501E-17,0.707106781186542,-0.707106781186554));
#2465=DIRECTION('center_axis',(0.,-1.,0.));
#2466=DIRECTION('ref_axis',(0.,0.,1.));
#2467=DIRECTION('center_axis',(0.,1.,0.));
#2468=DIRECTION('ref_axis',(0.,0.,1.));
#2469=DIRECTION('center_axis',(0.,1.,0.));
#2470=DIRECTION('ref_axis',(0.,0.,1.));
#2471=DIRECTION('',(-8.65956056235492E-17,0.707106781186549,-0.707106781186546));
#2472=DIRECTION('center_axis',(0.,-1.,0.));
#2473=DIRECTION('ref_axis',(0.,0.,1.));
#2474=DIRECTION('center_axis',(0.,1.,0.));
#2475=DIRECTION('ref_axis',(0.,0.,1.));
#2476=DIRECTION('',(0.,1.,0.));
#2477=DIRECTION('center_axis',(-1.,0.,0.));
#2478=DIRECTION('ref_axis',(0.,0.,1.));
#2479=DIRECTION('',(0.,0.,-1.));
#2480=DIRECTION('',(0.,1.,0.));
#2481=DIRECTION('',(0.,0.,1.));
#2482=DIRECTION('',(0.,-1.,0.));
#2483=DIRECTION('center_axis',(0.,0.,1.));
#2484=DIRECTION('ref_axis',(1.,0.,0.));
#2485=DIRECTION('',(-1.,0.,0.));
#2486=DIRECTION('',(0.,1.,0.));
#2487=DIRECTION('',(1.,0.,0.));
#2488=DIRECTION('',(0.,-1.,0.));
#2489=DIRECTION('center_axis',(1.,0.,-1.0842021724855E-16));
#2490=DIRECTION('ref_axis',(-1.0842021724855E-16,0.,-1.));
#2491=DIRECTION('',(-1.0842021724855E-16,0.,-1.));
#2492=DIRECTION('',(0.,-1.,0.));
#2493=DIRECTION('',(1.0842021724855E-16,0.,1.));
#2494=DIRECTION('',(0.,1.,0.));
#2495=DIRECTION('center_axis',(0.,0.,-1.));
#2496=DIRECTION('ref_axis',(-1.,0.,0.));
#2497=DIRECTION('',(1.,0.,0.));
#2498=DIRECTION('',(0.,1.,0.));
#2499=DIRECTION('',(-1.,0.,0.));
#2500=DIRECTION('',(0.,-1.,0.));
#2501=DIRECTION('center_axis',(0.,1.,0.));
#2502=DIRECTION('ref_axis',(0.,0.,1.));
#2503=DIRECTION('',(-1.,0.,0.));
#2504=DIRECTION('',(1.0842021724855E-16,0.,1.));
#2505=DIRECTION('',(1.,0.,0.));
#2506=DIRECTION('',(0.,0.,-1.));
#2507=DIRECTION('center_axis',(0.,1.,0.));
#2508=DIRECTION('ref_axis',(0.,0.,1.));
#2509=DIRECTION('',(0.70710678118654,0.,-0.707106781186555));
#2510=DIRECTION('',(0.70710678118654,0.,0.707106781186555));
#2511=DIRECTION('',(-0.707106781186544,0.,0.707106781186551));
#2512=DIRECTION('',(-0.707106781186555,0.,-0.70710678118654));
#2513=DIRECTION('center_axis',(0.,1.,0.));
#2514=DIRECTION('ref_axis',(0.,0.,1.));
#2515=DIRECTION('center_axis',(-0.707106781186551,0.,-0.707106781186544));
#2516=DIRECTION('ref_axis',(0.,-1.,0.));
#2517=DIRECTION('',(0.707106781186544,-1.23903709934805E-16,-0.707106781186551));
#2518=DIRECTION('center_axis',(0.577350269189624,0.577350269189636,0.577350269189617));
#2519=DIRECTION('ref_axis',(-0.707106781186555,0.70710678118654,2.77555756156289E-17));
#2520=DIRECTION('',(-7.65121376244636E-15,0.70710678118654,-0.707106781186555));
#2521=DIRECTION('',(0.707106781186555,-0.70710678118654,-1.19609907444045E-16));
#2522=DIRECTION('center_axis',(-0.707106781186555,0.,0.70710678118654));
#2523=DIRECTION('ref_axis',(0.,-1.,0.));
#2524=DIRECTION('',(-0.70710678118654,6.83925587035472E-17,-0.707106781186555));
#2525=DIRECTION('center_axis',(0.70710678118654,0.707106781186555,0.));
#2526=DIRECTION('ref_axis',(0.,0.,1.));
#2527=DIRECTION('',(0.707106781186555,-0.70710678118654,9.18543318284172E-17));
#2528=DIRECTION('center_axis',(0.,0.707106781186555,0.70710678118654));
#2529=DIRECTION('ref_axis',(-1.,0.,0.));
#2530=DIRECTION('',(0.,0.70710678118654,-0.707106781186555));
#2531=DIRECTION('center_axis',(0.70710678118654,0.,-0.707106781186555));
#2532=DIRECTION('ref_axis',(0.,-1.,0.));
#2533=DIRECTION('',(0.707106781186555,-2.77555756156289E-17,0.70710678118654));
#2534=DIRECTION('center_axis',(0.577350269189626,0.577350269189638,-0.577350269189613));
#2535=DIRECTION('ref_axis',(-0.707106781186555,0.70710678118654,2.77555756156289E-17));
#2536=DIRECTION('',(1.52875533567493E-14,-0.70710678118654,-0.707106781186555));
#2537=DIRECTION('center_axis',(-0.577350269189613,0.577350269189638,0.577350269189626));
#2538=DIRECTION('ref_axis',(0.,-0.70710678118654,0.707106781186555));
#2539=DIRECTION('',(0.707106781186557,0.707106781186538,-1.15135325755095E-14));
#2540=DIRECTION('center_axis',(0.,0.707106781186555,-0.70710678118654));
#2541=DIRECTION('ref_axis',(1.,0.,0.));
#2542=DIRECTION('',(-1.52875533567493E-14,-0.70710678118654,-0.707106781186555));
#2543=DIRECTION('center_axis',(-0.707106781186538,0.707106781186557,7.66646708341677E-17));
#2544=DIRECTION('ref_axis',(-1.0842021724855E-16,-6.16297582203915E-33,
-1.));
#2545=DIRECTION('',(0.707106781186557,0.707106781186538,-4.02441539048729E-15));
#2546=DIRECTION('center_axis',(-0.577350269189626,0.577350269189638,-0.577350269189613));
#2547=DIRECTION('ref_axis',(-0.707106781186555,-0.70710678118654,-2.77555756156289E-17));
#2548=DIRECTION('',(0.70710678118654,6.83925587035472E-17,-0.707106781186555));
#2549=DIRECTION('center_axis',(0.707106781186555,0.,0.70710678118654));
#2550=DIRECTION('ref_axis',(0.,-1.,0.));
#2551=CARTESIAN_POINT('',(0.,0.,0.));
#2552=CARTESIAN_POINT('Origin',(-0.5,0.2,0.75));
#2553=CARTESIAN_POINT('',(-0.725,0.133333333333333,0.75));
#2554=CARTESIAN_POINT('',(-0.8,0.133333333333333,0.750000000000001));
#2555=CARTESIAN_POINT('',(-0.439999999999998,0.133333333333333,0.75));
#2556=CARTESIAN_POINT('',(-0.8,0.2,0.75));
#2557=CARTESIAN_POINT('',(-0.8,0.2,0.75));
#2558=CARTESIAN_POINT('',(-0.725,0.2,0.75));
#2559=CARTESIAN_POINT('',(-0.5,0.2,0.75));
#2560=CARTESIAN_POINT('',(-0.725,0.2,0.75));
#2561=CARTESIAN_POINT('Origin',(-0.5,0.2,1.04));
#2562=CARTESIAN_POINT('',(-0.575,0.2,1.04));
#2563=CARTESIAN_POINT('',(-0.5,0.2,1.04));
#2564=CARTESIAN_POINT('',(-0.5,0.2,1.04));
#2565=CARTESIAN_POINT('',(-0.575,0.133333333333333,1.04));
#2566=CARTESIAN_POINT('',(-0.575,0.266666666666667,1.04));
#2567=CARTESIAN_POINT('',(-0.725,0.133333333333333,1.04));
#2568=CARTESIAN_POINT('',(-0.725,0.133333333333333,1.04));
#2569=CARTESIAN_POINT('',(-0.725,0.2,1.04));
#2570=CARTESIAN_POINT('',(-0.725,0.266666666666667,1.04));
#2571=CARTESIAN_POINT('',(-0.8,0.2,1.04));
#2572=CARTESIAN_POINT('',(-0.5,0.2,1.04));
#2573=CARTESIAN_POINT('',(-0.8,0.,1.04));
#2574=CARTESIAN_POINT('',(-0.8,0.2,1.04));
#2575=CARTESIAN_POINT('',(-0.5,0.,1.04));
#2576=CARTESIAN_POINT('',(-0.5,0.,1.04));
#2577=CARTESIAN_POINT('',(-0.5,0.2,1.04));
#2578=CARTESIAN_POINT('Origin',(-0.5,0.2,0.75));
#2579=CARTESIAN_POINT('',(-0.5,0.,0.75));
#2580=CARTESIAN_POINT('',(-0.5,0.,0.75));
#2581=CARTESIAN_POINT('',(-0.5,0.2,0.75));
#2582=CARTESIAN_POINT('',(-0.5,0.2,0.75));
#2583=CARTESIAN_POINT('',(-0.5,0.2,0.75));
#2584=CARTESIAN_POINT('Origin',(0.,0.2,0.));
#2585=CARTESIAN_POINT('',(-0.725,0.2,0.));
#2586=CARTESIAN_POINT('',(-0.8,0.2,0.75));
#2587=CARTESIAN_POINT('Origin',(-0.725,0.266666666666667,-1.04));
#2588=CARTESIAN_POINT('',(-0.725,0.133333333333333,-1.04));
#2589=CARTESIAN_POINT('Origin',(-0.154999999999999,0.2,0.75));
#2590=CARTESIAN_POINT('',(-0.15,0.,0.75));
#2591=CARTESIAN_POINT('',(-0.0774999999999991,0.,0.75));
#2592=CARTESIAN_POINT('',(-0.15,0.2,0.75));
#2593=CARTESIAN_POINT('',(-0.15,0.2,0.75));
#2594=CARTESIAN_POINT('',(-0.0774999999999991,0.2,0.75));
#2595=CARTESIAN_POINT('Origin',(-0.15,0.2,0.75));
#2596=CARTESIAN_POINT('',(-0.15,0.,1.04));
#2597=CARTESIAN_POINT('',(-0.15,0.,0.75));
#2598=CARTESIAN_POINT('',(-0.15,0.2,1.04));
#2599=CARTESIAN_POINT('',(-0.15,0.2,1.04));
#2600=CARTESIAN_POINT('',(-0.15,0.2,0.75));
#2601=CARTESIAN_POINT('Origin',(-0.15,0.2,1.04));
#2602=CARTESIAN_POINT('',(0.075,0.2,1.04));
#2603=CARTESIAN_POINT('',(0.15,0.2,1.04));
#2604=CARTESIAN_POINT('',(-0.15,0.2,1.04));
#2605=CARTESIAN_POINT('',(0.075,0.133333333333333,1.04));
#2606=CARTESIAN_POINT('',(0.075,0.266666666666667,1.04));
#2607=CARTESIAN_POINT('',(-0.075,0.133333333333333,1.04));
#2608=CARTESIAN_POINT('',(-0.075,0.133333333333333,1.04));
#2609=CARTESIAN_POINT('',(-0.075,0.2,1.04));
#2610=CARTESIAN_POINT('',(-0.075,0.266666666666667,1.04));
#2611=CARTESIAN_POINT('',(-0.15,0.2,1.04));
#2612=CARTESIAN_POINT('',(0.15,0.,1.04));
#2613=CARTESIAN_POINT('',(-0.15,0.,1.04));
#2614=CARTESIAN_POINT('',(0.15,0.2,1.04));
#2615=CARTESIAN_POINT('Origin',(-0.075,0.133333333333333,-1.04));
#2616=CARTESIAN_POINT('',(-0.075,0.133333333333333,0.75));
#2617=CARTESIAN_POINT('',(-0.075,0.133333333333333,-1.04));
#2618=CARTESIAN_POINT('',(0.075,0.133333333333333,0.75));
#2619=CARTESIAN_POINT('',(0.075,0.133333333333333,-1.04));
#2620=CARTESIAN_POINT('',(-0.114999999999998,0.133333333333333,0.75));
#2621=CARTESIAN_POINT('Origin',(0.075,0.266666666666667,-1.04));
#2622=CARTESIAN_POINT('',(0.075,0.2,0.75));
#2623=CARTESIAN_POINT('',(0.075,0.2,0.));
#2624=CARTESIAN_POINT('',(0.075,0.233333333333333,0.749999999999999));
#2625=CARTESIAN_POINT('Origin',(-0.075,0.266666666666667,-1.04));
#2626=CARTESIAN_POINT('',(-0.075,0.2,0.75));
#2627=CARTESIAN_POINT('',(-0.075,0.2,0.));
#2628=CARTESIAN_POINT('',(-0.075,0.233333333333333,0.75));
#2629=CARTESIAN_POINT('Origin',(-0.154999999999999,0.2,0.75));
#2630=CARTESIAN_POINT('',(-0.0774999999999991,0.2,0.75));
#2631=CARTESIAN_POINT('Origin',(-0.5,0.2,-1.04));
#2632=CARTESIAN_POINT('',(-0.5,0.,-0.75));
#2633=CARTESIAN_POINT('',(-0.5,0.,-1.04));
#2634=CARTESIAN_POINT('',(-0.5,0.,-1.04));
#2635=CARTESIAN_POINT('',(-0.5,0.2,-1.04));
#2636=CARTESIAN_POINT('',(-0.5,0.2,-1.04));
#2637=CARTESIAN_POINT('',(-0.5,0.2,-0.75));
#2638=CARTESIAN_POINT('',(-0.5,0.2,-1.04));
#2639=CARTESIAN_POINT('',(-0.5,0.2,-0.75));
#2640=CARTESIAN_POINT('Origin',(-0.8,0.2,-1.04));
#2641=CARTESIAN_POINT('',(-0.725,0.133333333333333,-1.04));
#2642=CARTESIAN_POINT('',(-0.575,0.133333333333333,-1.04));
#2643=CARTESIAN_POINT('',(-0.725,0.133333333333333,-1.04));
#2644=CARTESIAN_POINT('',(-0.575,0.2,-1.04));
#2645=CARTESIAN_POINT('',(-0.575,0.266666666666667,-1.04));
#2646=CARTESIAN_POINT('',(-0.8,0.2,-1.04));
#2647=CARTESIAN_POINT('',(-0.8,0.,-1.04));
#2648=CARTESIAN_POINT('',(-0.8,0.,-1.04));
#2649=CARTESIAN_POINT('',(-0.8,0.2,-1.04));
#2650=CARTESIAN_POINT('',(-0.8,0.2,-1.04));
#2651=CARTESIAN_POINT('',(-0.725,0.2,-1.04));
#2652=CARTESIAN_POINT('',(-0.8,0.2,-1.04));
#2653=CARTESIAN_POINT('',(-0.725,0.266666666666667,-1.04));
#2654=CARTESIAN_POINT('Origin',(-0.825,0.2,-0.75));
#2655=CARTESIAN_POINT('',(-0.15,0.2,-0.75));
#2656=CARTESIAN_POINT('',(-0.4125,0.2,-0.75));
#2657=CARTESIAN_POINT('',(-0.15,0.,-0.75));
#2658=CARTESIAN_POINT('',(-0.15,0.2,-0.75));
#2659=CARTESIAN_POINT('',(-0.4125,0.,-0.75));
#2660=CARTESIAN_POINT('Origin',(-0.15,0.2,-1.04));
#2661=CARTESIAN_POINT('',(-0.075,0.133333333333333,-1.04));
#2662=CARTESIAN_POINT('',(0.075,0.133333333333333,-1.04));
#2663=CARTESIAN_POINT('',(-0.075,0.133333333333333,-1.04));
#2664=CARTESIAN_POINT('',(0.075,0.2,-1.04));
#2665=CARTESIAN_POINT('',(0.075,0.266666666666667,-1.04));
#2666=CARTESIAN_POINT('',(0.15,0.2,-1.04));
#2667=CARTESIAN_POINT('',(-0.15,0.2,-1.04));
#2668=CARTESIAN_POINT('',(0.15,0.,-1.04));
#2669=CARTESIAN_POINT('',(0.15,0.2,-1.04));
#2670=CARTESIAN_POINT('',(-0.15,0.,-1.04));
#2671=CARTESIAN_POINT('',(-0.15,0.,-1.04));
#2672=CARTESIAN_POINT('',(-0.15,0.2,-1.04));
#2673=CARTESIAN_POINT('',(-0.15,0.2,-1.04));
#2674=CARTESIAN_POINT('',(-0.075,0.2,-1.04));
#2675=CARTESIAN_POINT('',(-0.15,0.2,-1.04));
#2676=CARTESIAN_POINT('',(-0.075,0.266666666666667,-1.04));
#2677=CARTESIAN_POINT('Origin',(-0.15,0.2,-1.04));
#2678=CARTESIAN_POINT('',(-0.15,0.,-1.04));
#2679=CARTESIAN_POINT('',(-0.15,0.2,-1.04));
#2680=CARTESIAN_POINT('Origin',(-0.075,0.133333333333333,-1.04));
#2681=CARTESIAN_POINT('',(0.075,0.133333333333333,-0.75));
#2682=CARTESIAN_POINT('',(0.075,0.133333333333333,-1.04));
#2683=CARTESIAN_POINT('',(-0.075,0.133333333333333,-0.75));
#2684=CARTESIAN_POINT('',(-0.075,0.133333333333333,-1.04));
#2685=CARTESIAN_POINT('',(-0.45,0.133333333333333,-0.75));
#2686=CARTESIAN_POINT('Origin',(0.075,0.266666666666667,-1.04));
#2687=CARTESIAN_POINT('',(0.075,0.2,-0.75));
#2688=CARTESIAN_POINT('',(0.075,0.2,0.));
#2689=CARTESIAN_POINT('',(0.0749999999999999,0.233333333333333,-0.75));
#2690=CARTESIAN_POINT('Origin',(-0.075,0.266666666666667,-1.04));
#2691=CARTESIAN_POINT('',(-0.075,0.2,-0.75));
#2692=CARTESIAN_POINT('',(-0.075,0.2,0.));
#2693=CARTESIAN_POINT('',(-0.0749999999999999,0.233333333333333,-0.75));
#2694=CARTESIAN_POINT('Origin',(-0.825,0.2,-0.75));
#2695=CARTESIAN_POINT('',(-0.4125,0.2,-0.75));
#2696=CARTESIAN_POINT('Origin',(-0.8,0.2,0.332500000000001));
#2697=CARTESIAN_POINT('',(-0.8,0.133333333333333,0.357500000000001));
#2698=CARTESIAN_POINT('',(-0.8,0.133333333333333,-0.35375));
#2699=CARTESIAN_POINT('',(-0.8,0.2,0.357500000000001));
#2700=CARTESIAN_POINT('',(-0.8,0.2,0.357500000000001));
#2701=CARTESIAN_POINT('',(-0.8,0.2,-1.04));
#2702=CARTESIAN_POINT('',(-0.8,0.,-1.04));
#2703=CARTESIAN_POINT('Origin',(0.,0.2,0.));
#2704=CARTESIAN_POINT('',(-0.575,0.2,0.));
#2705=CARTESIAN_POINT('',(0.15,0.2,-1.04));
#2706=CARTESIAN_POINT('Origin',(0.15,0.2,-0.5));
#2707=CARTESIAN_POINT('',(0.15,0.,0.75));
#2708=CARTESIAN_POINT('Origin',(-0.6575,0.2,0.500000000000001));
#2709=CARTESIAN_POINT('',(-0.725,0.133333333333333,0.432500000000001));
#2710=CARTESIAN_POINT('',(-0.6575,0.133333333333333,0.500000000000001));
#2711=CARTESIAN_POINT('',(-0.725,0.2,0.432500000000001));
#2712=CARTESIAN_POINT('',(-0.725,0.2,0.432500000000001));
#2713=CARTESIAN_POINT('',(-0.6575,0.2,0.500000000000001));
#2714=CARTESIAN_POINT('Origin',(0.,0.2,0.));
#2715=CARTESIAN_POINT('',(-0.725,0.2,0.));
#2716=CARTESIAN_POINT('Origin',(0.,0.,0.));
#2717=CARTESIAN_POINT('Origin',(-0.725,0.133333333333333,-1.04));
#2718=CARTESIAN_POINT('',(-0.725,0.133333333333333,-1.04));
#2719=CARTESIAN_POINT('',(-0.575,0.133333333333333,-1.04));
#2720=CARTESIAN_POINT('Origin',(-0.575,0.266666666666667,-1.04));
#2721=CARTESIAN_POINT('Origin',(-0.725,0.266666666666667,-1.04));
#2722=CARTESIAN_POINT('Origin',(0.,0.2,0.));
#2723=CARTESIAN_POINT('',(0.725,0.2,0.5));
#2724=CARTESIAN_POINT('',(0.725,0.2,-0.5));
#2725=CARTESIAN_POINT('',(0.725,0.2,0.));
#2726=CARTESIAN_POINT('',(0.795,0.2,0.5));
#2727=CARTESIAN_POINT('',(0.155,0.2,0.5));
#2728=CARTESIAN_POINT('',(0.795,0.2,-0.5));
#2729=CARTESIAN_POINT('',(0.795,0.2,-0.25));
#2730=CARTESIAN_POINT('',(0.155,0.2,-0.5));
#2731=CARTESIAN_POINT('Origin',(0.795,0.2,-0.5));
#2732=CARTESIAN_POINT('',(0.795,0.,0.5));
#2733=CARTESIAN_POINT('',(0.795,0.,-0.5));
#2734=CARTESIAN_POINT('',(0.795,0.,-0.25));
#2735=CARTESIAN_POINT('',(0.795,0.2,-0.5));
#2736=CARTESIAN_POINT('',(0.795,0.2,0.5));
#2737=CARTESIAN_POINT('Origin',(0.155,0.2,-0.5));
#2738=CARTESIAN_POINT('',(0.575,0.133333333333333,-0.5));
#2739=CARTESIAN_POINT('',(0.725,0.133333333333333,-0.5));
#2740=CARTESIAN_POINT('',(0.155,0.133333333333333,-0.5));
#2741=CARTESIAN_POINT('',(0.725,0.2,-0.5));
#2742=CARTESIAN_POINT('',(0.5025,0.,-0.5));
#2743=CARTESIAN_POINT('',(0.155,0.,-0.5));
#2744=CARTESIAN_POINT('',(0.5025,0.2,-0.5));
#2745=CARTESIAN_POINT('',(0.5025,0.2,-0.5));
#2746=CARTESIAN_POINT('',(0.575,0.2,-0.5));
#2747=CARTESIAN_POINT('',(0.155,0.2,-0.5));
#2748=CARTESIAN_POINT('',(0.575,0.2,-0.5));
#2749=CARTESIAN_POINT('Origin',(0.5025,0.2,-0.5));
#2750=CARTESIAN_POINT('',(0.5025,0.,0.5));
#2751=CARTESIAN_POINT('',(0.5025,0.,-0.25));
#2752=CARTESIAN_POINT('',(0.5025,0.2,0.5));
#2753=CARTESIAN_POINT('',(0.5025,0.2,0.5));
#2754=CARTESIAN_POINT('',(0.5025,0.2,-0.25));
#2755=CARTESIAN_POINT('Origin',(0.155,0.2,0.5));
#2756=CARTESIAN_POINT('',(0.725,0.133333333333333,0.5));
#2757=CARTESIAN_POINT('',(0.725,0.2,0.5));
#2758=CARTESIAN_POINT('',(0.575,0.133333333333333,0.5));
#2759=CARTESIAN_POINT('',(0.155,0.133333333333333,0.5));
#2760=CARTESIAN_POINT('',(0.575,0.2,0.5));
#2761=CARTESIAN_POINT('',(0.575,0.2,0.5));
#2762=CARTESIAN_POINT('',(0.155,0.2,0.5));
#2763=CARTESIAN_POINT('',(0.155,0.,0.5));
#2764=CARTESIAN_POINT('Origin',(0.,0.2,0.));
#2765=CARTESIAN_POINT('',(0.575,0.2,0.));
#2766=CARTESIAN_POINT('Origin',(0.,0.,0.));
#2767=CARTESIAN_POINT('Origin',(0.575,0.133333333333333,-1.04));
#2768=CARTESIAN_POINT('',(0.575,0.133333333333333,-1.04));
#2769=CARTESIAN_POINT('',(0.725,0.133333333333333,-1.04));
#2770=CARTESIAN_POINT('Origin',(0.725,0.266666666666667,-1.04));
#2771=CARTESIAN_POINT('Origin',(0.575,0.266666666666667,-1.04));
#2772=CARTESIAN_POINT('Origin',(0.,0.2,0.));
#2773=CARTESIAN_POINT('',(0.725,0.2,-0.75));
#2774=CARTESIAN_POINT('',(0.725,0.2,-1.04));
#2775=CARTESIAN_POINT('',(0.725,0.2,0.));
#2776=CARTESIAN_POINT('',(0.8,0.2,-0.75));
#2777=CARTESIAN_POINT('',(0.5,0.2,-0.75));
#2778=CARTESIAN_POINT('',(0.8,0.2,-1.04));
#2779=CARTESIAN_POINT('',(0.8,0.2,-1.04));
#2780=CARTESIAN_POINT('',(0.5,0.2,-1.04));
#2781=CARTESIAN_POINT('Origin',(0.8,0.2,-1.04));
#2782=CARTESIAN_POINT('',(0.8,0.,-0.75));
#2783=CARTESIAN_POINT('',(0.8,0.,-1.04));
#2784=CARTESIAN_POINT('',(0.8,0.,-1.04));
#2785=CARTESIAN_POINT('',(0.8,0.2,-1.04));
#2786=CARTESIAN_POINT('',(0.8,0.2,-0.75));
#2787=CARTESIAN_POINT('Origin',(0.5,0.2,-1.04));
#2788=CARTESIAN_POINT('',(0.575,0.133333333333333,-1.04));
#2789=CARTESIAN_POINT('',(0.725,0.133333333333333,-1.04));
#2790=CARTESIAN_POINT('',(0.575,0.133333333333333,-1.04));
#2791=CARTESIAN_POINT('',(0.725,0.266666666666667,-1.04));
#2792=CARTESIAN_POINT('',(0.5,0.,-1.04));
#2793=CARTESIAN_POINT('',(0.5,0.,-1.04));
#2794=CARTESIAN_POINT('',(0.5,0.2,-1.04));
#2795=CARTESIAN_POINT('',(0.5,0.2,-1.04));
#2796=CARTESIAN_POINT('',(0.575,0.2,-1.04));
#2797=CARTESIAN_POINT('',(0.5,0.2,-1.04));
#2798=CARTESIAN_POINT('',(0.575,0.266666666666667,-1.04));
#2799=CARTESIAN_POINT('Origin',(0.5,0.2,-1.04));
#2800=CARTESIAN_POINT('',(0.5,0.,-0.75));
#2801=CARTESIAN_POINT('',(0.5,0.,-1.04));
#2802=CARTESIAN_POINT('',(0.5,0.2,-0.75));
#2803=CARTESIAN_POINT('',(0.5,0.2,-0.75));
#2804=CARTESIAN_POINT('',(0.5,0.2,-1.04));
#2805=CARTESIAN_POINT('Origin',(0.5,0.2,-0.75));
#2806=CARTESIAN_POINT('',(0.725,0.133333333333333,-0.75));
#2807=CARTESIAN_POINT('',(0.725,0.2,-0.75));
#2808=CARTESIAN_POINT('',(0.575,0.133333333333333,-0.75));
#2809=CARTESIAN_POINT('',(0.5,0.133333333333333,-0.75));
#2810=CARTESIAN_POINT('',(0.575,0.2,-0.75));
#2811=CARTESIAN_POINT('',(0.575,0.2,-0.75));
#2812=CARTESIAN_POINT('',(0.5,0.2,-0.75));
#2813=CARTESIAN_POINT('',(0.5,0.,-0.75));
#2814=CARTESIAN_POINT('Origin',(0.,0.2,0.));
#2815=CARTESIAN_POINT('',(0.575,0.2,0.));
#2816=CARTESIAN_POINT('Origin',(0.,0.,0.));
#2817=CARTESIAN_POINT('Origin',(0.575,0.133333333333333,-1.04));
#2818=CARTESIAN_POINT('',(0.725,0.133333333333333,-1.04));
#2819=CARTESIAN_POINT('',(0.575,0.133333333333333,-1.04));
#2820=CARTESIAN_POINT('Origin',(0.725,0.266666666666667,-1.04));
#2821=CARTESIAN_POINT('Origin',(0.575,0.266666666666667,-1.04));
#2822=CARTESIAN_POINT('Origin',(0.,0.2,0.));
#2823=CARTESIAN_POINT('',(0.725,0.2,1.04));
#2824=CARTESIAN_POINT('',(0.725,0.2,0.75));
#2825=CARTESIAN_POINT('',(0.725,0.2,0.));
#2826=CARTESIAN_POINT('',(0.8,0.2,1.04));
#2827=CARTESIAN_POINT('',(0.5,0.2,1.04));
#2828=CARTESIAN_POINT('',(0.8,0.2,0.75));
#2829=CARTESIAN_POINT('',(0.8,0.2,0.75));
#2830=CARTESIAN_POINT('',(0.5,0.2,0.75));
#2831=CARTESIAN_POINT('Origin',(0.8,0.2,0.75));
#2832=CARTESIAN_POINT('',(0.8,0.,1.04));
#2833=CARTESIAN_POINT('',(0.8,0.,0.75));
#2834=CARTESIAN_POINT('',(0.8,0.,0.75));
#2835=CARTESIAN_POINT('',(0.8,0.2,0.75));
#2836=CARTESIAN_POINT('',(0.8,0.2,1.04));
#2837=CARTESIAN_POINT('Origin',(0.5,0.2,0.75));
#2838=CARTESIAN_POINT('',(0.575,0.133333333333333,0.75));
#2839=CARTESIAN_POINT('',(0.725,0.133333333333333,0.75));
#2840=CARTESIAN_POINT('',(0.5,0.133333333333333,0.75));
#2841=CARTESIAN_POINT('',(0.725,0.2,0.75));
#2842=CARTESIAN_POINT('',(0.5,0.,0.75));
#2843=CARTESIAN_POINT('',(0.5,0.,0.75));
#2844=CARTESIAN_POINT('',(0.5,0.2,0.75));
#2845=CARTESIAN_POINT('',(0.5,0.2,0.75));
#2846=CARTESIAN_POINT('',(0.575,0.2,0.75));
#2847=CARTESIAN_POINT('',(0.5,0.2,0.75));
#2848=CARTESIAN_POINT('',(0.575,0.2,0.75));
#2849=CARTESIAN_POINT('Origin',(0.5,0.2,0.75));
#2850=CARTESIAN_POINT('',(0.5,0.,1.04));
#2851=CARTESIAN_POINT('',(0.5,0.,0.75));
#2852=CARTESIAN_POINT('',(0.5,0.2,1.04));
#2853=CARTESIAN_POINT('',(0.5,0.2,1.04));
#2854=CARTESIAN_POINT('',(0.5,0.2,0.75));
#2855=CARTESIAN_POINT('Origin',(0.5,0.2,1.04));
#2856=CARTESIAN_POINT('',(0.725,0.133333333333333,1.04));
#2857=CARTESIAN_POINT('',(0.725,0.266666666666667,1.04));
#2858=CARTESIAN_POINT('',(0.575,0.133333333333333,1.04));
#2859=CARTESIAN_POINT('',(0.575,0.133333333333333,1.04));
#2860=CARTESIAN_POINT('',(0.575,0.2,1.04));
#2861=CARTESIAN_POINT('',(0.575,0.266666666666667,1.04));
#2862=CARTESIAN_POINT('',(0.5,0.2,1.04));
#2863=CARTESIAN_POINT('',(0.5,0.,1.04));
#2864=CARTESIAN_POINT('Origin',(0.,0.2,0.));
#2865=CARTESIAN_POINT('',(0.575,0.2,0.));
#2866=CARTESIAN_POINT('Origin',(0.,0.,0.));
#2867=CARTESIAN_POINT('Origin',(0.575,0.133333333333333,-1.04));
#2868=CARTESIAN_POINT('',(0.575,0.133333333333333,-1.04));
#2869=CARTESIAN_POINT('',(0.725,0.133333333333333,-1.04));
#2870=CARTESIAN_POINT('Origin',(0.725,0.266666666666667,-1.04));
#2871=CARTESIAN_POINT('Origin',(0.575,0.266666666666667,-1.04));
#2872=CARTESIAN_POINT('Origin',(-1.004,0.14,0.71));
#2873=CARTESIAN_POINT('',(-1.004,0.14,0.71));
#2874=CARTESIAN_POINT('',(1.004,0.14,0.71));
#2875=CARTESIAN_POINT('',(-1.004,0.14,0.71));
#2876=CARTESIAN_POINT('',(1.004,0.0799999999999999,0.71));
#2877=CARTESIAN_POINT('',(1.004,0.14,0.71));
#2878=CARTESIAN_POINT('',(-1.004,0.0799999999999999,0.71));
#2879=CARTESIAN_POINT('',(-1.004,0.0799999999999999,0.71));
#2880=CARTESIAN_POINT('',(-1.004,0.14,0.71));
#2881=CARTESIAN_POINT('Origin',(-1.004,0.0799999999999999,0.82));
#2882=CARTESIAN_POINT('',(1.004,0.0799999999999999,0.82));
#2883=CARTESIAN_POINT('',(1.004,0.0799999999999999,0.82));
#2884=CARTESIAN_POINT('',(-1.004,0.0799999999999999,0.82));
#2885=CARTESIAN_POINT('',(-1.004,0.0799999999999999,0.82));
#2886=CARTESIAN_POINT('',(-1.004,0.0799999999999999,0.82));
#2887=CARTESIAN_POINT('Origin',(-1.004,0.14,0.82));
#2888=CARTESIAN_POINT('',(1.004,0.14,0.82));
#2889=CARTESIAN_POINT('',(1.004,0.14,0.82));
#2890=CARTESIAN_POINT('',(-1.004,0.14,0.82));
#2891=CARTESIAN_POINT('',(-1.004,0.14,0.82));
#2892=CARTESIAN_POINT('',(-1.004,0.14,0.82));
#2893=CARTESIAN_POINT('Origin',(-1.004,0.14,0.82));
#2894=CARTESIAN_POINT('',(1.004,0.14,0.82));
#2895=CARTESIAN_POINT('',(-1.004,0.14,0.82));
#2896=CARTESIAN_POINT('Origin',(-1.004,0.,0.));
#2897=CARTESIAN_POINT('Origin',(1.004,0.,0.));
#2898=CARTESIAN_POINT('Origin',(-1.004,0.14,0.33));
#2899=CARTESIAN_POINT('',(-1.004,0.14,0.33));
#2900=CARTESIAN_POINT('',(1.004,0.14,0.33));
#2901=CARTESIAN_POINT('',(-1.004,0.14,0.33));
#2902=CARTESIAN_POINT('',(1.004,0.08,0.33));
#2903=CARTESIAN_POINT('',(1.004,0.14,0.33));
#2904=CARTESIAN_POINT('',(-1.004,0.08,0.33));
#2905=CARTESIAN_POINT('',(-1.004,0.08,0.33));
#2906=CARTESIAN_POINT('',(-1.004,0.14,0.33));
#2907=CARTESIAN_POINT('Origin',(-1.004,0.08,0.44));
#2908=CARTESIAN_POINT('',(1.004,0.08,0.44));
#2909=CARTESIAN_POINT('',(1.004,0.08,0.44));
#2910=CARTESIAN_POINT('',(-1.004,0.08,0.44));
#2911=CARTESIAN_POINT('',(-1.004,0.08,0.44));
#2912=CARTESIAN_POINT('',(-1.004,0.08,0.44));
#2913=CARTESIAN_POINT('Origin',(-1.004,0.14,0.44));
#2914=CARTESIAN_POINT('',(1.004,0.14,0.44));
#2915=CARTESIAN_POINT('',(1.004,0.14,0.44));
#2916=CARTESIAN_POINT('',(-1.004,0.14,0.44));
#2917=CARTESIAN_POINT('',(-1.004,0.14,0.44));
#2918=CARTESIAN_POINT('',(-1.004,0.14,0.44));
#2919=CARTESIAN_POINT('Origin',(-1.004,0.14,0.44));
#2920=CARTESIAN_POINT('',(1.004,0.14,0.44));
#2921=CARTESIAN_POINT('',(-1.004,0.14,0.44));
#2922=CARTESIAN_POINT('Origin',(-1.004,0.,0.));
#2923=CARTESIAN_POINT('Origin',(1.004,0.,0.));
#2924=CARTESIAN_POINT('Origin',(-1.004,0.14,-0.44));
#2925=CARTESIAN_POINT('',(-1.004,0.14,-0.44));
#2926=CARTESIAN_POINT('',(1.004,0.14,-0.44));
#2927=CARTESIAN_POINT('',(-1.004,0.14,-0.44));
#2928=CARTESIAN_POINT('',(1.004,0.08,-0.44));
#2929=CARTESIAN_POINT('',(1.004,0.14,-0.44));
#2930=CARTESIAN_POINT('',(-1.004,0.08,-0.44));
#2931=CARTESIAN_POINT('',(-1.004,0.08,-0.44));
#2932=CARTESIAN_POINT('',(-1.004,0.14,-0.44));
#2933=CARTESIAN_POINT('Origin',(-1.004,0.08,-0.33));
#2934=CARTESIAN_POINT('',(1.004,0.08,-0.33));
#2935=CARTESIAN_POINT('',(1.004,0.08,-0.33));
#2936=CARTESIAN_POINT('',(-1.004,0.08,-0.33));
#2937=CARTESIAN_POINT('',(-1.004,0.08,-0.33));
#2938=CARTESIAN_POINT('',(-1.004,0.08,-0.33));
#2939=CARTESIAN_POINT('Origin',(-1.004,0.14,-0.33));
#2940=CARTESIAN_POINT('',(1.004,0.14,-0.33));
#2941=CARTESIAN_POINT('',(1.004,0.14,-0.33));
#2942=CARTESIAN_POINT('',(-1.004,0.14,-0.33));
#2943=CARTESIAN_POINT('',(-1.004,0.14,-0.33));
#2944=CARTESIAN_POINT('',(-1.004,0.14,-0.33));
#2945=CARTESIAN_POINT('Origin',(-1.004,0.14,-0.33));
#2946=CARTESIAN_POINT('',(1.004,0.14,-0.33));
#2947=CARTESIAN_POINT('',(-1.004,0.14,-0.33));
#2948=CARTESIAN_POINT('Origin',(-1.004,0.,0.));
#2949=CARTESIAN_POINT('Origin',(1.004,0.,0.));
#2950=CARTESIAN_POINT('Origin',(-1.004,0.14,-0.82));
#2951=CARTESIAN_POINT('',(-1.004,0.14,-0.82));
#2952=CARTESIAN_POINT('',(1.004,0.14,-0.82));
#2953=CARTESIAN_POINT('',(-1.004,0.14,-0.82));
#2954=CARTESIAN_POINT('',(1.004,0.08,-0.82));
#2955=CARTESIAN_POINT('',(1.004,0.14,-0.82));
#2956=CARTESIAN_POINT('',(-1.004,0.08,-0.82));
#2957=CARTESIAN_POINT('',(-1.004,0.08,-0.82));
#2958=CARTESIAN_POINT('',(-1.004,0.14,-0.82));
#2959=CARTESIAN_POINT('Origin',(-1.004,0.08,-0.71));
#2960=CARTESIAN_POINT('',(1.004,0.08,-0.71));
#2961=CARTESIAN_POINT('',(1.004,0.08,-0.71));
#2962=CARTESIAN_POINT('',(-1.004,0.08,-0.71));
#2963=CARTESIAN_POINT('',(-1.004,0.08,-0.71));
#2964=CARTESIAN_POINT('',(-1.004,0.08,-0.71));
#2965=CARTESIAN_POINT('Origin',(-1.004,0.14,-0.71));
#2966=CARTESIAN_POINT('',(1.004,0.14,-0.71));
#2967=CARTESIAN_POINT('',(1.004,0.14,-0.71));
#2968=CARTESIAN_POINT('',(-1.004,0.14,-0.71));
#2969=CARTESIAN_POINT('',(-1.004,0.14,-0.71));
#2970=CARTESIAN_POINT('',(-1.004,0.14,-0.71));
#2971=CARTESIAN_POINT('Origin',(-1.004,0.14,-0.71));
#2972=CARTESIAN_POINT('',(1.004,0.14,-0.71));
#2973=CARTESIAN_POINT('',(-1.004,0.14,-0.71));
#2974=CARTESIAN_POINT('Origin',(-1.004,0.,0.));
#2975=CARTESIAN_POINT('Origin',(1.004,0.,0.));
#2976=CARTESIAN_POINT('Origin',(-0.75,0.585,0.75));
#2977=CARTESIAN_POINT('',(-0.75,0.585,0.666666666666666));
#2978=CARTESIAN_POINT('Origin',(-0.75,0.585,0.75));
#2979=CARTESIAN_POINT('',(-0.75,0.601666666666666,0.65));
#2980=CARTESIAN_POINT('',(-0.75,0.585,0.666666666666666));
#2981=CARTESIAN_POINT('Origin',(-0.75,0.601666666666666,0.75));
#2982=CARTESIAN_POINT('Origin',(-0.75,0.633333333333333,0.75));
#2983=CARTESIAN_POINT('',(-0.75,0.633333333333333,0.65));
#2984=CARTESIAN_POINT('Origin',(-0.75,0.633333333333333,0.75));
#2985=CARTESIAN_POINT('',(-0.75,0.65,0.633333333333333));
#2986=CARTESIAN_POINT('',(-0.75,0.633333333333333,0.65));
#2987=CARTESIAN_POINT('Origin',(-0.75,0.65,0.75));
#2988=CARTESIAN_POINT('Origin',(-0.75,0.585,0.75));
#2989=CARTESIAN_POINT('',(-0.75,0.585,0.65));
#2990=CARTESIAN_POINT('Origin',(1.,0.65,-1.));
#2991=CARTESIAN_POINT('',(1.,0.04,0.98));
#2992=CARTESIAN_POINT('',(1.,0.04,-0.98));
#2993=CARTESIAN_POINT('',(1.,0.04,-1.));
#2994=CARTESIAN_POINT('',(1.,0.63,-0.98));
#2995=CARTESIAN_POINT('',(1.,0.65,-0.98));
#2996=CARTESIAN_POINT('',(1.,0.63,0.98));
#2997=CARTESIAN_POINT('',(1.,0.63,1.));
#2998=CARTESIAN_POINT('',(1.,0.65,0.98));
#2999=CARTESIAN_POINT('Origin',(-1.,0.65,-1.));
#3000=CARTESIAN_POINT('',(0.98,0.04,-1.));
#3001=CARTESIAN_POINT('',(-0.98,0.04,-1.));
#3002=CARTESIAN_POINT('',(-1.,0.04,-1.));
#3003=CARTESIAN_POINT('',(-0.98,0.63,-1.));
#3004=CARTESIAN_POINT('',(-0.98,0.65,-1.));
#3005=CARTESIAN_POINT('',(0.98,0.63,-1.));
#3006=CARTESIAN_POINT('',(1.,0.63,-1.));
#3007=CARTESIAN_POINT('',(0.98,0.65,-1.));
#3008=CARTESIAN_POINT('Origin',(-1.,0.65,-1.));
#3009=CARTESIAN_POINT('',(-1.,0.63,0.98));
#3010=CARTESIAN_POINT('',(-1.,0.63,-0.98));
#3011=CARTESIAN_POINT('',(-1.,0.63,-1.));
#3012=CARTESIAN_POINT('',(-1.,0.04,-0.98));
#3013=CARTESIAN_POINT('',(-1.,0.65,-0.98));
#3014=CARTESIAN_POINT('',(-1.,0.04,0.98));
#3015=CARTESIAN_POINT('',(-1.,0.04,-1.));
#3016=CARTESIAN_POINT('',(-1.,0.65,0.98));
#3017=CARTESIAN_POINT('Origin',(-1.,0.65,1.));
#3018=CARTESIAN_POINT('',(-0.98,0.04,1.));
#3019=CARTESIAN_POINT('',(0.98,0.04,1.));
#3020=CARTESIAN_POINT('',(-1.,0.04,1.));
#3021=CARTESIAN_POINT('',(0.98,0.63,1.));
#3022=CARTESIAN_POINT('',(0.98,0.65,1.));
#3023=CARTESIAN_POINT('',(-0.98,0.63,1.));
#3024=CARTESIAN_POINT('',(-1.,0.63,1.));
#3025=CARTESIAN_POINT('',(-0.98,0.65,1.));
#3026=CARTESIAN_POINT('Origin',(0.,0.65,0.));
#3027=CARTESIAN_POINT('',(0.98,0.65,-0.98));
#3028=CARTESIAN_POINT('',(-0.98,0.65,-0.98));
#3029=CARTESIAN_POINT('',(-1.,0.65,-0.98));
#3030=CARTESIAN_POINT('',(-0.98,0.65,0.98));
#3031=CARTESIAN_POINT('',(-0.98,0.65,1.));
#3032=CARTESIAN_POINT('',(0.98,0.65,0.98));
#3033=CARTESIAN_POINT('',(1.,0.65,0.98));
#3034=CARTESIAN_POINT('',(0.98,0.65,-1.));
#3035=CARTESIAN_POINT('Origin',(0.,0.04,0.));
#3036=CARTESIAN_POINT('',(-1.,0.04,-0.98));
#3037=CARTESIAN_POINT('',(0.98,0.04,-1.));
#3038=CARTESIAN_POINT('',(1.,0.04,0.98));
#3039=CARTESIAN_POINT('',(-0.98,0.04,1.));
#3040=CARTESIAN_POINT('Origin',(-0.75,0.585,0.75));
#3041=CARTESIAN_POINT('Origin',(1.,0.65,0.98));
#3042=CARTESIAN_POINT('',(0.98,0.63,1.));
#3043=CARTESIAN_POINT('Origin',(0.98,0.63,1.));
#3044=CARTESIAN_POINT('',(0.98,0.63,1.));
#3045=CARTESIAN_POINT('',(0.99,0.64,0.98));
#3046=CARTESIAN_POINT('Origin',(0.98,0.65,-1.));
#3047=CARTESIAN_POINT('',(1.,0.63,-0.98));
#3048=CARTESIAN_POINT('Origin',(0.98,0.65,0.));
#3049=CARTESIAN_POINT('',(1.,0.63,-0.98));
#3050=CARTESIAN_POINT('Origin',(0.,0.65,0.98));
#3051=CARTESIAN_POINT('',(-0.98,0.64,0.99));
#3052=CARTESIAN_POINT('Origin',(-0.98,0.65,1.));
#3053=CARTESIAN_POINT('',(-1.,0.63,0.98));
#3054=CARTESIAN_POINT('Origin',(1.,0.63,-0.98));
#3055=CARTESIAN_POINT('',(0.98,0.64,-0.99));
#3056=CARTESIAN_POINT('Origin',(-1.,0.63,0.98));
#3057=CARTESIAN_POINT('',(-1.,0.63,0.98));
#3058=CARTESIAN_POINT('Origin',(0.,0.65,-0.98));
#3059=CARTESIAN_POINT('',(-0.98,0.63,-1.));
#3060=CARTESIAN_POINT('Origin',(-0.98,0.65,1.06251812903579E-16));
#3061=CARTESIAN_POINT('',(-0.99,0.64,-0.98));
#3062=CARTESIAN_POINT('Origin',(-0.98,0.63,-1.));
#3063=CARTESIAN_POINT('',(-0.98,0.63,-1.));
#3064=CARTESIAN_POINT('Origin',(-1.,0.65,-0.98));
#3065=UNCERTAINTY_MEASURE_WITH_UNIT(LENGTH_MEASURE(0.01),#3069,
'DISTANCE_ACCURACY_VALUE',
'Maximum model space distance between geometric entities at asserted c
onnectivities');
#3066=UNCERTAINTY_MEASURE_WITH_UNIT(LENGTH_MEASURE(0.01),#3069,
'DISTANCE_ACCURACY_VALUE',
'Maximum model space distance between geometric entities at asserted c
onnectivities');
#3067=(
GEOMETRIC_REPRESENTATION_CONTEXT(3)
GLOBAL_UNCERTAINTY_ASSIGNED_CONTEXT((#3065))
GLOBAL_UNIT_ASSIGNED_CONTEXT((#3069,#3071,#3072))
REPRESENTATION_CONTEXT('','3D')
);
#3068=(
GEOMETRIC_REPRESENTATION_CONTEXT(3)
GLOBAL_UNCERTAINTY_ASSIGNED_CONTEXT((#3066))
GLOBAL_UNIT_ASSIGNED_CONTEXT((#3069,#3071,#3072))
REPRESENTATION_CONTEXT('','3D')
);
#3069=(
LENGTH_UNIT()
NAMED_UNIT(*)
SI_UNIT(.MILLI.,.METRE.)
);
#3070=(
LENGTH_UNIT()
NAMED_UNIT(*)
SI_UNIT($,.METRE.)
);
#3071=(
NAMED_UNIT(*)
PLANE_ANGLE_UNIT()
SI_UNIT($,.RADIAN.)
);
#3072=(
NAMED_UNIT(*)
SI_UNIT($,.STERADIAN.)
SOLID_ANGLE_UNIT()
);
#3073=SHAPE_DEFINITION_REPRESENTATION(#3074,#3075);
#3074=PRODUCT_DEFINITION_SHAPE('',$,#3077);
#3075=SHAPE_REPRESENTATION('',(#1975),#3067);
#3076=PRODUCT_DEFINITION_CONTEXT('part definition',#3081,'design');
#3077=PRODUCT_DEFINITION('UDFN2020-6','UDFN2020-6 v0',#3078,#3076);
#3078=PRODUCT_DEFINITION_FORMATION('',$,#3083);
#3079=PRODUCT_RELATED_PRODUCT_CATEGORY('UDFN2020-6 v0','UDFN2020-6 v0',
(#3083));
#3080=APPLICATION_PROTOCOL_DEFINITION('international standard',
'automotive_design',2009,#3081);
#3081=APPLICATION_CONTEXT(
'Core Data for Automotive Mechanical Design Process');
#3082=PRODUCT_CONTEXT('part definition',#3081,'mechanical');
#3083=PRODUCT('UDFN2020-6','UDFN2020-6 v0',$,(#3082));
#3084=PRESENTATION_STYLE_ASSIGNMENT((#3089));
#3085=PRESENTATION_STYLE_ASSIGNMENT((#3090));
#3086=PRESENTATION_STYLE_ASSIGNMENT((#3091));
#3087=PRESENTATION_STYLE_ASSIGNMENT((#3092));
#3088=PRESENTATION_STYLE_ASSIGNMENT((#3093));
#3089=SURFACE_STYLE_USAGE(.BOTH.,#3094);
#3090=SURFACE_STYLE_USAGE(.BOTH.,#3095);
#3091=SURFACE_STYLE_USAGE(.BOTH.,#3096);
#3092=SURFACE_STYLE_USAGE(.BOTH.,#3097);
#3093=SURFACE_STYLE_USAGE(.BOTH.,#3098);
#3094=SURFACE_SIDE_STYLE('',(#3099));
#3095=SURFACE_SIDE_STYLE('',(#3100));
#3096=SURFACE_SIDE_STYLE('',(#3101));
#3097=SURFACE_SIDE_STYLE('',(#3102));
#3098=SURFACE_SIDE_STYLE('',(#3103));
#3099=SURFACE_STYLE_FILL_AREA(#3104);
#3100=SURFACE_STYLE_FILL_AREA(#3105);
#3101=SURFACE_STYLE_FILL_AREA(#3106);
#3102=SURFACE_STYLE_FILL_AREA(#3107);
#3103=SURFACE_STYLE_FILL_AREA(#3108);
#3104=FILL_AREA_STYLE('Stahl - satiniert',(#3109));
#3105=FILL_AREA_STYLE('Opaque(202,209,238)',(#3110));
#3106=FILL_AREA_STYLE('Opaque(110,115,110)',(#3111));
#3107=FILL_AREA_STYLE('Opaque(192,192,192)',(#3112));
#3108=FILL_AREA_STYLE('Opaque(28,28,28)',(#3113));
#3109=FILL_AREA_STYLE_COLOUR('Stahl - satiniert',#3114);
#3110=FILL_AREA_STYLE_COLOUR('Opaque(202,209,238)',#3115);
#3111=FILL_AREA_STYLE_COLOUR('Opaque(110,115,110)',#3116);
#3112=FILL_AREA_STYLE_COLOUR('Opaque(192,192,192)',#3117);
#3113=FILL_AREA_STYLE_COLOUR('Opaque(28,28,28)',#3118);
#3114=COLOUR_RGB('Stahl - satiniert',0.627450980392157,0.627450980392157,
0.627450980392157);
#3115=COLOUR_RGB('Opaque(202,209,238)',0.792156862745098,0.819607843137255,
0.933333333333333);
#3116=COLOUR_RGB('Opaque(110,115,110)',0.431372549019608,0.450980392156863,
0.431372549019608);
#3117=COLOUR_RGB('Opaque(192,192,192)',0.752941176470588,0.752941176470588,
0.752941176470588);
#3118=COLOUR_RGB('Opaque(28,28,28)',0.109803921568627,0.109803921568627,
0.109803921568627);
ENDSEC;
END-ISO-10303-21;
